generation_seed,test_index,action,context_support_distance,action_support_distance,action_support_minus_context,predicted_action_loss,predicted_relative_loss,realized_action_regret,unsafe_action
44001,0,1,2.142597154660354,2.635005348733327,0.492408194072973,0.21613339052800162,0.0,0.0,0
44001,0,2,2.142597154660354,2.751831979750141,0.609234825089787,0.2933771350185733,0.0772437444905717,0.008218137399032877,1
44001,0,3,2.142597154660354,2.9404054510273334,0.7978082963669793,0.30508117399984924,0.08894778347184762,0.008218137399032877,1
44001,1,1,1.3127864665843472,2.11904877188447,0.8062623053001228,0.16651911603334027,0.0,0.02014754911509309,1
44001,1,2,1.3127864665843472,2.3682754175401994,1.0554889509558523,0.2152944796957062,0.04877536366236593,0.0,0
44001,1,3,1.3127864665843472,2.545787849219516,1.2330013826351687,0.21964562227065268,0.05312650623731241,0.0,0
44001,2,1,1.1765800822921535,2.1679424657122515,0.991362383420098,0.16766988628252094,0.0,0.020147549115093033,1
44001,2,2,1.1765800822921535,2.149078786528869,0.9724987042367155,0.17150902395339085,0.0038391376708699076,0.0,0
44001,2,3,1.1765800822921535,1.8731106480293853,0.6965305657372318,0.17351725239133597,0.005847366108815033,0.0,0
44001,3,1,4.940757856387821,5.106994058338711,0.16623620195089028,0.06882285360059012,0.0,0.020147549115093047,1
44001,3,2,4.940757856387821,5.131132681162565,0.19037482477474388,0.07644408532067055,0.007621231720080432,0.0,0
44001,3,3,4.940757856387821,5.150127722942187,0.20936986655436662,0.0807113071367389,0.011888453536148771,0.0,0
44001,4,1,1.476299229452511,1.7793487004538762,0.30304947100136514,0.1739986708749369,0.0,0.0,0
44001,4,2,1.476299229452511,1.8854829448670425,0.40918371541453147,0.20604237866298558,0.032043707788048686,0.0,0
44001,4,3,1.476299229452511,1.8874374408339256,0.4111382113814146,0.20368661298021798,0.029687942105281084,0.0,0
44001,5,1,2.291995983345481,3.1668128581296857,0.8748168747842047,0.20493666453495968,0.008765697828074986,0.0,0
44001,5,2,2.291995983345481,2.648470947693815,0.35647496434833403,0.1961709667068847,0.0,0.0,0
44001,5,3,2.291995983345481,2.8658292723367698,0.5738332889912887,0.21118311387502778,0.015012147168143086,0.0,0
44001,6,1,1.3967438020477922,1.5209376806358923,0.12419387858810005,0.15797548796005947,0.014940356461718762,0.0,0
44001,6,2,1.3967438020477922,1.4654880642702706,0.06874426222247831,0.1430351314983407,0.0,0.0,0
44001,6,3,1.3967438020477922,1.5262118086057197,0.12946800655792745,0.1486684262010768,0.005633294702736075,0.0,0
44001,7,1,1.690417473010854,2.1065303042295254,0.41611283121867126,0.07117191557077047,0.0013272655280062162,0.0,0
44001,7,2,1.690417473010854,2.4362144771446124,0.7457970041337583,0.07093254793395691,0.0010878978911926518,0.0,0
44001,7,3,1.690417473010854,2.023997996259173,0.3335805232483189,0.06984465004276426,0.0,0.0,0
44001,8,1,1.5342773663010192,1.908907262068294,0.3746298957672749,0.19229501252696526,0.0,0.0,0
44001,8,2,1.5342773663010192,2.114206589304462,0.5799292230034427,0.20759868525464273,0.015303672727677464,0.0,0
44001,8,3,1.5342773663010192,2.1921663279572603,0.6578889616562411,0.2047506298922677,0.01245561736530243,0.0,0
44001,9,1,0.9279836270480246,1.6638316937307622,0.7358480666827376,0.16717879052566167,0.0,0.0,0
44001,9,2,0.9279836270480246,1.7030373181550496,0.7750536911070249,0.17740516657914507,0.010226376053483394,0.0,0
44001,9,3,0.9279836270480246,1.4703588855864531,0.5423752585384285,0.17292072592469704,0.005741935399035364,0.0,0
44001,10,1,1.1979781659939257,1.5389488815497516,0.3409707155558259,0.16820288472799647,0.01700785767449528,0.0,0
44001,10,2,1.1979781659939257,1.2733854626280459,0.07540729663412016,0.15119502705350119,0.0,0.0,0
44001,10,3,1.1979781659939257,1.4520119897622172,0.25403382376829153,0.1541560797760111,0.002961052722509905,0.0,0
44001,11,1,1.6859547537638275,2.123516413662564,0.43756165989873663,0.07116331015862873,0.007866220607211871,0.0,0
44001,11,2,1.6859547537638275,2.135965709214461,0.4500109554506335,0.06329708955141686,0.0,0.0,0
44001,11,3,1.6859547537638275,2.1865941069304684,0.5006393531666409,0.06364109201378278,0.00034400246236591936,0.0,0
44001,12,1,1.323226204874754,1.9651967389789662,0.6419705341042121,0.16332981027605367,0.0,0.0,0
44001,12,2,1.323226204874754,2.101826808822507,0.7786006039477531,0.21056950884836148,0.04723969857230781,0.0,0
44001,12,3,1.323226204874754,2.168014336746951,0.844788131872197,0.20982263205267043,0.04649282177661676,0.0,0
44001,13,1,1.2540964075280914,2.0154998524058487,0.7614034448777574,0.1549218648628044,0.030194389970444907,0.0,0
44001,13,2,1.2540964075280914,1.8046643722462192,0.5505679647181279,0.12654826140545583,0.001820786513096334,0.0,0
44001,13,3,1.2540964075280914,2.114223875127312,0.8601274675992205,0.1247274748923595,0.0,0.0,0
44001,14,1,2.234407094141151,3.1624687915984375,0.9280616974572866,0.22869867425026366,0.0025009395654433664,0.09491128038184846,1
44001,14,2,2.234407094141151,2.888752427640904,0.6543453334997529,0.2261977346848203,0.0,0.0,0
44001,14,3,2.234407094141151,3.0256698304787744,0.7912627363376235,0.23457893652627396,0.008381201841453662,0.0,0
44001,15,1,1.1532259811128827,2.1001916727630223,0.9469656916501397,0.1766874419540679,0.0,0.09491128038184843,1
44001,15,2,1.1532259811128827,2.2728759587229903,1.1196499776101076,0.18244094221889826,0.005753500264830347,0.0,0
44001,15,3,1.1532259811128827,2.057194356194645,0.9039683750817622,0.18349528191853764,0.006807839964469736,0.0,0
44001,16,1,1.3950596292402835,2.04091917022573,0.6458595409854466,0.11594303186202161,0.007111978321475865,0.09491128038184846,1
44001,16,2,1.3950596292402835,1.8676735752955387,0.4726139460552552,0.10883105354054574,0.0,0.0,0
44001,16,3,1.3950596292402835,2.070016093131014,0.6749564638907304,0.11211644029730448,0.0032853867567587403,0.0,0
44001,17,1,1.254560299835666,2.128339043056259,0.873778743220593,0.17073325421268584,0.0006087910853556089,0.05101041518043359,1
44001,17,2,1.254560299835666,1.7159260026366479,0.4613657028009819,0.17030190432365952,0.00017744119632928657,0.0,0
44001,17,3,1.254560299835666,2.2063091190052284,0.9517488191695624,0.17012446312733023,0.0,0.0,0
44001,18,1,1.053936329814235,1.9251473117838536,0.8712109819696185,0.16012096280580287,0.03251664454539524,0.05101041518043356,1
44001,18,2,1.053936329814235,1.6687540747336882,0.6148177449194532,0.13340672300769504,0.00580240474728741,0.0,0
44001,18,3,1.053936329814235,1.9381180785993692,0.8841817487851342,0.12760431826040763,0.0,0.0,0
44001,19,1,2.203109594025661,3.077998120507794,0.8748885264821329,0.06335856751097925,0.0,0.05101041518043357,1
44001,19,2,2.203109594025661,3.0049383517584283,0.8018287577327672,0.07962218954343882,0.016263622032459568,0.0,0
44001,19,3,2.203109594025661,2.876320977421344,0.673211383395683,0.08087651977360685,0.017517952262627604,0.0,0
44001,20,1,2.1460376450480907,3.1044740832452398,0.9584364381971491,0.20580245536028619,0.0012473442701917137,0.0,0
44001,20,2,2.1460376450480907,3.0177177714763843,0.8716801264282936,0.20455511109009447,0.0,0.0,0
44001,20,3,2.1460376450480907,2.9498906278205106,0.8038529827724199,0.20776556798544368,0.003210456895349212,0.0,0
44001,21,1,0.9199975377501286,1.8564849468753273,0.9364874091251987,0.1560799960201855,0.0,0.0,0
44001,21,2,0.9199975377501286,2.0335639158322505,1.1135663780821219,0.15928154782753273,0.0032015518073472415,0.0,0
44001,21,3,0.9199975377501286,1.4994863369118376,0.579488799161709,0.15794522183487172,0.0018652258146862333,0.0,0
44001,22,1,1.219938940101732,1.877794104386854,0.657855164285122,0.14643587151145226,0.03661427284754604,0.0,0
44001,22,2,1.219938940101732,1.6803725993242415,0.46043365922250956,0.10982159866390623,0.0,0.0,0
44001,22,3,1.219938940101732,1.76458966636921,0.544650726267478,0.13130473150234617,0.021483132838439944,0.0,0
44001,23,1,1.8150534628391142,2.3336283849942747,0.5185749221551605,0.06481957856826552,0.0039008597903477243,0.0,0
44001,23,2,1.8150534628391142,2.333650737313294,0.5185972744741798,0.06255731848168963,0.001638599703771837,0.0,0
44001,23,3,1.8150534628391142,2.3304023352781207,0.5153488724390065,0.060918718777917796,0.0,0.0,0
44001,24,1,1.7656406413096508,4.04588935225852,2.280248710948869,0.2984395811088507,0.05287900879448093,0.0,0
44001,24,2,1.7656406413096508,3.398242217247595,1.632601575937944,0.24556057231436978,0.0,0.0,0
44001,24,3,1.7656406413096508,3.2500164237412306,1.4843757824315797,0.2526084443889018,0.007047872074532002,0.0,0
44001,25,1,1.0120859363538597,1.3419197815017596,0.32983384514789993,0.16619797017770643,0.014503224315103952,0.0,0
44001,25,2,1.0120859363538597,1.1217228861287345,0.10963694977487481,0.15169474586260248,0.0,0.0,0
44001,25,3,1.0120859363538597,1.3125117346462232,0.3004257982923635,0.15361607353477913,0.0019213276721766481,0.0,0
44001,26,1,1.471313087695703,2.2825795249970375,0.8112664373013345,0.094098925609207,0.0,0.0,0
44001,26,2,1.471313087695703,2.5572554732443455,1.0859423855486425,0.11040389890933554,0.016304973300128534,0.0,0
44001,26,3,1.471313087695703,2.136085377055784,0.6647722893600809,0.10984831844633844,0.015749392837131435,0.0,0
44001,27,1,1.4501658304713794,2.3733202807928167,0.9231544503214373,0.1094614529948245,0.03904040377734862,0.0,0
44001,27,2,1.4501658304713794,1.7672920190711903,0.3171261885998109,0.07042104921747588,0.0,0.0,0
44001,27,3,1.4501658304713794,1.745367654101876,0.29520182363049674,0.07222489275126075,0.001803843533784863,0.0,0
44001,28,1,1.6447491675493555,2.595495529147114,0.9507463615977583,0.1845662425140686,0.03510632028045732,0.023396332315001822,1
44001,28,2,1.6447491675493555,2.1724351314795323,0.5276859639301767,0.1494599222336113,0.0,0.033047958699137125,1
44001,28,3,1.6447491675493555,2.4243684343788905,0.779619266829535,0.18651370523546018,0.03705378300184889,0.0,0
44001,29,1,1.514741323915636,2.308177529061609,0.7934362051459729,0.09582869882330261,0.006218296508724436,0.08719909395729525,1
44001,29,2,1.514741323915636,1.777484690876181,0.262743366960545,0.08961040231457817,0.0,0.05415113525815818,1
44001,29,3,1.514741323915636,2.3898026560431465,0.8750613321275105,0.10116494400384331,0.011554541689265133,0.0,0
44001,30,1,2.473732877235192,3.154922274553494,0.6811893973183021,0.24545211326205849,0.0,0.1032491553650654,1
44001,30,2,2.473732877235192,3.3928135114495093,0.9190806342143172,0.30937649767270997,0.06392438441065149,0.0,0
44001,30,3,2.473732877235192,3.3565624701778196,0.8828295929426275,0.3217259763993974,0.07627386313733889,0.0,0
44001,31,1,1.0721037166410237,1.6688773340977945,0.5967736174567708,0.16240627893914855,0.0,0.08740294347373098,1
44001,31,2,1.0721037166410237,1.6973437738194428,0.6252400571784191,0.1728944647135189,0.010488185774370357,0.0,0
44001,31,3,1.0721037166410237,1.6339569976285415,0.5618532809875179,0.1783836332276604,0.015977354288511852,0.0,0
44001,32,1,2.3063866628053264,3.186775605777405,0.8803889429720786,0.17989350958232622,0.04962282732941925,0.08740294347373101,1
44001,32,2,2.3063866628053264,2.731465403432089,0.42507874062676265,0.1386242511685452,0.008353568915638238,0.0,0
44001,32,3,2.3063866628053264,3.626239841538947,1.3198531787336205,0.13027068225290697,0.0,0.0,0
44001,33,1,1.5940642903995035,2.2184261293559238,0.6243618389564203,0.11080867041193757,0.02939982386650311,0.08740294347373098,1
44001,33,2,1.5940642903995035,1.9188293837264367,0.32476509332693326,0.08140884654543445,0.0,0.0,0
44001,33,3,1.5940642903995035,1.9374806207167736,0.34341633031727015,0.08389149943939526,0.00248265289396081,0.0,0
44001,34,1,1.403395456933205,1.9995233534205656,0.5961278964873606,0.17984762673421673,0.0,0.042327406800175826,1
44001,34,2,1.403395456933205,1.8358245172389018,0.43242906030569683,0.1804400879727608,0.000592461238544062,0.0,0
44001,34,3,1.403395456933205,1.9012696307698929,0.49787417383668786,0.18301935788062215,0.0031717311464054265,0.0,0
44001,35,1,1.256200217817129,1.8558766144674936,0.5996763966503647,0.1764712231811214,0.04139724903917086,0.042327406800175854,1
44001,35,2,1.256200217817129,1.7686703329263729,0.5124701151092439,0.13507397414195055,0.0,0.0,0
44001,35,3,1.256200217817129,1.987772880303354,0.7315726624862251,0.1590864700924065,0.02401249595045596,0.0,0
44001,36,1,1.678971780531589,2.511666346421871,0.8326945658902822,0.07173790654942624,0.0,0.04232740680017584,1
44001,36,2,1.678971780531589,2.2497637538238386,0.5707919732922497,0.08295559341809393,0.011217686868667684,0.0,0
44001,36,3,1.678971780531589,2.299598790065986,0.6206270095343971,0.08600589500728058,0.014267988457854333,0.0,0
44001,37,1,2.3560395817661988,3.343671703831543,0.9876321220653441,0.14520253641916547,0.0,0.0,0
44001,37,2,2.3560395817661988,3.3835697916123584,1.0275302098461596,0.2342470849734515,0.08904454855428603,0.03017086143233705,1
44001,37,3,2.3560395817661988,3.2505501991648345,0.8945106173986357,0.24261074023627174,0.09740820381710627,0.01080230500974566,1
44001,38,1,3.5103241118272783,4.3575294136883995,0.8472053018611212,0.23687048561786517,0.0,0.02917508964540494,1
44001,38,2,3.5103241118272783,4.600881886491218,1.09055777466394,0.2844703853239619,0.04759989970609674,0.009806533222813524,1
44001,38,3,3.5103241118272783,4.38703819152515,0.8767140796978716,0.3021390172138439,0.06526853159597873,0.0,0
44001,39,1,4.89393158846878,5.928107532957313,1.034175944488533,0.3420275594289733,0.0,0.015409725783162576,1
44001,39,2,4.89393158846878,5.818188432250733,0.9242568437819534,0.36036077033365654,0.01833321090468326,0.0,0
44001,39,3,4.89393158846878,5.731786777212536,0.837855188743756,0.3709698840372182,0.028942324608244918,0.006816872896114545,1
44001,40,1,2.1472554560827697,3.5973514079196627,1.450095951836893,0.2607774027924767,0.0,0.0,0
44001,40,2,2.1472554560827697,3.604449479033259,1.4571940229504894,0.2726570622520589,0.011879659459582192,0.006816872896114545,1
44001,40,3,2.1472554560827697,3.4123963610661234,1.2651409049833537,0.2794673668013283,0.01868996400885159,0.007417098522917498,1
44001,41,1,2.3133485004973324,2.7922712841010364,0.478922783603704,0.2380941604541952,0.0,0.0,0
44001,41,2,2.3133485004973324,2.925586820185057,0.6122383196877244,0.23938048864332004,0.0012863281891248302,0.0,0
44001,41,3,2.3133485004973324,2.9444982664125816,0.6311497659152492,0.2460307491264324,0.007936588672237205,0.0,0
44001,42,1,2.2693910901939525,2.6122927135311937,0.3429016233372413,0.2239682606962663,0.010505001403095349,0.0,0
44001,42,2,2.2693910901939525,2.5629357969329303,0.2935447067389778,0.21346325929317095,0.0,0.0,0
44001,42,3,2.2693910901939525,2.7635721261950335,0.494181036001081,0.2238851673874942,0.010421908094323251,0.0,0
44001,43,1,1.4022657601050335,1.6470260423207197,0.24476028221568624,0.1471879461879128,0.008161556385666652,0.0,0
44001,43,2,1.4022657601050335,1.5321541703917463,0.12988841028671283,0.13902638980224616,0.0,0.0,0
44001,43,3,1.4022657601050335,2.003692441867389,0.6014266817623555,0.14699324724270918,0.007966857440463021,0.0,0
44001,44,1,2.0788273749842157,2.4395694095672242,0.3607420345830086,0.0654062695108649,0.004502917840300824,0.0,0
44001,44,2,2.0788273749842157,2.4821274993033247,0.403300124319109,0.06208472416562983,0.0011813724950657592,0.0,0
44001,44,3,2.0788273749842157,2.493872300940601,0.4150449259563853,0.06090335167056407,0.0,0.0,0
44001,45,1,0.9438517818571384,1.7872702744253188,0.8434184925681805,0.16080238634790378,0.0,0.0,0
44001,45,2,0.9438517818571384,2.1628631550231305,1.2190113731659922,0.1983022779626494,0.03749989161474562,0.0,0
44001,45,3,0.9438517818571384,2.1926637523034187,1.2488119704462803,0.19838259521336868,0.0375802088654649,0.0,0
44001,46,1,1.3313461521435688,1.9347123212053297,0.6033661690617609,0.15124091228848993,0.002077459462381276,0.0,0
44001,46,2,1.3313461521435688,1.416207925012441,0.08486177286887231,0.14916345282610866,0.0,0.0,0
44001,46,3,1.3313461521435688,2.1800899766467117,0.8487438245031429,0.15175599575729384,0.0025925429311851877,0.0,0
44001,47,1,1.236335190785907,2.2585373654295564,1.0222021746436494,0.06904381451729207,0.0,0.0,0
44001,47,2,1.236335190785907,2.0321907908111863,0.7958556000252792,0.07119814191048238,0.002154327393190311,0.0,0
44001,47,3,1.236335190785907,2.202278262751964,0.9659430719660569,0.07186475825307001,0.002820943735777945,0.0,0
44001,48,1,1.366724211047614,1.6472744233500773,0.28055021230246324,0.16609346087143692,0.0,0.0,0
44001,48,2,1.366724211047614,1.9242464986799703,0.5575222876323562,0.20025033120350966,0.034156870332072736,0.0,0
44001,48,3,1.366724211047614,2.027235840800247,0.6605116297526328,0.20184059580747465,0.03574713493603773,0.0,0
44001,49,1,1.1851605692832659,1.8496323950311915,0.6644718257479256,0.16126235182130028,0.0,0.0,0
44001,49,2,1.1851605692832659,1.99305981794274,0.807899248659474,0.18073820789431522,0.01947585607301494,0.0,0
44001,49,3,1.1851605692832659,1.6814854890137583,0.4963249197304924,0.18063982715753746,0.019377475336237182,0.0,0
44001,50,1,1.0573885444502638,1.1388114954312976,0.0814229509810338,0.1489218611457313,0.007922423023699054,0.0,0
44001,50,2,1.0573885444502638,1.1024533077835732,0.04506476333330944,0.14099943812203225,0.0,0.0,0
44001,50,3,1.0573885444502638,1.567239701990132,0.5098511575398683,0.14624391049264937,0.00524447237061712,0.0,0
44001,51,1,4.523088093245976,5.076031802255576,0.5529437090096003,0.07032051357751483,0.0016641205266225284,0.0,0
44001,51,2,4.523088093245976,4.955158186576526,0.4320700933305499,0.0686563930508923,0.0,0.0,0
44001,51,3,4.523088093245976,4.863589701775684,0.3405016085297081,0.07218778183059815,0.003531388779705852,0.0,0
44001,52,1,2.5983650827426965,3.323634264875762,0.7252691821330655,0.27631869699331163,0.0,0.05138147844479868,1
44001,52,2,2.5983650827426965,3.3772624972783034,0.7788974145356069,0.3137284684885067,0.03740977149519509,0.0,0
44001,52,3,2.5983650827426965,3.403860897431708,0.8054958146890114,0.3252801900244567,0.048961493031145054,0.05295314901486137,1
44001,53,1,2.0401897378603797,2.730492703763126,0.6903029659027462,0.1778466162373216,0.0,0.032428437269776456,1
44001,53,2,2.0401897378603797,3.080858247756287,1.0406685098959074,0.20354728229810756,0.02570066606078597,0.041716627624689084,1
44001,53,3,2.0401897378603797,2.733035469327168,0.6928457314667882,0.22121956215019756,0.043372945912875965,0.0,0
44001,54,1,1.7460905843998458,2.7532155050602887,1.007124920660443,0.06825558742780602,0.0,0.08538158628463777,1
44001,54,2,1.7460905843998458,2.7475260102300103,1.0014354258301645,0.09267922801860141,0.024423640590795395,0.043664958659948655,1
44001,54,3,1.7460905843998458,2.6081508090912786,0.8620602246914328,0.1007504714008275,0.032494883973021485,0.0,0
44001,55,1,2.4443036453147036,2.797546782083058,0.3532431367683544,0.10155382078164767,0.007805029914696671,0.04366495865994867,1
44001,55,2,2.4443036453147036,2.6773709307972524,0.23306728548254885,0.093748790866951,0.0,0.0,0
44001,55,3,2.4443036453147036,2.7084643594804634,0.2641607141657598,0.09709755161026541,0.003348760743314416,0.0,0
44001,56,1,2.2186995467118265,3.1624962484706822,0.9437967017588558,0.24682153081034722,0.004224217792349105,0.0,0
44001,56,2,2.2186995467118265,3.213505618733403,0.9948060720215763,0.2425973130179981,0.0,0.0,0
44001,56,3,2.2186995467118265,2.932680020266234,0.7139804735544075,0.2546470106310159,0.012049697613017801,0.0,0
44001,57,1,1.6831124353072298,2.090881770429058,0.4077693351218281,0.19485682334821772,0.03048103213350531,0.0,0
44001,57,2,1.6831124353072298,1.8981272429659914,0.2150148076587617,0.1643757912147124,0.0,0.0,0
44001,57,3,1.6831124353072298,1.935882549766903,0.25277011445967323,0.17263763238323707,0.008261841168524658,0.0,0
44001,58,1,1.6298373050253427,2.786497864196961,1.1566605591716181,0.07569667719141644,0.0,0.0,0
44001,58,2,1.6298373050253427,2.911169591585912,1.2813322865605692,0.09765159149030476,0.021954914298888323,0.0,0
44001,58,3,1.6298373050253427,2.536515965173364,0.9066786601480212,0.1003917209639404,0.02469504377252396,0.0,0
44001,59,1,1.6798380380701972,2.190225419695787,0.5103873816255897,0.09422808926385394,0.029696399357334174,0.0,0
44001,59,2,1.6798380380701972,1.9229746720196268,0.24313663394942964,0.06453168990651977,0.0,0.0,0
44001,59,3,1.6798380380701972,1.9337062142360353,0.2538681761658381,0.06473274903347452,0.0002010591269547557,0.0,0
44001,60,1,2.9563094201054887,4.058783391462848,1.1024739713573593,0.2263796835660692,0.059216540190136335,0.06415460938634743,1
44001,60,2,2.9563094201054887,3.839516979327416,0.8832075592219275,0.16716314337593285,0.0,0.03538201277131964,1
44001,60,3,2.9563094201054887,3.770127705299038,0.8138182851935492,0.2320460366347441,0.06488289325881125,0.0,0
44001,61,1,1.829822817878518,2.826672780176512,0.996849962297994,0.0912089061916098,0.0005182682260000543,0.0728848997577374,1
44001,61,2,1.829822817878518,2.0519404920286157,0.22211767415009764,0.09069063796560975,0.0,0.037502886986417766,1
44001,61,3,1.829822817878518,2.5917423345638113,0.7619195166852932,0.10172324184272445,0.011032603877114702,0.0,0
44001,62,1,1.5594426263520595,1.9536721535821666,0.39422952723010707,0.15801893882254922,0.0,0.03082827950479705,1
44001,62,2,1.5594426263520595,2.237642423900719,0.6781997975486596,0.18061265575120783,0.022593716928658608,0.0,0
44001,62,3,1.5594426263520595,2.146927598960744,0.5874849726086844,0.1843722214034193,0.02635328258087008,0.0,0
44001,63,1,1.026670063633232,1.9714545374146795,0.9447844737814475,0.160994497991837,0.0,0.030828279504797024,1
44001,63,2,1.026670063633232,1.7670120499501452,0.7403419863169132,0.1665544001231887,0.005559902131351713,0.0,0
44001,63,3,1.026670063633232,1.7906615296202972,0.7639914659870652,0.17431495383538204,0.013320455843545048,0.0,0
44001,64,1,1.7168749523040283,2.8727075192897433,1.155832566985715,0.061554698844723484,0.0,0.030828279504797024,1
44001,64,2,1.7168749523040283,2.8498011096831988,1.1329261573791705,0.0870047503151538,0.025450051470430314,0.0,0
44001,64,3,1.7168749523040283,2.6968093724861353,0.979934420182107,0.08971943400771375,0.028164735162990263,0.0,0
44001,65,1,2.0170178886880157,2.5951192577040496,0.5781013690160339,0.16738395535169004,0.0,0.056685002994665334,1
44001,65,2,2.0170178886880157,2.7617991838896248,0.7447812952016091,0.1970976503715461,0.029713695019856073,0.06883064433738131,1
44001,65,3,2.0170178886880157,2.841544928929804,0.8245270402417884,0.202520977303592,0.035137021951901964,0.0,0
44001,66,1,1.8553026411769988,2.6034274161571935,0.7481247749801947,0.16759716250667858,0.0,0.05668500299466531,1
44001,66,2,1.8553026411769988,2.6803234793595694,0.8250208381825705,0.2349243482526997,0.06732718574602112,0.06883064433738129,1
44001,66,3,1.8553026411769988,2.806058481476755,0.9507558402997562,0.2541218968908065,0.08652473438412792,0.0,0
44001,67,1,1.7500173406977972,2.446983390320793,0.6969660496229957,0.08175600022029454,0.0,0.06883064433738131,1
44001,67,2,1.7500173406977972,2.437304520927504,0.6872871802297067,0.09184851010193301,0.01009250988163847,0.0,0
44001,67,3,1.7500173406977972,2.4980661612775372,0.74804882057974,0.1008634355316237,0.019107435311329163,0.0,0
44001,68,1,1.2939043644600712,2.150659014371259,0.8567546499111878,0.16549894260289197,0.0,0.06048740980727997,1
44001,68,2,1.2939043644600712,2.4320546367485036,1.1381502722884325,0.19846626027066652,0.032967317667774554,0.0,0
44001,68,3,1.2939043644600712,2.423531208196731,1.12962684373666,0.20195507400984858,0.03645613140695661,0.0,0
44001,69,1,1.1943323384712312,2.174634804251908,0.9803024657806767,0.14592606544887887,0.0,0.06048740980727994,1
44001,69,2,1.1943323384712312,1.934589009752203,0.7402566712809717,0.1475246951052754,0.0015986296563965385,0.0,0
44001,69,3,1.1943323384712312,2.076787555020677,0.8824552165494457,0.14957001456864405,0.0036439491197651774,0.0,0
44001,70,1,1.633769103467871,2.5015759471467094,0.8678068436788384,0.07497971282914279,0.00021848966301978023,0.06048740980727996,1
44001,70,2,1.633769103467871,1.9368161303884517,0.3030470269205807,0.074761223166123,0.0,0.0,0
44001,70,3,1.633769103467871,2.306858847235809,0.6730897437679382,0.07911185311153203,0.004350629945409024,0.0,0
44001,71,1,1.9828314123892419,3.8729732171237243,1.8901418047344825,0.31249418548453883,0.03238819808249854,0.07916383050368136,1
44001,71,2,1.9828314123892419,3.5820630685678814,1.5992316561786395,0.2801059874020403,0.0,0.0,0
44001,71,3,1.9828314123892419,3.392882035585199,1.410050623195957,0.2859963269653055,0.0058903395632652344,0.0,0
44001,72,1,2.108988096617359,2.686381253987997,0.5773931573706381,0.21554259675816462,0.027064242084230694,0.06309846979861705,1
44001,72,2,2.108988096617359,2.646671689175527,0.5376835925581678,0.18847835467393392,0.0,0.0,0
44001,72,3,2.108988096617359,2.7920838337245137,0.6830957371071547,0.19787227231564214,0.009393917641708216,0.0,0
44001,73,1,2.154396954747226,2.7959254192167347,0.6415284644695087,0.1612988723583294,0.03654895466526577,0.06309846979861708,1
44001,73,2,2.154396954747226,2.599829881418821,0.4454329266715953,0.12737617189686387,0.002626254203800235,0.0,0
44001,73,3,2.154396954747226,2.926783170096855,0.7723862153496293,0.12474991769306364,0.0,0.0,0
44001,74,1,1.5400560120436515,1.7640795278732575,0.224023515829606,0.07373661537174928,0.011160804703040525,0.0,0
44001,74,2,1.5400560120436515,1.8587737088894862,0.31871769684583473,0.06343296705674051,0.0008571563880317573,0.0,0
44001,74,3,1.5400560120436515,1.9093533113255483,0.3692972992818968,0.06257581066870875,0.0,0.0,0
44001,75,1,7.347689119764217,7.910321375599176,0.5626322558349592,0.08409621166019732,0.0,0.0,0
44001,75,2,7.347689119764217,7.460478671248081,0.11278955148386416,0.08437049656877321,0.0002742849085758947,0.0,0
44001,75,3,7.347689119764217,7.682943216976864,0.33525409721264676,0.08786327299099758,0.0037670613308002643,0.0,0
44002,0,1,2.1072333267062726,3.0123126732596734,0.9050793465534008,0.21129475747316212,0.007942009771786662,0.0,0
44002,0,2,2.1072333267062726,2.4006636196327746,0.293430292926502,0.20335274770137546,0.0,0.0,0
44002,0,3,2.1072333267062726,2.823153368099405,0.7159200413931326,0.21825656410574254,0.014903816404367082,0.0,0
44002,1,1,1.3463167802165585,1.637486455323279,0.29116967510672054,0.18132690382440697,0.03459385271873899,0.0,0
44002,1,2,1.3463167802165585,1.6697745440810365,0.323457763864478,0.14673305110566798,0.0,0.0,0
44002,1,3,1.3463167802165585,1.6522392720613133,0.30592249184475473,0.15345530617358827,0.006722255067920291,0.0,0
44002,2,1,1.711964299466906,2.053161050486765,0.3411967510198588,0.09030896449714484,0.021664508546099928,0.0,0
44002,2,2,1.711964299466906,1.8933991192759514,0.1814348198090454,0.0710388029594313,0.00239434700838638,0.0,0
44002,2,3,1.711964299466906,1.9426549523821417,0.23069065291523572,0.06864445595104492,0.0,0.0,0
44002,3,1,1.4568501795958184,2.544410608190991,1.0875604285951725,0.23578186303433094,0.006416269807678898,0.0,0
44002,3,2,1.4568501795958184,2.3778737895807587,0.9210236099849403,0.22936559322665204,0.0,0.0,0
44002,3,3,1.4568501795958184,2.105601832488913,0.6487516528930946,0.23287067091216476,0.0035050776855127252,0.0,0
44002,4,1,1.106721780863464,2.2392749965259453,1.1325532156624813,0.2078799295604847,0.0004971813386558388,0.0,0
44002,4,2,1.106721780863464,2.045993765437175,0.9392719845737112,0.2093774287439065,0.00199468052207763,0.0,0
44002,4,3,1.106721780863464,1.7675318150232706,0.6608100341598067,0.20738274822182887,0.0,0.0,0
44002,5,1,1.3571495157922322,1.7011449510923362,0.343995435300104,0.19158240328715154,0.03081479439347412,0.0,0
44002,5,2,1.3571495157922322,1.6711606000979677,0.31401108430573554,0.16215007941508727,0.0013824705214098565,0.0,0
44002,5,3,1.3571495157922322,1.6099830211832131,0.25283350539098093,0.16076760889367742,0.0,0.0,0
44002,6,1,1.8858560990729487,2.294588666373369,0.4087325673004203,0.0862693855233389,0.02798026631404791,0.0,0
44002,6,2,1.8858560990729487,2.2241485141330677,0.338292415060119,0.06073309955509805,0.002443980345807055,0.0,0
44002,6,3,1.8858560990729487,2.234531102887769,0.3486750038148203,0.058289119209290995,0.0,0.0,0
44002,7,1,1.1676751206024452,1.6443550030957887,0.4766798824933436,0.18810575343072683,0.0,0.0,0
44002,7,2,1.1676751206024452,2.03299377980756,0.865318659205115,0.21310935421033309,0.025003600779606255,0.0,0
44002,7,3,1.1676751206024452,2.0649523734866815,0.8972772528842363,0.21268188661111362,0.02457613318038679,0.0,0
44002,8,1,1.2679288977427912,1.9804996168420668,0.7125707190992756,0.14977185773387644,0.03237024188267976,0.0,0
44002,8,2,1.2679288977427912,1.7699902894911788,0.5020613917483876,0.11817311787406773,0.0007715020228710456,0.0,0
44002,8,3,1.2679288977427912,1.7666903380977477,0.4987614403549565,0.11740161585119668,0.0,0.0,0
44002,9,1,2.145979245501999,2.9521708707707957,0.8061916252687968,0.2539763409091038,0.00544255830974591,0.09520497932214371,1
44002,9,2,2.145979245501999,2.694876850974263,0.5488976054722641,0.2485337825993579,0.0,0.0,0
44002,9,3,2.145979245501999,2.962978686181085,0.8169994406790861,0.2531831460839283,0.0046493634845703735,0.0,0
44002,10,1,1.291477646839581,2.2636842000644424,0.9722065532248614,0.2231223895416084,0.0,0.0952049793221437,1
44002,10,2,1.291477646839581,2.1524814873433247,0.8610038405037437,0.22403281503207703,0.0009104254904686304,0.0,0
44002,10,3,1.291477646839581,2.3384504397349666,1.0469727928953856,0.2240617397557708,0.0009393502141623877,0.0,0
44002,11,1,1.5587972189523285,1.926006456867349,0.36720923791502047,0.12708596509340786,0.014600012955146707,0.09520497932214371,1
44002,11,2,1.5587972189523285,1.945815415729868,0.38701819677753946,0.11248595213826115,0.0,0.0,0
44002,11,3,1.5587972189523285,1.9719556492763637,0.4131584303240352,0.11358866753586373,0.00110271539760258,0.0,0
44002,12,1,1.2004750239812016,1.4359167837360682,0.2354417597548666,0.18383740930577064,0.017217546367131104,0.05046286513216655,1
44002,12,2,1.2004750239812016,1.5057113400175437,0.30523631603634205,0.16661986293863953,0.0,0.0,0
44002,12,3,1.2004750239812016,1.5857985683322018,0.38532354435100014,0.16678270008192,0.00016283714328046983,0.0,0
44002,13,1,1.162873382146723,2.0964731517242043,0.9335997695774814,0.15828925685118922,0.039735004239865854,0.05046286513216655,1
44002,13,2,1.162873382146723,1.6432291291406647,0.4803557469939417,0.12382828812630746,0.005274035514984093,0.0,0
44002,13,3,1.162873382146723,1.711291749834333,0.54841836768761,0.11855425261132337,0.0,0.0,0
44002,14,1,2.2266865523460515,2.450314540196744,0.22362798785069238,0.08697391355715267,0.008369120089712273,0.050462865132166544,1
44002,14,2,2.2266865523460515,2.445725472186088,0.21903891984003643,0.08043193124472396,0.0018271377772835634,0.0,0
44002,14,3,2.2266865523460515,2.5315013394770345,0.304814787130983,0.0786047934674404,0.0,0.0,0
44002,15,1,1.9933876189199005,2.6093664965957393,0.6159788776758388,0.23671128572105857,0.0177825888528004,0.0,0
44002,15,2,1.9933876189199005,2.5760584631436543,0.5826708442237538,0.21892869686825817,0.0,0.0,0
44002,15,3,1.9933876189199005,2.499393712580518,0.5060060936606177,0.23069175042584603,0.01176305355758786,0.0,0
44002,16,1,1.0029812989287095,1.5564047896820448,0.5534234907533353,0.19424927640307008,0.03264798558636364,0.0,0
44002,16,2,1.0029812989287095,1.598758205016601,0.5957769060878915,0.16660990714919946,0.005008616332493027,0.0,0
44002,16,3,1.0029812989287095,1.6115566152779999,0.6085753163492904,0.16160129081670643,0.0,0.0,0
44002,17,1,1.2940472985283367,2.4692872144709583,1.1752399159426217,0.17025284315499248,0.06483198114928432,0.0,0
44002,17,2,1.2940472985283367,1.8636370954620205,0.5695897969336838,0.10542086200570816,0.0,0.0,0
44002,17,3,1.2940472985283367,1.7906185545386102,0.4965712560102735,0.1124770547427631,0.007056192737054934,0.0,0
44002,18,1,1.7697632688607325,2.3272058960174404,0.5574426271567079,0.07256913629626636,0.009153427387646823,0.0,0
44002,18,2,1.7697632688607325,2.12209444723933,0.3523311783785976,0.06413005066645455,0.0007143417578350103,0.0,0
44002,18,3,1.7697632688607325,2.1429431905614402,0.3731799217007077,0.06341570890861954,0.0,0.0,0
44002,19,1,1.8976665994924151,4.427549888598019,2.5298832891056042,0.3405946108805288,0.08047161620712845,0.0,0
44002,19,2,1.8976665994924151,2.9430025908151887,1.0453359913227736,0.26012299467340033,0.0,0.0,0
44002,19,3,1.8976665994924151,2.945238998224322,1.047572398731907,0.26350899211700013,0.0033859974435997975,0.0,0
44002,20,1,1.3172624276631304,1.5336826001584625,0.21642017249533207,0.18979349371731094,0.028741420032988046,0.0,0
44002,20,2,1.3172624276631304,1.5563479850664632,0.23908555740333282,0.16424985893395466,0.0031977852496317682,0.0,0
44002,20,3,1.3172624276631304,1.529344283002478,0.21208185533934754,0.1610520736843229,0.0,0.0,0
44002,21,1,1.6184162588608444,1.9383119822287473,0.31989572336790295,0.12460672163557314,0.016751018881115118,0.0,0
44002,21,2,1.6184162588608444,2.006834363729087,0.38841810486824246,0.10936701894559643,0.0015113161911384093,0.0,0
44002,21,3,1.6184162588608444,1.9725183970644984,0.354102138203654,0.10785570275445802,0.0,0.0,0
44002,22,1,1.7602589664938075,1.9321224080764914,0.17186344158268385,0.09756633684758259,0.0253372576293307,0.0,0
44002,22,2,1.7602589664938075,2.0290262046370424,0.2687672381432349,0.07222907921825189,0.0,0.0,0
44002,22,3,1.7602589664938075,2.009731285892518,0.2494723193987105,0.07335723889530145,0.0011281596770495589,0.0,0
44002,23,1,1.594305964194794,3.250169817545325,1.6558638533505308,0.21184323255295132,0.07620720837166656,0.02481238534288449,1
44002,23,2,1.594305964194794,2.338228837723652,0.7439228735288581,0.13563602418128476,0.0,0.033075739303472906,1
44002,23,3,1.594305964194794,2.0842890448999953,0.48998308070520125,0.15225455659304,0.016618532411755232,0.0,0
44002,24,1,1.6367045051427311,1.8958884212041227,0.2591839160613916,0.11479286879979617,0.027762592275135528,0.0862698282264161,1
44002,24,2,1.6367045051427311,1.928559982423506,0.2918554772807749,0.08703027652466064,0.0,0.053194088922943195,1
44002,24,3,1.6367045051427311,1.9545105345053344,0.31780602936260327,0.0939535374776017,0.00692326095294106,0.0,0
44002,25,1,2.216993049717705,3.0713350956201984,0.8543420459024933,0.2802905653879951,0.0,0.10150952291932569,1
44002,25,2,2.216993049717705,2.963613205766897,0.7466201560491919,0.2914877661773801,0.011197200789384965,0.0,0
44002,25,3,2.216993049717705,3.071976493654281,0.8549834439365758,0.30092632594558244,0.020635760557587313,0.0,0
44002,26,1,1.0507576797347977,1.2658542692489176,0.21509658951411992,0.17666341092981624,0.009080326660821175,0.08470926794429534,1
44002,26,2,1.0507576797347977,1.3851868522778104,0.33442917254301263,0.16758308426899507,0.0,0.0,0
44002,26,3,1.0507576797347977,1.7050124465275451,0.6542547667927474,0.1730376775908106,0.005454593321815526,0.0,0
44002,27,1,2.3297748412506105,2.9035687282812246,0.5737938870306141,0.17302073506225502,0.04378209113660675,0.08470926794429534,1
44002,27,2,2.3297748412506105,2.7420036360147244,0.4122287947641139,0.13451873665004052,0.005280092724392255,0.0,0
44002,27,3,2.3297748412506105,2.7125898731698674,0.3828150319192569,0.12923864392564827,0.0,0.0,0
44002,28,1,1.8329168225860368,2.6218000155166963,0.7888831929306594,0.12256883888666088,0.0421474895932825,0.08470926794429536,1
44002,28,2,1.8329168225860368,2.102885967888194,0.2699691453021573,0.08042406655524441,2.7172618660281644e-06,0.0,0
44002,28,3,1.8329168225860368,2.102273878360468,0.26935705577443136,0.08042134929337838,0.0,0.0,0
44002,29,1,1.2581303560225756,1.6090294006664436,0.350899044643868,0.2044245019732264,0.003605477427615106,0.0424065732922444,1
44002,29,2,1.2581303560225756,1.929169596982904,0.6710392409603283,0.20340721815628382,0.002588193610672529,0.0,0
44002,29,3,1.2581303560225756,1.7319257663613363,0.4737954103387607,0.2008190245456113,0.0,0.0,0
44002,30,1,1.5933201481421535,2.3895649153312384,0.7962447671890849,0.1812537714756197,0.05181858246977605,0.0424065732922444,1
44002,30,2,1.5933201481421535,1.9259618409765302,0.3326416928343767,0.12943518900584364,0.0,0.0,0
44002,30,3,1.5933201481421535,1.96011256314803,0.36679241500587656,0.13452166930170467,0.0050864802958610345,0.0,0
44002,31,1,1.9117616112281186,2.09171429529981,0.1799526840716914,0.09032580175488997,0.006310642623417545,0.0424065732922444,1
44002,31,2,1.9117616112281186,2.0971888634297597,0.18542725220164114,0.08522817818489387,0.0012130190534214436,0.0,0
44002,31,3,1.9117616112281186,2.0796247078334575,0.16786309660533894,0.08401515913147242,0.0,0.0,0
44002,32,1,2.357358023477853,3.102078626464233,0.74472060298638,0.19344404923883315,0.0,0.0,0
44002,32,2,2.357358023477853,3.4084320750073607,1.0510740515295076,0.21911186878505354,0.025667819546220383,0.03027413664682238,1
44002,32,3,2.357358023477853,3.159101736115452,0.8017437126375988,0.23009292061924283,0.036648871380409676,0.01081563977727612,1
44002,33,1,3.2258888465097746,4.284999555329027,1.0591107088192526,0.2305341525990256,0.0,0.028888629592977277,1
44002,33,2,3.2258888465097746,4.238246778630743,1.0123579321209686,0.25810633602191135,0.027572183422885754,0.009430132723431045,1
44002,33,3,3.2258888465097746,4.308403727730905,1.0825148812211305,0.2877122503099273,0.05717809771090171,0.0,0
44002,34,1,3.9377232511640434,5.462964240546327,1.5252409893822838,0.35291726283394387,0.0,0.014719214997938546,1
44002,34,2,3.9377232511640434,5.837631182213078,1.899907931049035,0.3784132916690752,0.025496028835131357,0.0,0
44002,34,3,3.9377232511640434,5.401014808696751,1.463291557532708,0.3765661506907345,0.023648887856790646,0.006020916884150851,1
44002,35,1,2.2987365276784733,3.945959951464208,1.6472234237857348,0.3014294288818907,0.02391964158798443,0.0,0
44002,35,2,2.2987365276784733,3.4319462111702235,1.1332096834917502,0.2775097872939063,0.0,0.006020916884150795,1
44002,35,3,2.2987365276784733,3.606556340561238,1.307819812882765,0.2920995585482191,0.014589771254312822,0.007070519886709037,1
44002,36,1,2.143046426678356,3.063195267045103,0.9201488403667466,0.25993614912833773,0.006543438658921763,0.0,0
44002,36,2,2.143046426678356,2.7790997808928397,0.6360533542144835,0.25339271046941597,0.0,0.0,0
44002,36,3,2.143046426678356,2.802067806274432,0.659021379596076,0.25860506485177637,0.005212354382360396,0.0,0
44002,37,1,2.2267030425158567,2.858407951357864,0.6317049088420075,0.22987490042365824,0.001595926965589467,0.0,0
44002,37,2,2.2267030425158567,2.6945944725162208,0.46789143000036404,0.22827897345806877,0.0,0.0,0
44002,37,3,2.2267030425158567,2.6325285112077794,0.4058254686919227,0.23091427972928774,0.002635306271218968,0.0,0
44002,38,1,1.7580859781681877,1.8933264085818844,0.1352404304136967,0.19052590947878595,0.026894874092111942,0.0,0
44002,38,2,1.7580859781681877,1.9938950420772101,0.23580906390902245,0.163631035386674,0.0,0.0,0
44002,38,3,1.7580859781681877,1.960942754917936,0.20285677674974822,0.16756933235183033,0.003938296965156324,0.0,0
44002,39,1,2.032907607355132,2.3372459143192112,0.30433830696407904,0.08388054699416439,0.016731864722244763,0.0,0
44002,39,2,2.032907607355132,2.1683686992079454,0.1354610918528132,0.06896711100640737,0.0018184287344877453,0.0,0
44002,39,3,2.032907607355132,2.1593618850373852,0.12645427768225304,0.06714868227191963,0.0,0.0,0
44002,40,1,1.0113676814199626,1.7183034370703816,0.706935755650419,0.19052268916614484,0.0,0.0,0
44002,40,2,1.0113676814199626,1.7593234424207664,0.7479557610008039,0.21125548126102067,0.02073279209487583,0.0,0
44002,40,3,1.0113676814199626,1.7792613657740426,0.76789368435408,0.21295021067745565,0.022427521511310805,0.0,0
44002,41,1,1.3148557354437689,1.8749721519043248,0.5601164164605559,0.16878430684292867,0.005241595964460999,0.0,0
44002,41,2,1.3148557354437689,1.694597409286975,0.37974167384320623,0.16389075401783984,0.0003480431393721728,0.0,0
44002,41,3,1.3148557354437689,1.7029363748419104,0.3880806393981415,0.16354271087846767,0.0,0.0,0
44002,42,1,1.2074477968450357,3.108714892354441,1.9012670955094053,0.0730291014280942,0.0,0.0,0
44002,42,2,1.2074477968450357,2.647162995361696,1.4397151985166603,0.07816451406676747,0.005135412638673273,0.0,0
44002,42,3,1.2074477968450357,2.3285050970932026,1.121057300248167,0.07657382470195907,0.003544723273864875,0.0,0
44002,43,1,1.1363366022955987,2.1736465000232688,1.03730989772767,0.24129146188929051,0.024650312944859615,0.0,0
44002,43,2,1.1363366022955987,2.2158241046515657,1.079487502355967,0.2166411489444309,0.0,0.0,0
44002,43,3,1.1363366022955987,2.075636830829752,0.9393002285341532,0.22429946052325034,0.007658311578819438,0.0,0
44002,44,1,1.1823442174823309,1.908161458307546,0.725817240825215,0.19385872522872322,0.006984701846866365,0.0,0
44002,44,2,1.1823442174823309,1.7971968050710276,0.6148525875886968,0.18933277894889255,0.002458755567035703,0.0,0
44002,44,3,1.1823442174823309,1.7331331591830288,0.5507889417006979,0.18687402338185685,0.0,0.0,0
44002,45,1,1.0994422095563947,1.449860766736988,0.35041855718059334,0.18261739570254829,0.03649215600737099,0.0,0
44002,45,2,1.0994422095563947,1.483567903030873,0.38412569347447834,0.1461252396951773,0.0,0.0,0
44002,45,3,1.0994422095563947,1.4272624924330757,0.32782028287668097,0.1509598041484811,0.004834564453303797,0.0,0
44002,46,1,3.9684069394556913,4.338734518774383,0.37032757931869176,0.07955248254297326,0.012467328900791871,0.0,0
44002,46,2,3.9684069394556913,4.340073914714902,0.371666975259211,0.06778906556678835,0.000703911924606962,0.0,0
44002,46,3,3.9684069394556913,4.272797142882087,0.3043902034263959,0.06708515364218139,0.0,0.0,0
44002,47,1,2.418495122838599,3.046021851520909,0.6275267286823101,0.2490473997278888,0.0,0.05119438942447513,1
44002,47,2,2.418495122838599,3.0811092400486304,0.6626141172100315,0.2677095706145022,0.018662170886613372,0.0,0
44002,47,3,2.418495122838599,3.0647686877578666,0.6462735649192677,0.2840319017702941,0.034984502042405274,0.050619747831568584,1
44002,48,1,1.9393626709098577,2.766434898642914,0.8270722277330564,0.16880553691251712,0.0,0.033782072767768345,1
44002,48,2,1.9393626709098577,3.0868338306726537,1.147471159762796,0.19950150744547626,0.030695970532959138,0.04174645223975204,1
44002,48,3,1.9393626709098577,2.942024104954566,1.0026614340447082,0.20972651379786086,0.04092097688534374,0.0,0
44002,49,1,1.820318486113668,3.6828577199627714,1.8625392338491034,0.0831388529194719,0.0,0.08440182059933687,1
44002,49,2,1.820318486113668,2.5981383323166996,0.7778198462030315,0.09265039789544378,0.009511544975971883,0.04265536835958483,1
44002,49,3,1.820318486113668,2.8385290234184093,1.0182105373047412,0.095980922019892,0.0128420691004201,0.0,0
44002,50,1,2.5429653591242514,2.6537072939392745,0.11074193481502315,0.10809033728356551,0.014717461685098368,0.04265536835958485,1
44002,50,2,2.5429653591242514,2.761076067635682,0.21811070851143066,0.0937206683942881,0.00034779279582095035,0.0,0
44002,50,3,2.5429653591242514,2.762122827789954,0.21915746866570274,0.09337287559846714,0.0,0.0,0
44002,51,1,2.023603542187124,2.5747308154545596,0.5511272732674355,0.24932226249714529,0.0,0.0,0
44002,51,2,2.023603542187124,2.711040430757744,0.6874368885706197,0.2531964852010603,0.00387422270391502,0.0,0
44002,51,3,2.023603542187124,2.677270351406927,0.653666809219803,0.2579412539360147,0.008618991438869406,0.0,0
44002,52,1,1.8559555467971478,2.27395224512927,0.4179966983321224,0.21710967688929853,0.03361697237073477,0.0,0
44002,52,2,1.8559555467971478,2.132195370235762,0.2762398234386141,0.18349270451856375,0.0,0.0,0
44002,52,3,1.8559555467971478,2.098948651441283,0.24299310464413537,0.1855327795524668,0.0020400750339030493,0.0,0
44002,53,1,1.8523969943220142,3.042950448692661,1.1905534543706469,0.09969964684767832,0.0,0.0,0
44002,53,2,1.8523969943220142,2.830844220072347,0.9784472257503327,0.10729147325610272,0.007591826408424401,0.0,0
44002,53,3,1.8523969943220142,2.779939333873879,0.9275423395518647,0.1074530299158884,0.007753383068210079,0.0,0
44002,54,1,1.925421988423474,2.0560076746459943,0.13058568622252031,0.07935035125841974,0.015018889022988716,0.0,0
44002,54,2,1.925421988423474,2.0555431870673315,0.13012119864385752,0.06470081002489718,0.0003693477894661512,0.0,0
44002,54,3,1.925421988423474,2.048674963990979,0.12325297556750514,0.06433146223543103,0.0,0.0,0
44002,55,1,2.858597277865213,3.4932489105345907,0.6346516326693776,0.19841996780843105,0.04972440271634687,0.06543997333439455,1
44002,55,2,2.858597277865213,3.233239715925399,0.37464243806018604,0.14869556509208418,0.0,0.035746221830242175,1
44002,55,3,2.858597277865213,3.350115631513025,0.49151835364781205,0.17146932093182488,0.0227737558397407,0.0,0
44002,56,1,1.8049277049689831,2.009177565502665,0.20424986053368177,0.11500020697092443,0.02612570686625186,0.07291615262151038,1
44002,56,2,1.8049277049689831,2.0446840448875916,0.23975633991860845,0.08887450010467257,0.0,0.03716993079126815,1
44002,56,3,1.8049277049689831,2.0697625104041864,0.2648348054352032,0.09483679578808736,0.0059622956834147894,0.0,0
44002,57,1,1.4968827315916184,2.424283513197003,0.9274007816053846,0.1749878228997456,0.0,0.030039135216156587,1
44002,57,2,1.4968827315916184,2.3231587136176706,0.8262759820260521,0.1976748153430714,0.02268699244332581,0.0,0
44002,57,3,1.4968827315916184,2.538601091755504,1.0417183601638855,0.20367430297101116,0.028686480071265563,0.0,0
44002,58,1,1.349382676348834,1.8576332808945222,0.5082506045456883,0.16479507620865388,0.005573164896940402,0.030039135216156643,1
44002,58,2,1.349382676348834,1.7237557466790776,0.3743730703302437,0.15922191131171348,0.0,0.0,0
44002,58,3,1.349382676348834,2.141906404396511,0.7925237280476771,0.1631285067133518,0.003906595401638319,0.0,0
44002,59,1,1.7415746563571672,3.6297288934283314,1.8881542370711641,0.08458476821311454,0.0,0.0300391352161566,1
44002,59,2,1.7415746563571672,2.864144290396978,1.1225696340398108,0.08687452176859913,0.0022897535554845805,0.0,0
44002,59,3,1.7415746563571672,2.918586533122946,1.177011876765779,0.08690603063753756,0.002321262424423015,0.0,0
44002,60,1,2.0250011864304645,2.540429854282818,0.5154286678523534,0.16853785289997072,0.0,0.058516433430622905,1
44002,60,2,2.0250011864304645,2.6696172866704715,0.644616100240007,0.21053952559183198,0.04200167269186125,0.06990345901535108,1
44002,60,3,2.0250011864304645,2.7374933640647576,0.7124921776342932,0.21606675171268727,0.04752889881271655,0.0,0
44002,61,1,1.805020823853114,2.8558172268384494,1.0507964029853354,0.1618257041965372,0.0,0.058516433430622905,1
44002,61,2,1.805020823853114,3.0287686564238077,1.2237478325706936,0.24592050997269238,0.08409480577615519,0.06990345901535105,1
44002,61,3,1.805020823853114,3.1788946792865858,1.3738738554334717,0.2549342161886406,0.0931085119921034,0.0,0
44002,62,1,1.764077419674799,2.8942216140785417,1.1301441944037427,0.08942130972557165,0.0029226449765026724,0.06990345901535105,1
44002,62,2,1.764077419674799,2.026693940736607,0.2626165210618081,0.08649866474906898,0.0,0.0,0
44002,62,3,1.764077419674799,2.785499392646887,1.0214219729720881,0.09481354816523023,0.008314883416161253,0.0,0
44002,63,1,1.3073508857763378,2.1100217911204107,0.8026709053440728,0.21213459226821432,0.0,0.0622183134624715,1
44002,63,2,1.3073508857763378,1.851544646359128,0.5441937605827902,0.21670475256385385,0.00457016029563953,0.0,0
44002,63,3,1.3073508857763378,2.096252865422949,0.7889019796466112,0.21920538505244003,0.0070707927842257046,0.0,0
44002,64,1,1.1611929913127828,1.7137089943590393,0.5525160030462566,0.17282262430550324,0.004974830517560036,0.0622183134624715,1
44002,64,2,1.1611929913127828,1.5102633203514135,0.3490703290386308,0.1687142005691141,0.000866406781170892,0.0,0
44002,64,3,1.1611929913127828,1.5364755955459224,0.37528260423313964,0.1678477937879432,0.0,0.0,0
44002,65,1,1.7742536770795951,2.109095731467631,0.3348420543880357,0.08830184413165788,0.007714563116342013,0.062218313462471496,1
44002,65,2,1.7742536770795951,2.0919024272766378,0.31764875019704264,0.08058728101531587,0.0,0.0,0
44002,65,3,1.7742536770795951,2.5369633482848695,0.7627096712052743,0.08692492814408527,0.0063376471287694,0.0,0
44002,66,1,2.282498303711943,3.478204809835762,1.1957065061238188,0.3161410594918568,0.050551996895005114,0.0835146089502499,1
44002,66,2,2.282498303711943,3.0256796858744925,0.7431813821625495,0.26558906259685167,0.0,0.0,0
44002,66,3,2.282498303711943,2.9323340954277795,0.6498357917158364,0.2776733001241002,0.01208423752724852,0.0,0
44002,67,1,2.101122300238426,2.437047291694533,0.3359249914561073,0.22512593099012418,0.018253378456802583,0.06444768225332909,1
44002,67,2,2.101122300238426,2.4221012587879995,0.3209789585495737,0.2068725525333216,0.0,0.0,0
44002,67,3,2.101122300238426,2.497049738707731,0.3959274384693052,0.20960557623955237,0.0027330237062307694,0.0,0
44002,68,1,2.0512371932012594,2.6380253766404325,0.586788183439173,0.16030659715588172,0.0348973987244772,0.0644476822533291,1
44002,68,2,2.0512371932012594,2.4268221748402667,0.37558498163900733,0.12628805730275375,0.0008788588713492251,0.0,0
44002,68,3,2.0512371932012594,2.3477063048971774,0.29646911169591794,0.12540919843140452,0.0,0.0,0
44002,69,1,1.7834530178909773,2.182431497762816,0.39897847987183876,0.06783222447985685,0.0055344283107021525,0.0,0
44002,69,2,1.7834530178909773,1.9632377266774206,0.17978470878644326,0.0629202299645055,0.0006224337953508047,0.0,0
44002,69,3,1.7834530178909773,1.9739606898522524,0.19050767196127505,0.06229779616915469,0.0,0.0,0
44002,70,1,5.914632160798974,6.258313214393082,0.34368105359410794,0.2439495084599273,0.00039335896146133753,0.0,0
44002,70,2,5.914632160798974,6.544809784840322,0.6301776240413481,0.2445143482134828,0.0009581987150168447,0.0,0
44002,70,3,5.914632160798974,6.377029222930789,0.46239706213181453,0.24355614949846596,0.0,0.0,0
44002,71,1,5.120968214126867,5.54539393657736,0.4244257224504935,0.22546416629563445,0.0050445330635426056,0.0,0
44002,71,2,5.120968214126867,5.416679075750979,0.2957108616241122,0.22301646457789892,0.0025968313458070713,0.0,0
44002,71,3,5.120968214126867,5.5541178476899775,0.43314963356311065,0.22041963323209185,0.0,0.0,0
44002,72,1,5.152651312512843,5.5447038070198165,0.39205249450697366,0.1760168260019052,0.009219965740989544,0.0,0
44002,72,2,5.152651312512843,5.522218946466356,0.3695676339535128,0.16679686026091567,0.0,0.0,0
44002,72,3,5.152651312512843,5.3719960341448445,0.2193447216320017,0.1698311547335731,0.003034294472657434,0.0,0
44002,73,1,5.519414405679127,6.382109269561363,0.8626948638822363,0.06262547063764733,0.0,0.0,0
44002,73,2,5.519414405679127,6.06109414491381,0.5416797392346826,0.07170063750380985,0.009075166866162526,0.0,0
44002,73,3,5.519414405679127,6.193758301981547,0.6743438963024202,0.07360638045952354,0.010980909821876217,0.0,0
44002,74,1,7.448680742999031,7.698397704946197,0.24971696194716664,0.08947953743930681,0.004023485441153649,0.0,0
44002,74,2,7.448680742999031,7.561735838956588,0.11305509595755758,0.08545605199815316,0.0,0.0,0
44002,74,3,7.448680742999031,7.543211220149056,0.09453047715002505,0.08629623889808428,0.0008401868999311224,0.0,0
44002,75,1,7.890056051700428,8.30340907797174,0.4133530262713112,0.2494768726505075,0.016673379091836554,0.0,0
44002,75,2,7.890056051700428,8.22945119677227,0.3393951450718422,0.23280349355867094,0.0,0.0,0
44002,75,3,7.890056051700428,8.220216823504316,0.3301607718038877,0.23376166785381866,0.0009581742951477179,0.0,0
44003,0,1,1.5671404204925374,2.3185703261228134,0.751429905630276,0.15562051816839556,0.002916541722610938,0.0,0
44003,0,2,1.5671404204925374,2.033652151784523,0.46651173129198575,0.1543821707889524,0.001678194343167766,0.0,0
44003,0,3,1.5671404204925374,2.4552137498464774,0.88807332935394,0.15270397644578462,0.0,0.0,0
44003,1,1,2.2333818814884134,2.534068988975761,0.3006871074873474,0.06339250521729652,0.003746388757375728,0.0,0
44003,1,2,2.2333818814884134,2.6139882794219806,0.3806063979335672,0.06153265583385517,0.001886539373934383,0.0,0
44003,1,3,2.2333818814884134,2.6167987487202184,0.383416867231805,0.05964611645992079,0.0,0.0,0
44003,2,1,1.153505907073645,1.323408570250471,0.1699026631768259,0.1473187342219153,0.0,0.0,0
44003,2,2,1.153505907073645,1.4574272780122186,0.3039213709385735,0.17535473248246175,0.028035998260546452,0.0,0
44003,2,3,1.153505907073645,1.499824851138477,0.346318944064832,0.19686889445804948,0.04955016023613418,0.0,0
44003,3,1,1.5109301615563049,2.200447831559045,0.6895176700027403,0.12242325830836401,0.008812168587856425,0.0,0
44003,3,2,1.5109301615563049,2.1805613491076676,0.6696311875513627,0.11361108972050758,0.0,0.0,0
44003,3,3,1.5109301615563049,2.269697903150639,0.7587677415943341,0.1144578334053468,0.000846743684839224,0.0,0
44003,4,1,2.2979567011544404,3.2851390440300263,0.9871823428755859,0.25964058980039845,0.0,0.0,0
44003,4,2,2.2979567011544404,3.1057351173149805,0.8077784161605401,0.2672841638381045,0.007643574037706047,0.0,0
44003,4,3,2.2979567011544404,3.4289676362589057,1.1310109351044653,0.2705960887534648,0.010955498953066356,0.0,0
44003,5,1,1.508002437660431,2.3482928100199825,0.8402903723595514,0.207307287055324,0.01214948362788204,0.0,0
44003,5,2,1.508002437660431,1.9773709298421145,0.4693684921816834,0.20707204556317996,0.011914242135737996,0.0,0
44003,5,3,1.508002437660431,2.4871783246258974,0.9791758869654663,0.19515780342744196,0.0,0.0,0
44003,6,1,1.8314495329199372,2.3511880149302335,0.5197384820102964,0.10466094563664052,0.0,0.0,0
44003,6,2,1.8314495329199372,2.5735516352008196,0.7421021022808825,0.11045318266200954,0.005792237025369018,0.0,0
44003,6,3,1.8314495329199372,2.3774831331721606,0.5460336002522235,0.11547923523199834,0.010818289595357813,0.0,0
44003,7,1,1.2508445809765272,1.2855689676781579,0.034724386701630694,0.13008094914444224,0.0,0.05092522270449268,1
44003,7,2,1.2508445809765272,1.530094738209009,0.2792501572324819,0.15037250527926715,0.020291556134824917,0.0,0
44003,7,3,1.2508445809765272,1.388615548983426,0.1377709680068988,0.16491414583087666,0.03483319668643442,0.0,0
44003,8,1,1.3774250159285795,2.0171017047769864,0.6396766888484069,0.13124971265509902,0.011818526759975051,0.05092522270449269,1
44003,8,2,1.3774250159285795,2.1120474252370256,0.7346224093084461,0.11943118589512397,0.0,0.0,0
44003,8,3,1.3774250159285795,2.101565347660787,0.7241403317322077,0.12206877446033607,0.0026375885652120956,0.0,0
44003,9,1,2.394921377744648,3.1380960812328498,0.7431747034882017,0.11950214518481429,0.03711533549011989,0.0509252227044927,1
44003,9,2,2.394921377744648,2.796388481731417,0.40146710398676877,0.0823868096946944,0.0,0.0,0
44003,9,3,2.394921377744648,2.7478364862098674,0.35291510846521934,0.08432640182216934,0.0019395921274749373,0.0,0
44003,10,1,2.030550717665198,2.1640326839816044,0.13348196631640663,0.17217373425706006,0.0,0.0,0
44003,10,2,2.030550717665198,2.3311914579856947,0.3006407403204969,0.21566046721571785,0.04348673295865779,0.0,0
44003,10,3,2.030550717665198,2.3521388441558297,0.32158812649063195,0.22103607870868988,0.04886234445162982,0.0,0
44003,11,1,0.8107043045354922,1.038941269527967,0.2282369649924747,0.13920854396418905,0.0,0.0,0
44003,11,2,0.8107043045354922,1.2638771296219415,0.4531728250864493,0.15385765314000835,0.014649109175819297,0.0,0
44003,11,3,0.8107043045354922,1.1460890438456093,0.33538473931011703,0.15454032574992488,0.015331781785735826,0.0,0
44003,12,1,1.0981328342662322,2.422918837825481,1.324786003559249,0.10651354981512097,0.0033047363730641655,0.0,0
44003,12,2,1.0981328342662322,2.151148004998485,1.0530151707322526,0.1032088134420568,0.0,0.0,0
44003,12,3,1.0981328342662322,1.7180478124280867,0.6199149781618545,0.10687359257868867,0.0036647791366318655,0.0,0
44003,13,1,1.8683084731879163,2.171793347441785,0.30348487425386894,0.06433805173858909,0.003519362362425192,0.0,0
44003,13,2,1.8683084731879163,2.078285955388941,0.20997748220102475,0.061546672960009284,0.0007279835838453902,0.0,0
44003,13,3,1.8683084731879163,2.235606561744247,0.3672980885563306,0.060818689376163894,0.0,0.0,0
44003,14,1,2.1117382863977374,4.512754609844239,2.401016323446502,0.341199782535918,0.06769151228500159,0.11047041319742712,1
44003,14,2,2.1117382863977374,3.43196668214906,1.3202283957513226,0.273759180282024,0.00025091003110760957,0.0,0
44003,14,3,2.1117382863977374,3.116746435781894,1.0050081493841567,0.2735082702509164,0.0,0.0,0
44003,15,1,1.6558900329046828,2.1186657330985734,0.4627757001938906,0.16513144373643968,0.01124453116647986,0.11047041319742712,1
44003,15,2,1.6558900329046828,2.0378111032060415,0.3819210703013587,0.15944160939625746,0.005554696826297639,0.0,0
44003,15,3,1.6558900329046828,2.2389457327317173,0.5830556998270344,0.15388691256995982,0.0,0.0,0
44003,16,1,1.640345990657576,2.3136485438181293,0.6733025531605534,0.09767890768046585,0.0,0.11047041319742712,1
44003,16,2,1.640345990657576,2.4544413911331295,0.8140954004755536,0.10553653846487197,0.007857630784406128,0.0,0
44003,16,3,1.640345990657576,2.330405702915834,0.6900597122582579,0.10330403050720775,0.005625122826741907,0.0,0
44003,17,1,2.6005415988595777,2.974552513465869,0.3740109146062913,0.11059230702128495,0.04186375920353538,0.11047041319742712,1
44003,17,2,2.6005415988595777,2.755407051177617,0.1548654523180395,0.06872854781774956,0.0,0.0,0
44003,17,3,2.6005415988595777,2.728319669378221,0.1277780705186431,0.07013949712680005,0.0014109493090504882,0.0,0
44003,18,1,1.6299460127433825,2.3851091104914692,0.7551630977480868,0.1608144244340273,0.018912902306172708,0.02492474952322482,1
44003,18,2,1.6299460127433825,2.07411073818679,0.44416472544340757,0.1419015221278546,0.0,0.033845780081112165,1
44003,18,3,1.6299460127433825,2.053112377989602,0.4231663652462194,0.15757407239673168,0.015672550268877095,0.0,0
44003,19,1,1.6757622777416348,2.2722358048055646,0.5964735270639299,0.11373987795845679,0.018949481031246232,0.08760380419184988,1
44003,19,2,1.6757622777416348,2.0509198687563064,0.3751575910146716,0.09479039692721056,0.0,0.05375802411073766,1
44003,19,3,1.6757622777416348,2.0791550053890218,0.403392727647387,0.10056352224422993,0.005773125317019373,0.0,0
44003,20,1,2.3280842461516595,2.718944281546444,0.3908600353947844,0.2118327130720084,0.0,0.15462808858677535,1
44003,20,2,2.3280842461516595,2.7681712198855473,0.4400869737338877,0.28799605288434743,0.07616333981233903,0.0847037421332123,1
44003,20,3,2.3280842461516595,3.003743466954112,0.6756592208024523,0.3181121310105364,0.10627941793852802,0.0,0
44003,21,1,1.2598711109196328,1.905750416189462,0.6458793052698293,0.14229778795433334,0.0,0.13827243609086357,1
44003,21,2,1.2598711109196328,2.0339044352661713,0.7740333243465385,0.19614678300070879,0.05384899504637544,0.08470374213321227,1
44003,21,3,1.2598711109196328,2.1212863371879274,0.8614152262682946,0.20352706262298262,0.061229274668649275,0.0,0
44003,22,1,2.172571304410999,2.9773401704324365,0.8047688660214374,0.15476942334061194,0.012677982471409749,0.1382724360908636,1
44003,22,2,2.172571304410999,3.0304646247083316,0.8578933202973325,0.15383483664621164,0.011743395777009447,0.0847037421332123,1
44003,22,3,2.172571304410999,3.399667302552957,1.2270959981419578,0.1420914408692022,0.0,0.0,0
44003,23,1,1.4710137129612513,2.1637471054980746,0.6927333925368233,0.2038524863535649,0.0,0.02656498464327947,1
44003,23,2,1.4710137129612513,2.101901076269926,0.6308873633086749,0.21573254855585583,0.01188006220229093,0.04267112124828573,1
44003,23,3,1.4710137129612513,2.3080709718295678,0.8370572588683165,0.20966948807800154,0.005817001724436638,0.0,0
44003,24,1,2.0374728371037247,2.907493418216967,0.8700205811132422,0.17020228798050183,0.04199234109890704,0.02656498464327947,1
44003,24,2,2.0374728371037247,2.576194765800323,0.5387219286965981,0.1282099468815948,0.0,0.04267112124828573,1
44003,24,3,2.0374728371037247,2.4830387439787045,0.44556590687497977,0.1479122880812602,0.019702341199665407,0.0,0
44003,25,1,2.6306735964041983,2.9993633051781647,0.36868970877396645,0.12981263126397183,0.0425460261458465,0.042671121248285745,1
44003,25,2,2.6306735964041983,2.8235580952035644,0.1928844987993661,0.08726660511812533,0.0,0.0,0
44003,25,3,2.6306735964041983,2.8063001817297497,0.17562658532555142,0.08848018351417411,0.001213578396048784,0.0,0
44003,26,1,2.3234011844562956,2.5886147305509177,0.2652135460946221,0.14881555181199368,0.0,0.0051964798883908925,1
44003,26,2,2.3234011844562956,2.903973244098399,0.5805720596421033,0.18349164185820788,0.03467609004621419,0.019907284977201845,1
44003,26,3,2.3234011844562956,3.0153899795530883,0.6919887950967927,0.18559066057643842,0.03677510876444473,0.0,0
44003,27,1,3.1176706055088728,4.66416445615316,1.5464938506442873,0.16455458217487878,0.0,0.027841694405100204,1
44003,27,2,3.1176706055088728,4.637535496606032,1.5198648910971588,0.2603872131856998,0.09583263101082101,0.007934409427898359,1
44003,27,3,3.1176706055088728,5.493071631213583,2.3754010257047105,0.3095109135422295,0.1449563313673507,0.0,0
44003,28,1,3.943820107384505,5.352144616242741,1.4083245088582363,0.3439184347099852,0.0,0.013808323728276117,1
44003,28,2,3.943820107384505,5.272003700593798,1.328183593209293,0.3679003440543133,0.023981909344328145,0.0,0
44003,28,3,3.943820107384505,5.3762805374772755,1.4324604300927706,0.38442017227839936,0.04050173756841419,0.005998785933675421,1
44003,29,1,2.231574780563671,3.8503045664218063,1.618729785858135,0.2767041180258212,0.030641151788227322,0.0,0
44003,29,2,2.231574780563671,3.195021765090864,0.9634469845271929,0.2695153774193794,0.023452411181785565,0.005998785933675477,1
44003,29,3,2.231574780563671,3.5486610892095127,1.3170863086458415,0.24606296623759386,0.0,0.006548697641278578,1
44003,30,1,2.610686083604995,3.184374620356415,0.57368853675142,0.2597242085987021,0.0,0.0,0
44003,30,2,2.610686083604995,3.1289077652472157,0.5182216816422205,0.2692386871617941,0.00951447856309201,0.0,0
44003,30,3,2.610686083604995,3.402698220773723,0.7920121371687276,0.2735204717972387,0.013796263198536607,0.0,0
44003,31,1,2.4743826047392954,3.0986700637790165,0.6242874590397212,0.21819650494006285,0.0,0.0,0
44003,31,2,2.4743826047392954,2.9089391003767133,0.43455649563741794,0.22563916352336427,0.007442658583301426,0.0,0
44003,31,3,2.4743826047392954,3.119796500120268,0.6454138953809725,0.23596077190685041,0.017764266966787567,0.0,0
44003,32,1,1.965348302565498,2.325282911356699,0.359934608791201,0.15891117907951124,0.018299652286937085,0.0,0
44003,32,2,1.965348302565498,2.4841390666876997,0.5187907641222016,0.1466612189820485,0.006049692189474348,0.0,0
44003,32,3,1.965348302565498,2.4384190605034304,0.4730707579379323,0.14061152679257416,0.0,0.0,0
44003,33,1,2.377973665980522,2.702621057383187,0.32464739140266463,0.07205863972313352,0.008873884245143376,0.0,0
44003,33,2,2.377973665980522,2.7677345468175254,0.3897608808370032,0.06411190702273037,0.0009271515447402262,0.0,0
44003,33,3,2.377973665980522,2.785934942361248,0.40796127638072566,0.06318475547799014,0.0,0.0,0
44003,34,1,1.007516614043447,1.165389641888369,0.15787302784492185,0.15172094941934447,0.0,0.0,0
44003,34,2,1.007516614043447,1.2686768956576109,0.2611602816141638,0.18473764720399694,0.033016697784652466,0.0,0
44003,34,3,1.007516614043447,1.3102639069031727,0.3027472928597257,0.19281762326049365,0.04109667384114918,0.0,0
44003,35,1,1.3102698718835577,1.3988363969490414,0.08856652506548368,0.12760735249344496,0.0,0.0,0
44003,35,2,1.3102698718835577,1.786055000632023,0.47578512874846535,0.15482283184881462,0.027215479355369665,0.0,0
44003,35,3,1.3102698718835577,1.7556611790620973,0.4453913071785396,0.15445809525613435,0.026850742762689395,0.0,0
44003,36,1,1.2112453482862648,2.0789506159765447,0.8677052676902799,0.08251141416173709,0.005758280882747324,0.0,0
44003,36,2,1.2112453482862648,1.7152083740743382,0.5039630257880734,0.07675313327898976,0.0,0.0,0
44003,36,3,1.2112453482862648,2.2022400026892006,0.9909946544029358,0.08531774206133912,0.008564608782349353,0.0,0
44003,37,1,1.0093497068908963,1.2233494154401956,0.21399970854929928,0.16007723765101778,0.0,0.072347899417334,1
44003,37,2,1.0093497068908963,1.6682427616769426,0.6588930547860463,0.19422927771680298,0.034152040065785205,0.0,0
44003,37,3,1.0093497068908963,1.870534138278569,0.8611844313876726,0.19341906926205324,0.03334183161103546,0.0,0
44003,38,1,1.1353328438378352,1.324469243006415,0.18913639916857994,0.1477815104895241,0.0,0.07234789941733397,1
44003,38,2,1.1353328438378352,1.3690696776854658,0.23373683384763067,0.16863576401763922,0.020854253528115124,0.0,0
44003,38,3,1.1353328438378352,1.4133063460343689,0.2779735021965337,0.1795630182537458,0.0317815077642217,0.0,0
44003,39,1,1.0479483542644874,1.2102964072804547,0.16234805301596733,0.11875284208519299,0.0,0.07234789941733397,1
44003,39,2,1.0479483542644874,1.4719121337805106,0.42396377951602315,0.13256993933900468,0.013817097253811694,0.0,0
44003,39,3,1.0479483542644874,1.435208890571554,0.3872605363070667,0.13308606160798161,0.014333219522788626,0.0,0
44003,40,1,3.8904595269014344,4.698176512124311,0.8077169852228767,0.0736161052656814,0.00683214621463929,0.07234789941733395,1
44003,40,2,3.8904595269014344,4.2201593737457355,0.3296998468443011,0.0667839590510421,0.0,0.0,0
44003,40,3,3.8904595269014344,4.487474188592748,0.5970146616913139,0.06937765642521122,0.0025936973741691183,0.0,0
44003,41,1,2.5157532873981627,3.223742374952721,0.7079890875545582,0.19649524601575002,0.0,0.05283552369197686,1
44003,41,2,2.5157532873981627,3.1187592734174707,0.603005986019308,0.2781269173753786,0.08163167135962857,0.0,0
44003,41,3,2.5157532873981627,4.26685279600649,1.7510995086083274,0.3329100971159881,0.1364148511002381,0.05179244947310335,1
44003,42,1,1.9921415213084355,2.469725425552064,0.47758390424362873,0.13430479771223072,0.0,0.034478101762006275,1
44003,42,2,1.9921415213084355,2.59665116912931,0.6045096478208747,0.17608161196710773,0.041776814254877004,0.04320805752788198,1
44003,42,3,1.9921415213084355,2.691559971437914,0.6994184501294785,0.19203049064818584,0.057725692935955114,0.0,0
44003,43,1,1.8155324215130555,2.635213549559098,0.8196811280460425,0.1019490196285554,0.001425238181437416,0.08627055123510952,1
44003,43,2,1.8155324215130555,2.3601150438929617,0.5445826223799062,0.10052378144711799,0.0,0.04306249370722756,1
44003,43,3,1.8155324215130555,2.4705113100233964,0.6549788885103409,0.1051497937371976,0.004626012290079612,0.0,0
44003,44,1,2.7539648050838172,3.334751253493537,0.5807864484097198,0.13571975069050693,0.0404239609290879,0.043062493707227575,1
44003,44,2,2.7539648050838172,3.162252478378778,0.40828767329496074,0.10087568136935947,0.005579891607940438,0.0,0
44003,44,3,2.7539648050838172,3.354891028179208,0.6009262230953909,0.09529578976141903,0.0,0.0,0
44003,45,1,2.564271176268506,3.2904474868587075,0.7261763105902013,0.24516391946031357,0.0,0.0,0
44003,45,2,2.564271176268506,3.22570612855181,0.6614349522833036,0.26103125810180594,0.015867338641492368,0.0,0
44003,45,3,2.564271176268506,3.4598678083502654,0.8955966320817592,0.26949500894835693,0.024331089488043356,0.0,0
44003,46,1,2.2730004046968113,2.685541462944834,0.4125410582480229,0.18075987322256307,0.009530262637854614,0.0,0
44003,46,2,2.2730004046968113,2.7671437670501633,0.494143362353352,0.17653233754221284,0.005302726957504389,0.0,0
44003,46,3,2.2730004046968113,2.6990028458771285,0.42600244118031716,0.17122961058470845,0.0,0.0,0
44003,47,1,2.027096944771317,2.840445773823544,0.8133488290522268,0.09199793998788094,0.0,0.0,0
44003,47,2,2.027096944771317,2.8057762776981585,0.7786793329268415,0.10569206363806731,0.013694123650186366,0.0,0
44003,47,3,2.027096944771317,2.7616360845041745,0.7345391397328576,0.10861136436842608,0.01661342438054514,0.0,0
44003,48,1,2.5313594633012633,2.732911639505552,0.2015521762042889,0.07822250657602417,0.016157476282029452,0.0,0
44003,48,2,2.5313594633012633,2.7648268077738014,0.23346734447253814,0.06206503029399472,0.0,0.0,0
44003,48,3,2.5313594633012633,2.8015145565019597,0.2701550932006964,0.0622683952087816,0.00020336491478688268,0.0,0
44003,49,1,2.6113132350849346,3.055172271798858,0.44385903671392324,0.1577433852461208,0.0,0.06393501236756044,1
44003,49,2,2.6113132350849346,3.0698159409856047,0.4585027059006701,0.15796399350488446,0.00022060825876366041,0.03511716300549639,1
44003,49,3,2.6113132350849346,3.040626548840515,0.42931331375558024,0.1766646923146424,0.018921307068521603,0.0,0
44003,50,1,1.9304315468060533,2.6346567437173425,0.7042251969112892,0.12440148203591625,0.026144694206708813,0.07130580130109096,1
44003,50,2,1.9304315468060533,2.235257885726776,0.30482633892072286,0.09825678782920744,0.0,0.036188638295594544,1
44003,50,3,1.9304315468060533,2.2700961405538633,0.33966459374781,0.10373631047757528,0.005479522648367846,0.0,0
44003,51,1,1.811216830782127,2.048818004032146,0.23760117325001895,0.14796305516132055,0.0,0.031182541263446828,1
44003,51,2,1.811216830782127,2.1240018614617378,0.3127850306796107,0.1812355747679079,0.033272519606587336,0.0,0
44003,51,3,1.811216830782127,2.2139973561454913,0.4027805253633643,0.1899066127322568,0.04194355757093626,0.0,0
44003,52,1,1.2247289883804104,1.725412913003184,0.5006839246227734,0.135597096891502,0.0,0.0311825412634468,1
44003,52,2,1.2247289883804104,1.8589700459883596,0.6342410576079491,0.1751343291673059,0.039537232275803885,0.0,0
44003,52,3,1.2247289883804104,1.9297941801988796,0.7050651918184692,0.1834824049198302,0.04788530802832819,0.0,0
44003,53,1,1.9331002991065638,2.578313459796033,0.6452131606894691,0.11850418139918922,0.03208333679241909,0.031182541263446814,1
44003,53,2,1.9331002991065638,2.2971185180613105,0.36401821895474673,0.08642084460677013,0.0,0.0,0
44003,53,3,1.9331002991065638,2.2443095420828185,0.31120924297625474,0.08894033865895687,0.002519494052186738,0.0,0
44003,54,1,2.231563339930986,2.4282179132783592,0.19665457334737324,0.1451835894340553,0.0,0.0919584807787151,1
44003,54,2,2.231563339930986,2.4849017567605998,0.2533384168296138,0.1936681398783533,0.048484550444298,0.0,0
44003,54,3,2.231563339930986,2.598644411582867,0.3670810716518811,0.20585650838707997,0.06067291895302468,0.0,0
44003,55,1,1.786067822875704,1.9776178821084731,0.19155005923276902,0.14324689626239973,0.0,0.06857270650413214,1
44003,55,2,1.786067822875704,2.1014869535790437,0.3154191307033396,0.18378480542670153,0.040537909164301805,0.0,0
44003,55,3,1.786067822875704,2.364900775119737,0.5788329522440328,0.21623415086482006,0.07298725460242034,0.0,0
44003,56,1,1.7992214340796095,2.733729558272144,0.9345081241925344,0.11113636073114075,0.012179080432491024,0.06857270650413211,1
44003,56,2,1.7992214340796095,2.2280497406915005,0.428828306611891,0.09895728029864972,0.0,0.0,0
44003,56,3,1.7992214340796095,2.295607473515039,0.4963860394354296,0.10340335508398601,0.00444607478533629,0.0,0
44003,57,1,1.3258050563240766,1.466467004457537,0.14066194813346033,0.16525039071058467,0.0,0.061752505250102493,1
44003,57,2,1.3258050563240766,1.6330828615155177,0.3072778051914411,0.20115311928271626,0.03590272857213159,0.0,0
44003,57,3,1.3258050563240766,1.6030645697691934,0.2772595134451168,0.2016157105953068,0.036365319884722136,0.0,0
44003,58,1,1.2116495906656068,1.271452798647131,0.059803207981524054,0.1333093416754443,0.0,0.061752505250102493,1
44003,58,2,1.2116495906656068,1.6308885850918784,0.41923899442627155,0.15437792846678963,0.021068586791345323,0.0,0
44003,58,3,1.2116495906656068,1.648254938263176,0.4366053475975691,0.15310258765971724,0.019793245984272928,0.0,0
44003,59,1,1.6491391908700685,2.0963778045475996,0.44723861367753104,0.08052117080443633,0.0,0.061752505250102493,1
44003,59,2,1.6491391908700685,2.2343209986784984,0.5851818078084299,0.08101506767427213,0.0004938968698358082,0.0,0
44003,59,3,1.6491391908700685,2.2245308073878225,0.575391616517754,0.092209864660818,0.011688693856381674,0.0,0
44003,60,1,2.549295963039891,4.048085420887711,1.49878945784782,0.3253689630857758,0.02553788897296405,0.01759573700221681,1
44003,60,2,2.549295963039891,3.61813200316084,1.0688360401209493,0.3023571160471462,0.0025260419343344775,0.0,0
44003,60,3,2.549295963039891,3.446300363021431,0.8970043999815402,0.29983107411281174,0.0,0.0,0
44003,61,1,2.2125294420766184,2.9957146281896088,0.7831851861129904,0.23100696477878976,0.0,0.0,0
44003,61,2,2.2125294420766184,2.991887173524745,0.7793577314481266,0.24041641090022173,0.009409446121431964,0.0,0
44003,61,3,2.2125294420766184,3.10714040623175,0.8946109641551314,0.2453891546636198,0.014382189884830032,0.0,0
44003,62,1,2.5154683980400936,3.109007601417835,0.5935392033777416,0.14910877440798365,0.023032334965630563,0.0,0
44003,62,2,2.5154683980400936,3.0771805402262826,0.561712142186189,0.12607643944235308,0.0,0.0,0
44003,62,3,2.5154683980400936,3.1018354363125225,0.5863670382724289,0.13143370831848292,0.005357268876129834,0.0,0
44003,63,1,2.36791347976026,2.6223423354420334,0.2544288556817733,0.07582515913448303,0.015804552156426628,0.0,0
44003,63,2,2.36791347976026,2.691676932581668,0.32376345282140795,0.06059937321224572,0.0005787662341893221,0.0,0
44003,63,3,2.36791347976026,2.7664016110057856,0.3984881312455255,0.0600206069780564,0.0,0.0,0
44003,64,1,11.726601994045406,12.252874831330967,0.5262728372855605,0.24040320593612052,0.0,0.0,0
44003,64,2,11.726601994045406,11.923299032347725,0.1966970383023181,0.2424970100681599,0.002093804132039384,0.0,0
44003,64,3,11.726601994045406,12.285425941797234,0.5588239477518275,0.24606184923849983,0.005658643302379307,0.0,0
44003,65,1,11.345834537394264,11.508149765523651,0.16231522812938692,0.21929731142415157,0.007407419804679627,0.0,0
44003,65,2,11.345834537394264,11.611605333542926,0.2657707961486615,0.21188989161947194,0.0,0.0,0
44003,65,3,11.345834537394264,11.50398870578659,0.15815416839232554,0.2130284524352335,0.0011385608157615523,0.0,0
44003,66,1,11.311788786098605,11.830337941728468,0.5185491556298629,0.1627063628270249,0.0,0.0,0
44003,66,2,11.311788786098605,11.463066417659922,0.15127763156131735,0.16529634123871448,0.002589978411689592,0.0,0
44003,66,3,11.311788786098605,11.834933029720306,0.5231442436217009,0.17301918187356607,0.010312819046541188,0.0,0
44003,67,1,11.390587963309809,12.068838221663464,0.6782502583536552,0.060056176857032045,0.0,0.0,0
44003,67,2,11.390587963309809,11.67542648225226,0.2848385189424505,0.06515021975876238,0.005094042901730336,0.0,0
44003,67,3,11.390587963309809,12.009265469588232,0.6186775062784236,0.06892805145476816,0.008871874597736112,0.0,0
44003,68,1,1.2780696174124713,1.4154975344305494,0.1374279170180781,0.1472340781672506,0.0,0.0,0
44003,68,2,1.2780696174124713,1.5804376092769605,0.30236799186448926,0.1663742069244961,0.019140128757245495,0.0,0
44003,68,3,1.2780696174124713,1.5954757488133944,0.3174061314009231,0.17402675572195161,0.026792677554701022,0.0,0
44003,69,1,1.306897723676077,2.200513378519598,0.8936156548435208,0.11346465528770969,0.0047243684318822865,0.0,0
44003,69,2,1.306897723676077,2.100865251156782,0.7939675274807048,0.10998345944501814,0.0012431725891907386,0.0,0
44003,69,3,1.306897723676077,2.1874844733155365,0.8805867496394595,0.1087402868558274,0.0,0.0,0
44003,70,1,1.5921661476838969,1.8355138192638356,0.24334767157993875,0.071727976138962,0.009565405735472689,0.0,0
44003,70,2,1.5921661476838969,1.9404695181341964,0.3483033704502996,0.062162570403489305,0.0,0.0,0
44003,70,3,1.5921661476838969,1.9235285784534963,0.3313624307695995,0.06277824774494595,0.0006156773414566427,0.0,0
44003,71,1,8.806217084458918,9.005240545455852,0.19902346099693347,0.14822932979997067,0.0037432057581948674,0.02865559526397478,1
44003,71,2,8.806217084458918,9.26565266213718,0.4594355776782617,0.15792210127951165,0.013435977237735847,0.019615240181346985,1
44003,71,3,8.806217084458918,9.242850251709788,0.43663316725086965,0.1444861240417758,0.0,0.0,0
44003,72,1,8.038976345712506,8.177078334893414,0.13810198918090855,0.10041349500287099,0.012532097639854897,0.01961524018134698,1
44003,72,2,8.038976345712506,8.187788639928659,0.14881229421615316,0.09371519075112966,0.005833793388113573,0.0,0
44003,72,3,8.038976345712506,8.397480131626228,0.35850378591372234,0.08788139736301609,0.0,0.0,0
44003,73,1,8.529833735177743,8.733219759290403,0.20338602411266038,0.17594717058240586,0.014351195489561541,0.0,0
44003,73,2,8.529833735177743,8.834391462258216,0.30455772708047313,0.17500383913003803,0.013407864037193712,0.01269568920702821,1
44003,73,3,8.529833735177743,8.89582633519306,0.36599260001531775,0.16159597509284432,0.0,0.014112671336431279,1
44003,74,1,11.376860874842665,11.518662486311726,0.14180161146906123,0.1147971928991176,0.025111680397428893,0.0,0
44003,74,2,11.376860874842665,11.45402180424759,0.07716092940492558,0.09727668770500657,0.007591175203317854,0.0014169821294030757,0
44003,74,3,11.376860874842665,11.654212558107321,0.27735168326465676,0.08968551250168871,0.0,0.0014169821294030757,0
44003,75,1,8.68973453052574,9.31407189806544,0.6243373675396988,0.27682869315422926,0.039770047867621394,0.01842137647382411,1
44003,75,2,8.68973453052574,9.115463234516579,0.4257287039908384,0.2621897802573645,0.02513113497075664,0.0,0
44003,75,3,8.68973453052574,9.341247440490516,0.6515129099647758,0.23705864528660786,0.0,0.0,0
44004,0,1,1.2380553247780022,2.1968465403320963,0.9587912155540941,0.17156735209615115,0.00822236685564215,0.0,0
44004,0,2,1.2380553247780022,2.126753625911142,0.8886983011331397,0.163344985240509,0.0,0.0,0
44004,0,3,1.2380553247780022,2.062914258989083,0.824858934211081,0.16570462668282018,0.0023596414423111833,0.0,0
44004,1,1,1.5494398517037848,2.1819938210148755,0.6325539693110906,0.14080132075977958,0.02729647412106094,0.0,0
44004,1,2,1.5494398517037848,2.0652211980132846,0.5157813463094998,0.11350484663871864,0.0,0.0,0
44004,1,3,1.5494398517037848,2.0645562406691815,0.5151163889653967,0.11671200888262623,0.003207162243907588,0.0,0
44004,2,1,1.9887461657936636,2.291216802862396,0.30247063706873245,0.0845346174441261,0.024410349471161705,0.0,0
44004,2,2,1.9887461657936636,2.404252591668214,0.41550642587455044,0.06314068164204485,0.0030164136690804533,0.0,0
44004,2,3,1.9887461657936636,2.465936921374639,0.47719075558097535,0.0601242679729644,0.0,0.0,0
44004,3,1,1.2092090178316586,1.647454707024624,0.43824568919296536,0.13350838442028495,0.0,0.0,0
44004,3,2,1.2092090178316586,1.834737909635812,0.6255288918041535,0.20780391063313935,0.0742955262128544,0.0,0
44004,3,3,1.2092090178316586,1.81598071588745,0.6067716980557913,0.2050594768516693,0.07155109243138436,0.0,0
44004,4,1,1.2667872724506335,1.449076829359636,0.18228955690900261,0.12463296115771884,0.011251078952706065,0.0,0
44004,4,2,1.2667872724506335,1.453422657364581,0.1866353849139475,0.11338188220501277,0.0,0.0,0
44004,4,3,1.2667872724506335,1.3563059016761354,0.08951862922550191,0.1155725895308919,0.0021907073258791293,0.0,0
44004,5,1,2.2792450552323187,3.294311021824447,1.0150659665921284,0.2317828649558048,0.005340853573948645,0.09483314300626658,1
44004,5,2,2.2792450552323187,3.1271191998117662,0.8478741445794475,0.22644201138185616,0.0,0.0,0
44004,5,3,2.2792450552323187,3.3867599659340355,1.1075149107017168,0.22687835868251074,0.00043634730065458815,0.0,0
44004,6,1,1.538140777050857,2.404679326916757,0.8665385498659,0.19746272370731993,0.006018926903430533,0.09483314300626661,1
44004,6,2,1.538140777050857,2.6182079433940055,1.0800671663431485,0.19398539652771263,0.002541599723823229,0.0,0
44004,6,3,1.538140777050857,2.6477240196989866,1.1095832426481296,0.1914437968038894,0.0,0.0,0
44004,7,1,1.625328611828614,1.9961461749851708,0.3708175631565567,0.12471006392588707,0.0145116059901879,0.09483314300626661,1
44004,7,2,1.625328611828614,1.8794940936383129,0.2541654818096988,0.11019845793569917,0.0,0.0,0
44004,7,3,1.625328611828614,1.9413854396350385,0.3160568278064244,0.11415927161281818,0.003960813677119007,0.0,0
44004,8,1,1.187503070128167,1.7607690823710311,0.5732660122428641,0.11743457562531139,0.0,0.05111366543868609,1
44004,8,2,1.187503070128167,1.8245645471327017,0.6370614770045346,0.15949531725779836,0.04206074163248698,0.0,0
44004,8,3,1.187503070128167,1.8052373077699795,0.6177342376418125,0.15761691878938125,0.040182343164069864,0.0,0
44004,9,1,1.1366738909021554,1.3448217548490176,0.20814786394686213,0.12701445378511395,0.01605379566753884,0.05111366543868606,1
44004,9,2,1.1366738909021554,1.731348577264087,0.5946746863619317,0.11141012065918202,0.0004494625416069098,0.0,0
44004,9,3,1.1366738909021554,1.7507133758818856,0.6140394849797302,0.1109606581175751,0.0,0.0,0
44004,10,1,2.516952657204613,2.9325009149478567,0.4155482577432439,0.06846594202992443,0.0,0.05111366543868607,1
44004,10,2,2.516952657204613,2.929704112805637,0.4127514556010241,0.08357073681809916,0.015104794788174739,0.0,0
44004,10,3,2.516952657204613,3.087214833211312,0.570262176006699,0.08446613011435138,0.01600018808442695,0.0,0
44004,11,1,1.8387370824217926,2.5532661583297696,0.714529075907977,0.19119915225700992,0.0,0.0,0
44004,11,2,1.8387370824217926,2.6466964351766373,0.8079593527548448,0.20494397594750363,0.013744823690493707,0.0,0
44004,11,3,1.8387370824217926,2.4663778111050414,0.6276407286832488,0.203236111751024,0.012036959494014066,0.0,0
44004,12,1,0.9382998905006723,2.0488712457094076,1.1105713552087353,0.1600898994665415,0.007949911093783013,0.0,0
44004,12,2,0.9382998905006723,2.0460290411078237,1.1077291506071514,0.1521399883727585,0.0,0.0,0
44004,12,3,0.9382998905006723,1.9300070661465774,0.991707175645905,0.15352197169714257,0.0013819833243840784,0.0,0
44004,13,1,1.069771413267218,1.4720022271497886,0.40223081388257054,0.12105121299142664,0.024169921824322635,0.0,0
44004,13,2,1.069771413267218,1.4250607079414952,0.35528929467427717,0.096881291167104,0.0,0.0,0
44004,13,3,1.069771413267218,1.4144841438778069,0.3447127306105888,0.09917502253933083,0.002293731372226826,0.0,0
44004,14,1,1.5317256735825118,1.8414969971061883,0.30977132352367653,0.07099644624576527,0.0076567993199849055,0.0,0
44004,14,2,1.5317256735825118,1.7409270944524082,0.20920142086989646,0.06336665359939872,2.700667361835163e-05,0.0,0
44004,14,3,1.5317256735825118,1.8671961916787132,0.33547051809620143,0.06333964692578037,0.0,0.0,0
44004,15,1,2.4760945752943053,3.128774370853136,0.6526797955588308,0.22717188799147195,0.030078944128990148,0.0,0
44004,15,2,2.4760945752943053,2.9293434389546507,0.45324886366034534,0.1970929438624818,0.0,0.0,0
44004,15,3,2.4760945752943053,3.1509647888756986,0.6748702135813933,0.2028532070761995,0.005760263213717698,0.0,0
44004,16,1,1.6626132125145563,2.1203099469201896,0.4576967344056333,0.14396785787290084,0.027990986192419298,0.0,0
44004,16,2,1.6626132125145563,1.9949653258203857,0.33235211330582937,0.11597687168048154,0.0,0.0,0
44004,16,3,1.6626132125145563,1.9933907317038035,0.33077751918924725,0.1178777971167118,0.001900925436230258,0.0,0
44004,17,1,1.7654192669643778,1.877276309723707,0.11185704275932928,0.12386063495106324,0.02026619387937742,0.0,0
44004,17,2,1.7654192669643778,2.0976070969191327,0.33218782995475493,0.10377155280106899,0.00017711172938317254,0.0,0
44004,17,3,1.7654192669643778,2.1038286556865917,0.33840938872221393,0.10359444107168582,0.0,0.0,0
44004,18,1,2.063506090849917,2.2252343500409775,0.16172825919106026,0.09461754991097855,0.021365430382773845,0.0,0
44004,18,2,2.063506090849917,2.3427852128940425,0.2792791220441253,0.0732521195282047,0.0,0.0,0
44004,18,3,2.063506090849917,2.2425925221735734,0.1790864313236562,0.0734748522194387,0.00022273269123398998,0.0,0
44004,19,1,1.7879238225961906,2.2030581233219944,0.4151343007258037,0.16452736476801022,0.03163392902423298,0.025373362017712398,1
44004,19,2,1.7879238225961906,2.2250753604357887,0.43715153783959804,0.1332924571729026,0.00039902142912537353,0.03435234270071985,1
44004,19,3,1.7879238225961906,2.3236133867512647,0.5356895641550741,0.13289343574377724,0.0,0.0,0
44004,20,1,1.6846044162316869,1.9157824991109926,0.23117808287930575,0.11553725235208791,0.026420621650832588,0.08782356380638665,1
44004,20,2,1.6846044162316869,1.9006532118821593,0.2160487956504724,0.08911663070125532,0.0,0.053471221105666766,1
44004,20,3,1.6846044162316869,1.9129021996824143,0.22829778345072738,0.09857740453936402,0.0094607738381087,0.0,0
44004,21,1,2.454464234722431,3.2679239639445674,0.8134597292221364,0.2235798752361633,0.0,0.07349772990849412,1
44004,21,2,2.454464234722431,3.501237661970277,1.046773427247846,0.24116948826557297,0.017589613029409673,0.08588736738313907,1
44004,21,3,2.454464234722431,3.40703296992434,0.952568735201909,0.23799865894049635,0.014418783704333055,0.0,0
44004,22,1,1.288582557172788,2.378172874872183,1.0895903176993949,0.16595448061924076,0.0005292904932512332,0.05712746870485219,1
44004,22,2,1.288582557172788,1.7392421661689361,0.4506596089961481,0.16542519012598952,0.0,0.08588736738313907,1
44004,22,3,1.288582557172788,2.341846449251915,1.053263892079127,0.1669055004847593,0.0014803103587697763,0.0,0
44004,23,1,2.340561059979304,3.188128169121783,0.8475671091424792,0.17569084450757727,0.03365675729717035,0.05712746870485219,1
44004,23,2,2.340561059979304,3.0164837794422197,0.6759227194629158,0.14820150633891818,0.0061674191285112645,0.08588736738313907,1
44004,23,3,2.340561059979304,3.123652145221507,0.7830910852422033,0.14203408721040692,0.0,0.0,0
44004,24,1,2.1755308912343434,2.764477127049911,0.5889462358155675,0.11263920382405164,0.032294437030089204,0.08588736738313908,1
44004,24,2,2.1755308912343434,2.5986201539116904,0.42308926267734703,0.08034476679396244,0.0,0.0,0
44004,24,3,2.1755308912343434,2.622154202125177,0.44662331089083374,0.08095430830096886,0.0006095415070064281,0.0,0
44004,25,1,1.3991714885880073,2.359228789747385,0.9600573011593778,0.18018080267884848,0.0014646527613609572,0.027537764709339912,1
44004,25,2,1.3991714885880073,1.8975250173210814,0.49835352873307404,0.17871614991748752,0.0,0.042564203508683146,1
44004,25,3,1.3991714885880073,2.3929216733584346,0.9937501847704273,0.18144636239210407,0.00273021247461655,0.0,0
44004,26,1,1.4339513565774333,1.8555037646116528,0.42155240803421945,0.1561188587245747,0.03465600458042514,0.027537764709339912,1
44004,26,2,1.4339513565774333,1.6286018419781634,0.19465048540073004,0.12146285414414956,0.0,0.042564203508683146,1
44004,26,3,1.4339513565774333,1.5882710670067843,0.154319710429351,0.12934441919190123,0.00788156504775167,0.0,0
44004,27,1,2.1294811622118934,2.7479408839606707,0.6184597217487773,0.09700259812843079,0.010645407053190267,0.042564203508683146,1
44004,27,2,2.1294811622118934,2.5631976794170788,0.43371651720518534,0.08635719107524052,0.0,0.0,0
44004,27,3,2.1294811622118934,2.5616537991441213,0.43217263693222785,0.0887955674785419,0.0024383764033013844,0.0,0
44004,28,1,2.628391509326553,3.4729644402575075,0.8445729309309544,0.23572027949947727,0.0,0.007705552885725664,1
44004,28,2,2.628391509326553,3.449508427033421,0.8211169177068678,0.23675462770325337,0.0010343482037760976,0.02099082744729952,1
44004,28,3,2.628391509326553,3.5118353669957885,0.8834438576692354,0.23739136662557903,0.0016710871261017557,0.0,0
44004,29,1,3.2017064218138254,4.568627347211998,1.3669209253981727,0.23759794479607813,0.016792699262150046,0.03028667775818611,1
44004,29,2,3.2017064218138254,4.472908781656369,1.271202359842544,0.22080524553392808,0.0,0.009295850310886589,1
44004,29,3,3.2017064218138254,4.126469589432782,0.9247631676189565,0.2379717775944022,0.01716653206047411,0.0,0
44004,30,1,3.979882554333576,5.585575511235544,1.6056929569019682,0.2843152070656941,0.008544596216549405,0.012923067823694456,1
44004,30,2,3.979882554333576,5.281077316961467,1.3011947626278908,0.27577061084914467,0.0,0.0,0
44004,30,3,3.979882554333576,5.2477463281014005,1.2678637737678247,0.27791206894904,0.0021414580998953547,0.0049603962597957185,0
44004,31,1,2.463866406688452,4.123825956693476,1.6599595500050235,0.2384027278077539,0.05259904984392541,0.0,0
44004,31,2,2.463866406688452,3.471579758544377,1.0077133518559247,0.1858036779638285,0.0,0.004960396259795774,0
44004,31,3,2.463866406688452,3.406383305009809,0.9425168983213568,0.19062281770923947,0.004819139745410983,0.00441471533448734,0
44004,32,1,2.4769220796970934,2.773944190879439,0.29702211118234567,0.23671670542607817,0.0,0.0,0
44004,32,2,2.4769220796970934,2.72816565015583,0.25124357045873635,0.2398823721863433,0.00316566676026514,0.0,0
44004,32,3,2.4769220796970934,2.6456236211570365,0.1687015414599431,0.2457552102692316,0.009038504843153439,0.0,0
44004,33,1,2.4391021089658715,2.834758275396496,0.3956561664306246,0.18773401551557095,0.0,0.0,0
44004,33,2,2.4391021089658715,2.71903256407169,0.2799304551058186,0.19200254074338613,0.004268525227815179,0.0,0
44004,33,3,2.4391021089658715,2.6922455230109756,0.2531434140451041,0.19630256607693466,0.008568550561363714,0.0,0
44004,34,1,2.027656449465172,2.222528107436986,0.19487165797181394,0.12628006721496154,0.025640254548562155,0.0,0
44004,34,2,2.027656449465172,2.158341774284787,0.13068532481961492,0.10063981266639939,0.0,0.0,0
44004,34,3,2.027656449465172,2.165614053952587,0.1379576044874149,0.10217127103044633,0.0015314583640469448,0.0,0
44004,35,1,2.3766397229011464,2.4918736413995104,0.11523391849836395,0.08138869177052716,0.013686134407216971,0.0,0
44004,35,2,2.3766397229011464,2.5566136988248247,0.17997397592367825,0.07016571431816436,0.002463156954854176,0.0,0
44004,35,3,2.3766397229011464,2.5380979293614705,0.16145820646032405,0.06770255736331018,0.0,0.0,0
44004,36,1,1.1364042116142372,1.5476835334464363,0.41127932183219906,0.1347632695674113,0.0,0.0,0
44004,36,2,1.1364042116142372,1.7715341407206406,0.6351299291064034,0.2026515489615235,0.06788827939411218,0.0,0
44004,36,3,1.1364042116142372,1.7033412192535358,0.5669370076392986,0.19678810263822197,0.062024833070810664,0.0,0
44004,37,1,1.3044915259741894,1.5946179179657656,0.2901263919915762,0.11822399194324451,0.0,0.0,0
44004,37,2,1.3044915259741894,1.629276791873646,0.32478526589945655,0.15534916325541742,0.03712517131217291,0.0,0
44004,37,3,1.3044915259741894,1.6436831572000876,0.33919163122589824,0.15016476337892506,0.031940771435680554,0.0,0
44004,38,1,1.223534600049868,2.0703336500782035,0.8467990500283356,0.07055232552923699,0.0,0.0,0
44004,38,2,1.223534600049868,1.8218167268068899,0.598282126757022,0.07653800004073162,0.005985674511494635,0.0,0
44004,38,3,1.223534600049868,2.4482854043347198,1.2247508042848518,0.08039572816237336,0.009843402633136378,0.0,0
44004,39,1,0.9545172477293768,2.170506310731173,1.215989063001796,0.19142085434046263,0.0,0.0,0
44004,39,2,0.9545172477293768,2.2807173863320327,1.3262001386026558,0.19816550430605107,0.006744649965588434,0.0,0
44004,39,3,0.9545172477293768,1.8789149998922121,0.9243977521628353,0.20298335869990616,0.011562504359443532,0.0,0
44004,40,1,1.3611159799247399,1.8428635754342442,0.4817475955095043,0.16003787680466883,0.0,0.0,0
44004,40,2,1.3611159799247399,2.177259509670931,0.8161435297461912,0.16901943684576134,0.008981560041092518,0.0,0
44004,40,3,1.3611159799247399,2.0270375010555153,0.6659215211307754,0.17143181322977485,0.011393936425106027,0.0,0
44004,41,1,1.0521666388990782,1.595125590124868,0.5429589512257897,0.1270452927651375,0.027910939877225857,0.0,0
44004,41,2,1.0521666388990782,1.4272052771733144,0.3750386382742361,0.09913435288791166,0.0,0.0,0
44004,41,3,1.0521666388990782,1.4283508078037155,0.37618416890463724,0.1014668697324625,0.0023325168445508387,0.0,0
44004,42,1,3.933922330065181,4.356871491124954,0.4229491610597731,0.06536313774889346,0.0,0.0,0
44004,42,2,3.933922330065181,4.302952869069894,0.36903053900471283,0.07481814236890487,0.009455004620011406,0.0,0
44004,42,3,3.933922330065181,4.236666956211278,0.3027446261460969,0.07426465942034145,0.00890152167144799,0.0,0
44004,43,1,2.474269925726264,2.9497877824331153,0.4755178567068512,0.14483918542131818,0.0,0.05273268683503701,1
44004,43,2,2.474269925726264,3.164815517371278,0.6905455916450141,0.21795704311763336,0.07311785769631518,0.0,0
44004,43,3,2.474269925726264,3.1447904280417704,0.6705205023155063,0.21898227859911837,0.07414309317780018,0.05198091033549157,1
44004,44,1,2.023262018947303,3.0004951196841234,0.9772331007368202,0.13337392608451723,0.00944527314805338,0.03520894964800991,1
44004,44,2,2.023262018947303,2.9920011614946516,0.9687391425473484,0.12392865293646385,0.0,0.04405793876143277,1
44004,44,3,2.023262018947303,2.8570067173110916,0.8337446983637884,0.13243092381407645,0.0085022708776126,0.0,0
44004,45,1,2.0254395738275504,2.497250054473082,0.47181048064553144,0.07250046358799302,0.0,0.08718985998350148,1
44004,45,2,2.0254395738275504,2.587142632738562,0.5617030589110117,0.10067410472189837,0.02817364113390536,0.043131921222068714,1
44004,45,3,2.0254395738275504,2.7551497299384287,0.7297101561108783,0.10536646416908693,0.032866000581093915,0.0,0
44004,46,1,2.881906192708295,3.778557404410596,0.8966512117023009,0.09617365307796531,0.0018568700529710547,0.04313192122206873,1
44004,46,2,2.881906192708295,3.5415902761376024,0.6596840834293074,0.09431678302499426,0.0,0.0,0
44004,46,3,2.881906192708295,3.3771050176947766,0.4951988249864816,0.09460717689650412,0.0002903938715098642,0.0,0
44004,47,1,2.498580514825348,2.9443262929773306,0.44574577815198246,0.20757564581099822,0.0,0.04187016865249055,1
44004,47,2,2.498580514825348,2.8912056892964193,0.39262517447107115,0.21703876166694913,0.009463115855950915,0.0,0
44004,47,3,2.498580514825348,2.9482526553000143,0.4496721404746662,0.22571491759979231,0.018139271788794098,0.0,0
44004,48,1,2.1913674687988483,2.417290826151122,0.22592335735227387,0.14605617038656787,0.027729392478139117,0.0,0
44004,48,2,2.1913674687988483,2.5096471564180143,0.31827968761916603,0.12042403456195852,0.0020972566535297638,0.0,0
44004,48,3,2.1913674687988483,2.518632453705,0.32726498490615175,0.11832677790842876,0.0,0.0,0
44004,49,1,1.8987270059935397,2.718126756190396,0.8193997501968562,0.10010396074928306,0.0,0.0,0
44004,49,2,1.8987270059935397,3.024877382580455,1.1261503765869152,0.10958612334192415,0.009482162592641091,0.0,0
44004,49,3,1.8987270059935397,2.7087450709118417,0.810018064918302,0.10898123407304006,0.008877273323756998,0.0,0
44004,50,1,2.2318297755418386,2.349822734976417,0.11799295943457855,0.07605158581614797,0.011270387602138734,0.0,0
44004,50,2,2.2318297755418386,2.3537895467802867,0.12195977123844814,0.06501919033423177,0.0002379921202225327,0.0,0
44004,50,3,2.2318297755418386,2.382277274659594,0.15044749911775535,0.06478119821400924,0.0,0.0,0
44004,51,1,2.6747453757997826,3.685097327054951,1.0103519512551684,0.14891652785733261,0.0018166149770573736,0.06441678493264058,1
44004,51,2,2.6747453757997826,3.6193824515581623,0.9446370757583797,0.14709991288027524,0.0,0.03559947310103434,1
44004,51,3,2.6747453757997826,3.114564067744822,0.4398186919450393,0.14842125439678647,0.0013213415165112263,0.0,0
44004,52,1,1.9935981375885343,2.5990874063564915,0.6054892687679572,0.10503344369047081,0.013241516857629115,0.0718453139388103,1
44004,52,2,1.9935981375885343,2.5959050470058007,0.6023069094172664,0.0917919268328417,0.0,0.03624584083777596,1
44004,52,3,1.9935981375885343,2.375532361888343,0.3819342242998087,0.09903844833535407,0.007246521502512371,0.0,0
44004,53,1,1.6259714537973238,2.226396628110786,0.6004251743134621,0.16900729718950497,0.0,0.031598521710651195,1
44004,53,2,1.6259714537973238,2.094080113510361,0.4681086597130373,0.1733168519043239,0.0043095547148189195,0.0,0
44004,53,3,1.6259714537973238,2.2771327018202236,0.6511612480228999,0.18015699534160687,0.0111496981521019,0.0,0
44004,54,1,1.1774714540591213,1.4169046612467107,0.23943320718758931,0.13772201210211088,0.024594620352353477,0.03159852171065122,1
44004,54,2,1.1774714540591213,1.2427104935352773,0.06523903947615595,0.1131273917497574,0.0,0.0,0
44004,54,3,1.1774714540591213,1.2863244615120126,0.10885300745289128,0.11442894801680285,0.0013015562670454506,0.0,0
44004,55,1,2.121393014429471,2.5369296757767925,0.4155366613473217,0.0725094963450013,0.0,0.03159852171065124,1
44004,55,2,2.121393014429471,2.5814121001188175,0.4600190856893467,0.08866872255151445,0.016159226206513153,0.0,0
44004,55,3,2.121393014429471,2.6510013366666194,0.5296083222371486,0.09116081753903256,0.018651321194031262,0.0,0
44004,56,1,2.139414294246655,2.3105374416507765,0.1711231474041215,0.123816979969255,0.0,0.058186029690341146,1
44004,56,2,2.139414294246655,2.5164801892750917,0.3770658950284367,0.19851581278192196,0.07469883281266695,0.06862167575053205,1
44004,56,3,2.139414294246655,2.4689403011998237,0.3295260069531687,0.18952365364618867,0.06570667367693367,0.0,0
44004,57,1,1.863763078829178,2.3044070780637247,0.4406439992345468,0.1219155648493095,0.0,0.058186029690341146,1
44004,57,2,1.863763078829178,2.554104293511607,0.6903412146824293,0.20791909228844901,0.08600352743913951,0.06862167575053205,1
44004,57,3,1.863763078829178,2.5593488218703873,0.6955857430412093,0.20996298643262848,0.08804742158331898,0.0,0
44004,58,1,1.9531610778469926,2.0886950894475502,0.13553401160055767,0.08500803845443143,0.0,0.06862167575053202,1
44004,58,2,1.9531610778469926,2.360964362478263,0.40780328463127047,0.09650028143561243,0.011492242981180997,0.0,0
44004,58,3,1.9531610778469926,2.4039299388820234,0.4507688610350309,0.10257469326606156,0.017566654811630125,0.0,0
44004,59,1,1.5119107940976604,2.27857765237842,0.7666668582807596,0.18988268099133246,0.0,0.061836685014711,1
44004,59,2,1.5119107940976604,2.41247377891324,0.9005629848155796,0.19761472465768312,0.007732043666350663,0.0,0
44004,59,3,1.5119107940976604,2.331314641929723,0.8194038478320627,0.19717162448674833,0.007288943495415867,0.0,0
44004,60,1,1.2193610466096074,1.9154642246790878,0.6961031780694804,0.15954627634954338,0.00483633114017451,0.061836685014710985,1
44004,60,2,1.2193610466096074,1.9115986215313652,0.6922375749217577,0.15470994520936887,0.0,0.0,0
44004,60,3,1.2193610466096074,1.8958010793034803,0.6764400326938729,0.15500752742984814,0.0002975822204792644,0.0,0
44004,61,1,1.8188828433557043,2.475529331967553,0.6566464886118486,0.08760463772699656,0.006117783954568121,0.061836685014711,1
44004,61,2,1.8188828433557043,2.011579295370665,0.19269645201496077,0.08148685377242844,0.0,0.0,0
44004,61,3,1.8188828433557043,2.7000200274787876,0.8811371841230833,0.0907098017554758,0.009222947983047361,0.0,0
44004,62,1,2.59052527147078,3.8664329942405287,1.2759077227697486,0.29756046142261294,0.04702388821336728,0.07964595268491903,1
44004,62,2,2.59052527147078,3.221360193088438,0.6308349216176579,0.25053657320924566,0.0,0.0,0
44004,62,3,2.59052527147078,3.413311256852426,0.8227859853816462,0.2562793355026089,0.005742762293363235,0.0,0
44004,63,1,2.1948092598063793,2.6750960774030927,0.48028681759671343,0.19373374898648482,0.008087304281993196,0.06397300658324365,1
44004,63,2,2.1948092598063793,2.6432624060371133,0.44845314623073396,0.18564644470449163,0.0,0.0,0
44004,63,3,2.1948092598063793,2.814683899270451,0.6198746394640717,0.19013501365894925,0.004488568954457622,0.0,0
44004,64,1,2.289675821110003,2.6205340237295545,0.33085820261955146,0.15200661882795924,0.028796865590705836,0.06397300658324365,1
44004,64,2,2.289675821110003,2.577102621806857,0.2874268006968541,0.1232097532372534,0.0,0.0,0
44004,64,3,2.289675821110003,2.6024002028069453,0.3127243816969423,0.13197992597454275,0.008770172737289347,0.0,0
44004,65,1,1.9856057373203602,2.308140514402156,0.3225347770817957,0.06684483832007271,0.005102688816362361,0.0,0
44004,65,2,1.9856057373203602,2.2826919873227105,0.29708625000235034,0.06315338073925314,0.0014112312355427925,0.0,0
44004,65,3,1.9856057373203602,2.253138318815485,0.2675325814951248,0.06174214950371035,0.0,0.0,0
44004,66,1,9.271128974836248,9.596033075421731,0.32490410058548314,0.23511392333994352,0.0006269650862859577,0.0,0
44004,66,2,9.271128974836248,9.840475189430988,0.5693462145947397,0.23661895829946736,0.0021320000458097954,0.0,0
44004,66,3,9.271128974836248,9.835004801632422,0.5638758267961741,0.23448695825365756,0.0,0.0,0
44004,67,1,8.769617111835618,9.204208911536893,0.43459179970127515,0.21738778523109756,0.010090922026324362,0.0,0
44004,67,2,8.769617111835618,8.989445992789387,0.2198288809537683,0.21010196305265494,0.0028050998478817424,0.0,0
44004,67,3,8.769617111835618,9.315982265626392,0.5463651537907737,0.2072968632047732,0.0,0.0,0
44004,68,1,8.741051103698464,9.131118318128872,0.3900672144304078,0.16771268725694086,0.0022915254235654214,0.0,0
44004,68,2,8.741051103698464,8.994483525216703,0.2534324215182391,0.16726485395857843,0.0018436921252029947,0.0,0
44004,68,3,8.741051103698464,9.24933936372689,0.5082882600284258,0.16542116183337544,0.0,0.0,0
44004,69,1,8.80310255277438,9.309791890512392,0.5066893377380115,0.06186803444685416,0.0,0.0,0
44004,69,2,8.80310255277438,9.054954087025811,0.2518515342514309,0.07236505797623946,0.0104970235293853,0.0,0
44004,69,3,8.80310255277438,9.144208905382989,0.3411063526086089,0.07911056151316415,0.017242527066309986,0.0,0
44004,70,1,1.2165128125530793,2.1315179482862137,0.9150051357331344,0.16385588310515356,0.0,0.0,0
44004,70,2,1.2165128125530793,2.042227864779156,0.8257150522260766,0.16710575632251964,0.003249873217366084,0.0,0
44004,70,3,1.2165128125530793,2.2491277065597544,1.032614894006675,0.17057134849254738,0.006715465387393815,0.0,0
44004,71,1,1.511034243984021,1.6979239715072112,0.18688972752319022,0.12927595844209902,0.022214544478183343,0.0,0
44004,71,2,1.511034243984021,1.911009710425165,0.3999754664411441,0.10901624158011478,0.001954827616199098,0.0,0
44004,71,3,1.511034243984021,1.9176181449492689,0.4065839009652479,0.10706141396391568,0.0,0.0,0
44004,72,1,1.5037852145089792,1.917719374606761,0.4139341600977817,0.07048842139014226,0.005341940487614591,0.0,0
44004,72,2,1.5037852145089792,1.981905655180131,0.4781204406711519,0.06514648090252767,0.0,0.0,0
44004,72,3,1.5037852145089792,1.9410610505143158,0.4372758360053366,0.06583211720912338,0.0006856363065957105,0.0,0
44004,73,1,4.4899267719522395,5.274062664349603,0.7841358923973631,0.28774604898419376,0.03351970330814269,0.025664743586064742,1
44004,73,2,4.4899267719522395,4.839434785855909,0.3495080139036695,0.2640735485633359,0.009847202887284856,0.0,0
44004,73,3,4.4899267719522395,5.186409834453167,0.6964830625009277,0.25422634567605107,0.0,0.027254450823162024,1
44004,74,1,3.101038286297076,3.8002473817263507,0.6992090954292749,0.19607582612025284,0.008263277095015203,0.021857397737893636,1
44004,74,2,3.101038286297076,3.521972311454887,0.4209340251578113,0.19089963247256814,0.0030870834473304964,0.049111848561055604,1
44004,74,3,3.101038286297076,3.868641670682075,0.7676033843849992,0.18781254902523764,0.0,0.0,0
44004,75,1,3.7506868814140377,4.134097762881646,0.3834108814676087,0.11784904497723976,0.0173681051072484,0.04911184856105556,1
44004,75,2,3.7506868814140377,4.0630513349909725,0.31236445357693476,0.10048093986999136,0.0,0.0,0
44004,75,3,3.7506868814140377,4.118063512254877,0.36737663084083927,0.10845637239888975,0.007975432528898388,0.0,0
44004,76,1,8.098099532152542,8.385645000348154,0.2875454681956118,0.23680375693551048,0.01838033664260902,0.0,0
44004,76,2,8.098099532152542,8.47274337092197,0.374643838769428,0.21960333914146052,0.0011799188485590584,0.0,0
44004,76,3,8.098099532152542,8.461680832692576,0.3635813005400337,0.21842342029290146,0.0,0.0,0
44005,0,1,1.7373593630171569,2.0678936933313152,0.33053433031415835,0.12671851236694265,0.017413190190065292,0.0,0
44005,0,2,1.7373593630171569,2.0669456614968835,0.32958629847972665,0.10930532217687736,0.0,0.0,0
44005,0,3,1.7373593630171569,2.1260200370348468,0.3886606740176899,0.11740374944284288,0.008098427265965519,0.0,0
44005,1,1,1.8811543985839592,2.1229562647391935,0.24180186615523436,0.05819607288402573,0.004512746875909669,0.0,0
44005,1,2,1.8811543985839592,2.3103116886429946,0.42915729005903547,0.054851214152763283,0.0011678881446472236,0.0,0
44005,1,3,1.8811543985839592,2.335573595012778,0.4544191964288187,0.05368332600811606,0.0,0.0,0
44005,2,1,1.4110858872464043,1.7832276064577464,0.3721417192113421,0.13328811805989352,0.0,0.06502231235241382,1
44005,2,2,1.4110858872464043,2.0287812751357746,0.6176953878893703,0.2033458516254253,0.07005773356553177,0.0,0
44005,2,3,1.4110858872464043,1.9895214362966775,0.5784355490502733,0.20339656826819352,0.0701084502083,0.0,0
44005,3,1,1.562240373894253,2.103274979731049,0.5410346058367961,0.11963569331247685,0.01076910509094961,0.06502231235241382,1
44005,3,2,1.562240373894253,1.8338331768983234,0.2715928030040704,0.10886658822152724,0.0,0.0,0
44005,3,3,1.562240373894253,1.7992265339492515,0.2369861600549985,0.12281480312432366,0.013948214902796421,0.0,0
44005,4,1,2.41302066676252,3.2210205018132902,0.8079998350507704,0.21326125826768733,0.0013982024849643615,0.09564959336062487,1
44005,4,2,2.41302066676252,2.95932196702517,0.54630130026265,0.21186305578272296,0.0,0.0,0
44005,4,3,2.41302066676252,2.943807257248021,0.5307865904855014,0.21376864777189303,0.0019055919891700634,0.0,0
44005,5,1,1.6986913890995183,2.131107613008068,0.4324162239085496,0.18680176111018978,0.015157353962146958,0.09564959336062487,1
44005,5,2,1.6986913890995183,2.073955917331518,0.37526452823199974,0.17164440714804283,0.0,0.0,0
44005,5,3,1.6986913890995183,2.175421579637393,0.47673019053787447,0.17590772248401704,0.00426331533597421,0.0,0
44005,6,1,2.684772179019224,3.1673850264983567,0.4826128474791327,0.09172652971707869,0.0,0.09564959336062488,1
44005,6,2,2.684772179019224,3.1131453470507764,0.42837316803155234,0.10348865404792168,0.01176212433084299,0.0,0
44005,6,3,2.684772179019224,3.0040036759889075,0.31923149696968345,0.11465147100761854,0.022924941290539846,0.0,0
44005,7,1,1.198941788160871,1.6079770513798384,0.4090352632189673,0.12124167874909836,0.0,0.05007643767911593,1
44005,7,2,1.198941788160871,1.829958538456184,0.631016750295313,0.15822087077217092,0.036979192023072566,0.0,0
44005,7,3,1.198941788160871,1.536617478993015,0.3376756908321439,0.16046863085970844,0.039226952110610086,0.0,0
44005,8,1,1.3557658643211288,1.8208109708175377,0.46504510649640896,0.11319471339686749,0.0038186523765045555,0.050076437679115945,1
44005,8,2,1.3557658643211288,1.7649583048883806,0.4091924405672518,0.10937606102036293,0.0,0.0,0
44005,8,3,1.3557658643211288,2.041742702547051,0.6859768382259221,0.11028539339096732,0.0009093323706043932,0.0,0
44005,9,1,2.290211566994155,2.6437018227003333,0.3534902557061783,0.07910701232762431,0.0,0.05007643767911594,1
44005,9,2,2.290211566994155,2.7557154696860113,0.4655039026918564,0.08805534900797085,0.008948336680346544,0.0,0
44005,9,3,2.290211566994155,2.5693587152474637,0.2791471482533088,0.08948019857297304,0.010373186245348734,0.0,0
44005,10,1,1.8134941784549645,2.517392097553831,0.7038979190988663,0.1838781576239466,0.0,0.0,0
44005,10,2,1.8134941784549645,2.8324851675460976,1.018990989091133,0.18933299967834574,0.005454842054399139,0.0,0
44005,10,3,1.8134941784549645,2.4308959616523547,0.6174017831973901,0.19031116994211136,0.00643301231816476,0.0,0
44005,11,1,1.0454307088713932,2.339492598947463,1.2940618900760699,0.15365281674483788,0.0014379827495896724,0.0,0
44005,11,2,1.0454307088713932,2.099421728667959,1.0539910197965656,0.1522148339952482,0.0,0.0,0
44005,11,3,1.0454307088713932,1.8930775093157024,0.8476468004443092,0.15442727996816463,0.0022124459729164214,0.0,0
44005,12,1,1.1473666599212773,1.7657777338913707,0.6184110739700934,0.10184423933017048,0.005388401377274671,0.0,0
44005,12,2,1.1473666599212773,1.5895610400268536,0.4421943801055763,0.0964558379528958,0.0,0.0,0
44005,12,3,1.1473666599212773,1.597710692204359,0.4503440322830816,0.10154590833049831,0.005090070377602507,0.0,0
44005,13,1,1.6009961040944454,2.1707422881717138,0.5697461840772684,0.05588570879113769,0.0,0.0,0
44005,13,2,1.6009961040944454,2.311382115466003,0.7103860113715577,0.056864623851738474,0.0009789150606007851,0.0,0
44005,13,3,1.6009961040944454,2.029457659286803,0.42846155519235785,0.05606332503642932,0.00017761624529163272,0.0,0
44005,14,1,1.9359818665003936,2.536209276500263,0.6002274099998695,0.23311509220494145,0.01873331002346429,0.0,0
44005,14,2,1.9359818665003936,2.2487221001994953,0.31274023369910164,0.21438178218147716,0.0,0.0,0
44005,14,3,1.9359818665003936,2.4140174211914935,0.47803555469109993,0.23221193789944364,0.017830155717966478,0.0,0
44005,15,1,1.7088015713205678,1.8866074306978298,0.177805859377262,0.1286409417962113,0.016940591205475905,0.0,0
44005,15,2,1.7088015713205678,1.8816815983442745,0.17288002702370675,0.1117003505907354,0.0,0.0,0
44005,15,3,1.7088015713205678,1.977977202188394,0.26917563086782614,0.11821835559890884,0.006518005008173441,0.0,0
44005,16,1,1.8530108291540976,2.392321964333246,0.5393111351791484,0.1059280481601313,0.0019158282638980367,0.0,0
44005,16,2,1.8530108291540976,1.9762941589258287,0.12328332977173106,0.10401221989623326,0.0,0.0,0
44005,16,3,1.8530108291540976,2.5691384704098974,0.7161276412557998,0.10610299829014637,0.002090778393913112,0.0,0
44005,17,1,2.529534247913915,2.8309419969060903,0.30140774899217515,0.09172657058956335,0.010362047281482115,0.0,0
44005,17,2,2.529534247913915,2.8611183756599203,0.3315841277460052,0.08136452330808124,0.0,0.0,0
44005,17,3,2.529534247913915,2.8576023021150783,0.32806805420116314,0.0823519571552865,0.0009874338472052602,0.0,0
44005,18,1,1.9971471120003563,2.8105170990521575,0.8133699870518012,0.15500931818340688,0.02501981423945976,0.02399338476144386,1
44005,18,2,1.9971471120003563,2.375038613679898,0.37789150167954166,0.12998950394394712,0.0,0.032646709932474316,1
44005,18,3,1.9971471120003563,2.760613954369517,0.7634668423691606,0.13673818128601292,0.006748677342065801,0.0,0
44005,19,1,2.1322266118616953,2.8703758205804846,0.7381492087187893,0.07371493202300797,0.0,0.08402153330944925,1
44005,19,2,2.1322266118616953,2.645043394787043,0.5128167829253476,0.09099679120734516,0.017281859184337195,0.05137482337697499,1
44005,19,3,2.1322266118616953,2.666348585111687,0.5341219732499916,0.10202839475829463,0.028313462735286662,0.0,0
44005,20,1,2.3451164036118293,3.6025616427802207,1.2574452391683915,0.2381902007990383,0.0,0.15766990248262902,1
44005,20,2,2.3451164036118293,3.5706432899332214,1.2255268863213922,0.2519721755397239,0.013781974740685599,0.08695873401496679,1
44005,20,3,2.3451164036118293,3.3603800540865185,1.0152636504746892,0.25690583997210925,0.018715639173070953,0.0,0
44005,21,1,1.36669133653902,2.008541876246192,0.6418505397071721,0.16367517652065128,0.0,0.14198835629538975,1
44005,21,2,1.36669133653902,1.9741378229515962,0.6074464864125761,0.16403429996540675,0.0003591234447554714,0.08695873401496679,1
44005,21,3,1.36669133653902,1.745559747336723,0.37886841079770295,0.17055280686825675,0.006877630347605468,0.0,0
44005,22,1,2.3552106887349042,3.2033307741123607,0.8481200853774564,0.16581776198447218,0.022247284378394794,0.14198835629538972,1
44005,22,2,2.3552106887349042,2.8819650694452514,0.5267543807103472,0.14803810294976322,0.004467625343685833,0.08695873401496676,1
44005,22,3,2.3552106887349042,3.3413324401298987,0.9861217513949945,0.14357047760607738,0.0,0.0,0
44005,23,1,1.5429005239453215,1.9543735370506745,0.411473013105353,0.17851128675777836,0.01740673966253803,0.04151545147597485,1
44005,23,2,1.5429005239453215,1.918135163684105,0.37523463973878357,0.16110454709524033,0.0,0.0,0
44005,23,3,1.5429005239453215,2.0187180409166765,0.475817516971355,0.17514134939297146,0.014036802297731132,0.0,0
44005,24,1,1.3906843957060657,1.7450727403471178,0.35438834464105207,0.13017710749166456,0.014297195895417891,0.04151545147597485,1
44005,24,2,1.3906843957060657,1.6221392304196969,0.23145483471363115,0.11587991159624667,0.0,0.0,0
44005,24,3,1.3906843957060657,1.860408403999624,0.4697240082935583,0.12627571679590188,0.010395805199655217,0.0,0
44005,25,1,2.0061155848779526,2.6235791908445174,0.6174636059665648,0.08797495523470085,0.0,0.04151545147597485,1
44005,25,2,2.0061155848779526,2.320099690335204,0.3139841054572514,0.08874123075909549,0.0007662755243946356,0.0,0
44005,25,3,2.0061155848779526,2.3993880552190694,0.3932724703411168,0.09089004966484382,0.00291509443014297,0.0,0
44005,26,1,2.3851833435147802,3.140893395510852,0.7557100519960716,0.2136644086775072,0.0,0.005519456792222155,1
44005,26,2,2.3851833435147802,3.0029161586634467,0.6177328151486665,0.2198606330828688,0.006196224405361606,0.020675710844230533,1
44005,26,3,2.3851833435147802,2.892284478366571,0.5071011348517906,0.22501383704186353,0.011349428364356345,0.0,0
44005,27,1,3.2578477354554374,4.024571915386554,0.7667241799311166,0.21143947911385133,0.0,0.03002543060849555,1
44005,27,2,3.2578477354554374,4.022539623846786,0.7646918883913485,0.21593662146596035,0.004497142352109018,0.009349719764265074,1
44005,27,3,3.2578477354554374,4.177636674406321,0.9197889389508833,0.24119389239868227,0.029754413284830944,0.0,0
44005,28,1,4.070044145606313,5.472490135129329,1.4024459895230157,0.2884338194864621,0.0008512304736331688,0.013838273207116503,1
44005,28,2,4.070044145606313,5.285620237573969,1.2155760919676561,0.2875825890128289,0.0,0.0,0
44005,28,3,4.070044145606313,5.217958279443329,1.1479141338370162,0.30165352166997395,0.014070932657145041,0.006776620757155016,1
44005,29,1,2.239238106707922,3.617409445487797,1.3781713387798753,0.20415070378674322,0.027533009959466892,0.0,0
44005,29,2,2.239238106707922,2.967727109776029,0.7284890030681073,0.17661769382727632,0.0,0.006776620757154961,1
44005,29,3,2.239238106707922,3.0145045030478568,0.7752663963399349,0.18985221417592973,0.013234520348653411,0.007952558064136639,1
44005,30,1,2.642957888814213,2.9618480237442535,0.3188901349300406,0.22038696756955564,0.0,0.0,0
44005,30,2,2.642957888814213,3.059023915397312,0.4160660265830991,0.23636567718049722,0.015978709610941583,0.0,0
44005,30,3,2.642957888814213,2.9279497899323923,0.2849919011181794,0.24315377554008116,0.02276680797052552,0.0,0
44005,31,1,2.526755965781579,2.955637083120446,0.42888111733886713,0.18231376954407325,0.0,0.0,0
44005,31,2,2.526755965781579,2.918831624726196,0.39207565894461727,0.19781006011179192,0.015496290567718674,0.0,0
44005,31,3,2.526755965781579,2.8149994367474585,0.28824347096587966,0.20538711533916232,0.023073345795089073,0.0,0
44005,32,1,2.177298233604463,2.377564071833212,0.200265838228749,0.10651902787454832,0.007202783382763825,0.0,0
44005,32,2,2.177298233604463,2.2520832201526577,0.07478498654819488,0.0993162444917845,0.0,0.0,0
44005,32,3,2.177298233604463,2.484164369715815,0.3068661361113523,0.1052886125369005,0.005972368045116,0.0,0
44005,33,1,2.5578754088645326,3.411603292172208,0.8537278833076756,0.05858748811583966,0.0,0.0,0
44005,33,2,2.5578754088645326,3.509577508271877,0.9517020994073446,0.0600061549930898,0.0014186668772501396,0.0,0
44005,33,3,2.5578754088645326,3.0044196968099324,0.4465442879453998,0.05982007275503631,0.0012325846391966558,0.0,0
44005,34,1,1.1382446611391122,1.5634758526148644,0.4252311914757523,0.13396670239855676,0.0,0.0,0
44005,34,2,1.1382446611391122,2.0599750650210824,0.9217304038819703,0.19275519511867395,0.058788492720117186,0.0,0
44005,34,3,1.1382446611391122,1.9079607019834104,0.7697160408442982,0.18966963652596433,0.055702934127407566,0.0,0
44005,35,1,1.3356291327622722,1.59386885853688,0.25823972577460785,0.12371076442774988,0.0,0.0,0
44005,35,2,1.3356291327622722,1.820368847833238,0.4847397150709658,0.14862449547795953,0.02491373105020965,0.0,0
44005,35,3,1.3356291327622722,1.7981363910236616,0.4625072582613894,0.1484009848142495,0.02469022038649961,0.0,0
44005,36,1,1.1735450604870161,1.7714369030825714,0.5978918425955553,0.05391604272572996,0.0,0.0,0
44005,36,2,1.1735450604870161,1.826072815280765,0.6525277547937489,0.07395347215223119,0.020037429426501233,0.0,0
44005,36,3,1.1735450604870161,2.0075470953905543,0.8340020349035382,0.07946358509397985,0.025547542368249895,0.0,0
44005,37,1,1.2029846645857907,2.416837662957596,1.2138529983718054,0.18461435345590785,0.004026219524032648,0.0,0
44005,37,2,1.2029846645857907,2.0583297300304872,0.8553450654446966,0.1805881339318752,0.0,0.0,0
44005,37,3,1.2029846645857907,2.0495113492520654,0.8465266846662747,0.18808661986237957,0.007498485930504367,0.0,0
44005,38,1,1.3941377133775212,1.6091011949699978,0.21496348159247658,0.15519949824803578,0.0,0.0,0
44005,38,2,1.3941377133775212,1.7719635267568392,0.377825813379318,0.17775704953315716,0.02255755128512138,0.0,0
44005,38,3,1.3941377133775212,1.6887012930167298,0.29456357963920854,0.1855209224904664,0.030321424242430617,0.0,0
44005,39,1,1.1461771808216568,1.646648577135369,0.5004713963137122,0.1058193851052201,0.007123350048601762,0.0,0
44005,39,2,1.1461771808216568,1.5811179287775274,0.4349407479558707,0.09869603505661834,0.0,0.0,0
44005,39,3,1.1461771808216568,1.5346134611593751,0.3884362803377184,0.10357268242859585,0.004876647371977516,0.0,0
44005,40,1,3.8813680657142933,4.265432366707833,0.3840643009935394,0.05694389254625565,0.0,0.0,0
44005,40,2,3.8813680657142933,4.13041795613467,0.2490498904203764,0.072427898832556,0.015484006286300353,0.0,0
44005,40,3,3.8813680657142933,4.143781076026824,0.2624130103125304,0.07625868800700666,0.019314795460751016,0.0,0
44005,41,1,2.0019116367531513,2.652096352459279,0.6501847157061276,0.13180506334441153,0.008736834240975502,0.03300785362397707,1
44005,41,2,2.0019116367531513,2.528423209283998,0.5265115725308469,0.12306822910343602,0.0,0.04210329152722192,1
44005,41,3,2.0019116367531513,2.4981157006373707,0.49620406388421934,0.140612228220342,0.017543999116905976,0.0,0
44005,42,1,1.9093680638381563,2.4327862268462326,0.5234181630080763,0.07106894360426244,0.0,0.08313952940595418,1
44005,42,2,1.9093680638381563,2.4763543435724986,0.5669862797343423,0.09975250537775998,0.02868356177349754,0.04103623787873231,1
44005,42,3,1.9093680638381563,2.368614512188839,0.4592464483506826,0.10725515506766209,0.03618621146339965,0.0,0
44005,43,1,2.5961624310588136,3.1319826329906215,0.5358202019318079,0.194712433653558,0.0,0.040705476912787586,1
44005,43,2,2.5961624310588136,3.2136427202924103,0.6174802892335967,0.21872562768607343,0.024013194032515423,0.0,0
44005,43,3,2.5961624310588136,3.229098129636744,0.6329356985779304,0.23434964994645632,0.03963721629289832,0.0,0
44005,44,1,2.3268486528523438,2.5143660769482814,0.18751742409593763,0.12697209900114087,0.009103811681388158,0.0,0
44005,44,2,2.3268486528523438,2.439555347215135,0.11270669436279102,0.11786828731975271,0.0,0.0,0
44005,44,3,2.3268486528523438,2.6225766261473065,0.2957279732949627,0.1182832433431026,0.00041495602334988557,0.0,0
44005,45,1,2.0890643827058675,2.872877318163586,0.7838129354577186,0.07700654173542713,0.0,0.0,0
44005,45,2,2.0890643827058675,2.982234537637723,0.8931701549318554,0.10531292064572144,0.028306378910294305,0.0,0
44005,45,3,2.0890643827058675,2.833224028820679,0.7441596461148117,0.10717702855630333,0.030170486820876197,0.0,0
44005,46,1,2.8136404719476187,3.069531311157158,0.25589083920953914,0.07550991410827085,0.013186920765189708,0.0,0
44005,46,2,2.8136404719476187,3.175277202324728,0.3616367303771093,0.06397421580396237,0.0016512224608812298,0.0,0
44005,46,3,2.8136404719476187,3.1120453383301556,0.29840486638253694,0.06232299334308114,0.0,0.0,0
44005,47,1,2.856339866254113,3.218575553058808,0.362235686804695,0.14528933579152503,0.0,0.03070356133615154,1
44005,47,2,2.856339866254113,3.260738139102294,0.404398272848181,0.14690263597227707,0.0016133001807520364,0.033375304674629847,1
44005,47,3,2.856339866254113,3.2142552548674237,0.3579153886133106,0.1501234010603593,0.004834065268834259,0.0,0
44005,48,1,1.7871455618506225,2.5390230939172524,0.75187753206663,0.07076131280511215,0.0,0.06811878437416216,1
44005,48,2,1.7871455618506225,2.558336085569285,0.7711905237186627,0.09994267032494683,0.02918135751983468,0.03474347969953237,1
44005,48,3,1.7871455618506225,2.4268630924150956,0.6397175305644731,0.10708973218581244,0.03632841938070029,0.0,0
44005,49,1,1.630247151157746,2.2887552622052434,0.6585081110474973,0.16507562668417966,0.0,0.030500837711985695,1
44005,49,2,1.630247151157746,2.3642634528197193,0.7340163016619732,0.1667669405713545,0.0016913138871748334,0.0,0
44005,49,3,1.630247151157746,2.1422017335991983,0.5119545824414522,0.17640220252883482,0.011326575844655157,0.0,0
44005,50,1,1.205608777768467,1.5428987715335638,0.33728999376509683,0.12252464284737855,0.01571352572647905,0.030500837711985695,1
44005,50,2,1.205608777768467,1.369523277033903,0.163914499265436,0.1068111171208995,0.0,0.0,0
44005,50,3,1.205608777768467,1.66844253544064,0.46283375767217305,0.11392433576072183,0.0071132186398223385,0.0,0
44005,51,1,1.8091416795195627,2.3788522818359334,0.5697106023163707,0.07033274312537563,0.0,0.03050083771198571,1
44005,51,2,1.8091416795195627,2.465945307981781,0.6568036284622183,0.08896024382639224,0.01862750070101661,0.0,0
44005,51,3,1.8091416795195627,2.193038235169383,0.3838965556498204,0.09142914772295686,0.021096404597581234,0.0,0
44005,52,1,2.058101873033637,2.3182708149209432,0.2601689418873061,0.12491579450872156,0.0,0.056059455055893354,1
44005,52,2,2.058101873033637,2.620251291274813,0.5621494182411757,0.178911416700557,0.05399562219183543,0.06634907601238368,1
44005,52,3,2.058101873033637,2.6014044671874412,0.5433025941538041,0.1786617045414355,0.05374591003271395,0.0,0
44005,53,1,1.783210572608494,2.423238223973056,0.6400276513645622,0.1219524404176068,0.0,0.05605945505589337,1
44005,53,2,1.783210572608494,2.6958421424257533,0.9126315698172593,0.22095768939499522,0.09900524897738841,0.0663490760123837,1
44005,53,3,1.783210572608494,2.665612001909584,0.88240142930109,0.21988267661515323,0.09793023619754643,0.0,0
44005,54,1,1.8647514974745334,2.3397705064468908,0.4750190089723574,0.0751498613771071,0.0,0.0663490760123837,1
44005,54,2,1.8647514974745334,2.340083090876372,0.4753315934018387,0.09692509461025334,0.021775233233146243,0.0,0
44005,54,3,1.8647514974745334,2.295633185836052,0.4308816883615185,0.10719546113564103,0.03204559975853394,0.0,0
44005,55,1,1.536626029526413,2.158881053620396,0.6222550240939833,0.18306765684628312,0.0,0.06102053708795964,1
44005,55,2,1.536626029526413,2.2782311597391223,0.7416051302127094,0.18574282650112348,0.0026751696548403536,0.0,0
44005,55,3,1.536626029526413,2.1972337430848023,0.6606077135583894,0.18763914141285323,0.004571484566570111,0.0,0
44005,56,1,1.340884932511585,2.264742225926198,0.9238572934146128,0.15306659105583187,0.0037050807609517733,0.06102053708795965,1
44005,56,2,1.340884932511585,1.8673260985559614,0.5264411660443764,0.1493615102948801,0.0,0.0,0
44005,56,3,1.340884932511585,2.0572257200263104,0.7163407875147254,0.153721218657948,0.004359708363067899,0.0,0
44005,57,1,1.9331987781264366,2.6263485044496755,0.6931497263232389,0.06588951041782162,0.0,0.06102053708795964,1
44005,57,2,1.9331987781264366,2.4209448612534374,0.48774608312700085,0.08323286732306902,0.017343356905247395,0.0,0
44005,57,3,1.9331987781264366,2.4911504257010924,0.5579516475746558,0.09728331520924277,0.03139380479142115,0.0,0
44005,58,1,2.174717410331492,2.4454703485522606,0.2707529382207685,0.18492524718790512,0.008351804992010742,0.06448050922308046,1
44005,58,2,2.174717410331492,2.4585846417816875,0.2838672314501953,0.17657344219589438,0.0,0.0,0
44005,58,3,2.174717410331492,2.5048720155669164,0.3301546052354243,0.18158825473923088,0.005014812543336494,0.0,0
44005,59,1,2.4279747686277005,2.840584845669153,0.4126100770414527,0.13555223214001438,0.017082961509304287,0.06448050922308043,1
44005,59,2,2.4279747686277005,2.63125508034029,0.20328031171258942,0.1184692706307101,0.0,0.0,0
44005,59,3,2.4279747686277005,2.887697819087994,0.4597230504602936,0.12352570568766831,0.005056435056958214,0.0,0
44005,60,1,2.320537994183497,2.6108858981420013,0.2903479039585042,0.061330760623444606,0.002026958479109872,0.0,0
44005,60,2,2.320537994183497,2.765027753920259,0.44448975973676186,0.060404083753498435,0.0011002816091637002,0.0,0
44005,60,3,2.320537994183497,2.742193959386771,0.42165596520327364,0.059303802144334734,0.0,0.0,0
44005,61,1,11.833524248186265,12.082052579921067,0.2485283317348017,0.2337650537374634,0.0007517526759102666,0.0,0
44005,61,2,11.833524248186265,12.238685145310793,0.40516089712452796,0.23444436863436038,0.0014310675728072542,0.0,0
44005,61,3,11.833524248186265,12.229508443390078,0.39598419520381256,0.23301330106155313,0.0,0.0,0
44005,62,1,11.457992508127216,11.787372544139524,0.32938003601230825,0.2125145518368728,0.0094941079816456,0.0,0
44005,62,2,11.457992508127216,11.711278086799874,0.2532855786726582,0.2030204438552272,0.0,0.0,0
44005,62,3,11.457992508127216,11.68302880257572,0.22503629444850404,0.20508791021441708,0.00206746635918989,0.0,0
44005,63,1,11.469024811837189,11.774755470100251,0.30573065826306234,0.16551429175390509,0.0,0.0,0
44005,63,2,11.469024811837189,11.812781319440159,0.3437565076029703,0.16739876204933182,0.0018844702954267378,0.0,0
44005,63,3,11.469024811837189,11.634374557330052,0.16534974549286297,0.166988373525311,0.0014740817714059273,0.0,0
44005,64,1,11.51769881938643,11.988831229568804,0.4711324101823742,0.05267324116790771,0.0,0.0,0
44005,64,2,11.51769881938643,11.866071747753697,0.34837292836726697,0.07048265130581417,0.017809410137906462,0.0,0
44005,64,3,11.51769881938643,11.860257635555092,0.3425588161686619,0.07223122100407096,0.019557979836163253,0.0,0
44005,65,1,1.337657685697156,1.947806875490182,0.610149189793026,0.16073677940131254,0.0,0.0,0
44005,65,2,1.337657685697156,2.1105324095312783,0.7728747238341223,0.17509266556340208,0.014355886162089548,0.0,0
44005,65,3,1.337657685697156,1.77131322920741,0.43365554351025404,0.17618956162758412,0.015452782226271583,0.0,0
44005,66,1,1.5966052717753887,1.7921374130314327,0.195532141256044,0.1204875883176202,0.013053051748210698,0.0,0
44005,66,2,1.5966052717753887,1.7948592227465823,0.19825395097119358,0.1074345365694095,0.0,0.0,0
44005,66,3,1.5966052717753887,2.103436650271809,0.5068313784964205,0.10749336668190171,5.883011249220582e-05,0.0,0
44005,67,1,1.8090614480814142,2.4923558819580736,0.6832944338766593,0.06804623717212639,0.00790049497269589,0.0,0
44005,67,2,1.8090614480814142,2.437610027005969,0.6285485789245546,0.060745711633696985,0.0005999694342664827,0.0,0
44005,67,3,1.8090614480814142,2.430881771378552,0.6218203232971378,0.0601457421994305,0.0,0.0,0
44005,68,1,4.818775130269881,5.557420183451678,0.7386450531817976,0.2768942492657865,0.02515643259552708,0.02534930145746911,1
44005,68,2,4.818775130269881,5.292361562760773,0.47358643249089205,0.25837210048574055,0.006634283815481146,0.0,0
44005,68,3,4.818775130269881,5.537352651489735,0.7185775212198546,0.2517378166702594,0.0,0.027932853492141585,1
44005,69,1,3.6766489918516703,4.346803923634077,0.6701549317824069,0.19372944229958514,0.005916652490843971,0.020926747601737683,1
44005,69,2,3.6766489918516703,4.36651107438585,0.6898620825341801,0.18781278980874117,0.0,0.048859601093879296,1
44005,69,3,3.6766489918516703,4.082005449843784,0.40535645799211384,0.19018151807738945,0.0023687282686482847,0.0,0
44005,70,1,4.201823148353566,4.992533242837277,0.7907100944837113,0.1005719843534564,0.0,0.048859601093879296,1
44005,70,2,4.201823148353566,4.6273974704291225,0.42557432207555657,0.10875781780141995,0.008185833447963545,0.0,0
44005,70,3,4.201823148353566,4.703578670016806,0.5017555216632399,0.1171431091149059,0.016571124761449493,0.0,0
44005,71,1,1.846258512041203,2.1467461423464314,0.3004876303052284,0.13348385924850154,0.0,0.06609662133575697,1
44005,71,2,1.846258512041203,2.349881334279769,0.5036228222385661,0.2001017547901715,0.06661789554166997,0.0,0
44005,71,3,1.846258512041203,2.3097528233206264,0.4634943112794234,0.20042543474247074,0.0669415754939692,0.0,0
44005,72,1,1.3221243481403004,1.4980728032742694,0.17594845513396895,0.1274104640924674,0.0,0.06609662133575697,1
44005,72,2,1.3221243481403004,1.6857761044029964,0.36365175626269597,0.15952061438768816,0.03211015029522077,0.0,0
44005,72,3,1.3221243481403004,1.6501146260396335,0.3279902778993331,0.1578174461528345,0.0304069820603671,0.0,0
44005,73,1,2.6685174879419513,3.085954455181164,0.41743696723921264,0.08644104477498753,0.0,0.06609662133575697,1
44005,73,2,2.6685174879419513,3.4622217243809876,0.7937042364390363,0.13467461997437707,0.04823357519938955,0.0,0
44005,73,3,2.6685174879419513,3.2346082250648918,0.5660907371229404,0.12978432019060207,0.04334327541561454,0.0,0
44005,74,1,8.43376597112115,8.660617761081543,0.22685178996039213,0.21776663669875887,0.015400786479972256,0.0,0
44005,74,2,8.43376597112115,8.612596386949651,0.17883041582850012,0.2023658502187866,0.0,0.0,0
44005,74,3,8.43376597112115,8.69147022059563,0.2577042494744788,0.20387171164365062,0.0015058614248640023,0.0,0
44005,75,1,10.510228869130733,10.869202070491287,0.3589732013605538,0.12876735801935785,0.0,0.0,0
44005,75,2,10.510228869130733,10.977249597976932,0.46702072884619916,0.18473599809002272,0.05596864007066488,0.0,0
44005,75,3,10.510228869130733,10.765875268447369,0.25564639931663535,0.178026106712193,0.04925874869283514,0.0,0
44006,0,1,1.2686503362520045,2.0418795458795236,0.7732292096275191,0.11158489051277942,0.002905849969198765,0.049797106584573717,1
44006,0,2,1.2686503362520045,1.9470340207322743,0.6783836844802698,0.11744425847297149,0.008765217929390834,0.0,0
44006,0,3,1.2686503362520045,1.6846293048252932,0.41597896857328864,0.10867904054358066,0.0,0.0,0
44006,1,1,2.482076290348568,2.986696655898326,0.5046203655497581,0.12309162334226226,0.03396877783920729,0.0497971065845737,1
44006,1,2,2.482076290348568,3.1715396967293907,0.6894634063808227,0.08912284550305496,0.0,0.0,0
44006,1,3,2.482076290348568,2.9286596375544027,0.4465833472058347,0.09074892623692453,0.0016260807338695643,0.0,0
44006,2,1,1.9965983261447775,2.908567686513269,0.9119693603684915,0.2046395889679291,0.012567475075540208,0.0,0
44006,2,2,1.9965983261447775,2.4638264157440166,0.4672280895992391,0.20040090352099318,0.008328789628604283,0.0,0
44006,2,3,1.9965983261447775,2.5299752163959,0.5333768902511227,0.1920721138923889,0.0,0.0,0
44006,3,1,0.9806158562316638,1.72369757389815,0.7430817176664861,0.15872972877457367,0.021175913483212155,0.0,0
44006,3,2,0.9806158562316638,1.7734325334982295,0.7928166772665657,0.13755381529136151,0.0,0.0,0
44006,3,3,0.9806158562316638,1.8203371844021254,0.8397213281704616,0.1395107042350798,0.001956888943718288,0.0,0
44006,4,1,1.3049855918197069,1.7871729039204518,0.48218731210074495,0.11304863798369341,0.015831507475242507,0.0,0
44006,4,2,1.3049855918197069,1.6826411923329996,0.3776556005132927,0.10020404748201227,0.0029869169735613627,0.0,0
44006,4,3,1.3049855918197069,1.4529340422826305,0.1479484504629236,0.0972171305084509,0.0,0.0,0
44006,5,1,1.8599081754587552,2.0979153504082597,0.23800717494950452,0.062059235198480577,0.019820693058524075,0.0,0
44006,5,2,1.8599081754587552,2.1835520459927986,0.3236438705340434,0.0422385421399565,0.0,0.0,0
44006,5,3,1.8599081754587552,2.1636318718197005,0.3037236963609453,0.04247023801143679,0.00023169587148028775,0.0,0
44006,6,1,1.828930896843417,2.070038143144906,0.24110724630148894,0.22526076053989402,0.03042110149813604,0.1120726872331802,1
44006,6,2,1.828930896843417,2.2265420919641303,0.3976111951207133,0.20600882018142994,0.011169161139671951,0.0,0
44006,6,3,1.828930896843417,2.1951535469475405,0.36622265010412347,0.19483965904175798,0.0,0.0,0
44006,7,1,1.5750856421343695,1.7878217080769114,0.2127360659425419,0.13762123367674062,0.030254116701623396,0.11207268723318022,1
44006,7,2,1.5750856421343695,1.806819517357646,0.2317338752232765,0.11592974143675525,0.008562624461638024,0.0,0
44006,7,3,1.5750856421343695,1.8291326339508207,0.2540469918164512,0.10736711697511722,0.0,0.0,0
44006,8,1,1.9032543718111419,2.946756352505992,1.0435019806948502,0.08762553208641076,0.0,0.11207268723318022,1
44006,8,2,1.9032543718111419,2.2013040273320543,0.29804965552091245,0.09082635643258112,0.003200824346170361,0.0,0
44006,8,3,1.9032543718111419,2.8721233985100314,0.9688690266988895,0.09889466148883787,0.011269129402427108,0.0,0
44006,9,1,2.200989076322225,2.598674204068166,0.397685127745941,0.10698044080265436,0.0381492310323857,0.11207268723318022,1
44006,9,2,2.200989076322225,2.4950507789035545,0.2940617025813297,0.06883120977026866,0.0,0.0,0
44006,9,3,2.200989076322225,2.481136813903736,0.28014773758151135,0.07322707913537509,0.004395869365106428,0.0,0
44006,10,1,1.764161070371694,2.8286966406257865,1.0645355702540926,0.1822409166001036,0.05159424039714214,0.023599309560875803,1
44006,10,2,1.764161070371694,2.1926317705111424,0.42847070013944855,0.14779225681410815,0.017145580611146682,0.03186676748489892,1
44006,10,3,1.764161070371694,2.222956150412579,0.4587950800408853,0.13064667620296147,0.0,0.0,0
44006,11,1,1.5788770303355948,2.6986033806939003,1.1197263503583055,0.09767626826183429,0.0010391579565588172,0.08267120229004116,1
44006,11,2,1.5788770303355948,2.3126054437152828,0.733728413379688,0.09663711030527547,0.0,0.05080443480514224,1
44006,11,3,1.5788770303355948,2.691157879565647,1.1122808492300522,0.098808711277466,0.002171600972190532,0.0,0
44006,12,1,2.4895610715835743,3.6187237828572867,1.1291627112737124,0.24303957561305578,0.0,0.10011122770270248,1
44006,12,2,2.4895610715835743,3.1491158492135054,0.6595547776299311,0.2485050445771286,0.005465468964072823,0.0,0
44006,12,3,2.4895610715835743,3.891596701417705,1.4020356298341308,0.2532953826693689,0.010255807056313127,0.08456251754376853,1
44006,13,1,1.6401029671315441,2.079074996510606,0.43897202937906177,0.19020883617880235,0.031391916546191695,0.057559593531675335,1
44006,13,2,1.6401029671315441,2.451100424886372,0.810997457754828,0.15881691963261066,0.0,0.05509288960996095,1
44006,13,3,1.6401029671315441,2.0733068300768047,0.4332038629452606,0.16071628680243408,0.0018993671698234182,0.0,0
44006,14,1,2.5830504767946243,3.9258240546324195,1.3427735778377952,0.2100950099117533,0.055282497003526915,0.1421221110754439,1
44006,14,2,2.5830504767946243,3.2804788158204596,0.6974283390258353,0.1790969902602349,0.024284477352008504,0.08702922146548298,1
44006,14,3,2.5830504767946243,3.435161390618932,0.8521109138243079,0.1548125129082264,0.0,0.0,0
44006,15,1,1.9515353855658588,2.5164069739208457,0.5648715883549869,0.13051620052730178,0.038698878402005296,0.08702922146548298,1
44006,15,2,1.9515353855658588,2.5228310779133194,0.5712956923474606,0.09181732212529649,0.0,0.0,0
44006,15,3,1.9515353855658588,2.367597576701674,0.4160621911358151,0.09332000752655602,0.0015026854012595292,0.0,0
44006,16,1,1.7153853725928443,2.888184034740406,1.1727986621475617,0.30222033411252053,0.016447114793761153,0.01437346855385263,1
44006,16,2,1.7153853725928443,2.816320042589907,1.1009346699970626,0.2867801024805623,0.0010068831618029184,0.04085070283589193,1
44006,16,3,1.7153853725928443,2.8293067070727447,1.1139213344799004,0.2857732193187594,0.0,0.0,0
44006,17,1,1.7807965576995346,2.179333517591587,0.3985369598920525,0.19067512732206557,0.013331094139350158,0.027242515749836355,1
44006,17,2,1.7807965576995346,2.0817425929614375,0.3009460352619029,0.18636711266147624,0.009023079478760826,0.040850702835891956,1
44006,17,3,1.7807965576995346,2.005838848273991,0.22504229057445624,0.1773440331827154,0.0,0.0,0
44006,18,1,1.3996435377486085,2.0509416185679785,0.65129808081937,0.14373581432662072,0.010704855907159416,0.027242515749836382,1
44006,18,2,1.3996435377486085,2.131061044204592,0.7314175064559834,0.1334819881258082,0.0004510297063468893,0.040850702835891956,1
44006,18,3,1.3996435377486085,1.7974583377445008,0.3978147999958923,0.1330309584194613,0.0,0.0,0
44006,19,1,1.9830068246406232,2.532687126136068,0.5496803014954448,0.12908359711377523,0.04146905933296738,0.04085070283589194,1
44006,19,2,1.9830068246406232,2.5353487286451966,0.5523419040045734,0.08856119326802397,0.0009466554872161193,0.0,0
44006,19,3,1.9830068246406232,2.3528549535348224,0.36984812889419927,0.08761453778080786,0.0,0.0,0
44006,20,1,2.439676188654187,3.761561921704847,1.3218857330506601,0.2229999192857152,0.00402995610685597,0.0026695281038226493,0
44006,20,2,2.439676188654187,3.5311941669205,1.091517978266313,0.21896996317885922,0.0,0.0192120514759076,1
44006,20,3,2.439676188654187,3.565952669962204,1.1262764813080173,0.23373889438293777,0.014768931204078545,0.0,0
44006,21,1,3.453399347719402,4.4752185684972785,1.0218192207778767,0.23044571515609885,0.014742375062473972,0.027571452063879787,1
44006,21,2,3.453399347719402,4.492273567953901,1.038874220234499,0.21570334009362488,0.0,0.008359400587972188,1
44006,21,3,3.453399347719402,4.448514365140001,0.9951150174205994,0.22761217264043274,0.011908832546807857,0.0,0
44006,22,1,4.502990740726924,5.896762955543386,1.3937722148164617,0.3131009668755987,0.017867091862197648,0.014596004641547089,1
44006,22,2,4.502990740726924,5.474092434418731,0.9711016936918071,0.30199539693921384,0.006761521925812808,0.0,0
44006,22,3,4.502990740726924,5.7599946957708585,1.2570039550439347,0.29523387501340104,0.0,0.007453758648503062,1
44006,23,1,2.2522047347307326,4.357872970608513,2.1056682358777805,0.25580958973058526,0.06831271239234943,0.0,0
44006,23,2,2.2522047347307326,3.200487856733319,0.9482831220025862,0.2064216748517617,0.018924797513525854,0.007453758648503006,1
44006,23,3,2.2522047347307326,3.2490238802825475,0.996819145551815,0.18749687733823583,0.0,0.010253839877737925,1
44006,24,1,2.764422951032324,3.126595375871465,0.3621724248391409,0.25019680653944965,0.018224638104960333,0.0,0
44006,24,2,2.764422951032324,3.1808390263594437,0.41641607532711955,0.2319721684344893,0.0,0.0,0
44006,24,3,2.764422951032324,3.470072510474111,0.7056495594417869,0.24253138873718855,0.010559220302699235,0.0,0
44006,25,1,2.5933478818600655,2.840918253420939,0.2475703715608737,0.18837660583965313,0.012351842621181414,0.0,0
44006,25,2,2.5933478818600655,2.909721795488888,0.3163739136288224,0.1760247632184717,0.0,0.0,0
44006,25,3,2.5933478818600655,2.983553422128031,0.3902055402679654,0.17957823696753164,0.0035534737490599266,0.0,0
44006,26,1,1.971777844218181,2.2380086412485154,0.26623079703033437,0.12440204191608119,0.020850639841064333,0.0,0
44006,26,2,1.971777844218181,2.3331460956733268,0.36136825145514573,0.10883140395553859,0.005280001880521731,0.0,0
44006,26,3,1.971777844218181,2.280714774379491,0.30893693016130985,0.10355140207501685,0.0,0.0,0
44006,27,1,2.6060286202956244,2.8003300613166893,0.19430144102106484,0.06434582052845207,0.017874282839434645,0.0,0
44006,27,2,2.6060286202956244,2.9302138190378506,0.3241851987422262,0.046936756089211676,0.00046521840019424915,0.0,0
44006,27,3,2.6060286202956244,2.917224605747331,0.31119598545170657,0.04647153768901743,0.0,0.0,0
44006,28,1,1.1470543069863701,1.6488053861767664,0.5017510791903963,0.167449187256774,0.0,0.0,0
44006,28,2,1.1470543069863701,1.7843454722510697,0.6372911652646995,0.18163213554319194,0.014182948286417946,0.0,0
44006,28,3,1.1470543069863701,1.7322820359878002,0.58522772900143,0.18311175393497384,0.015662566678199846,0.0,0
44006,29,1,1.4463086380203216,1.7503703204208456,0.304061682400524,0.13795805176546289,0.006752786479850947,0.0,0
44006,29,2,1.4463086380203216,1.7739910560109078,0.3276824179905862,0.13493816675381962,0.0037329014682076778,0.0,0
44006,29,3,1.4463086380203216,1.613314458824074,0.16700582080375237,0.13120526528561194,0.0,0.0,0
44006,30,1,1.2162675011714539,2.1873083829945097,0.9710408818230558,0.05874422058325006,0.008389559162018945,0.0,0
44006,30,2,1.2162675011714539,1.936523824738797,0.7202563235673431,0.050354661421231114,0.0,0.0,0
44006,30,3,1.2162675011714539,1.8642216936580962,0.6479541924866423,0.051839866614784735,0.001485205193553621,0.0,0
44006,31,1,1.468513936494803,2.924905694142521,1.456391757647718,0.20736592086293842,0.013557034810574659,0.07140117259007617,1
44006,31,2,1.468513936494803,2.3794898252489127,0.9109758887541097,0.19380888605236377,0.0,0.0,0
44006,31,3,1.468513936494803,2.4379179388225123,0.9694040023277093,0.194390633910738,0.0005817478583742264,0.0,0
44006,32,1,1.1984240659794858,2.012277304958249,0.8138532389787632,0.16604585827673188,0.015326461610881775,0.0714011725900762,1
44006,32,2,1.1984240659794858,1.8914560875898236,0.6930320216103378,0.1507193966658501,0.0,0.0,0
44006,32,3,1.1984240659794858,1.9297298805669503,0.7313058145874645,0.15552915669323833,0.004809760027388227,0.0,0
44006,33,1,1.2729098452853593,1.594283618896922,0.3213737736115627,0.12423058348178961,0.024809265400366903,0.07140117259007617,1
44006,33,2,1.2729098452853593,1.5428272926589472,0.2699174473735879,0.10530546237644905,0.0058841442950263445,0.0,0
44006,33,3,1.2729098452853593,1.4632808785663893,0.19037103328103,0.09942131808142271,0.0,0.0,0
44006,34,1,4.7036277020464095,5.45398670400603,0.7503590019596205,0.0688686929187035,0.018225567882341406,0.07140117259007618,1
44006,34,2,4.7036277020464095,5.259376836838471,0.5557491347920616,0.05064312503636209,0.0,0.0,0
44006,34,3,4.7036277020464095,5.075599394552499,0.3719716925060892,0.05577349953259495,0.00513037449623286,0.0,0
44006,35,1,2.117871466460133,2.907822799021095,0.7899513325609622,0.13777324622229734,0.007788338205522605,0.03290359259129283,1
44006,35,2,2.117871466460133,2.7033707721769358,0.585499305716803,0.14600289586182355,0.01601798784504882,0.04130828551022836,1
44006,35,3,2.117871466460133,2.362293570212345,0.2444221037522123,0.12998490801677473,0.0,0.0,0
44006,36,1,1.9627778381819412,2.869372470254084,0.9065946320721427,0.09752504298939747,0.0,0.08171158587636321,1
44006,36,2,1.9627778381819412,2.563176352932717,0.600398514750776,0.10557825599013573,0.00805321300073826,0.0404033003661349,1
44006,36,3,1.9627778381819412,3.0282669522958807,1.0654891141139395,0.10986504930879336,0.012340006319395885,0.0,0
44006,37,1,2.639788140515461,3.196291944810777,0.5565038042953163,0.21495001487754667,0.021797201907239522,0.0,0
44006,37,2,2.639788140515461,3.4015752935080252,0.7617871529925644,0.19315281297030715,0.0,0.0,0
44006,37,3,2.639788140515461,3.40335343937828,0.7635652988628192,0.1992071771371864,0.006054364166879239,0.0,0
44006,38,1,2.4239050254775,2.9858254920103855,0.5619204665328854,0.13820417022988551,0.035521138026692864,0.0,0
44006,38,2,2.4239050254775,2.779452725408299,0.3555476999307987,0.10673995030694859,0.004056918103755941,0.0,0
44006,38,3,2.4239050254775,2.586215286220744,0.16231026074324406,0.10268303220319265,0.0,0.0,0
44006,39,1,2.2958322808233422,3.4620705447234945,1.1662382639001523,0.06829620389772141,0.0,0.0,0
44006,39,2,2.2958322808233422,2.9844971616568863,0.688664880833544,0.09472531801902338,0.026429114121301972,0.0,0
44006,39,3,2.2958322808233422,3.4917262151986264,1.1958939343752841,0.09762814730955842,0.029331943411837008,0.0,0
44006,40,1,2.480128628951752,2.710640053422747,0.2305114244709947,0.07643569581808116,0.01474120549735615,0.0,0
44006,40,2,2.480128628951752,2.69869999034889,0.21857136139713784,0.06169449032072501,0.0,0.0,0
44006,40,3,2.480128628951752,2.705038798135213,0.22491016918346096,0.06256433995466973,0.000869849633944722,0.0,0
44006,41,1,2.9091902762611634,3.6686674886731288,0.7594772124119653,0.15291291046864788,0.0071231276601606,0.058811598834236256,1
44006,41,2,2.9091902762611634,3.5888052420892955,0.6796149658281321,0.16616843995953773,0.020378657151050444,0.0318385812322336,1
44006,41,3,2.9091902762611634,3.486909540235166,0.5777192639740028,0.14578978280848728,0.0,0.0,0
44006,42,1,2.314775914394617,3.061059316668312,0.7462834022736953,0.11251271826622308,0.010261248376515208,0.06527487049670719,1
44006,42,2,2.314775914394617,3.035362835989061,0.7205869215944443,0.10225146988970787,0.0,0.03343628926447359,1
44006,42,3,2.314775914394617,3.094259508791912,0.7794835943972949,0.11021581746311052,0.007964347573402641,0.0,0
44006,43,1,1.7913811839249796,2.7937689750412003,1.0023877911162207,0.17900310605757358,0.005215409955806993,0.0302433583989149,1
44006,43,2,1.7913811839249796,2.3629034052203464,0.5715222212953668,0.1737876961017666,0.0,0.0,0
44006,43,3,1.7913811839249796,2.5211586302525153,0.7297774463275357,0.1812217846823371,0.007434088580570514,0.0,0
44006,44,1,1.1276264147304036,1.7880936910464755,0.6604672763160719,0.15081720805527293,0.03908733858881103,0.030563212353791114,1
44006,44,2,1.1276264147304036,1.4670866776518194,0.33946026292141585,0.12698700945724573,0.015257139990783819,0.0,0
44006,44,3,1.1276264147304036,1.4387982492454925,0.3111718345150889,0.1117298694664619,0.0,0.0,0
44006,45,1,1.8725626369128048,2.2844987314137057,0.41193609450090096,0.12323383314149354,0.03287457751216141,0.030563212353791086,1
44006,45,2,1.8725626369128048,2.4657844951646544,0.5932218582518496,0.0923355927947361,0.001976337165403977,0.0,0
44006,45,3,1.8725626369128048,2.2773470818933967,0.40478444498059196,0.09035925562933213,0.0,0.0,0
44006,46,1,2.2886307697668498,2.743510586383114,0.4548798166162644,0.14165421366466258,0.0,0.03122324189633574,1
44006,46,2,2.2886307697668498,2.752714125155511,0.4640833553886612,0.17074648858006738,0.02909227491540481,0.0,0
44006,46,3,2.2886307697668498,2.940095089260509,0.6514643194936593,0.1825357641226305,0.04088155045796793,0.010219026950328336,1
44006,47,1,1.8272423229972836,2.598279246714289,0.7710369237170052,0.12280348663574926,0.0,0.054995374569068486,1
44006,47,2,1.8272423229972836,2.688728045502902,0.8614857225056185,0.16365203172271112,0.040848545086961854,0.06521440151939682,1
44006,47,3,1.8272423229972836,2.840584510766716,1.0133421877694322,0.18469305694574506,0.0618895703099958,0.0,0
44006,48,1,2.0269376126744327,3.1700592274143604,1.1431216147399277,0.10822232179955274,0.0043942982408442105,0.06521440151939682,1
44006,48,2,2.0269376126744327,2.978530748385054,0.9515931357106213,0.10382802355870853,0.0,0.0,0
44006,48,3,2.0269376126744327,2.958161446924914,0.9312238342504813,0.10717142792239466,0.003343404363686131,0.0,0
44006,49,1,1.5887443952304028,2.2758587143996216,0.6871143191692188,0.19667121886292407,0.010929308399446641,0.06059008726517415,1
44006,49,2,1.5887443952304028,2.011128153112364,0.42238375788196114,0.19099738676709754,0.00525547630362011,0.0,0
44006,49,3,1.5887443952304028,2.1289039300668753,0.5401595348364725,0.18574191046347743,0.0,0.0,0
44006,50,1,1.3038317811734086,1.833309488379836,0.5294777072064274,0.15726356378703873,0.01889526442947223,0.06059008726517415,1
44006,50,2,1.3038317811734086,1.9775588062027019,0.6737270250292933,0.1383682993575665,0.0,0.0,0
44006,50,3,1.3038317811734086,2.1578240514015548,0.8539922702281462,0.14457641091575643,0.006208111558189927,0.0,0
44006,51,1,1.5307459167785284,2.36142937835884,0.8306834615803116,0.07580282887613739,0.0,0.06059008726517415,1
44006,51,2,1.5307459167785284,2.22476896217895,0.6940230454004215,0.08133398240418506,0.005531153528047672,0.0,0
44006,51,3,1.5307459167785284,2.212444847496014,0.6816989307174854,0.07609623544804489,0.0002934065719075035,0.0,0
44006,52,1,2.0518359962369566,2.547969850388326,0.49613385415136957,0.29903526496354965,0.024071888990621904,0.07552605339441246,1
44006,52,2,2.0518359962369566,2.6869807984621548,0.6351448022251982,0.278195307887211,0.003231931914283226,0.0,0
44006,52,3,2.0518359962369566,2.634149668761071,0.5823136725241143,0.27496337597292775,0.0,0.0,0
44006,53,1,2.0910509042229033,2.4244701527434223,0.33341924852051896,0.20413950856896215,0.033594863663902186,0.0635093817917117,1
44006,53,2,2.0910509042229033,2.4365792846073835,0.3455283803844802,0.17760827752635763,0.007063632621297666,0.0,0
44006,53,3,2.0910509042229033,2.279844079965323,0.18879317574241972,0.17054464490505997,0.0,0.0,0
44006,54,1,2.147817832689478,2.5145075498069382,0.3666897171174601,0.16428608093544284,0.02677040999188407,0.06350938179171169,1
44006,54,2,2.147817832689478,2.40609154156297,0.2582737088734919,0.1527313236424494,0.015215652698890636,0.0,0
44006,54,3,2.147817832689478,2.407118961115748,0.25930112842626984,0.13751567094355877,0.0,0.0,0
44006,55,1,2.140155637105168,2.588328882782551,0.4481732456773826,0.07118058545051038,0.011230022914660492,0.0,0
44006,55,2,2.140155637105168,2.638245564188899,0.4980899270837309,0.05995056253584989,0.0,0.0,0
44006,55,3,2.140155637105168,2.5652876463911523,0.42513200928598405,0.06034748578989743,0.00039692325404754036,0.0,0
44006,56,1,11.815906923324963,11.974258242798822,0.1583513194738586,0.23754701549111784,0.006589890984984692,0.0,0
44006,56,2,11.815906923324963,12.002261888111711,0.18635496478674796,0.23095712450613315,0.0,0.0,0
44006,56,3,11.815906923324963,12.005838282207417,0.18993135888245405,0.23120203592301408,0.000244911416880933,0.0,0
44006,57,1,11.418860801243211,11.575312184704973,0.15645138346176246,0.220392410330602,0.0045307995251011035,0.0,0
44006,57,2,11.418860801243211,11.588975009438053,0.17011420819484258,0.2158616108055009,0.0,0.0,0
44006,57,3,11.418860801243211,11.602920721744855,0.18405992050164421,0.21761062222607958,0.0017490114205786778,0.0,0
44006,58,1,11.398701192897576,12.043589249349028,0.6448880564514514,0.16384987030631673,0.0,0.0,0
44006,58,2,11.398701192897576,11.555560791022398,0.15685959812482153,0.1660400507448773,0.0021901804385605628,0.0,0
44006,58,3,11.398701192897576,11.807099713719817,0.4083985208222405,0.1693852307998275,0.005535360493510777,0.0,0
44006,59,1,11.475526342193046,11.759100106174152,0.28357376398110645,0.053854911579798034,0.006002220889433155,0.0,0
44006,59,2,11.475526342193046,11.759410883853725,0.28388454166067945,0.048594821261625884,0.0007421305712610043,0.0,0
44006,59,3,11.475526342193046,11.771188543483369,0.29566220129032317,0.04785269069036488,0.0,0.0,0
44006,60,1,1.3914704662034914,1.8926474546889047,0.5011769884854134,0.17938989946564743,0.022336121694111727,0.0,0
44006,60,2,1.3914704662034914,2.1217126136151316,0.7302421474116403,0.1570537777715357,0.0,0.0,0
44006,60,3,1.3914704662034914,2.3059248245957904,0.914454358392299,0.16250560986771045,0.005451832096174752,0.0,0
44006,61,1,1.602493946921586,1.9889446496684093,0.38645070274682336,0.12451854858986156,0.017491584280403913,0.0,0
44006,61,2,1.602493946921586,1.8593234297557726,0.2568294828341866,0.11111481972402398,0.004087855414566341,0.0,0
44006,61,3,1.602493946921586,1.8454977231218144,0.2430037762002284,0.10702696430945764,0.0,0.0,0
44006,62,1,1.621773874453686,2.1465977961068754,0.5248239216531894,0.06890940407216041,0.012751836538580828,0.0,0
44006,62,2,1.621773874453686,2.0173570077115386,0.39558313325785255,0.05615756753357958,0.0,0.0,0
44006,62,3,1.621773874453686,2.059173623002665,0.4373997485489789,0.05831053404713231,0.0021529665135527273,0.0,0
44006,63,1,5.096886745525985,5.358671049234113,0.26178430370812755,0.2871774145851287,0.030972756602608953,0.025732919951210298,1
44006,63,2,5.096886745525985,5.2938492318080685,0.19696248628208313,0.26544490991368275,0.009240251931163013,0.0,0
44006,63,3,5.096886745525985,5.262616443238526,0.16572969771254087,0.25620465798251973,0.0,0.027800734210297162,1
44006,64,1,3.6155585443443945,4.031499706414182,0.41594116206978793,0.19950948223738393,0.01735174728671851,0.02118196942708389,1
44006,64,2,3.6155585443443945,4.274090202686725,0.6585316583423309,0.18215773495066542,0.0,0.048982703637381,1
44006,64,3,3.6155585443443945,4.178177243265137,0.5626186989207422,0.18435400085804715,0.002196265907381728,0.0,0
44006,65,1,4.46943588365184,4.849308567006724,0.37987268335488356,0.12919115694499927,0.01958295673880575,0.04898270363738104,1
44006,65,2,4.46943588365184,4.834021258052182,0.3645853744003418,0.1218736945785624,0.012265494372368874,0.0,0
44006,65,3,4.46943588365184,4.782061855757664,0.312625972105824,0.10960820020619352,0.0,0.0,0
44006,66,1,1.7216554949520895,1.920936683578257,0.19928118862616762,0.153450206230163,0.0,0.06584179081013905,1
44006,66,2,1.7216554949520895,2.0653971072829664,0.34374161233087697,0.16968431778101578,0.016234111550852776,0.0,0
44006,66,3,1.7216554949520895,2.2939019443453903,0.5722464493933008,0.18606994306830052,0.032619736838137514,0.0,0
44006,67,1,1.4292460484540468,1.985261323586185,0.5560152751321381,0.12973149544142165,0.0,0.06584179081013904,1
44006,67,2,1.4292460484540468,1.740062815726541,0.3108167672724942,0.13972099029442211,0.009989494853000463,0.0,0
44006,67,3,1.4292460484540468,2.16470771824416,0.7354616697901133,0.15337998775955167,0.023648492318130016,0.0,0
44006,68,1,2.953349656514562,3.9369955958550706,0.9836459393405086,0.09242247298216556,0.0,0.06584179081013902,1
44006,68,2,2.953349656514562,4.359821425160918,1.4064717686463561,0.13776930143769678,0.045346828455531216,0.0,0
44006,68,3,2.953349656514562,4.210077439948111,1.2567277834335489,0.13151723417600145,0.039094761193835884,0.0,0
44006,69,1,1.8713548428987121,2.1155799172713268,0.24422507437261465,0.1487455002494304,0.0,0.0,0
44006,69,2,1.8713548428987121,2.1509690966748933,0.2796142537761812,0.15642866402384303,0.007683163774412638,0.0,0
44006,69,3,1.8713548428987121,2.2682353904471206,0.3968805475484085,0.1652461653909409,0.016500665141510495,0.0,0
44006,70,1,2.9619001821261337,3.8051259696494277,0.843225787523294,0.12841055198402318,0.0,0.0,0
44006,70,2,2.9619001821261337,3.545300945964983,0.5834007638388492,0.13796048983667,0.009549937852646823,0.0,0
44006,70,3,2.9619001821261337,3.8850607400783574,0.9231605579522237,0.14095362652210858,0.012543074538085397,0.0,0
44006,71,1,1.6248557317898444,2.9021297652325457,1.2772740334427013,0.05519456327624766,0.0,0.0,0
44006,71,2,1.6248557317898444,2.164470411144115,0.5396146793542704,0.057410031522352016,0.0022154682461043573,0.0,0
44006,71,3,1.6248557317898444,2.78834906876618,1.1634933369763356,0.07056660627141383,0.015372042995166167,0.0,0
44006,72,1,9.333971204392714,9.653996032967331,0.320024828574617,0.16546212801391724,0.012329996159005402,0.025978557065859942,1
44006,72,2,9.333971204392714,9.650776845200179,0.31680564080746443,0.1653165760156161,0.012184444160704272,0.01880374996565308,1
44006,72,3,9.333971204392714,9.633782340266196,0.2998111358734814,0.15313213185491184,0.0,0.0,0
44006,73,1,8.634074133998734,8.838954448308737,0.2048803143100031,0.10494946390409166,0.013853262063300911,0.018803749965653083,1
44006,73,2,8.634074133998734,8.76540370822319,0.13132957422445557,0.09109620184079074,0.0,0.0,0
44006,73,3,8.634074133998734,8.772927020669552,0.13885288667081852,0.09143151766478899,0.00033531582399824733,0.0,0
44006,74,1,8.685938143981046,8.985456883065755,0.29951873908470894,0.20152227836981457,0.02817948816368321,0.0,0
44006,74,2,8.685938143981046,9.00632825271073,0.32039010872968454,0.19218647511687972,0.018843684910748365,0.013479478567400803,1
44006,74,3,8.685938143981046,8.97976946687169,0.29383132289064484,0.17334279020613136,0.0,0.01561549201322885,1
44006,75,1,11.951199107168389,12.112708920080639,0.16150981291225008,0.12283460523985769,0.01937322569035252,0.0,0
44006,75,2,11.951199107168389,12.042088759738224,0.09088965256983528,0.1083423115798755,0.004880932030370336,0.0021360134458280437,0
44006,75,3,11.951199107168389,12.113588069168628,0.16238896200023945,0.10346137954950517,0.0,0.0021360134458280437,0
44006,76,1,9.22156022697502,9.641150369171882,0.41959014219686175,0.27164215681329285,0.03209593228324567,0.019428940664725367,1
44006,76,2,9.22156022697502,9.566155260326564,0.34459503335154373,0.2507607258900065,0.0112145013599593,0.0,0
44006,76,3,9.22156022697502,9.572046549540692,0.350486322565672,0.23954622453004717,0.0,0.0,0
44006,77,1,11.425155394865186,11.862251149306875,0.4370957544416889,0.17096203019224804,0.0,0.0,0
44006,77,2,11.425155394865186,11.807370959236689,0.38221556437150284,0.20168279586834506,0.030720765676097023,0.0,0
44006,77,3,11.425155394865186,11.865719765206013,0.4405643703408266,0.19723765583730238,0.02627562564505434,0.0,0
44006,78,1,9.838668965712452,10.02859971342048,0.18993074770802743,0.08969295124501575,0.021984159631113,0.0,0
44006,78,2,9.838668965712452,9.941421287578155,0.10275232186570271,0.06770879161390275,0.0,0.0,0
44006,78,3,9.838668965712452,9.926680531328623,0.08801156561617063,0.07171529009708208,0.004006498483179327,0.0,0
44007,0,1,1.0711547246150421,2.170191514080078,1.099036789465036,0.14640788378752187,0.006266419896292702,0.0,0
44007,0,2,1.0711547246150421,2.2086132587927616,1.1374585341777195,0.14014146389122917,0.0,0.0,0
44007,0,3,1.0711547246150421,1.9841511240702292,0.9129963994551871,0.142164059536572,0.002022595645342823,0.0,0
44007,1,1,1.3320526474417629,2.0753051308614614,0.7432524834196985,0.10762640171351087,0.011956095763141508,0.0,0
44007,1,2,1.3320526474417629,1.6361027290447627,0.30405008160299984,0.10330430469633513,0.007633998745965764,0.0,0
44007,1,3,1.3320526474417629,1.7613687006709366,0.42931605322917377,0.09567030595036936,0.0,0.0,0
44007,2,1,1.9503412747354143,2.4099312391152266,0.45958996437981225,0.04919277262893008,0.005819651287059226,0.0,0
44007,2,2,1.9503412747354143,2.423263536955901,0.4729222622204867,0.04337312134187085,0.0,0.0,0
44007,2,3,1.9503412747354143,2.3907665358102674,0.44042526107485314,0.0458009683779138,0.00242784703604295,0.0,0
44007,3,1,1.95229803369129,2.9127461827408463,0.9604481490495562,0.21970307003475276,0.0,0.1113844146954513,1
44007,3,2,1.95229803369129,2.4835881580523034,0.5312901243610133,0.22001929962935568,0.00031622959460292366,0.0,0
44007,3,3,1.95229803369129,3.0398373833519186,1.0875393496606285,0.22031619604470049,0.0006131260099477287,0.0,0
44007,4,1,1.4359738500255588,2.132136328274838,0.6961624782492792,0.13900290687432912,0.029661105705074894,0.11138441469545128,1
44007,4,2,1.4359738500255588,1.8235665904673162,0.3875927404417574,0.12292066022744333,0.013578859058189105,0.0,0
44007,4,3,1.4359738500255588,1.7406822121015508,0.30470836207599206,0.10934180116925422,0.0,0.0,0
44007,5,1,1.4716952086257096,2.4955522974354523,1.0238570888097427,0.10619285799727143,0.0052482934085740784,0.11138441469545128,1
44007,5,2,1.4716952086257096,2.0823547690025466,0.610659560376837,0.11608991863493323,0.015145354046235876,0.0,0
44007,5,3,1.4716952086257096,1.7510122529455348,0.2793170443198252,0.10094456458869736,0.0,0.0,0
44007,6,1,2.31939145173176,2.884260484308562,0.564869032576802,0.09223100613386517,0.00945370575975965,0.11138441469545128,1
44007,6,2,2.31939145173176,2.6622302155632362,0.34283876383147627,0.08277730037410552,0.0,0.0,0
44007,6,3,2.31939145173176,2.82295246842246,0.5035610166906999,0.08401403376422745,0.0012367333901219246,0.0,0
44007,7,1,1.765164565912101,2.764764416666627,0.9995998507545261,0.17135186165873742,0.0388453806159105,0.02287996881431026,1
44007,7,2,1.765164565912101,2.40859904117199,0.6434344752598891,0.15392035846034827,0.02141387741752135,0.030824197337872228,1
44007,7,3,1.765164565912101,2.05947801788351,0.29431345197140923,0.13250648104282692,0.0,0.0,0
44007,8,1,1.8619240062642828,2.412463188504283,0.5505391822400003,0.10970162777578403,0.015012868936071094,0.08189502459516101,1
44007,8,2,1.8619240062642828,2.327088318400839,0.46516431213655607,0.09468875883971294,0.0,0.051070827257288814,1
44007,8,3,1.8619240062642828,2.248750763962623,0.3868267576983404,0.09851526491090615,0.0038265060711932114,0.0,0
44007,9,1,2.3746574353346075,3.215914153084243,0.8412567177496357,0.2526296887541204,0.01140485837066682,0.14014758528606358,1
44007,9,2,2.3746574353346075,3.4625744155249207,1.0879169801903132,0.24122483038345358,0.0,0.08560044261099997,1
44007,9,3,2.3746574353346075,3.2899344596074904,0.9152770242728829,0.2510858435252569,0.009861013141803349,0.0,0
44007,10,1,1.3683015176867126,2.1305875164411727,0.7622859987544601,0.17710065188626697,0.022454573631778663,0.14014758528606358,1
44007,10,2,1.3683015176867126,2.0167619220528836,0.648460404366171,0.1546460782544883,0.0,0.08560044261099997,1
44007,10,3,1.3683015176867126,1.959243950962201,0.5909424332754885,0.1561973310833159,0.0015512528288275929,0.0,0
44007,11,1,2.5697391033668158,3.5872504419510576,1.0175113385842418,0.180693806449326,0.012346130462372207,0.14014758528606364,1
44007,11,2,2.5697391033668158,3.5264253204908953,0.9566862171240795,0.1872048890213485,0.018857213034394693,0.08560044261099997,1
44007,11,3,2.5697391033668158,3.5279875193029007,0.9582484159360849,0.1683476759869538,0.0,0.0,0
44007,12,1,1.4080583173245294,2.4124563110747794,1.00439799375025,0.16633800886107225,0.0,0.04023178011447087,1
44007,12,2,1.4080583173245294,1.9411615088719407,0.5331031915474114,0.18052043153850816,0.014182422677435913,0.0,0
44007,12,3,1.4080583173245294,2.1633577207565096,0.7552994034319802,0.1751923049495394,0.008854296088467162,0.0,0
44007,13,1,1.405117391801579,2.097867780403618,0.6927503886020392,0.1444469709226959,0.00745367153758289,0.04023178011447093,1
44007,13,2,1.405117391801579,1.7165056028858665,0.3113882110842876,0.15531773598855572,0.018324436603442712,0.0,0
44007,13,3,1.405117391801579,1.5566701663432905,0.15155277454171157,0.136993299385113,0.0,0.0,0
44007,14,1,1.8298897744446248,2.8851378709546167,1.055248096509992,0.12140084077411528,0.03258123654692294,0.0402317801144709,1
44007,14,2,1.8298897744446248,2.2644353575943024,0.4345455831496776,0.08881960422719234,0.0,0.0,0
44007,14,3,1.8298897744446248,2.6748750116541693,0.8449852372095445,0.09555121439436652,0.006731610167174176,0.0,0
44007,15,1,2.318440209385203,3.3289883895910615,1.0105481802058587,0.2206386857062218,0.024706570210232315,0.002769009971889891,0
44007,15,2,2.318440209385203,3.4956853908805363,1.1772451814953335,0.1959321154959895,0.0,0.0190129841951161,1
44007,15,3,2.318440209385203,3.5950350365310415,1.2765948271458387,0.23086262855714496,0.034930513061155466,0.0,0
44007,16,1,3.419947584233171,5.043277167877084,1.6233295836439128,0.25931108652391166,0.0,0.026581794322328656,1
44007,16,2,3.419947584233171,5.181240072710145,1.7612924884769745,0.3048034690279367,0.04549238250402504,0.007568810127212583,1
44007,16,3,3.419947584233171,5.305989435794162,1.8860418515609911,0.33009457021931427,0.0707834836954026,0.0,0
44007,17,1,4.404557559629677,5.237702621431571,0.8331450618018934,0.28383862304917684,0.0,0.014600730037032328,1
44007,17,2,4.404557559629677,5.3915238990811165,0.9869663394514392,0.2894194132818547,0.005580790232677879,0.0,0
44007,17,3,4.404557559629677,5.515491355911673,1.110933796281996,0.3013818515318796,0.017543228482702733,0.007619909409138814,1
44007,18,1,2.0615010795378974,3.0754811074769757,1.0139800279390783,0.23017382071940876,0.008936532382202406,0.0,0
44007,18,2,2.0615010795378974,3.1972992261669373,1.1357981466290399,0.22123728833720635,0.0,0.007619909409138814,1
44007,18,3,2.0615010795378974,2.8641625823296053,0.8026615027917079,0.22358413242975939,0.0023468440925530354,0.010868291542183384,1
44007,19,1,2.5642180869930664,3.020776267876339,0.4565581808832726,0.24283995693080843,0.0027378116184123558,0.0,0
44007,19,2,2.5642180869930664,3.2493180805815243,0.6850999935884579,0.24010214531239607,0.0,0.0,0
44007,19,3,2.5642180869930664,3.3104700745468056,0.7462519875537392,0.2451255937139922,0.005023448401596131,0.0,0
44007,20,1,2.464318155052324,3.1621350255170317,0.6978168704647079,0.17652254872632572,0.0,0.0,0
44007,20,2,2.464318155052324,2.812932985301065,0.3486148302487413,0.18407885104693858,0.0075563023206128566,0.0,0
44007,20,3,2.464318155052324,3.219827259618723,0.7555091045663991,0.18664128697572502,0.010118738249399295,0.0,0
44007,21,1,1.8367502537534173,2.245883226070507,0.40913297231708956,0.12017873795192903,0.015534069956828905,0.0,0
44007,21,2,1.8367502537534173,2.168638381422662,0.3318881276692447,0.1152582052612968,0.010613537266196682,0.0,0
44007,21,3,1.8367502537534173,2.059408873342093,0.22265861958867594,0.10464466799510012,0.0,0.0,0
44007,22,1,2.3942357635877753,2.7900621979565807,0.3958264343688054,0.05588258797960475,0.00916525838590549,0.0,0
44007,22,2,2.3942357635877753,3.0206793083793895,0.6264435447916141,0.04671732959369926,0.0,0.0,0
44007,22,3,2.3942357635877753,2.945150866206788,0.5509151026190127,0.050347034988972555,0.003629705395273297,0.0,0
44007,23,1,1.0662052752452955,1.438293486973219,0.3720882117279234,0.17890508092963162,0.0,0.0,0
44007,23,2,1.0662052752452955,1.7300508401052492,0.6638455648599537,0.18699349718458627,0.008088416254954656,0.0,0
44007,23,3,1.0662052752452955,1.817253945778156,0.7510486705328605,0.19006589970576737,0.011160818776135756,0.0,0
44007,24,1,1.4911104914408297,1.821615089806857,0.3305045983660273,0.13425703097298256,0.0,0.0,0
44007,24,2,1.4911104914408297,2.2042130422801463,0.7131025508393165,0.13505849845941534,0.0008014674864327831,0.0,0
44007,24,3,1.4911104914408297,2.1220754856286344,0.6309649941878046,0.1389166385906082,0.004659607617625655,0.0,0
44007,25,1,1.5244053912246904,2.967161860087332,1.4427564688626415,0.047994143060837324,0.0,0.0,0
44007,25,2,1.5244053912246904,2.3462499318090706,0.8218445405843802,0.05129595714664986,0.0033018140858125378,0.0,0
44007,25,3,1.5244053912246904,3.0025618968566783,1.4781565056319879,0.06529925240212292,0.017305109341285596,0.0,0
44007,26,1,1.4487993555409304,2.683639881816657,1.2348405262757265,0.21744824512563857,0.016474548518005894,0.07144641953974473,1
44007,26,2,1.4487993555409304,2.6707220282676887,1.2219226727267583,0.20097369660763267,0.0,0.0,0
44007,26,3,1.4487993555409304,2.3970213133282083,0.9482219577872779,0.2079970116136931,0.007023315006060432,0.0,0
44007,27,1,1.3421344355718428,2.3626466214529125,1.0205121858810697,0.15657301356933823,0.0033713383929181995,0.0714464195397447,1
44007,27,2,1.3421344355718428,2.1387070759516567,0.7965726403798139,0.15320167517642003,0.0,0.0,0
44007,27,3,1.3421344355718428,1.9977772138260206,0.6556427782541778,0.1557976359643368,0.002595960787916768,0.0,0
44007,28,1,1.2681068882415927,1.7306230122790152,0.4625161240374225,0.11784679183401513,0.0205206616808591,0.0714464195397447,1
44007,28,2,1.2681068882415927,1.542008319670138,0.2739014314285453,0.10578997225971853,0.008463842106562508,0.0,0
44007,28,3,1.2681068882415927,1.6071772846786931,0.33907039643710046,0.09732613015315603,0.0,0.0,0
44007,29,1,4.5795295900633715,4.851915655091436,0.2723860650280647,0.10390660359685018,0.008197623006973076,0.07144641953974472,1
44007,29,2,4.5795295900633715,5.089792881852044,0.5102632917886725,0.0957089805898771,0.0,0.0,0
44007,29,3,4.5795295900633715,5.157910470375017,0.5783808803116459,0.13718575354540113,0.04147677295552403,0.0,0
44007,30,1,2.522386464692301,3.132141023502275,0.609754558809974,0.16575968916664968,0.0,0.07896330123723144,1
44007,30,2,2.522386464692301,2.988265614125923,0.4658791494336221,0.19132678892731894,0.02556709976066926,0.040830371408754396,1
44007,30,3,2.522386464692301,3.278985598671506,0.7565991339792051,0.21242798718666708,0.0466682980200174,0.0,0
44007,31,1,2.113344565613405,2.9428704997220727,0.8295259341086676,0.1422333839040274,0.0,0.08147340078978338,1
44007,31,2,2.113344565613405,2.5448027524656616,0.43145818685225645,0.1538682296688245,0.011634845764797092,0.04083037140875445,1
44007,31,3,2.113344565613405,2.690326681195659,0.5769821155822541,0.14292156868730532,0.0006881847832779231,0.0,0
44007,32,1,1.80154667005285,2.6205445027473036,0.8189978326944536,0.12446115200069806,0.00863583710293532,0.08147340078978335,1
44007,32,2,1.80154667005285,3.247407122193529,1.445860452140679,0.15334008240753905,0.03751476750977631,0.04083037140875442,1
44007,32,3,1.80154667005285,2.5493689488484264,0.7478222787955764,0.11582531489776274,0.0,0.0,0
44007,33,1,2.695420684208332,3.335538935896261,0.6401182516879289,0.18216924686742117,0.0,0.09206612102689632,1
44007,33,2,2.695420684208332,3.084526008363229,0.38910532415489696,0.1947210452807541,0.012551798413332926,0.0,0
44007,33,3,2.695420684208332,3.472982655703588,0.7775619714952557,0.20113248364086422,0.018963236773443054,0.0,0
44007,34,1,2.326219588169085,2.643535033204164,0.3173154450350788,0.12375259942989632,0.01301560164458851,0.09206612102689632,1
44007,34,2,2.326219588169085,2.7151798044215556,0.38896021625247057,0.12297442733892266,0.012237429553614856,0.0,0
44007,34,3,2.326219588169085,2.4938065978233626,0.16758700965427753,0.11073699778530781,0.0,0.0,0
44007,35,1,1.8695188755821035,2.7699875913255285,0.900468715743425,0.09700648156661797,0.013627056052158137,0.09206612102689635,1
44007,35,2,1.8695188755821035,3.0565768702625236,1.18705799468042,0.1182708680392668,0.03489144252480697,0.0,0
44007,35,3,1.8695188755821035,2.197715706909569,0.3281968313274657,0.08337942551445983,0.0,0.0,0
44007,36,1,2.568055613010406,3.040089286814247,0.47203367380384087,0.08019054138316459,0.012841770499922411,0.09206612102689633,1
44007,36,2,2.568055613010406,3.1240977680491206,0.5560421550387145,0.06802136643063252,0.0006725955473903394,0.0,0
44007,36,3,2.568055613010406,3.1131491350192304,0.5450935220088242,0.06734877088324218,0.0,0.0,0
44007,37,1,2.850908051419702,4.070048791336612,1.2191407399169103,0.19897563364567072,0.0,0.05849495110518799,1
44007,37,2,2.850908051419702,4.996383053999279,2.145475002579577,0.2549497686353128,0.0559741349896421,0.03142691480663673,1
44007,37,3,2.850908051419702,4.09460124609531,1.2436931946756085,0.2410525879343325,0.04207695428866179,0.0,0
44007,38,1,2.261746359778369,3.149978786184623,0.8882324264062542,0.1272793115707222,0.0,0.06450570503431152,1
44007,38,2,2.261746359778369,2.881190865463938,0.6194445056855691,0.1289475486081763,0.0016682370374541122,0.033078790227674765,1
44007,38,3,2.261746359778369,3.500511856343985,1.238765496565616,0.1790381030547709,0.05175879148404869,0.0,0
44007,39,1,1.7737463778271105,2.4092550832672113,0.6355087054401007,0.15331728749202797,0.0,0.030898976340846096,1
44007,39,2,1.7737463778271105,2.3323383706940826,0.558591992866972,0.15703744531893818,0.0037201578269102087,0.0,0
44007,39,3,1.7737463778271105,2.8567077856619365,1.082961407834826,0.17403597996908257,0.0207186924770546,0.0,0
44007,40,1,1.1266796532856174,1.9329143766094075,0.8062347233237901,0.1491240116222262,0.02494886186389357,0.03089897634084615,1
44007,40,2,1.1266796532856174,2.121727634645402,0.9950479813597846,0.13574773091328382,0.011572581154951203,0.0,0
44007,40,3,1.1266796532856174,1.313025061627723,0.18634540834210567,0.12417514975833262,0.0,0.0,0
44007,41,1,1.624287306092532,2.623767126603313,0.9994798205107811,0.1341900076009563,0.007363054038264399,0.030898976340846124,1
44007,41,2,1.624287306092532,2.27552642284558,0.651239116753048,0.1268269535626919,0.0,0.0,0
44007,41,3,1.624287306092532,3.0455193046856905,1.4212319985931585,0.1679854241319536,0.041158470569261696,0.0,0
44007,42,1,2.1416976800409158,3.1443480825231336,1.0026504024822178,0.1349991204811017,0.0,0.06527403131526383,1
44007,42,2,2.1416976800409158,3.2981996005731014,1.1565019205321856,0.177002646647039,0.042003526165937305,0.0,0
44007,42,3,2.1416976800409158,3.3564233529636796,1.2147256729227638,0.1918031814283673,0.05680406094726562,0.0,0
44007,43,1,1.8173296640046648,2.706503108017741,0.8891734440130763,0.13830159207746648,0.0,0.0652740313152638,1
44007,43,2,1.8173296640046648,2.5302277675988356,0.7128981035941708,0.16669833460715575,0.028396742529689267,0.0,0
44007,43,3,1.8173296640046648,3.2718459294648645,1.4545162654601997,0.19645537925873674,0.05815378718127026,0.0,0
44007,44,1,1.9305576207596296,2.775071178042211,0.8445135572825813,0.11039381524093649,0.00852718116351539,0.06527403131526383,1
44007,44,2,1.9305576207596296,3.0566139884756494,1.1260563677160198,0.13246536195020217,0.030598727872781076,0.0,0
44007,44,3,1.9305576207596296,2.6546752816372705,0.724117660877641,0.1018666340774211,0.0,0.0,0
44007,45,1,1.5791072041913257,2.3998448256432283,0.8207376214519027,0.20213300631343661,0.009685728409898231,0.06029113003276776,1
44007,45,2,1.5791072041913257,2.2526781383505017,0.673570934159176,0.19244727790353838,0.0,0.0,0
44007,45,3,1.5791072041913257,2.173299932731482,0.5941927285401563,0.19686182452268747,0.0044145466191490845,0.0,0
44007,46,1,1.4280062032306213,2.184427709698527,0.7564215064679056,0.14573656697626652,0.011848840165730012,0.06029113003276777,1
44007,46,2,1.4280062032306213,2.1699653674779995,0.7419591642473782,0.1338877268105365,0.0,0.0,0
44007,46,3,1.4280062032306213,2.0589013627012784,0.6308951594706571,0.14682779057116882,0.012940063760632309,0.0,0
44007,47,1,1.7772032032042069,2.8760164357330744,1.0988132325288675,0.06394238933806051,0.002465426386227064,0.06029113003276777,1
44007,47,2,1.7772032032042069,2.4927065015909387,0.7155032983867318,0.06147696295183345,0.0,0.0,0
44007,47,3,1.7772032032042069,3.4309438077241743,1.6537406045199674,0.0770691386072662,0.015592175655432756,0.0,0
44007,48,1,2.5584799056579985,3.75261503733507,1.1941351316770716,0.2807232660527922,0.0,0.09904896533066718,1
44007,48,2,2.5584799056579985,3.537324525065057,0.9788446194070586,0.29353682797976954,0.012813561926977357,0.0,0
44007,48,3,2.5584799056579985,3.571935892822708,1.0134559871647095,0.2959862270326568,0.015262960979864626,0.0,0
44007,49,1,2.053964137213386,2.5363998738086253,0.4824357365952392,0.18811498333501422,0.010907482737757962,0.08707743600256104,1
44007,49,2,2.053964137213386,2.708429258532354,0.6544651213189678,0.18363929291690528,0.006431792319649021,0.0,0
44007,49,3,2.053964137213386,2.3991756249199683,0.34521148770658217,0.17720750059725626,0.0,0.0,0
44007,50,1,2.0462775938662516,2.3499643820216294,0.30368678815537775,0.15444114914857776,0.017400635030223516,0.08707743600256104,1
44007,50,2,2.0462775938662516,2.505887581998768,0.4596099881325162,0.16005106438430433,0.023010550265950086,0.0,0
44007,50,3,2.0462775938662516,2.217506645801268,0.17122905193501659,0.13704051411835425,0.0,0.0,0
44007,51,1,2.4612411424494347,3.0337223409695455,0.5724811985201108,0.07135693274068795,0.0074562207833406835,0.08707743600256104,1
44007,51,2,2.4612411424494347,2.8328611176185183,0.3716199751690836,0.06390071195734727,0.0,0.0,0
44007,51,3,2.4612411424494347,2.857576511919673,0.3963353694702385,0.06455938016794137,0.0006586682105940989,0.0,0
44007,52,1,11.640736005205293,11.961557404831934,0.3208213996266416,0.25091315753274424,0.0010861422794682107,0.0,0
44007,52,2,11.640736005205293,11.894869635721413,0.2541336305161206,0.24982701525327602,0.0,0.0,0
44007,52,3,11.640736005205293,11.952694493974358,0.31195848876906496,0.24998915494160953,0.0001621396883335069,0.0,0
44007,53,1,11.220663043206303,11.484782605394361,0.26411956218805877,0.22106411019839645,0.003539761992561563,0.0,0
44007,53,2,11.220663043206303,11.507946417976605,0.2872833747703023,0.22045180729188896,0.002927459086054074,0.0,0
44007,53,3,11.220663043206303,11.596628302291732,0.37596525908542944,0.21752434820583488,0.0,0.0,0
44007,54,1,11.188379291552192,11.37784803419105,0.1894687426388586,0.1703536109067591,0.0008086686580504321,0.0,0
44007,54,2,11.188379291552192,11.334795250336304,0.14641595878411273,0.16954494224870867,0.0,0.0,0
44007,54,3,11.188379291552192,11.469810804253786,0.2814315127015945,0.1705793153189594,0.001034373070250727,0.0,0
44007,55,1,11.251052021779188,11.877359362401357,0.6263073406221693,0.05055458711318257,0.0,0.0,0
44007,55,2,11.251052021779188,11.574139115733184,0.3230870939539958,0.05138020437963174,0.000825617266449169,0.0,0
44007,55,3,11.251052021779188,11.79299538300367,0.5419433612244813,0.07009118948581779,0.019536602372635214,0.0,0
44007,56,1,1.4253318180877321,1.8536707573003874,0.4283389392126553,0.16902769290884354,0.015518766819929392,0.0,0
44007,56,2,1.4253318180877321,2.1329590687890834,0.7076272507013512,0.15350892608891414,0.0,0.0,0
44007,56,3,1.4253318180877321,2.009029165366012,0.5836973472782798,0.15528353798696717,0.00177461189805303,0.0,0
44007,57,1,1.29456917121325,1.8446051470952298,0.5500359758819797,0.12709782095904906,0.02262251626400069,0.0,0
44007,57,2,1.29456917121325,1.912609090304916,0.6180399190916659,0.11329312538184316,0.008817820686794792,0.0,0
44007,57,3,1.29456917121325,1.6080707189343635,0.3135015477211134,0.10447530469504837,0.0,0.0,0
44007,58,1,1.9056043876393087,2.398328503353679,0.49272411571437025,0.06473950514311565,0.004346775655007587,0.0,0
44007,58,2,1.9056043876393087,2.183501144497256,0.27789675685794735,0.06039272948810806,0.0,0.0,0
44007,58,3,1.9056043876393087,2.2901913772919538,0.38458698965264504,0.06284399454319088,0.0024512650550828213,0.0,0
44007,59,1,5.018794013449647,5.447545331280492,0.4287513178308444,0.28910720416123253,0.013579299692080271,0.046908463248387045,1
44007,59,2,5.018794013449647,5.620791342542854,0.6019973290932068,0.27552790446915226,0.0,0.0,0
44007,59,3,5.018794013449647,5.491630794613781,0.4728367811641334,0.2790019263444282,0.0034740218752759566,0.0,0
44007,60,1,3.385403474922923,4.255430447798508,0.8700269728755852,0.17414071406153311,0.0,0.04880479301920826,1
44007,60,2,3.385403474922923,4.030961088078072,0.6455576131551495,0.1770362802331465,0.0028955661716133785,0.0,0
44007,60,3,3.385403474922923,4.294300391748986,0.908896916826063,0.1812903611671661,0.0071496471056329836,0.0,0
44007,61,1,4.755796430124794,4.9998324129879155,0.24403598286312178,0.12374392269115934,0.014823841556975331,0.04880479301920827,1
44007,61,2,4.755796430124794,5.122967798704915,0.367171368580121,0.10892008113418401,0.0,0.0,0
44007,61,3,4.755796430124794,5.59975684812417,0.8439604179993765,0.1297617400191224,0.0208416588849384,0.0,0
44007,62,1,1.7471366785910512,1.8968973451550546,0.14976066656400344,0.1630897939329449,0.0,0.0662866923896189,1
44007,62,2,1.7471366785910512,2.0512127401595013,0.30407606156845013,0.17926546412307726,0.016175670190132357,0.0,0
44007,62,3,1.7471366785910512,2.1854948858412433,0.43835820725019214,0.1957230884175487,0.03263329448460381,0.0,0
44007,63,1,1.391175063780637,2.1269606478693013,0.7357855840886642,0.11086700400261656,0.0,0.06628669238961891,1
44007,63,2,1.391175063780637,2.35158535164092,0.9604102878602829,0.1376661784003963,0.026799174397779735,0.0,0
44007,63,3,1.391175063780637,2.5065563193475073,1.1153812555668703,0.14806514921024205,0.03719814520762549,0.0,0
44007,64,1,2.897752921783225,3.787574804803449,0.889821883020224,0.15658914305371283,0.0,0.0662866923896189,1
44007,64,2,2.897752921783225,5.502210033289299,2.604457111506074,0.2124199730341603,0.05583082998044747,0.0,0
44007,64,3,2.897752921783225,4.264991382141989,1.3672384603587644,0.1761251692151671,0.01953602616145428,0.0,0
44007,65,1,1.8246095094969312,2.215748810121287,0.39113930062435576,0.14794827851311804,0.0,0.0,0
44007,65,2,1.8246095094969312,2.668659735785164,0.8440502262882326,0.17725340666221698,0.02930512814909894,0.0,0
44007,65,3,1.8246095094969312,2.6267214717876564,0.8021119622907251,0.17714991936211774,0.029201640848999705,0.0,0
44007,66,1,2.8648136170465444,3.2716577944293723,0.40684417738282797,0.14870731258621936,0.0,0.0,0
44007,66,2,2.8648136170465444,3.4824375375066046,0.6176239204600602,0.1611807862041427,0.012473473617923336,0.0,0
44007,66,3,2.8648136170465444,3.7002591179845226,0.8354455009379782,0.172907604271465,0.02420029168524565,0.0,0
44007,67,1,1.4419554742184222,2.241431000755962,0.7994755265375397,0.0507298673290917,0.0,0.0,0
44007,67,2,1.4419554742184222,2.335200342143077,0.8932448679246547,0.06133394468299814,0.010604077353906435,0.0,0
44007,67,3,1.4419554742184222,2.4717116871997895,1.0297562129813673,0.06503483295686531,0.014304965627773607,0.0,0
44007,68,1,3.6498592356562165,4.087404777300385,0.4375455416441687,0.20394762927398508,0.007467930897275571,0.00483853604210982,0
44007,68,2,3.6498592356562165,4.317680305561685,0.6678210699054681,0.2093316084677739,0.0128519100910644,0.0,0
44007,68,3,3.6498592356562165,4.1382923617174745,0.488433126061258,0.1964796983767095,0.0,0.0005015328562483212,0
44007,69,1,3.412633672250938,3.831013564406752,0.41837989215581395,0.17716268324287707,0.011491842426101101,0.0315203610334418,1
44007,69,2,3.412633672250938,3.9148471859214395,0.5022135136705015,0.18650118573486063,0.020830344918084664,0.032021893889690206,1
44007,69,3,3.412633672250938,3.8524280993349604,0.4397944270840224,0.16567084081677597,0.0,0.0,0
44007,70,1,9.168367691455623,9.46793910398444,0.2995714125288167,0.15306816154586567,0.004571242580013263,0.027496395941507212,1
44007,70,2,9.168367691455623,9.666898717397768,0.49853102594214427,0.16369017787056725,0.015193258904714846,0.019570869184826326,1
44007,70,3,9.168367691455623,9.739169570537182,0.570801879081559,0.1484969189658524,0.0,0.0,0
44007,71,1,8.553517866515104,8.895274077637964,0.3417562111228598,0.13850904487158974,0.010210069387129622,0.019570869184826332,1
44007,71,2,8.553517866515104,8.943717514179648,0.3901996476645433,0.12829897548446012,0.0,0.0,0
44007,71,3,8.553517866515104,9.703987491026602,1.1504696245114978,0.1795889263091854,0.05128995082472529,0.0,0
44007,72,1,10.282177923232421,10.67733985589415,0.39516193266172905,0.10843113735890919,0.0,0.0,0
44007,72,2,10.282177923232421,10.499479169943838,0.2173012467114166,0.12812980181245523,0.01969866445354604,0.057707505274217974,1
44007,72,3,10.282177923232421,11.502333532279405,1.2201556090469836,0.17196837117177544,0.06353723381286625,0.11573825442329336,1
44007,73,1,9.126151619364538,9.42168636388152,0.29553474451698136,0.12563578427522332,0.00996277101425573,0.0,0
44007,73,2,9.126151619364538,9.440524734110813,0.3143731147462745,0.11567301326096759,0.0,0.058030749149075384,1
44007,73,3,9.126151619364538,10.038368042345317,0.9122164229807783,0.1601027426324713,0.044429729371503704,0.058030749149075384,1
44007,74,1,8.59988019330076,9.034365214895555,0.43448502159479574,0.16601440082987087,0.0,0.0,0
44007,74,2,8.59988019330076,9.021232992178573,0.4213527988778143,0.17877809386000654,0.012763693030135664,0.013497999997879838,1
44007,74,3,8.59988019330076,8.913884967601353,0.31400477430059404,0.16850700628700208,0.002492605457131203,0.015665835069462238,1
44007,75,1,11.81837667638465,12.048226587052515,0.22984991066786442,0.1537395970716811,0.011195413448637087,0.0,0
44007,75,2,11.81837667638465,12.103245946309825,0.28486926992517425,0.14254418362304402,0.0,0.002167835071582396,0
44007,75,3,11.81837667638465,12.57206273739217,0.7536860610075191,0.1847142164452103,0.042170032822166276,0.002167835071582396,0
44007,76,1,9.021213356064743,9.481235659358159,0.46002230329341565,0.23590676967613097,0.014780814732849173,0.019836931156849414,1
44007,76,2,9.021213356064743,9.463664647010845,0.44245129094610114,0.2211259549432818,0.0,0.0,0
44007,76,3,9.021213356064743,9.468714055007272,0.44750069894252853,0.22889129976486877,0.0077653448215869725,0.0,0
44007,77,1,11.155566088068603,11.391115380684553,0.23554929261594992,0.16867753453095713,0.0,0.0,0
44007,77,2,11.155566088068603,11.524272896551576,0.36870680848297255,0.1988368924989922,0.030159357968035067,0.03924078575032691,1
44007,77,3,11.155566088068603,11.657328012016464,0.5017619239478606,0.20395722710845768,0.03527969257750055,0.03924078575032691,1
44007,78,1,9.686542330626358,10.044529676540735,0.35798734591437764,0.0950944600445611,0.01642157668676858,0.0,0
44007,78,2,9.686542330626358,9.91557238565494,0.22903005502858242,0.07867288335779252,0.0,0.004135935351543711,0
44007,78,3,9.686542330626358,10.051803020699447,0.3652606900730895,0.08226225028615335,0.0035893669283608293,0.004135935351543711,0
44008,0,1,1.4876482524366428,2.3587648734139535,0.8711166209773107,0.11221629773741518,0.0165563598523875,0.11135397669111977,1
44008,0,2,1.4876482524366428,2.6603573771570668,1.172709124720424,0.12580733936237437,0.030147401477346694,0.0,0
44008,0,3,1.4876482524366428,1.8059044428545945,0.3182561904179517,0.09565993788502768,0.0,0.0,0
44008,1,1,2.436331028749776,2.718150850162808,0.2818198214130323,0.10475854470456099,0.03040504923772197,0.1113539766911198,1
44008,1,2,2.436331028749776,2.558182329323465,0.12185130057368898,0.07435349546683902,0.0,0.0,0
44008,1,3,2.436331028749776,2.714742952755871,0.27841192400609494,0.07855569738546204,0.0042022019186230275,0.0,0
44008,2,1,1.733033009517032,2.621787945379694,0.8887549358626619,0.17047314404050373,0.038679560334792196,0.022376342656032555,1
44008,2,2,1.733033009517032,2.144017791362118,0.4109847818450858,0.1491714199329911,0.017377836227279564,0.03049031393097318,1
44008,2,3,1.733033009517032,1.8631419036515542,0.1301088941345221,0.13179358370571154,0.0,0.0,0
44008,3,1,1.9359104626552082,2.2758572827341284,0.3399468200789202,0.10770296572011817,0.024232835021384055,0.0808841685268781,1
44008,3,2,1.9359104626552082,2.3471052173640996,0.41119475470889144,0.08347013069873412,0.0,0.05039385459590495,1
44008,3,3,1.9359104626552082,2.559745152083226,0.6238346894280178,0.09402714848657041,0.010557017787836298,0.0,0
44008,4,1,2.643314971327873,3.087453047624048,0.44413807629617486,0.26639957686931903,0.02065813769754765,0.1409186707345853,1
44008,4,2,2.643314971327873,2.871649256800027,0.22833428547215417,0.24574143917177138,0.0,0.08624370436018436,1
44008,4,3,2.643314971327873,3.2568012133681683,0.6134862420402953,0.25075156407516896,0.005010124903397584,0.0,0
44008,5,1,1.1532451511331419,1.5070905388481273,0.3538453877149854,0.175822263011487,0.014241659914737886,0.14091867073458536,1
44008,5,2,1.1532451511331419,1.8820066457748115,0.7287614946416696,0.16158060309674913,0.0,0.08624370436018436,1
44008,5,3,1.1532451511331419,2.001334205030779,0.8480890538976371,0.16808304658834333,0.006502443491594206,0.0,0
44008,6,1,2.9004122552300453,4.142583488251222,1.2421712330211765,0.17581165474245222,0.0,0.14091867073458536,1
44008,6,2,2.9004122552300453,3.696880939999539,0.7964686847694935,0.18810220246296008,0.01229054772050786,0.08624370436018439,1
44008,6,3,2.9004122552300453,3.8002978942889896,0.8998856390589443,0.1847402930625964,0.008928638320144178,0.0,0
44008,7,1,1.8314000403513284,2.9673312766380615,1.135931236286733,0.26530266915051415,0.0015411276331595003,0.024912478691261286,1
44008,7,2,1.8314000403513284,2.441368926211613,0.6099688858602845,0.26376154151735465,0.0,0.0,0
44008,7,3,1.8314000403513284,2.776305201121531,0.9449051607702024,0.28014973356197803,0.016388192044623384,0.0,0
44008,8,1,1.4222351587308888,2.509211787544567,1.0869766288136782,0.17955148486247108,0.0006250600896278435,0.039748771606802735,1
44008,8,2,1.4222351587308888,2.155585488609981,0.733350329879092,0.17892642477284323,0.0,0.0,0
44008,8,3,1.4222351587308888,2.5027498226011704,1.0805146638702816,0.18237362652154854,0.003447201748705303,0.0,0
44008,9,1,1.3949751388554015,2.153580855077626,0.7586057162222244,0.14281629036857524,0.01261730243468473,0.039748771606802735,1
44008,9,2,1.3949751388554015,2.2103593867018265,0.815384247846425,0.1440363903405743,0.013837402406683796,0.0,0
44008,9,3,1.3949751388554015,1.5525339856519924,0.15755884679659093,0.1301989879338905,0.0,0.0,0
44008,10,1,1.7282626273509485,2.3570878062546905,0.628825178903742,0.11846700610046479,0.026837715396487688,0.03974877160680272,1
44008,10,2,1.7282626273509485,2.3103992740219494,0.582136646671001,0.0916292907039771,0.0,0.0,0
44008,10,3,1.7282626273509485,2.5873261865718975,0.859063559220949,0.10541751109805224,0.013788220394075137,0.0,0
44008,11,1,2.3438945603775245,3.1917265486264914,0.8478319882489669,0.19502858016316704,0.0,0.0024661541237429585,0
44008,11,2,2.3438945603775245,3.2209302700523126,0.877035709674788,0.19868817842437095,0.0036595982612039057,0.01853476802491605,1
44008,11,3,2.3438945603775245,3.222850598502035,0.8789560381245103,0.22670883750374868,0.031680257340581636,0.0,0
44008,12,1,3.826362192907085,5.101914882561685,1.2755526896546,0.23838175614456475,0.0,0.02552520871525732,1
44008,12,2,3.826362192907085,5.0486582131407305,1.2222960202336455,0.2756163007263255,0.03723454458176073,0.006990440690341215,1
44008,12,3,3.826362192907085,5.275927735585805,1.44956554267872,0.3025797429986133,0.06419798685404854,0.0,0
44008,13,1,4.563187891416741,6.093906413521418,1.5307185221046762,0.2978165191310295,0.0,0.014049924947606152,1
44008,13,2,4.563187891416741,5.824635155653207,1.261447264236466,0.31875082620284606,0.020934307071816538,0.0,0
44008,13,3,4.563187891416741,6.165858439543426,1.6026705481266843,0.34183265941764873,0.04401614028661921,0.007842853253839488,1
44008,14,1,2.118804844623355,3.369640148829621,1.2508353042062659,0.2317532415115051,0.0009376204146769873,0.0,0
44008,14,2,2.118804844623355,3.1423701662172987,1.0235653215939435,0.2308156210968281,0.0,0.007842853253839432,1
44008,14,3,2.118804844623355,3.270149100680515,1.1513442560571598,0.24192938637369746,0.011113765276869358,0.011785423644916027,1
44008,15,1,2.5997289970618587,3.0670512668593966,0.4673222697975379,0.27045630964117867,0.015412873594807142,0.0,0
44008,15,2,2.5997289970618587,3.077551184603746,0.47782218754188754,0.25504343604637153,0.0,0.0,0
44008,15,3,2.5997289970618587,3.152184621972287,0.5524556249104284,0.25548435991680485,0.0004409238704333185,0.0,0
44008,16,1,2.447944590767828,3.137963593779843,0.690019003012015,0.1802267433792841,0.0,0.0,0
44008,16,2,2.447944590767828,2.794772829517909,0.34682823875008095,0.19221701228517427,0.011990268905890167,0.0,0
44008,16,3,2.447944590767828,3.2002368898584392,0.7522922990906111,0.20385262107558258,0.02362587769629848,0.0,0
44008,17,1,1.8831808045242877,2.155233786520995,0.27205298199670724,0.12410793403923412,0.026766044943681358,0.0,0
44008,17,2,1.8831808045242877,2.0290430668369117,0.145862262312624,0.10450045321308507,0.0071585641175323095,0.0,0
44008,17,3,1.8831808045242877,2.0330083243324997,0.14982751980821196,0.09734188909555276,0.0,0.0,0
44008,18,1,2.517973627459706,2.7524492842291255,0.2344756567694195,0.06497975551664456,0.01828193069423368,0.0,0
44008,18,2,2.517973627459706,2.860286746835963,0.3423131193762572,0.04669782482241088,0.0,0.0,0
44008,18,3,2.517973627459706,2.842032616595465,0.32405898913575903,0.048870093839512074,0.002172269017101193,0.0,0
44008,19,1,1.4713240266597045,2.0234398438167505,0.5521158171570459,0.20005369071661014,0.010111631672093058,0.0,0
44008,19,2,1.4713240266597045,2.102587288261222,0.6312632616015177,0.18994205904451708,0.0,0.0,0
44008,19,3,1.4713240266597045,2.150688421146749,0.6793643944870447,0.19118254647114746,0.0012404874266303823,0.0,0
44008,20,1,1.9351091248637313,2.4023344531345905,0.46722532827085916,0.17685076620329027,0.029141632100035314,0.0,0
44008,20,2,1.9351091248637313,2.6264435772142245,0.6913344523504932,0.14770913410325495,0.0,0.0,0
44008,20,3,1.9351091248637313,2.516976696184955,0.5818675713212238,0.15175483722335628,0.004045703120101329,0.0,0
44008,21,1,1.4712351264925554,2.462247815995547,0.9910126895029918,0.061080778347820636,0.007996171024137869,0.0,0
44008,21,2,1.4712351264925554,1.8884637955948302,0.41722866910227485,0.05308460732368277,0.0,0.0,0
44008,21,3,1.4712351264925554,3.13017809406727,1.6589429675747145,0.06987939053534165,0.01679478321165888,0.0,0
44008,22,1,1.3497550562795813,2.0915382109173413,0.74178315463776,0.2185127539891576,0.011251238769888622,0.07082319446723151,1
44008,22,2,1.3497550562795813,2.090039084383658,0.7402840281040766,0.20726151521926897,0.0,0.0,0
44008,22,3,1.3497550562795813,2.001576881390742,0.6518218251111609,0.20798798513035088,0.0007264699110819117,0.0,0
44008,23,1,1.2512720311388423,1.8447395181138024,0.5934674869749601,0.15765709813874476,0.0,0.07082319446723154,1
44008,23,2,1.2512720311388423,1.719917551489253,0.46864552035041074,0.16243081698863918,0.004773718849894415,0.0,0
44008,23,3,1.2512720311388423,1.785274826959553,0.5340027958207108,0.17351691669667574,0.015859818557930977,0.0,0
44008,24,1,1.1746385439773834,1.3792896275851956,0.20465108360781215,0.12106463080147753,0.025580313704838584,0.07082319446723154,1
44008,24,2,1.1746385439773834,1.4083873515366545,0.23374880755927108,0.10096960661352994,0.005485289516890993,0.0,0
44008,24,3,1.1746385439773834,1.3034619695693341,0.1288234255919507,0.09548431709663895,0.0,0.0,0
44008,25,1,5.153212347167451,5.514875491564214,0.36166314439676306,0.0819986177514734,0.019113064613156677,0.07082319446723154,1
44008,25,2,5.153212347167451,5.663862765475325,0.5106504183078737,0.06288555313831672,0.0,0.0,0
44008,25,3,5.153212347167451,6.025515270739801,0.8723029235723496,0.09794497725004024,0.035059424111723525,0.0,0
44008,26,1,2.6232363629378734,4.005745295346049,1.3825089324081756,0.1610559731030298,0.0,0.0753618447908797,1
44008,26,2,2.6232363629378734,3.862757465662013,1.2395211027241397,0.20989512119486628,0.04883914809183648,0.0401278115414177,1
44008,26,3,2.6232363629378734,5.263237010640914,2.6400006477030407,0.2517113916708273,0.09065541856779749,0.0,0
44008,27,1,2.3053404809087756,2.953221156592657,0.6478806756838815,0.14692544432543056,0.002177582192632227,0.08010376435803507,1
44008,27,2,2.3053404809087756,2.9564496562634215,0.6511091753546459,0.15493993293144054,0.010192070798642205,0.0401278115414177,1
44008,27,3,2.3053404809087756,2.5805571430270393,0.2752166621182637,0.14474786213279833,0.0,0.0,0
44008,28,1,1.8220674377416266,3.0383514670567195,1.216284029315093,0.10793598768511291,0.006816661403314911,0.08010376435803504,1
44008,28,2,1.8220674377416266,3.324668483935356,1.5026010461937296,0.14266501492511555,0.04154568864331755,0.0401278115414177,1
44008,28,3,1.8220674377416266,2.67538904055315,0.8533216028115236,0.101119326281798,0.0,0.0,0
44008,29,1,2.7469941331380823,3.423731630496209,0.6767374973581268,0.20347961983521293,0.0,0.09218928629957412,1
44008,29,2,2.7469941331380823,3.054436277298137,0.30744214416005455,0.2049059277711476,0.0014263079359346786,0.0,0
44008,29,3,2.7469941331380823,3.2342945902080453,0.48730045706996306,0.21601848467040402,0.012538864835191094,0.0,0
44008,30,1,2.4743264998135244,2.7446203824525703,0.27029388263904597,0.13200573562505585,0.02512245939072831,0.09218928629957412,1
44008,30,2,2.4743264998135244,2.716093929332281,0.24176742951875685,0.11423473301951104,0.007351456785183494,0.0,0
44008,30,3,2.4743264998135244,2.632282491840162,0.15795599202663757,0.10688327623432754,0.0,0.0,0
44008,31,1,1.9112403368588047,2.8430118692766895,0.9317715324178848,0.0966310178285286,0.016927281289513513,0.09218928629957415,1
44008,31,2,1.9112403368588047,3.4817442939429086,1.570503957084104,0.11779598999173929,0.0380922534527242,0.0,0
44008,31,3,1.9112403368588047,2.232105748435013,0.3208654115762082,0.0797037365390151,0.0,0.0,0
44008,32,1,2.6480052571228674,2.865782274977893,0.2177770178550258,0.09144567943548768,0.026524044062546895,0.09218928629957412,1
44008,32,2,2.6480052571228674,2.73877792833279,0.0907726712099226,0.06492163537294078,0.0,0.0,0
44008,32,3,2.6480052571228674,2.9165758306050127,0.2685705734821453,0.06567014196775987,0.0007485065948190928,0.0,0
44008,33,1,3.1253570016041152,4.15802805166451,1.0326710500603946,0.15392189785074437,0.0,0.057751655010424285,1
44008,33,2,3.1253570016041152,4.022421831642386,0.8970648300382704,0.19021551440096307,0.036293616550218705,0.030969794273439044,1
44008,33,3,3.1253570016041152,4.152560877462163,1.0272038758580475,0.18820425540553143,0.03428235755478706,0.0,0
44008,34,1,2.3908490708268793,3.335629615966647,0.9447805451397677,0.10931152907087957,0.016182952941022122,0.06330799751884034,1
44008,34,2,2.3908490708268793,2.751680532681033,0.3608314618541537,0.09312857612985745,0.0,0.03233820324540132,1
44008,34,3,2.3908490708268793,3.4501824721449763,1.059333401318097,0.12523054099771075,0.0321019648678533,0.0,0
44008,35,1,1.7220938755938775,2.548465553964051,0.8263716783701733,0.1707252568068876,0.0,0.030785438158922096,1
44008,35,2,1.7220938755938775,2.361158385747048,0.6390645101531707,0.17138623929023486,0.0006609824833472555,0.0,0
44008,35,3,1.7220938755938775,2.6927995769064523,0.9707057013125748,0.17749162997915816,0.006766373172270551,0.0,0
44008,36,1,1.0657866169632135,2.03595764903902,0.9701710320758066,0.149726020847443,0.03428291585015149,0.030785438158922096,1
44008,36,2,1.0657866169632135,1.6821750628498062,0.6163884458865927,0.12633226967016523,0.010889164672873722,0.0,0
44008,36,3,1.0657866169632135,1.2379912840559935,0.17220466709277993,0.1154431049972915,0.0,0.0,0
44008,37,1,1.7192782274743243,2.7652807343039845,1.0460025068296601,0.11271550605329612,0.014104296175123654,0.030785438158922082,1
44008,37,2,1.7192782274743243,2.416484295213883,0.6972060677395588,0.09861120987817247,0.0,0.0,0
44008,37,3,1.7192782274743243,2.947990305986697,1.2287120785123729,0.11480929001728649,0.016198080139114016,0.0,0
44008,38,1,2.329281123387726,2.7989441938942266,0.46966307050650036,0.15933767764241732,0.0,0.06423718986208105,1
44008,38,2,2.329281123387726,2.7242494683933853,0.39496834500565914,0.18369724457624165,0.024359566933824323,0.0,0
44008,38,3,2.329281123387726,2.9777699470887002,0.648488823700974,0.19312692577629487,0.03378924813387754,0.0,0
44008,39,1,1.9123798655325104,3.4006539075097413,1.488274041977231,0.12788566567426946,0.0,0.06423718986208102,1
44008,39,2,1.9123798655325104,3.2297766235264866,1.3173967579939763,0.17781375072298283,0.04992808504871338,0.0,0
44008,39,3,1.9123798655325104,4.374312948093155,2.4619330825606447,0.2103071128644807,0.08242144719021124,0.0,0
44008,40,1,2.121802605270566,3.5007430161573736,1.3789404108868077,0.1089708275226318,0.0,0.06423718986208102,1
44008,40,2,2.121802605270566,3.4132848763226478,1.291482271052082,0.14673067782812793,0.037759850305496126,0.0,0
44008,40,3,2.121802605270566,2.830268597325106,0.7084659920545402,0.11510430812463655,0.006133480602004748,0.0,0
44008,41,1,1.5634542688558153,2.2714766767392947,0.7080224078834794,0.21295517405362593,0.013100060285650722,0.05987840376008487,1
44008,41,2,1.5634542688558153,2.2054374595274906,0.6419831906716753,0.20355480071574192,0.003699686947766706,0.0,0
44008,41,3,1.5634542688558153,2.428039370033418,0.8645851011776029,0.1998551137679752,0.0,0.0,0
44008,42,1,1.6805799837929911,2.0665109148734744,0.38593093108048326,0.1632019359963454,0.01791988658287466,0.05987840376008485,1
44008,42,2,1.6805799837929911,2.216199192993462,0.535619209200471,0.14528204941347073,0.0,0.0,0
44008,42,3,1.6805799837929911,2.134258086865985,0.45367810307299394,0.14974704049386492,0.004464991080394193,0.0,0
44008,43,1,1.9588149647044983,2.563808491488937,0.6049935267844386,0.0787769860843128,0.01871558989727446,0.05987840376008485,1
44008,43,2,1.9588149647044983,2.5399092527685077,0.5810942880640093,0.06006139618703834,0.0,0.0,0
44008,43,3,1.9588149647044983,3.0180441728520195,1.0592292081475212,0.08641358766992294,0.026352191482884597,0.0,0
44008,44,1,1.822855536141331,2.6590596726888602,0.8362041365475292,0.26349089064756975,0.01394612598014583,0.09715666978023213,1
44008,44,2,1.822855536141331,2.3854469466247203,0.5625914104833893,0.24954476466742392,0.0,0.0,0
44008,44,3,1.822855536141331,2.93885468926563,1.115999153124299,0.2644300913159332,0.014885326648509278,0.0,0
44008,45,1,2.086868279887903,2.491544204631032,0.40467592474312886,0.2040261279838925,0.01698554109929684,0.08673396964684776,1
44008,45,2,2.086868279887903,2.5583220425687196,0.4714537626808166,0.18925742094315123,0.002216834058555578,0.0,0
44008,45,3,2.086868279887903,2.508969566801768,0.42210128691386517,0.18704058688459566,0.0,0.0,0
44008,46,1,2.1514031797356807,2.564192288226761,0.4127891084910802,0.16189165967264021,0.0158779043641655,0.08673396964684779,1
44008,46,2,2.1514031797356807,2.8987598074567704,0.7473566277210897,0.16160547721030935,0.015591721901834638,0.0,0
44008,46,3,2.1514031797356807,2.4032184656468747,0.25181528591119395,0.1460137553084747,0.0,0.0,0
44008,47,1,2.5610176547322725,2.7850221818291443,0.2240045270968718,0.08355621524985589,0.026812179829684535,0.08673396964684779,1
44008,47,2,2.5610176547322725,2.9514433905803448,0.3904257358480723,0.05704786789181617,0.00030383247164481736,0.0,0
44008,47,3,2.5610176547322725,2.9748069151378767,0.41378926040560415,0.056744035420171354,0.0,0.0,0
44008,48,1,11.56689117166676,11.831320143622282,0.26442897195552106,0.25428570049762955,0.004903515821783694,0.0,0
44008,48,2,11.56689117166676,11.767564123418856,0.20067295175209487,0.25109142293736353,0.0017092382615176704,0.0,0
44008,48,3,11.56689117166676,11.872856778064406,0.3059656063976455,0.24938218467584586,0.0,0.0,0
44008,49,1,11.139248865073334,11.663834054464179,0.5245851893908444,0.21929622650866462,0.0,0.0,0
44008,49,2,11.139248865073334,11.289267678580345,0.1500188135070104,0.2198109770554684,0.0005147505468037772,0.0,0
44008,49,3,11.139248865073334,11.581710626974346,0.4424617619010114,0.2217867190047898,0.0024904924961251795,0.0,0
44008,50,1,11.095438473246762,11.2854692449047,0.1900307716579377,0.1754854511088872,0.0034253473005070034,0.0,0
44008,50,2,11.095438473246762,11.232680826213397,0.13724235296663423,0.1720601038083802,0.0,0.0,0
44008,50,3,11.095438473246762,11.304530936778031,0.20909246353126854,0.17401055386507316,0.0019504500566929761,0.0,0
44008,51,1,11.16377992644661,11.671457772066407,0.5076778456197975,0.05221245639172916,0.0012886727795075811,0.0,0
44008,51,2,11.16377992644661,11.466264948385748,0.3024850219391375,0.05092378361222158,0.0,0.0,0
44008,51,3,11.16377992644661,11.788761673232987,0.6249817467863767,0.07021938819895013,0.01929560458672855,0.0,0
44008,52,1,1.3561557104800712,1.8695332631316208,0.5133775526515496,0.1710698295423758,0.010321309489758318,0.09124571805834242,1
44008,52,2,1.3561557104800712,1.8895877745274139,0.5334320640473427,0.16074852005261747,0.0,0.0,0
44008,52,3,1.3561557104800712,2.234771273409515,0.8786155629294436,0.17019642084870024,0.009447900796082764,0.0,0
44008,53,1,1.2624465174277348,1.7194737374929208,0.4570272200651859,0.13489522975083174,0.02615788179016837,0.09124571805834239,1
44008,53,2,1.2624465174277348,1.7568686874003199,0.49442216997258503,0.11939124614562972,0.010653898184966357,0.0,0
44008,53,3,1.2624465174277348,1.492881903324165,0.2304353858964301,0.10873734796066337,0.0,0.0,0
44008,54,1,1.8998273898874882,2.1283389666980144,0.22851157681052614,0.07984922502708758,0.01922101576911895,0.09124571805834239,1
44008,54,2,1.8998273898874882,2.0318287107712143,0.13200132088372607,0.06062820925796863,0.0,0.0,0
44008,54,3,1.8998273898874882,2.0252972016703032,0.12546981178281502,0.06211067659674908,0.0014824673387804493,0.0,0
44008,55,1,5.020243006675099,5.522877234756875,0.5026342280817753,0.27699746255928237,0.0024766779598208166,0.04618842174404447,1
44008,55,2,5.020243006675099,5.353465465670864,0.3332224589957642,0.27452078459946155,0.0,0.0,0
44008,55,3,5.020243006675099,5.8564666396313765,0.8362236329562771,0.28027766978898877,0.005756885189527217,0.0,0
44008,56,1,3.3870475048533173,4.366628603254235,0.9795810984009181,0.17758861686728694,2.7461682247403862e-05,0.04844512736405204,1
44008,56,2,3.3870475048533173,3.9364569648163212,0.5494094599630039,0.17756115518503954,0.0,0.0,0
44008,56,3,3.3870475048533173,4.527243003540014,1.1401954986866967,0.18555945964787862,0.007998304462839084,0.0,0
44008,57,1,4.805338794042,5.749679049617504,0.9443402555755043,0.11242257192036985,0.0014674218378760706,0.04844512736405204,1
44008,57,2,4.805338794042,5.175283346652927,0.36994455261092707,0.11095515008249378,0.0,0.0,0
44008,57,3,4.805338794042,5.868038164288645,1.0626993702466452,0.1450222970964317,0.03406714701393791,0.0,0
44008,58,1,1.7326342409257773,2.0407568445980844,0.30812260367230704,0.1714990626418606,0.0,0.06550338329153715,1
44008,58,2,1.7326342409257773,2.0511880999195653,0.31855385899378796,0.19469460081281106,0.023195538170950464,0.0,0
44008,58,3,1.7326342409257773,2.3612611132637547,0.6286268723379773,0.20797918509034868,0.036480122448488084,0.0,0
44008,59,1,1.8347303368663588,2.27353562279048,0.43880528592412116,0.11514268629982184,0.0,0.06550338329153715,1
44008,59,2,1.8347303368663588,2.316391097525256,0.4816607606588974,0.14061827932768567,0.025475593027863827,0.0,0
44008,59,3,1.8347303368663588,2.394659094934891,0.5599287580685322,0.14837425798884565,0.03323157168902381,0.0,0
44008,60,1,3.305639111910388,4.5466983810377855,1.2410592691273976,0.1147736214207965,0.0,0.06550338329153715,1
44008,60,2,3.305639111910388,5.446378564518435,2.140739452608047,0.1751729750575139,0.06039935363671739,0.0,0
44008,60,3,3.305639111910388,4.443713604553064,1.1380744926426765,0.14584038404514718,0.03106676262435068,0.0,0
44008,61,1,1.8928146886239348,2.3894432717956553,0.49662858317172054,0.16166954490474322,0.0,0.0,0
44008,61,2,1.8928146886239348,2.403715183960017,0.5109004953360823,0.179610713976936,0.017941169072192786,0.0,0
44008,61,3,1.8928146886239348,2.426898144042391,0.5340834554184561,0.18399574252626286,0.022326197621519633,0.0,0
44008,62,1,2.9881096008102297,4.421337507273007,1.4332279064627773,0.14698326936180944,0.0,0.0,0
44008,62,2,2.9881096008102297,3.8280150381817366,0.8399054373715069,0.17612457091382605,0.029141301552016607,0.0,0
44008,62,3,2.9881096008102297,4.538988546137121,1.5508789453268914,0.20234303546198457,0.05535976610017512,0.0,0
44008,63,1,1.4491825202945674,2.933979357877695,1.4847968375831275,0.05496519020469484,0.0,0.0,0
44008,63,2,1.4491825202945674,2.1577681655507766,0.7085856452562092,0.06345190857680476,0.008486718372109917,0.0,0
44008,63,3,1.4491825202945674,3.009757161226243,1.5605746409316756,0.06911183161233331,0.014146641407638466,0.0,0
44008,64,1,3.6425980022055753,4.395130577263678,0.7525325750581024,0.20720134344128255,0.0,0.003751015381763312,0
44008,64,2,3.6425980022055753,4.305477911066162,0.6628799088605866,0.22168270377131866,0.014481360330036108,0.0,0
44008,64,3,3.6425980022055753,4.397077594946585,0.7544795927410095,0.23050189130846097,0.023300547867178417,0.0010859301318941195,0
44008,65,1,3.4676007500815786,4.428109860728594,0.9605091106470156,0.1595381371111073,0.0,0.02981303017601694,1
44008,65,2,3.4676007500815786,4.266115826041301,0.7985150759597226,0.17522169019984318,0.015683553088735896,0.03089896030791106,1
44008,65,3,3.4676007500815786,3.9149148775728575,0.44731412749127886,0.1598519889089422,0.0003138517978349131,0.0,0
44008,66,1,2.83320880505953,3.2193639952137323,0.3861551901542022,0.2554378811103012,0.010661670027423298,0.0,0
44008,66,2,2.83320880505953,3.210725090238134,0.3775162851786038,0.24620958671056303,0.0014333756276851406,0.0,0
44008,66,3,2.83320880505953,3.2656581664910704,0.43244936143154034,0.2447762110828779,0.0,0.0,0
44008,67,1,1.2981471189612963,2.792557969763801,1.494410850802505,0.1630716008769366,0.04308540416379669,0.0,0
44008,67,2,1.2981471189612963,2.0518313206273384,0.7536842016660421,0.14228554834980592,0.02229935163666602,0.0,0
44008,67,3,1.2981471189612963,1.7334710370672557,0.4353239181059594,0.1199861967131399,0.0,0.0,0
44008,68,1,10.482479918939315,11.112140131019444,0.6296602120801289,0.17072831910041905,0.0,0.02435398559246861,1
44008,68,2,10.482479918939315,11.196366293740912,0.7138863748015964,0.18995436998741055,0.019226050886991503,0.01739803069718615,1
44008,68,3,10.482479918939315,10.785279171790151,0.30279925285083564,0.17506030902669736,0.004331989926278312,0.0,0
44008,69,1,9.731309442886777,10.040208798174463,0.30889935528768575,0.11685778419843251,0.017411043044835345,0.017398030697186147,1
44008,69,2,9.731309442886777,9.876700182787966,0.14539073990118823,0.09944674115359717,0.0,0.0,0
44008,69,3,9.731309442886777,10.368514711624105,0.6372052687373273,0.1268649860303544,0.02741824487675723,0.0,0
44008,70,1,11.752974799673988,12.132562044061302,0.3795872443873147,0.08490289182948679,0.0018565582667513097,0.0,0
44008,70,2,11.752974799673988,11.866685124887415,0.11371032521342705,0.08304633356273548,0.0,0.05895163233205672,1
44008,70,3,11.752974799673988,12.225943840149398,0.47296904047541055,0.10133268424921171,0.01828635068647623,0.1183636173979942,1
44008,71,1,10.480758503631119,10.67725788067944,0.19649937704832077,0.10667573249430294,0.01838638239780009,0.0,0
44008,71,2,10.480758503631119,10.568359516045863,0.08760101241474416,0.08828935009650285,0.0,0.0594119850659375,1
44008,71,3,10.480758503631119,11.052310273935149,0.5715517703040298,0.11509608655758805,0.026806736461085195,0.0594119850659375,1
44008,72,1,9.456199744787352,10.078279053736793,0.6220793089494414,0.16229814215215319,0.0,0.0,0
44008,72,2,9.456199744787352,10.123864019235526,0.6676642744481747,0.18717218782763484,0.024874045675481654,0.014315063248432416,1
44008,72,3,9.456199744787352,9.711737213690915,0.25553746890356344,0.17332363778666626,0.011025495634513077,0.017162507711941027,1
44008,73,1,13.045543316126262,13.212699750067818,0.16715643394155677,0.12233886100122877,0.015058017645159585,0.0,0
44008,73,2,13.045543316126262,13.139993061043333,0.09444974491707114,0.10728084335606919,0.0,0.002847444463508618,0
44008,73,3,13.045543316126262,13.61698646377084,0.5714431476445778,0.13423043320685002,0.02694958985078083,0.002847444463508618,0
44008,74,1,10.079226460163772,10.62131857379796,0.5420921136341885,0.23357721447306054,0.0,0.0192844979212424,1
44008,74,2,10.079226460163772,10.390570637059792,0.3113441768960197,0.23372316008750021,0.00014594561443967424,0.0,0
44008,74,3,10.079226460163772,10.614085948491084,0.5348594883273119,0.2376194127216024,0.004042198248541851,0.0,0
44008,75,1,12.67906638768516,13.256785468959947,0.5777190812747879,0.2003553088708624,0.0,0.0,0
44008,75,2,12.67906638768516,13.139142544037387,0.460076156352228,0.21115669984181865,0.010801390970956254,0.04042679666245429,1
44008,75,3,12.67906638768516,13.05584849959811,0.3767821119129504,0.20855885514330552,0.00820354627244313,0.04042679666245429,1
44008,76,1,10.948947278455503,10.993598297031463,0.04465101857596032,0.09255918512720077,0.020488695628137293,0.0,0
44008,76,2,10.948947278455503,10.999437072784406,0.05048979432890377,0.07207048949906347,0.0,0.004265875593395051,0
44008,76,3,10.948947278455503,10.990519044709856,0.04157176625435355,0.07349893828021638,0.001428448781152905,0.004265875593395051,0
44008,77,1,14.097293683006864,14.66535725351467,0.5680635705078068,0.135868792434936,0.0,0.008345533614518001,1
44008,77,2,14.097293683006864,14.338105726010095,0.24081204300323122,0.15878508824312573,0.02291629580818974,0.0,0
44008,77,3,14.097293683006864,14.733726166222095,0.6364324832152306,0.1766923489198151,0.04082355648487912,0.0,0
44009,0,1,2.6513793203822082,3.2945768768787396,0.6431975564965313,0.2826632006007771,0.045614100057904616,0.0571755935629924,1
44009,0,2,2.6513793203822082,3.0097969954098245,0.35841767502761623,0.24267784078094817,0.005628740238075691,0.08594084098392679,1
44009,0,3,2.6513793203822082,3.118443424840766,0.46706410445855795,0.23704910054287248,0.0,0.0,0
44009,1,1,1.1631308493450074,1.5596270830546828,0.39649623370967535,0.19691672047196315,0.026154335556724445,0.05717559356299248,1
44009,1,2,1.1631308493450074,1.8364489358097935,0.6733180864647861,0.1707623849152387,0.0,0.08594084098392682,1
44009,1,3,1.1631308493450074,1.975523649105467,0.8123927997604596,0.17879865541334722,0.008036270498108511,0.0,0
44009,2,1,2.916501544507076,4.291204563065319,1.3747030185582432,0.15501384114927924,0.0,0.05717559356299248,1
44009,2,2,2.916501544507076,4.259297516141072,1.342795971633996,0.1770024651044075,0.021988623955128267,0.08594084098392682,1
44009,2,3,2.916501544507076,3.6037562812888018,0.6872547367817257,0.16858495435225548,0.013571113202976243,0.0,0
44009,3,1,1.8975177915613919,2.176994031505565,0.27947623994417303,0.12747656979337713,0.03082538335283952,0.08594084098392682,1
44009,3,2,1.8975177915613919,2.04600053676241,0.148482745201018,0.0966511864405376,0.0,0.0,0
44009,3,3,1.8975177915613919,2.6716934748642394,0.7741756833028475,0.12022914894716047,0.023577962506622863,0.0,0
44009,4,1,1.6699236305750662,3.2038144255702563,1.53389079499519,0.27844197716264146,0.0074313444705462195,0.040682260606094034,1
44009,4,2,1.6699236305750662,2.5378610223661524,0.8679373917910862,0.27101063269209524,0.0,0.0,0
44009,4,3,1.6699236305750662,3.4626736392898136,1.7927500087147474,0.2956303149725634,0.02461968228046818,0.0,0
44009,5,1,1.4223543470989988,1.8444265783375458,0.422072231238547,0.2112149968549101,0.03298642492084253,0.040682260606094034,1
44009,5,2,1.4223543470989988,2.010595015476691,0.5882406683776922,0.17822857193406758,0.0,0.0,0
44009,5,3,1.4223543470989988,2.075524002474766,0.6531696553757671,0.18668243521976602,0.008453863285698443,0.0,0
44009,6,1,1.4037799986330044,1.5013521672582717,0.0975721686252673,0.13123461463649724,0.022951739109666705,0.04068226060609406,1
44009,6,2,1.4037799986330044,1.654919407364734,0.2511394087317296,0.11067386768354612,0.0023909921567155795,0.0,0
44009,6,3,1.4037799986330044,1.47293897595219,0.06915897731918563,0.10828287552683054,0.0,0.0,0
44009,7,1,1.6959460237956112,1.8660631531432526,0.17011712934764134,0.11358048175758526,0.02183520008854052,0.04068226060609406,1
44009,7,2,1.6959460237956112,1.857945150331102,0.16199912653549076,0.09174528166904473,0.0,0.0,0
44009,7,3,1.6959460237956112,1.9092993722723748,0.21335334847676357,0.09640223914852686,0.004656957479482124,0.0,0
44009,8,1,2.3622476469673837,3.2210935158911034,0.8588458689237197,0.21706272871250576,0.0,0.0030836920845692672,0
44009,8,2,2.3622476469673837,2.8460276697282607,0.48378002276087706,0.22482524958510047,0.007762520872594714,0.018754521532133972,1
44009,8,3,2.3622476469673837,3.2774429180019844,0.9151952710346007,0.24685626186318366,0.029793533150677898,0.0,0
44009,9,1,3.9840213633447235,5.69644169352045,1.7124203301757266,0.3181352388303935,0.0,0.02611833856787496,1
44009,9,2,3.9840213633447235,6.327044924080624,2.343023560735901,0.3741883356520952,0.056053096821701676,0.0073638170357409605,1
44009,9,3,3.9840213633447235,6.021478404436971,2.0374570410922477,0.40042893008706126,0.08229369125666774,0.0,0
44009,10,1,4.66437292936809,6.470515435231681,1.8061425058635905,0.3452460181333363,0.0,0.0,0
44009,10,2,4.66437292936809,6.1928560886648825,1.5284831592967922,0.36294125122556964,0.017695233092233364,0.007586821371355801,1
44009,10,3,4.66437292936809,7.023040411287023,2.358667481918933,0.39147831565898167,0.046232297525645394,0.01064784865614854,1
44009,11,1,2.0671478472465474,3.7620309651977677,1.6948831179512203,0.25941502924121945,0.0,0.0,0
44009,11,2,2.0671478472465474,3.083485931563114,1.0163380843165664,0.2627471463318922,0.0033321170906727704,0.007586821371355801,1
44009,11,3,2.0671478472465474,3.7852681988720733,1.718120351625526,0.285559817270884,0.026144788029664523,0.01064784865614854,1
44009,12,1,2.6492224478935924,2.9396328676774477,0.2904104197838553,0.24347105259660198,0.027166536772384314,0.0,0
44009,12,2,2.6492224478935924,3.0506499312496387,0.4014274833560463,0.22396695271246178,0.007662436888244112,0.0,0
44009,12,3,2.6492224478935924,2.973724641081044,0.32450219318745166,0.21630451582421767,0.0,0.0,0
44009,13,1,2.6693935534642192,3.5541690407876985,0.8847754873234792,0.21471007465942257,0.004874986460429248,0.0,0
44009,13,2,2.6693935534642192,3.6514882742013475,0.9820947207371282,0.21786870695151636,0.008033618752523036,0.0,0
44009,13,3,2.6693935534642192,3.329824632770535,0.6604310793063157,0.20983508819899332,0.0,0.0,0
44009,14,1,1.8726482131029847,2.037455372653972,0.16480715955098746,0.12833416223337024,0.02656565441355964,0.0,0
44009,14,2,1.8726482131029847,2.013438936906789,0.1407907238038042,0.10619712499044222,0.004428617170631616,0.0,0
44009,14,3,1.8726482131029847,1.9716660311041037,0.09901781800111897,0.1017685078198106,0.0,0.0,0
44009,15,1,2.3109600173818925,2.5957687691618436,0.28480875177995113,0.07736350323233422,0.016034071056674516,0.0,0
44009,15,2,2.3109600173818925,2.8371704886859566,0.5262104713040641,0.061329432175659705,0.0,0.0,0
44009,15,3,2.3109600173818925,2.735514344168902,0.42455432678700955,0.06144956442961535,0.0001201322539556432,0.0,0
44009,16,1,1.5846556684708024,2.0814691134774566,0.49681344500665414,0.18455587780882146,0.03725789869139476,0.0,0
44009,16,2,1.5846556684708024,1.8369301924562678,0.25227452398546535,0.15103373022504057,0.0037357511076138716,0.0,0
44009,16,3,1.5846556684708024,1.9644382196370966,0.3797825511662942,0.1472979791174267,0.0,0.0,0
44009,17,1,2.329169753854446,3.002776313274058,0.6736065594196123,0.19306381961026953,0.04445971885927802,0.0,0
44009,17,2,2.329169753854446,2.5555414878766953,0.22637173402224953,0.1527925819233753,0.004188481172383796,0.0,0
44009,17,3,2.329169753854446,2.6300604797811697,0.30089072592672395,0.1486041007509915,0.0,0.0,0
44009,18,1,1.6026097189305908,1.9085332059988531,0.30592348706826233,0.0683677568620417,0.013598596368961408,0.0,0
44009,18,2,1.6026097189305908,2.147570036491262,0.5449603175606712,0.054769160493080296,0.0,0.0,0
44009,18,3,1.6026097189305908,2.858141516053747,1.2555317971231563,0.06629824781778319,0.011529087324702897,0.0,0
44009,19,1,1.4516584093901934,2.0740305185227994,0.622372109132606,0.20618981057068472,0.024050526855500853,0.070454147805738,1
44009,19,2,1.4516584093901934,1.6502325955486667,0.19857418615847333,0.18213928371518387,0.0,0.0,0
44009,19,3,1.4516584093901934,2.0586841051781755,0.607025695787982,0.18961416410717433,0.007474880391990457,0.0,0
44009,20,1,1.3683334103774216,1.6480882008801987,0.2797547905027771,0.17351770304607897,0.01847710559420568,0.070454147805738,1
44009,20,2,1.3683334103774216,1.8340078349719053,0.4656744245944837,0.16680798124008023,0.011767383788206937,0.0,0
44009,20,3,1.3683334103774216,1.5767154299182098,0.20838201954078817,0.1550405974518733,0.0,0.0,0
44009,21,1,1.440915305048383,1.5923129135621803,0.15139760851379735,0.12383985006090506,0.028073772290331214,0.07045414780573801,1
44009,21,2,1.440915305048383,1.5453308424295753,0.10441553738119236,0.10021353202118059,0.004447454250606747,0.0,0
44009,21,3,1.440915305048383,1.540283291521479,0.09936798647309608,0.09576607777057385,0.0,0.0,0
44009,22,1,5.303470481794319,5.993710497610916,0.6902400158165971,0.11050757283083079,0.01331134302488679,0.07045414780573801,1
44009,22,2,5.303470481794319,5.813502455788912,0.5100319739945931,0.097196229805944,0.0,0.0,0
44009,22,3,5.303470481794319,7.549956566815878,2.2464860850215587,0.2014933372263713,0.1042971074204273,0.0,0
44009,23,1,2.59483313101266,3.975385422121259,1.3805522911085988,0.22013028806998472,0.0,0.08331215458355185,1
44009,23,2,2.59483313101266,4.147406572604341,1.5525734415916808,0.2638719151143031,0.04374162704431836,0.04167836115018825,1
44009,23,3,2.59483313101266,4.357105529286114,1.762272398273454,0.2877318605767612,0.06760157250677648,0.0,0
44009,24,1,2.5101937488917727,3.504255663217969,0.9940619143261964,0.1487323318709318,0.0,0.08331215458355185,1
44009,24,2,2.5101937488917727,2.8537410369611904,0.3435472880694177,0.14995530957974618,0.0012229777088143823,0.0416783611501883,1
44009,24,3,2.5101937488917727,3.4731545595152538,0.962960810623481,0.153831953149939,0.005099621279007205,0.0,0
44009,25,1,2.1045687777770676,3.0691732138439254,0.9646044360668578,0.13279454126247908,0.05580990619177435,0.08331215458355185,1
44009,25,2,2.1045687777770676,2.450066957842337,0.34549818006526944,0.07698463507070473,0.0,0.04167836115018825,1
44009,25,3,2.1045687777770676,2.4520647838429794,0.3474960060659118,0.08943078742287923,0.0124461523521745,0.0,0
44009,26,1,2.8990930100897563,3.5988792806411327,0.6997862705513764,0.24117987540302277,0.006648548034281387,0.09265937119519568,1
44009,26,2,2.8990930100897563,3.4440987577086397,0.5450057476188834,0.2373552212619727,0.0028238938932313162,0.0,0
44009,26,3,2.8990930100897563,3.512407682321445,0.6133146722316889,0.23453132736874138,0.0,0.0,0
44009,27,1,2.39521040708163,2.5092657915024885,0.11405538442085872,0.13512362019063998,0.026055879819086386,0.09265937119519568,1
44009,27,2,2.39521040708163,2.476318518640661,0.0811081115590313,0.11179643906034764,0.002728698688794051,0.0,0
44009,27,3,2.39521040708163,2.4637568476216702,0.06854644054004044,0.10906774037155359,0.0,0.0,0
44009,28,1,1.905972559368316,2.640275564539411,0.734303005171095,0.12423003942971744,0.04815101980661321,0.09265937119519568,1
44009,28,2,1.905972559368316,2.573538953753278,0.6675663943849617,0.07607901962310423,0.0,0.0,0
44009,28,3,1.905972559368316,2.385359661790007,0.4793871024216909,0.08176402798408001,0.005685008360975782,0.0,0
44009,29,1,2.1800211552908473,2.3397400151625622,0.15971885987171497,0.09385036450302987,0.03658614653547886,0.09265937119519568,1
44009,29,2,2.1800211552908473,2.4901429076195916,0.3101217523287443,0.057420233173033464,0.0001560152054824529,0.0,0
44009,29,3,2.1800211552908473,2.5834924076974017,0.40347125240655446,0.05726421796755101,0.0,0.0,0
44009,30,1,3.310802833073582,4.249928368373944,0.9391255353003625,0.15542786838220385,0.0,0.05979138487744878,1
44009,30,2,3.310802833073582,4.010678244057778,0.699875410984196,0.1800190407403334,0.02459117235812955,0.032686689982328876,1
44009,30,3,3.310802833073582,4.449015896054979,1.138213062981397,0.19771888234799226,0.04229101396578841,0.0,0
44009,31,1,2.3770951055657443,3.474278984624083,1.0971838790583388,0.10642499855619801,0.006951562632621269,0.06627522812495479,1
44009,31,2,2.3770951055657443,2.6186020212498917,0.2415069156841474,0.09947343592357674,0.0,0.03358853814262586,1
44009,31,3,2.3770951055657443,3.5649894330354046,1.1878943274696603,0.13298423476509885,0.03351079884152211,0.0,0
44009,32,1,1.7558801711824235,2.0586228745274515,0.30274270334502806,0.19288161479238233,0.019469407512129777,0.031678150525275284,1
44009,32,2,1.7558801711824235,2.2775332767930756,0.5216531056106521,0.17341220728025256,0.0,0.0,0
44009,32,3,1.7558801711824235,2.557817879067033,0.8019377078846095,0.18283451367323605,0.009422306392983498,0.0,0
44009,33,1,1.0654887236879789,1.2748561925109598,0.20936746882298096,0.1351571889282477,0.031529122121586206,0.031678150525275284,1
44009,33,2,1.0654887236879789,1.3656232393829186,0.30013451569493976,0.10945678656425602,0.005828719757594511,0.0,0
44009,33,3,1.0654887236879789,1.1752819141795565,0.10979319049157765,0.1036280668066615,0.0,0.0,0
44009,34,1,1.6964851953809301,2.8473932035406166,1.1509080081596865,0.10755614304418552,0.009979378867036676,0.031678150525275325,1
44009,34,2,1.6964851953809301,1.884122262524076,0.18763706714314599,0.09757676417714885,0.0,0.0,0
44009,34,3,1.6964851953809301,2.9044266990477103,1.2079415036667802,0.11710035206192677,0.019523587884777927,0.0,0
44009,35,1,2.371522819934881,3.239139520081222,0.8676167001463408,0.176081763680318,0.007073706234828586,0.06539287241827516,1
44009,35,2,2.371522819934881,2.944989517675366,0.5734666977404852,0.1690080574454894,0.0,0.0,0
44009,35,3,2.371522819934881,3.0830889554209255,0.7115661354860445,0.1840354364185553,0.015027378973065886,0.0,0
44009,36,1,2.5256221641374266,3.6448921754261585,1.119270011288732,0.16281743777363847,0.0,0.06539287241827516,1
44009,36,2,2.5256221641374266,3.5540246959301443,1.0284025317927177,0.20589017432295306,0.043072736549314594,0.0,0
44009,36,3,2.5256221641374266,4.539745031587854,2.0141228674504275,0.23808354350569946,0.075266105732061,0.0,0
44009,37,1,2.2355872545984585,2.4864275551583805,0.250840300559922,0.12140875068260776,0.03807121780695838,0.06539287241827514,1
44009,37,2,2.2355872545984585,2.4815377655246817,0.24595051092622322,0.08333753287564938,0.0,0.0,0
44009,37,3,2.2355872545984585,2.4946993123371013,0.25911205773864276,0.09182475592678085,0.008487223051131476,0.0,0
44009,38,1,1.7899580918245097,2.1950248253082014,0.4050667334836917,0.20833703608697898,0.037836893597068294,0.0,0
44009,38,2,1.7899580918245097,2.1087965672019306,0.31883847537742094,0.18453412251509732,0.014033980025186632,0.0,0
44009,38,3,1.7899580918245097,2.1772630834712263,0.3873049916467166,0.1705001424899107,0.0,0.0,0
44009,39,1,1.7120565470188758,2.058790493118618,0.3467339460997423,0.17819319828649557,0.03382424448075835,0.0,0
44009,39,2,1.7120565470188758,1.957643225236127,0.24558667821725133,0.14515701328077332,0.0007880594750361014,0.0,0
44009,39,3,1.7120565470188758,2.0160160472399,0.30395950022102425,0.14436895380573722,0.0,0.0,0
44009,40,1,1.7924267729582883,1.9931810799798069,0.20075430702151853,0.08847979799804066,0.02682902691803707,0.0,0
44009,40,2,1.7924267729582883,2.3621554014861044,0.569728628527816,0.061650771080003594,0.0,0.0,0
44009,40,3,1.7924267729582883,2.534476198674468,0.7420494257161798,0.07632595332889079,0.014675182248887197,0.0,0
44009,41,1,1.8338547519316908,2.8677414856173287,1.0338867336856379,0.27145558184297613,0.010915280007003647,0.0,0
44009,41,2,1.8338547519316908,2.2707606023810682,0.43690585044937746,0.2605403018359725,0.0,0.0,0
44009,41,3,1.8338547519316908,3.330283156118333,1.4964284041866422,0.28419027943500597,0.023649977599033478,0.0,0
44009,42,1,2.142658407219653,2.9481374180879074,0.8054790108682544,0.22684761339794612,0.04636229928943886,0.0,0
44009,42,2,2.142658407219653,2.7575343440714812,0.6148759368518282,0.18048531410850727,0.0,0.0,0
44009,42,3,2.142658407219653,2.591568912875013,0.44891050565535995,0.1850395897643856,0.00455427565587832,0.0,0
44009,43,1,2.545513878228536,3.4981192314891785,0.9526053532606427,0.1581291087601631,0.0041491630543611935,0.0,0
44009,43,2,2.545513878228536,3.5440760350562615,0.9985621568277256,0.16381008616688678,0.00983014046108488,0.0,0
44009,43,3,2.545513878228536,2.7554871247027912,0.20997324647425541,0.1539799457058019,0.0,0.0,0
44009,44,1,2.21324435309183,2.3084337073166528,0.09518935422482278,0.08478390742059003,0.030036494477449924,0.0,0
44009,44,2,2.21324435309183,2.519242917327726,0.305998564235896,0.05477689562486135,2.948268172124624e-05,0.0,0
44009,44,3,2.21324435309183,2.4908267013025123,0.2775823482106823,0.0547474129431401,0.0,0.0,0
44009,45,1,11.73514218471971,12.312288069696066,0.5771458849763569,0.2452799311193427,0.0,0.0,0
44009,45,2,11.73514218471971,12.00416881465325,0.2690266299335402,0.24764029209648317,0.0023603609771404577,0.0,0
44009,45,3,11.73514218471971,12.220103525894546,0.48496134117483614,0.24809554826913452,0.0028156171497918103,0.0,0
44009,46,1,11.318300466172378,11.87430973018267,0.5560092640102923,0.19870060219895735,0.0,0.0,0
44009,46,2,11.318300466172378,11.559114393987587,0.24081392781520883,0.20948406100809722,0.010783458809139862,0.0,0
44009,46,3,11.318300466172378,11.768611491029363,0.45031102485698504,0.21047137459930024,0.011770772400342883,0.0,0
44009,47,1,11.254171239662515,11.464952053933136,0.21078081427062045,0.17909999067234808,0.004029158141909878,0.0,0
44009,47,2,11.254171239662515,11.421785388310903,0.1676141486483882,0.1750708325304382,0.0,0.0,0
44009,47,3,11.254171239662515,11.462543089397276,0.20837184973476042,0.17779337853291424,0.0027225460024760395,0.0,0
44009,48,1,11.32177973361263,11.869412443616792,0.5476327100041622,0.05899731976103904,0.0005774144566961861,0.0,0
44009,48,2,11.32177973361263,11.635146878100354,0.3133671444877244,0.05841990530434285,0.0,0.0,0
44009,48,3,11.32177973361263,11.892735883141103,0.5709561495284738,0.07561931679176616,0.017199411487423308,0.0,0
44009,49,1,1.9641015797297716,3.5740992147976742,1.6099976350679026,0.2632579794865959,0.0,0.0,0
44009,49,2,1.9641015797297716,3.2969606891564354,1.3328591094266637,0.292008899258336,0.028750919771740102,0.0,0
44009,49,3,1.9641015797297716,4.1068076912790215,2.14270611154925,0.326749310634071,0.06349133114747507,0.0,0
44009,50,1,1.346490241805811,1.6493902306857309,0.30289998887992,0.18029384479795757,0.02538832408748326,0.0,0
44009,50,2,1.346490241805811,1.6440385132178257,0.2975482714120148,0.1604703828637305,0.005564862153256189,0.0,0
44009,50,3,1.346490241805811,1.5817707570643411,0.23528051525853022,0.1549055207104743,0.0,0.0,0
44009,51,1,1.1291637345153096,1.2908109275123203,0.1616471929970107,0.13282580434294533,0.0282327526904501,0.0,0
44009,51,2,1.1291637345153096,1.404777447714666,0.27561371319935635,0.11624242696248438,0.011649375309989149,0.0,0
44009,51,3,1.1291637345153096,1.273051587528884,0.14388785301357432,0.10459305165249523,0.0,0.0,0
44009,52,1,1.7104538252380361,1.8760555553640905,0.1656017301260544,0.08334816982833335,0.029452503108474172,0.0,0
44009,52,2,1.7104538252380361,1.9781874568223992,0.26773363158436303,0.054197302028592034,0.0003016353087328602,0.0,0
44009,52,3,1.7104538252380361,2.019039565347959,0.3085857401099228,0.053895666719859174,0.0,0.0,0
44009,53,1,5.078992871439015,6.456974121502602,1.3779812500635877,0.2727903617322342,0.0,0.04651861333252416,1
44009,53,2,5.078992871439015,5.461220026353791,0.38222715491477643,0.27980497148507905,0.007014609752844847,0.0,0
44009,53,3,5.078992871439015,6.252913894631175,1.1739210231921602,0.2872180946987599,0.01442773296652572,0.0,0
44009,54,1,3.406263893475059,5.128935689338392,1.722671795863333,0.18678725963857432,0.0,0.048978293272235074,1
44009,54,2,3.406263893475059,4.0739753979577555,0.6677115044826967,0.19412358701407764,0.0073363273755033265,0.0,0
44009,54,3,3.406263893475059,4.762771397504955,1.3565075040298962,0.19467850909024842,0.007891249451674104,0.0,0
44009,55,1,4.543681338551651,5.973480449242961,1.4297991106913104,0.1024209913572363,0.0,0.0489782932722351,1
44009,55,2,4.543681338551651,4.840932332175997,0.29725099362434637,0.10874913342141293,0.006328142064176631,0.0,0
44009,55,3,4.543681338551651,5.307457963470144,0.763776624918493,0.12640903098623632,0.02398803962900002,0.0,0
44009,56,1,1.7934650344262095,2.681164285406806,0.8876992509805965,0.17157274138658243,0.00605047990919208,0.06608705667039447,1
44009,56,2,1.7934650344262095,2.252282205247673,0.45881717082146367,0.17080102752860743,0.005278766051217076,0.0,0
44009,56,3,1.7934650344262095,2.2808951475611527,0.4874301131349432,0.16552226147739035,0.0,0.0,0
44009,57,1,1.6140890977742157,2.275193599533135,0.6611045017589192,0.11702740970680905,0.0,0.06608705667039444,1
44009,57,2,1.6140890977742157,1.8013730401903807,0.18728394241616497,0.12513096382058853,0.008103554113779471,0.0,0
44009,57,3,1.6140890977742157,2.324621196726441,0.7105320989522252,0.13471965808847286,0.017692248381663805,0.0,0
44009,58,1,3.4368556555462932,4.5068875390311955,1.0700318834849023,0.15037198536993795,0.0,0.06608705667039444,1
44009,58,2,3.4368556555462932,5.568884950180594,2.132029294634301,0.1962338381754718,0.04586185280553384,0.0,0
44009,58,3,3.4368556555462932,4.140159839843688,0.7033041842973944,0.16361284023610762,0.01324085486616966,0.0,0
44009,59,1,1.9733113467846284,2.875474840895073,0.9021634941104448,0.16326985435042418,0.003825260544593423,0.0,0
44009,59,2,1.9733113467846284,2.8910021127025267,0.9176907659178983,0.1638501820552842,0.004405588249453446,0.0,0
44009,59,3,1.9733113467846284,2.2764528126621855,0.3031414658775571,0.15944459380583076,0.0,0.0,0
44009,60,1,3.03100228850995,4.397432925197884,1.3664306366879337,0.17822266451461027,0.0,0.0,0
44009,60,2,3.03100228850995,3.518349676136167,0.48734738762621665,0.18615663372513805,0.007933969210527775,0.0,0
44009,60,3,3.03100228850995,5.137459689827375,2.1064574013174253,0.23698226797938887,0.0587596034647786,0.0,0
44009,61,1,1.4757822517214279,2.5611126835472673,1.0853304318258394,0.061983232652760026,0.006864146791372171,0.0,0
44009,61,2,1.4757822517214279,2.1895153696879435,0.7137331179665156,0.055119085861387855,0.0,0.0,0
44009,61,3,1.4757822517214279,3.108833520763885,1.6330512690424572,0.07021215687203802,0.015093071010650168,0.0,0
44009,62,1,3.652013339573923,4.747776541923928,1.095763202350005,0.212464729855192,0.0,0.0030813154425932687,0
44009,62,2,3.652013339573923,4.1674140441823395,0.5154007046084166,0.2334654919473014,0.02100076209210941,0.0,0
44009,62,3,3.652013339573923,4.5998334186340015,0.9478200790600786,0.2441988509455451,0.03173412109035312,0.0006522713523016699,0
44009,63,1,3.40367353163314,3.9928856772680965,0.5892121456349564,0.14156786767146737,0.010475023154221441,0.03045330155793813,1
44009,63,2,3.40367353163314,4.171336302710973,0.7676627710778328,0.14587103021971465,0.014778185702468721,0.031105572910239798,1
44009,63,3,3.40367353163314,3.6084882004741368,0.20481466884099664,0.13109284451724593,0.0,0.0,0
44009,64,1,2.7896485153458785,3.1409499998162493,0.3513014844703708,0.25096014138556966,0.03019473907897033,0.0,0
44009,64,2,2.7896485153458785,3.2730089252013235,0.48336040985544493,0.22076540230659933,0.0,0.0,0
44009,64,3,2.7896485153458785,3.2632773118146248,0.4736287964687462,0.22125703218619505,0.000491629879595723,0.0,0
44009,65,1,1.2472413737663786,1.3998929388766421,0.15265156511026357,0.1392936804264151,0.030845443788050347,0.0,0
44009,65,2,1.2472413737663786,1.5588370614197795,0.31159568765340095,0.11298895516120125,0.0045407185228364955,0.0,0
44009,65,3,1.2472413737663786,1.3409637234377036,0.09372234967132509,0.10844823663836475,0.0,0.0,0
44009,66,1,2.303685904940754,2.588608598315872,0.2849226933751181,0.19596642959351285,0.012946620222122868,0.01457976871898628,1
44009,66,2,2.303685904940754,2.673914237380866,0.3702283324401119,0.18736475768018288,0.004344948308792895,0.0,0
44009,66,3,2.303685904940754,2.6183854530185164,0.31469954807776235,0.18301980937138998,0.0,0.0,0
44009,67,1,2.3251029405408024,2.680721591732085,0.35561865119128244,0.21521080966007478,0.020219967470082673,0.014579768718986252,1
44009,67,2,2.3251029405408024,2.8966294365388285,0.5715264959980262,0.1949908421899921,0.0,0.0,0
44009,67,3,2.3251029405408024,2.9710957340520494,0.645992793511247,0.2001997765938,0.005208934403807902,0.0,0
44009,68,1,2.494883730962596,2.964571929791621,0.4696881988290249,0.0932010779197401,0.02151406687931627,0.01457976871898628,1
44009,68,2,2.494883730962596,2.617363686230611,0.12247995526801514,0.07168701104042383,0.0,0.0,0
44009,68,3,2.494883730962596,3.6575051757397135,1.1626214447771175,0.09436614330296192,0.022679132262538093,0.0,0
44009,69,1,10.679567640726898,11.014502779131584,0.3349351384046866,0.15988089284959284,0.010580155694631749,0.02417088678352669,1
44009,69,2,10.679567640726898,11.338708427996789,0.6591407872698909,0.17682725216448614,0.02752651500952505,0.01753471459349644,1
44009,69,3,10.679567640726898,10.875233656393622,0.19566601566672404,0.1493007371549611,0.0,0.0,0
44009,70,1,9.944299822561161,10.409259874719691,0.46496005215852954,0.13342055255477708,0.00854110113636665,0.017534714593496443,1
44009,70,2,9.944299822561161,10.093192658341502,0.14889283578034096,0.12487945141841043,0.0,0.0,0
44009,70,3,9.944299822561161,11.084575918265974,1.140276095704813,0.17918724074430803,0.054307789325897596,0.0,0
44009,71,1,11.985202985162967,12.096285026970197,0.11108204180722936,0.09492059102672257,0.01923841156434654,0.0,0
44009,71,2,11.985202985162967,12.044149823537747,0.058946838374779986,0.07568217946237603,0.0,0.05821196064853852,1
44009,71,3,11.985202985162967,12.397332343646516,0.4121293584835488,0.09815917671327827,0.022476997250902242,0.11703654052135183,1
44009,72,1,10.66319918774737,10.925462551667065,0.2622633639196952,0.1278603651988532,0.029044317330130506,0.0,0
44009,72,2,10.66319918774737,10.842481310324299,0.17928212257692877,0.09881604786872268,0.0,0.058824579872813296,1
44009,72,3,10.66319918774737,11.853655825105687,1.1904566373583165,0.1619938762741163,0.06317782840539361,0.058824579872813296,1
44009,73,1,9.534186042843837,10.285388421593325,0.7512023787494879,0.13907857533228002,0.0,0.0,0
44009,73,2,9.534186042843837,10.381860651253708,0.8476746084098714,0.17537268012816262,0.036294104795882604,0.014732149054496498,1
44009,73,3,9.534186042843837,9.763082141201515,0.2288960983576782,0.15488592831415032,0.015807352981870304,0.0176918089397819,1
44009,74,1,13.295529360583737,13.651132954555488,0.35560359397175034,0.13697384423765346,0.009627956488440087,0.0,0
44009,74,2,13.295529360583737,13.429730965996336,0.13420160541259918,0.12734588774921338,0.0,0.002959659885285404,0
44009,74,3,13.295529360583737,14.209654947976663,0.9141255873929257,0.1820413003349776,0.054695412585764214,0.002959659885285404,0
44009,75,1,10.288178386226623,10.50144010123409,0.2132617150074676,0.22464638609493112,0.009404487321511168,0.018952746631327785,1
44009,75,2,10.288178386226623,10.544236134836733,0.256057748610111,0.21524189877341995,0.0,0.0,0
44009,75,3,10.288178386226623,10.57613754344202,0.287959157215397,0.2176701242711558,0.0024282254977358586,0.0,0
44009,76,1,12.8992564160857,13.20685212680445,0.3075957107187488,0.22988790797233644,0.04517782331365175,0.0,0
44009,76,2,12.8992564160857,13.112120478340529,0.21286406225482857,0.1847100846586847,0.0,0.04038601798880831,1
44009,76,3,12.8992564160857,13.12538667615926,0.2261302600735604,0.1928575369154023,0.008147452256717619,0.04038601798880831,1
44009,77,1,11.102854684284901,11.170407753046288,0.06755306876138611,0.10006395514358557,0.030691852731975347,0.0,0
44009,77,2,11.102854684284901,11.160854231931525,0.05799954764662374,0.06937210241161022,0.0,0.004136861191900182,0
44009,77,3,11.102854684284901,11.161533003753913,0.0586783194690117,0.07258520837194152,0.0032131059603312945,0.004136861191900182,0
44009,78,1,14.456702008958427,15.104588474888917,0.6478864659304904,0.16648643810816438,0.0,0.008240397699484592,1
44009,78,2,14.456702008958427,14.914848178777257,0.4581461698188303,0.206943561435525,0.04045712332736062,0.0,0
44009,78,3,14.456702008958427,15.181902600707309,0.725200591748882,0.22096318199410214,0.05447674388593776,0.0,0
44010,0,1,2.586939329390833,3.730804298702189,1.1438649693113563,0.14369472388849325,0.0052182481435990025,0.13831569494359974,1
44010,0,2,2.586939329390833,4.1823217924005025,1.5953824630096696,0.15355976276113445,0.015083287016240204,0.08502977954106211,1
44010,0,3,2.586939329390833,3.2837652878951546,0.6968259585043217,0.13847647574489425,0.0,0.0,0
44010,1,1,1.7909049870140763,2.6457572835796186,0.8548522965655423,0.2231750210901047,0.026046706502642125,0.02540065702386418,1
44010,1,2,1.7909049870140763,2.120368012284632,0.3294630252705557,0.19712831458746258,0.0,0.0,0
44010,1,3,1.7909049870140763,2.4508460146508115,0.6599410276367352,0.2235040389154994,0.02637572432803681,0.0,0
44010,2,1,1.4821864625714452,2.2152720668097756,0.7330856042383305,0.1549746707961521,0.0009368473737117466,0.04183408419888418,1
44010,2,2,1.4821864625714452,1.6549458707844444,0.1727594082129993,0.15403782342244035,0.0,0.0,0
44010,2,3,1.4821864625714452,1.7481476525426287,0.26596118997118356,0.16767643180328937,0.013638608380849016,0.0,0
44010,3,1,1.303419349932114,2.0265713056318426,0.7231519556997286,0.12110320531700915,0.03580054150966758,0.04183408419888415,1
44010,3,2,1.303419349932114,1.9092851346282287,0.6058657846961146,0.08926574671868313,0.003963082911341564,0.0,0
44010,3,3,1.303419349932114,1.7563396240715665,0.45292027413945246,0.08530266380734157,0.0,0.0,0
44010,4,1,1.750415674602364,1.97799773883554,0.22758206423317606,0.11581790762924962,0.026031000519601513,0.04183408419888415,1
44010,4,2,1.750415674602364,1.9875922006243925,0.23717652602202843,0.08978690710964811,0.0,0.0,0
44010,4,3,1.750415674602364,2.285088428097975,0.5346727534956108,0.09242254290802497,0.002635635798376862,0.0,0
44010,5,1,2.370443458502907,3.1294433552748666,0.7589998967719596,0.19070435792258764,0.01028247495786147,0.005638267240918204,1
44010,5,2,2.370443458502907,2.9134625143734447,0.5430190558705377,0.18042188296472617,0.0,0.01974246260216267,1
44010,5,3,2.370443458502907,3.552938607764928,1.1824951492620208,0.21478346123474987,0.0343615782700237,0.0,0
44010,6,1,3.512827663351606,5.473776688023365,1.9609490246717596,0.2829961200766283,0.0,0.027743974888982892,1
44010,6,2,3.512827663351606,5.192962771232544,1.6801351078809383,0.30727556243583,0.02427944235920171,0.008001512286820223,1
44010,6,3,3.512827663351606,5.563795603769534,2.050967940417928,0.3324812815459085,0.049485161469280226,0.0,0
44010,7,1,4.261195013902591,6.0561641328514995,1.7949691189489085,0.3159606444264764,0.0,0.0,0
44010,7,2,4.261195013902591,5.598991892196297,1.3377968782937062,0.33326050383181305,0.017299859405336626,0.0066586439227642735,1
44010,7,3,4.261195013902591,6.693960554165926,2.4327655402633352,0.3681313800918054,0.05217073566532898,0.008553965506380767,1
44010,8,1,2.0458987215903877,3.054658173789617,1.0087594521992291,0.22234987857289434,0.020659164908470362,0.0,0
44010,8,2,2.0458987215903877,2.9850910777710973,0.9391923561807096,0.20169071366442398,0.0,0.0066586439227642735,1
44010,8,3,2.0458987215903877,3.300053630279719,1.2541549086893315,0.22391025683222118,0.0222195431677972,0.008553965506380712,1
44010,9,1,2.621175427368102,3.065471358028628,0.4442959306605263,0.18583106658911527,0.01484381508069979,0.0,0
44010,9,2,2.621175427368102,3.0475041722343907,0.4263287448662889,0.1718594758335436,0.0008722243251281236,0.0,0
44010,9,3,2.621175427368102,3.1858028275744843,0.5646274002063825,0.17098725150841548,0.0,0.0,0
44010,10,1,2.536532851788066,3.8332027534301636,1.2966699016420975,0.196335460665936,0.0,0.0,0
44010,10,2,2.536532851788066,3.62597961565271,1.0894467638646441,0.20981484489195548,0.013479384226019492,0.0,0
44010,10,3,2.536532851788066,3.4239006468689093,0.8873677950808432,0.2143305171045115,0.01799505643857552,0.0,0
44010,11,1,2.0008411849576526,2.6965515760108287,0.6957103910531761,0.10825039940966613,0.025942884594115118,0.0,0
44010,11,2,2.0008411849576526,2.589439223075634,0.5885980381179814,0.08995711548245552,0.00764960066690451,0.0,0
44010,11,3,2.0008411849576526,2.4502541047680344,0.4494129198103818,0.08230751481555101,0.0,0.0,0
44010,12,1,2.399449707884945,2.800351470063916,0.4009017621789708,0.08647698947641275,0.023402080199298333,0.0,0
44010,12,2,2.399449707884945,2.836861064705473,0.4374113568205278,0.06415749259313115,0.0010825833160167386,0.0,0
44010,12,3,2.399449707884945,2.6316878213677857,0.23223811348284062,0.06307490927711441,0.0,0.0,0
44010,13,1,1.5507501155141312,1.9902060893811921,0.4394559738670609,0.18325681361993584,0.017496143496371658,0.0,0
44010,13,2,1.5507501155141312,1.5852463181448702,0.03449620263073894,0.16576067012356419,0.0,0.0,0
44010,13,3,1.5507501155141312,2.097337886442104,0.546587770927973,0.17095430949431867,0.0051936393707544826,0.0,0
44010,14,1,1.7243098996275532,2.426715015309886,0.7024051156823328,0.16055735889457542,0.011425443697551607,0.0,0
44010,14,2,1.7243098996275532,2.324020518460432,0.5997106188328787,0.14913191519702382,0.0,0.0,0
44010,14,3,1.7243098996275532,2.647754794059582,0.9234448944320288,0.1601190164487924,0.010987101251768577,0.0,0
44010,15,1,1.4212217170767851,2.358182435695225,0.9369607186184399,0.08151395823593456,0.015921385219920786,0.0,0
44010,15,2,1.4212217170767851,2.0789952636241704,0.6577735465473853,0.06559257301601377,0.0,0.0,0
44010,15,3,1.4212217170767851,2.874064160044489,1.4528424429677038,0.08272936839618392,0.01713679538017014,0.0,0
44010,16,1,1.5013622806076525,1.5377155225546881,0.0363532419470356,0.1823271089901423,0.012314517912945716,0.07206508033924311,1
44010,16,2,1.5013622806076525,1.6526187975430742,0.15125651693542164,0.17001259107719657,0.0,0.0,0
44010,16,3,1.5013622806076525,1.845321555367145,0.3439592747594924,0.17479807331312786,0.004785482235931282,0.0,0
44010,17,1,1.618151459476513,2.1976526451113254,0.5795011856348125,0.1584871096000372,0.009658692205890662,0.07206508033924314,1
44010,17,2,1.618151459476513,1.8767050194018065,0.2585535599252935,0.14882841739414654,0.0,0.0,0
44010,17,3,1.618151459476513,2.2140793693647183,0.5959279098882053,0.1574142144835974,0.00858579708945087,0.0,0
44010,18,1,1.5045568212330178,1.803475152237875,0.2989183310048571,0.10506327355731676,0.028499423770063495,0.07206508033924311,1
44010,18,2,1.5045568212330178,1.7775500824943724,0.2729932612613546,0.08527280652251713,0.008708956735263867,0.0,0
44010,18,3,1.5045568212330178,1.7065947149420424,0.20203789370902459,0.07656384978725327,0.0,0.0,0
44010,19,1,4.987966124813348,5.947572382344431,0.9596062575310826,0.09775881475183923,0.014253292062519907,0.07206508033924311,1
44010,19,2,4.987966124813348,5.648972776984445,0.6610066521710971,0.08350552268931932,0.0,0.0,0
44010,19,3,4.987966124813348,7.312284859064222,2.324318734250874,0.14846244863697225,0.06495692594765293,0.0,0
44010,20,1,2.3220316513812995,3.587590626514843,1.2655589751335437,0.25461990640210835,0.0,0.08569039497517167,1
44010,20,2,2.3220316513812995,3.3879124496540447,1.0658807982727452,0.26035671660643733,0.005736810204328979,0.04301317258646348,1
44010,20,3,2.3220316513812995,3.0687132826634427,0.7466816312821432,0.2652450986529756,0.010625192250867221,0.0,0
44010,21,1,2.3193481793332973,2.8715752763341262,0.552227097000829,0.13282274939463382,0.019473151453189216,0.08569039497517161,1
44010,21,2,2.3193481793332973,2.7228445869772164,0.40349640764391914,0.1133495979414446,0.0,0.04301317258646348,1
44010,21,3,2.3193481793332973,2.905703808690653,0.5863556293573557,0.11370012622605527,0.0003505282846106711,0.0,0
44010,22,1,1.9691474050421185,2.5055177847873185,0.5363703797452,0.10154743863205248,0.02529962993979941,0.08569039497517161,1
44010,22,2,1.9691474050421185,2.342539856955424,0.3733924519133054,0.07624780869225307,0.0,0.04301317258646348,1
44010,22,3,1.9691474050421185,3.284651385922248,1.3155039808801297,0.10138298356593557,0.025135174873682498,0.0,0
44010,23,1,2.774062215257139,3.8602176816668687,1.0861554664097297,0.20714150265985593,0.0,0.09304857001854694,1
44010,23,2,2.774062215257139,3.348675502556797,0.5746132872996581,0.21095023240750366,0.003808729747647732,0.0,0
44010,23,3,2.774062215257139,3.518760248264415,0.7446980330072761,0.22282675495700868,0.015685252297152757,0.0,0
44010,24,1,2.5840175067643765,3.052255560795012,0.46823805403063545,0.09842801328507138,0.014409135822443339,0.09304857001854694,1
44010,24,2,2.5840175067643765,2.9560741133308537,0.3720566065664772,0.08933633764412446,0.005317460181496425,0.0,0
44010,24,3,2.5840175067643765,2.8862277946341957,0.3022102878698192,0.08401887746262804,0.0,0.0,0
44010,25,1,1.868241876485553,2.2692948786148404,0.4010530021292873,0.09405563667718723,0.014608552677161407,0.09304857001854695,1
44010,25,2,1.868241876485553,2.239518984005402,0.3712771075198489,0.07944708400002583,0.0,0.0,0
44010,25,3,1.868241876485553,2.728205954911691,0.859964078426138,0.08864024052111068,0.00919315652108485,0.0,0
44010,26,1,2.3467607829385124,2.4179137062439753,0.07115292330546286,0.09056203594119475,0.024721694888341236,0.09304857001854697,1
44010,26,2,2.3467607829385124,2.5256759527205634,0.17891516978205102,0.06775656033629061,0.001916219283437104,0.0,0
44010,26,3,2.3467607829385124,2.549799231743355,0.20303844880484245,0.06584034105285351,0.0,0.0,0
44010,27,1,2.9811039197749447,3.9074899039853266,0.9263859842103819,0.15172668943840315,0.006653728400415532,0.06438583573883522,1
44010,27,2,2.9811039197749447,3.884653491117264,0.9035495713423192,0.14969546341636056,0.004622502378372945,0.03554773819652862,1
44010,27,3,2.9811039197749447,3.6453007701661155,0.6641968503911708,0.1450729610379876,0.0,0.0,0
44010,28,1,2.2844102626224787,2.8528051381484674,0.5683948755259887,0.11691839256381387,0.026851397996920878,0.0706162906413754,1
44010,28,2,2.2844102626224787,2.7271682671807604,0.44275800455828174,0.09006699456689299,0.0,0.035068552444846746,1
44010,28,3,2.2844102626224787,3.83949468342326,1.5550844208007812,0.12937269347564642,0.039305698908753434,0.0,0
44010,29,1,1.8140464476691516,2.291468938713745,0.47742249104459344,0.16084138384392827,0.004176159965857323,0.03212015998382334,1
44010,29,2,1.8140464476691516,1.928418609085221,0.11437216141606932,0.15666522387807094,0.0,0.0,0
44010,29,3,1.8140464476691516,2.0960856792277744,0.28203923155862287,0.17927096897285977,0.022605745094788826,0.0,0
44010,30,1,1.1215320877930035,1.9097283917927068,0.7881963039997033,0.1225128921436821,0.03876645143100539,0.03212015998382339,1
44010,30,2,1.1215320877930035,1.7468468005196005,0.625314712726597,0.08775819457423581,0.004011753861559095,0.0,0
44010,30,3,1.1215320877930035,1.6022189480438254,0.48068686025082186,0.08374644071267671,0.0,0.0,0
44010,31,1,1.6897479090034193,1.9885952840553212,0.29884737505190184,0.11888604736992722,0.023315588742727905,0.032120159983823365,1
44010,31,2,1.6897479090034193,1.9447278691100116,0.2549799601065923,0.09557045862719932,0.0,0.0,0
44010,31,3,1.6897479090034193,2.357829342708326,0.6680814337049066,0.10895467069510992,0.0133842120679106,0.0,0
44010,32,1,2.555622908366237,3.4910366455711803,0.9354137372049434,0.16915932287230354,0.0,0.06756600435651483,1
44010,32,2,2.555622908366237,3.4852334825689653,0.9296105742027283,0.18239844555196066,0.013239122679657128,0.0,0
44010,32,3,2.555622908366237,2.742148710619599,0.18652580225336202,0.18746196878008325,0.01830264590777972,0.0,0
44010,33,1,2.00446961532274,4.145289923138899,2.1408203078161585,0.16998989223969319,0.0,0.06756600435651483,1
44010,33,2,2.00446961532274,3.6015672612231313,1.5970976459003912,0.20059568227992255,0.03060579004022937,0.0,0
44010,33,3,2.00446961532274,5.379136372095426,3.3746667567726862,0.23983033951897903,0.06984044727928584,0.0,0
44010,34,1,2.189361899087238,2.5397267934916927,0.35036489440445484,0.11368386095028653,0.02685770809937675,0.06756600435651483,1
44010,34,2,2.189361899087238,2.501628478115145,0.3122665790279071,0.08682615285090978,0.0,0.0,0
44010,34,3,2.189361899087238,3.0056989322024528,0.8163370331152149,0.10452169934073938,0.0176955464898296,0.0,0
44010,35,1,1.6392744851203134,2.0621439278916944,0.42286944277138105,0.18192269122453653,0.01963255331635136,0.0,0
44010,35,2,1.6392744851203134,2.168991472824994,0.5297169877046806,0.16634523256270634,0.004055094654521169,0.0,0
44010,35,3,1.6392744851203134,2.4590775047338638,0.8198030196135504,0.16229013790818517,0.0,0.0,0
44010,36,1,1.865940782109749,2.293863744182194,0.4279229620724452,0.16446684753449245,0.021591306259027526,0.0,0
44010,36,2,1.865940782109749,2.0628796794575543,0.19693889734780545,0.14287554127546492,0.0,0.0,0
44010,36,3,1.865940782109749,2.3889965851090658,0.5230558029993169,0.15597133716244685,0.013095795886981926,0.0,0
44010,37,1,1.9641081172743882,3.2129395432918075,1.2488314260174194,0.07874186360432957,0.002499245861406804,0.0,0
44010,37,2,1.9641081172743882,2.3270316327596663,0.3629235154852781,0.07624261774292276,0.0,0.0,0
44010,37,3,1.9641081172743882,2.964992815894359,1.0008846986199706,0.09467861402716451,0.01843599628424175,0.0,0
44010,38,1,1.9325806817431972,2.538325834867634,0.6057451531244369,0.23002813938016695,0.028642783860083787,0.0,0
44010,38,2,1.9325806817431972,2.1538773568309386,0.22129667508774142,0.20138535552008316,0.0,0.0,0
44010,38,3,1.9325806817431972,2.4998581622001987,0.5672774804570015,0.22289246223943848,0.021507106719355323,0.0,0
44010,39,1,2.1165325777532966,2.583966359400786,0.46743378164748917,0.1839934869751804,0.02092549531289517,0.0,0
44010,39,2,2.1165325777532966,2.352414987919668,0.23588241016637124,0.16306799166228522,0.0,0.0,0
44010,39,3,2.1165325777532966,2.793160957644158,0.6766283798908614,0.17186249142356724,0.00879449976128202,0.0,0
44010,40,1,2.205609874705416,2.757358309216252,0.5517484345108361,0.1366419441976609,0.006222681070859742,0.0,0
44010,40,2,2.205609874705416,2.700405159656241,0.49479528495082503,0.13194672761115667,0.0015274644843555063,0.0,0
44010,40,3,2.205609874705416,2.585158194370059,0.379548319664643,0.13041926312680116,0.0,0.0,0
44010,41,1,2.4237835511234183,2.565369826792288,0.14158627566886972,0.08978246641918607,0.023687513133453242,0.0,0
44010,41,2,2.4237835511234183,2.5496079741807107,0.12582442305729247,0.06795663924425811,0.0018616859585252887,0.0,0
44010,41,3,2.4237835511234183,2.5457556041291007,0.12197205300568248,0.06609495328573282,0.0,0.0,0
44010,42,1,13.753854223103165,14.085465797071313,0.3316115739681482,0.23976814858005102,0.0006574909059179623,0.0,0
44010,42,2,13.753854223103165,14.206164680209667,0.45231045710650264,0.24422429276356178,0.00511363508942872,0.0,0
44010,42,3,13.753854223103165,14.232134002144196,0.47827977904103136,0.23911065767413306,0.0,0.0,0
44010,43,1,13.357020527883781,13.688691441471011,0.3316709135872298,0.2130770623007371,0.0,0.0,0
44010,43,2,13.357020527883781,13.742340981954849,0.3853204540710671,0.223807259207476,0.010730196906738876,0.0,0
44010,43,3,13.357020527883781,13.669807938219355,0.31278741033557367,0.22228150884108105,0.009204446540343941,0.0,0
44010,44,1,13.321968696427428,13.643685783046474,0.32171708661904574,0.18678695780305202,0.0014027604199414179,0.0,0
44010,44,2,13.321968696427428,13.504887874375578,0.1829191779481505,0.1854730557514636,8.885836835301197e-05,0.0,0
44010,44,3,13.321968696427428,13.7074065392921,0.38543784286467186,0.1853841973831106,0.0,0.0,0
44010,45,1,13.380850674363822,13.681270720909273,0.30042004654545096,0.06389757001934032,0.0,0.0,0
44010,45,2,13.380850674363822,13.522903364505035,0.14205269014121313,0.06848994419291446,0.0045923741735741375,0.0,0
44010,45,3,13.380850674363822,13.70250994995981,0.3216592755959873,0.0871480671847924,0.023250497165452078,0.0,0
44010,46,1,2.028513835183648,3.558494413343927,1.5299805781602793,0.22380422828791513,0.0,0.0,0
44010,46,2,2.028513835183648,2.785063968293253,0.7565501331096054,0.23243659359758817,0.00863236530967304,0.0,0
44010,46,3,2.028513835183648,2.83137189791568,0.8028580627320321,0.2542005370205337,0.03039630873261856,0.0,0
44010,47,1,1.3537313838363174,2.0512373582220453,0.6975059743857279,0.1552449766411722,0.019827380555712176,0.0,0
44010,47,2,1.3537313838363174,1.7282371669085983,0.3745057830722809,0.13541759608546003,0.0,0.0,0
44010,47,3,1.3537313838363174,2.281666387823109,0.9279350039867917,0.14347005186117365,0.008052455775713618,0.0,0
44010,48,1,1.210850990539302,1.6720252571023386,0.4611742665630367,0.12424110695818873,0.026868879515449196,0.0,0
44010,48,2,1.210850990539302,1.7057578395074517,0.49490684896814985,0.10534435772145469,0.007972130278715156,0.0,0
44010,48,3,1.210850990539302,1.4874295153804076,0.2765785248411057,0.09737222744273953,0.0,0.0,0
44010,49,1,1.8157318355427279,1.939959222864537,0.12422738732180916,0.08368367391084193,0.02907638778291243,0.0,0
44010,49,2,1.8157318355427279,1.9127831784489744,0.09705134290624651,0.056265896523918384,0.0016586103959888854,0.0,0
44010,49,3,1.8157318355427279,1.895919169852195,0.08018733430946723,0.0546072861279295,0.0,0.0,0
44010,50,1,5.607976017565141,7.165081752970647,1.5571057354055062,0.2893424551973723,0.0,0.04567737181296361,1
44010,50,2,5.607976017565141,6.435436832827925,0.8274608152627838,0.3025009100296357,0.013158454832263411,0.0,0
44010,50,3,5.607976017565141,7.0241221842411345,1.4161461666759934,0.3287249037544323,0.039382448557060024,0.0,0
44010,51,1,4.23948207607751,4.860822300678486,0.621340224600976,0.19714879418536305,0.0020801779494487027,0.04867216380560985,1
44010,51,2,4.23948207607751,5.074652108515037,0.8351700324375271,0.19930534750157292,0.004236731265658572,0.0,0
44010,51,3,4.23948207607751,4.8419901042681905,0.6025080281906803,0.19506861623591434,0.0,0.0,0
44010,52,1,5.044256022766392,6.444372002624559,1.4001159798581666,0.13134019833111846,0.0,0.04867216380560983,1
44010,52,2,5.044256022766392,5.376025115595526,0.33176909282913414,0.13624036150489444,0.004900163173775979,0.0,0
44010,52,3,5.044256022766392,5.887302885232412,0.8430468624660197,0.1487686864416909,0.017428488110572432,0.0,0
44010,53,1,1.7513877773027768,2.2877154111964666,0.5363276338936898,0.17097416457164452,0.015760875820345716,0.06846162873151529,1
44010,53,2,1.7513877773027768,2.9471311251430405,1.1957433478402637,0.16646985636838688,0.01125656761708807,0.0,0
44010,53,3,1.7513877773027768,2.689681066558587,0.93829328925581,0.1552132887512988,0.0,0.0,0
44010,54,1,1.6801823689705073,2.887778068111285,1.2075956991407777,0.15689647439955384,0.0,0.06846162873151529,1
44010,54,2,1.6801823689705073,2.4637050679755377,0.7835226990050304,0.16668968663109832,0.009793212231544474,0.0,0
44010,54,3,1.6801823689705073,2.2619184887278676,0.5817361197573603,0.1774658315464472,0.02056935714689337,0.0,0
44010,55,1,3.1117093075326245,5.70484502927399,2.5931357217413655,0.11699940811842952,0.0,0.06846162873151529,1
44010,55,2,3.1117093075326245,7.46045263286766,4.348743325335035,0.18745135359910065,0.07045194548067113,0.0,0
44010,55,3,3.1117093075326245,5.444991906612267,2.3332825990796424,0.18260024402252312,0.0656008359040936,0.0,0
44010,56,1,1.8612351000977039,2.90710837991011,1.0458732798124062,0.18512580309749344,0.0,0.0,0
44010,56,2,1.8612351000977039,2.6623618212260785,0.8011267211283746,0.1859499432212734,0.0008241401237799595,0.0,0
44010,56,3,1.8612351000977039,2.3956566970703363,0.5344215969726325,0.1866529990063351,0.0015271959088416776,0.0,0
44010,57,1,2.6336059870158275,4.673203919314185,2.0395979322983573,0.21936382394901335,0.0,0.0,0
44010,57,2,2.6336059870158275,4.07463174342566,1.4410257564098323,0.24607626952866407,0.026712445579650718,0.0,0
44010,57,3,2.6336059870158275,5.708488632652373,3.0748826456365457,0.2826697025488778,0.06330587859986445,0.0,0
44010,58,1,1.547109206845911,2.364328224993158,0.817219018147247,0.07826838654738,0.015297157743650633,0.0,0
44010,58,2,1.547109206845911,2.2134580079332244,0.6663488010873135,0.06297122880372936,0.0,0.0,0
44010,58,3,1.547109206845911,2.799750061238857,1.2526408543929461,0.08172705808161983,0.018755829277890462,0.0,0
44010,59,1,3.7594364164400234,4.336185873816954,0.576749457376931,0.22553001537602013,0.021340275482133436,0.0029053526526919837,0
44010,59,2,3.7594364164400234,4.317413269568053,0.55797685312803,0.2041897398938867,0.0,0.0,0
44010,59,3,3.7594364164400234,4.412856319923444,0.6534199034834205,0.22036812709051962,0.01617838719663292,0.0006825670702141906,0
44010,60,1,3.5255304046738196,3.7475007956643474,0.22197039099052773,0.15086615955468496,0.02417132819254092,0.03036673205742793,1
44010,60,2,3.5255304046738196,4.774823119072232,1.249292714398412,0.14965613958575597,0.02296130822361192,0.031049299127642177,1
44010,60,3,3.5255304046738196,4.00922973659017,0.48369933191635006,0.12669483136214404,0.0,0.0,0
44010,61,1,2.7908406652355318,3.209990170763048,0.4191495055275163,0.1950515935113698,0.00618787411322913,0.0,0
44010,61,2,2.7908406652355318,2.97389113122383,0.18305046598829833,0.18886371939814067,0.0,0.0,0
44010,61,3,2.7908406652355318,3.2898401157033286,0.4989994504677968,0.19701924615746777,0.008155526759327097,0.0,0
44010,62,1,1.3073229838968643,2.2763403765373993,0.969017392640535,0.13242076626493607,0.04175431515565682,0.0,0
44010,62,2,1.3073229838968643,1.8523270747606908,0.5450040908638265,0.09066645110927925,0.0,0.0,0
44010,62,3,1.3073229838968643,1.9828519711327366,0.6755289872358723,0.09326142410079954,0.0025949729915202974,0.0,0
44010,63,1,2.403501703638954,2.7495340061653324,0.3460323025263783,0.16644478688924455,0.009238961271829854,0.016082068565189872,1
44010,63,2,2.403501703638954,2.7472165466319254,0.3437148429929713,0.1572058256174147,0.0,0.0,0
44010,63,3,2.403501703638954,2.7380414374104545,0.33453973377150037,0.17321468725778894,0.01600886164037424,0.0,0
44010,64,1,2.48747668589239,3.3723378746220734,0.8848611887296833,0.17882228848087445,0.003152462759534125,0.0160820685651899,1
44010,64,2,2.48747668589239,3.0624137539440803,0.5749370680516903,0.17566982572134032,0.0,0.0,0
44010,64,3,2.48747668589239,3.3680364834606764,0.8805597975682864,0.1869292730198883,0.01125944729854797,0.0,0
44010,65,1,2.694989842175605,4.262984531013974,1.5679946888383687,0.09494372902899686,0.003915270268763385,0.0160820685651899,1
44010,65,2,2.694989842175605,2.8480682602453853,0.1530784180697804,0.09102845876023348,0.0,0.0,0
44010,65,3,2.694989842175605,4.114519882044894,1.4195300398692887,0.11513469261437947,0.024106233854145995,0.0,0
44010,66,1,2.545153164077022,3.41742794310309,0.8722747790260676,0.1975690710197867,0.0,0.0,0
44010,66,2,2.545153164077022,3.0666907821734783,0.5215376180964562,0.20429965496936373,0.0067305839495770126,0.0,0
44010,66,3,2.545153164077022,3.2633073978951033,0.7181542338180811,0.22666353220582686,0.029094461186040144,0.0,0
44010,67,1,2.2732681693049317,2.583980455932699,0.3107122866277674,0.17455858773124655,0.013097062964268824,0.0,0
44010,67,2,2.2732681693049317,2.4552984900027135,0.1820303206977818,0.16146152476697773,0.0,0.0,0
44010,67,3,2.2732681693049317,2.8064414415636088,0.5331732722586771,0.17104693834585252,0.009585413578874796,0.0,0
44010,68,1,1.189657414899607,1.685343546319121,0.495686131419514,0.12535715438390657,0.03597031371638834,0.0,0
44010,68,2,1.189657414899607,1.649865779107318,0.46020836420771083,0.09695081832678344,0.007563977659265211,0.0,0
44010,68,3,1.189657414899607,1.5022321256212496,0.31257471072164256,0.08938684066751823,0.0,0.0,0
44010,69,1,1.7041872505995062,2.1716483074498267,0.4674610568503206,0.06485914642046811,0.008035257661854665,0.0,0
44010,69,2,1.7041872505995062,2.2697911326519726,0.5656038820524665,0.05870288710929774,0.0018789983506842939,0.0,0
44010,69,3,1.7041872505995062,2.052304063560462,0.348116812960956,0.056823888758613446,0.0,0.0,0
44010,70,1,9.954986953704974,11.363441613898633,1.4084546601936587,0.13399880597335687,0.0,0.0,0
44010,70,2,9.954986953704974,12.00812503022196,2.0531380765169853,0.20143366541404914,0.06743485944069227,0.016022274200984683,1
44010,70,3,9.954986953704974,11.483369032421972,1.528382078716998,0.20142442351957135,0.06742561754621448,0.019473704426741435,1
44010,71,1,13.705936539000168,13.903154247009951,0.19721770800978256,0.12742778868922586,0.024729784935138402,0.0,0
44010,71,2,13.705936539000168,13.953895822480671,0.2479592834805029,0.10269800375408746,0.0,0.0034514302257567624,0
44010,71,3,13.705936539000168,14.588472602745625,0.8825360637454569,0.1481867360506136,0.045488732296526155,0.0034514302257567624,0
44010,72,1,10.713155161767089,11.000855879136385,0.2877007173692956,0.17112288441258758,0.0020329001233555244,0.0175442920278354,1
44010,72,2,10.713155161767089,10.96111170479769,0.24795654303060033,0.16908998428923205,0.0,0.0,0
44010,72,3,10.713155161767089,11.051030010311592,0.33787484854450334,0.18653644828958987,0.01744646400035782,0.0,0
44010,73,1,13.278756158741462,13.810506478650822,0.5317503199093601,0.17550930113202465,0.0,0.0,0
44010,73,2,13.278756158741462,13.467272380423946,0.18851622168248383,0.17910827385250538,0.0035989727204807365,0.04140849542194124,1
44010,73,3,13.278756158741462,13.823941640121626,0.5451854813801642,0.19747594597565526,0.021966644843630617,0.04140849542194124,1
44010,74,1,11.457685846949882,11.565905888894127,0.10822004194424473,0.09408065954132687,0.022395392964537936,0.0,0
44010,74,2,11.457685846949882,11.590537634061025,0.13285178711114298,0.07168526657678893,0.0,0.004227311829487823,0
44010,74,3,11.457685846949882,11.516077013362834,0.05839116641295128,0.07383955711777761,0.0021542905409886737,0.004227311829487823,0
44010,75,1,14.934249566924624,15.81466078825087,0.8804112213262467,0.1582361806181832,0.0,0.007920142595501202,1
44010,75,2,14.934249566924624,15.545925944520107,0.611676377595483,0.19983712754744334,0.04160094692926014,0.0,0
44010,75,3,14.934249566924624,16.348989585326503,1.4147400184018792,0.22633382805888103,0.06809764744069782,0.0,0
