generation_seed,test_index,action,context_support_distance,action_support_distance,action_support_minus_context,predicted_action_loss,predicted_relative_loss,realized_action_regret,unsafe_action
44071,0,1,1.4734531112579186,1.5271710016435032,0.05371789038558461,0.31138809179351046,0.0,0.0,0
44071,0,2,1.4734531112579186,1.5510415694532722,0.07758845819535365,0.44149089975047745,0.130102807956967,0.0,0
44071,0,3,1.4734531112579186,1.5365256795429338,0.06307256828501528,0.5144233436738453,0.2030352518803349,0.0,0
44071,1,1,4.5552168025290865,5.122503966864312,0.5672871643352257,0.16298092299490105,0.0,0.0,0
44071,1,2,4.5552168025290865,5.000610463044781,0.44539366051569473,0.17367531804355785,0.010694395048656796,0.0,0
44071,1,3,4.5552168025290865,5.2523223258668414,0.697105523337755,0.17465538286946636,0.011674459874565307,0.0,0
44071,2,1,4.257199123257907,4.92301732257042,0.665818199312513,0.1656086562650609,0.0,0.0,0
44071,2,2,4.257199123257907,4.978479056515554,0.7212799332576472,0.1772005748562096,0.011591918591148692,0.0,0
44071,2,3,4.257199123257907,5.070819626915618,0.8136205036577113,0.16631102265853717,0.0007023663934762614,0.0,0
44071,3,1,4.44615232336634,5.044623221613763,0.5984708982474238,0.13787364697278182,0.04674695765193017,0.0,0
44071,3,2,4.44615232336634,4.858089778639551,0.41193745527321113,0.10726600425944215,0.0161393149385905,0.0,0
44071,3,3,4.44615232336634,5.406658843811796,0.9605065204454561,0.09112668932085165,0.0,0.0,0
44071,4,1,1.729859338356818,1.7959082063225984,0.06604886796578047,0.2564884981111745,0.0,0.0,0
44071,4,2,1.729859338356818,1.793424518448817,0.06356518009199896,0.4102552702649404,0.15376677215376588,0.0,0
44071,4,3,1.729859338356818,1.8012187262749442,0.07135938791812624,0.47914635922368387,0.22265786111250935,0.0,0
44071,5,1,1.3524495452714578,1.3922587583597612,0.03980921308830343,0.23781506194133456,0.0,0.0,0
44071,5,2,1.3524495452714578,1.3840822121135077,0.031632666842049906,0.3959589914983391,0.15814392955700451,0.0,0
44071,5,3,1.3524495452714578,1.3920855694814653,0.03963602421000756,0.4587800873673032,0.22096502542596863,0.0,0
44071,6,1,1.191301255380168,1.3242540873008362,0.1329528319206681,0.18702754638241478,0.0,0.0,0
44071,6,2,1.191301255380168,1.2890572333508223,0.09775597797065427,0.3621620746367435,0.1751345282543287,0.0,0
44071,6,3,1.191301255380168,1.292237328554767,0.10093607317459896,0.4150067593709873,0.22797921298857252,0.0,0
44071,7,1,1.684721113903946,1.9775640993787438,0.2928429854747978,0.1047592086156243,0.0,0.0,0
44071,7,2,1.684721113903946,1.911398157014777,0.22667704311083114,0.32550350375747683,0.22074429514185254,0.0,0
44071,7,3,1.684721113903946,1.9043982078834876,0.2196770939795416,0.3885350068283982,0.2837757982127739,0.0,0
44071,8,1,1.8736804888048624,2.0326545891575902,0.15897410035272785,0.2798200556075334,0.0,0.005620726734844095,1
44071,8,2,1.8736804888048624,2.2271413956599724,0.35346090685511,0.4760035997510014,0.196183544143468,0.01033957512127609,1
44071,8,3,1.8736804888048624,2.1220081425900297,0.2483276537851673,0.5279897314165768,0.24816967580904337,0.0,0
44071,9,1,2.6409105147361087,2.7463343203248716,0.10542380558876285,0.2881788232322181,0.0,0.005620726734844095,1
44071,9,2,2.6409105147361087,2.8997842491671513,0.25887373443104256,0.3845061512828895,0.0963273280506714,0.01033957512127609,1
44071,9,3,2.6409105147361087,2.873610020511579,0.23269950577547016,0.46937774132504223,0.18119891809282412,0.0,0
44071,10,1,1.193260737234538,1.2888027328194904,0.09554199558495236,0.16223645481845592,0.0,0.00562072673484415,1
44071,10,2,1.193260737234538,1.6620205368052055,0.4687597995706674,0.1709246555305712,0.00868820071211529,0.01033957512127609,1
44071,10,3,1.193260737234538,1.5753823548095447,0.3821216175750066,0.19720663461256663,0.03497017979411071,0.0,0
44071,11,1,1.7617590543333255,1.801146799475863,0.03938774514253751,0.2924225056726173,0.0,0.0,0
44071,11,2,1.7617590543333255,1.8804790309860298,0.11871997665270428,0.4756443604593393,0.18322185478672198,0.0,0
44071,11,3,1.7617590543333255,1.7947428943249246,0.03298383999159915,0.5212219494550117,0.22879944378239436,0.0,0
44071,12,1,1.5193833067598688,1.5748678117141641,0.055484504954295355,0.29598506302771493,0.0,0.0,0
44071,12,2,1.5193833067598688,1.6764186255055566,0.15703531874568788,0.450422037429676,0.15443697440196108,0.0,0
44071,12,3,1.5193833067598688,1.6129920678042542,0.09360876104438542,0.48715759062559316,0.19117252759787823,0.0,0
44071,13,1,2.023490723758398,2.197103771013791,0.17361304725539295,0.15865836524021099,0.0,0.0,0
44071,13,2,2.023490723758398,2.1328679629159266,0.10937723915752873,0.357894706055366,0.199236340815155,0.0,0
44071,13,3,2.023490723758398,2.1709291393594157,0.14743841560101778,0.4159905073846318,0.2573321421444208,0.0,0
44071,14,1,1.3154967369205006,1.3986311696871443,0.08313443276664367,0.20891232079970412,0.0,0.0,0
44071,14,2,1.3154967369205006,1.4185983057482285,0.10310156882772792,0.3826131877215381,0.17370086692183395,0.0,0
44071,14,3,1.3154967369205006,1.4466954116454587,0.13119867472495805,0.45569172058331975,0.24677939978361563,0.0,0
44071,15,1,1.7684541103052598,1.8621774549059147,0.0937233446006549,0.3084998641251829,0.0,0.0,0
44071,15,2,1.7684541103052598,2.0735380636559477,0.30508395335068794,0.46769357557892793,0.15919371145374506,0.0,0
44071,15,3,1.7684541103052598,1.8815294772494027,0.11307536694414289,0.4985655270128006,0.19006566288761773,0.0,0
44071,16,1,1.3196141842181714,1.4144672663996505,0.09485308218147903,0.1998776964812485,0.0,0.0,0
44071,16,2,1.3196141842181714,1.4251710776825002,0.10555689346432873,0.388435191038697,0.1885574945574485,0.0,0
44071,16,3,1.3196141842181714,1.3881812176263153,0.06856703340814385,0.4192802353636482,0.21940253888239972,0.0,0
44071,17,1,1.771621767606153,1.9853326242969964,0.21371085669084344,0.11437730996265656,0.0,0.0,0
44071,17,2,1.771621767606153,2.1310228813577883,0.3594011137516353,0.336345593960861,0.22196828399820445,0.0,0
44071,17,3,1.771621767606153,2.0112690406274565,0.2396472730213035,0.4019855494159485,0.28760823945329195,0.0,0
44071,18,1,2.496322635386245,2.559637252411422,0.06331461702517682,0.19996146185264616,0.0,0.0,0
44071,18,2,2.496322635386245,2.670688206238212,0.1743655708519669,0.32339890801595944,0.12343744616331329,0.0,0
44071,18,3,2.496322635386245,2.7663380507406368,0.27001541535439166,0.3298804646500604,0.12991900279741422,0.0,0
44071,19,1,1.908290285454474,1.948799936570738,0.04050965111626392,0.20104618063102986,0.0,0.0,0
44071,19,2,1.908290285454474,1.9748066474490067,0.06651636199453259,0.3510562301130713,0.15001004948204144,0.0,0
44071,19,3,1.908290285454474,1.9546964087803431,0.04640612332586902,0.4022628464410492,0.20121666581001935,0.0,0
44071,20,1,1.3583970636490001,1.4103521852969296,0.05195512164792948,0.2678486572377296,0.0,0.0,0
44071,20,2,1.3583970636490001,1.420006000790552,0.0616089371415518,0.4087955417404248,0.1409468845026952,0.0,0
44071,20,3,1.3583970636490001,1.3962656552062547,0.03786859155725453,0.48928861050598926,0.22143995326825966,0.0,0
44071,21,1,4.576137972548194,4.656212259738307,0.08007428719011322,0.2559514865746829,0.0,0.0,0
44071,21,2,4.576137972548194,4.787070833954596,0.21093286140640188,0.32273704798066477,0.06678556140598185,0.0,0
44071,21,3,4.576137972548194,4.783957977602045,0.20782000505385056,0.35287566658516967,0.09692418001048675,0.0,0
44071,22,1,1.861936875272677,1.9048334813690602,0.04289660609638313,0.1988083131684633,0.0,0.0,0
44071,22,2,1.861936875272677,1.906751636751892,0.044814761479214926,0.3547778237445629,0.1559695105760996,0.0,0
44071,22,3,1.861936875272677,1.9214480172967499,0.059511142024072816,0.40384533971944647,0.20503702655098316,0.0,0
44071,23,1,1.1557239505303936,1.1780069341853947,0.022282983655001143,0.2384810992934696,0.0,0.0,0
44071,23,2,1.1557239505303936,1.2052398525647008,0.049515902034307224,0.4140781165467966,0.175597017253327,0.0,0
44071,23,3,1.1557239505303936,1.181237375987485,0.025513425457091454,0.46059890040419793,0.22211780111072832,0.0,0
44071,24,1,2.561272947207145,2.599751468848904,0.038478521641759134,0.19875353064072976,0.0,0.024802823220970327,1
44071,24,2,2.561272947207145,2.6736610419332125,0.11238809472606759,0.35147408940821157,0.1527205587674818,0.0,0
44071,24,3,2.561272947207145,2.662386066978782,0.10111311977163728,0.3915311151179979,0.19277758447726812,0.0,0
44071,25,1,1.2163093581131053,1.2347542613327245,0.018444903219619224,0.2548432274848144,0.0,0.024802823220970327,1
44071,25,2,1.2163093581131053,1.2459353194496139,0.029625961336508633,0.4051616875395486,0.1503184600547342,0.0,0
44071,25,3,1.2163093581131053,1.2390832939604226,0.02277393584731735,0.4741086258097225,0.2192653983249081,0.0,0
44071,26,1,2.5442222270420594,2.6402646292225396,0.09604240218048021,0.27894006795762555,0.0,0.024802823220970327,1
44071,26,2,2.5442222270420594,2.736143965634362,0.19192173859230266,0.41125802840798925,0.1323179604503637,0.0,0
44071,26,3,2.5442222270420594,2.6465493747226128,0.1023271476805534,0.46401737351296496,0.1850773055553394,0.0,0
44071,27,1,2.3728810465406722,2.4295608411068343,0.05667979456616212,0.15329052274207322,0.0,0.024802823220970313,1
44071,27,2,2.3728810465406722,2.554355999718484,0.18147495317781193,0.19169638739257633,0.03840586465050311,0.0,0
44071,27,3,2.3728810465406722,2.553190815333973,0.18030976879330085,0.24662275562874905,0.09333223288667583,0.0,0
44071,28,1,1.6466758493069835,1.7347139174389414,0.08803806813195791,0.22279098096843497,0.0,0.07262492231307008,1
44071,28,2,1.6466758493069835,1.7188620339150014,0.07218618460801784,0.40322571465965046,0.1804347336912155,0.0,0
44071,28,3,1.6466758493069835,1.7214315377125373,0.0747556884055538,0.4724567362728583,0.2496657553044233,0.0,0
44071,29,1,1.2287726628481985,1.2547330653160824,0.025960402467883892,0.23301602646233496,0.0,0.0726249223130701,1
44071,29,2,1.2287726628481985,1.2599286222996338,0.031155959451435233,0.38575049382760723,0.15273446736527227,0.0,0
44071,29,3,1.2287726628481985,1.2664467849385592,0.037674122090360695,0.44568878638374665,0.21267275992141169,0.0,0
44071,30,1,1.3424605359335424,1.3968652436159645,0.054404707682422115,0.19917552480691833,0.0,0.07262492231307008,1
44071,30,2,1.3424605359335424,1.4190982829892884,0.076637747055746,0.3733443517242023,0.17416882691728394,0.0,0
44071,30,3,1.3424605359335424,1.3947618050584552,0.05230126912491273,0.42915103260016174,0.2299755077932434,0.0,0
44071,31,1,1.8148170657745268,1.8489464581439972,0.034129392369470324,0.09494402192850476,0.0,0.07262492231307009,1
44071,31,2,1.8148170657745268,1.996475791347867,0.18165872557334017,0.12957096846214916,0.0346269465336444,0.0,0
44071,31,3,1.8148170657745268,2.0722415789702886,0.25742451319576176,0.13886984428633828,0.043925822357833516,0.0,0
44071,32,1,1.3951842744448963,1.4731933789012068,0.07800910445631049,0.21799133830823855,0.0,0.0,0
44071,32,2,1.3951842744448963,1.5400751283107397,0.14489085386584333,0.3943023854592646,0.17631104715102605,0.0,0
44071,32,3,1.3951842744448963,1.5267203341363516,0.1315360596914552,0.4489298236566877,0.23093848534844916,0.0,0
44071,33,1,2.070436685683838,2.1246336665257894,0.05419698084195135,0.20933985482494308,0.0,0.0,0
44071,33,2,2.070436685683838,2.131114498630641,0.060677812946802856,0.37721106279550054,0.16787120797055746,0.0,0
44071,33,3,2.070436685683838,2.1583705573553784,0.08793387167154032,0.44837312334944324,0.23903326852450016,0.0,0
44071,34,1,1.829477797900956,1.8991146591156904,0.06963686121473445,0.27558615515036283,0.0,0.0,0
44071,34,2,1.829477797900956,1.9356701453411713,0.10619234744021533,0.45934262799396425,0.18375647284360141,0.0,0
44071,34,3,1.829477797900956,1.9261400195402167,0.09666222163926075,0.5273044281474071,0.25171827299704425,0.0,0
44071,35,1,2.3727513067473756,2.639431556876255,0.2666802501288794,0.10848429754377986,0.0,0.0,0
44071,35,2,2.3727513067473756,2.587526706518722,0.21477539977134663,0.3361108072783206,0.22762650973454074,0.0,0
44071,35,3,2.3727513067473756,2.59035184888054,0.2176005421331646,0.39462395577665377,0.2861396582328739,0.0,0
44071,36,1,1.6757985807400175,1.711957016825097,0.036158436085079515,0.23457152450552674,0.0,0.05405730452295751,1
44071,36,2,1.6757985807400175,1.73208628757735,0.05628770683733242,0.3804293904504955,0.14585786594496877,0.0,0
44071,36,3,1.6757985807400175,1.7296013914063313,0.05380281066631376,0.4496738435215023,0.21510231901597557,0.0,0
44071,37,1,5.770292950950788,6.032459877167462,0.2621669262166737,0.26887738131156463,0.0,0.05405730452295751,1
44071,37,2,5.770292950950788,6.014818143979942,0.24452519302915388,0.3616309353753713,0.09275355406380664,0.0,0
44071,37,3,5.770292950950788,6.082386877294756,0.3120939263439677,0.43137215295379333,0.1624947716422287,0.0,0
44071,38,1,1.2976504718045525,1.3254885338400186,0.027838062035466127,0.11246719467869992,0.0,0.0540573045229575,1
44071,38,2,1.2976504718045525,1.524172485695797,0.2265220138912445,0.1415414309261036,0.029074236247403684,0.0,0
44071,38,3,1.2976504718045525,1.615415449233757,0.3177649774292044,0.15005237926674342,0.037585184588043496,0.0,0
44071,39,1,5.262346626800205,5.865675457059311,0.6033288302591062,0.21201202157595783,0.0,0.0,0
44071,39,2,5.262346626800205,5.53016530706697,0.2678186802667657,0.21668935782008222,0.0046773362441243915,0.0,0
44071,39,3,5.262346626800205,5.924215209063206,0.6618685822630015,0.21974696185815018,0.0077349402821923485,0.0,0
44071,40,1,5.300477961596849,5.767494463398973,0.4670165018021235,0.15556265052270626,0.00031798624852988344,0.0,0
44071,40,2,5.300477961596849,5.889178993159993,0.5887010315631436,0.16160295323124144,0.006358288957065056,0.0,0
44071,40,3,5.300477961596849,5.973422334825324,0.672944373228475,0.15524466427417638,0.0,0.0,0
44071,41,1,5.058926902521661,5.496712545948066,0.43778564342640447,0.10552540617705931,0.007465009598718042,0.0,0
44071,41,2,5.058926902521661,5.412141877047597,0.35321497452593587,0.09806039657834127,0.0,0.0,0
44071,41,3,5.058926902521661,5.606934714013271,0.5480078114916092,0.09849462891466663,0.00043423233632536307,0.0,0
44071,42,1,5.3049579681311005,5.880232739407897,0.5752747712767965,0.0801772854930495,0.006267833962403949,0.0,0
44071,42,2,5.3049579681311005,5.421171693412932,0.11621372528183116,0.07574550347409298,0.0018360519434474226,0.0,0
44071,42,3,5.3049579681311005,6.025612702253866,0.7206547341227658,0.07390945153064556,0.0,0.0,0
44071,43,1,1.339974338680594,1.4070582750254097,0.06708393634481569,0.20335627173243262,0.0,0.0,0
44071,43,2,1.339974338680594,1.4065108589159538,0.06653652023535983,0.3766204251958131,0.1732641534633805,0.0,0
44071,43,3,1.339974338680594,1.4085060430277523,0.06853170434715827,0.41971591414338794,0.21635964241095532,0.0,0
44071,44,1,1.4876353511335008,1.6017054000137214,0.11407004888022065,0.321447309349126,0.0,0.0,0
44071,44,2,1.4876353511335008,1.623811813593387,0.13617646245988624,0.4545593782412555,0.13311206889212945,0.0,0
44071,44,3,1.4876353511335008,1.6343205843590212,0.1466852332255204,0.48782114382746755,0.16637383447834153,0.0,0
44071,45,1,1.484971396652758,1.5761292464276386,0.09115784977488062,0.23424822193637074,0.0,0.0,0
44071,45,2,1.484971396652758,1.6118571759847413,0.1268857793319833,0.3606627701540953,0.12641454821772458,0.0,0
44071,45,3,1.484971396652758,1.614193743416876,0.12922234676411803,0.46666722161684426,0.23241899968047353,0.0,0
44071,46,1,3.524095871741127,3.5681408740401146,0.04404500229898778,0.2710537145566533,0.0,0.0,0
44071,46,2,3.524095871741127,3.6156608442302085,0.09156497248908169,0.39412306740733394,0.12306935285068066,0.0,0
44071,46,3,3.524095871741127,3.6050541656054973,0.08095829386437048,0.4474660999243443,0.176412385367691,0.0,0
44071,47,1,3.260515987794207,3.310809384234554,0.050293396440346694,0.2728987383049109,0.0,0.0,0
44071,47,2,3.260515987794207,3.421103014382956,0.16058702658874902,0.38515988181679034,0.11226114351187944,0.0,0
44071,47,3,3.260515987794207,3.3406488815958704,0.08013289380166322,0.42301185701983607,0.15011311871492516,0.0,0
44071,48,1,1.8223764701326164,1.8947866611687814,0.07241019103616497,0.28479263266516536,0.0,0.0,0
44071,48,2,1.8223764701326164,2.003328984183425,0.1809525140508088,0.4111952029174135,0.12640257025224816,0.0,0
44071,48,3,1.8223764701326164,1.9156916201342142,0.09331515000159785,0.4413413278141723,0.15654869514900693,0.0,0
44071,49,1,1.8636163697303374,1.9732878486599206,0.10967147892958318,0.18788890506677203,0.0,0.0,0
44071,49,2,1.8636163697303374,1.939467452948243,0.07585108321790557,0.3829692946572463,0.19508038959047425,0.0,0
44071,49,3,1.8636163697303374,1.9627574995114263,0.09914112978108891,0.43545432172090126,0.24756541665412923,0.0,0
44071,50,1,1.1922044979593749,1.2885747464654618,0.09637024850608689,0.3035539762824154,0.0,0.0979862738981484,1
44071,50,2,1.1922044979593749,1.4033425102454267,0.21113801228605178,0.4226160628510425,0.11906208656862705,0.0,0
44071,50,3,1.1922044979593749,1.2752894261844236,0.08308492822504876,0.5135521175159732,0.20999814123355776,0.0,0
44071,51,1,1.3930845677489256,1.542390538807862,0.1493059710589364,0.3035404565034617,0.0,0.09798627389814843,1
44071,51,2,1.3930845677489256,1.695638696244719,0.30255412849579333,0.3982977154660075,0.09475725896254583,0.0,0
44071,51,3,1.3930845677489256,1.5195868422636953,0.1265022745147697,0.4737550973165655,0.17021464081310383,0.0,0
44071,52,1,1.9921722937216582,2.12960879912733,0.13743650540567165,0.263275276338286,0.0,0.09798627389814842,1
44071,52,2,1.9921722937216582,2.220473000166585,0.22830070644492695,0.3728508580909072,0.10957558175262117,0.0,0
44071,52,3,1.9921722937216582,2.1157157918953766,0.12354349817371846,0.455757440158667,0.19248216382038097,0.0,0
44071,53,1,1.862926096357135,1.9406478139878423,0.07772171763070723,0.14447585693663642,0.0,0.09798627389814843,1
44071,53,2,1.862926096357135,2.020625869583799,0.15769977322666406,0.21669046016763605,0.07221460323099962,0.0,0
44071,53,3,1.862926096357135,2.1217187915281164,0.25879269517098136,0.2978345425627812,0.15335868562614477,0.0,0
44071,54,1,3.661963240193571,3.7827903959994793,0.12082715580590841,0.22462426917087325,0.0,0.0,0
44071,54,2,3.661963240193571,3.904904275281209,0.2429410350876382,0.3598351127011551,0.13521084353028184,0.0,0
44071,54,3,3.661963240193571,3.805771566811841,0.14380832661827014,0.39498372721573,0.17035945804485675,0.0,0
44071,55,1,1.1214669415676013,1.190985518179134,0.06951857661153271,0.20428803747305954,0.0,0.0,0
44071,55,2,1.1214669415676013,1.189497897709791,0.06803095614218968,0.37820894826249774,0.1739209107894382,0.0,0
44071,55,3,1.1214669415676013,1.2016743296724322,0.08020738810483086,0.4231550973022087,0.21886705982914914,0.0,0
44071,56,1,1.5790127243267957,1.6670310320911987,0.088018307764403,0.18872667928500134,0.0,0.0,0
44071,56,2,1.5790127243267957,1.7099842647861603,0.13097154045936454,0.3543171718608856,0.1655904925758843,0.0,0
44071,56,3,1.5790127243267957,1.729344813492181,0.1503320891653852,0.4056342355932597,0.21690755630825834,0.0,0
44071,57,1,1.4641207489029253,1.5235995437797467,0.059478794876821395,0.2671480346629452,0.0,0.0,0
44071,57,2,1.4641207489029253,1.5155462710972825,0.05142552219435714,0.42704980743869403,0.15990177277574885,0.0,0
44071,57,3,1.4641207489029253,1.5180036453642605,0.05388289646133515,0.4971051149577927,0.22995708029484752,0.0,0
44071,58,1,1.1395776941461704,1.2297020240719898,0.09012432992581942,0.203348455469939,0.0,0.0,0
44071,58,2,1.1395776941461704,1.2125740660782378,0.07299637193206743,0.3746463224815162,0.1712978670115772,0.0,0
44071,58,3,1.1395776941461704,1.2182114192647222,0.07863372511855182,0.43193359505212164,0.22858513958218266,0.0,0
44071,59,1,1.3753884843269826,1.4021462431959435,0.026757758868960924,0.23672153846347313,0.0,0.0,0
44071,59,2,1.3753884843269826,1.4262279275202814,0.050839443193298806,0.4115277890775646,0.17480625061409147,0.0,0
44071,59,3,1.3753884843269826,1.3998415360024685,0.02445305167548595,0.44500367376487043,0.2082821353013973,0.0,0
44071,60,1,1.5218745070761242,1.65874944207962,0.1368749350034959,0.17222786288458375,0.0,0.0,0
44071,60,2,1.5218745070761242,1.612460849013321,0.09058634193719683,0.3532054705850993,0.18097760770051557,0.0,0
44071,60,3,1.5218745070761242,1.6615473351266765,0.13967282805055237,0.42978528680531114,0.2575574239207274,0.0,0
44071,61,1,1.5333600781233745,1.6041523969618683,0.0707923188384938,0.2001807296432512,0.0,0.0,0
44071,61,2,1.5333600781233745,1.6010577763989076,0.06769769827553307,0.3739151336186436,0.1737344039753924,0.0,0
44071,61,3,1.5333600781233745,1.5980979745649555,0.06473789644158101,0.4225560507766794,0.2223753211334282,0.0,0
44071,62,1,1.045759976612007,1.1529846450814905,0.10722466846948353,0.20539208867939293,0.0,0.0,0
44071,62,2,1.045759976612007,1.121184622398459,0.07542464578645203,0.3756540419194738,0.1702619532400809,0.0,0
44071,62,3,1.045759976612007,1.136171111155299,0.09041113454329208,0.4423567068011772,0.2369646181217843,0.0,0
44071,63,1,1.7449885197398611,1.8227897225710243,0.07780120283116321,0.18303043825600207,0.0,0.0,0
44071,63,2,1.7449885197398611,1.7994859169313933,0.054497397191532126,0.3625233646606696,0.17949292640466752,0.0,0
44071,63,3,1.7449885197398611,1.8110778740761586,0.06608935433629748,0.4103594451328956,0.2273290068768935,0.0,0
44071,64,1,2.6660923300538424,2.743932136737938,0.07783980668409551,0.2132077276347993,0.0,0.07537402164542606,1
44071,64,2,2.6660923300538424,2.9849734532379424,0.3188811231841,0.2711657702348622,0.0579580426000629,0.05584549856325327,1
44071,64,3,2.6660923300538424,2.813557285423238,0.1474649553693954,0.35453518244711957,0.14132745481232026,0.0,0
44071,65,1,2.3176394350259626,2.3508206887073593,0.03318125368139668,0.23781358167555716,0.0,0.08900929920369693,1
44071,65,2,2.3176394350259626,2.4445210323868096,0.12688159736084703,0.34912757110709325,0.11131398943153609,0.05584549856325327,1
44071,65,3,2.3176394350259626,2.355396586709665,0.03775715168370253,0.42485380737751266,0.1870402257019555,0.0,0
44071,66,1,1.9505898893071965,2.078139059117087,0.1275491698098905,0.16359560644327553,0.0,0.08900929920369693,1
44071,66,2,1.9505898893071965,2.2723664156456893,0.32177652633849285,0.22625151552606854,0.062655909082793,0.05584549856325324,1
44071,66,3,1.9505898893071965,2.415935405226027,0.46534551591883067,0.30135298194780874,0.1377573755045332,0.0,0
44071,67,1,1.4217819820366604,1.4702350267154505,0.04845304467879008,0.20725225816349704,0.0,0.0,0
44071,67,2,1.4217819820366604,1.4656523045194159,0.043870322482755464,0.37888755464446494,0.1716352964809679,0.0,0
44071,67,3,1.4217819820366604,1.4856270311309623,0.06384504909430189,0.4281153290254946,0.22086307086199755,0.0,0
44071,68,1,5.772384214961489,6.087141822348592,0.31475760738710257,0.2957230825657368,0.0,0.06730699902412965,1
44071,68,2,5.772384214961489,5.986878397748141,0.21449418278665178,0.34171894599562946,0.04599586342989265,0.0,0
44071,68,3,5.772384214961489,6.210441640884822,0.43805742592333274,0.418570858963636,0.12284777639789918,0.0,0
44071,69,1,10.870762179364414,11.033869666845472,0.1631074874810583,0.27507526559397694,0.0,0.06730699902412968,1
44071,69,2,10.870762179364414,10.992622779471237,0.12186060010682276,0.3086839477746149,0.03360868218063795,0.0,0
44071,69,3,10.870762179364414,11.04712499098866,0.17636281162424616,0.3534932382621282,0.07841797266815126,0.0,0
44071,70,1,1.9318173722495562,1.9927182517436486,0.0609008794940924,0.15695976142217166,0.0,0.06730699902412968,1
44071,70,2,1.9318173722495562,2.2396010708891687,0.3077836986396125,0.16273940422690017,0.0057796428047285076,0.0,0
44071,70,3,1.9318173722495562,2.178313897696154,0.24649652544659784,0.21665498871934072,0.05969522729716906,0.0,0
44071,71,1,1.6794583047080724,1.6995635182566815,0.020105213548609058,0.27157669755125863,0.0,0.0,0
44071,71,2,1.6794583047080724,1.706868620263378,0.027410315555305598,0.40553455773542696,0.13395786018416833,0.0,0
44071,71,3,1.6794583047080724,1.7064628495054528,0.027004544797380348,0.4774198800845933,0.20584318253333467,0.0,0
44071,72,1,23.587046698829027,23.676909324892833,0.08986262606380535,0.19157369376531258,0.0,0.0012456742231115037,0
44071,72,2,23.587046698829027,23.65124083632083,0.06419413749180336,0.21884803306714737,0.027274339301834788,0.0,0
44071,72,3,23.587046698829027,23.650147900610307,0.06310120178127931,0.2301416527152033,0.03856795894989071,0.019846490840581404,1
44071,73,1,26.20857380254098,26.277826052341947,0.069252249800968,0.19395506378977387,0.0,0.0,0
44071,73,2,26.20857380254098,26.344484028710035,0.1359102261690559,0.20639941583950872,0.012444352049734847,0.03998797493832734,1
44071,73,3,26.20857380254098,26.277159750094917,0.0685859475539381,0.20373015178127007,0.009775087991496206,0.026431001518744224,1
44071,74,1,26.420442604412738,26.561332319181435,0.14088971476869716,0.16593400214071782,0.017490014976925095,0.013556973419583104,1
44071,74,2,26.420442604412738,26.463724934492234,0.04328233007949578,0.14844398716379273,0.0,0.0,0
44071,74,3,26.420442604412738,26.48640806751975,0.06596546310701257,0.15925109720780375,0.010807110044011026,0.020141484097745924,1
44071,75,1,24.890950261636952,24.949648829805245,0.05869856816829255,0.08493835948987319,0.0,0.0,0
44071,75,2,24.890950261636952,24.922048750000403,0.031098488363451082,0.088860749820866,0.003922390330992814,0.02014148409774593,1
44071,75,3,24.890950261636952,24.95659983850777,0.0656495768708183,0.09778922611849142,0.01285086662861823,0.02014148409774593,1
44071,76,1,45.098160888268964,45.15644343931097,0.05828255104200508,0.15482767813769913,0.0,0.0019475365088528485,0
44071,76,2,45.098160888268964,45.143563258308006,0.04540237003904224,0.20894326135699182,0.05411558321929269,0.0,0
44071,76,3,45.098160888268964,45.13487840711152,0.036717518842557695,0.22371369302158423,0.0688860148838851,0.009212760351430732,1
44071,77,1,46.41289949168668,46.46661207604965,0.05371258436296955,0.15401785887830366,0.0,0.0,0
44071,77,2,46.41289949168668,46.46494020062314,0.05204070893645962,0.19969980009673,0.045681941218426336,0.009212760351430704,1
44071,77,3,46.41289949168668,46.44429639514759,0.03139690346090873,0.2036195268164495,0.04960166793814583,0.01803308107792484,1
44071,78,1,12.13048079936004,12.151348921400942,0.020868122040901937,0.2035734448310257,0.0,0.0,0
44071,78,2,12.13048079936004,12.218423639959518,0.08794284059947799,0.25446496934459467,0.05089152451356896,0.03403836903788318,1
44071,78,3,12.13048079936004,12.178329916019964,0.04784911665992375,0.3238441305345803,0.12027068570355456,0.06171787489106155,1
44071,79,1,16.428317572821737,16.440659198168984,0.012341625347247032,0.22687252751284223,0.0,0.0,0
44071,79,2,16.428317572821737,16.463491504038032,0.03517393121629553,0.29588318549616843,0.0690106579833262,0.027679505853178365,1
44071,79,3,16.428317572821737,16.454075329654078,0.025757756832341272,0.35624606517241997,0.12937353765957774,0.027679505853178365,1
44072,0,1,3.7168836604463587,4.093090839063483,0.37620717861712416,0.16677412732917582,0.0,0.0,0
44072,0,2,3.7168836604463587,4.3208604405194295,0.6039767800730709,0.1799075313064724,0.013133403977296593,0.0,0
44072,0,3,3.7168836604463587,4.502510878246637,0.7856272178002786,0.17350923494724105,0.006735107618065228,0.0,0
44072,1,1,4.188143421956035,5.426915264095759,1.238771842139724,0.09751908816033047,0.020743065231217092,0.0,0
44072,1,2,4.188143421956035,4.848138512264937,0.659995090308902,0.08453791139360262,0.007761888464489233,0.0,0
44072,1,3,4.188143421956035,5.538846166780135,1.3507027448241002,0.07677602292911338,0.0,0.0,0
44072,2,1,1.803540050186728,2.0349454417150463,0.2314053915283183,0.24724700998451402,0.0,0.0,0
44072,2,2,1.803540050186728,2.127942948783507,0.32440289859677884,0.39351873886953065,0.14627172888501663,0.0,0
44072,2,3,1.803540050186728,2.190039157937819,0.38649910775109086,0.3971091788958395,0.1498621689113255,0.0,0
44072,3,1,1.3597673831947752,1.486404204489122,0.12663682129434672,0.21870073182099656,0.0,0.0,0
44072,3,2,1.3597673831947752,1.7975248159969504,0.43775743280217516,0.35542057778800523,0.13671984596700867,0.0,0
44072,3,3,1.3597673831947752,1.8497929342600397,0.49002555106526446,0.3574152103229013,0.13871447850190474,0.0,0
44072,4,1,1.3307920667783015,1.4760114735984202,0.1452194068201187,0.16470590973329527,0.0,0.0,0
44072,4,2,1.3307920667783015,1.634060288794321,0.30326822201601944,0.2740996671225498,0.10939375738925453,0.0,0
44072,4,3,1.3307920667783015,1.6371422448690152,0.30635017809071363,0.2537101925642372,0.08900428283094194,0.0,0
44072,5,1,1.5010690458172493,1.7900886511827736,0.2890196053655243,0.1165563057833742,0.0,0.0,0
44072,5,2,1.5010690458172493,1.9813092740346476,0.4802402282173983,0.27380347177110487,0.15724716598773067,0.0,0
44072,5,3,1.5010690458172493,1.9508698067136059,0.44980076089635657,0.26012186615528615,0.14356556037191195,0.0,0
44072,6,1,1.7484116897258146,1.9254849619578533,0.17707327223203873,0.3371376922139141,0.0,0.006290653709149829,1
44072,6,2,1.7484116897258146,2.108825868114281,0.36041417838846623,0.4583239592645376,0.12118626705062352,0.010714488842073489,1
44072,6,3,1.7484116897258146,2.083575909261324,0.33516421953550957,0.4901090372216342,0.15297134500772008,0.0,0
44072,7,1,2.5202963617933647,2.604371080432574,0.08407471863920923,0.2970936689533316,0.0,0.006290653709149885,1
44072,7,2,2.5202963617933647,2.7498853932783875,0.22958903148502285,0.3956904118840831,0.09859674293075149,0.010714488842073544,1
44072,7,3,2.5202963617933647,2.7442179565341243,0.22392159474075957,0.4617897022266936,0.16469603327336196,0.0,0
44072,8,1,1.2884356326989497,1.564403410439368,0.27596777774041836,0.21430822428592894,0.0,0.006290653709149829,1
44072,8,2,1.2884356326989497,1.586996689991927,0.2985610572929773,0.24490484810787738,0.030596623821948443,0.010714488842073489,1
44072,8,3,1.2884356326989497,1.5948568066519655,0.3064211739530158,0.27115282203244123,0.05684459774651229,0.0,0
44072,9,1,1.7124348439281625,1.8667319549478942,0.15429711101973176,0.31052237700287744,0.0,0.0,0
44072,9,2,1.7124348439281625,2.0802571144007063,0.3678222704725438,0.43778743301070705,0.1272650560078296,0.0,0
44072,9,3,1.7124348439281625,2.097802195025225,0.38536735109706255,0.4279903736283868,0.11746799662550939,0.0,0
44072,10,1,1.4907221752616944,1.6226533612300245,0.1319311859683301,0.2940563599499633,0.0,0.0,0
44072,10,2,1.4907221752616944,1.7841927921335585,0.29347061687186415,0.4283431527049048,0.1342867927549415,0.0,0
44072,10,3,1.4907221752616944,1.7264753531027874,0.23575317784109306,0.4365572489227571,0.14250088897279378,0.0,0
44072,11,1,2.0905231657220122,2.301741886961122,0.2112187212391099,0.12074310981059304,0.0,0.0,0
44072,11,2,2.0905231657220122,2.3757278314772554,0.28520466575524317,0.2730631903999424,0.15232008058934937,0.0,0
44072,11,3,2.0905231657220122,2.320539435185441,0.2300162694634289,0.24894781750589984,0.12820470769530679,0.0,0
44072,12,1,1.4327127820081755,1.5821515102397394,0.1494387282315639,0.18681272728734105,0.0,0.0,0
44072,12,2,1.4327127820081755,1.763866905425742,0.33115412341756656,0.33024851582968817,0.14343578854234712,0.0,0
44072,12,3,1.4327127820081755,1.8611473561364416,0.428434574128266,0.3522554715764711,0.16544274428913003,0.0,0
44072,13,1,1.6972370005326638,1.8292713900450572,0.13203438951239344,0.30221709122635626,0.0,0.0,0
44072,13,2,1.6972370005326638,1.903147710771807,0.2059107102391433,0.4398491106405738,0.13763201941421754,0.0,0
44072,13,3,1.6972370005326638,1.8644884198528555,0.16725141932019172,0.4476568742980585,0.14543978307170224,0.0,0
44072,14,1,1.3871523240892363,1.5069105975944885,0.11975827350525226,0.17507297508377972,0.0,0.0,0
44072,14,2,1.3871523240892363,1.6684278106136792,0.2812754865244429,0.31189913621508236,0.13682616113130264,0.0,0
44072,14,3,1.3871523240892363,1.6067277427037752,0.2195754186145389,0.2949109178362437,0.11983794275246396,0.0,0
44072,15,1,1.5512862688697684,1.7411678258292487,0.18988155695948028,0.11580577497265125,0.0,0.0,0
44072,15,2,1.5512862688697684,2.1294281928120307,0.5781419239422623,0.24967105131963074,0.13386527634697948,0.0,0
44072,15,3,1.5512862688697684,2.2616721401233786,0.7103858712536102,0.233410473595476,0.11760469862282476,0.0,0
44072,16,1,1.7618244398942473,1.8005677695393234,0.0387433296450761,0.16770323502583362,0.0,0.0,0
44072,16,2,1.7618244398942473,1.987844382802031,0.2260199429077836,0.2810701674044351,0.11336693237860146,0.0,0
44072,16,3,1.7618244398942473,1.9703111323827194,0.20848669248847207,0.2844537586901482,0.1167505236643146,0.0,0
44072,17,1,1.2024410665648826,1.3878576850713897,0.18541661850650715,0.24821988925964264,0.0,0.0,0
44072,17,2,1.2024410665648826,1.6737910544989654,0.4713499879340828,0.33719448812772945,0.08897459886808681,0.0,0
44072,17,3,1.2024410665648826,1.5885183880816904,0.38607732151680785,0.34738208518224956,0.09916219592260692,0.0,0
44072,18,1,4.5921227454740405,4.774860436478954,0.18273769100491322,0.35007934464965784,0.0,0.0,0
44072,18,2,4.5921227454740405,4.799051868008217,0.20692912253417628,0.4250996373989336,0.07502029274927574,0.0,0
44072,18,3,4.5921227454740405,4.768835954383788,0.17671320890974762,0.4599967284430902,0.10991738379343235,0.0,0
44072,19,1,1.8094123772513868,1.8571560778519334,0.04774370060054656,0.16083435204755853,0.0,0.0,0
44072,19,2,1.8094123772513868,2.0476716469401692,0.23825926968878242,0.2818009247546503,0.12096657270709177,0.0,0
44072,19,3,1.8094123772513868,2.0109764970948327,0.2015641198434459,0.2742553764488469,0.11342102440128837,0.0,0
44072,20,1,1.1596787284639825,1.3457548603682956,0.18607613190431316,0.2092808393787011,0.0,0.0,0
44072,20,2,1.1596787284639825,1.543665152270031,0.38398642380604864,0.30691925198677117,0.09763841260807007,0.0,0
44072,20,3,1.1596787284639825,1.4753349570144918,0.31565622855050934,0.2961374859619161,0.08685664658321499,0.0,0
44072,21,1,2.556832084915615,2.5935977987695553,0.03676571385394034,0.17083411729050338,0.0,0.0,0
44072,21,2,2.556832084915615,2.7526486187298773,0.19581653381426234,0.24166728300713555,0.07083316571663217,0.009360460109259061,1
44072,21,3,2.556832084915615,2.667717750841313,0.11088566592569782,0.2779570210042202,0.10712290371371683,0.009360460109259061,1
44072,22,1,1.0649585909780652,1.1188133431428953,0.053854752164830044,0.24449041271083785,0.0,0.025538993320178727,1
44072,22,2,1.0649585909780652,1.4674889858958378,0.40253039491777254,0.3890363490752169,0.14454593636437904,0.0,0
44072,22,3,1.0649585909780652,1.439110419481476,0.3741518285034109,0.3899169019963477,0.14542648928550986,0.0,0
44072,23,1,2.327002145523841,2.394277565742839,0.0672754202189978,0.25037860400720396,0.0,0.025538993320178727,1
44072,23,2,2.327002145523841,2.487581579683222,0.1605794341593807,0.3710915447385479,0.12071294073134392,0.0,0
44072,23,3,2.327002145523841,2.4371097243104036,0.11010757878656241,0.3788899904397885,0.12851138643258453,0.0,0
44072,24,1,2.4558198859014206,2.5544291431175297,0.09860925721610903,0.20521781148939755,0.0,0.025538993320178727,1
44072,24,2,2.4558198859014206,2.5583050834071193,0.10248519750569862,0.27092083867530053,0.06570302718590298,0.0,0
44072,24,3,2.4558198859014206,2.616257912941027,0.1604380270396062,0.2956114155065261,0.09039360401712854,0.0,0
44072,25,1,1.6858713313129887,1.8674315078492796,0.18156017653629086,0.21205940243360052,0.0,0.07161752030433438,1
44072,25,2,1.6858713313129887,1.9243851725021497,0.23851384118916097,0.3359924877337636,0.12393308530016309,0.0,0
44072,25,3,1.6858713313129887,2.0001856675609724,0.31431433624798366,0.3682993117397072,0.15623990930610668,0.0,0
44072,26,1,1.1771454707344347,1.3102252743148575,0.13307980358042282,0.20848632981181342,0.0,0.07161752030433438,1
44072,26,2,1.1771454707344347,1.7127528612813996,0.5356073905469649,0.3456740725975097,0.1371877427856963,0.0,0
44072,26,3,1.1771454707344347,1.6532783349994784,0.47613286426504375,0.34842602944180534,0.13993969962999192,0.0,0
44072,27,1,1.222652332433594,1.3532325929767313,0.1305802605431372,0.19563459608798048,0.0,0.07161752030433438,1
44072,27,2,1.222652332433594,1.5706643465318142,0.34801201409822013,0.3127235811141478,0.1170889850261673,0.0,0
44072,27,3,1.222652332433594,1.5268561581785718,0.30420382574497773,0.3069994332724814,0.11136483718450094,0.0,0
44072,28,1,1.7398055952965532,1.8417620327066797,0.1019564374101265,0.12427143817682716,0.0,0.07161752030433437,1
44072,28,2,1.7398055952965532,2.3215471167496,0.5817415214530468,0.1792996913404575,0.055028253163630345,0.0,0
44072,28,3,1.7398055952965532,2.394825828394434,0.6550202330978807,0.1715157365387849,0.047244298361957746,0.0,0
44072,29,1,1.5267695813458728,1.6451409196891542,0.1183713383432814,0.18240119476622,0.0,0.0,0
44072,29,2,1.5267695813458728,2.024384671702345,0.497615090356472,0.30336483263124686,0.12096363786502687,0.0,0
44072,29,3,1.5267695813458728,2.0884944058008457,0.5617248244549728,0.2952438448626216,0.11284265009640163,0.0,0
44072,30,1,2.1611567451033027,2.208937153401554,0.04778040829825114,0.16751589523265653,0.0,0.0,0
44072,30,2,2.1611567451033027,2.3959620549508336,0.2348053098475309,0.280544744871971,0.11302884963931448,0.0,0
44072,30,3,2.1611567451033027,2.3722801326552236,0.21112338755192095,0.26666457362473756,0.09914867839208102,0.0,0
44072,31,1,1.7749301291378672,1.9098273386497155,0.13489720951184836,0.3012932237095344,0.0,0.0,0
44072,31,2,1.7749301291378672,2.071867508600902,0.2969373794630348,0.44282750929567527,0.1415342855861409,0.0,0
44072,31,3,1.7749301291378672,2.074773970109111,0.2998438409712436,0.4233949139152904,0.12210169020575601,0.0,0
44072,32,1,2.102740348368276,2.2440001239550815,0.1412597755868057,0.11330485180646205,0.0,0.0,0
44072,32,2,2.102740348368276,2.4570628864858852,0.3543225381176094,0.26750281316577484,0.1541979613593128,0.0,0
44072,32,3,2.102740348368276,2.449711277209165,0.3469709288408893,0.23723126590163976,0.12392641409517771,0.0,0
44072,33,1,1.2766051376078618,1.4755084438822084,0.1989033062743466,0.19772049706201508,0.0,0.05318335130273347,1
44072,33,2,1.2766051376078618,1.7212837464725612,0.44467860886469945,0.3275659920842867,0.12984549502227163,0.0,0
44072,33,3,1.2766051376078618,1.6545547439277346,0.37794960631987284,0.33415147985900645,0.13643098279699137,0.0,0
44072,34,1,5.551626460186692,5.795207837130866,0.24358137694417437,0.2579532562594701,0.0,0.05318335130273347,1
44072,34,2,5.551626460186692,5.848086596432046,0.2964601362453543,0.36135349083322366,0.10340023457375358,0.0,0
44072,34,3,5.551626460186692,5.8426041388588565,0.2909776786721645,0.404899183374446,0.14694592711497595,0.0,0
44072,35,1,1.3018177082323175,1.4107209295106133,0.10890322127829588,0.14714775999929078,0.0,0.053183351302733446,1
44072,35,2,1.3018177082323175,1.4478670097005981,0.14604930146828066,0.18367791407896641,0.036530154079675636,0.0,0
44072,35,3,1.3018177082323175,1.5629790525147276,0.2611613442824101,0.19484318779295395,0.047695427793663175,0.0,0
44072,36,1,4.52925347810005,4.9596537766605655,0.43040029856051554,0.21955960442761893,0.000719584814687424,0.0,0
44072,36,2,4.52925347810005,4.984761880320618,0.455508402220568,0.22524131858955895,0.006401298976627445,0.0,0
44072,36,3,4.52925347810005,5.684657968612652,1.155404490512602,0.2188400196129315,0.0,0.0,0
44072,37,1,4.555402687936509,4.771756071391657,0.21635338345514832,0.1523499543435475,0.0,0.0,0
44072,37,2,4.555402687936509,4.843845009805936,0.288442321869427,0.16149275657221288,0.00914280222866537,0.0,0
44072,37,3,4.555402687936509,4.943218938392398,0.38781625045588974,0.16328825535437927,0.010938301010831764,0.0,0
44072,38,1,4.4688586292993175,5.531994706974243,1.0631360776749252,0.10204171195100148,0.005692523749432243,0.0,0
44072,38,2,4.4688586292993175,4.90312937946773,0.43427075016841243,0.0972782869994889,0.0009290987979196641,0.0,0
44072,38,3,4.4688586292993175,5.566338639069222,1.097480009769905,0.09634918820156924,0.0,0.0,0
44072,39,1,5.109325904477309,5.6758488169934935,0.5665229125161844,0.07584718207662734,0.0038943610671409307,0.0,0
44072,39,2,5.109325904477309,5.516671603559855,0.4073456990825459,0.07705163041189583,0.005098809402409421,0.0,0
44072,39,3,5.109325904477309,6.089031841393355,0.9797059369160461,0.07195282100948641,0.0,0.0,0
44072,40,1,1.3489896050732735,1.470428788533398,0.1214391834601245,0.16856605900201424,0.0,0.0,0
44072,40,2,1.3489896050732735,1.7712216035134447,0.42223199844017123,0.2946694888755669,0.12610342987355264,0.0,0
44072,40,3,1.3489896050732735,1.7322130473021118,0.3832234422288383,0.2902807728163682,0.12171471381435398,0.0,0
44072,41,1,1.3900884958629711,1.6060166565246263,0.2159281606616552,0.314507869720039,0.0,0.0,0
44072,41,2,1.3900884958629711,1.7281706342612106,0.33808213839823953,0.43107494143320935,0.11656707171317032,0.0,0
44072,41,3,1.3900884958629711,1.656936571887427,0.2668480760244558,0.43834371200978983,0.12383584228975081,0.0,0
44072,42,1,1.3500774399392308,1.560451476880487,0.21037403694125612,0.20476843538453995,0.0,0.0,0
44072,42,2,1.3500774399392308,1.8203076332763277,0.4702301933370969,0.3788341730682919,0.17406573768375197,0.0,0
44072,42,3,1.3500774399392308,1.9530911617636906,0.6030137218244598,0.40489074564124156,0.2001223102567016,0.0,0
44072,43,1,3.336028542071978,3.415634586967228,0.0796060448952498,0.22974218524063247,0.0,0.0,0
44072,43,2,3.336028542071978,3.4907363991629916,0.15470785709101342,0.3032377132962559,0.0734955280556234,0.0,0
44072,43,3,3.336028542071978,3.478165331173863,0.14213678910188499,0.32503027240324034,0.09528808716260787,0.0,0
44072,44,1,3.134190623059366,3.3038248610269165,0.1696342379675504,0.21163864120401388,0.0,0.0,0
44072,44,2,3.134190623059366,3.6326069941417707,0.49841637108240455,0.2733071112249518,0.06166847002093795,0.0,0
44072,44,3,3.134190623059366,3.675514159644865,0.5413235365854989,0.2724148873842933,0.060776246180279436,0.0,0
44072,45,1,1.7579167348275757,1.8663850484160904,0.10846831358851472,0.22159575153667052,0.0,0.0,0
44072,45,2,1.7579167348275757,1.9808213428632446,0.22290460803566892,0.2790938265929471,0.057498075056276604,0.0,0
44072,45,3,1.7579167348275757,2.0254912895645623,0.26757455473698655,0.28692411497015713,0.06532836343348661,0.0,0
44072,46,1,1.9649772927633151,2.1464907981536667,0.1815135053903516,0.1320987827919649,0.0,0.0,0
44072,46,2,1.9649772927633151,2.2068068857252663,0.24182959296195117,0.25630340441331795,0.12420462162135304,0.0,0
44072,46,3,1.9649772927633151,2.179195867531407,0.21421857476809203,0.25284123442025397,0.12074245162828906,0.0,0
44072,47,1,1.3262504836402444,1.5536572604974404,0.2274067768571959,0.30741849511127134,0.0,0.09857073590683108,1
44072,47,2,1.3262504836402444,1.6509442243154524,0.32469374067520795,0.4080768794951123,0.10065838438384095,0.0,0
44072,47,3,1.3262504836402444,1.6888330993457532,0.36258261570550876,0.43295151739500964,0.1255330222837383,0.0,0
44072,48,1,1.3614812575879527,1.475536642966889,0.11405538537893634,0.2602632980221585,0.0,0.09857073590683113,1
44072,48,2,1.3614812575879527,1.5823182219042624,0.22083696431630973,0.36314392053431815,0.10288062251215968,0.0,0
44072,48,3,1.3614812575879527,1.5212396877984564,0.15975843021050373,0.3758069451614706,0.11554364713931214,0.0,0
44072,49,1,1.9326294583716446,2.072169835825377,0.1395403774537325,0.24445343086717408,0.0,0.09857073590683112,1
44072,49,2,1.9326294583716446,2.123245697366521,0.19061623899487623,0.367104686029942,0.12265125516276792,0.0,0
44072,49,3,1.9326294583716446,2.093484792942685,0.1608553345710404,0.38772052917328065,0.14326709830610657,0.0,0
44072,50,1,1.9116551237594384,2.040092707663444,0.1284375839040055,0.2181919174943282,0.0,0.09857073590683113,1
44072,50,2,1.9116551237594384,2.092128965076642,0.18047384131720356,0.3223045466800015,0.10411262918567332,0.0,0
44072,50,3,1.9116551237594384,2.1873936509864587,0.2757385272270203,0.36889685211184514,0.15070493461751694,0.0,0
44072,51,1,3.445603254823297,3.6326309366444853,0.18702768182118845,0.18649811624265053,0.0,0.0,0
44072,51,2,3.445603254823297,3.903539066416235,0.45793581159293817,0.2916788078690218,0.10518069162637125,0.0,0
44072,51,3,3.445603254823297,3.9089016535326797,0.46329839870938283,0.28009445042367553,0.093596334181025,0.0,0
44072,52,1,1.1903389932546307,1.3061995020808017,0.11586050882617105,0.17514119906902165,0.0,0.0,0
44072,52,2,1.1903389932546307,1.4745843888710013,0.28424539561637063,0.2978383106120621,0.12269711154304047,0.0,0
44072,52,3,1.1903389932546307,1.4507952283667997,0.2604562351121691,0.29390532951949716,0.11876413045047551,0.0,0
44072,53,1,1.3708229108472711,1.544755645809504,0.17393273496223283,0.15901908677373006,0.0,0.0,0
44072,53,2,1.3708229108472711,1.7461603571048758,0.3753374462576047,0.280913673085252,0.12189458631152195,0.0,0
44072,53,3,1.3708229108472711,1.8218111777206496,0.45098826687337845,0.2604071385249959,0.10138805175126586,0.0,0
44072,54,1,1.5940813589409202,1.8318699371452571,0.23778857820433696,0.26172577944211517,0.0,0.0,0
44072,54,2,1.5940813589409202,1.9255057168937662,0.33142435795284597,0.40933048452299653,0.14760470508088136,0.0,0
44072,54,3,1.5940813589409202,1.9735920740659796,0.3795107151250594,0.4145861033351592,0.15286032389304405,0.0,0
44072,55,1,1.2209117581082007,1.428500365521654,0.2075886074134532,0.1723938970934074,0.0,0.0,0
44072,55,2,1.2209117581082007,1.6687742198459259,0.44786246173772515,0.2774413629217965,0.10504746582838909,0.0,0
44072,55,3,1.2209117581082007,1.592234042705383,0.3713222845971822,0.269217169963584,0.09682327287017661,0.0,0
44072,56,1,1.4594024233092724,1.5248746322775701,0.06547220896829775,0.19534658349572073,0.0,0.0,0
44072,56,2,1.4594024233092724,1.7054757902144142,0.2460733669051418,0.32094029289319176,0.12559370939747103,0.0,0
44072,56,3,1.4594024233092724,1.6513111483622105,0.1919087250529381,0.3116525537186224,0.11630597022290165,0.0,0
44072,57,1,1.4687431240943654,1.6978592786989282,0.2291161546045628,0.15698717516564314,0.0,0.0,0
44072,57,2,1.4687431240943654,1.861461977522784,0.3927188534284187,0.3208546355232667,0.16386746035762356,0.0,0
44072,57,3,1.4687431240943654,1.9151762961298922,0.4464331720355268,0.31411833704288467,0.15713116187724152,0.0,0
44072,58,1,1.5878319154493346,1.6803669168260966,0.09253500137676207,0.16011523456619361,0.0,0.0,0
44072,58,2,1.5878319154493346,1.9461006422533926,0.3582687268040581,0.27287811476411994,0.11276288019792632,0.0,0
44072,58,3,1.5878319154493346,1.907561009942878,0.31972909449354336,0.25896596087359264,0.09885072630739902,0.0,0
44072,59,1,1.1406527203377665,1.3165636448064288,0.1759109244686623,0.17991430365986252,0.0,0.0,0
44072,59,2,1.1406527203377665,1.5308894269795192,0.3902367066417527,0.29403127916582,0.11411697550595748,0.0,0
44072,59,3,1.1406527203377665,1.4546475620644261,0.3139948417266596,0.28215359692368036,0.10223929326381784,0.0,0
44072,60,1,1.7669097296595582,1.9762010424924057,0.20929131283284752,0.12012505342264544,0.0,0.0,0
44072,60,2,1.7669097296595582,2.0523016033945054,0.28539187373494723,0.2683154848632046,0.14819043144055916,0.0,0
44072,60,3,1.7669097296595582,2.0080960881250642,0.24118635846550607,0.2451709569745685,0.12504590355192308,0.0,0
44072,61,1,2.7580478937503212,2.8112960100321582,0.05324811628183701,0.21626671921778975,0.0,0.07305669104079882,1
44072,61,2,2.7580478937503212,2.944831997873134,0.18678410412281288,0.28554689137867967,0.06928017216088991,0.054684215198351094,1
44072,61,3,2.7580478937503212,3.003921638570629,0.24587374482030766,0.34384541582293654,0.12757869660514679,0.0,0
44072,62,1,2.2603464335739085,2.3034077732004787,0.043061339626570216,0.21527312204496174,0.0,0.08778680960032181,1
44072,62,2,2.2603464335739085,2.4349363989290436,0.17458996535513505,0.29139129775784695,0.0761181757128852,0.05468421519835104,1
44072,62,3,2.2603464335739085,2.3902001116911107,0.12985367811720216,0.31397845218177173,0.09870533013680999,0.0,0
44072,63,1,1.7624738661940687,1.943777275941923,0.1813034097478543,0.17130898627577817,0.0,0.08778680960032181,1
44072,63,2,1.7624738661940687,1.9743397723842064,0.2118659061901378,0.24466520578271805,0.07335621950693988,0.054684215198351066,1
44072,63,3,1.7624738661940687,2.051833685298263,0.28935981910419417,0.2800408698005247,0.10873188352474655,0.0,0
44072,64,1,1.4942423631548576,1.5396327014621447,0.045390338307287115,0.1760028203798609,0.0,0.0,0
44072,64,2,1.4942423631548576,1.7657214776994543,0.2714791145445967,0.2768975617408205,0.10089474136095958,0.0,0
44072,64,3,1.4942423631548576,1.744965719831353,0.2507233566764955,0.2625951542544916,0.0865923338746307,0.0,0
44072,65,1,5.385398828698529,5.697366034241601,0.31196720554307245,0.2675039889813051,0.0,0.0678752860319062,1
44072,65,2,5.385398828698529,5.7071149848978315,0.3217161561993027,0.3602892413191776,0.09278525233787249,0.0,0
44072,65,3,5.385398828698529,5.7376829982719,0.3522841695733714,0.3879063919504375,0.1204024029691324,0.0,0
44072,66,1,10.67819837700485,10.847376611323119,0.1691782343182684,0.24886570636021674,0.0,0.0678752860319062,1
44072,66,2,10.67819837700485,10.84759678813542,0.16939841113056886,0.30584838920839313,0.0569826828481764,0.0,0
44072,66,3,10.67819837700485,10.856431624874189,0.17823324786933803,0.34103582434889923,0.09217011798868249,0.0,0
44072,67,1,1.4449836869650166,1.6581733250047186,0.21318963803970203,0.1796900025260106,0.0,0.0678752860319062,1
44072,67,2,1.4449836869650166,1.7540027708495274,0.3090190838845108,0.25039977342182895,0.07070977089581834,0.0,0
44072,67,3,1.4449836869650166,1.948043938255037,0.5030602512900204,0.2921356362007664,0.11244563367475577,0.0,0
44072,68,1,1.5220205965140003,1.565990738116097,0.04397014160209656,0.2539112246623808,0.0,0.0,0
44072,68,2,1.5220205965140003,1.7455415746190035,0.22352097810500315,0.39321862250422224,0.13930739784184143,0.0,0
44072,68,3,1.5220205965140003,1.7067364157180314,0.18471581920403102,0.40362727744173227,0.14971605277935146,0.0,0
44072,69,1,1.7943625703666999,1.8919241661226303,0.09756159575593037,0.16173524843120968,0.0,0.0,0
44072,69,2,1.7943625703666999,2.1126765316527845,0.3183139612860846,0.2875705329227327,0.12583528449152304,0.0,0
44072,69,3,1.7943625703666999,2.067113116076564,0.272750545709864,0.27957366036088355,0.11783841192967387,0.0,0
44072,70,1,0.9756691161276223,1.13799219173976,0.16232307561213766,0.283737468748573,0.0,0.0,0
44072,70,2,0.9756691161276223,1.2580042807054408,0.2823351645778185,0.4152669981271735,0.13152952937860052,0.0,0
44072,70,3,0.9756691161276223,1.2319597693460955,0.2562906532184732,0.4041141622805211,0.12037669353194813,0.0,0
44072,71,1,20.7951846075271,20.807501095850487,0.0123164883233855,0.19928839501028134,0.0,0.0022249596750470446,0
44072,71,2,20.7951846075271,20.817025585274617,0.02184097774751592,0.2283035971802139,0.029015202169932558,0.0,0
44072,71,3,20.7951846075271,20.813751643367667,0.018567035840565183,0.24726722857620903,0.04797883356592769,0.0192602330472611,1
44072,72,1,23.554973494285047,23.57091152644204,0.015938032156991966,0.20155103547208644,0.0,0.0,0
44072,72,2,23.554973494285047,23.57770862769476,0.022735133409714336,0.21679516305068472,0.015244127578598277,0.038340846291923164,1
44072,72,3,23.554973494285047,23.57302639696783,0.0180529026827827,0.2274204904300487,0.02586945495796225,0.025296930450429328,1
44072,73,1,23.796406607857712,23.870654126302867,0.07424751844515498,0.17565929483623138,0.015831536475676006,0.013043915841493864,1
44072,73,2,23.796406607857712,23.892694563914855,0.09628795605714302,0.15982775836055538,0.0,0.0,0
44072,73,3,23.796406607857712,23.825937503538757,0.029530895681045166,0.18963933676293784,0.029811578402382466,0.019080613244662106,1
44072,74,1,22.14783705510922,22.159427608395017,0.011590553285795835,0.08656286346078992,0.0,0.0,0
44072,74,2,22.14783705510922,22.19156864268427,0.04373158757504925,0.10954470754919136,0.02298184408840144,0.0190806132446621,1
44072,74,3,22.14783705510922,22.16616488066291,0.018327825553690502,0.15340475228235007,0.06684188882156014,0.0190806132446621,1
44072,75,1,39.38265923353609,39.395825274482334,0.013166040946245516,0.15045499824105124,0.0,0.002360174033377571,0
44072,75,2,39.38265923353609,39.40854524125753,0.02588600772143934,0.21176770221355262,0.06131270397250138,0.0,0
44072,75,3,39.38265923353609,39.400131739742065,0.0174725062059764,0.21997021593616078,0.06951521769510954,0.009591855961091994,1
44072,76,1,40.7793598460641,40.798006158143295,0.018646312079198424,0.15068477106885206,0.0,0.0,0
44072,76,2,40.7793598460641,40.8095325321848,0.03017268612070012,0.203717714163359,0.05303294309450693,0.009591855961091966,1
44072,76,3,40.7793598460641,40.795363076048254,0.016003229984157485,0.20692143516188172,0.05623666409302966,0.018517655817705703,1
44072,77,1,11.812269885013153,11.821461545427477,0.009191660414323621,0.15794243880939005,0.0,0.0,0
44072,77,2,11.812269885013153,11.866482362245023,0.05421247723186973,0.22867062430406057,0.07072818549467053,0.03416283681817513,1
44072,77,3,11.812269885013153,11.839802994914303,0.027533109901149544,0.258156102168179,0.10021366335878898,0.06151598472544692,1
44072,78,1,16.05264801295976,16.059966319166925,0.007318306207164227,0.21959286628367647,0.0,0.0,0
44072,78,2,16.05264801295976,16.104820947998046,0.05217293503828557,0.28960073213849025,0.07000786585481378,0.027353147907271797,1
44072,78,3,16.05264801295976,16.105226227659468,0.05257821469970736,0.3543737630402777,0.1347808967566012,0.027353147907271797,1
44073,0,1,3.3556428345034597,4.687204176431893,1.331561341928433,0.12173594303145907,0.011076247767355912,0.0,0
44073,0,2,3.3556428345034597,3.9147040234686203,0.5590611889651607,0.11750329576206828,0.006843600497965119,0.0,0
44073,0,3,3.3556428345034597,4.509682472414568,1.154039637911108,0.11065969526410316,0.0,0.0,0
44073,1,1,1.7850835421235953,1.9735501624101706,0.18846662028657524,0.2748106789493439,0.0,0.0,0
44073,1,2,1.7850835421235953,1.9846267184399662,0.19954317631637086,0.4458012319366598,0.1709905529873159,0.0,0
44073,1,3,1.7850835421235953,2.0491191428842006,0.2640356007606053,0.5005279026283113,0.22571722367896735,0.0,0
44073,2,1,1.3565199749297008,1.444141156527381,0.08762118159768018,0.24854154488678198,0.0,0.0,0
44073,2,2,1.3565199749297008,1.6080238307040033,0.25150385577430256,0.38691824571347816,0.13837670082669618,0.0,0
44073,2,3,1.3565199749297008,1.731409604699731,0.37488962977003015,0.4230803676331098,0.17453882274632782,0.0,0
44073,3,1,1.3296379127892326,1.4681699071436976,0.13853199435446495,0.17537216694632146,0.0,0.0,0
44073,3,2,1.3296379127892326,1.7387144516144062,0.4090765388251736,0.31030132150789963,0.13492915456157817,0.0,0
44073,3,3,1.3296379127892326,1.7771239127943368,0.4474860000051042,0.2981182407077677,0.12274607376144625,0.0,0
44073,4,1,1.5055991756030442,1.7313445538267527,0.22574537822370844,0.1245487420709678,0.0,0.0,0
44073,4,2,1.5055991756030442,1.8001695344348108,0.2945703588317665,0.2953469042075153,0.1707981621365475,0.0,0
44073,4,3,1.5055991756030442,1.890092951980805,0.3844937763777607,0.3120127906376848,0.18746404856671697,0.0,0
44073,5,1,1.7005744431378644,1.8330481898482531,0.1324737467103887,0.3700200373624399,0.0,0.010579948317906318,1
44073,5,2,1.7005744431378644,1.8749103856571288,0.17433594251926432,0.5112730678626192,0.1412530305001793,0.013435279846132131,1
44073,5,3,1.7005744431378644,2.017888812887404,0.31731436974953975,0.5843043687499018,0.2142843313874619,0.0,0
44073,6,1,2.517863800957539,2.61512861287794,0.0972648119204007,0.2974736170693204,0.0,0.010579948317906207,1
44073,6,2,2.517863800957539,2.7031801049967847,0.1853163040392456,0.43832240289648805,0.14084878582716764,0.013435279846132131,1
44073,6,3,2.517863800957539,2.642793437730769,0.12492963677322999,0.4963375319535505,0.1988639148842301,0.0,0
44073,7,1,1.2413458208797474,1.3442765989088041,0.1029307780290567,0.17357999549913608,0.0,0.010579948317906235,1
44073,7,2,1.2413458208797474,1.3882037706564319,0.14685794977668443,0.21008423155266975,0.03650423605353367,0.013435279846132131,1
44073,7,3,1.2413458208797474,1.5171412879923736,0.27579546711262615,0.253828542127496,0.08024854662835992,0.0,0
44073,8,1,1.710978032008697,1.7924272349989792,0.08144920299028224,0.3301302840599222,0.0,0.0,0
44073,8,2,1.710978032008697,1.823720975155047,0.11274294314635003,0.4780418030900459,0.14791151903012373,0.0,0
44073,8,3,1.710978032008697,1.8348315217265836,0.12385348971788668,0.5266028310786696,0.1964725470187474,0.0,0
44073,9,1,1.4752460168173758,1.5688567133850146,0.09361069656763887,0.325516647230541,0.0,0.0,0
44073,9,2,1.4752460168173758,1.6694611469890532,0.19421513017167746,0.5032753423996422,0.1777586951691012,0.0,0
44073,9,3,1.4752460168173758,1.599980767821831,0.12473475100445519,0.5423569763930525,0.21684032916251145,0.0,0
44073,10,1,2.0997973175599114,2.1793796387031446,0.07958232114323316,0.1733833363764744,0.0,0.0,0
44073,10,2,2.0997973175599114,2.2398949538289625,0.14009763626905114,0.3234401236239863,0.15005678724751187,0.0,0
44073,10,3,2.0997973175599114,2.277504795613251,0.17770747805333942,0.3380605455413087,0.1646772091648343,0.0,0
44073,11,1,1.423770957572933,1.4829456980224416,0.059174740449508656,0.23474011328933514,0.0,0.0,0
44073,11,2,1.423770957572933,1.5705312043483386,0.14676024677540567,0.35641759788311034,0.1216774845937752,0.0,0
44073,11,3,1.423770957572933,1.6438992309976819,0.22012827342474894,0.37988180574167185,0.1451416924523367,0.0,0
44073,12,1,1.6642428214864182,1.7764786302484907,0.11223580876207251,0.33829698960778926,0.0,0.0,0
44073,12,2,1.6642428214864182,1.851516181678764,0.18727336019234575,0.5099596847448574,0.17166269513706817,0.0,0
44073,12,3,1.6642428214864182,1.8117925617266835,0.14754974024026524,0.5542196988471376,0.21592270923934836,0.0,0
44073,13,1,1.3785298882705816,1.4442203613108568,0.0656904730402752,0.19907938600576058,0.0,0.0,0
44073,13,2,1.3785298882705816,1.620674150045333,0.24214426177475135,0.3436795382639283,0.1446001522581677,0.0,0
44073,13,3,1.3785298882705816,1.6665633295647921,0.2880334412942105,0.34538134326289893,0.14630195725713835,0.0,0
44073,14,1,1.550022786858142,1.6776547166728861,0.12763192981474414,0.13057185563796872,0.0,0.0,0
44073,14,2,1.550022786858142,1.7954419340224164,0.24541914716427438,0.3057865845589216,0.17521472892095288,0.0,0
44073,14,3,1.550022786858142,1.8009584883084144,0.25093570145027244,0.32571511217859206,0.19514325654062334,0.0,0
44073,15,1,1.752695983219812,1.7706377836574103,0.01794180043759841,0.2219549350370865,0.0,0.0,0
44073,15,2,1.752695983219812,1.8898944472882835,0.13719846406847158,0.3378978120734939,0.1159428770364074,0.0,0
44073,15,3,1.752695983219812,1.9134070559106555,0.16071107269084361,0.35972598565246605,0.13777105061537956,0.0,0
44073,16,1,1.195853223615463,1.3452406709244749,0.14938744730901177,0.25251205051882347,0.0,0.0,0
44073,16,2,1.195853223615463,1.397190857325234,0.20133763370977098,0.34935647774234907,0.0968444272235256,0.0,0
44073,16,3,1.195853223615463,1.510593115075016,0.31473989145955295,0.38673701269880056,0.1342249621799771,0.0,0
44073,17,1,4.555268198831415,4.75280239719863,0.1975341983672152,0.3801956849532619,0.0,0.0,0
44073,17,2,4.555268198831415,4.765855853999297,0.21058765516788203,0.4610911209994849,0.08089543604622301,0.0,0
44073,17,3,4.555268198831415,4.725924775128552,0.17065657629713638,0.5264821517058462,0.14628646675258433,0.0,0
44073,18,1,1.7937747764170737,1.8226092568611818,0.02883448044410808,0.20768753677170465,0.0,0.0,0
44073,18,2,1.7937747764170737,1.9980141904099817,0.20423941399290801,0.33513922267081403,0.12745168589910938,0.0,0
44073,18,3,1.7937747764170737,2.01624517986471,0.22247040344763613,0.34145105546632154,0.1337635186946169,0.0,0
44073,19,1,1.1760782589422067,1.344322941252172,0.16824468230996525,0.22096130086166565,0.0,0.0,0
44073,19,2,1.1760782589422067,1.6472751358353304,0.4711968768931236,0.33327242677626184,0.11231112591459619,0.0,0
44073,19,3,1.1760782589422067,1.7227461767643937,0.5466679178221869,0.32822663087658993,0.10726533001492428,0.0,0
44073,20,1,2.495554786599513,2.553643315880611,0.0580885292810982,0.19639773472886282,0.0,0.0,0
44073,20,2,2.495554786599513,2.815119882224128,0.3195650956246152,0.24379934256224967,0.047401607833386844,0.012400773543373433,1
44073,20,3,2.495554786599513,2.6024677327099512,0.10691294611043833,0.3193008731294206,0.1229031384005578,0.012400773543373433,1
44073,21,1,1.0619144015138242,1.1137128300843397,0.05179842857051553,0.2762979116952429,0.0,0.025847306859648422,1
44073,21,2,1.0619144015138242,1.1196324782292413,0.057718076715417066,0.4450676059014519,0.16876969420620896,0.0,0
44073,21,3,1.0619144015138242,1.1252915629182882,0.06337716140446403,0.49616188111703163,0.2198639694217887,0.0,0
44073,22,1,2.2574014445767423,2.3245822659811504,0.06718082140440806,0.26775078908501876,0.0,0.025847306859648422,1
44073,22,2,2.2574014445767423,2.389773005922796,0.13237156134605366,0.39431022069789884,0.12655943161288008,0.0,0
44073,22,3,2.2574014445767423,2.470863627995944,0.21346218341920187,0.4190922747406829,0.15134148565566413,0.0,0
44073,23,1,2.4029616921156047,2.490456767694818,0.08749507557921321,0.18349528722230046,0.0,0.025847306859648422,1
44073,23,2,2.4029616921156047,2.4971440936392066,0.09418240152360191,0.2418320530495715,0.05833676582727104,0.0,0
44073,23,3,2.4029616921156047,2.585093904460551,0.18213221234494625,0.28514475176593035,0.10164946454362989,0.0,0
44073,24,1,1.6229538508723806,1.7218734471644286,0.09891959629204794,0.24416683416116014,0.0,0.07211720271215127,1
44073,24,2,1.6229538508723806,1.7638508210721071,0.14089697019972647,0.36716903984062776,0.12300220567946762,0.0,0
44073,24,3,1.6229538508723806,1.8126619405841986,0.18970808971181796,0.40718153414059605,0.1630146999794359,0.0,0
44073,25,1,1.1764668111790662,1.2727520984922425,0.09628528731317632,0.2531582209733557,0.0,0.07211720271215127,1
44073,25,2,1.1764668111790662,1.361227288832021,0.18476047765295478,0.3948767160692982,0.14171849509594248,0.0,0
44073,25,3,1.1764668111790662,1.4682870953835387,0.2918202842044726,0.42281771119310524,0.16965949021974952,0.0,0
44073,26,1,1.2335419893036992,1.3243303242960944,0.09078833499239525,0.19784289109699027,0.0,0.07211720271215129,1
44073,26,2,1.2335419893036992,1.4263635062688436,0.19282151696514438,0.3322429701393339,0.13440007904234363,0.0,0
44073,26,3,1.2335419893036992,1.5805332314414464,0.34699124213774724,0.34006554330855143,0.14222265221156116,0.0,0
44073,27,1,1.7397405204371583,1.8219599614119404,0.08221944097478207,0.11104188236700473,0.0,0.07211720271215129,1
44073,27,2,1.7397405204371583,1.903840363717202,0.1640998432800438,0.14707563254425912,0.036033750177254395,0.0,0
44073,27,3,1.7397405204371583,1.9938293396100115,0.2540888191728532,0.1576491378337829,0.04660725546677817,0.0,0
44073,28,1,1.5335967467686522,1.5704314566234927,0.0368347098548405,0.22702682918698597,0.0,0.0,0
44073,28,2,1.5335967467686522,1.6398259695927195,0.10622922282406733,0.354774428967639,0.12774759978065303,0.0,0
44073,28,3,1.5335967467686522,1.6797804801195177,0.14618373335086554,0.37807539935600726,0.1510485701690213,0.0,0
44073,29,1,2.1726225040061435,2.1902716260386192,0.017649122032475706,0.21090180226873892,0.0,0.0,0
44073,29,2,2.1726225040061435,2.2918730943501333,0.11925059034398977,0.32903613819050576,0.11813433592176684,0.0,0
44073,29,3,2.1726225040061435,2.2723945276647206,0.09977202365857707,0.3326026842617026,0.12170088199296367,0.0,0
44073,30,1,1.75721310985668,1.8265629689395613,0.06934985908288138,0.3066713142500026,0.0,0.0,0
44073,30,2,1.75721310985668,1.837650973883429,0.08043786402674913,0.46435074012440486,0.15767942587440226,0.0,0
44073,30,3,1.75721310985668,1.807351281470804,0.05013817161412404,0.5182861537732765,0.21161483952327387,0.0,0
44073,31,1,2.096698224915643,2.2148033532655123,0.1181051283498693,0.12632455675124518,0.0,0.0,0
44073,31,2,2.096698224915643,2.291131186300873,0.19443296138523003,0.2992438491027121,0.17291929235146694,0.0,0
44073,31,3,2.096698224915643,2.237943650328178,0.14124542541253504,0.31318862499074546,0.18686406823950028,0.0,0
44073,32,1,1.271890775622381,1.4154343211733633,0.14354354555098237,0.2250732082298842,0.0,0.05366999926071439,1
44073,32,2,1.271890775622381,1.5832601395948984,0.31136936397251747,0.35214906319776357,0.12707585496787938,0.0,0
44073,32,3,1.271890775622381,1.70494637049506,0.4330555948726791,0.3779541542885636,0.1528809460586794,0.0,0
44073,33,1,5.5268533806194045,5.814320827579353,0.2874674469599485,0.2746953721092278,0.0,0.053669999260714404,1
44073,33,2,5.5268533806194045,5.753250506682485,0.22639712606308038,0.40620672338778746,0.13151135127855967,0.0,0
44073,33,3,5.5268533806194045,5.872177527843064,0.34532414722365967,0.4602529116675665,0.1855575395583387,0.0,0
44073,34,1,1.2487505709121334,1.3284136308366294,0.07966305992449607,0.13142197920688165,0.0,0.053669999260714404,1
44073,34,2,1.2487505709121334,1.3749171822271036,0.1261666113149702,0.16084260381772628,0.02942062461084463,0.0,0
44073,34,3,1.2487505709121334,1.458213240514119,0.20946266960198567,0.1760935475298233,0.04467156832294167,0.0,0
44073,35,1,3.571799895844257,4.024118232574244,0.452318336729987,0.21806040957129905,0.0005488912697659276,0.0,0
44073,35,2,3.571799895844257,3.986745586116862,0.4149456902726052,0.22452320202382386,0.007011683722290746,0.0,0
44073,35,3,3.571799895844257,4.670653603130476,1.098853707286219,0.21751151830153312,0.0,0.0,0
44073,36,1,3.5555560124671617,3.7537942092185865,0.19823819675142484,0.16256080777523124,0.0,0.0,0
44073,36,2,3.5555560124671617,3.8747853009562085,0.31922928848904686,0.16743027026875196,0.004869462493520715,0.0,0
44073,36,3,3.5555560124671617,4.050061764733779,0.4945057522666172,0.16981270590718892,0.007251898131957674,0.0,0
44073,37,1,3.5809612440727188,4.794223002245859,1.2132617581731404,0.10285103154278408,0.006914530248866457,0.0,0
44073,37,2,3.5809612440727188,4.515914652997532,0.9349534089248133,0.09593650129391762,0.0,0.0,0
44073,37,3,3.5809612440727188,4.312558044636934,0.7315968005642155,0.09715994082618107,0.0012234395322634484,0.0,0
44073,38,1,4.711232035282919,5.028862335567384,0.31763030028446515,0.08052042819153639,0.002259779741864268,0.0,0
44073,38,2,4.711232035282919,5.059179482193036,0.34794744691011736,0.08438846789581494,0.006127819446142824,0.0,0
44073,38,3,4.711232035282919,5.601290153757271,0.8900581184743519,0.07826064844967212,0.0,0.0,0
44073,39,1,1.326922928118222,1.4055752628508102,0.07865233473258826,0.20980632181497813,0.0,0.0,0
44073,39,2,1.326922928118222,1.6134422743366705,0.28651934621844855,0.33519764904812704,0.1253913272331489,0.0,0
44073,39,3,1.326922928118222,1.6939117878721663,0.36698885975394435,0.3442606216313356,0.13445429981635745,0.0,0
44073,40,1,1.3636027535159743,1.519004540112118,0.15540178659614368,0.3542157637720045,0.0,0.0,0
44073,40,2,1.3636027535159743,1.5274207435801537,0.1638179900641794,0.5090265036166075,0.15481073984460303,0.0,0
44073,40,3,1.3636027535159743,1.5094219669102305,0.1458192133942562,0.5485392814048363,0.19432351763283184,0.0,0
44073,41,1,1.326605162554089,1.3807524278886223,0.0541472653345334,0.22315607694733122,0.0,0.0,0
44073,41,2,1.326605162554089,1.4327626950407972,0.10615753248670834,0.3867423023380248,0.1635862253906936,0.0,0
44073,41,3,1.326605162554089,1.4354996924888372,0.10889452993474835,0.4565380269456384,0.23338194999830716,0.0,0
44073,42,1,3.3533847139599473,3.424505678368027,0.07112096440807969,0.28253052843395055,0.0,0.0,0
44073,42,2,3.3533847139599473,3.459233610415391,0.1058488964554436,0.368386365492421,0.08585583705847044,0.0,0
44073,42,3,3.3533847139599473,3.598398926901544,0.24501421294159664,0.3714047790062685,0.08887425057231796,0.0,0
44073,43,1,3.0980680249986654,3.2924408327614345,0.1943728077627691,0.26312455895023723,0.0,0.0,0
44073,43,2,3.0980680249986654,3.5849316131300135,0.4868635881313481,0.3550593265236303,0.09193476757339308,0.0,0
44073,43,3,3.0980680249986654,3.8891579829585616,0.7910899579598962,0.33769164417142716,0.07456708522118993,0.0,0
44073,44,1,1.7203270765633296,1.8164309449930793,0.09610386842974972,0.2596038534916775,0.0,0.0,0
44073,44,2,1.7203270765633296,2.147408001884879,0.4270809253215493,0.3473372231639619,0.08773336967228434,0.0,0
44073,44,3,1.7203270765633296,2.223904508459248,0.5035774318959185,0.3399184118667496,0.08031455837507206,0.0,0
44073,45,1,1.9644587803054925,2.016317349845351,0.051858569539858346,0.18713961498782372,0.0,0.0,0
44073,45,2,1.9644587803054925,2.1622362755795566,0.19777749527406407,0.3130439733592049,0.1259043583713812,0.0,0
44073,45,3,1.9644587803054925,2.17133005429542,0.20687127398992744,0.33860960193944994,0.15146998695162622,0.0,0
44073,46,1,1.326101208463561,1.437250103290106,0.11114889482654489,0.33309237716967116,0.0,0.09987836859326094,1
44073,46,2,1.326101208463561,1.4399030648432753,0.1138018563797143,0.4731154281593585,0.14002305098968731,0.0,0
44073,46,3,1.326101208463561,1.4991041983734945,0.17300298990993346,0.5467903967767427,0.21369801960707152,0.0,0
44073,47,1,1.3294996801476673,1.4404639932039802,0.11096431305631294,0.2978600236146556,0.0,0.09987836859326096,1
44073,47,2,1.3294996801476673,1.4973949848532555,0.16789530470558822,0.419123193159089,0.12126316954443345,0.0,0
44073,47,3,1.3294996801476673,1.5798913114053859,0.25039163125771857,0.45104600525042265,0.15318598163576708,0.0,0
44073,48,1,1.8989100433051038,2.0082048446195566,0.1092948013144528,0.265813614946932,0.0,0.09987836859326096,1
44073,48,2,1.8989100433051038,2.033893952674513,0.13498390936940918,0.43078174839205496,0.16496813344512296,0.0,0
44073,48,3,1.8989100433051038,2.068276389181901,0.1693663458767971,0.4972389831745935,0.23142536822766147,0.0,0
44073,49,1,1.8725979709007088,1.9577485014524378,0.08515053055172905,0.17528312212419794,0.0,0.09987836859326096,1
44073,49,2,1.8725979709007088,2.039178722269876,0.16658075136916728,0.2829516519143258,0.10766852979012786,0.0,0
44073,49,3,1.8725979709007088,2.2105906887164246,0.3379927178157158,0.3763359001460044,0.20105277802180643,0.0,0
44073,50,1,3.3926205649144037,3.589881981789278,0.1972614168748743,0.22880662121195514,0.0,0.0,0
44073,50,2,3.3926205649144037,3.8769688330887995,0.4843482681743958,0.34712575066921614,0.118319129457261,0.0,0
44073,50,3,3.3926205649144037,3.9785590806847795,0.5859385157703758,0.342620888377352,0.11381426716539686,0.0,0
44073,51,1,1.1718368487512518,1.2394149527543736,0.06757810400312181,0.21957659018160025,0.0,0.0,0
44073,51,2,1.1718368487512518,1.56568797265391,0.3938511239026581,0.3430014446014394,0.12342485441983914,0.0,0
44073,51,3,1.1718368487512518,1.6207371100760266,0.4489002613247748,0.3500001721555369,0.13042358197393666,0.0,0
44073,52,1,1.3694845417285484,1.486092868629186,0.11660832690063772,0.1789586124140004,0.0,0.0,0
44073,52,2,1.3694845417285484,1.620548061321881,0.2510635195933326,0.3040326915670074,0.125074079153007,0.0,0
44073,52,3,1.3694845417285484,1.793220102679658,0.42373556095110954,0.31044428270063323,0.13148567028663283,0.0,0
44073,53,1,1.5683500215060764,1.7831475827623873,0.2147975612563109,0.28213743721456264,0.0,0.0,0
44073,53,2,1.5683500215060764,1.7551941083646359,0.18684408685855947,0.45687263332113787,0.17473519610657523,0.0,0
44073,53,3,1.5683500215060764,1.941614791430461,0.3732647699243845,0.5266685821662813,0.24453114495171868,0.0,0
44073,54,1,1.2109424381170917,1.3518239131043854,0.14088147498729375,0.2077833515066533,0.0,0.0,0
44073,54,2,1.2109424381170917,1.6547648312512748,0.44382239313418315,0.3247395329944329,0.11695618148777961,0.0,0
44073,54,3,1.2109424381170917,1.6831359928782004,0.4721935547611087,0.3222059543681873,0.11442260286153397,0.0,0
44073,55,1,1.4446934104252076,1.4728323863017936,0.02813897587658598,0.2143729756645203,0.0,0.0,0
44073,55,2,1.4446934104252076,1.666315979862231,0.2216225694370233,0.3389208312043101,0.12454785553978981,0.0,0
44073,55,3,1.4446934104252076,1.6878603857456849,0.24316697532047726,0.3424122542995924,0.12803927863507208,0.0,0
44073,56,1,1.4677142870911468,1.59353983160118,0.12582554451003314,0.18953540444885003,0.0,0.0,0
44073,56,2,1.4677142870911468,1.6843914205004098,0.21667713340926298,0.3647841700368537,0.17524876558800367,0.0,0
44073,56,3,1.4677142870911468,1.8430652235943952,0.37535093650324836,0.396686873062082,0.20715146861323197,0.0,0
44073,57,1,1.6011981885304223,1.6529072374415392,0.05170904891111694,0.19869577741215239,0.0,0.0,0
44073,57,2,1.6011981885304223,1.9329826348458101,0.33178444631538784,0.31491272437101325,0.11621694695886087,0.0,0
44073,57,3,1.6011981885304223,1.9683229715032486,0.36712478297282636,0.3094396356502885,0.1107438582381361,0.0,0
44073,58,1,1.1219814600051363,1.2440370397468088,0.12205557974167247,0.21212920777481148,0.0,0.0,0
44073,58,2,1.1219814600051363,1.5912986241498022,0.46931716414466584,0.3485191948380936,0.13638998706328215,0.0,0
44073,58,3,1.1219814600051363,1.5996860921692935,0.47770463216415715,0.34629847803105,0.13416927025623854,0.0,0
44073,59,1,1.779320489730789,1.8364018357976097,0.05708134606682069,0.17418385623194396,0.0,0.0,0
44073,59,2,1.779320489730789,1.9790031511186736,0.1996826613878846,0.31761733906789874,0.14343348283595478,0.0,0
44073,59,3,1.779320489730789,2.011946167088735,0.23262567735794581,0.318716892422112,0.14453303619016802,0.0,0
44073,60,1,2.199520430285143,2.2554560147014278,0.055935584416284545,0.2458318471160376,0.0,0.09118281046190368,1
44073,60,2,2.199520430285143,2.3183505409899543,0.11883011070481109,0.3411469560502058,0.0953151089341682,0.05674239464360886,1
44073,60,3,2.199520430285143,2.3048748919172235,0.10535446163208029,0.3880733946072169,0.14224154749117932,0.0,0
44073,61,1,1.7666901897207712,1.9178640745555309,0.1511738848347597,0.17238414274521266,0.0,0.09118281046190368,1
44073,61,2,1.7666901897207712,2.0574028195651026,0.29071262984433144,0.24938513499571482,0.07700099225050216,0.05674239464360886,1
44073,61,3,1.7666901897207712,2.0141415645560583,0.24745137483528712,0.29692279957414824,0.12453865682893558,0.0,0
44073,62,1,1.485606792081743,1.518584607450088,0.032977815368344876,0.21554705406308594,0.0,0.0,0
44073,62,2,1.485606792081743,1.7859991014781333,0.3003923093963903,0.3158910268439696,0.10034397278088364,0.0,0
44073,62,3,1.485606792081743,1.7861017047611452,0.3004949126794021,0.3136394629833197,0.09809240892023374,0.0,0
44073,63,1,5.373114122850295,5.685578898943694,0.31246477609339873,0.31394321059263924,0.0,0.068302013414484,1
44073,63,2,5.373114122850295,5.606115996927865,0.23300187407756923,0.397886606350273,0.08394339575763377,0.0,0
44073,63,3,5.373114122850295,5.788569759760283,0.41545563690998755,0.4595527591284289,0.14560954853578967,0.0,0
44073,64,1,10.730709279551984,10.90557873028204,0.17486945073005522,0.28577235637227016,0.0,0.068302013414484,1
44073,64,2,10.730709279551984,10.879442054270225,0.14873277471824053,0.36078044321571673,0.07500808684344656,0.0,0
44073,64,3,10.730709279551984,10.99719108825054,0.26648180869855587,0.3828125614802614,0.09704020510799122,0.0,0
44073,65,1,1.368021501752488,1.576257500326247,0.20823599857375896,0.18410532914849065,0.0,0.068302013414484,1
44073,65,2,1.368021501752488,1.6606346233810114,0.2926131216285235,0.24925716163791628,0.06515183248942563,0.0,0
44073,65,3,1.368021501752488,2.015994186264495,0.6479726845120071,0.311682489246302,0.12757716009781134,0.0,0
44073,66,1,1.5149229641857855,1.572445303702381,0.057522339516595355,0.29589005803575386,0.0,0.0,0
44073,66,2,1.5149229641857855,1.5715051799851874,0.056582215799401814,0.4647449969818808,0.16885493894612696,0.0,0
44073,66,3,1.5149229641857855,1.627713342627633,0.11279037844184736,0.5180683431419707,0.22217828510621684,0.0,0
44073,67,1,1.7762840611398918,1.8148732157855214,0.03858915464562962,0.2088520843845741,0.0,0.0,0
44073,67,2,1.7762840611398918,1.9870614754821774,0.21077741434228559,0.33444675164120496,0.12559466725663088,0.0,0
44073,67,3,1.7762840611398918,1.9923222115183428,0.21603815037845098,0.3394049528446052,0.1305528684600311,0.0,0
44073,68,1,0.9826072482521397,1.0834044131113236,0.10079716485918389,0.28088985040487935,0.0,0.0,0
44073,68,2,0.9826072482521397,1.1024017881609238,0.11979453990878408,0.43099208734383504,0.1501022369389557,0.0,0
44073,68,3,0.9826072482521397,1.161225265806557,0.1786180175544172,0.4691294517913229,0.18823960138644358,0.0,0
44073,69,1,1.215383341440301,1.2922880201072684,0.07690467866696737,0.21083452772180739,0.0,0.024687612530065073,1
44073,69,2,1.215383341440301,1.5753176787787049,0.35993433733840385,0.32939840252382036,0.11856387480201297,0.0,0
44073,69,3,1.215383341440301,1.596199210649242,0.38081586920894095,0.34092685517566396,0.13009232745385657,0.0,0
44073,70,1,1.317659782827791,1.4282043025769113,0.11054451974912038,0.23241261154296414,0.0,0.024687612530065045,1
44073,70,2,1.317659782827791,1.5552649663747846,0.23760518354699367,0.3421603153968847,0.10974770385392055,0.0,0
44073,70,3,1.317659782827791,1.6786690153577317,0.36100923252994077,0.37203807439296643,0.1396254628500023,0.0,0
44073,71,1,2.118697155070628,2.181185601468774,0.0624884463981461,0.12452904770517478,0.0,0.02468761253006506,1
44073,71,2,2.118697155070628,2.2143518172733776,0.09565466220274965,0.1548771010797171,0.030348053374542328,0.0,0
44073,71,3,2.118697155070628,2.2469331168976963,0.1282359618270683,0.16752951656186513,0.043000468856690344,0.0,0
44073,72,1,18.475072758856818,18.486722602100382,0.011649843243564106,0.20352150839618482,0.0,0.0010230557220490266,0
44073,72,2,18.475072758856818,18.5104959776736,0.03542321881678134,0.2324138237903653,0.028892315394180468,0.0,0
44073,72,3,18.475072758856818,18.507436186831704,0.032363427974885894,0.24707461469798994,0.04355310630180512,0.01845136308411871,1
44073,73,1,21.57648836485935,21.587943655062016,0.011455290202665225,0.19964380401219614,0.0,0.0,0
44073,73,2,21.57648836485935,21.614738886683924,0.03825052182457256,0.21533874032177178,0.015694936309575636,0.0372395368162107,1
44073,73,3,21.57648836485935,21.617426482010792,0.040938117151441134,0.2171419401116631,0.01749813609946696,0.025291582494935322,1
44073,74,1,21.909041781540655,21.940538516186354,0.031496734645699576,0.15496766882746707,0.0,0.01194795432127542,1
44073,74,2,21.909041781540655,21.9522545634103,0.043212781869645056,0.1588508824033671,0.0038832135759000186,0.0,0
44073,74,3,21.909041781540655,21.970557317512885,0.06151553597223014,0.18047462484755417,0.025506956020087096,0.018788173732092017,1
44073,75,1,19.986373596219405,20.01135225516765,0.024978658948246135,0.06962119492910476,0.0,0.0,0
44073,75,2,19.986373596219405,20.03893786754788,0.05256427132847463,0.09404388951453518,0.02442269458543042,0.01878817373209201,1
44073,75,3,19.986373596219405,20.047165217765972,0.06079162154656714,0.10808113580436586,0.0384599408752611,0.01878817373209201,1
44073,76,1,33.95484652697807,33.959073232932916,0.004226705954842203,0.14504400706605236,0.0,0.0035912436708094575,0
44073,76,2,33.95484652697807,33.97763044935629,0.022783922378216914,0.20821747416587194,0.06317346709981958,0.0,0
44073,76,3,33.95484652697807,33.96979428612061,0.014947759142536654,0.2183201365794825,0.07327612951343013,0.010141600421887553,1
44073,77,1,35.62352459763633,35.6265558345933,0.0030312369569642783,0.1497335152982704,0.0,0.0,0
44073,77,2,35.62352459763633,35.64358252176246,0.020057924126128057,0.205676624337767,0.05594310903949662,0.010141600421887553,1
44073,77,3,35.62352459763633,35.635354539106416,0.011829941470082872,0.21426886612320803,0.06453535082493764,0.020385560209692982,1
44073,78,1,11.80518568814957,11.81650483786541,0.011319149715840027,0.1984269003172576,0.0,0.0,0
44073,78,2,11.80518568814957,11.879608926101765,0.07442323795219608,0.25713736185725894,0.05871046154000134,0.03410748037531265,1
44073,78,3,11.80518568814957,11.825695867511186,0.02051017936161692,0.32065608102930365,0.12222918071204605,0.060288689899255565,1
44073,79,1,16.04492405054579,16.05318134611221,0.008257295566419742,0.2350331579220638,0.0,0.0,0
44073,79,2,16.04492405054579,16.11200989745606,0.06708584691026687,0.28634267422018794,0.051309516298124136,0.026181209523942924,1
44073,79,3,16.04492405054579,16.06534690967803,0.02042285913223907,0.3769785539405733,0.14194539601850947,0.026181209523942924,1
44074,0,1,1.7513941019846673,1.9617106232625012,0.21031652127783396,0.20247482800215505,0.0,0.007467394201015443,1
44074,0,2,1.7513941019846673,2.0175926915061466,0.26619858952147935,0.25707081658350506,0.05459598858135001,0.011732106097176592,1
44074,0,3,1.7513941019846673,2.0676693514837847,0.31627524949911745,0.28575855690789204,0.08328372890573699,0.0,0
44074,1,1,1.534937487483873,1.620055380975058,0.08511789349118493,0.28047316200038014,0.0,0.0,0
44074,1,2,1.534937487483873,1.9267175045273945,0.3917800170435215,0.41237368491111037,0.13190052291073023,0.0,0
44074,1,3,1.534937487483873,1.9299683393582832,0.3950308518744101,0.40883615059573974,0.1283629885953596,0.0,0
44074,2,1,1.4445038301506747,1.4959457489415597,0.051441918790885,0.25549658346061355,0.0,0.0,0
44074,2,2,1.4445038301506747,1.6699368569028308,0.22543302675215604,0.40409747561077186,0.14860089215015831,0.0,0
44074,2,3,1.4445038301506747,1.6795081056746965,0.2350042755240218,0.4012052884330792,0.14570870497246563,0.0,0
44074,3,1,1.847064934538303,1.9648312096249168,0.11776627508661375,0.1612432987146372,0.0,0.0,0
44074,3,2,1.847064934538303,1.9852658362750646,0.13820090173676158,0.346077014640514,0.1848337159258768,0.0,0
44074,3,3,1.847064934538303,1.9731085540671682,0.12604361952886523,0.30695230120139283,0.14570900248675564,0.0,0
44074,4,1,1.382070456853942,1.4644966997406403,0.08242624288669842,0.23632498083153003,0.0,0.0,0
44074,4,2,1.382070456853942,1.5434000753991843,0.16132961854524241,0.37129350006154016,0.13496851923001013,0.0,0
44074,4,3,1.382070456853942,1.632980586116502,0.2509101292625602,0.38188693996119966,0.14556195912966963,0.0,0
44074,5,1,1.610311708863735,1.7306902132348903,0.12037850437115516,0.2628120430626333,0.0,0.0,0
44074,5,2,1.610311708863735,1.9595840363835593,0.3492723275198242,0.425736507675509,0.16292446461287574,0.0,0
44074,5,3,1.610311708863735,1.9128864620863895,0.30257475322265437,0.4274260687349953,0.164614025672362,0.0,0
44074,6,1,1.2312474872840213,1.3071300286915382,0.07588254140751682,0.19016672855205122,0.0,0.0,0
44074,6,2,1.2312474872840213,1.3360062199575466,0.10475873267352531,0.3540769189651242,0.163910190413073,0.0,0
44074,6,3,1.2312474872840213,1.3753395079143171,0.1440920206302958,0.3141852152518803,0.1240184866998291,0.0,0
44074,7,1,1.5409349158831727,1.6619285880336718,0.12099367215049917,0.13279170970316867,0.0,0.0,0
44074,7,2,1.5409349158831727,1.9838859713173413,0.4429510554341687,0.345832002130713,0.21304029242754435,0.0,0
44074,7,3,1.5409349158831727,1.8993782233101317,0.35844330742695907,0.3316225176183588,0.19883080791519014,0.0,0
44074,8,1,2.414994406019616,2.6963461699059925,0.2813517638863767,0.3175903169827209,0.0,0.0,0
44074,8,2,2.414994406019616,2.8045012959798354,0.38950688996021965,0.4419455347483735,0.12435521776565261,0.0,0
44074,8,3,2.414994406019616,2.809411866349417,0.3944174603298012,0.4619980432119134,0.1444077262291925,0.0,0
44074,9,1,1.8498785684505556,1.895922960614067,0.046044392163511416,0.21979415119092643,0.0,0.0,0
44074,9,2,1.8498785684505556,1.9519177785154107,0.10203921006485506,0.33228161944852797,0.11248746825760153,0.0,0
44074,9,3,1.8498785684505556,1.9403844616357653,0.09050589318520963,0.31815357475890926,0.09835942356798283,0.0,0
44074,10,1,1.34043728952713,1.485772254076676,0.1453349645495461,0.23940130955818228,0.0,0.0,0
44074,10,2,1.34043728952713,1.7512947827093286,0.41085749318219866,0.34375530890794226,0.10435399934975997,0.0,0
44074,10,3,1.34043728952713,1.711144708944954,0.37070741941782415,0.3398259900655484,0.10042468050736614,0.0,0
44074,11,1,4.357179810021766,4.744426914876691,0.3872471048549251,0.41875226550094335,0.0,0.0,0
44074,11,2,4.357179810021766,4.680899886662604,0.32372007664083835,0.45533677399007577,0.03658450848913242,0.0,0
44074,11,3,4.357179810021766,4.672782441573423,0.31560263155165735,0.4703064116438904,0.051554146142947066,0.0,0
44074,12,1,1.7542897427702602,1.7827384491423413,0.02844870637208108,0.21277192097330985,0.0,0.0,0
44074,12,2,1.7542897427702602,1.9038920703113984,0.14960232754113822,0.3237598601311935,0.11098793915788366,0.0,0
44074,12,3,1.7542897427702602,1.909585541224703,0.15529579845444275,0.31098340581275896,0.09821148483944911,0.0,0
44074,13,1,1.1043992902337258,1.1729444466461234,0.06854515641239756,0.22808780125235148,0.0,0.0,0
44074,13,2,1.1043992902337258,1.2061709881454887,0.10177169791176288,0.3766187274633215,0.14853092621097,0.0,0
44074,13,3,1.1043992902337258,1.2654284848267205,0.1610291945929947,0.34867443216257205,0.12058663091022057,0.0,0
44074,14,1,2.5654076281765343,2.77658738804332,0.2111797598667855,0.29117507394383396,0.0,0.0,0
44074,14,2,2.5654076281765343,2.90813061383366,0.34272298565712545,0.3962943015170556,0.10511922757322162,0.01439123013059157,1
44074,14,3,2.5654076281765343,3.1134256512699636,0.5480180230934293,0.45532799201914853,0.16415291807531457,0.01439123013059157,1
44074,15,1,1.0238358096161835,1.0741334453400515,0.05029763572386803,0.25583707518484616,0.0,0.024461843840644953,1
44074,15,2,1.0238358096161835,1.4109310104809965,0.38709520086481297,0.3815092637226906,0.12567218853784445,0.0,0
44074,15,3,1.0238358096161835,1.3945126992283399,0.3706768896121564,0.3887273699762915,0.13289029479144532,0.0,0
44074,16,1,2.206170418447356,2.3380519926082473,0.1318815741608912,0.2571852835955033,0.0,0.024461843840644953,1
44074,16,2,2.206170418447356,2.547497731391605,0.3413273129442489,0.3790917479262195,0.12190646433071622,0.0,0
44074,16,3,2.206170418447356,2.4543429910436734,0.2481725725963173,0.38424233466648366,0.12705705107098036,0.0,0
44074,17,1,2.392120449773888,2.4614455670500224,0.06932511727613422,0.21000416878696157,0.0,0.024461843840644953,1
44074,17,2,2.392120449773888,2.5822067360019623,0.1900862862280741,0.31912139598037903,0.10911722719341746,0.0,0
44074,17,3,2.392120449773888,2.5734395836240087,0.18131913385012055,0.3380739734667777,0.12806980467981613,0.0,0
44074,18,1,1.829251188366856,2.0316279414775904,0.20237675311073433,0.28019625179639623,0.0,0.07199668141372653,1
44074,18,2,1.829251188366856,2.1375940600634045,0.3083428716965484,0.4405965010148692,0.16040024921847296,0.0,0
44074,18,3,1.829251188366856,2.1137826375980446,0.28453144923118856,0.4585867309672696,0.17839047917087336,0.0,0
44074,19,1,1.1529435849813043,1.188250114483044,0.035306529501739625,0.2422148125943796,0.0,0.0719966814137265,1
44074,19,2,1.1529435849813043,1.64346191092663,0.49051832594532563,0.3630685710450676,0.12085375845068802,0.0,0
44074,19,3,1.1529435849813043,1.658868487330969,0.5059249023496646,0.3703208413863074,0.12810602879192778,0.0,0
44074,20,1,1.2509294413677068,1.3920645908674139,0.14113514949970707,0.1896020765567176,0.0,0.07199668141372653,1
44074,20,2,1.2509294413677068,1.4717592787907356,0.22082983742302886,0.3185182968795212,0.12891622032280362,0.0,0
44074,20,3,1.2509294413677068,1.6383095980641826,0.38738015669647585,0.2873393080606601,0.0977372315039425,0.0,0
44074,21,1,1.9545308316509922,2.0524677522310792,0.09793692058008707,0.1143413253363502,0.0,0.0719966814137265,1
44074,21,2,1.9545308316509922,2.5303100142085038,0.5757791825575116,0.16608925242563466,0.051747927089284454,0.0,0
44074,21,3,1.9545308316509922,2.5352399301515,0.5807090985005079,0.16526519322253644,0.05092386788618623,0.0,0
44074,22,1,1.4116171437752723,1.500134796720993,0.08851765294572078,0.21957093667645308,0.0,0.0,0
44074,22,2,1.4116171437752723,1.856050338536687,0.44443319476141485,0.3454315696061022,0.12586063292964914,0.0,0
44074,22,3,1.4116171437752723,1.9614318926339742,0.549814748858702,0.3221489704992558,0.1025780338228027,0.0,0
44074,23,1,1.9540895614773348,1.9715020935525753,0.017412532075240517,0.21679687912385698,0.0,0.0,0
44074,23,2,1.9540895614773348,1.9784360360062998,0.02434647452896499,0.35227343089094026,0.1354765517670833,0.0,0
44074,23,3,1.9540895614773348,2.025572421474684,0.07148285999734916,0.3216150976354063,0.10481821851154932,0.0,0
44074,24,1,1.7519186606834367,1.8305283236222767,0.07860966293883997,0.24898297717568982,0.0,0.0,0
44074,24,2,1.7519186606834367,1.9607465556915336,0.20882789500809684,0.40263555377763083,0.153652576601941,0.0,0
44074,24,3,1.7519186606834367,2.046681319561304,0.29476265887786735,0.37436549663677976,0.12538251946108994,0.0,0
44074,25,1,2.0027798025416788,2.0836782328669865,0.08089843032530775,0.13061926191180045,0.0,0.0,0
44074,25,2,2.0027798025416788,2.240190130571866,0.23741032803018713,0.3072629134990875,0.17664365158728706,0.0,0
44074,25,3,2.0027798025416788,2.297040200856782,0.2942603983151031,0.2705075394978494,0.13988827758604894,0.0,0
44074,26,1,1.4349971869669764,1.5051284011530208,0.0701312141860444,0.22691675658380084,0.0,0.05418212040982534,1
44074,26,2,1.4349971869669764,1.8995173401003023,0.46452015313332584,0.31542984241382294,0.0885130858300221,0.0,0
44074,26,3,1.4349971869669764,1.8496885791873077,0.41469139222033125,0.32689966185647107,0.09998290527267023,0.0,0
44074,27,1,5.28034909772483,5.482177907287994,0.20182880956316396,0.2549179145132493,0.0,0.05418212040982534,1
44074,27,2,5.28034909772483,5.543530804794722,0.26318170706989186,0.31325110803471096,0.05833319352146166,0.0,0
44074,27,3,5.28034909772483,5.522273706646649,0.24192460892181877,0.35972750326030906,0.10480958874705976,0.0,0
44074,28,1,1.4613934113641354,1.5836790312830042,0.12228561991886888,0.147721007233811,0.0,0.054182120409825334,1
44074,28,2,1.4613934113641354,1.7020098420984404,0.24061643073430505,0.20070542262154298,0.052984415387731965,0.0,0
44074,28,3,1.4613934113641354,1.7930640084213678,0.33167059705723245,0.210389622423936,0.06266861519012498,0.0,0
44074,29,1,2.845180193474332,3.1532506710973216,0.30807047762298945,0.21200041731020042,0.0,0.0,0
44074,29,2,2.845180193474332,3.2709983686347157,0.42581817516038356,0.21293633548886728,0.0009359181786668669,0.0,0
44074,29,3,2.845180193474332,3.6413795716905795,0.7961993782162473,0.21379043692860472,0.0017900196184043038,0.0,0
44074,30,1,2.943481030566798,3.185974601459398,0.24249357089259993,0.16328178757571782,0.0,0.0,0
44074,30,2,2.943481030566798,3.2519890762470256,0.3085080456802274,0.17086142602343685,0.007579638447719028,0.0,0
44074,30,3,2.943481030566798,3.539410449766622,0.5959294191998237,0.17330003885945508,0.010018251283737262,0.0,0
44074,31,1,2.932000146610452,4.089119142665177,1.1571189960547246,0.09841937829469101,0.00589153247766265,0.0,0
44074,31,2,2.932000146610452,3.46546761925853,0.5334674726480779,0.09470881223865464,0.002180966421626282,0.0,0
44074,31,3,2.932000146610452,3.7112265330030447,0.7792263863925926,0.09252784581702836,0.0,0.0,0
44074,32,1,4.313591393404108,5.322788058809211,1.0091966654051028,0.06590074257044075,0.0015147746491228214,0.0,0
44074,32,2,4.313591393404108,4.922386564935487,0.6087951715313791,0.06438596792131793,0.0,0.0,0
44074,32,3,4.313591393404108,4.7361718419344365,0.4225804485303284,0.06544951492558045,0.001063547004262519,0.0,0
44074,33,1,1.1843102686608158,1.2189274350049726,0.03461716634415679,0.21254209042351932,0.0,0.0,0
44074,33,2,1.1843102686608158,1.3594514614025592,0.17514119274174345,0.3378445145841165,0.1253024241605972,0.0,0
44074,33,3,1.1843102686608158,1.420404764174939,0.23609449551412331,0.3207121481569335,0.10817005773341418,0.0,0
44074,34,1,1.3379733946197483,1.390671337480978,0.05269794286122975,0.27528004096821757,0.0,0.0,0
44074,34,2,1.3379733946197483,1.5824463934000168,0.2444729987802685,0.40687561853040777,0.1315955775621902,0.0,0
44074,34,3,1.3379733946197483,1.5875327473082643,0.24955935268851603,0.4028850010696277,0.12760496010141015,0.0,0
44074,35,1,1.5523273336677699,1.688395800586634,0.1360684669188641,0.16716138673371472,0.0,0.0,0
44074,35,2,1.5523273336677699,1.8719816837681378,0.3196543501003679,0.30328984296884887,0.13612845623513414,0.0,0
44074,35,3,1.5523273336677699,1.8794946047142027,0.32716727104643284,0.29687490969790453,0.1297135229641898,0.0,0
44074,36,1,3.2103456542788273,3.2774618007507454,0.0671161464719181,0.2589500644427285,0.0,0.0,0
44074,36,2,3.2103456542788273,3.524874442537262,0.31452878825843467,0.37116873749955015,0.11221867305682165,0.0,0
44074,36,3,3.2103456542788273,3.533003532272005,0.3226578779931777,0.3631277212124047,0.10417765676967622,0.0,0
44074,37,1,2.996634634841401,3.1421249098650392,0.1454902750236382,0.2521798433713218,0.0,0.0,0
44074,37,2,2.996634634841401,3.398735403578847,0.40210076873744605,0.3635567246762376,0.1113768813049158,0.0,0
44074,37,3,2.996634634841401,3.3747360824714674,0.37810144763006637,0.35203625112593867,0.09985640775461685,0.0,0
44074,38,1,1.623594859329619,1.7438572157711683,0.12026235644154926,0.25942656506903405,0.0,0.0,0
44074,38,2,1.623594859329619,1.8097263652224207,0.1861315058928017,0.38820358237212343,0.12877701730308938,0.0,0
44074,38,3,1.623594859329619,1.852219586767032,0.2286247274374129,0.36684490800661623,0.10741834293758218,0.0,0
44074,39,1,1.7153810613813056,1.852742139027177,0.13736107764587135,0.17064312579499746,0.0,0.0,0
44074,39,2,1.7153810613813056,1.9259085281103387,0.2105274667290331,0.36559618074166983,0.19495305494667237,0.0,0
44074,39,3,1.7153810613813056,1.8807727719821243,0.1653917106008187,0.32771128390892057,0.1570681581139231,0.0,0
44074,40,1,1.2970090828739365,1.4247405096586025,0.1277314267846661,0.28044231252281415,0.0,0.09939858515428357,1
44074,40,2,1.2970090828739365,1.4761524792376999,0.17914339636376342,0.43778387712992795,0.1573415646071138,0.0,0
44074,40,3,1.2970090828739365,1.6754752513920472,0.37846616851811077,0.4792517102776349,0.19880939775482076,0.0,0
44074,41,1,1.2826545013376096,1.5471655373245652,0.2645110359869556,0.27125254149252,0.0,0.09939858515428354,1
44074,41,2,1.2826545013376096,1.7987437976677296,0.51608929633012,0.40164390917478393,0.13039136768226395,0.0,0
44074,41,3,1.2826545013376096,1.8511037269717499,0.5684492256341402,0.4216982444295922,0.1504457029370722,0.0,0
44074,42,1,1.9091771099337027,2.088340842844069,0.17916373291036614,0.20584809086503472,0.0,0.09939858515428353,1
44074,42,2,1.9091771099337027,2.346128306144032,0.4369511962103294,0.37384106645987264,0.16799297559483792,0.0,0
44074,42,3,1.9091771099337027,2.364754974081533,0.4555778641478301,0.38402883555843137,0.17818074469339665,0.0,0
44074,43,1,2.0896717492227452,2.170136493022952,0.08046474380020685,0.20406432841790492,0.0,0.09939858515428354,1
44074,43,2,2.0896717492227452,2.359296106343515,0.2696243571207697,0.3467519865093756,0.1426876580914707,0.0,0
44074,43,3,2.0896717492227452,2.360896214042314,0.27122446481956874,0.3787885127023874,0.17472418428448247,0.0,0
44074,44,1,3.347105711899212,3.541753285041824,0.19464757314261183,0.2240056262643617,0.0,0.0,0
44074,44,2,3.347105711899212,3.8148972767075535,0.4677915648083415,0.33354187534821483,0.10953624908385312,0.0,0
44074,44,3,3.347105711899212,3.798636753399587,0.4515310415003748,0.3208462192065887,0.09684059294222697,0.0,0
44074,45,1,1.107302172879372,1.1401192771951874,0.032817104315815415,0.21729578457422727,0.0,0.0,0
44074,45,2,1.107302172879372,1.193015827462722,0.08571365458335012,0.34919702911921,0.13190124454498275,0.0,0
44074,45,3,1.107302172879372,1.269569524868189,0.16226735198881714,0.32245791570420584,0.10516213112997858,0.0,0
44074,46,1,1.2604015534069772,1.4299460506561763,0.16954449724919907,0.15200706436525785,0.0,0.0,0
44074,46,2,1.2604015534069772,1.6225444486315141,0.3621428952245369,0.2830186118787691,0.13101154751351124,0.0,0
44074,46,3,1.2604015534069772,1.7860631651065924,0.5256616116996151,0.2544129565188373,0.10240589215357943,0.0,0
44074,47,1,1.3319994271302416,1.3902438681814,0.058244441051158446,0.2587998345586757,0.0,0.0,0
44074,47,2,1.3319994271302416,1.876319053136037,0.5443196260057954,0.3889863530157185,0.13018651845704277,0.0,0
44074,47,3,1.3319994271302416,1.923160625021,0.5911611978907585,0.38682733619066273,0.128027501631987,0.0,0
44074,48,1,0.8738989059499194,0.9115255982310513,0.03762669228113191,0.21324742619835593,0.0,0.0,0
44074,48,2,0.8738989059499194,1.036306469880584,0.16240756393066458,0.3474018065501339,0.13415438035177799,0.0,0
44074,48,3,0.8738989059499194,1.14096198094232,0.26706307499240056,0.32351736411986903,0.1102699379215131,0.0,0
44074,49,1,1.2408382131223443,1.288505772831274,0.047667559708929774,0.2263246319260354,0.0,0.0,0
44074,49,2,1.2408382131223443,1.3070789283809527,0.06624071525860842,0.37425140143677,0.14792676951073458,0.0,0
44074,49,3,1.2408382131223443,1.3459229887740691,0.1050847756517248,0.34214902663615815,0.11582439471012274,0.0,0
44074,50,1,1.4232865373216737,1.487901196464331,0.0646146591426573,0.1712835435651241,0.0,0.0,0
44074,50,2,1.4232865373216737,1.485638666816671,0.062352129494997355,0.3388758058552081,0.167592262290084,0.0,0
44074,50,3,1.4232865373216737,1.6223644979179657,0.19907796059629201,0.33786575763395876,0.16658221406883467,0.0,0
44074,51,1,1.3275860495698035,1.3637470011919235,0.03616095162211996,0.2097827203983518,0.0,0.0,0
44074,51,2,1.3275860495698035,1.4833084382462196,0.15572238867641608,0.3344695449362874,0.12468682453793559,0.0,0
44074,51,3,1.3275860495698035,1.5554250820109548,0.22783903244115122,0.31376965629064074,0.10398693589228894,0.0,0
44074,52,1,0.896913306777185,0.9303921451574174,0.03347883838023247,0.2168099025533159,0.0,0.0,0
44074,52,2,0.896913306777185,1.0371187255950665,0.1402054188178815,0.3562688431481075,0.13945894059479158,0.0,0
44074,52,3,0.896913306777185,1.1330365266216724,0.23612321984448748,0.33611701998430976,0.11930711743099387,0.0,0
44074,53,1,1.5526445539882485,1.6600035029731512,0.10735894898490272,0.1627816174995043,0.0,0.0,0
44074,53,2,1.5526445539882485,1.6916700194851746,0.13902546549692607,0.3447742558436919,0.18199263834418763,0.0,0
44074,53,3,1.5526445539882485,1.6893802118429675,0.13673565785471897,0.30235788680492076,0.13957626930541647,0.0,0
44074,54,1,2.288182952668328,2.3583732627050376,0.07019031003670939,0.19903245404135314,0.0,0.0874912413595979,1
44074,54,2,2.288182952668328,2.558919585677109,0.2707366330087808,0.3006629378091662,0.10163048376781306,0.05511885385539489,1
44074,54,3,2.288182952668328,2.5266587185260234,0.23847576585769525,0.31284864650908745,0.1138161924677343,0.0,0
44074,55,1,1.9951639829310341,2.133025035002631,0.13786105207159682,0.12745845131920014,0.0,0.08749124135959785,1
44074,55,2,1.9951639829310341,2.186843865499401,0.191679882568367,0.24616578048930468,0.11870732917010454,0.05511885385539486,1
44074,55,3,1.9951639829310341,2.21350762592041,0.21834364298937592,0.27865304987075334,0.1511945985515532,0.0,0
44074,56,1,1.3872869087166169,1.414919735812418,0.02763282709580106,0.21366006671770815,0.0,0.0,0
44074,56,2,1.3872869087166169,1.442972713720891,0.055685805004274114,0.3421691998805181,0.12850913316280993,0.0,0
44074,56,3,1.3872869087166169,1.490802840745203,0.10351593202858611,0.31561488225507667,0.10195481553736851,0.0,0
44074,57,1,5.0541219964166135,5.265622681004234,0.2115006845876204,0.23090410677262826,0.0,0.0688238485791142,1
44074,57,2,5.0541219964166135,5.405705445739606,0.3515834493229928,0.2763625282403199,0.04545842146769166,0.0,0
44074,57,3,5.0541219964166135,5.42903892496033,0.3749169285437164,0.3325221284218963,0.10161802164926806,0.0,0
44074,58,1,10.209378633920869,10.342783560560779,0.13340492663991022,0.27129557843590196,0.0,0.06882384857911422,1
44074,58,2,10.209378633920869,10.381784597943033,0.17240596402216468,0.3286532472989524,0.05735766886305044,0.0,0
44074,58,3,10.209378633920869,10.508401579912626,0.29902294599175683,0.37595363933164105,0.10465806089573909,0.0,0
44074,59,1,1.542094772866082,1.6438792879504731,0.10178451508439101,0.1261429440806407,0.0,0.06882384857911422,1
44074,59,2,1.542094772866082,1.759815653566455,0.217720880700373,0.19409665987222877,0.06795371579158807,0.0,0
44074,59,3,1.542094772866082,1.8698393940595028,0.32774462119342074,0.24058351830645133,0.11444057422581064,0.0,0
44074,60,1,1.4588777919692728,1.4849894984658774,0.026111706496604548,0.2588552770748469,0.0,0.0,0
44074,60,2,1.4588777919692728,1.7169563115956454,0.2580785196263726,0.3927169723890141,0.1338616953141672,0.0,0
44074,60,3,1.4588777919692728,1.6985576300599725,0.2396798380906997,0.39279773485461766,0.13394245777977076,0.0,0
44074,61,1,1.6567790269116511,1.6877294942421242,0.03095046733047302,0.21178191472816896,0.0,0.0,0
44074,61,2,1.6567790269116511,1.8052299147239814,0.1484508878123303,0.3288319617298141,0.11705004700164515,0.0,0
44074,61,3,1.6567790269116511,1.8351179524407342,0.17833892552908304,0.3165879698256836,0.10480605509751464,0.0,0
44074,62,1,0.9828651623881506,1.1470879484166798,0.16422278602852924,0.265349182177879,0.0,0.0,0
44074,62,2,0.9828651623881506,1.6124906312039244,0.6296254688157739,0.41249626794885813,0.14714708577097912,0.0,0
44074,62,3,0.9828651623881506,1.612205664612183,0.6293405022240324,0.4127221451548772,0.1473729629769982,0.0,0
44074,63,1,1.2658795130606444,1.3203348559663388,0.054455342905694426,0.2144668561892749,0.0,0.023749146357020356,1
44074,63,2,1.2658795130606444,1.452894623417365,0.18701511035672058,0.3398034071604726,0.12533655097119767,0.0,0
44074,63,3,1.2658795130606444,1.4916729210974413,0.22579340803679693,0.3198716405796561,0.1054047843903812,0.0,0
44074,64,1,1.9213828255922227,2.024402599738095,0.10301977414587227,0.20661130542879896,0.0,0.023749146357020384,1
44074,64,2,1.9213828255922227,2.2693174733953225,0.3479346478030998,0.26804025117242664,0.06142894574362767,0.0,0
44074,64,3,1.9213828255922227,2.207869528455966,0.28648670286374345,0.28157437882991476,0.0749630734011158,0.0,0
44074,65,1,2.3688208133466464,2.4712416765307075,0.10242086318406107,0.13839576016651114,0.0,0.02374914635702037,1
44074,65,2,2.3688208133466464,2.8474652025064446,0.47864438915979823,0.19887059384966907,0.060474833683157925,0.0,0
44074,65,3,2.3688208133466464,2.787727188695311,0.4189063753486648,0.19760357092225045,0.059207810755739304,0.0,0
44074,66,1,1.2560576548183229,1.2796757854925214,0.02361813067419849,0.24740963290512782,0.0,0.0,0
44074,66,2,1.2560576548183229,1.481079516994788,0.22502186217646503,0.3797294465060904,0.1323198136009626,0.0,0
44074,66,3,1.2560576548183229,1.4818210116666477,0.22576335684832483,0.3821819230533799,0.13477229014825207,0.0,0
44074,67,1,1.0947646639177004,1.1294517291497062,0.03468706523200571,0.2151498939653316,0.0,0.0,0
44074,67,2,1.0947646639177004,1.198337363899436,0.10357269998173546,0.3430136481463237,0.12786375418099208,0.0,0
44074,67,3,1.0947646639177004,1.2786631651849807,0.18389850126728025,0.31516809039406213,0.10001819642873053,0.0,0
44074,68,1,1.8213058891105214,1.8913582811052891,0.07005239199476776,0.16449335576207816,0.0,0.0,0
44074,68,2,1.8213058891105214,1.9618992690549035,0.14059337994438215,0.34129832017625067,0.1768049644141725,0.0,0
44074,68,3,1.8213058891105214,1.9773997443040527,0.15609385519353136,0.30727365739775925,0.1427803016356811,0.0,0
44074,69,1,13.294005775205756,13.313873817095304,0.019868041889548493,0.1970200443585403,0.0,0.0,0
44074,69,2,13.294005775205756,13.436720631807196,0.14271485660144023,0.23092043347452712,0.033900389115986806,0.005734465279555921,1
44074,69,3,13.294005775205756,13.342520658667144,0.048514883461388436,0.2797212336284824,0.08270118926994208,0.005734465279555921,1
44074,70,1,16.775801897235677,16.799076443996213,0.023274546760536197,0.18677516485477727,0.0,0.0005384209207543178,0
44074,70,2,16.775801897235677,16.817791500839274,0.04198960360359649,0.2221584633359187,0.03538329848114144,0.0,0
44074,70,3,16.775801897235677,16.82598406757439,0.05018217033871153,0.24079330555286266,0.05401814069808539,0.018016192827549488,1
44074,71,1,20.152752234785833,20.175541180220485,0.02278894543465171,0.20477709435174138,0.0,0.0,0
44074,71,2,20.152752234785833,20.23072164069346,0.07796940590762702,0.2131003619386824,0.008323267586941019,0.03742188458117997,1
44074,71,3,20.152752234785833,20.181380554473304,0.028628319687470594,0.23977496377355262,0.03499786942181124,0.02568924084780501,1
44074,72,1,20.42720655170691,20.467032595362262,0.039826043655352805,0.16090621334276523,0.0,0.011732643733374973,1
44074,72,2,20.42720655170691,20.551149487694346,0.12394293598743644,0.16280726955365563,0.0019010562108904006,0.0,0
44074,72,3,20.42720655170691,20.50404943623264,0.07684288452573185,0.1890414421855214,0.028135228842756183,0.01940569175363048,1
44074,73,1,18.453975433279293,18.4840459439665,0.030070510687206564,0.06388387497885338,0.0,0.0,0
44074,73,2,18.453975433279293,18.522303384468106,0.06832795118881307,0.09472848932923585,0.030844614350382465,0.019405691753630473,1
44074,73,3,18.453975433279293,18.504747702080387,0.050772268801093645,0.11147374040797826,0.047589865429124883,0.019405691753630473,1
44074,74,1,29.78783209739087,29.81257843630533,0.02474633891446132,0.1410126150977518,0.0,0.003445721421901582,0
44074,74,2,29.78783209739087,29.813463473731986,0.025631376341117118,0.2059853053026728,0.06497269020492102,0.0,0
44074,74,3,29.78783209739087,29.8452059490776,0.05737385168673015,0.20780756541760204,0.06679495031985025,0.010117124748249495,1
44074,75,1,31.761330684757922,31.784772754423603,0.02344206966568052,0.13597677186597526,0.0,0.0,0
44074,75,2,31.761330684757922,31.782219645826125,0.02088896106820215,0.19819276938126834,0.06221599751529308,0.010117124748249495,1
44074,75,3,31.761330684757922,31.81697091520444,0.055640230446517336,0.20698534030262486,0.0710085684366496,0.01965219663408277,1
44074,76,1,11.7051065879541,11.729209100039629,0.024102512085528716,0.15134949650384263,0.0,0.0,0
44074,76,2,11.7051065879541,11.802902542338533,0.09779595438443245,0.2332783725967179,0.08192887609287527,0.03440351703830129,1
44074,76,3,11.7051065879541,11.761555411030916,0.0564488230768152,0.26632222845313014,0.1149727319492875,0.05924014760290988,1
44074,77,1,15.861050772466935,15.878216862256386,0.017166089789450112,0.188265790450202,0.0,0.0,0
44074,77,2,15.861050772466935,15.90975471972493,0.04870394725799443,0.31075884863314185,0.12249305818293985,0.024836630564608598,1
44074,77,3,15.861050772466935,15.94563192371687,0.08458115124993526,0.35914083457522195,0.17087504412501994,0.024836630564608598,1
44075,0,1,1.6231268756279296,1.7334473893546742,0.11032051372674467,0.2665380546999,0.0,0.0,0
44075,0,2,1.6231268756279296,1.7494701779597608,0.12634330233183122,0.4068814357566612,0.1403433810567612,0.0,0
44075,0,3,1.6231268756279296,1.746046762522404,0.12291988689447453,0.4548058544792337,0.18826779977933372,0.0,0
44075,1,1,1.4045081943060427,1.4839251713553665,0.07941697704932382,0.2540270488272243,0.0,0.0,0
44075,1,2,1.4045081943060427,1.4822548645872744,0.07774667028123172,0.39865942628956286,0.14463237746233853,0.0,0
44075,1,3,1.4045081943060427,1.5200068260136548,0.1154986317076121,0.4368259902933064,0.18279894146608205,0.0,0
44075,2,1,1.8504658781067256,1.9020640493570418,0.05159817125031618,0.17361273029856736,0.0,0.0,0
44075,2,2,1.8504658781067256,1.9556563125058635,0.10519043439913789,0.37516404811710047,0.2015513178185331,0.0,0
44075,2,3,1.8504658781067256,1.8844556374655475,0.03398975935882187,0.4078039697417061,0.23419123944313872,0.0,0
44075,3,1,1.4574996651205296,1.8129823814298085,0.35548271630927886,0.21376307030343814,0.0,0.0,0
44075,3,2,1.4574996651205296,1.7964936704578789,0.33899400533734925,0.3455535554411847,0.13179048513774658,0.0,0
44075,3,3,1.4574996651205296,1.8029188987103126,0.345419233589783,0.4078605297563162,0.19409745945287807,0.0,0
44075,4,1,1.6145594974978075,1.9262189239907137,0.31165942649290623,0.2489763006381695,0.0,0.0,0
44075,4,2,1.6145594974978075,1.958542703196187,0.3439832056983796,0.423048991183209,0.1740726905450395,0.0,0
44075,4,3,1.6145594974978075,1.943742048781941,0.32918255128413354,0.464075189923839,0.2150988892856695,0.0,0
44075,5,1,1.219424821797277,1.2629921280293785,0.04356730623210159,0.19257560633167886,0.0,0.0,0
44075,5,2,1.219424821797277,1.372638434809126,0.1532136130118491,0.3838348326950856,0.19125922636340675,0.0,0
44075,5,3,1.219424821797277,1.255582573388417,0.036157751591139986,0.41644111021229596,0.2238655038806171,0.0,0
44075,6,1,1.644758613712574,1.726945714237937,0.08218710052536293,0.13925991529795434,0.0,0.0,0
44075,6,2,1.644758613712574,1.767367832253837,0.12260921854126305,0.3299862039259278,0.19072628862797347,0.0,0
44075,6,3,1.644758613712574,1.6985911807212386,0.05383256700866457,0.3718443676762209,0.23258445237826658,0.0,0
44075,7,1,1.787854926609079,1.922255640290064,0.13440071368098483,0.18765489070127764,0.0,0.0,0
44075,7,2,1.787854926609079,1.951389844257852,0.16353491764877282,0.33340797656432963,0.145753085863052,0.0,0
44075,7,3,1.787854926609079,1.932211809348535,0.1443568827394559,0.3881237337637014,0.20046884306242377,0.0,0
44075,8,1,1.4661080148631842,1.5339719841103,0.06786396924711569,0.2514340450171986,0.0,0.0,0
44075,8,2,1.4661080148631842,1.6448371083177757,0.17872909345459154,0.3625265408089145,0.11109249579171587,0.0,0
44075,8,3,1.4661080148631842,1.521148654673023,0.055040639809838865,0.44685755568356256,0.19542351066636393,0.0,0
44075,9,1,4.273180241431243,4.317905363401438,0.0447251219701954,0.2535388413955446,0.0,0.0,0
44075,9,2,4.273180241431243,4.374770726112038,0.1015904846807949,0.34382605230716873,0.09028721091162412,0.0,0
44075,9,3,4.273180241431243,4.381933435102875,0.10875319367163172,0.3860271536138505,0.13248831221830587,0.0,0
44075,10,1,1.7359841166487673,1.777666193121555,0.041682076472787655,0.18831382138550248,0.0,0.0,0
44075,10,2,1.7359841166487673,1.8001831934977148,0.06419907684894754,0.33353591653722586,0.14522209515172338,0.0,0
44075,10,3,1.7359841166487673,1.7868732184486469,0.0508891017998796,0.3862451693325398,0.1979313479470373,0.0,0
44075,11,1,1.105635264375224,1.1501526979734684,0.04451743359824434,0.21946519726951522,0.0,0.0,0
44075,11,2,1.105635264375224,1.1740378749440972,0.06840261056887309,0.38448830170373965,0.16502310443422444,0.0,0
44075,11,3,1.105635264375224,1.2275623843824968,0.12192712000727268,0.4531595859250993,0.2336943886555841,0.0,0
44075,12,1,1.0230269989716498,1.0516146076474242,0.028587608675774367,0.23256504693835003,0.0,0.025965318022608763,1
44075,12,2,1.0230269989716498,1.0842054835827064,0.06117848461105657,0.3716633390888836,0.13909829215053357,0.0,0
44075,12,3,1.0230269989716498,1.0723023048602724,0.04927530588862261,0.4273922919095057,0.19482724497115564,0.0,0
44075,13,1,2.1437702061053208,2.423388472913168,0.27961826680784707,0.24926263315985353,0.0,0.025965318022608763,1
44075,13,2,2.1437702061053208,2.479820933676147,0.33605072757082644,0.39445185691643314,0.1451892237565796,0.0,0
44075,13,3,2.1437702061053208,2.465845466189564,0.32207526008424336,0.45638885973764637,0.20712622657779284,0.0,0
44075,14,1,2.3106408035024475,2.3945408592436843,0.08390005574123682,0.1673541019360116,0.0,0.025965318022608735,1
44075,14,2,2.3106408035024475,2.4327599649307596,0.12211916142831214,0.21756227433391317,0.05020817239790157,0.0,0
44075,14,3,2.3106408035024475,2.5169394136795176,0.20629861017707007,0.25298737353507433,0.08563327159906273,0.0,0
44075,15,1,1.8241139577602568,2.055061801685518,0.23094784392526146,0.25190238998175707,0.0,0.06917827243627539,1
44075,15,2,1.8241139577602568,2.055958245508846,0.23184428774858934,0.3553503820077016,0.10344799202594451,0.0,0
44075,15,3,1.8241139577602568,2.083155466671259,0.2590415089110023,0.4269558154545509,0.17505342547279384,0.0,0
44075,16,1,1.1666280367935533,1.1892260739915708,0.02259803719801745,0.22055712822464638,0.0,0.06917827243627536,1
44075,16,2,1.1666280367935533,1.2248589089550894,0.05823087216153611,0.3521267203772493,0.13156959215260292,0.0,0
44075,16,3,1.1666280367935533,1.1992776625900654,0.032649625796512094,0.4063433870904567,0.18578625886581032,0.0,0
44075,17,1,1.2620958358054184,1.3464947046972249,0.08439886889180648,0.18225837017149643,0.0,0.06917827243627536,1
44075,17,2,1.2620958358054184,1.350434193741177,0.08833835793575862,0.35610782369380833,0.1738494535223119,0.0,0
44075,17,3,1.2620958358054184,1.3239634939417826,0.06186765813636419,0.4046796582373229,0.22242128806582645,0.0,0
44075,18,1,1.83191140972909,1.9002372252373174,0.06832581550822736,0.11093270690756461,0.0,0.06917827243627538,1
44075,18,2,1.83191140972909,2.131220323156146,0.2993089134270561,0.15536260584284425,0.04442989893527964,0.0,0
44075,18,3,1.83191140972909,2.0349716648857297,0.2030602551566396,0.16284133215958213,0.05190862525201752,0.0,0
44075,19,1,1.6033148841304314,1.922983783267607,0.31966889913717567,0.217652491736622,0.0,0.0,0
44075,19,2,1.6033148841304314,1.9293888928783365,0.32607400874790504,0.3592951660594923,0.1416426743228703,0.0,0
44075,19,3,1.6033148841304314,1.9219320199822434,0.31861713585181195,0.42406716741030187,0.20641467567367988,0.0,0
44075,20,1,1.9735284218336147,1.987004555108771,0.013476133275156288,0.19090862648539586,0.0,0.0,0
44075,20,2,1.9735284218336147,1.9926681582883483,0.019139736454733658,0.3419547487855115,0.15104612230011566,0.0,0
44075,20,3,1.9735284218336147,1.986515608133633,0.012987186300018383,0.39497311449436207,0.2040644880089662,0.0,0
44075,21,1,1.744905011552829,1.8241097701202282,0.07920475856739917,0.24173306209942802,0.0,0.0,0
44075,21,2,1.744905011552829,1.846464222127874,0.10155921057504491,0.40538775947275896,0.16365469737333094,0.0,0
44075,21,3,1.744905011552829,1.8360500293165614,0.0911450177637323,0.442674493706545,0.20094143160711697,0.0,0
44075,22,1,2.0801867753766716,2.1640857871207464,0.08389901174407477,0.13467187272662498,0.0,0.0,0
44075,22,2,2.0801867753766716,2.1918035178519326,0.11161674247526099,0.33213778615660294,0.19746591342997796,0.0,0
44075,22,3,2.0801867753766716,2.1342884260597055,0.05410165068303385,0.367680980407391,0.23300910768076602,0.0,0
44075,23,1,1.4282991919745371,1.459465860472505,0.031166668497967898,0.21737823229416828,0.0,0.052475455746694155,1
44075,23,2,1.4282991919745371,1.5227485076912108,0.0944493157166737,0.3536831907525858,0.13630495845841753,0.0,0
44075,23,3,1.4282991919745371,1.4617325355605257,0.033433343585988595,0.4104560686180893,0.19307783632392103,0.0,0
44075,24,1,5.191911570225966,5.431253347481297,0.2393417772553308,0.2176098076262032,0.0,0.05247545574669418,1
44075,24,2,5.191911570225966,5.447124033829562,0.25521246360359573,0.2943328468386738,0.07672303921247059,0.0,0
44075,24,3,5.191911570225966,5.547703711059386,0.3557921408334197,0.3570333929667879,0.1394235853405847,0.0,0
44075,25,1,1.2282854039037767,1.3048226073816331,0.07653720347785642,0.12355016486990089,0.0,0.052475455746694176,1
44075,25,2,1.2282854039037767,1.6368837771844533,0.4085983732806766,0.18148791209866982,0.05793774722876893,0.0,0
44075,25,3,1.2282854039037767,1.438649987292458,0.21036458338868136,0.19212927804222296,0.06857911317232207,0.0,0
44075,26,1,2.9466068604543323,3.3277480482971087,0.3811411878427764,0.21790611332571672,0.0011465119655849065,0.0,0
44075,26,2,2.9466068604543323,3.444055976382857,0.4974491159285246,0.22295278647963832,0.006193185119506506,0.0,0
44075,26,3,2.9466068604543323,3.9359214228076125,0.9893145623532802,0.2167596013601318,0.0,0.0,0
44075,27,1,2.9396573492519518,3.1472548972601295,0.20759754800817776,0.16101227471426552,0.0,0.0,0
44075,27,2,2.9396573492519518,3.2876109519335204,0.3479536026815686,0.17328625892365174,0.012273984209386218,0.0,0
44075,27,3,2.9396573492519518,3.3636707699573485,0.4240134207053967,0.17275053958741574,0.011738264873150217,0.0,0
44075,28,1,2.9775243426293665,3.892047335533884,0.9145229929045176,0.09491291722521014,0.004200338376315102,0.0,0
44075,28,2,2.9775243426293665,3.373241997896885,0.39571765526751834,0.09206201214847318,0.0013494332995781372,0.0,0
44075,28,3,2.9775243426293665,3.844054808779299,0.8665304661499325,0.09071257884889504,0.0,0.0,0
44075,29,1,4.490232414727389,5.037875354855094,0.5476429401277052,0.07897527279307315,0.0028985418143648023,0.0,0
44075,29,2,4.490232414727389,4.60188793469375,0.11165551996636047,0.07775044190262628,0.001673710923917937,0.0,0
44075,29,3,4.490232414727389,5.05254658929422,0.562314174566831,0.07607673097870835,0.0,0.0,0
44075,30,1,1.1839772392118875,1.2112034443066613,0.027226205094773803,0.1934123953377238,0.0,0.0,0
44075,30,2,1.1839772392118875,1.2272969377359462,0.0433196985240587,0.34439197342156136,0.15097957808383755,0.0,0
44075,30,3,1.1839772392118875,1.2058701076511216,0.021892868439234103,0.3945917564066178,0.201179361068894,0.0,0
44075,31,1,1.2865555585060293,1.4128172357465647,0.12626167724053539,0.2830110025725529,0.0,0.0,0
44075,31,2,1.2865555585060293,1.3742668821552004,0.08771132364917111,0.40595290814609625,0.12294190557354334,0.0,0
44075,31,3,1.2865555585060293,1.4524463872492657,0.16589082874323635,0.44301983649595567,0.16000883392340276,0.0,0
44075,32,1,1.4148413614064503,1.4422987963703808,0.027457434963930494,0.20115004829613536,0.0,0.0,0
44075,32,2,1.4148413614064503,1.4481926973289627,0.03335133592251238,0.35582323390380827,0.1546731856076729,0.0,0
44075,32,3,1.4148413614064503,1.4404591924910695,0.025617831084619125,0.41128236023747555,0.2101323119413402,0.0,0
44075,33,1,3.3088968402294894,3.521578534172554,0.2126816939430647,0.25101586053366354,0.0,0.0,0
44075,33,2,3.3088968402294894,3.553553105459538,0.24465626523004858,0.3957066450569152,0.14469078452325168,0.0,0
44075,33,3,3.3088968402294894,3.5258668384288123,0.21696999819932294,0.43918682544775056,0.18817096491408702,0.0,0
44075,34,1,2.9827905719443057,3.7057902260844386,0.7229996541401329,0.22548063418726247,0.0,0.0,0
44075,34,2,2.9827905719443057,3.874017263605276,0.8912266916609703,0.3837433110888988,0.15826267690163634,0.0,0
44075,34,3,2.9827905719443057,3.887663413374605,0.9048728414302993,0.41479350122721825,0.18931286703995578,0.0,0
44075,35,1,1.6151990651147525,1.7955024267651005,0.180303361650348,0.24345860941061875,0.0,0.0,0
44075,35,2,1.6151990651147525,1.8895939117632081,0.2743948466484556,0.41550360513398243,0.17204499572336368,0.0,0
44075,35,3,1.6151990651147525,1.7939895957607124,0.17879053064595984,0.44669159191935764,0.2032329825087389,0.0,0
44075,36,1,1.7209720907042467,1.79780861275082,0.07683652204657321,0.19623900379592596,0.0,0.0,0
44075,36,2,1.7209720907042467,2.0592154842175754,0.33824339351332866,0.4208750065363756,0.22463600274044965,0.0,0
44075,36,3,1.7209720907042467,1.7791876592008866,0.05821556849663989,0.4332509337833392,0.23701192998741322,0.0,0
44075,37,1,1.4399706236824412,1.5826208754067514,0.14265025172431023,0.2571270081983331,0.0,0.10069775248228968,1
44075,37,2,1.4399706236824412,1.6023748204153754,0.16240419673293416,0.3670504031938293,0.1099233949954962,0.0,0
44075,37,3,1.4399706236824412,1.5644460128753088,0.1244753891928676,0.44687593650162066,0.18974892830328755,0.0,0
44075,38,1,1.288695973743724,1.9061535700194625,0.6174575962757385,0.23725686939493945,0.0,0.10069775248228965,1
44075,38,2,1.288695973743724,1.9705212005573327,0.6818252268136087,0.3679611549766223,0.13070428558168284,0.0,0
44075,38,3,1.288695973743724,1.9230932842272543,0.6343973104835303,0.4305088212137287,0.19325195181878924,0.0,0
44075,39,1,1.8971724174357143,2.3582257432588425,0.4610533258231282,0.19469058472691345,0.0,0.10069775248228965,1
44075,39,2,1.8971724174357143,2.40260803928699,0.5054356218512757,0.3547791153191157,0.16008853059220227,0.0,0
44075,39,3,1.8971724174357143,2.3722944507370913,0.47512203330137703,0.39828057575127507,0.20358999102436162,0.0,0
44075,40,1,1.9288755500442392,2.012546569494309,0.08367101945006983,0.15308222596455412,0.0,0.10069775248228965,1
44075,40,2,1.9288755500442392,2.0596455779146914,0.13077002787045222,0.2084080829999184,0.05532585703536427,0.0,0
44075,40,3,1.9288755500442392,2.1142433660183144,0.18536781597407526,0.24865671567965156,0.09557448971509744,0.0,0
44075,41,1,3.3306914433336083,3.8462851056691827,0.5155936623355744,0.19196576644823993,0.0,0.0,0
44075,41,2,3.3306914433336083,4.033742708647063,0.7030512653134546,0.33626390110625665,0.14429813465801672,0.0,0
44075,41,3,3.3306914433336083,4.01398867420641,0.6832972308728018,0.3875991130760796,0.19563334662783965,0.0,0
44075,42,1,1.0969501582623016,1.1311567404327003,0.034206582170398736,0.1951787551294292,0.0,0.0,0
44075,42,2,1.0969501582623016,1.1543629542877192,0.0574127960254176,0.3438529777540334,0.1486742226246042,0.0,0
44075,42,3,1.0969501582623016,1.1271038933555775,0.030153735093275902,0.3962086621219493,0.20102990699252007,0.0,0
44075,43,1,1.2547178412608653,1.3324053762244996,0.07768753496363434,0.16367501608738633,0.0,0.0,0
44075,43,2,1.2547178412608653,1.3382267310019795,0.08350888974111426,0.33898910863984616,0.17531409255245983,0.0,0
44075,43,3,1.2547178412608653,1.3250240147774357,0.07030617351657042,0.3777228466198852,0.21404783053249887,0.0,0
44075,44,1,1.4615452619691176,1.5850249116458675,0.12347964967674985,0.25905691921868673,0.0,0.0,0
44075,44,2,1.4615452619691176,1.565742252015815,0.10419699004669747,0.39773018979260166,0.13867327057391493,0.0,0
44075,44,3,1.4615452619691176,1.6142273279796384,0.1526820660105208,0.47304312819017,0.2139862089714833,0.0,0
44075,45,1,0.8864919846860438,0.9213722818421338,0.03488029715608998,0.1951697485871325,0.0,0.0,0
44075,45,2,0.8864919846860438,0.9245491392743272,0.038057154588283404,0.3458555313289367,0.1506857827418042,0.0,0
44075,45,3,0.8864919846860438,0.9124593190877327,0.025967334401688857,0.40649911251239645,0.21132936392526394,0.0,0
44075,46,1,1.2353922257371595,1.266634551627679,0.03124232589051945,0.21395739066837674,0.0,0.0,0
44075,46,2,1.2353922257371595,1.2883739273457755,0.05298170160861604,0.3801332216358172,0.16617583096744046,0.0,0
44075,46,3,1.2353922257371595,1.29430214808375,0.05890992234659054,0.4381931747988267,0.22423578413044995,0.0,0
44075,47,1,1.435073898246778,1.4858558070169228,0.05078190877014488,0.19018513258383246,0.0,0.0,0
44075,47,2,1.435073898246778,1.4892962513967452,0.05422235314996726,0.36219316909559474,0.17200803651176227,0.0,0
44075,47,3,1.435073898246778,1.4853869358283052,0.050313037581527276,0.39774593543574494,0.20756080285191247,0.0,0
44075,48,1,1.3415303730434338,1.3636220789620048,0.022091705918571014,0.19350883316444872,0.0,0.0,0
44075,48,2,1.3415303730434338,1.368990158349668,0.027459785306234163,0.33823353513372745,0.14472470196927872,0.0,0
44075,48,3,1.3415303730434338,1.3584857490258175,0.016955375982383725,0.3931439368488254,0.1996351036843767,0.0,0
44075,49,1,0.8996373687560396,0.9343433436050128,0.0347059748489732,0.19387608619752622,0.0,0.0,0
44075,49,2,0.8996373687560396,0.9410698098822203,0.04143244112618072,0.3470678331404218,0.15319174694289556,0.0,0
44075,49,3,0.8996373687560396,0.9250276155876052,0.025390246831565544,0.4054942457320547,0.2116181595345285,0.0,0
44075,50,1,1.5669731499570074,1.6170171702721639,0.05004402031515642,0.17435929752150403,0.0,0.0,0
44075,50,2,1.5669731499570074,1.6784223625007137,0.11144921254370632,0.37433086816478794,0.1999715706432839,0.0,0
44075,50,3,1.5669731499570074,1.6032106019580816,0.0362374520010742,0.4045146802920386,0.23015538277053454,0.0,0
44075,51,1,2.27063113088438,2.781667611005161,0.5110364801207807,0.168794274601979,0.001054602143366612,0.08322290025699292,1
44075,51,2,2.27063113088438,3.1395125886470154,0.8688814577626354,0.16773967245861238,0.0,0.05209536468133219,1
44075,51,3,2.27063113088438,2.8941891886664783,0.6235580577820983,0.21344166335616702,0.04570199089755464,0.0,0
44075,52,1,1.817616010238876,1.863174877250307,0.04555886701143086,0.1336445210932661,0.0,0.08322290025699289,1
44075,52,2,1.817616010238876,2.040317607536749,0.22270159729787276,0.17151991291907537,0.03787539182580926,0.05209536468133222,1
44075,52,3,1.817616010238876,2.0178740519685783,0.20025804172970219,0.18554626426647114,0.051901743173205034,0.0,0
44075,53,1,1.3236522876922503,1.4064759477068596,0.08282366001460928,0.19351718474519067,0.0,0.0,0
44075,53,2,1.3236522876922503,1.4406851035864885,0.1170328158942382,0.3373365059349151,0.14381932118972443,0.0,0
44075,53,3,1.3236522876922503,1.4077957571712207,0.08414346947897045,0.3934448812711752,0.19992769652598455,0.0,0
44075,54,1,5.228459989614485,5.593786294039293,0.3653263044248076,0.18682352489364157,0.018041531671449867,0.07184315955931289,1
44075,54,2,5.228459989614485,5.527162796902248,0.29870280728776244,0.1687819932221917,0.0,0.0,0
44075,54,3,5.228459989614485,5.544709105661361,0.3162491160468752,0.19804674134346528,0.02926474812127358,0.0,0
44075,55,1,10.370468175271,10.864594846258223,0.49412667098722274,0.19673217482879707,0.041852890847282026,0.07184315955931286,1
44075,55,2,10.370468175271,10.588826827510534,0.21835865223953377,0.15487928398151504,0.0,0.0,0
44075,55,3,10.370468175271,10.606650726107246,0.2361825508362454,0.1917441251243857,0.03686484114287067,0.0,0
44075,56,1,1.7237562984567654,1.753365739687179,0.029609441230413536,0.13224081435260965,0.0,0.07184315955931289,1
44075,56,2,1.7237562984567654,1.8773177922772892,0.15356149382052386,0.14897810546659485,0.016737291113985198,0.0,0
44075,56,3,1.7237562984567654,1.8502927905547815,0.1265364920980161,0.15638939045877442,0.024148576106164776,0.0,0
44075,57,1,1.4267812085324105,1.4491450554361278,0.022363846903717288,0.2356671052555705,0.0,0.0,0
44075,57,2,1.4267812085324105,1.4620284035977034,0.035247195065292836,0.38813498472760805,0.15246787947203755,0.0,0
44075,57,3,1.4267812085324105,1.4678303382088558,0.04104912967644525,0.43084075288318596,0.19517364762761547,0.0,0
44075,58,1,1.6424962137599546,1.6663449637310788,0.023848749971124183,0.18845288162807713,0.0,0.0,0
44075,58,2,1.6424962137599546,1.6805257040849253,0.038029490324970716,0.3323072862818361,0.14385440465375895,0.0,0
44075,58,3,1.6424962137599546,1.67444137894643,0.0319451651864755,0.38217709622073254,0.1937242145926554,0.0,0
44075,59,1,0.9870666965835866,1.0777529975515638,0.09068630096797725,0.2615319506211962,0.0,0.0,0
44075,59,2,0.9870666965835866,1.1154613775686202,0.1283946809850336,0.4201550011893788,0.1586230505681826,0.0,0
44075,59,3,0.9870666965835866,1.1872738127828075,0.20020711619922094,0.48948382838602394,0.22795187776482773,0.0,0
44075,60,1,1.2391871651468531,1.291222906182816,0.05203574103596287,0.19711930769775793,0.0,0.023420048412812255,1
44075,60,2,1.2391871651468531,1.327582272489257,0.08839510734240386,0.343946631574484,0.1468273238767261,0.0,0
44075,60,3,1.2391871651468531,1.2900519635148073,0.05086479836795421,0.39656315589548696,0.19944384819772903,0.0,0
44075,61,1,1.5260269093059908,1.634663118403314,0.10863620909732319,0.20020831858345,0.0,0.023420048412812283,1
44075,61,2,1.5260269093059908,1.8928701262616439,0.36684321695565303,0.29761156114530274,0.09740324256185273,0.0,0
44075,61,3,1.5260269093059908,1.694597981014298,0.1685710717083071,0.365250020620904,0.165041702037454,0.0,0
44075,62,1,2.1374283681107267,2.1815002193165722,0.04407185120584556,0.11342050770495059,0.0,0.023420048412812283,1
44075,62,2,2.1374283681107267,2.36342465133439,0.2259962832236635,0.17560754901238665,0.06218704130743606,0.0,0
44075,62,3,2.1374283681107267,2.274539582481339,0.13711121437061236,0.18329369941099188,0.0698731917060413,0.0,0
44075,63,1,1.2644647759617875,1.283857758510456,0.019392982548668503,0.23338032360392494,0.0,0.0,0
44075,63,2,1.2644647759617875,1.3077824944874321,0.04331771852564459,0.3810070064170281,0.14762668281310318,0.0,0
44075,63,3,1.2644647759617875,1.2922365668542661,0.02777179089247861,0.4404980579633539,0.20711773435942896,0.0,0
44075,64,1,1.1221590927339418,1.1465321039451777,0.024373011211235918,0.19441037159859934,0.0,0.0,0
44075,64,2,1.1221590927339418,1.1559161523631125,0.03375705962917075,0.3399685456846724,0.14555817408607305,0.0,0
44075,64,3,1.1221590927339418,1.1390148898291843,0.016855797095242542,0.3943199972193267,0.19990962562072737,0.0,0
44075,65,1,1.7914152285165401,1.8582179680099116,0.06680273949337145,0.17575223588911618,0.0,0.0,0
44075,65,2,1.7914152285165401,1.9028196757392604,0.11140444722272025,0.3758806806729518,0.2001284447838356,0.0,0
44075,65,3,1.7914152285165401,1.8465610240724857,0.055145795555945565,0.4098966693564907,0.23414443346737454,0.0,0
44075,66,1,1.0952290196664394,1.124101512288305,0.02887249262186553,0.19450598140191058,0.0,0.09784795296733395,1
44075,66,2,1.0952290196664394,1.1484008560750922,0.05317183640865286,0.3432477790257381,0.14874179762382753,0.0,0
44075,66,3,1.0952290196664394,1.1182575068297596,0.023028487163320177,0.3942960785087455,0.1997900971068349,0.0,0
44075,67,1,1.1197697109452893,1.158941109752061,0.03917139880677167,0.2563653975943851,0.0,0.09784795296733395,1
44075,67,2,1.1197697109452893,1.1658236939852595,0.046053983039970214,0.40012867203862545,0.14376327444424036,0.0,0
44075,67,3,1.1197697109452893,1.1858091852269552,0.0660394742816659,0.44264119934421986,0.18627580174983477,0.0,0
44075,68,1,2.906643358626275,3.019585698804022,0.11294234017774674,0.15551275370771422,0.0,0.09784795296733396,1
44075,68,2,2.906643358626275,3.1506516057632252,0.24400824713695002,0.2522605823310187,0.0967478286233045,0.0,0
44075,68,3,2.906643358626275,3.186667729457966,0.28002437083169074,0.2911645182616243,0.1356517645539101,0.0,0
44075,69,1,16.871295094062674,16.877646871248302,0.006351777185628293,0.17906661738390559,0.0,2.5259112573922105e-05,0
44075,69,2,16.871295094062674,16.89869268587156,0.027397591808885124,0.21830008417695396,0.03923346679304837,0.0,0
44075,69,3,16.871295094062674,16.893868548005962,0.022573453943287802,0.2271134967620397,0.04804687937813412,0.01839173989431775,1
44075,70,1,20.298837638996947,20.306748811706008,0.007911172709061276,0.18985484406013076,0.0,0.0,0
44075,70,2,20.298837638996947,20.354179863351163,0.05534222435421654,0.19947329729085575,0.009618453230724994,0.03849953335994921,1
44075,70,3,20.298837638996947,20.352167864528646,0.05333022553169897,0.19581400954604677,0.005959165485916018,0.02674043021412903,1
44075,71,1,20.564512045335107,20.624899285337495,0.060387240002388154,0.13778388038706335,0.0028192186985127043,0.011759103145820196,1
44075,71,2,20.564512045335107,20.68917249289778,0.1246604475626718,0.13496466168855065,0.0,0.0,0
44075,71,3,20.564512045335107,20.63098227760472,0.06647023226961224,0.15965925314151636,0.02469459145296571,0.020107793465631477,1
44075,72,1,18.59428653003487,18.606997885243025,0.012711355208153918,0.07465244484338478,0.0,0.0,0
44075,72,2,18.59428653003487,18.624275222940604,0.02998869290573225,0.09321658453877271,0.018564139695387935,0.020107793465631477,1
44075,72,3,18.59428653003487,18.614715505749825,0.020428975714953168,0.10375334201866322,0.029100897175278445,0.020107793465631477,1
44075,73,1,29.760050357758722,29.781592124254804,0.02154176649608175,0.14619220722166415,0.0,0.00313366281099417,0
44075,73,2,29.760050357758722,29.780915698401536,0.02086534064281409,0.20795451665466883,0.061762309433004675,0.0,0
44075,73,3,29.760050357758722,29.809849014629805,0.04979865687108287,0.21309409185199207,0.06690188463032792,0.010503035903117464,1
44075,74,1,31.802396262785226,31.819744716666047,0.01734845388082107,0.1538731496763301,0.0,0.0,0
44075,74,2,31.802396262785226,31.834843974003558,0.032447711218331676,0.20042288952363868,0.04654973984730859,0.010503035903117464,1
44075,74,3,31.802396262785226,31.845058207416493,0.04266194463126638,0.1968345693554043,0.042961419679074214,0.019263072482278182,1
44075,75,1,11.882910724988339,11.948328371543438,0.0654176465550993,0.10790835268909772,0.0,0.0,0
44075,75,2,11.882910724988339,12.024247414377871,0.14133668938953292,0.14518015023091518,0.03727179754181746,0.03435857247090854,1
44075,75,3,11.882910724988339,12.040682838759206,0.15777211377086786,0.17555683277972622,0.0676484800906285,0.05922458994157613,1
44075,76,1,16.2230375137822,16.252449689082976,0.02941217530077722,0.14879125968517168,0.0,0.0,0
44075,76,2,16.2230375137822,16.328564559369166,0.10552704558696746,0.17450027355452402,0.025709013869352343,0.0248660174706676,1
44075,76,3,16.2230375137822,16.323499474560386,0.10046196077818692,0.22349665280056663,0.07470539311539495,0.0248660174706676,1
44076,0,1,1.428087822552908,1.6177712523671264,0.18968342981421848,0.18573844217040544,0.0,0.0,0
44076,0,2,1.428087822552908,1.7396821862158098,0.31159436366290194,0.24757908657379987,0.06184064440339443,0.0,0
44076,0,3,1.428087822552908,1.7950047797699349,0.366916957217027,0.296236141586792,0.11049769941638657,0.0,0
44076,1,1,1.4793397092615113,1.885286327167035,0.4059466179055238,0.23519844798384612,0.0,0.0,0
44076,1,2,1.4793397092615113,1.8985943087248196,0.41925459946330834,0.3336379834954933,0.09843953551164716,0.0,0
44076,1,3,1.4793397092615113,1.9978201744706983,0.518480465209187,0.39028680815828354,0.15508836017443742,0.0,0
44076,2,1,1.439206865496953,1.545497009741352,0.10629014424439909,0.17102562874525906,0.0,0.0,0
44076,2,2,1.439206865496953,1.611785550782037,0.1725786852850839,0.28231580335074674,0.11129017460548768,0.0,0
44076,2,3,1.439206865496953,1.5880077487864028,0.14880088328944985,0.2901883455100452,0.11916271676478613,0.0,0
44076,3,1,1.4777730808397656,1.759761085068129,0.28198800422836334,0.10705459620109237,0.0,0.0,0
44076,3,2,1.4777730808397656,2.1999191186147877,0.7221460377750222,0.21925909480976524,0.11220449860867288,0.0,0
44076,3,3,1.4777730808397656,2.171728088647476,0.6939550078077104,0.21675624449060307,0.1097016482895107,0.0,0
44076,4,1,1.8940036884308395,1.9934231049994817,0.09941941656864217,0.1413899004276681,0.0,0.0,0
44076,4,2,1.8940036884308395,2.1789360208344486,0.28493233240360905,0.2183435147734389,0.0769536143457708,0.0,0
44076,4,3,1.8940036884308395,2.0530847783615984,0.15908108993075887,0.24520597905201907,0.10381607862435097,0.0,0
44076,5,1,1.2992030975199498,1.4198664625885873,0.12066336506863751,0.22235339719553776,0.0,0.0,0
44076,5,2,1.2992030975199498,1.7015338145713677,0.4023307170514179,0.2818104320773042,0.05945703488176646,0.0,0
44076,5,3,1.2992030975199498,1.478564621226215,0.17936152370626512,0.32095195095903317,0.09859855376349541,0.0,0
44076,6,1,4.245513037279615,4.449466370244149,0.20395333296453444,0.3020637622365695,0.0,0.0,0
44076,6,2,4.245513037279615,4.463977484051948,0.2184644467723329,0.3178649707234052,0.015801208486835694,0.0,0
44076,6,3,4.245513037279615,4.487212480181653,0.24169944290203826,0.364164499205606,0.06210073696903651,0.0,0
44076,7,1,1.914836272386001,2.0485449922498344,0.13370871986383337,0.13670509090685606,0.0,0.0,0
44076,7,2,1.914836272386001,2.197022752350267,0.28218647996426593,0.21686063337527295,0.08015554246841688,0.0,0
44076,7,3,1.914836272386001,2.106676554584068,0.19184028219806715,0.23984905646081342,0.10314396555395736,0.0,0
44076,8,1,1.8518787086049535,1.9488127167159992,0.09693400811104569,0.18460753929794094,0.0,0.0,0
44076,8,2,1.8518787086049535,1.9991372843487956,0.14725857574384205,0.274392171912864,0.08978463261492309,0.0,0
44076,8,3,1.8518787086049535,1.9792211158887376,0.1273424072837841,0.3069959538680205,0.12238841457007954,0.0,0
44076,9,1,1.2891397948677175,1.4120336290939375,0.12289383422622002,0.19879792786765285,0.0,0.02552771784703839,1
44076,9,2,1.2891397948677175,1.552253150833457,0.2631133559657395,0.2721007809055246,0.07330285303787173,0.0,0
44076,9,3,1.2891397948677175,1.417640808705491,0.12850101383777357,0.31668126390645096,0.11788333603879811,0.0,0
44076,10,1,2.409598440364505,2.6519902985142805,0.24239185814977526,0.22713330146183347,0.0,0.025527717847038334,1
44076,10,2,2.409598440364505,2.7819648377771684,0.3723663974126632,0.290818065310622,0.06368476384878852,0.0,0
44076,10,3,2.409598440364505,2.7607235236551104,0.3511250832906052,0.3361541041008304,0.10902080263899694,0.0,0
44076,11,1,2.3590859984741472,2.538144039127883,0.17905804065373587,0.19392868200652363,0.0,0.025527717847038348,1
44076,11,2,2.3590859984741472,2.5595348234782174,0.20044882500407013,0.22697470868280137,0.033046026676277734,0.0,0
44076,11,3,2.3590859984741472,2.6588379580102384,0.29975195953609113,0.25496367779286294,0.06103499578633931,0.0,0
44076,12,1,1.5045009982146804,1.6273555397113253,0.12285454149664488,0.17610345501902294,0.0,0.07047885846799787,1
44076,12,2,1.5045009982146804,1.6904462277199266,0.18594522950524617,0.24955613137603638,0.07345267635701344,0.0,0
44076,12,3,1.5045009982146804,1.7668968475546456,0.2623958493399652,0.2657218632543637,0.08961840823534076,0.0,0
44076,13,1,1.3266246076454802,1.4147908835499714,0.08816627590449122,0.1744489647798751,0.0,0.0704788584679979,1
44076,13,2,1.3266246076454802,1.4637932973818735,0.1371686897363933,0.2633927859947492,0.0889438212148741,0.0,0
44076,13,3,1.3266246076454802,1.4750863768063303,0.14846176916085008,0.2809403998205676,0.10649143504069253,0.0,0
44076,14,1,1.9178271155974393,2.0946680392918244,0.1768409236943851,0.11761285597693996,0.0,0.07047885846799788,1
44076,14,2,1.9178271155974393,2.45628009451193,0.5384529789144905,0.16892163546129624,0.051308779484356276,0.0,0
44076,14,3,1.9178271155974393,2.2969295892603157,0.3791024736628763,0.17660590706258497,0.05899305108564501,0.0,0
44076,15,1,1.5242937530203247,1.71510779168592,0.19081403866559543,0.17679830640634683,0.0,0.0,0
44076,15,2,1.5242937530203247,1.8826722201104338,0.3583784670901091,0.25916112315424905,0.08236281674790222,0.0,0
44076,15,3,1.5242937530203247,1.8775411486674263,0.3532473956471016,0.296684314284185,0.11988600787783818,0.0,0
44076,16,1,1.9962516077617103,2.07101028913704,0.0747586813753296,0.14328846593070416,0.0,0.0,0
44076,16,2,1.9962516077617103,2.160892558594099,0.16464095083238872,0.2201713072376373,0.07688284130693315,0.0,0
44076,16,3,1.9962516077617103,2.114305991893675,0.11805438413196478,0.23602514921943746,0.0927366832887333,0.0,0
44076,17,1,1.7271705082860287,1.7951622143808752,0.0679917060948465,0.25145065402952915,0.0,0.0,0
44076,17,2,1.7271705082860287,2.045157334326215,0.31798682604018613,0.3315237117646255,0.08007305773509632,0.0,0
44076,17,3,1.7271705082860287,1.9728010589706368,0.24563055068460815,0.35809840729511505,0.1066477532655859,0.0,0
44076,18,1,1.8549539166071274,1.939838341526721,0.08488442491959369,0.1335335623578538,0.0,0.0,0
44076,18,2,1.8549539166071274,1.986204283754433,0.13125036714730554,0.22065806674713592,0.08712450438928213,0.0,0
44076,18,3,1.8549539166071274,2.004301486443451,0.1493475698363238,0.2334935419745345,0.09995997961668071,0.0,0
44076,19,1,1.509908765318914,1.7971250927159712,0.28721632739705716,0.16790282487228997,0.0,0.05326465271275088,1
44076,19,2,1.509908765318914,2.0589985867942846,0.5490898214753706,0.23549164690096414,0.06758882202867417,0.0,0
44076,19,3,1.509908765318914,1.950801405129495,0.440892639810581,0.2628389107630254,0.09493608589073543,0.0,0
44076,20,1,5.70244093013055,5.783789330778236,0.08134840064768678,0.20729718013731588,0.0,0.053264652712750854,1
44076,20,2,5.70244093013055,5.88054209512678,0.17810116499623074,0.22928590975911362,0.021988729621797737,0.0,0
44076,20,3,5.70244093013055,5.884924376114898,0.1824834459843485,0.2944573505505396,0.08716017041322374,0.0,0
44076,21,1,1.2746415546188228,1.6184737821833735,0.3438322275645507,0.1169156942884313,0.0,0.05326465271275087,1
44076,21,2,1.2746415546188228,1.8977732011986383,0.6231316465798156,0.18151456975921276,0.06459887547078147,0.0,0
44076,21,3,1.2746415546188228,1.7375863715242672,0.4629448169054444,0.21680629317012107,0.09989059888168977,0.0,0
44076,22,1,3.4368272948559904,4.155661939746684,0.7188346448906939,0.22549517472065322,0.011929494657944323,0.0,0
44076,22,2,3.4368272948559904,3.9106975417086844,0.4738702468526941,0.22509312256772293,0.01152744250501403,0.0,0
44076,22,3,3.4368272948559904,4.467309396317123,1.030482101461133,0.2135656800627089,0.0,0.0,0
44076,23,1,3.1400603820586475,3.6343582228554334,0.49429784079678596,0.16254028048551472,0.0033781535172703325,0.0,0
44076,23,2,3.1400603820586475,3.392989076395948,0.25292869433730036,0.1593021500495533,0.00014002308130892094,0.0,0
44076,23,3,3.1400603820586475,3.9767501693693683,0.8366897873107209,0.1591621269682444,0.0,0.0,0
44076,24,1,3.238406751559313,3.8961148734108613,0.6577081218515484,0.12325497940574061,0.02921746810680846,0.0,0
44076,24,2,3.238406751559313,3.623238555524331,0.38483180396501826,0.0947353350555655,0.0006978237566333534,0.0,0
44076,24,3,3.238406751559313,4.208156897889724,0.9697501463304112,0.09403751129893215,0.0,0.0,0
44076,25,1,4.602222485747194,5.044040736786227,0.4418182510390336,0.10553464792432941,0.03571450214019005,0.0,0
44076,25,2,4.602222485747194,4.895322290179684,0.2930998044324902,0.07302560880398845,0.0032054630198490863,0.0,0
44076,25,3,4.602222485747194,5.3733253799742275,0.7711028942270337,0.06982014578413936,0.0,0.0,0
44076,26,1,1.4770335620151183,1.6054995271855461,0.12846596517042785,0.1422776554058158,0.0,0.0,0
44076,26,2,1.4770335620151183,1.6735495225330095,0.19651596051789122,0.22363868107472137,0.08136102566890557,0.0,0
44076,26,3,1.4770335620151183,1.6366126879881393,0.15957912597302104,0.24377349042724022,0.10149583502142442,0.0,0
44076,27,1,1.4405852176216754,1.691116121384163,0.25053090376248766,0.26038315182371025,0.0,0.0,0
44076,27,2,1.4405852176216754,1.6794991024132049,0.23891388479152953,0.31682247381319867,0.05643932198948842,0.0,0
44076,27,3,1.4405852176216754,1.704567821688192,0.26398260406651675,0.35603742931513666,0.09565427749142641,0.0,0
44076,28,1,1.6446102458775063,1.8410108900908972,0.19640064421339098,0.21496842156037282,0.0,0.0,0
44076,28,2,1.6446102458775063,1.9533966217241545,0.30878637584664825,0.30529306792784033,0.09032464636746751,0.0,0
44076,28,3,1.6446102458775063,1.9766351610748418,0.33202491519733557,0.34940056262969943,0.1344321410693266,0.0,0
44076,29,1,3.3918493506594536,3.5485929602463115,0.15674360958685796,0.22586900552345718,0.0,0.0,0
44076,29,2,3.3918493506594536,3.824994193624015,0.43314484296456124,0.34029568428837165,0.11442667876491447,0.0,0
44076,29,3,3.3918493506594536,3.64726482378164,0.2554154731221865,0.3521585303398349,0.12628952481637773,0.0,0
44076,30,1,3.167500689510737,3.8076175488300508,0.6401168593193138,0.18648267580578998,0.0,0.0,0
44076,30,2,3.167500689510737,4.323561191766338,1.1560605022556008,0.31569155054603565,0.12920887474024567,0.0,0
44076,30,3,3.167500689510737,4.09302207964852,0.9255213901377832,0.30567347354186714,0.11919079773607716,0.0,0
44076,31,1,1.6531629968366945,2.0317113523578225,0.378548355521128,0.21460718162696632,0.0,0.0,0
44076,31,2,1.6531629968366945,2.2679276599672136,0.614764663130519,0.3444258533028046,0.1298186716758383,0.0,0
44076,31,3,1.6531629968366945,2.1563692285856506,0.5032062317489561,0.3505898684219998,0.13598268679503348,0.0,0
44076,32,1,1.804163702121641,2.0968548169523897,0.2926911148307487,0.1792136752963199,0.0,0.0,0
44076,32,2,1.804163702121641,2.8650288679164215,1.0608651657947805,0.34787604246031684,0.16866236716399693,0.0,0
44076,32,3,1.804163702121641,2.5573941418101773,0.7532304396885363,0.3351126924746328,0.15589901717831292,0.0,0
44076,33,1,1.422660545876322,1.793536984749215,0.3708764388728931,0.2787952533971959,0.0,0.09823568893678158,1
44076,33,2,1.422660545876322,2.063018305057329,0.6403577591810072,0.39253616655425266,0.11374091315705676,0.0,0
44076,33,3,1.422660545876322,1.8298196682134251,0.40715912233710316,0.41686559339929935,0.13807034000210344,0.0,0
44076,34,1,1.28782600590187,2.027746133587095,0.7399201276852252,0.25364073480883115,0.0,0.09823568893678158,1
44076,34,2,1.28782600590187,2.365439255307778,1.0776132494059079,0.37255200742499706,0.11891127261616591,0.0,0
44076,34,3,1.28782600590187,2.1363138945431004,0.8484878886412304,0.3728171354049698,0.11917640059613865,0.0,0
44076,35,1,2.176606144081552,2.552820335974825,0.3762141918932729,0.23411606892410905,0.0,0.0982356889367816,1
44076,35,2,2.176606144081552,3.2054311098605495,1.0288249657789974,0.3664848921790445,0.13236882325493546,0.0,0
44076,35,3,2.176606144081552,2.890780273302114,0.7141741292205621,0.361386701580266,0.12727063265615693,0.0,0
44076,36,1,1.9927511604305295,2.173885938451227,0.18113477802069733,0.20372689231807573,0.0,0.09823568893678158,1
44076,36,2,1.9927511604305295,2.942484237204859,0.9497330767743297,0.2922338737979466,0.08850698147987085,0.0,0
44076,36,3,1.9927511604305295,2.5036182410914227,0.5108670806608933,0.28853246701907354,0.08480557470099781,0.0,0
44076,37,1,3.7379873867060347,3.9578499817318034,0.21986259502576866,0.14417352606457115,0.0,0.0,0
44076,37,2,3.7379873867060347,4.147792823246176,0.40980543654014134,0.21940750957901095,0.0752339835144398,0.0,0
44076,37,3,3.7379873867060347,4.168286296454631,0.4302989097485961,0.2426944154880843,0.09852088942351314,0.0,0
44076,38,1,1.3612030077791104,1.4585668035596853,0.09736379578057486,0.14327987590384333,0.0,0.0,0
44076,38,2,1.3612030077791104,1.5573847876911122,0.1961817799120018,0.22840775452890436,0.08512787862506102,0.0,0
44076,38,3,1.3612030077791104,1.523948207343347,0.1627451995642366,0.24382964451832942,0.10054976861448608,0.0,0
44076,39,1,1.5005183939550704,1.627342628958623,0.12682423500355267,0.15096002344783288,0.0,0.0,0
44076,39,2,1.5005183939550704,1.6429670808759211,0.14244868692085078,0.2482642902513729,0.09730426680354001,0.0,0
44076,39,3,1.5005183939550704,1.6333282678757424,0.132809873920672,0.26834897131691005,0.11738894786907716,0.0,0
44076,40,1,1.4079830513299723,1.6860479547611207,0.2780649034311484,0.2353575999073638,0.0,0.0,0
44076,40,2,1.4079830513299723,1.8860233422585604,0.47804029092858813,0.3109795193202869,0.0756219194129231,0.0,0
44076,40,3,1.4079830513299723,1.7719432268337587,0.36396017550378645,0.37599839505487564,0.14064079514751185,0.0,0
44076,41,1,1.2112563664285705,1.3764125423327838,0.16515617590421328,0.14106715407326606,0.0,0.0,0
44076,41,2,1.2112563664285705,1.4360034387915606,0.22474707236299007,0.2222766971314879,0.08120954305822184,0.0,0
44076,41,3,1.2112563664285705,1.4267022033730423,0.21544583694447184,0.23548592231130594,0.09441876823803988,0.0,0
44076,42,1,1.3996252719211,1.4666409718804112,0.06701569995931123,0.18190217701756858,0.0,0.0,0
44076,42,2,1.3996252719211,1.5780307043146262,0.17840543239352624,0.26521056358408895,0.08330838656652037,0.0,0
44076,42,3,1.3996252719211,1.5453935245350923,0.1457682526139923,0.29596446635328033,0.11406228933571175,0.0,0
44076,43,1,1.8370344379073338,1.9590268249972744,0.12199238708994065,0.18086740722165817,0.0,0.0,0
44076,43,2,1.8370344379073338,2.0023838884352907,0.1653494505279569,0.26803086725156416,0.08716346002990599,0.0,0
44076,43,3,1.8370344379073338,2.076669072015875,0.23963463410854113,0.2829884748928115,0.10212106767115331,0.0,0
44076,44,1,1.58538454715389,1.7218869683194007,0.1365024211655106,0.13782811155063768,0.0,0.0,0
44076,44,2,1.58538454715389,1.8706172492488715,0.2852327020949814,0.21192487143592667,0.07409675988528899,0.0,0
44076,44,3,1.58538454715389,1.804343021943729,0.21895847478983899,0.22757451827301858,0.0897464067223809,0.0,0
44076,45,1,1.2281371051789294,1.3347816940044586,0.10664458882552919,0.14472092430380765,0.0,0.0,0
44076,45,2,1.2281371051789294,1.392232675907506,0.16409557072857672,0.22653244833088793,0.08181152402708028,0.0,0
44076,45,3,1.2281371051789294,1.3986976758417609,0.17056057066283148,0.24088638669652915,0.0961654623927215,0.0,0
44076,46,1,1.6089405144968516,1.6756625359601731,0.06672202146332151,0.15056151389485659,0.0,0.0,0
44076,46,2,1.6089405144968516,1.7406151471686997,0.1316746326718481,0.26002966056294063,0.10946814666808405,0.0,0
44076,46,3,1.6089405144968516,1.6854382785781752,0.07649776408132358,0.27059477137833987,0.12003325748348329,0.0,0
44076,47,1,2.2820986178115126,3.060181444987024,0.7780828271755116,0.17178671088992045,0.017697908713540433,0.08214521590601381,1
44076,47,2,2.2820986178115126,3.3891572234789242,1.1070586056674117,0.15408880217638002,0.0,0.05168463787016003,1
44076,47,3,2.2820986178115126,2.7312882484920156,0.449189630680503,0.20219408317216622,0.048105280995786204,0.0,0
44076,48,1,2.139514446056012,2.25985916477021,0.12034471871419816,0.13213093697169262,0.0,0.08214521590601387,1
44076,48,2,2.139514446056012,2.457746807983564,0.318232361927552,0.164979441589598,0.032848504617905394,0.05168463787016003,1
44076,48,3,2.139514446056012,2.41960774165195,0.2800932955959383,0.18489674813421103,0.05276581116251841,0.0,0
44076,49,1,1.8054360166773749,1.936493700974371,0.13105768429699616,0.13961836722124651,0.0,0.0,0
44076,49,2,1.8054360166773749,2.1170437711672347,0.3116077544898599,0.21406855539300226,0.07445018817175575,0.0,0
44076,49,3,1.8054360166773749,2.052590920028666,0.2471549033512912,0.22937399845370468,0.08975563123245817,0.0,0
44076,50,1,5.641838218936894,5.819704478835433,0.177866259898539,0.19559116705146737,0.0,0.07139432529707526,1
44076,50,2,5.641838218936894,5.919542728932825,0.27770450999593077,0.19684986967238177,0.0012587026209144037,0.0,0
44076,50,3,5.641838218936894,5.888172304212823,0.2463340852759286,0.22412866087868616,0.02853749382721879,0.0,0
44076,51,1,11.269183989351498,11.501203176492954,0.23201918714145542,0.19575674126911702,0.02031469223072538,0.07139432529707529,1
44076,51,2,11.269183989351498,11.47441016864349,0.20522617929199072,0.17544204903839164,0.0,0.0,0
44076,51,3,11.269183989351498,11.457264701030642,0.18808071167914342,0.20314373205403058,0.02770168301563894,0.0,0
44076,52,1,2.5867801974849955,3.4546773705049127,0.8678971730199172,0.1558695441525126,0.00579549521879269,0.07139432529707529,1
44076,52,2,2.5867801974849955,3.2468962766784903,0.6601160791934948,0.15007404893371992,0.0,0.0,0
44076,52,3,2.5867801974849955,2.85506029730346,0.26828009981846446,0.15724542195464872,0.007171373020928795,0.0,0
44076,53,1,1.7507354220561624,1.8150831119313318,0.06434768987516937,0.21068282396648957,0.0,0.0,0
44076,53,2,1.7507354220561624,2.0022988038896656,0.25156338183350324,0.28967436686288056,0.07899154289639099,0.0,0
44076,53,3,1.7507354220561624,1.825389506445962,0.07465408438979959,0.333114757384202,0.12243193341771241,0.0,0
44076,54,1,1.832251501428809,1.9492110333649086,0.11695953193609965,0.13623945224975154,0.0,0.0,0
44076,54,2,1.832251501428809,2.08520371207698,0.25295221064817097,0.21581513994956197,0.07957568769981044,0.0,0
44076,54,3,1.832251501428809,1.9949151244264869,0.1626636229976779,0.2360591512358645,0.09981969898611295,0.0,0
44076,55,1,1.8527339667181608,1.927198105387037,0.07446413866887625,0.24071918635192677,0.0,0.0,0
44076,55,2,1.8527339667181608,2.08103382912295,0.22829986240478917,0.3275834587190229,0.08686427236709612,0.0,0
44076,55,3,1.8527339667181608,2.0133718786279067,0.16063791190974586,0.37525699035482457,0.1345378040028978,0.0,0
44076,56,1,1.4635977663605957,1.7200034559296065,0.2564056895690108,0.1428155294371032,0.0,0.02354335640210012,1
44076,56,2,1.4635977663605957,1.9339208764221651,0.47032311006156946,0.21662532726339465,0.07380979782629143,0.0,0
44076,56,3,1.4635977663605957,1.8280370939541584,0.3644393275935627,0.24055509264184222,0.097739563204739,0.0,0
44076,57,1,1.6693039595396109,1.9416596951858807,0.2723557356462698,0.1701301954075969,0.0,0.02354335640210009,1
44076,57,2,1.6693039595396109,2.1790607260288533,0.5097567664892424,0.2240620120206758,0.05393181661307889,0.0,0
44076,57,3,1.6693039595396109,2.0799705120613314,0.4106665525217206,0.2576549091160593,0.0875247137084624,0.0,0
44076,58,1,2.1922168270685054,2.430008463506606,0.23779163643810053,0.11333710942029095,0.0,0.023543356402100105,1
44076,58,2,2.1922168270685054,2.608950983864638,0.41673415679613246,0.17709454635874686,0.06375743693845591,0.0,0
44076,58,3,2.1922168270685054,2.462516385418993,0.2702995583504877,0.2017528467520563,0.08841573733176535,0.0,0
44076,59,1,1.4936138307286888,1.5932628209086812,0.0996489901799924,0.19574662210332427,0.0,0.0,0
44076,59,2,1.4936138307286888,1.6128750326322323,0.1192612019035435,0.27547989921405797,0.07973327711073369,0.0,0
44076,59,3,1.4936138307286888,1.6845016112508078,0.19088778052211897,0.3156468038237489,0.1199001817204246,0.0,0
44076,60,1,1.445403929580039,1.5692386806435363,0.1238347510634974,0.13933041207972502,0.0,0.0,0
44076,60,2,1.445403929580039,1.6515231459130313,0.20611921633299235,0.21381989250549566,0.07448948042577064,0.0,0
44076,60,3,1.445403929580039,1.6655657059837812,0.22016177640374224,0.2276328220928621,0.08830241001313707,0.0,0
44076,61,1,1.585060717149831,1.6515366573244248,0.0664759401745938,0.1522538174903137,0.0,0.0,0
44076,61,2,1.585060717149831,1.6940643614714326,0.10900364432160159,0.2554508569656582,0.10319703947534453,0.0,0
44076,61,3,1.585060717149831,1.654094658654908,0.06903394150507691,0.2703636050744628,0.11810978758414908,0.0,0
44076,62,1,1.3572063313116252,1.4859533170213945,0.1287469857097694,0.14115956500265314,0.0,0.09760749992924875,1
44076,62,2,1.3572063313116252,1.643800483403222,0.2865941520915969,0.2209110461585125,0.07975148115585937,0.0,0
44076,62,3,1.3572063313116252,1.547979392778071,0.1907730614664458,0.23995879375157395,0.0987992287489208,0.0,0
44076,63,1,1.4273000542758854,1.4850960770235797,0.05779602274769435,0.24078735773320242,0.0,0.09760749992924878,1
44076,63,2,1.4273000542758854,1.537829924203597,0.11052986992771174,0.31937150983133644,0.07858415209813402,0.0,0
44076,63,3,1.4273000542758854,1.499830451826922,0.07253039755103674,0.3620125985967307,0.12122524086352826,0.0,0
44076,64,1,2.964787722634335,3.283399814517607,0.318612091883272,0.16331249922470897,0.0,0.09760749992924876,1
44076,64,2,2.964787722634335,3.368408211691947,0.4036204890576123,0.23416486226051111,0.07085236303580214,0.0,0
44076,64,3,2.964787722634335,3.347799108492775,0.3830113858584401,0.27440767418116485,0.11109517495645588,0.0,0
44076,65,1,1.3084189183749646,1.4619944996699916,0.15357558129502702,0.2586997848723039,0.0,0.06510356650102184,1
44076,65,2,1.3084189183749646,1.6623882398630108,0.35396932148804616,0.34442421202792456,0.08572442715562067,0.0,0
44076,65,3,1.3084189183749646,1.6009840020839803,0.2925650837090157,0.396505424314486,0.1378056394421821,0.0,0
44076,66,1,2.424701018903555,2.839328339640955,0.41462732073740005,0.1656770753380566,0.0,0.06510356650102184,1
44076,66,2,2.424701018903555,2.9927736430569527,0.5680726241533978,0.26795324293198813,0.10227616759393154,0.0,0
44076,66,3,2.424701018903555,2.918470305642586,0.4937692867390311,0.31689773527784154,0.15122065993978495,0.0,0
44076,67,1,2.1704839953831856,2.886327517003431,0.7158435216202452,0.26989378379900403,0.014248920329666515,0.06510356650102181,1
44076,67,2,2.1704839953831856,2.846193528810235,0.6757095334270495,0.2556448634693375,0.0,0.0,0
44076,67,3,2.1704839953831856,2.387659583645857,0.21717558826267158,0.30558319627746583,0.049938332808128316,0.0,0
44076,68,1,16.79598197395363,16.926773190915842,0.13079121696221208,0.17452864979816435,0.0,0.0,0
44076,68,2,16.79598197395363,16.897214784561157,0.10123281060752731,0.2174063319930232,0.04287768219485885,2.669995381587853e-05,0
44076,68,3,16.79598197395363,16.89362986531756,0.09764789136393048,0.22224588316270624,0.047717233364541894,0.017805208296436337,1
44076,69,1,20.092483922938488,20.144475551630087,0.051991628691599345,0.1895230099840917,0.0,0.0,0
44076,69,2,20.092483922938488,20.165099489364696,0.07261556642620803,0.19503063147181668,0.00550762148772499,0.03833500592292963,1
44076,69,3,20.092483922938488,20.1023500283478,0.009866105409312098,0.19523710724951607,0.005714097265424378,0.026581149487583056,1
44076,70,1,20.436340300762847,20.498578959600202,0.06223865883735513,0.1584510467660842,0.011796956275655385,0.011753856435346571,1
44076,70,2,20.436340300762847,20.510921856358703,0.07458155559585578,0.14665409049042882,0.0,0.0,0
44076,70,3,20.436340300762847,20.441742326498066,0.00540202573521853,0.16501937413972975,0.01836528364930093,0.020556497580309196,1
44076,71,1,18.447254844114713,18.556740423358963,0.10948557924425018,0.0955071338823655,0.0,0.0,0
44076,71,2,18.447254844114713,18.48646640392905,0.039211559814336994,0.10699130348651315,0.011484169604147651,0.020556497580309183,1
44076,71,3,18.447254844114713,18.515636870371672,0.068382026256959,0.11904995202464302,0.02354281814227753,0.020556497580309183,1
44076,72,1,30.065091751719514,30.14659631387233,0.08150456215281565,0.14039449946923535,0.0,0.0024099962017399834,0
44076,72,2,30.065091751719514,30.18663894256112,0.12154719084160703,0.20339220281052117,0.06299770334128582,0.0,0
44076,72,3,30.065091751719514,30.127717868642446,0.06262611692293163,0.20124853898582826,0.060854039516592906,0.010304982112456507,1
44076,73,1,31.929602010547818,31.996193215323096,0.06659120477527836,0.16052369774438519,0.0,0.0,0
44076,73,2,31.929602010547818,32.02873057788597,0.09912856733815545,0.19715911940151387,0.036635421657128686,0.010304982112456493,1
44076,73,3,31.929602010547818,31.971973952911064,0.04237194236324626,0.18716756911519025,0.026643871370805067,0.01867609131293972,1
44076,74,1,11.405175580213534,11.43850877855223,0.033333198338695524,0.11672566042160233,0.0,0.0,0
44076,74,2,11.405175580213534,11.474887116081861,0.06971153586832735,0.16164169860855612,0.04491603818695379,0.03469428725759101,1
44076,74,3,11.405175580213534,11.490567375382984,0.08539179516944984,0.18808635360536277,0.07136069318376044,0.0599562833591942,1
44076,75,1,15.432330101825602,15.4497461494235,0.017416047597897943,0.15628548172597023,0.0,0.0,0
44076,75,2,15.432330101825602,15.527605476515202,0.09527537468959935,0.17906894083431932,0.022783459108349086,0.025261996101603196,1
44076,75,3,15.432330101825602,15.477290435574668,0.044960333749065384,0.24057305284315014,0.08428757111717991,0.025261996101603196,1
44077,0,1,2.308102562643117,2.5039705672356747,0.19586800459255782,0.13655485464450962,0.0,0.0,0
44077,0,2,2.308102562643117,2.8394354272345814,0.5313328645914646,0.1500083443441254,0.013453489699615795,0.0,0
44077,0,3,2.308102562643117,2.6928443132814466,0.3847417506383297,0.16488249853215975,0.028327643887650134,0.0,0
44077,1,1,1.6513880629665691,1.9332213268632081,0.281833263896639,0.18671202863166028,0.0,0.0,0
44077,1,2,1.6513880629665691,2.166711489774324,0.5153234268077549,0.1887247070771472,0.002012678445486915,0.0,0
44077,1,3,1.6513880629665691,2.037005142298592,0.38561707933202305,0.21220035330257905,0.02548832467091877,0.0,0
44077,2,1,4.330453485708153,4.4393481192520055,0.10889463354385231,0.24557274114400812,0.0,0.0,0
44077,2,2,4.330453485708153,4.499062647918352,0.16860916221019906,0.3006508588879161,0.05507811774390797,0.0,0
44077,2,3,4.330453485708153,4.501979731147917,0.1715262454397637,0.3653685639359081,0.11979582279189999,0.0,0
44077,3,1,2.0963411549212836,2.163738972493608,0.06739781757232421,0.13327541049698946,0.0,0.0,0
44077,3,2,2.0963411549212836,2.359262596704194,0.2629214417829102,0.15822560139211467,0.024950190895125207,0.0,0
44077,3,3,2.0963411549212836,2.376210969296963,0.2798698143756795,0.1625621379120027,0.02928672741501323,0.0,0
44077,4,1,1.1347464054179532,1.322671301273918,0.18792489585596472,0.13684637357422963,0.0,0.0,0
44077,4,2,1.1347464054179532,1.5964023325087038,0.46165592709075054,0.19305895440122775,0.05621258082699812,0.0,0
44077,4,3,1.1347464054179532,1.5543701150133404,0.4196237095953872,0.21413180137815105,0.07728542780392142,0.0,0
44077,5,1,1.1247435168894682,1.5107821908443668,0.38603867395489866,0.1924507413287262,0.0,0.02513686409497573,1
44077,5,2,1.1247435168894682,1.6993346094615354,0.5745910925720672,0.19881554063040835,0.006364799301682156,0.0,0
44077,5,3,1.1247435168894682,1.5237893956848763,0.3990458787954081,0.2155355525649469,0.023084811236220693,0.0,0
44077,6,1,2.2812890677381743,2.6943160474526744,0.4130269797145001,0.15784498840094616,0.0,0.02513686409497573,1
44077,6,2,2.2812890677381743,2.7289888369371225,0.44769976919894816,0.18661188201955953,0.02876689361861337,0.0,0
44077,6,3,2.2812890677381743,2.955695042145053,0.6744059744068789,0.21522846406624546,0.057383475665299305,0.0,0
44077,7,1,2.3974840444451395,2.5117450421240024,0.11426099767886289,0.16198572562512825,0.0,0.025136864094975758,1
44077,7,2,2.3974840444451395,2.5415772590983847,0.1440932146532452,0.20803449621151393,0.04604877058638568,0.0,0
44077,7,3,2.3974840444451395,2.5836998014902997,0.18621575704516014,0.2480756841006043,0.08608995847547604,0.0,0
44077,8,1,1.6359540229057938,1.8781493058803338,0.24219528297453996,0.15925348361473124,0.0,0.07140958080616017,1
44077,8,2,1.6359540229057938,1.8868122198752526,0.25085819696945877,0.21424183803093075,0.05498835441619951,0.0,0
44077,8,3,1.6359540229057938,1.9149221120554014,0.2789680891496076,0.29719674266997004,0.1379432590552388,0.0,0
44077,9,1,1.275618389878193,1.5312769856874868,0.25565859580929384,0.1655995733476561,0.0,0.0714095808061602,1
44077,9,2,1.275618389878193,1.6923181346401244,0.4166997447619314,0.17526692285059614,0.009667349502940042,0.0,0
44077,9,3,1.275618389878193,1.7229021231683181,0.44728373329012516,0.17991421162527302,0.01431463827761692,0.0,0
44077,10,1,1.5568549081090581,1.6876069128509257,0.13075200474186754,0.11780355565541853,0.0,0.0714095808061602,1
44077,10,2,1.5568549081090581,1.757259832124772,0.20040492401571397,0.15688155560797434,0.039077999952555814,0.0,0
44077,10,3,1.5568549081090581,1.7048846686120052,0.14802976050294703,0.17356565657124715,0.055762100915828616,0.0,0
44077,11,1,1.966919363713926,2.1781223198418482,0.21120295612792228,0.09695830650786187,0.0,0.07140958080616018,1
44077,11,2,1.966919363713926,2.228838236436862,0.26191887272293624,0.14576967010367656,0.048811363595814686,0.0,0
44077,11,3,1.966919363713926,2.1758533887808844,0.20893402506695846,0.1700679172790659,0.07310961077120402,0.0,0
44077,12,1,1.1944295184250209,1.402246249390446,0.20781673096542508,0.15162759446594823,0.0,0.0,0
44077,12,2,1.1944295184250209,1.4755188663373027,0.2810893479122818,0.22875066947601747,0.07712307501006924,0.0,0
44077,12,3,1.1944295184250209,1.5826709987887368,0.388241480363716,0.29254252348366216,0.14091492901771394,0.0,0
44077,13,1,1.934447850523045,2.137423148595248,0.20297529807220327,0.12237992684082849,0.0,0.0,0
44077,13,2,1.934447850523045,2.3377512311672044,0.4033033806441595,0.15667342724741257,0.034293500406584077,0.0,0
44077,13,3,1.934447850523045,2.48983424709162,0.5553863965685752,0.14723972806823588,0.024859801227407385,0.0,0
44077,14,1,1.6621479427649404,1.752123351728948,0.08997540896400769,0.1958814623204234,0.0,0.0,0
44077,14,2,1.6621479427649404,1.8730043673198058,0.21085642455486542,0.2605774182724677,0.06469595595204433,0.0,0
44077,14,3,1.6621479427649404,1.8890666385052726,0.2269186957403322,0.27905901203183914,0.08317754971141575,0.0,0
44077,15,1,1.6876257706114046,1.8263525722954643,0.1387268016840597,0.07662107689737924,0.0,0.0,0
44077,15,2,1.6876257706114046,2.2450075931483955,0.5573818225369909,0.13902346479370287,0.06240238789632363,0.0,0
44077,15,3,1.6876257706114046,2.1799553284024165,0.49232955779101184,0.13679156567873868,0.060170488781359444,0.0,0
44077,16,1,2.5539141870777287,3.205454474229127,0.6515402871513984,0.17357274667714384,0.008892794244752533,0.054181958109308676,1
44077,16,2,2.5539141870777287,2.818171673806804,0.26425748672907545,0.1646799524323913,0.0,0.0,0
44077,16,3,2.5539141870777287,2.7773197152148295,0.2234055281371008,0.17387969567856368,0.00919974324617237,0.0,0
44077,17,1,5.828628846054451,6.053514874013446,0.2248860279589957,0.19904179118497653,0.0011435999063122149,0.054181958109308676,1
44077,17,2,5.828628846054451,6.23171687440659,0.40308802835213964,0.19789819127866431,0.0,0.0,0
44077,17,3,5.828628846054451,6.176920918579754,0.3482920725253029,0.24862746688578471,0.0507292756071204,0.0,0
44077,18,1,1.355387535624455,1.644807149069799,0.28941961344534417,0.10180115952044276,0.0,0.054181958109308676,1
44077,18,2,1.355387535624455,1.6554246097321492,0.3000370741076943,0.1561460502227079,0.05434489070226513,0.0,0
44077,18,3,1.355387535624455,1.6539306412290937,0.2985431056046388,0.19735552442024087,0.09555436489979811,0.0,0
44077,19,1,3.2395429830561526,3.8990996894199563,0.6595567063638037,0.21237805396470485,0.0,0.0,0
44077,19,2,3.2395429830561526,3.703675243303067,0.46413226024691445,0.22489338169667453,0.012515327731969672,0.0,0
44077,19,3,3.2395429830561526,3.6564303468010606,0.416887363744908,0.2173864738718491,0.005008419907144235,0.0,0
44077,20,1,3.095292028224379,3.542446321680471,0.44715429345609214,0.16053570490757846,0.0007262361280668261,0.0,0
44077,20,2,3.095292028224379,3.39556516484184,0.30027313661746113,0.1646476889354616,0.004838220155949979,0.0,0
44077,20,3,3.095292028224379,3.543865603132096,0.4485735749077171,0.15980946877951163,0.0,0.0,0
44077,21,1,3.2601217608685005,3.943817816530322,0.6836960556618217,0.11071738642975695,0.020260749909074546,0.0,0
44077,21,2,3.2601217608685005,4.29835798977045,1.0382362289019493,0.0904566365206824,0.0,0.0,0
44077,21,3,3.2601217608685005,3.819392770135368,0.5592710092668676,0.09360341368204417,0.0031467771613617607,0.0,0
44077,22,1,4.835787963210956,5.282696634655385,0.4469086714444286,0.08078055982167219,0.0063101168972835575,0.0,0
44077,22,2,4.835787963210956,5.035615669445524,0.1998277062345677,0.07960310765685391,0.005132664732465278,0.0,0
44077,22,3,4.835787963210956,5.2929742570625695,0.45718629385161336,0.07447044292438863,0.0,0.0,0
44077,23,1,1.4049700153194173,1.5935363057315313,0.18856629041211392,0.13060504327907316,0.0,0.0,0
44077,23,2,1.4049700153194173,1.8417860246065842,0.4368160092871669,0.15833447506073386,0.027729431781660707,0.0,0
44077,23,3,1.4049700153194173,1.9955682964006036,0.5905982810811863,0.159875979773645,0.029270936494571853,0.0,0
44077,24,1,1.243364338583536,1.7503080027207794,0.5069436641372433,0.25111327566027714,0.0,0.0,0
44077,24,2,1.243364338583536,1.7573951163967834,0.5140307778132474,0.27420000554092294,0.023086729880645807,0.0,0
44077,24,3,1.243364338583536,1.7473417007013965,0.5039773621178605,0.2924691483098093,0.041355872649532166,0.0,0
44077,25,1,1.5109823285871307,1.6210774713558174,0.1100951427686867,0.16990846695780473,0.0,0.0,0
44077,25,2,1.5109823285871307,1.7101956071715443,0.19921327858441362,0.2143923065717343,0.04448383961392957,0.0,0
44077,25,3,1.5109823285871307,1.7491399254695132,0.23815759688238258,0.24315499576344649,0.07324652880564175,0.0,0
44077,26,1,3.273920338473123,3.4409303690672255,0.1670100305941027,0.2030680421370308,0.0,0.0,0
44077,26,2,3.273920338473123,3.8438179984752177,0.5698976600020949,0.302959106284724,0.09989106414769319,0.0,0
44077,26,3,3.273920338473123,3.477899893023172,0.20397955455004935,0.3352342731504706,0.1321662310134398,0.0,0
44077,27,1,3.1150536196436844,3.616922532607724,0.5018689129640395,0.19236714477895006,0.0,0.0,0
44077,27,2,3.1150536196436844,3.9565795386542617,0.8415259190105773,0.24994975654938192,0.05758261177043186,0.0,0
44077,27,3,3.1150536196436844,3.8904532591757586,0.7753996395320741,0.22643902851717168,0.03407188373822162,0.0,0
44077,28,1,1.6194716310694897,2.0436211811266087,0.4241495500571191,0.2053475350672779,0.0,0.0,0
44077,28,2,1.6194716310694897,2.8279114690983507,1.208439838028861,0.2975293577432744,0.09218182267599648,0.0,0
44077,28,3,1.6194716310694897,2.456339253523572,0.8368676224540825,0.266879529589837,0.061531994522559114,0.0,0
44077,29,1,1.4544599868582249,1.692538965933089,0.23807897907486408,0.12917731926456835,0.0,0.0,0
44077,29,2,1.4544599868582249,2.617607918678076,1.163147931819851,0.2589941758500498,0.12981685658548145,0.0,0
44077,29,3,1.4544599868582249,1.9841899989831728,0.529730012124948,0.22111807455259555,0.0919407552880272,0.0,0
44077,30,1,1.4555686145242934,1.9534150097250182,0.4978463952007248,0.2518814709803127,0.0,0.09928796718114541,1
44077,30,2,1.4555686145242934,1.8632777357066916,0.4077091211823982,0.29043017064706894,0.038548699666756225,0.0,0
44077,30,3,1.4555686145242934,1.9894915338976946,0.5339229193734012,0.3598788238163342,0.10799735283602147,0.0,0
44077,31,1,1.1859332536375877,1.8548731848098072,0.6689399311722195,0.20680174379530752,0.0,0.09928796718114538,1
44077,31,2,1.1859332536375877,1.9377041373563884,0.7517708837188006,0.2528074828524816,0.04600573905717409,0.0,0
44077,31,3,1.1859332536375877,2.176742683873967,0.9908094302363795,0.2715551425322707,0.06475339873696317,0.0,0
44077,32,1,1.8776932002238298,2.353958786327047,0.47626558610321723,0.16743763677075862,0.0,0.09928796718114541,1
44077,32,2,1.8776932002238298,2.456491280689905,0.5787980804660751,0.2205431145911649,0.05310547782040628,0.0,0
44077,32,3,1.8776932002238298,2.6573911257736738,0.779697925549844,0.24506046503558618,0.07762282826482755,0.0,0
44077,33,1,2.1069207807146695,2.2208403966423096,0.1139196159276401,0.17479389803318326,0.0,0.09928796718114541,1
44077,33,2,2.1069207807146695,2.21267913180649,0.1057583510918203,0.2136582614632851,0.03886436343010183,0.0,0
44077,33,3,2.1069207807146695,2.3343079359920273,0.22738715527735787,0.2593011831899728,0.08450728515678954,0.0,0
44077,34,1,3.66476629133697,4.054117972755014,0.3893516814180442,0.13737035251410934,0.0,0.0,0
44077,34,2,3.66476629133697,4.059733141642203,0.3949668503052335,0.16191163355199067,0.024541281037881335,0.0,0
44077,34,3,3.66476629133697,4.287941758892281,0.6231754675553107,0.1696079879227718,0.03223763540866245,0.0,0
44077,35,1,1.2359594734657642,1.439233204264718,0.20327373079895383,0.13603672340834738,0.0,0.0,0
44077,35,2,1.2359594734657642,1.776518529349855,0.5405590558840909,0.15845381868184016,0.022417095273492782,0.0,0
44077,35,3,1.2359594734657642,1.8658975256662067,0.6299380522004425,0.1584176395557316,0.022380916147384217,0.0,0
44077,36,1,1.3326979756871369,1.4914203802256871,0.15872240453855024,0.10565167844040237,0.0,0.0,0
44077,36,2,1.3326979756871369,1.612443432510048,0.2797454568229112,0.16511749058514094,0.059465812144738575,0.0,0
44077,36,3,1.3326979756871369,1.4698594659182422,0.13716149023110535,0.17625863208479722,0.07060695364439486,0.0,0
44077,37,1,1.344738462549057,1.7845245851233724,0.4397861225743154,0.22270169204108858,0.0,0.0,0
44077,37,2,1.344738462549057,1.7287639238388013,0.38402546128974424,0.272780829075593,0.050079137034504395,0.0,0
44077,37,3,1.344738462549057,2.0599860054893746,0.7152475429403176,0.3365288839865602,0.11382719194547164,0.0,0
44077,38,1,1.0486856606318018,1.3310950568522686,0.2824093962204668,0.12780866294011728,0.0,0.0,0
44077,38,2,1.0486856606318018,1.6434425502760786,0.5947568896442768,0.14836243804596524,0.020553775105847966,0.0,0
44077,38,3,1.0486856606318018,1.7905561396571472,0.7418704790253454,0.14300074650977426,0.015192083569656983,0.0,0
44077,39,1,1.15409352382636,1.33901513755695,0.1849216137305898,0.110945671494584,0.0,0.0,0
44077,39,2,1.15409352382636,1.6474155046091163,0.49332198078275624,0.16974846253229353,0.05880279103770954,0.0,0
44077,39,3,1.15409352382636,1.5803308550607718,0.42623733123441165,0.17503700300741454,0.06409133151283054,0.0,0
44077,40,1,1.4399095162879412,1.528102701402513,0.08819318511457186,0.12270867689440135,0.0,0.0,0
44077,40,2,1.4399095162879412,1.7329802697037349,0.2930707534157937,0.18725758439620738,0.06454890750180603,0.0,0
44077,40,3,1.4399095162879412,1.6397383589016337,0.1998288426136925,0.19182284625707655,0.0691141693626752,0.0,0
44077,41,1,1.5227531502005003,1.7468399429674935,0.22408679276699317,0.12587737741274635,0.0,0.0,0
44077,41,2,1.5227531502005003,2.010985738273223,0.4882325880727225,0.14661219293706032,0.02073481552431397,0.0,0
44077,41,3,1.5227531502005003,2.102930498918755,0.5801773487182547,0.14309092409956384,0.017213546686817488,0.0,0
44077,42,1,1.0096633485257738,1.2663500607538827,0.2566867122281089,0.12867910105428432,0.0,0.0,0
44077,42,2,1.0096633485257738,1.6014295321148044,0.5917661835890307,0.15150574184929624,0.022826640795011927,0.0,0
44077,42,3,1.0096633485257738,1.7246791715692715,0.7150158230434978,0.1463249944752556,0.01764589342097128,0.0,0
44077,43,1,1.366124242574529,1.4410499238123715,0.07492568123784249,0.09877615998293628,0.0,0.0,0
44077,43,2,1.366124242574529,1.7728026988597623,0.40667845628523325,0.18165644129563574,0.08288028131269946,0.0,0
44077,43,3,1.366124242574529,1.7092047887931436,0.3430805462186146,0.17680791633566256,0.07803175635272629,0.0,0
44077,44,1,2.575188236386484,2.8715551026972084,0.2963668663107244,0.1194265299188662,0.0,0.08637731193988041,1
44077,44,2,2.575188236386484,3.4233170328075944,0.8481287964211104,0.12127211812159576,0.0018455882027295645,0.053520773973029234,1
44077,44,3,2.575188236386484,3.0162910343842326,0.44110279799774865,0.13670099436904237,0.017274464450176177,0.0,0
44077,45,1,1.7810032746281006,2.2055239388770937,0.42452066424899315,0.10604265589667591,0.0,0.08637731193988046,1
44077,45,2,1.7810032746281006,2.1612350582857234,0.3802317836576228,0.19011229804973656,0.08406964215306065,0.053520773973029206,1
44077,45,3,1.7810032746281006,2.634614647660623,0.8536113730325223,0.25081727855724933,0.14477462266057342,0.0,0
44077,46,1,1.8018529495693993,2.072993405283598,0.27114045571419876,0.12679361767594768,0.0,0.0,0
44077,46,2,1.8018529495693993,2.4127214041523457,0.6108684545829464,0.14734668815863028,0.020553070482682595,0.0,0
44077,46,3,1.8018529495693993,2.4054841228287804,0.6036311732593811,0.1437816435988074,0.016988025922859723,0.0,0
44077,47,1,5.815888052630717,5.959801580207538,0.14391352757682085,0.21408424963853884,0.0,0.07086647870522647,1
44077,47,2,5.815888052630717,6.105216847297717,0.289328794667,0.21444653961710813,0.0003622899785692968,0.0,0
44077,47,3,5.815888052630717,6.105850681497329,0.28996262886661217,0.2712503210652906,0.057166071426751786,0.0,0
44077,48,1,11.503604213618036,11.572025312036677,0.06842109841864108,0.16494224615621159,0.0,0.07086647870522644,1
44077,48,2,11.503604213618036,11.616416420086267,0.11281220646823087,0.1964244794681584,0.03148223331194683,0.0,0
44077,48,3,11.503604213618036,11.634748955953809,0.13114474233577234,0.2579779574464313,0.09303571129021973,0.0,0
44077,49,1,2.057407142880072,3.909347531467752,1.8519403885876797,0.16085226814329803,0.005880055341851181,0.07086647870522644,1
44077,49,2,2.057407142880072,2.8845374434275644,0.8271303005474921,0.15497221280144685,0.0,0.0,0
44077,49,3,2.057407142880072,3.8333682867125076,1.7759611438324354,0.15498526480584623,1.3052004399383144e-05,0.0,0
44077,50,1,1.4409847823150908,1.6895789511518384,0.24859416883674768,0.19489066286040474,0.0,0.0,0
44077,50,2,1.4409847823150908,1.7678599866879003,0.3268752043728096,0.2336604689416122,0.03876980608120745,0.0,0
44077,50,3,1.4409847823150908,1.77732851499847,0.33634373268337936,0.2451876591590367,0.05029699629863196,0.0,0
44077,51,1,1.8604725592537192,1.9895584671989446,0.12908590794522534,0.13146917521860774,0.0,0.0,0
44077,51,2,1.8604725592537192,2.2367842112345597,0.3763116519808405,0.1532161190645052,0.021746943845897454,0.0,0
44077,51,3,1.8604725592537192,2.3110106912630326,0.45053813200931336,0.1593874692134169,0.027918293994809162,0.0,0
44077,52,1,1.215433867816282,1.4928035442116896,0.27736967639540766,0.1970213792862102,0.0,0.0,0
44077,52,2,1.215433867816282,1.6527946515950198,0.4373607837787379,0.24617241109761176,0.04915103181140157,0.0,0
44077,52,3,1.215433867816282,1.6779058516911989,0.46247198387491695,0.2760367540520733,0.0790153747658631,0.0,0
44077,53,1,1.9483966094632152,2.3081086708023433,0.35971206133912803,0.14047216281222089,0.0,0.02408104387328669,1
44077,53,2,1.9483966094632152,2.469829278856648,0.5214326693934326,0.14517789327439595,0.004705730462175067,0.0,0
44077,53,3,1.9483966094632152,2.2596064868168106,0.3112098773535954,0.15653084319457597,0.016058680382355084,0.0,0
44077,54,1,2.278257727017691,3.3938339446953676,1.1155762176776767,0.1760450034987787,0.018731292195292182,0.02408104387328666,1
44077,54,2,2.278257727017691,2.6363293269274024,0.3580715999097115,0.1573137113034865,0.0,0.0,0
44077,54,3,2.278257727017691,3.074555184371963,0.7962974573542723,0.16644882199634783,0.009135110692861326,0.0,0
44077,55,1,2.194540836432774,2.4029250828787276,0.20838424644595355,0.09050128245040537,0.0,0.02408104387328666,1
44077,55,2,2.194540836432774,2.479592283064256,0.28505144663148174,0.1575930087854832,0.06709172633507784,0.0,0
44077,55,3,2.194540836432774,2.4344707352826243,0.23992989884985017,0.18527104668002756,0.09476976422962219,0.0,0
44077,56,1,1.4117295335537765,1.5963905620445125,0.18466102849073596,0.18537873634783888,0.0,0.0,0
44077,56,2,1.4117295335537765,1.8727216799499111,0.4609921463961346,0.20275834214050711,0.01737960579266823,0.0,0
44077,56,3,1.4117295335537765,1.7984724664534113,0.3867429328996348,0.1985131538719015,0.013134417524062608,0.0,0
44077,57,1,1.1961520206603793,1.4535097498602823,0.25735772919990296,0.12590240049344367,0.0,0.0,0
44077,57,2,1.1961520206603793,1.7655264578993723,0.5693744372389931,0.14596837451665565,0.020065974023211974,0.0,0
44077,57,3,1.1961520206603793,1.8435506380602646,0.6473986173998854,0.14273019137916682,0.016827790885723143,0.0,0
44077,58,1,1.7773603241574218,1.8720218146246062,0.0946614904671843,0.09849229114942376,0.0,0.0,0
44077,58,2,1.7773603241574218,2.0920349623720185,0.3146746382145966,0.17388930661907204,0.07539701546964828,0.0,0
44077,58,3,1.7773603241574218,1.9708507632970034,0.19349043913958153,0.17592676494584913,0.07743447379642537,0.0,0
44077,59,1,1.3301719112373043,1.5093150794166674,0.17914316817936315,0.127970759792413,0.0,0.09796767503133258,1
44077,59,2,1.3301719112373043,1.8104947206671806,0.4803228094298764,0.15438124691259172,0.02641048712017871,0.0,0
44077,59,3,1.3301719112373043,1.8678094376589218,0.5376375264216176,0.15015151857685102,0.02218075878443801,0.0,0
44077,60,1,1.1816311446742875,1.5114816233574078,0.32985047868312023,0.23153667840272749,0.0,0.09796767503133258,1
44077,60,2,1.1816311446742875,1.6161997086959157,0.43456856402162813,0.2755502839408224,0.04401360553809494,0.0,0
44077,60,3,1.1816311446742875,1.7035535302090872,0.5219223855347996,0.3153353265350212,0.08379864813229373,0.0,0
44077,61,1,3.103539923856436,3.5896496360191668,0.4861097121627309,0.11719545145432277,0.0,0.09796767503133258,1
44077,61,2,3.103539923856436,3.5484912448090453,0.4449513209526095,0.20175600661139964,0.08456055515707687,0.0,0
44077,61,3,3.103539923856436,3.8422815067798752,0.7387415829234394,0.28076000920532573,0.16356455775100298,0.0,0
44077,62,1,1.5660508930400117,2.3067065760710888,0.7406556830310771,0.26255260673515907,0.0,0.06552527999547267,1
44077,62,2,1.5660508930400117,2.3770337344928447,0.8109828414528331,0.3313841984998758,0.06883159176471676,0.0,0
44077,62,3,1.5660508930400117,2.9526242772589093,1.3865733842188976,0.42440987747703207,0.161857270741873,0.0,0
44077,63,1,2.445653790502659,3.0083644225098842,0.5627106320072253,0.12860429990631278,0.0,0.0655252799954727,1
44077,63,2,2.445653790502659,2.993728618647081,0.5480748281444221,0.21085281589050292,0.08224851598419014,0.0,0
44077,63,3,2.445653790502659,3.1909023153452827,0.7452485248426237,0.2870243326035796,0.15842003269726684,0.0,0
44077,64,1,2.189651524988187,2.599056429572858,0.40940490458467105,0.2436726108815411,0.0,0.0655252799954727,1
44077,64,2,2.189651524988187,2.4873969230360533,0.29774539804786615,0.2617179076914529,0.01804529680991182,0.0,0
44077,64,3,2.189651524988187,2.6428204246323417,0.4531688996441545,0.2900354577976979,0.0463628469161568,0.0,0
44077,65,1,4.9736470857952515,5.172569031720474,0.19892194592522294,0.14608027704513235,0.0,0.0,0
44077,65,2,4.9736470857952515,5.218877765277738,0.24523067948248656,0.1483525370989857,0.0022722600538533366,0.0,0
44077,65,3,4.9736470857952515,5.366167619936602,0.3925205341413509,0.16953487419970506,0.02345459715457271,0.0,0
44077,66,1,2.161998269643406,2.4282643172118443,0.2662660475684384,0.15604918419211672,0.0,0.0,0
44077,66,2,2.161998269643406,2.4780385423756712,0.3160402727322653,0.19658713426142657,0.04053795006930985,0.0,0
44077,66,3,2.161998269643406,2.4021573650798507,0.24015909543644476,0.215722058257965,0.059672874065848286,0.0,0
44077,67,1,17.402818961208112,17.609551292793924,0.20673233158581183,0.1552122012562285,0.0,0.0,0
44077,67,2,17.402818961208112,17.574021854741073,0.1712028935329606,0.24048103252642103,0.08526883127019252,0.00041509276085210933,0
44077,67,3,17.402818961208112,18.026909071612263,0.6240901104041505,0.294145874434567,0.13893367317833852,0.017553945113671254,1
44077,68,1,20.682640818632702,20.811746822704823,0.12910600407212058,0.15147072058660643,0.0,0.0,0
44077,68,2,20.682640818632702,20.76826341746405,0.08562259883134615,0.20099598438997254,0.04952526380336611,0.03780514403256857,1
44077,68,3,20.682640818632702,20.889334633361614,0.20669381472891146,0.22388519358131861,0.07241447299471218,0.026193754803791852,1
44077,69,1,21.109414447698306,21.235435730713824,0.1260212830155183,0.11628906787073907,0.0,0.011611389228776747,1
44077,69,2,21.109414447698306,21.188438752302467,0.07902430460416099,0.15801017068525935,0.04172110281452028,0.0,0
44077,69,3,21.109414447698306,21.375611034454096,0.2661965867557896,0.22104391348383787,0.1047548456130988,0.020666291679749427,1
44077,70,1,18.947568072682134,19.118788124803153,0.17122005212101854,0.07827799634372389,0.0,0.0,0
44077,70,2,18.947568072682134,19.055091952219247,0.10752387953711207,0.14240520976481555,0.06412721342109166,0.020666291679749427,1
44077,70,3,18.947568072682134,19.39846999811103,0.4509019254288944,0.21222778775283166,0.1339497914091078,0.020666291679749427,1
44077,71,1,31.22391338813758,31.28366051999326,0.059747131855679925,0.15476422749334282,0.0,0.003889895424291717,0
44077,71,2,31.22391338813758,31.26769127782178,0.04377788968420049,0.20086205276342603,0.046097825270083215,0.0,0
44077,71,3,31.22391338813758,31.33417562912395,0.11026224098637272,0.20282255870589408,0.048058331212551264,0.010309439544020194,1
44077,72,1,33.04813945960089,33.11047783057676,0.06233837097587269,0.14278316372969635,0.0,0.0,0
44077,72,2,33.04813945960089,33.09815843281712,0.05001897321623261,0.1927920805561681,0.05000891682647174,0.010309439544020194,1
44077,72,3,33.04813945960089,33.108866300642816,0.060726841041926605,0.18863185407508906,0.04584869034539271,0.019165583296273075,1
44077,73,1,11.597599413052537,11.703168667384347,0.10556925433180986,0.11499718666409268,0.0,0.0,0
44077,73,2,11.597599413052537,11.736437489277744,0.13883807622520727,0.15848255091822722,0.04348536425413453,0.034614986261916586,1
44077,73,3,11.597599413052537,11.817072064420326,0.2194726513677896,0.17423960517591974,0.05924241851182706,0.06035909467563591,1
44077,74,1,15.621203077314737,15.757502367564793,0.13629929025005616,0.11329520946319294,0.0,0.0,0
44077,74,2,15.621203077314737,15.779889021494892,0.1586859441801547,0.22712248807580096,0.11382727861260802,0.025744108413719328,1
44077,74,3,15.621203077314737,16.062618937261725,0.4414158599469875,0.31440228161242756,0.20110707214923462,0.025744108413719328,1
44078,0,1,1.4167807937564993,1.6593733614207877,0.24259256766428838,0.20963619543041015,0.0,0.0,0
44078,0,2,1.4167807937564993,1.9757342241839957,0.5589534304274963,0.24331207270929087,0.03367587727888072,0.0,0
44078,0,3,1.4167807937564993,1.7196600774013528,0.3028792836448535,0.2651465942247591,0.055510398794348964,0.0,0
44078,1,1,1.446966736524284,2.517776393439514,1.07080965691523,0.25710996458954427,0.012650433465632355,0.02497805029142916,1
44078,1,2,1.446966736524284,1.893332200810025,0.4463654642857411,0.251324138526281,0.006864607402369077,0.0,0
44078,1,3,1.446966736524284,2.5108935794736285,1.0639268429493445,0.24445953112391192,0.0,0.0,0
44078,2,1,2.2154347799562326,2.440684637151461,0.2252498571952284,0.26286462783531456,0.0,0.024978050291429188,1
44078,2,2,2.2154347799562326,2.6101635524226308,0.39472877246639815,0.2810277021103618,0.018163074275047264,0.0,0
44078,2,3,2.2154347799562326,2.596335915019716,0.3809011350634832,0.3119143552705837,0.04904972743526914,0.0,0
44078,3,1,2.2450795224734206,2.498965746370458,0.2538862238970374,0.1771135584020512,0.0,0.024978050291429188,1
44078,3,2,2.2450795224734206,2.530313317768977,0.28523379529555637,0.232113097213078,0.05499953881102679,0.0,0
44078,3,3,2.2450795224734206,2.554357159270822,0.3092776367974013,0.28704845055014133,0.10993489214809013,0.0,0
44078,4,1,1.4316073291555944,2.5186218028323353,1.0870144736767409,0.24051216231063943,0.011437248651095466,0.0721504683296009,1
44078,4,2,1.4316073291555944,1.9160348613259184,0.48442753217032397,0.2385166776140907,0.009441763954546739,0.0,0
44078,4,3,1.4316073291555944,2.4013418357403458,0.9697345065847514,0.22907491365954397,0.0,0.0,0
44078,5,1,1.199653889209359,1.5505470725861894,0.3508931833768305,0.18149692846076573,0.0,0.0721504683296009,1
44078,5,2,1.199653889209359,1.8327524548434542,0.6330985656340953,0.20544377639668596,0.023946847935920224,0.0,0
44078,5,3,1.199653889209359,1.5506887462350178,0.35103485702565895,0.23355160004627543,0.05205467158550969,0.0,0
44078,6,1,2.0876125247943818,2.4251533119393804,0.3375407871449987,0.0869375365843406,0.0,0.0721504683296009,1
44078,6,2,2.0876125247943818,2.462537009394565,0.3749244846001831,0.1353082347856415,0.048370698201300896,0.0,0
44078,6,3,2.0876125247943818,2.6326875102491583,0.5450749854547765,0.1612390422516368,0.0743015056672962,0.0,0
44078,7,1,1.2738827895260623,1.398607908647565,0.12472511912150264,0.2478217852970652,0.0,0.0,0
44078,7,2,1.2738827895260623,1.5678001061108984,0.2939173165848361,0.27159199977885284,0.02377021448178765,0.0,0
44078,7,3,1.2738827895260623,1.4740425763687244,0.2001597868426621,0.3116610604788435,0.06383927518177832,0.0,0
44078,8,1,1.8630709790730926,2.1876058520442863,0.32453487297119366,0.21179827730953513,0.0,0.0,0
44078,8,2,1.8630709790730926,2.3328359721029086,0.469764993029816,0.2317939754430074,0.019995698133472267,0.0,0
44078,8,3,1.8630709790730926,2.817758503578969,0.9546875245058766,0.2174092941267329,0.005611016817197778,0.0,0
44078,9,1,1.6491858994096429,1.830152810058505,0.18096691064886206,0.2512538983921273,0.0,0.0,0
44078,9,2,1.6491858994096429,2.123341268740034,0.47415536933039126,0.31510699197201847,0.06385309357989116,0.0,0
44078,9,3,1.6491858994096429,1.9181303730511394,0.26894447364149654,0.3165414834262182,0.06528758503409088,0.0,0
44078,10,1,1.5855135021872597,1.7764468430363933,0.1909333408491336,0.10600101718495099,0.0,0.0,0
44078,10,2,1.5855135021872597,2.0090560752865962,0.4235425730993365,0.16690519760904293,0.060904180424091944,0.0,0
44078,10,3,1.5855135021872597,1.9088942155217417,0.32338071333448193,0.16918209506131107,0.06318107787636008,0.0,0
44078,11,1,1.9196114565132731,2.93755586679487,1.0179444102815967,0.2398920865446319,0.01711955000200241,0.05463541756782528,1
44078,11,2,1.9196114565132731,2.3812967674334593,0.46168531092018616,0.2227725365426295,0.0,0.0,0
44078,11,3,1.9196114565132731,2.4304420406569918,0.5108305841437186,0.23461885870326077,0.011846322160631279,0.0,0
44078,12,1,4.716782197206615,5.233220237550027,0.5164380403434121,0.23478536022211818,0.012514415243218752,0.05463541756782528,1
44078,12,2,4.716782197206615,5.233948359453828,0.5171661622472135,0.22227094497889943,0.0,0.0,0
44078,12,3,4.716782197206615,5.2333660054913,0.5165838082846852,0.24266389901208507,0.02039295403318564,0.0,0
44078,13,1,1.5393832985877243,1.9741563147318608,0.43477301614413655,0.11066473832248763,0.0,0.054635417567825285,1
44078,13,2,1.5393832985877243,2.0020991747947505,0.46271587620702626,0.15898494548539696,0.04832020716290933,0.0,0
44078,13,3,1.5393832985877243,2.237667136037929,0.6982838374502047,0.19293914466599246,0.08227440634350483,0.0,0
44078,14,1,3.356289397438835,4.184916460641441,0.8286270632026058,0.21952218511226676,0.0,0.0,0
44078,14,2,3.356289397438835,4.068335724626546,0.7120463271877107,0.22723425741177958,0.007712072299512818,0.0,0
44078,14,3,3.356289397438835,3.7001767088916844,0.34388731145284934,0.2245357663213869,0.005013581209120127,0.0,0
44078,15,1,2.9437224992247177,3.527268182715795,0.583545683491077,0.1803361533523562,0.01842571948999125,0.0,0
44078,15,2,2.9437224992247177,3.564041111890522,0.6203186126658045,0.16321854815845058,0.0013081142960856273,0.0,0
44078,15,3,2.9437224992247177,3.512794961642419,0.5690724624177013,0.16191043386236495,0.0,0.0,0
44078,16,1,3.14017880666288,3.813399731737835,0.673220925074955,0.1069750152216122,0.010770334781212657,0.0,0
44078,16,2,3.14017880666288,4.050153375519367,0.9099745688564864,0.09620468044039954,0.0,0.0,0
44078,16,3,3.14017880666288,3.679149643073921,0.5389708364110408,0.09631133981150432,0.00010665937110478085,0.0,0
44078,17,1,4.5612523906752305,5.184532329341815,0.6232799386665846,0.06627707932125503,0.0022293602957565856,0.0,0
44078,17,2,4.5612523906752305,4.992302618795735,0.43105022812050464,0.06571303567310145,0.001665316647603013,0.0,0
44078,17,3,4.5612523906752305,5.196774098299512,0.6355217076242816,0.06404771902549844,0.0,0.0,0
44078,18,1,1.401996567312296,1.8327892533979493,0.43079268608565324,0.22070584322031836,0.0,0.0,0
44078,18,2,1.401996567312296,1.74529543380365,0.3432988664913539,0.2369675862782833,0.016261743057964934,0.0,0
44078,18,3,1.401996567312296,2.0003292330316906,0.5983326657193946,0.23916464382836816,0.018458800608049802,0.0,0
44078,19,1,1.355568824311632,1.6348746453338556,0.2793058210222237,0.27811492388665443,0.0,0.0,0
44078,19,2,1.355568824311632,2.0943542424176047,0.7387854181059728,0.29131479052244386,0.013199866635789426,0.0,0
44078,19,3,1.355568824311632,2.576826495609504,1.2212576712978722,0.280758613758445,0.002643689871790589,0.0,0
44078,20,1,1.436342893914108,1.605641367304085,0.16929847338997694,0.21603683117694727,0.0,0.0,0
44078,20,2,1.436342893914108,1.7819280151056176,0.3455851211915095,0.24420773854202754,0.028170907365080267,0.0,0
44078,20,3,1.436342893914108,1.657606759424113,0.221263865510005,0.2666935665099432,0.05065673533299592,0.0,0
44078,21,1,3.0671214921466112,3.395211837831757,0.32809034568514583,0.2721721015245934,0.0,0.0,0
44078,21,2,3.0671214921466112,4.2265855961091106,1.1594641039624993,0.35348059546642524,0.08130849394183182,0.0,0
44078,21,3,3.0671214921466112,3.4311740039154666,0.36405251176885534,0.3663656346853312,0.09419353316073775,0.0,0
44078,22,1,2.865523327331437,3.463239927817637,0.5977166004862,0.2360701488846509,0.0,0.0,0
44078,22,2,2.865523327331437,3.9790037713285145,1.1134804439970774,0.3093581917583876,0.07328804287373669,0.0,0
44078,22,3,2.865523327331437,3.6648067962340614,0.7992834689026243,0.2832510985497065,0.047180949665055594,0.0,0
44078,23,1,1.5320349281385444,2.262891905152308,0.7308569770137636,0.23695413090224585,0.0,0.0,0
44078,23,2,1.5320349281385444,3.2283962606234895,1.6963613324849451,0.3353426921570621,0.09838856125481624,0.0,0
44078,23,3,1.5320349281385444,2.496540585476473,0.9645056573379287,0.3181078024289203,0.08115367152667444,0.0,0
44078,24,1,1.4570368824915025,2.0545125390402057,0.5974756565487032,0.1727392684101571,0.0,0.0,0
44078,24,2,1.4570368824915025,3.2847558365863136,1.827718954094811,0.2985596714613907,0.12582040305123357,0.0,0
44078,24,3,1.4570368824915025,2.213349828042179,0.7563129455506763,0.2668138739761781,0.09407460556602101,0.0,0
44078,25,1,1.395064858756331,2.3674876117737087,0.9724227530173777,0.2951835029312711,0.014049384655418273,0.09778364513530036,1
44078,25,2,1.395064858756331,2.095426875888201,0.7003620171318699,0.28113411827585283,0.0,0.0,0
44078,25,3,1.395064858756331,1.7883995567244066,0.39333469796807563,0.31924016212050205,0.03810604384464922,0.0,0
44078,26,1,1.1276398951990194,1.6651173783895765,0.5374774831905571,0.24706653046544574,0.0,0.09778364513530036,1
44078,26,2,1.1276398951990194,1.7672156270504629,0.6395757318514435,0.28221777180305857,0.035151241337612826,0.0,0
44078,26,3,1.1276398951990194,1.8240401306066272,0.6964002354076078,0.31017437045293,0.06310783998748426,0.0,0
44078,27,1,1.8175739934247055,2.363316133972173,0.5457421405474676,0.19957895074313714,0.0,0.09778364513530038,1
44078,27,2,1.8175739934247055,2.4529367133956996,0.6353627199709941,0.23953680559524498,0.039957854852107844,0.0,0
44078,27,3,1.8175739934247055,2.6096703160569397,0.7920963226322342,0.2490511262929946,0.04947217554985747,0.0,0
44078,28,1,1.871455464161929,2.0706596121051795,0.19920414794325048,0.16195546205473801,0.0,0.09778364513530037,1
44078,28,2,1.871455464161929,2.111794164957817,0.24033870079588793,0.21004159168385092,0.048086129629112906,0.0,0
44078,28,3,1.871455464161929,2.2333013714913297,0.3618459073294007,0.2559848340117847,0.09402937195704666,0.0,0
44078,29,1,3.507435308124338,3.7503317250985213,0.24289641697418318,0.22009214612142217,0.0,0.0,0
44078,29,2,3.507435308124338,4.042080192741528,0.5346448846171898,0.23761439067617596,0.01752224455475379,0.0,0
44078,29,3,3.507435308124338,3.779986979206967,0.272551671082629,0.238088949067746,0.01799680294632383,0.0,0
44078,30,1,1.4620279263284495,1.6971448762039958,0.23511694987554632,0.2213107813492868,0.0,0.0,0
44078,30,2,1.4620279263284495,1.8445745748790752,0.3825466485506257,0.23384506913999584,0.012534287790709031,0.0,0
44078,30,3,1.4620279263284495,2.1501517716456897,0.6881238453172402,0.22665244777885232,0.005341666429565517,0.0,0
44078,31,1,1.2090070148998298,1.6851504739082468,0.47614345900841704,0.1630372342495885,0.0,0.0,0
44078,31,2,1.2090070148998298,1.9087626463666578,0.6997556314668281,0.1884722304271162,0.025434996177527702,0.0,0
44078,31,3,1.2090070148998298,1.6662451006411174,0.45723808574128766,0.2049120326003483,0.0418747983507598,0.0,0
44078,32,1,1.361950317372911,2.108386547166207,0.7464362297932958,0.30620473348754756,0.0014547491197278162,0.0,0
44078,32,2,1.361950317372911,2.155812912293377,0.7938625949204658,0.30474998436781975,0.0,0.0,0
44078,32,3,1.361950317372911,1.8003553587165861,0.4384050413436751,0.33754737790597633,0.03279739353815658,0.0,0
44078,33,1,1.087293459752629,2.129699003028797,1.0424055432761683,0.2161953438740569,0.006773411592461476,0.0,0
44078,33,2,1.087293459752629,1.7794131287697532,0.6921196690171243,0.21993119910614367,0.010509266824548252,0.0,0
44078,33,3,1.087293459752629,2.064283507201746,0.9769900474491171,0.20942193228159542,0.0,0.0,0
44078,34,1,1.1486725711664367,1.4110573416344492,0.26238477046801245,0.21809194818904926,0.0,0.0,0
44078,34,2,1.1486725711664367,1.7554216375075604,0.6067490663411237,0.27120491378700795,0.053112965597958695,0.0,0
44078,34,3,1.1486725711664367,1.708625967344783,0.5599533961783463,0.283347711842596,0.06525576365354674,0.0,0
44078,35,1,1.5663390824481083,1.80954752951545,0.24320844706734168,0.19611937246976244,0.0,0.0,0
44078,35,2,1.5663390824481083,2.0798799339166565,0.5135408514685482,0.2536136664283383,0.05749429395857589,0.0,0
44078,35,3,1.5663390824481083,2.058339682621103,0.49200060017299463,0.2508442960852932,0.054724923615530746,0.0,0
44078,36,1,1.5100311560914714,1.9960646575415186,0.4860335014500472,0.2151557381515534,0.0,0.0,0
44078,36,2,1.5100311560914714,2.0538469210154404,0.543815764923969,0.2256958075874378,0.010540069435884397,0.0,0
44078,36,3,1.5100311560914714,2.4116548026322002,0.9016236465407288,0.22252530246120328,0.007369564309649884,0.0,0
44078,37,1,1.0744462171234732,1.9801970102471764,0.9057507931237032,0.21659351925355935,0.004114398825726534,0.0,0
44078,37,2,1.0744462171234732,1.7832841149472607,0.7088378978237875,0.22275962435267896,0.01028050392484614,0.0,0
44078,37,3,1.0744462171234732,2.0709877080554544,0.9965414909319812,0.21247912042783282,0.0,0.0,0
44078,38,1,1.3224593021117834,1.525667837225766,0.2032085351139825,0.15603114057446008,0.0,0.0,0
44078,38,2,1.3224593021117834,1.7757838790740936,0.4533245769623102,0.21691633719389614,0.06088519661943606,0.0,0
44078,38,3,1.3224593021117834,1.7694823842645815,0.44702308215279807,0.21349977464571485,0.05746863407125477,0.0,0
44078,39,1,2.186851279485983,2.361469263204409,0.17461798371842585,0.15936641811993202,0.0,0.08631071618352532,1
44078,39,2,2.186851279485983,2.884635659982936,0.697784380496953,0.17605978825957813,0.016693370139646113,0.05367858260543179,1
44078,39,3,2.186851279485983,2.5707257171934725,0.3838744377074894,0.2020170647055519,0.04265064658561987,0.0,0
44078,40,1,1.7650908627644473,2.1195379896387463,0.354447126874299,0.10843068275894416,0.0,0.08631071618352537,1
44078,40,2,1.7650908627644473,2.159513533948288,0.39442267118384056,0.155857331613014,0.04742664885406983,0.053678582605431846,1
44078,40,3,1.7650908627644473,2.4318952005821584,0.6668043378177111,0.21087342520243998,0.10244274244349583,0.0,0
44078,41,1,1.7205525689099381,2.2368695198393143,0.5163169509293761,0.21184897379297762,0.00013982805824561129,0.0,0
44078,41,2,1.7205525689099381,2.2793593870147704,0.5588068181048322,0.22136140151120998,0.009652255776477964,0.0,0
44078,41,3,1.7205525689099381,2.598605629843464,0.878053060933526,0.211709145734732,0.0,0.0,0
44078,42,1,4.758183181000431,5.718170123446734,0.959986942446303,0.21146707564097889,0.01936640553103347,0.07048468148644094,1
44078,42,2,4.758183181000431,5.2629888131450056,0.5048056321445742,0.19210067010994542,0.0,0.0,0
44078,42,3,4.758183181000431,5.490867384999488,0.7326842039990566,0.20841332505607513,0.016312654946129712,0.0,0
44078,43,1,9.424250157277655,9.61056007921658,0.18630992193892482,0.18619236767607678,0.00390891419253106,0.07048468148644096,1
44078,43,2,9.424250157277655,9.766029537992916,0.3417793807152609,0.18228345348354572,0.0,0.0,0
44078,43,3,9.424250157277655,9.634825498094953,0.21057534081729834,0.2244735876990268,0.042190134215481095,0.0,0
44078,44,1,1.6670214133365069,3.738419860453031,2.071398447116524,0.15505059141741756,0.016003217732121183,0.07048468148644095,1
44078,44,2,1.6670214133365069,2.9146061824120735,1.2475847690755666,0.13904737368529638,0.0,0.0,0
44078,44,3,1.6670214133365069,3.3987765523064795,1.7317551389699726,0.1447128518664773,0.005665478181180933,0.0,0
44078,45,1,1.6724118954760623,1.9527448737523407,0.28033297827627845,0.2719894961393488,0.0,0.0,0
44078,45,2,1.6724118954760623,2.3968338751049973,0.7244219796289351,0.2876058796556251,0.015616383516276311,0.0,0
44078,45,3,1.6724118954760623,2.555412323910531,0.8830004284344686,0.27696168563668433,0.004972189497335522,0.0,0
44078,46,1,1.6724135315221456,2.0380336850543195,0.3656201535321739,0.2200024156724256,0.0,0.0,0
44078,46,2,1.6724135315221456,1.9086043807385313,0.23619084921638578,0.2370589971822436,0.01705658150981801,0.0,0
44078,46,3,1.6724135315221456,2.2120470925757454,0.5396335610535998,0.23876412350418383,0.018761707831758234,0.0,0
44078,47,1,1.3787196806000837,1.6767530887369688,0.29803340813688517,0.2759999542679671,0.0,0.0,0
44078,47,2,1.3787196806000837,1.830216662501742,0.4514969819016583,0.2883351834500217,0.012335229182054597,0.0,0
44078,47,3,1.3787196806000837,1.7395026277982482,0.3607829471981645,0.3129234318462802,0.0369234775783131,0.0,0
44078,48,1,1.9161084376101674,2.247021277526339,0.3309128399161716,0.21280860053682915,0.0,0.02451519212877601,1
44078,48,2,1.9161084376101674,2.547739746696651,0.6316313090864838,0.22048422595268602,0.007675625415856868,0.0,0
44078,48,3,1.9161084376101674,2.3191130888210374,0.40300465121087004,0.22170578728061635,0.0088971867437872,0.0,0
44078,49,1,1.6912677525627224,2.913777122753847,1.2225093701911247,0.22865803998890621,0.027111628342844585,0.02451519212877598,1
44078,49,2,1.6912677525627224,2.187898420488316,0.4966306679255934,0.20154641164606163,0.0,0.0,0
44078,49,3,1.6912677525627224,2.2949417466098447,0.6036739940471223,0.22126738377335547,0.019720972127293845,0.0,0
44078,50,1,2.214133472002626,2.4987895066242,0.28465603462157407,0.0986500074446295,0.0,0.024515192128775995,1
44078,50,2,2.214133472002626,2.6202462132354354,0.4061127412328096,0.15929973904712216,0.060649731602492665,0.0,0
44078,50,3,2.214133472002626,2.825953166640171,0.6118196946375454,0.17041894581387224,0.07176893836924274,0.0,0
44078,51,1,1.4343295581049316,2.2476223135615583,0.8132927554566267,0.27098754875884745,0.009515705963704935,0.0,0
44078,51,2,1.4343295581049316,2.1620364269094017,0.7277068688044701,0.2625545876470129,0.0010827448518703764,0.0,0
44078,51,3,1.4343295581049316,2.112736991111139,0.6784074330062073,0.2614718427951425,0.0,0.0,0
44078,52,1,1.2078221171734775,1.9394656427376258,0.7316435255641482,0.21175820552333843,0.003584104320930176,0.0,0
44078,52,2,1.2078221171734775,1.7886436857518717,0.5808215685783942,0.21934523023131944,0.011171129028911181,0.0,0
44078,52,3,1.2078221171734775,2.1386558521369974,0.9308337349635198,0.20817410120240826,0.0,0.0,0
44078,53,1,1.5891659585337048,1.814547559242174,0.22538160070846924,0.16465285166561336,0.0,0.0,0
44078,53,2,1.5891659585337048,1.9561195021881077,0.3669535436544029,0.20490682369073834,0.040253972025124984,0.0,0
44078,53,3,1.5891659585337048,1.9111571652281754,0.32199120669447057,0.21229293154691778,0.04764007988130442,0.0,0
44078,54,1,1.341759941153053,1.7412218597651603,0.39946191861210734,0.2189398441672703,0.0,0.09742989761928195,1
44078,54,2,1.341759941153053,1.8229021328059143,0.4811421916528613,0.23590905227770004,0.016969208110429734,0.0,0
44078,54,3,1.341759941153053,2.202381779464894,0.8606218383118409,0.23491580123482728,0.015975957067556973,0.0,0
44078,55,1,1.5565461281442048,1.7051235955160498,0.14857746737184496,0.25952110330522415,0.0,0.09742989761928195,1
44078,55,2,1.5565461281442048,1.7725985572909575,0.2160524291467527,0.29451367648992155,0.034992573184697395,0.0,0
44078,55,3,1.5565461281442048,1.8386307643038866,0.2820846361596818,0.31615977475648727,0.05663867145126311,0.0,0
44078,56,1,2.8185317408804287,3.2413212039981665,0.4227894631177378,0.16066021744977116,0.0,0.09742989761928195,1
44078,56,2,2.8185317408804287,3.2314000055515217,0.41286826467109305,0.22455507278000114,0.06389485533022998,0.0,0
44078,56,3,2.8185317408804287,3.33190758045545,0.5133758395750214,0.2892533741672827,0.12859315671751154,0.0,0
44078,57,1,1.2692663695938289,1.58450337262813,0.315237003034301,0.2936355260424157,0.0,0.06401979235005112,1
44078,57,2,1.2692663695938289,1.834165313067969,0.56489894347414,0.3116879486465779,0.018052422604162177,0.0,0
44078,57,3,1.2692663695938289,1.9116111177619093,0.6423447481680804,0.35171568980419093,0.058080163761775216,0.0,0
44078,58,1,2.248308657461649,2.7287299916140344,0.4804213341523855,0.1779395267744874,0.0,0.06401979235005112,1
44078,58,2,2.248308657461649,2.7543966150067467,0.5060879575450978,0.22390093407925588,0.04596140730476847,0.0,0
44078,58,3,2.248308657461649,2.7754784470426315,0.5271697895809826,0.2731386566171945,0.09519912984270709,0.0,0
44078,59,1,2.065166642743663,2.783664597469194,0.7184979547255312,0.237579608517605,0.0,0.06401979235005113,1
44078,59,2,2.065166642743663,2.6920179661259644,0.6268513233823017,0.2425939097165187,0.00501430119891369,0.0,0
44078,59,3,2.065166642743663,3.2602111995993077,1.195044556855645,0.2601133799971809,0.022533771479575915,0.0,0
44078,60,1,4.408472404056704,4.590165563078988,0.18169315902228345,0.21003908528372736,0.0,0.0,0
44078,60,2,4.408472404056704,4.739953598010862,0.33148119395415776,0.21563010189156298,0.005591016607835619,0.0,0
44078,60,3,4.408472404056704,4.671424472367827,0.2629520683111224,0.22148178950383549,0.011442704220108124,0.0,0
44078,61,1,1.4296606365147502,1.6788593077624543,0.24919867124770412,0.2102979691067517,0.0,0.0,0
44078,61,2,1.4296606365147502,1.9465837059907707,0.5169230694760205,0.23714435725562205,0.02684638814887036,0.0,0
44078,61,3,1.4296606365147502,1.8876359544312866,0.45797531791653645,0.2682046915614103,0.05790672245465861,0.0,0
44078,62,1,1.934786293991,2.043076590624332,0.10829029663333167,0.2782462562032576,0.0,0.09270954335055623,1
44078,62,2,1.934786293991,2.160869202889487,0.2260829088984868,0.30529933621968247,0.02705308001642487,0.0,0
44078,62,3,1.934786293991,2.1356668189970085,0.2008805250060084,0.3234661383779406,0.04521988217468298,0.0,0
44078,63,1,1.5387940597562053,1.9344173348730478,0.3956232751168425,0.2189682385405959,0.0,0.09270954335055626,1
44078,63,2,1.5387940597562053,2.1236856279279506,0.5848915681717453,0.25958201659014024,0.04061377804954433,0.0,0
44078,63,3,1.5387940597562053,2.02279146303173,0.48399740327552476,0.2687300056162046,0.04976176707560867,0.0,0
44078,64,1,1.2259407873213628,1.3807107294038239,0.1547699420824611,0.25868293832168127,0.0,0.09270954335055626,1
44078,64,2,1.2259407873213628,1.9651329123773364,0.7391921250559736,0.3116505461386173,0.052967607816936046,0.0,0
44078,64,3,1.2259407873213628,1.8763934534094306,0.6504526660880678,0.30979562288280255,0.05111268456112128,0.0,0
44078,65,1,1.4825170789836801,1.9382678318803563,0.4557507528966762,0.1015589959672663,0.0,0.09270954335055626,1
44078,65,2,1.4825170789836801,1.9123030750457102,0.42978599606203005,0.1587884684826356,0.05722947251536929,0.0,0
44078,65,3,1.4825170789836801,2.5761039647432793,1.0935868857595992,0.24727714003613002,0.14571814406886374,0.0,0
44078,66,1,17.007545916732205,17.239308102849037,0.23176218611683197,0.1668809416179483,0.0,0.0,0
44078,66,2,17.007545916732205,17.173001217911366,0.1654553011791613,0.22253648525099387,0.05565554363304556,0.0004260607479250611,0
44078,66,3,17.007545916732205,17.433990858523003,0.4264449417907983,0.26093774611412734,0.09405680449617904,0.016639558017631395,1
44078,67,1,19.864577413454654,20.047120586158112,0.18254317270345766,0.15939099845184534,0.0,0.0,0
44078,67,2,19.864577413454654,19.989757618338587,0.12518020488393233,0.20983358519941944,0.0504425867475741,0.03619665779604164,1
44078,67,3,19.864577413454654,20.150403161843762,0.285825748389108,0.24062667622704878,0.08123567777520344,0.025554543945903258,1
44078,68,1,20.169037598300964,20.31825576000508,0.14921816170411617,0.11488557149948604,0.0,0.010642113850138399,1
44078,68,2,20.169037598300964,20.24936833398224,0.08033073568127591,0.13357965496702345,0.018694083467537412,0.0,0
44078,68,3,20.169037598300964,20.38029148468159,0.21125388638062503,0.18246850759428884,0.0675829360948028,0.01998316052633531,1
44078,69,1,18.317013892430225,18.51646982262009,0.1994559301898633,0.0648865741350574,0.0,0.0,0
44078,69,2,18.317013892430225,18.42505169492323,0.10803780249300488,0.08925630202620675,0.024369727891149356,0.01998316052633531,1
44078,69,3,18.317013892430225,18.538272289248713,0.22125839681848802,0.12891276199456975,0.06402618785951235,0.01998316052633531,1
44078,70,1,30.964747686921385,31.053927061693695,0.08917937477231064,0.13643449908022062,0.0,0.004274885200717199,0
44078,70,2,30.964747686921385,31.039924036835128,0.07517634991374322,0.1746557769932204,0.038221277912999785,0.0,0
44078,70,3,30.964747686921385,31.041450352479195,0.07670266555781069,0.17605040564004382,0.039615906559823194,0.009808314229500709,1
44078,71,1,32.5274315255199,32.61579326225752,0.08836173673761749,0.14145565898760867,0.0,0.0,0
44078,71,2,32.5274315255199,32.63721337287152,0.10978184735161989,0.18786911291958688,0.04641345393197821,0.009808314229500709,1
44078,71,3,32.5274315255199,32.58561129758579,0.0581797720658912,0.18452031259431684,0.043064653606708164,0.018857935723021607,1
44078,72,1,10.547334235562875,10.64423076482601,0.09689652926313563,0.12276552604136072,0.0,0.0,0
44078,72,2,10.547334235562875,10.689650249771827,0.14231601420895146,0.15880645158223095,0.036040925540870225,0.03479319665197429,1
44078,72,3,10.547334235562875,10.76080182856281,0.213467592999935,0.1854645800352764,0.06269905399391569,0.060441511984494614,1
44078,73,1,14.301337898136717,14.4856830612239,0.1843451630871833,0.11354229339737293,0.0,0.0,0
44078,73,2,14.301337898136717,14.461739807418732,0.16040190928201525,0.19453075103344883,0.0809884576360759,0.02564831533252032,1
44078,73,3,14.301337898136717,14.842785485028775,0.5414475868920583,0.2674501729071399,0.15390787950976698,0.02564831533252032,1
44079,0,1,2.3369483986169874,2.959794359706674,0.6228459610896864,0.2123254510320188,0.021126071952809578,0.02617897835891786,1
44079,0,2,2.3369483986169874,2.849267860461473,0.5123194618444855,0.20155007569424566,0.010350696615036431,0.0,0
44079,0,3,2.3369483986169874,2.990338151824506,0.6533897532075184,0.19119937907920923,0.0,0.0,0
44079,1,1,2.3014960964659985,2.628872347890522,0.32737625142452353,0.1910901192220764,0.0,0.026178978358917845,1
44079,1,2,2.3014960964659985,2.67061548277751,0.36911938631151164,0.2400071771578439,0.048917057935767505,0.0,0
44079,1,3,2.3014960964659985,2.679170157942536,0.3776740614765375,0.2896338970748332,0.09854377785275684,0.0,0
44079,2,1,1.3496904867826303,1.89697675656194,0.5472862697793097,0.2246098892344524,0.02502375518901001,0.07206550906971038,1
44079,2,2,1.3496904867826303,1.889028883723243,0.5393383969406127,0.20598773383228794,0.006401599786845541,0.0,0
44079,2,3,1.3496904867826303,1.8232304859526411,0.4735399991700109,0.1995861340454424,0.0,0.0,0
44079,3,1,1.4801247257820846,2.141080832662219,0.6609561068801342,0.15780653320842605,0.0,0.07206550906971038,1
44079,3,2,1.4801247257820846,2.177182998031865,0.6970582722497802,0.18338276507290724,0.025576231864481186,0.0,0
44079,3,3,1.4801247257820846,2.0628556774059077,0.582730951623823,0.1732384688612162,0.015431935652790135,0.0,0
44079,4,1,2.0429932566133067,2.4311241650490154,0.38813090843570874,0.11328023381407425,0.0,0.07206550906971038,1
44079,4,2,2.0429932566133067,2.635270852733236,0.5922775961199291,0.16747162947057884,0.05419139565650459,0.0,0
44079,4,3,2.0429932566133067,2.442380348292649,0.3993870916793423,0.18408815160157843,0.07080791778750418,0.0,0
44079,5,1,1.2410979462742506,1.5222552464306525,0.28115730015640183,0.24196632305462412,0.0,0.0,0
44079,5,2,1.2410979462742506,1.6132141991720759,0.37211625289782524,0.2976808552123785,0.055714532157754404,0.0,0
44079,5,3,1.2410979462742506,1.916752648200275,0.6756547019260244,0.3874589793845207,0.14549265632989655,0.0,0
44079,6,1,1.8311633911526635,2.491076274612395,0.6599128834597316,0.1918546218654653,0.004019215489357325,0.0,0
44079,6,2,1.8311633911526635,2.2909434567789715,0.459780065626308,0.19724866285109843,0.009413256474990445,0.0,0
44079,6,3,1.8311633911526635,2.3910090775055575,0.559845686352894,0.187835406376108,0.0,0.0,0
44079,7,1,1.685720158471647,1.7696154072788577,0.08389524880721067,0.2018676372606245,0.0,0.0,0
44079,7,2,1.685720158471647,1.8105329182689254,0.12481275979727835,0.2361947174376121,0.0343270801769876,0.0,0
44079,7,3,1.685720158471647,1.963655925908446,0.27793576743679904,0.22090383670916672,0.019036199448542207,0.0,0
44079,8,1,1.5440512177670684,1.7442850464900137,0.20023382872294526,0.0966389966528063,0.0,0.0,0
44079,8,2,1.5440512177670684,1.8899583268848499,0.34590710911778144,0.14720917535494066,0.05057017870213436,0.0,0
44079,8,3,1.5440512177670684,1.873972236285511,0.32992101851844247,0.1341634984799592,0.037524501827152903,0.0,0
44079,9,1,1.885275582377171,2.3244829610492976,0.43920737867212667,0.21803806540406392,0.015763420969028108,0.05473069482973114,1
44079,9,2,1.885275582377171,2.307249184517647,0.4219736021404761,0.2046191888170448,0.002344544382008984,0.0,0
44079,9,3,1.885275582377171,2.356348842189529,0.4710732598123579,0.20227464443503582,0.0,0.0,0
44079,10,1,4.8119917344497,5.9099622333296065,1.0979704988799064,0.21303580862036228,0.027978376862312165,0.05473069482973117,1
44079,10,2,4.8119917344497,5.42611959443353,0.6141278599838298,0.18505743175805012,0.0,0.0,0
44079,10,3,4.8119917344497,5.3336012343758075,0.5216094999261074,0.20840281294781945,0.023345381189769338,0.0,0
44079,11,1,1.4913216058828536,1.9452462090017626,0.45392460311890903,0.11647361683131063,0.0,0.05473069482973117,1
44079,11,2,1.4913216058828536,2.10119832562239,0.6098767197395365,0.16246431865211644,0.04599070182080581,0.0,0
44079,11,3,1.4913216058828536,2.0358097739715895,0.5444881680887359,0.18063592131296863,0.064162304481658,0.0,0
44079,12,1,3.466302636649818,3.8936533250104275,0.4273506883606095,0.21906366772283267,0.0,0.0,0
44079,12,2,3.466302636649818,4.047410633127404,0.581107996477586,0.22270282495534052,0.0036391572325078503,0.0,0
44079,12,3,3.466302636649818,4.117462996747683,0.6511603600978653,0.2230390402636884,0.003975372540855726,0.0,0
44079,13,1,2.924056977666799,3.7720169708309235,0.8479599931641246,0.17257236896734604,0.011482701049956745,0.0,0
44079,13,2,2.924056977666799,3.5763983208085897,0.6523413431417908,0.16136230598664048,0.00027263806925117984,0.0,0
44079,13,3,2.924056977666799,3.6193120524059204,0.6952550747391215,0.1610896679173893,0.0,0.0,0
44079,14,1,3.256477642883121,4.123048312317888,0.866570669434767,0.1189984066460433,0.0222374521342579,0.0,0
44079,14,2,3.256477642883121,4.136076593835332,0.8795989509522113,0.0967609545117854,0.0,0.0,0
44079,14,3,3.256477642883121,3.8056124334075703,0.5491347905244495,0.09809050750049086,0.0013295529887054625,0.0,0
44079,15,1,4.484486403884355,5.042116399383773,0.5576299954994184,0.07883931347666209,0.009181861259223864,0.0,0
44079,15,2,4.484486403884355,4.873195145403009,0.38870874151865387,0.07467271209008741,0.005015259872649183,0.0,0
44079,15,3,4.484486403884355,4.916607588109184,0.4321211842248296,0.06965745221743823,0.0,0.0,0
44079,16,1,1.318223012120313,1.7554920253385227,0.43726901321820977,0.18931771179309775,0.0,0.0,0
44079,16,2,1.318223012120313,1.654831987470666,0.33660897535035317,0.20222288232325913,0.01290517053016138,0.0,0
44079,16,3,1.318223012120313,1.9150854657759386,0.5968624536556257,0.20312174667546595,0.013804034882368199,0.0,0
44079,17,1,1.4268347688706025,2.3244100323820196,0.8975752635114171,0.254834832347059,0.004200544536926476,0.0,0
44079,17,2,1.4268347688706025,1.8275180019868273,0.4006832331162249,0.2671440095424371,0.016509721732304583,0.0,0
44079,17,3,1.4268347688706025,2.1704253021761866,0.7435905333055841,0.25063428781013253,0.0,0.0,0
44079,18,1,1.7030998271292503,2.1923076045749115,0.48920777744566113,0.17290554132080685,0.0,0.0,0
44079,18,2,1.7030998271292503,2.305572590527241,0.6024727633979907,0.18286893333074244,0.009963392009935595,0.0,0
44079,18,3,1.7030998271292503,2.0689495933692084,0.365849766239958,0.1769229931693139,0.004017451848507048,0.0,0
44079,19,1,3.097415568843098,3.3673502587570985,0.26993468991400027,0.27350423498545645,0.0,0.0,0
44079,19,2,3.097415568843098,4.070699799522689,0.973284230679591,0.36964434256451717,0.09614010757906072,0.0,0
44079,19,3,3.097415568843098,3.5089701199088297,0.41155455106573147,0.4137327751409954,0.14022854015553893,0.0,0
44079,20,1,2.866112231306551,3.3849524176496075,0.5188401863430565,0.21098298793933298,0.0,0.0,0
44079,20,2,2.866112231306551,3.6263201052276592,0.7602078739211082,0.25970259154743863,0.04871960360810565,0.0,0
44079,20,3,2.866112231306551,3.3709981879922104,0.5048859566856594,0.24409956657903112,0.033116578639698135,0.0,0
44079,21,1,1.5225799759936205,2.1341158907856554,0.611535914792035,0.2125204740730836,0.0,0.0,0
44079,21,2,1.5225799759936205,2.5599913080670045,1.037411332073384,0.2762898548957806,0.06376938082269701,0.0,0
44079,21,3,1.5225799759936205,2.335168660763875,0.8125886847702546,0.26190178613529175,0.04938131206220814,0.0,0
44079,22,1,1.5200027366748645,1.945220581845716,0.4252178451708515,0.1540989501811524,0.0,0.0,0
44079,22,2,1.5200027366748645,2.4316833758148193,0.9116806391399548,0.24192721766105996,0.08782826747990755,0.0,0
44079,22,3,1.5200027366748645,2.0078673281909296,0.4878645915160651,0.21330840784439992,0.059209457663247506,0.0,0
44079,23,1,1.3541947134326626,2.392048581068898,1.0378538676362352,0.31100652347155294,0.013306320639465685,0.09903470246526935,1
44079,23,2,1.3541947134326626,2.4588010392660156,1.104606325833353,0.29770020283208726,0.0,0.0,0
44079,23,3,1.3541947134326626,1.9658783343238557,0.6116836208911931,0.4010813732112928,0.10338117037920552,0.0,0
44079,24,1,1.134492904203135,2.1679149591273417,1.0334220549242066,0.20408283684981818,0.007547190595983272,0.09903470246526938,1
44079,24,2,1.134492904203135,1.8190515067597162,0.6845586025565811,0.1965356462538349,0.0,0.0,0
44079,24,3,1.134492904203135,2.2019149781283427,1.0674220739252076,0.2096785558123324,0.013142909558497506,0.0,0
44079,25,1,1.9229439238147434,2.5010413357280363,0.5780974119132929,0.16621367050458913,0.0,0.09903470246526938,1
44079,25,2,1.9229439238147434,2.864896314666674,0.9419523908519305,0.1841524253453058,0.017938754840716664,0.0,0
44079,25,3,1.9229439238147434,2.7993843432504093,0.8764404194356659,0.1845366574525841,0.018322986947994974,0.0,0
44079,26,1,1.9871066457403876,2.400690369801877,0.41358372406148947,0.19281036796832882,0.0,0.09903470246526938,1
44079,26,2,1.9871066457403876,2.5676656773135,0.5805590315731122,0.2083106517851755,0.015500283816846677,0.0,0
44079,26,3,1.9871066457403876,2.397824097049396,0.4107174513090084,0.2717459753965371,0.0789356074282083,0.0,0
44079,27,1,3.3985921277228557,3.6132583809942376,0.2146662532713819,0.19349642957820554,0.0,0.0,0
44079,27,2,3.3985921277228557,4.014720813145765,0.6161286854229089,0.2042487305543573,0.010752300976151763,0.0,0
44079,27,3,3.3985921277228557,3.7410678230941854,0.3424756953713297,0.20424657415962424,0.010750144581418708,0.0,0
44079,28,1,1.2780269034613074,1.7827568189495182,0.5047299154882108,0.19998717190137363,0.010451483096607567,0.0,0
44079,28,2,1.2780269034613074,1.6302100956507473,0.35218319218943983,0.1985954028414229,0.00905971403665684,0.0,0
44079,28,3,1.2780269034613074,1.5181391421231645,0.24011223866185705,0.18953568880476607,0.0,0.0,0
44079,29,1,1.4947493018026021,1.9863393563724785,0.49159005456987637,0.1454818860953856,0.0,0.0,0
44079,29,2,1.4947493018026021,2.1291358418894886,0.6343865400868864,0.16424400689011148,0.01876212079472589,0.0,0
44079,29,3,1.4947493018026021,2.0429711496940235,0.5482218478914214,0.15941112892970266,0.013929242834317068,0.0,0
44079,30,1,1.3204304462361436,1.5488160974318377,0.2283856511956941,0.2797521676902347,0.0,0.0,0
44079,30,2,1.3204304462361436,1.6179117251839006,0.297481278947757,0.3015894647029407,0.02183729701270598,0.0,0
44079,30,3,1.3204304462361436,1.9175441869777203,0.5971137407415767,0.3944446951275425,0.11469252743730779,0.0,0
44079,31,1,1.0071168091272396,1.6779972011578344,0.6708803920305948,0.1964602300826072,0.016557910284693278,0.0,0
44079,31,2,1.0071168091272396,1.3680958616267245,0.3609790524994849,0.19034516954440278,0.010442849746488847,0.0,0
44079,31,3,1.0071168091272396,1.409464864487377,0.4023480553601375,0.17990231979791393,0.0,0.0,0
44079,32,1,1.1171457442766806,1.6023328236273966,0.48518707935071603,0.18415499799670534,0.0,0.0,0
44079,32,2,1.1171457442766806,1.7921329612134855,0.674987216936805,0.20364974476514078,0.019494746768435434,0.0,0
44079,32,3,1.1171457442766806,1.9443205767438823,0.8271748324672017,0.19594467460997447,0.011789676613269129,0.0,0
44079,33,1,1.6750227614381146,1.9915145370119827,0.3164917755738681,0.15550547608422913,0.0,0.0,0
44079,33,2,1.6750227614381146,1.9642471846769805,0.2892244232388659,0.17872524658614783,0.0232197705019187,0.0,0
44079,33,3,1.6750227614381146,2.250978584291106,0.5759558228529915,0.15780223598828239,0.0022967599040532582,0.0,0
44079,34,1,1.3980928316824826,1.9438578968824423,0.5457650651999597,0.18717998655531826,0.0,0.0,0
44079,34,2,1.3980928316824826,2.0045127425768396,0.6064199108943571,0.19794600546178165,0.010766018906463393,0.0,0
44079,34,3,1.3980928316824826,2.20972546810055,0.8116326364180675,0.1973711629202085,0.010191176364890253,0.0,0
44079,35,1,0.9779906308214599,1.6721715013341991,0.6941808705127392,0.19936680716429284,0.01547355436136355,0.0,0
44079,35,2,0.9779906308214599,1.3491308889089944,0.3711402580875345,0.19264132997573966,0.00874807717281037,0.0,0
44079,35,3,0.9779906308214599,1.3529831695892405,0.3749925387677806,0.18389325280292929,0.0,0.0,0
44079,36,1,1.4381565591679581,1.5662238293731474,0.12806727020518927,0.1440416372401,0.0,0.0,0
44079,36,2,1.4381565591679581,1.6034392531505532,0.1652826939825951,0.197133536765522,0.05309189952542201,0.0,0
44079,36,3,1.4381565591679581,1.5736024574887333,0.13544589832077514,0.18350138837741456,0.039459751137314564,0.0,0
44079,37,1,2.2465855701947817,2.996260776543331,0.7496752063485492,0.163840175766796,0.019670442753204953,0.08780008781436827,1
44079,37,2,2.2465855701947817,3.200409634725994,0.9538240645312124,0.14416973301359104,0.0,0.054483925227512386,1
44079,37,3,2.2465855701947817,2.590289331612632,0.3437037614178502,0.158936058086262,0.01476632507267095,0.0,0
44079,38,1,1.724468602612729,2.3709861659367353,0.6465175633240063,0.12066386056150122,0.0,0.08780008781436827,1
44079,38,2,1.724468602612729,2.2398995451837886,0.5154309425710597,0.1881469688109276,0.06748310824942638,0.054483925227512386,1
44079,38,3,1.724468602612729,3.109259770773942,1.3847911681612133,0.2878908059037936,0.1672269453422924,0.0,0
44079,39,1,1.6322353201598532,2.0357045770899544,0.40346925693010127,0.192947436851834,0.011759206953165263,0.0,0
44079,39,2,1.6322353201598532,1.9786967736778824,0.34646145351802926,0.19095062747476346,0.009762397576094733,0.0,0
44079,39,3,1.6322353201598532,1.959907971818439,0.3276726516585857,0.18118822989866873,0.0,0.0,0
44079,40,1,4.763661496602172,5.222297187201004,0.45863569059883247,0.20887969280128113,0.02087884280464858,0.07176171956280708,1
44079,40,2,4.763661496602172,5.3385692208767495,0.5749077242745777,0.18800084999663255,0.0,0.0,0
44079,40,3,4.763661496602172,4.9962671256703635,0.2326056290681917,0.23022237225177536,0.04222152225514281,0.0,0
44079,41,1,9.44717449352823,9.539193529222713,0.09201903569448255,0.18749507458068515,0.0,0.07176171956280708,1
44079,41,2,9.44717449352823,9.723370402682757,0.2761959091545272,0.19056918649962784,0.00307411191894269,0.0,0
44079,41,3,9.44717449352823,9.561111249417706,0.11393675588947616,0.2377260062806863,0.05023093170000115,0.0,0
44079,42,1,1.6673845929021631,3.0086639533348376,1.3412793604326745,0.1561972849577423,0.01389324998692551,0.07176171956280708,1
44079,42,2,1.6673845929021631,2.448819954552998,0.7814353616508347,0.14230403497081678,0.0,0.0,0
44079,42,3,1.6673845929021631,2.7560746728877064,1.0886900799855432,0.15036771128335738,0.008063676312540596,0.0,0
44079,43,1,1.5863229807207286,2.0004959579157267,0.414172977194998,0.23118494601686612,0.0,0.0,0
44079,43,2,1.5863229807207286,2.112894732482114,0.5265717517613853,0.23471741319057599,0.0035324671737098634,0.0,0
44079,43,3,1.5863229807207286,2.0527458949070887,0.46642291418636006,0.23125806856599088,7.312254912475447e-05,0.0,0
44079,44,1,1.5799555781933088,2.0807471841021363,0.5007916059088275,0.18840068341123856,0.0,0.0,0
44079,44,2,1.5799555781933088,1.8242970049536524,0.24434142676034365,0.2015378034518862,0.013137120040647654,0.0,0
44079,44,3,1.5799555781933088,2.1704510369206163,0.5904954587273075,0.20308917041744845,0.014688487006209894,0.0,0
44079,45,1,1.4460266035102225,2.5567100099116526,1.1106834064014302,0.22827110486292143,0.00020046490100561476,0.0,0
44079,45,2,1.4460266035102225,2.1473030543590808,0.7012764508488583,0.22807063996191582,0.0,0.0,0
44079,45,3,1.4460266035102225,2.4244960637884803,0.9784694602782578,0.23257747683872115,0.004506836876805337,0.0,0
44079,46,1,1.7257381814986652,2.6003864226177993,0.8746482411191341,0.20165219813734228,0.0,0.025057631032819827,1
44079,46,2,1.7257381814986652,2.487564434586533,0.7618262530878677,0.20827732623112538,0.0066251280937831,0.0,0
44079,46,3,1.7257381814986652,2.456063621910514,0.7303254404118489,0.20741495677657826,0.005762758639235976,0.0,0
44079,47,1,1.8174550321749696,2.3201830118426403,0.5027279796676707,0.2072319422182582,0.03872071069573613,0.025057631032819855,1
44079,47,2,1.8174550321749696,2.2363896326624286,0.418934600487459,0.16851123152252206,0.0,0.0,0
44079,47,3,1.8174550321749696,2.2427711644291572,0.42531613225418763,0.17542199103330297,0.006910759510780906,0.0,0
44079,48,1,2.1888814223596764,2.508862335254908,0.31998091289523156,0.1121002585914637,0.0,0.02505763103281984,1
44079,48,2,2.1888814223596764,2.733516442679831,0.5446350203201544,0.17686762086882984,0.06476736227736614,0.0,0
44079,48,3,2.1888814223596764,2.7137546412049502,0.5248732188452738,0.18510042411511565,0.07300016552365195,0.0,0
44079,49,1,1.398490819139458,1.7500674332743693,0.35157661413491126,0.22556946188570362,0.01443361341241814,0.0,0
44079,49,2,1.398490819139458,1.8243316944787247,0.4258408753392666,0.21617657373882418,0.005040725265538698,0.0,0
44079,49,3,1.398490819139458,1.8142337693076638,0.4157429501682057,0.21113584847328548,0.0,0.0,0
44079,50,1,1.1226508756619045,1.8703956651632851,0.7477447895013807,0.1934578129703817,0.013280891793361088,0.0,0
44079,50,2,1.1226508756619045,1.4412582491808998,0.3186073735189954,0.19042250494971608,0.010245583772695466,0.0,0
44079,50,3,1.1226508756619045,1.5437278579797353,0.42107698231783086,0.1801769211770206,0.0,0.0,0
44079,51,1,1.7328754111893894,1.9118124593822325,0.17893704819284317,0.15451834672838213,0.0,0.0,0
44079,51,2,1.7328754111893894,1.9227046025615668,0.18982919137217746,0.19308958829081346,0.03857124156243133,0.0,0
44079,51,3,1.7328754111893894,1.9945806410523548,0.2617052298629654,0.17941833972931778,0.02489999300093565,0.0,0
44079,52,1,1.3028072396434955,1.8093261734178074,0.5065189337743119,0.19647708900018843,0.0,0.09669296961893403,1
44079,52,2,1.3028072396434955,1.8237314735417427,0.5209242338982472,0.20733461222501143,0.010857523224823001,0.0,0
44079,52,3,1.3028072396434955,2.101372506448154,0.7985652668046586,0.20568314879093053,0.0092060597907421,0.0,0
44079,53,1,1.4559128096712217,2.084095596977933,0.6281827873067112,0.220864417145032,0.0,0.09669296961893405,1
44079,53,2,1.4559128096712217,2.235571547559435,0.7796587378882132,0.25843539503181384,0.03757097788678185,0.0,0
44079,53,3,1.4559128096712217,2.3899821147892104,0.9340693051179887,0.25767523362261613,0.036810816477584135,0.0,0
44079,54,1,2.857071860644434,3.5791119624572403,0.7220401018128064,0.15140337383429617,0.0,0.09669296961893403,1
44079,54,2,2.857071860644434,3.7637452096680066,0.9066733490235728,0.25251046935661237,0.1011070955223162,0.0,0
44079,54,3,2.857071860644434,4.020245860537271,1.163173999892837,0.31728315464907714,0.16587978081478097,0.0,0
44079,55,1,1.5781802636174587,2.28167375100274,0.7034934873852814,0.26364477923918256,0.0,0.06632766848422755,1
44079,55,2,1.5781802636174587,2.197625023464812,0.6194447598473531,0.27684160760710597,0.013196828367923408,0.0,0
44079,55,3,1.5781802636174587,2.6489784638865896,1.070798200269131,0.3305274288294459,0.06688264959026335,0.0,0
44079,56,1,2.3190954719935397,2.7535748222614833,0.4344793502679436,0.1577231114702648,0.0,0.06632766848422755,1
44079,56,2,2.3190954719935397,3.0724626703968525,0.7533671984033128,0.21762224266574198,0.059899131195477184,0.0,0
44079,56,3,2.3190954719935397,2.8219869687285573,0.5028914967350175,0.2421947665759471,0.0844716551056823,0.0,0
44079,57,1,2.079099264717102,2.9289485951132113,0.8498493303961094,0.24496029873937972,0.00390965424168338,0.06632766848422755,1
44079,57,2,2.079099264717102,3.2216893214140043,1.1425900566969025,0.26526103832399733,0.024210393826300997,0.0,0
44079,57,3,2.079099264717102,4.318180753770954,2.239081489053852,0.24105064449769634,0.0,0.0,0
44079,58,1,4.412068639474244,4.5869110695964626,0.17484243012221867,0.1983630701561547,0.0,0.0,0
44079,58,2,4.412068639474244,4.736716346306141,0.3246477068318967,0.20313033165275682,0.004767261496602115,0.0,0
44079,58,3,4.412068639474244,4.623914160849745,0.21184552137550128,0.2058457135009169,0.007482643344762202,0.0,0
44079,59,1,1.5799795920090924,2.359236704613386,0.7792571126042935,0.19482726315218143,0.0,0.0,0
44079,59,2,1.5799795920090924,2.3062381978313637,0.7262586058222713,0.2190769096978877,0.02424964654570627,0.0,0
44079,59,3,1.5799795920090924,2.3500005993970468,0.7700210073879543,0.21925576128435983,0.0244284981321784,0.0,0
44079,60,1,1.9088150542737332,2.0491560233413972,0.14034096906766402,0.2682810061852859,0.0,0.09378731986230493,1
44079,60,2,1.9088150542737332,2.3008449631010492,0.39202990882731603,0.31087489962418624,0.042593893438900354,0.0,0
44079,60,3,1.9088150542737332,2.387685860900859,0.47887080662712567,0.3320899124177024,0.06380890623241653,0.0,0
44079,61,1,1.5153775427957208,1.9723067091692694,0.45692916637354863,0.18928958183000988,0.0,0.09378731986230493,1
44079,61,2,1.5153775427957208,2.28483114473119,0.7694536019354694,0.2193395538201857,0.03004997199017581,0.0,0
44079,61,3,1.5153775427957208,2.070283489934791,0.55490594713907,0.22035879195406832,0.031069210124058444,0.0,0
44079,62,1,1.2389442117223335,1.4612795819641604,0.22233537024182692,0.194163422452564,0.0,0.09378731986230493,1
44079,62,2,1.2389442117223335,1.6777270326254938,0.43878282090316034,0.24498778263577503,0.05082436018321104,0.0,0
44079,62,3,1.2389442117223335,1.5946511475503022,0.35570693582796875,0.2238126288793079,0.0296492064267439,0.0,0
44079,63,1,1.4428797257878272,2.0809138619958,0.6380341362079727,0.09943192241191945,0.0,0.09378731986230493,1
44079,63,2,1.4428797257878272,2.221295250606902,0.7784155248190747,0.15768674344582007,0.05825482103390062,0.0,0
44079,63,3,1.4428797257878272,2.5508329425360112,1.107953216748184,0.21741847992958876,0.11798655751766932,0.0,0
44079,64,1,1.764981634810707,2.457973223388154,0.6929915885774471,0.17579395223957367,0.0,0.0,0
44079,64,2,1.764981634810707,2.2696960153590284,0.5047143805483214,0.18024672947850612,0.004452777238932448,0.0,0
44079,64,3,1.764981634810707,2.357365556598377,0.5923839217876699,0.19183993122149362,0.01604597898191995,0.0,0
44079,65,1,1.5431529069895729,1.9074145923140364,0.36426168532446357,0.16564706396469459,0.0,0.0,0
44079,65,2,1.5431529069895729,2.047471637677755,0.504318730688182,0.17898301627570565,0.013335952311011062,0.0,0
44079,65,3,1.5431529069895729,2.0941283141939198,0.5509754072043469,0.1906887315544792,0.025041667589784627,0.0,0
44079,66,1,1.466663080672672,2.2964456555042334,0.8297825748315615,0.15297841198329204,0.010247941070423122,0.0,0
44079,66,2,1.466663080672672,2.0755829058238984,0.6089198251512264,0.1456098921561726,0.002879421243303676,0.0,0
44079,66,3,1.466663080672672,2.088865641341983,0.6222025606693109,0.14273047091286892,0.0,0.0,0
44079,67,1,17.08396425536765,17.24573646570193,0.16177221033428069,0.19672974264819426,0.0,0.0,0
44079,67,2,17.08396425536765,17.269114867628993,0.18515061226134222,0.24712537085264213,0.05039562820444787,0.00014688118589914478,0
44079,67,3,17.08396425536765,17.83746850155301,0.7535042461853578,0.3197876796900635,0.12305793704186924,0.016566043137288655,1
44079,68,1,19.933064931238214,20.028743901268815,0.09567897003060111,0.19502818186886284,0.0,0.0,0
44079,68,2,19.933064931238214,20.053404405555693,0.12033947431747904,0.22821459311477177,0.03318641124590893,0.03585445121377806,1
44079,68,3,19.933064931238214,20.228989564137727,0.29592463289951354,0.2758928673387798,0.08086468546991699,0.025275047869401823,1
44079,69,1,20.240795184578722,20.323993839705725,0.08319865512700275,0.11521819562167862,0.0,0.010579403344376265,1
44079,69,2,20.240795184578722,20.334213482442387,0.09341829786366418,0.15425345932922116,0.03903526370754254,0.0,0
44079,69,3,20.240795184578722,20.55256232651832,0.31176714193959754,0.20880915583314263,0.09359096021146401,0.01943528926238855,1
44079,70,1,18.358544864000812,18.464465629159484,0.10592076515867177,0.07327525523460192,0.0,0.0,0
44079,70,2,18.358544864000812,18.47485283746323,0.11630797346241906,0.10423183200544427,0.030956576770842348,0.01943528926238855,1
44079,70,3,18.358544864000812,18.546230421013323,0.18768555701251088,0.13083633635641695,0.05756108112181503,0.01943528926238855,1
44079,71,1,31.091974424846768,31.123820273404817,0.03184584855804928,0.12716099027251496,0.0,0.003959170788479266,0
44079,71,2,31.091974424846768,31.175859661948152,0.08388523710138429,0.17296856969599417,0.04580757942347921,0.0,0
44079,71,3,31.091974424846768,31.15051657171166,0.05854214686489101,0.16860968779313168,0.04144869752061672,0.010335615274293497,1
44079,72,1,32.660640209729166,32.685252477132735,0.02461226740356892,0.1532701086295777,0.0,0.0,0
44079,72,2,32.660640209729166,32.73489726367992,0.07425705395075255,0.19135675240500924,0.03808664377543153,0.010335615274293483,1
44079,72,3,32.660640209729166,32.71612818497723,0.05548797524806304,0.18942146699223703,0.036151358362659314,0.019537311062255938,1
44079,73,1,10.633719990377841,10.764505034059178,0.13078504368133714,0.1266109597374964,0.0,0.0,0
44079,73,2,10.633719990377841,10.771731786343436,0.13801179596559443,0.15652973174304824,0.029918772005551847,0.034663135965694356,1
44079,73,3,10.633719990377841,10.869459643102498,0.23573965272465713,0.17469810006302008,0.04808714032552369,0.06026618483037521,1
44079,74,1,14.396056945510097,14.621924309481551,0.2258673639714548,0.1381706976281641,0.0,0.0,0
44079,74,2,14.396056945510097,14.606127744522373,0.21007079901227677,0.2259130736410358,0.08774237601287169,0.025603048864680865,1
44079,74,3,14.396056945510097,14.939032806464851,0.5429758609547548,0.2818676830669312,0.1436969854387671,0.025603048864680865,1
44080,0,1,2.1103334678860617,2.547595861579699,0.4372623936936373,0.11311490470873206,0.0,0.07275396125922952,1
44080,0,2,2.1103334678860617,2.7334585778557927,0.623125109969731,0.1368836758223611,0.023768771113629045,0.0,0
44080,0,3,2.1103334678860617,2.9042828317572353,0.7939493638711737,0.15061602857088632,0.03750112386215426,0.0,0
44080,1,1,1.6701322054755274,2.5929684583081603,0.9228362528326328,0.21411161763675454,0.0,0.0,0
44080,1,2,1.6701322054755274,2.986502486755519,1.3163702812799918,0.291772248419924,0.07766063078316945,0.0,0
44080,1,3,1.6701322054755274,2.812799291780962,1.1426670863054347,0.2971652554246263,0.08305363778787175,0.0,0
44080,2,1,1.8970165396592553,2.2564695916927042,0.3594530520334489,0.20150509188333787,0.0,0.0,0
44080,2,2,1.8970165396592553,2.1711656254534475,0.27414908579419217,0.22100195808895165,0.019496866205613778,0.0,0
44080,2,3,1.8970165396592553,2.468563448610333,0.5715469089510776,0.20502261338489897,0.003517521501561094,0.0,0
44080,3,1,1.6873536471423514,2.117119903363794,0.4297662562214428,0.24342009527769268,0.0,0.0,0
44080,3,2,1.6873536471423514,1.9573532867316268,0.2699996395892754,0.273866056906786,0.030445961629093327,0.0,0
44080,3,3,1.6873536471423514,2.2115271474063816,0.5241735002640302,0.2525557523548825,0.009135657077189802,0.0,0
44080,4,1,1.6519300412942435,2.037605240020269,0.3856751987260256,0.1050400560876429,0.0,0.0,0
44080,4,2,1.6519300412942435,2.079300651023663,0.4273706097294194,0.13839569529967272,0.03335563921202982,0.0,0
44080,4,3,1.6519300412942435,1.9539770590657866,0.3020470177715431,0.13091764633209937,0.025877590244456475,0.0,0
44080,5,1,1.8370961763595808,1.9605111254988423,0.12341494913926154,0.20819595289384954,0.01980473719518558,0.05495573378838539,1
44080,5,2,1.8370961763595808,2.2498373568112653,0.4127411804516845,0.18839121569866396,0.0,0.0,0
44080,5,3,1.8370961763595808,2.144075774409101,0.30697959804952,0.19029940772817422,0.0019081920295102583,0.0,0
44080,6,1,4.346713881987933,5.513068658429438,1.166354776441505,0.20311366234775471,0.02010657720726472,0.054955733788385364,1
44080,6,2,4.346713881987933,4.681800473154273,0.3350865911663403,0.18300708514049,0.0,0.0,0
44080,6,3,4.346713881987933,5.172492155465158,0.8257782734772254,0.19790085761027892,0.01489377246978893,0.0,0
44080,7,1,1.5193694579135493,2.2865570024524877,0.7671875445389384,0.14519419769048494,0.001371724355071352,0.05495573378838538,1
44080,7,2,1.5193694579135493,2.2330643315999787,0.7136948736864295,0.1438224733354136,0.0,0.0,0
44080,7,3,1.5193694579135493,2.427645496969942,0.9082760390563929,0.18235427466794757,0.03853180133253398,0.0,0
44080,8,1,3.552051706667828,4.459401267322231,0.9073495606544029,0.22622880773742446,0.0,0.0,0
44080,8,2,3.552051706667828,4.16673200295242,0.6146802962845923,0.22982931585347194,0.0036005081160474794,0.0,0
44080,8,3,3.552051706667828,4.050735282747489,0.4986835760796611,0.22859462334545796,0.0023658156080335058,0.0,0
44080,9,1,2.9054835168356226,3.500458555777338,0.5949750389417154,0.16729528009016373,0.008540396202895123,0.0,0
44080,9,2,2.9054835168356226,3.4276088659564614,0.5221253491208389,0.15879480276069147,3.991887342286171e-05,0.0,0
44080,9,3,2.9054835168356226,3.352037023776524,0.44655350694090146,0.1587548838872686,0.0,0.0,0
44080,10,1,3.2172892617161226,3.84556677382123,0.6282775121051074,0.12087393238329157,0.02118591124535653,0.0,0
44080,10,2,3.2172892617161226,3.762353150590962,0.5450638888748394,0.10120170430870445,0.0015136831707694143,0.0,0
44080,10,3,3.2172892617161226,3.697652225554718,0.48036296383859556,0.09968802113793504,0.0,0.0,0
44080,11,1,4.741943139452899,5.1078131915963425,0.3658700521434435,0.07790319857807984,0.01115758116420984,0.0,0
44080,11,2,4.741943139452899,5.056567848189,0.31462470873610116,0.06674561741387,0.0,0.0,0
44080,11,3,4.741943139452899,5.11826529823106,0.37632215877816133,0.06732258522577982,0.0005769678119098148,0.0,0
44080,12,1,1.3823236258531508,1.9518889072819903,0.5695652814288394,0.1927067099799181,0.0,0.0,0
44080,12,2,1.3823236258531508,1.909012850980193,0.5266892251270421,0.21476975834395992,0.022063048364041826,0.0,0
44080,12,3,1.3823236258531508,2.1740937586808666,0.7917701328277158,0.20589849225273765,0.013191782272819558,0.0,0
44080,13,1,1.3590341857246029,2.2934513320220584,0.9344171462974555,0.26464814324483354,0.006211664686340157,0.0,0
44080,13,2,1.3590341857246029,1.9013868036519441,0.5423526179273412,0.27690621705704266,0.01846973849854927,0.0,0
44080,13,3,1.3590341857246029,1.7663732740170368,0.4073390882924339,0.2584364785584934,0.0,0.0,0
44080,14,1,1.4491912922769183,2.414755063101727,0.9655637708248086,0.15343282240042522,0.003196300248788808,0.0,0
44080,14,2,1.4491912922769183,1.9148527164968545,0.46566142421993617,0.1502365221516364,0.0,0.0,0
44080,14,3,1.4491912922769183,2.595983009376936,1.1467917171000177,0.17785468037259689,0.027618158220960476,0.0,0
44080,15,1,3.1733187125885243,4.471796630568676,1.2984779179801516,0.24054595234898138,0.0,0.0,0
44080,15,2,3.1733187125885243,5.709136289615399,2.535817577026875,0.37446736149325877,0.1339214091442774,0.0,0
44080,15,3,3.1733187125885243,4.85940586507997,1.6860871524914458,0.36729417960349725,0.12674822725451587,0.0,0
44080,16,1,2.8186151906063026,3.6304633165479445,0.8118481259416419,0.20855849800502416,0.0,0.0,0
44080,16,2,2.8186151906063026,4.396245045907719,1.5776298553014163,0.3073311231857002,0.09877262518067606,0.0,0
44080,16,3,2.8186151906063026,3.7534984124551465,0.9348832218488439,0.27538681357601585,0.0668283155709917,0.0,0
44080,17,1,1.5189278048018882,2.8989185045402035,1.3799906997383153,0.21980711835532407,0.0,0.0,0
44080,17,2,1.5189278048018882,4.0137258363262545,2.4947980315243665,0.32909523028559595,0.10928811193027188,0.0,0
44080,17,3,1.5189278048018882,3.151002593371951,1.632074788570063,0.304029263373458,0.08422214501813391,0.0,0
44080,18,1,1.6320082980018078,2.8595523334256367,1.227544035423829,0.16106542515312514,0.0,0.0,0
44080,18,2,1.6320082980018078,3.802848687996685,2.1708403899948774,0.26392091349851493,0.1028554883453898,0.0,0
44080,18,3,1.6320082980018078,3.185412920383098,1.5534046223812903,0.24681434612505782,0.08574892097193268,0.0,0
44080,19,1,1.6196396720215311,2.2751850393412605,0.6555453673197293,0.26721192892894213,0.0,0.09829367456051097,1
44080,19,2,1.6196396720215311,2.155820954058224,0.5361812820366927,0.29348054950133107,0.026268620572388934,0.0,0
44080,19,3,1.6196396720215311,2.5008881852503313,0.8812485132288002,0.3118632473690486,0.04465131844010645,0.0,0
44080,20,1,1.1460143622013619,2.2447117268807046,1.0986973646793428,0.21080952658854604,0.0,0.09829367456051102,1
44080,20,2,1.1460143622013619,2.070246910040127,0.924232547838765,0.21560556377013268,0.004796037181586638,0.0,0
44080,20,3,1.1460143622013619,2.4241817441263795,1.2781673819250177,0.2306020860502611,0.01979255946171507,0.0,0
44080,21,1,1.822548714832153,2.7534368539765426,0.9308881391443895,0.14913420456005338,0.0,0.09829367456051102,1
44080,21,2,1.822548714832153,2.8859275013119556,1.0633787864798026,0.1802454615155161,0.031111256955462713,0.0,0
44080,21,3,1.822548714832153,2.978075018861724,1.1555263040295711,0.18617540448918338,0.03704119992912999,0.0,0
44080,22,1,2.08464050036418,2.3747876090157183,0.29014710865153814,0.1564551952776292,0.0,0.09829367456051102,1
44080,22,2,2.08464050036418,2.383679904400334,0.2990394040361539,0.16888469624216285,0.012429500964533657,0.0,0
44080,22,3,2.08464050036418,2.574608964931886,0.4899684645677058,0.2353734711192776,0.0789182758416484,0.0,0
44080,23,1,3.2125266356388495,3.6010657051589625,0.38853906952011297,0.19732861093359141,0.0,0.0,0
44080,23,2,3.2125266356388495,3.8209197176538483,0.6083930820149988,0.2191874090967387,0.021858798163147286,0.0,0
44080,23,3,3.2125266356388495,3.4671823509337174,0.25465571529486786,0.20708790152047615,0.009759290586884739,0.0,0
44080,24,1,1.3126710243954662,1.529336468113104,0.21666544371763785,0.22290482667568534,0.019840106527934165,0.0,0
44080,24,2,1.3126710243954662,1.579004283807809,0.26633325941234287,0.21438128011078722,0.011316559963036044,0.0,0
44080,24,3,1.3126710243954662,1.3958816913353354,0.08321066693986912,0.20306472014775118,0.0,0.0,0
44080,25,1,0.9875363207127357,1.8873383621566062,0.8998020414438705,0.12713041387816743,0.0,0.0,0
44080,25,2,0.9875363207127357,1.9644480583076145,0.9769117375948788,0.14404679098594286,0.016916377107775438,0.0,0
44080,25,3,0.9875363207127357,2.373725385917578,1.3861890652048425,0.1562217641441091,0.029091350265941673,0.0,0
44080,26,1,1.610489843244001,2.6608672047563986,1.0503773615123977,0.2906852476787169,0.0,0.0,0
44080,26,2,1.610489843244001,2.273670216395958,0.6631803731519572,0.3056396945096813,0.014954446830964419,0.0,0
44080,26,3,1.610489843244001,2.876421455716517,1.2659316124725162,0.31869796334020695,0.02801271566149005,0.0,0
44080,27,1,1.0290782554142017,1.7017193921796898,0.6726411367654881,0.22429589729879384,0.03352444266647506,0.0,0
44080,27,2,1.0290782554142017,1.412999520504052,0.38392126508985025,0.20799614090651494,0.017224686274196155,0.0,0
44080,27,3,1.0290782554142017,1.3028909699029536,0.2738127144887519,0.1907714546323188,0.0,0.0,0
44080,28,1,1.1584140067427853,1.8809185111620592,0.7225045044192739,0.2024893259285582,0.0,0.0,0
44080,28,2,1.1584140067427853,1.7884467416917418,0.6300327349489565,0.21303873416670388,0.01054940823814568,0.0,0
44080,28,3,1.1584140067427853,2.0854347547290266,0.9270207479862413,0.20459535019663977,0.002106024268081569,0.0,0
44080,29,1,1.662786102435965,2.2440340943838146,0.5812479919478497,0.15710092456782135,0.008934842219033678,0.0,0
44080,29,2,1.662786102435965,2.4920965402768305,0.8293104378408656,0.1486192728756447,0.00045319052685702244,0.0,0
44080,29,3,1.662786102435965,2.0383852333638623,0.37559913092789743,0.14816608234878767,0.0,0.0,0
44080,30,1,1.4500594890900678,2.367093172321363,0.9170336832312953,0.19387190661634854,0.001319958083567413,0.0,0
44080,30,2,1.4500594890900678,2.016329468784514,0.5662699796944464,0.20879802273965561,0.01624607420687449,0.0,0
44080,30,3,1.4500594890900678,1.8316462102892292,0.3815867211991615,0.19255194853278113,0.0,0.0,0
44080,31,1,0.9989372756050706,2.0247578692567254,1.025820593651655,0.24765634587186983,0.05125430378945037,0.0,0
44080,31,2,0.9989372756050706,1.5879564766335765,0.5890192010285059,0.21202976351249206,0.0156277214300726,0.0,0
44080,31,3,0.9989372756050706,1.3202297892593553,0.3212925136542847,0.19640204208241946,0.0,0.0,0
44080,32,1,1.4533942335750802,1.813762481502026,0.36036824792694566,0.13345766114264077,0.0,0.0,0
44080,32,2,1.4533942335750802,1.8574584931376759,0.4040642595625956,0.1710890423466985,0.037631381204057734,0.0,0
44080,32,3,1.4533942335750802,1.925685785983991,0.47229155240891085,0.16483776404298367,0.031380102900342904,0.0,0
44080,33,1,2.173261730247231,2.7455397954399228,0.572278065192692,0.13596348639906716,0.004173804754238841,0.09129888218568816,1
44080,33,2,2.173261730247231,3.333444570584251,1.1601828403370202,0.13178968164482832,0.0,0.056063085326690965,1
44080,33,3,2.173261730247231,2.650348054380898,0.47708632413366736,0.1489088104898849,0.01711912884505659,0.0,0
44080,34,1,1.7517394168734217,2.5878079056229772,0.8360684887495555,0.1139504962636976,0.0,0.09129888218568816,1
44080,34,2,1.7517394168734217,2.4517919703341464,0.7000525534607247,0.16950275383896732,0.055552257575269715,0.056063085326690965,1
44080,34,3,1.7517394168734217,3.0232839839983563,1.2715445671249346,0.24487499358918474,0.13092449732548714,0.0,0
44080,35,1,1.3308370903201754,2.2564040152915603,0.9255669249713849,0.20670366363478318,0.014347126539860033,0.0,0
44080,35,2,1.3308370903201754,1.6828055166365914,0.351968426316416,0.21184096985597659,0.01948443276105344,0.0,0
44080,35,3,1.3308370903201754,1.676998671317763,0.34616158099758754,0.19235653709492315,0.0,0.0,0
44080,36,1,4.455056050039811,5.28365374924909,0.8285976992092783,0.19812438609528807,0.017668908999398297,0.06919943103538201,1
44080,36,2,4.455056050039811,4.80146273565213,0.3464066856123189,0.18045547709588977,0.0,0.0,0
44080,36,3,4.455056050039811,5.058477682962278,0.6034216329224664,0.19855376812571454,0.01809829102982477,0.0,0
44080,37,1,8.719349123785348,8.935657262208945,0.21630813842359764,0.15999997005993355,0.0,0.06919943103538201,1
44080,37,2,8.719349123785348,8.816934600275841,0.09758547649049376,0.17400857013044635,0.0140086000705128,0.0,0
44080,37,3,8.719349123785348,9.064188221967985,0.34483909818263747,0.19993055877716873,0.03993058871723518,0.0,0
44080,38,1,1.7332970553223916,3.0452998794467177,1.312002824124326,0.13722264998334158,0.027264831015236843,0.06919943103538201,1
44080,38,2,1.7332970553223916,2.3049890348549082,0.5716919795325166,0.10995781896810473,0.0,0.0,0
44080,38,3,1.7332970553223916,2.5796597212339543,0.8463626659115626,0.1253363246580061,0.015378505689901359,0.0,0
44080,39,1,1.4932941560058453,2.276486342452398,0.7831921864465525,0.2564260172599926,0.005650054996434839,0.0,0
44080,39,2,1.4932941560058453,2.1140973592477867,0.6208032032419415,0.26255998289354127,0.011784020629983516,0.0,0
44080,39,3,1.4932941560058453,1.6698499414196568,0.17655578541381156,0.25077596226355775,0.0,0.0,0
44080,40,1,1.6473813121284135,2.15697055654005,0.5095892444116363,0.19219374933955152,0.0,0.0,0
44080,40,2,1.6473813121284135,2.1163623965819793,0.4689810844535658,0.21322414808567564,0.021030398746124113,0.0,0
44080,40,3,1.6473813121284135,2.2530732224235104,0.6056919102950968,0.20154791507217748,0.009354165732625958,0.0,0
44080,41,1,1.0310767818345772,1.6837859329415927,0.6527091511070156,0.22784030021048204,0.0051671469053697905,0.0,0
44080,41,2,1.0310767818345772,1.8997080590860693,0.8686312772514921,0.22267315330511225,0.0,0.0,0
44080,41,3,1.0310767818345772,1.7881006010332459,0.7570238191986687,0.22588503810603483,0.0032118848009225764,0.0,0
44080,42,1,1.658603848688562,2.026300898752472,0.36769705006391007,0.18641375313330302,0.0,0.024795930697905533,1
44080,42,2,1.658603848688562,2.1518699088627438,0.49326606017418184,0.1968380786740703,0.010424325540767276,0.0,0
44080,42,3,1.658603848688562,2.028903086476256,0.37029923778769414,0.18844696519922824,0.002033212065925216,0.0,0
44080,43,1,1.5612571675692037,1.7626665424495802,0.20140937488037647,0.20302112336272163,0.027261604253914717,0.024795930697905477,1
44080,43,2,1.5612571675692037,2.0686437404201143,0.5073865728509106,0.1757595191088069,0.0,0.0,0
44080,43,3,1.5612571675692037,2.028830630321211,0.4675734627520072,0.18708172682655297,0.011322207717746058,0.0,0
44080,44,1,2.1600614607878303,2.54072047816273,0.3806590173748998,0.10397049311070847,0.0,0.024795930697905505,1
44080,44,2,2.1600614607878303,2.7362384265184883,0.5761769657306579,0.14563473884753392,0.04166424573682545,0.0,0
44080,44,3,2.1600614607878303,2.923056847970737,0.7629953871829067,0.17646179212603197,0.0724912990153235,0.0,0
44080,45,1,1.4225390440625532,1.8002362662257354,0.37769722216318224,0.24748137006732668,0.03530671240479141,0.0,0
44080,45,2,1.4225390440625532,1.7860533545819763,0.3635143105194232,0.2246740389876318,0.012499381325096537,0.0,0
44080,45,3,1.4225390440625532,1.6554313605282474,0.2328923164656942,0.21217465766253527,0.0,0.0,0
44080,46,1,1.1593680443214125,1.9220626290245473,0.7626945847031348,0.2043270348777135,0.014084150911879395,0.0,0
44080,46,2,1.1593680443214125,1.705943182833564,0.5465751385121516,0.2089790149262891,0.018736130960454983,0.0,0
44080,46,3,1.1593680443214125,1.4360018249326303,0.2766337806112178,0.1902428839658341,0.0,0.0,0
44080,47,1,1.6146967725641708,1.9609814280130997,0.34628465544892895,0.12483477250332604,0.0,0.0,0
44080,47,2,1.6146967725641708,1.934433619564193,0.31973684700002214,0.16270084726596004,0.037866074762634,0.0,0
44080,47,3,1.6146967725641708,2.228579544478978,0.6138827719148074,0.16136471455351828,0.036529942050192235,0.0,0
44080,48,1,1.348950450100464,1.9596300575098666,0.6106796074094025,0.2006381751737729,0.0,0.09647492320085727,1
44080,48,2,1.348950450100464,1.7623681184244169,0.41341766832395277,0.216783674812889,0.0161454996391161,0.0,0
44080,48,3,1.348950450100464,1.8613806781767344,0.5124302280762703,0.20178186170739257,0.001143686533619681,0.0,0
44080,49,1,1.2768561850004532,2.2781846955379406,1.0013285105374874,0.21939561949790912,0.0,0.09647492320085727,1
44080,49,2,1.2768561850004532,2.3206018211895327,1.0437456361890796,0.26631877967783074,0.046923160179921625,0.0,0
44080,49,3,1.2768561850004532,2.5864726465135255,1.3096164615130723,0.26541030667354626,0.04601468717563714,0.0,0
44080,50,1,2.5989274066522583,3.6373215937573478,1.0383941871050895,0.12826729505248735,0.0,0.09647492320085728,1
44080,50,2,2.5989274066522583,3.42232841632297,0.8234010096707118,0.1985793170684749,0.07031202201598755,0.0,0
44080,50,3,2.5989274066522583,4.243705877933143,1.644778471280885,0.2913237352293052,0.16305644017681786,0.0,0
44080,51,1,1.278580334952983,1.771601593852349,0.4930212588993661,0.25242264877845055,0.013901785036360664,0.06422474694733082,1
44080,51,2,1.278580334952983,1.7982426157478133,0.5196622807948303,0.24198470302061229,0.003463839278522396,0.0,0
44080,51,3,1.278580334952983,1.7649251973319764,0.48634486237899344,0.2385208637420899,0.0,0.0,0
44080,52,1,2.0184702346322876,2.635560351349386,0.6170901167170983,0.15680732822647633,0.0,0.06422474694733082,1
44080,52,2,2.0184702346322876,2.4960242621940942,0.47755402756180665,0.18756982640687528,0.030762498180398945,0.0,0
44080,52,3,2.0184702346322876,2.9217915404762325,0.9033213058439449,0.22847346716441416,0.07166613893793783,0.0,0
44080,53,1,2.337449567016097,4.286633456796919,1.9491838897808216,0.2445706142222035,0.013632434868391913,0.06422474694733084,1
44080,53,2,2.337449567016097,3.0697208206105264,0.7322712535944293,0.23093817935381158,0.0,0.0,0
44080,53,3,2.337449567016097,4.108522259994889,1.7710726929787923,0.2350609835960853,0.004122804242273709,0.0,0
44080,54,1,3.9844393770131674,4.359714763506489,0.37527538649332115,0.17235983452819562,0.0,0.0,0
44080,54,2,3.9844393770131674,4.538441112414452,0.5540017354012843,0.19304180984952538,0.02068197532132976,0.0,0
44080,54,3,3.9844393770131674,4.289755921544391,0.30531654453122314,0.1889768394827482,0.016617004954552594,0.0,0
44080,55,1,1.2989125474482561,2.0413561323580907,0.7424435849098345,0.18344496766892118,0.0,0.0,0
44080,55,2,1.2989125474482561,2.1461546131259013,0.8472420656776452,0.20865282610355995,0.02520785843463877,0.0,0
44080,55,3,1.2989125474482561,2.617767044231859,1.3188544967836027,0.2098832844204531,0.02643831675153191,0.0,0
44080,56,1,1.934810538841258,2.3499643920877604,0.41515385324650245,0.27191989305752745,0.0,0.09410814134510104,1
44080,56,2,1.934810538841258,2.3569573331440417,0.4221467943027837,0.29701678719383795,0.0250968941363105,0.0,0
44080,56,3,1.934810538841258,2.5744722196751084,0.6396616808338504,0.301188567038677,0.029268673981149573,0.0,0
44080,57,1,1.515684782313846,1.9669897689678635,0.4513049866540175,0.20154076347849811,0.0,0.09410814134510107,1
44080,57,2,1.515684782313846,2.116763248360035,0.601078466046189,0.23614477824923827,0.034604014770740155,0.0,0
44080,57,3,1.515684782313846,2.2089647503457543,0.6932799680319084,0.22676041663385652,0.0252196531553584,0.0,0
44080,58,1,1.248651447234561,1.883518143312887,0.634866696078326,0.2147558092572658,0.0,0.09410814134510107,1
44080,58,2,1.248651447234561,1.6483248664238173,0.39967341918925636,0.23500359051818198,0.02024778126091617,0.0,0
44080,58,3,1.248651447234561,2.091522806258319,0.8428713590237582,0.23451745635621118,0.019761647098945373,0.0,0
44080,59,1,1.7022963394693278,2.2342068190893523,0.5319104796200245,0.10979544245651855,0.0,0.09410814134510107,1
44080,59,2,1.7022963394693278,2.3578935645896864,0.6555972251203586,0.13336583115071482,0.023570388694196268,0.0,0
44080,59,3,1.7022963394693278,2.7824090182537455,1.0801126787844177,0.18275942861323777,0.07296398615671922,0.0,0
44080,60,1,1.7740321086128787,2.4742873893291626,0.7002552807162838,0.16698788881182827,0.0,0.0,0
44080,60,2,1.7740321086128787,2.675720143605479,0.9016880349926004,0.19989345597816555,0.032905567166337274,0.0,0
44080,60,3,1.7740321086128787,2.582350790096095,0.8083186814832164,0.19770034444605938,0.03071245563423111,0.0,0
44080,61,1,1.3213810477007502,1.9715548120709876,0.6501737643702374,0.15595912721510505,0.0,0.0,0
44080,61,2,1.3213810477007502,2.1116229633918038,0.7902419156910536,0.18898326275408778,0.03302413553898273,0.0,0
44080,61,3,1.3213810477007502,2.4785500604519357,1.1571690127511856,0.19251662487666704,0.036557497661561994,0.0,0
44080,62,1,1.4403013667660567,2.3357120422386664,0.8954106754726097,0.1344874248500816,0.009506268139456472,0.0,0
44080,62,2,1.4403013667660567,2.001504919055338,0.5612035522892811,0.12498115671062514,0.0,0.0,0
44080,62,3,1.4403013667660567,2.3566724851198715,0.9163711183538148,0.1432890358367296,0.018307879126104473,0.0,0
44080,63,1,1.3868291111787594,1.7307621556848267,0.3439330445060673,0.2136141768649025,0.014110886899778435,0.0,0
44080,63,2,1.3868291111787594,1.6865419986999028,0.29971288752114345,0.20449376919166354,0.004990479226539474,0.0,0
44080,63,3,1.3868291111787594,1.6037047252310124,0.21687561405225297,0.19950328996512406,0.0,0.0,0
44080,64,1,4.019940373671649,4.46335171124075,0.4434113375691009,0.1684153969293589,0.0,0.0,0
44080,64,2,4.019940373671649,4.816055945437994,0.7961155717663448,0.20771275903098735,0.03929736210162846,0.0,0
44080,64,3,4.019940373671649,4.466536710776447,0.44659633710479785,0.20170350122335193,0.03328810429399304,0.0,0
44080,65,1,1.5695248257482348,2.3790551864978133,0.8095303607495785,0.13096387874832868,0.005927346147677426,0.0,0
44080,65,2,1.5695248257482348,2.5232822416715717,0.9537574159233368,0.12503653260065126,0.0,0.0,0
44080,65,3,1.5695248257482348,2.545437403689783,0.9759125779415483,0.1377927856672857,0.012756253066634443,0.0,0
44080,66,1,11.67408515634715,11.86629297807648,0.1922078217293297,0.05500592207558991,0.0,0.002868905499467181,0
44080,66,2,11.67408515634715,11.857432557163563,0.18334740081641243,0.09876757384196627,0.043761651766376364,0.0,0
44080,66,3,11.67408515634715,12.119236835682704,0.4451516793355541,0.11791649081508533,0.06291056873949542,0.0,0
44080,67,1,17.216505926462546,17.46230209055006,0.24579616408751548,0.18357348510582389,0.0,0.00022407590320805415,0
44080,67,2,17.216505926462546,17.35871894779076,0.14221302132821378,0.23143084550672718,0.0478573604009033,0.0,0
44080,67,3,17.216505926462546,17.664105047925027,0.44759912146248126,0.2559118620305098,0.07233837692468592,0.016748522212403694,1
44080,68,1,20.220358714700616,20.370730238448168,0.1503715237475518,0.18917514423670173,0.0,0.0,0
44080,68,2,20.220358714700616,20.312315105849073,0.09195639114845733,0.22426702716649244,0.03509188292979071,0.036885611723774886,1
44080,68,3,20.220358714700616,20.507283889704432,0.286925175003816,0.2526275881495283,0.06345244391282656,0.025356609001258662,1
44080,69,1,20.508456495352753,20.65992221384346,0.15146571849070511,0.10308301041552352,0.0,0.011529002722516224,1
44080,69,2,20.508456495352753,20.553080716816815,0.044624221464061975,0.1282851548965963,0.02520214448107279,0.0,0
44080,69,3,20.508456495352753,20.72100275554634,0.21254626019358724,0.15860153720492132,0.055518526789397796,0.020137089511371206,1
44080,70,1,18.536700015793592,18.72904523176916,0.19234521597556764,0.06617713537733011,0.0,0.0,0
44080,70,2,18.536700015793592,18.664830506169384,0.12813049037579205,0.07057619201487397,0.004399056637543863,0.020137089511371206,1
44080,70,3,18.536700015793592,18.687812112228833,0.15111209643524148,0.06862162699283868,0.0024444916155085678,0.020137089511371206,1
44080,71,1,30.975765803698504,31.067367966336768,0.0916021626382637,0.1331364011580167,0.0,0.0036121623681819592,0
44080,71,2,30.975765803698504,31.030729421706496,0.05496361800799221,0.16291571498282117,0.029779313824804476,0.0,0
44080,71,3,30.975765803698504,31.038960011859388,0.06319420816088339,0.15706082738395682,0.023924426225940126,0.009568078099371186,1
44080,72,1,32.65245849296193,32.73992882222732,0.08747032926539333,0.14633702693343356,0.0,0.0,0
44080,72,2,32.65245849296193,32.6872922364076,0.034833743445673804,0.17438440130684307,0.02804737437340951,0.0095680780993712,1
44080,72,3,32.65245849296193,32.752178178188736,0.09971968522680896,0.17576782729808094,0.029430800364647375,0.019639739609018894,1
44080,73,1,10.965485650586936,11.054984041038812,0.08949839045187602,0.11534462840425222,0.0,0.0,0
44080,73,2,10.965485650586936,11.089081826668195,0.12359617608125895,0.14745370346550782,0.0321090750612556,0.03447514403677403,1
44080,73,3,10.965485650586936,11.158285288551152,0.19279963796421562,0.1584758935474362,0.04313126514318397,0.05976068578119546,1
44080,74,1,14.852485765263754,14.9684825083507,0.11599674308694574,0.12959140878683498,0.0,0.0,0
44080,74,2,14.852485765263754,14.963648076510491,0.11116231124673703,0.1852739802529723,0.05568257146613731,0.025285541744421453,1
44080,74,3,14.852485765263754,15.282673243298964,0.43018747803520974,0.22754153704387084,0.09795012825703586,0.025285541744421453,1
44081,0,1,1.8100900969494393,2.0198636336628315,0.20977353671339216,0.14948275802393385,0.0,0.0,0
44081,0,2,1.8100900969494393,2.1106022922114187,0.30051219526197936,0.17837295138003215,0.028890193356098298,0.0,0
44081,0,3,1.8100900969494393,2.170742809028,0.36065271207856053,0.17173993453704897,0.022257176513115123,0.0,0
44081,1,1,1.772139504358588,2.2301392473479194,0.45799974298933144,0.19392614569461356,0.0,0.0,0
44081,1,2,1.772139504358588,2.482856962304281,0.7107174579456932,0.24856235497184206,0.05463620927722851,0.0,0
44081,1,3,1.772139504358588,2.6127065743927456,0.8405670700341576,0.23189768922006204,0.03797154352544849,0.0,0
44081,2,1,1.7887137948222722,2.015282057404697,0.2265682625824248,0.08938817001940481,0.0,0.0,0
44081,2,2,1.7887137948222722,2.080911977221903,0.2921981823996307,0.11329686811684693,0.023908698097442116,0.0,0
44081,2,3,1.7887137948222722,2.1238639255625165,0.33515013074024425,0.10635585076543976,0.01696768074603494,0.0,0
44081,3,1,1.5720459821794808,1.9173816050588548,0.345335622879374,0.1877014599539751,0.022349590121235108,0.05490872339747074,1
44081,3,2,1.5720459821794808,1.7929994885030145,0.22095350632353372,0.16535186983274,0.0,0.0,0
44081,3,3,1.5720459821794808,1.997822397612211,0.42577641543273015,0.17599391893200195,0.010642049099261947,0.0,0
44081,4,1,4.290174929014005,5.252832678146069,0.962657749132064,0.2153091644741976,0.02421816352425271,0.05490872339747074,1
44081,4,2,4.290174929014005,4.493446859735959,0.2032719307219546,0.19109100094994488,0.0,0.0,0
44081,4,3,4.290174929014005,4.765873120111804,0.4756981910977993,0.20593628115200383,0.014845280202058941,0.0,0
44081,5,1,1.471311175508525,1.7098556331730617,0.23854445766453658,0.11703267693648634,0.0,0.054908723397470736,1
44081,5,2,1.471311175508525,1.7645382945206265,0.2932271190121014,0.14453434494218811,0.02750166800570178,0.0,0
44081,5,3,1.471311175508525,1.8081412118709206,0.3368300363623955,0.173575745484605,0.05654306854811866,0.0,0
44081,6,1,3.635210828193847,4.163888665774446,0.5286778375805992,0.2332714908245718,0.0,0.0,0
44081,6,2,3.635210828193847,4.091639404928983,0.4564285767351355,0.23933810103319364,0.006066610208621842,0.0,0
44081,6,3,3.635210828193847,4.214480449679472,0.5792696214856252,0.23983975929872184,0.006568268474150041,0.0,0
44081,7,1,2.8546016717371407,3.8264333519357026,0.9718316801985618,0.1623805335955253,0.0011539190473333072,0.0,0
44081,7,2,2.8546016717371407,3.615580448727674,0.7609787769905334,0.16122661454819198,0.0,0.0,0
44081,7,3,2.8546016717371407,3.3371306116171184,0.4825289398799777,0.16190924926010522,0.0006826347119132381,0.0,0
44081,8,1,3.141886133177632,4.10244531990595,0.9605591867283181,0.1185902467145907,0.020921753827735798,0.0,0
44081,8,2,3.141886133177632,3.6102873351580174,0.4684012019803854,0.10060571661936377,0.002937223732508862,0.0,0
44081,8,3,3.141886133177632,4.108537628155011,0.9666514949773788,0.0976684928868549,0.0,0.0,0
44081,9,1,4.780962799158379,5.289836113226964,0.5088733140685848,0.07404653473367294,0.006079750528670699,0.0,0
44081,9,2,4.780962799158379,5.078361224587486,0.29739842542910644,0.06929938365207049,0.0013325994470682473,0.0,0
44081,9,3,4.780962799158379,5.128850592627361,0.34788779346898213,0.06796678420500224,0.0,0.0,0
44081,10,1,1.2711126856438313,1.6156210685218753,0.344508382878044,0.14530731719726203,0.0,0.0,0
44081,10,2,1.2711126856438313,1.759256398841923,0.4881437131980917,0.1708689982063574,0.025561681009095366,0.0,0
44081,10,3,1.2711126856438313,1.9195509784603473,0.648438292816516,0.17117578782095333,0.025868470623691298,0.0,0
44081,11,1,1.232044319325019,1.8328770001606565,0.6008326808356375,0.22812778574103693,0.0,0.0,0
44081,11,2,1.232044319325019,2.3692949978031725,1.1372506784781535,0.2397159635240001,0.011588177782963172,0.0,0
44081,11,3,1.232044319325019,2.1866342120456785,0.9545898927206595,0.2555106433245737,0.027382857583536757,0.0,0
44081,12,1,1.4392012925955064,2.083956178187301,0.6447548855917946,0.1362042358927778,0.0,0.0,0
44081,12,2,1.4392012925955064,2.1538272174527195,0.7146259248572131,0.15363654492525694,0.017432309032479137,0.0,0
44081,12,3,1.4392012925955064,2.3270347935838815,0.8878335009883751,0.15184011711016387,0.01563588121738607,0.0,0
44081,13,1,2.7512974814742415,3.471545105631892,0.7202476241576505,0.17076395010324288,0.0,0.0,0
44081,13,2,2.7512974814742415,3.8646190961375924,1.113321614663351,0.2848101403632708,0.11404619026002791,0.0,0
44081,13,3,2.7512974814742415,3.6809632162066257,0.9296657347323842,0.26700191043922245,0.09623796033597956,0.0,0
44081,14,1,1.4978442873522242,2.472158729017037,0.9743144416648126,0.17640432880921006,0.0,0.0,0
44081,14,2,1.4978442873522242,3.03636948110366,1.538525193751436,0.297815530718632,0.12141120190942192,0.0,0
44081,14,3,1.4978442873522242,2.822104412124996,1.3242601247727717,0.2760681620738149,0.09966383326460485,0.0,0
44081,15,1,1.5461437902991548,2.544252971748531,0.9981091814493763,0.12690357243063718,0.0,0.0,0
44081,15,2,1.5461437902991548,3.1624953365274218,1.616351546228267,0.24747413895248663,0.12057056652184944,0.0,0
44081,15,3,1.5461437902991548,3.0295890676171338,1.483445277317979,0.2270613985363983,0.10015782610576113,0.0,0
44081,16,1,1.6451101244279855,2.134585773179212,0.4894756487512266,0.30015842909932844,0.0,0.09815000032910937,1
44081,16,2,1.6451101244279855,2.405045295568327,0.7599351711403415,0.3404185190170711,0.04026008991774266,0.0,0
44081,16,3,1.6451101244279855,2.5864708432419654,0.9413607188139799,0.4116647555085346,0.11150632640920616,0.0,0
44081,17,1,1.1436448467539377,1.8530779857017907,0.709433138947853,0.16365526176751938,0.0,0.09815000032910937,1
44081,17,2,1.1436448467539377,2.142197167579506,0.9985523208255684,0.23169725756574241,0.06804199579822304,0.0,0
44081,17,3,1.1436448467539377,2.1494584146699593,1.0058135679160216,0.2396324567483239,0.07597719498080452,0.0,0
44081,18,1,1.7406546149095512,2.355843634580748,0.6151890196711969,0.13429709739630938,0.0,0.09815000032910935,1
44081,18,2,1.7406546149095512,2.5442822294396885,0.8036276145301373,0.20322048486834846,0.06892338747203908,0.0,0
44081,18,3,1.7406546149095512,2.5357502643242698,0.7950956494147186,0.21521282064657538,0.080915723250266,0.0,0
44081,19,1,1.9306351501042485,2.3502386831509945,0.419603533046746,0.16406392250396215,0.0,0.09815000032910937,1
44081,19,2,1.9306351501042485,2.4525436658466444,0.5219085157423959,0.20345059750966088,0.03938667500569873,0.0,0
44081,19,3,1.9306351501042485,2.5642295615077386,0.6335944114034902,0.24999192902594541,0.08592800652198326,0.0,0
44081,20,1,3.0870956172237336,3.3821577095677156,0.29506209234398195,0.14743866756454316,0.0,0.0,0
44081,20,2,3.0870956172237336,3.602424285885663,0.5153286686619296,0.17517854485463052,0.027739877290087367,0.0,0
44081,20,3,3.0870956172237336,3.3563903994631117,0.2692947822393781,0.17811037551170664,0.03067170794716348,0.0,0
44081,21,1,1.2052066587259191,1.4354758050278813,0.23026914630196216,0.15452592762608508,0.0,0.0,0
44081,21,2,1.2052066587259191,1.3862629621877198,0.18105630346180068,0.1732661646822382,0.01874023705615313,0.0,0
44081,21,3,1.2052066587259191,1.625774246345306,0.42056758761938684,0.16956144762572953,0.015035519999644448,0.0,0
44081,22,1,0.9776035927110092,1.8035536214830337,0.8259500287720245,0.11252377047075196,0.0,0.0,0
44081,22,2,0.9776035927110092,1.8311773060016705,0.8535737132906613,0.13244128907721245,0.019917518606460488,0.0,0
44081,22,3,0.9776035927110092,2.0286337950052498,1.0510302022942406,0.1308796985191233,0.01835592804837133,0.0,0
44081,23,1,1.6264431584733732,3.2817743496019802,1.655331191128607,0.30011159963963135,0.020637116770746533,0.0,0
44081,23,2,1.6264431584733732,2.88237063362071,1.2559274751473368,0.2794744828688848,0.0,0.0,0
44081,23,3,1.6264431584733732,2.600436454295493,0.9739932958221198,0.3226584902501062,0.043184007381221357,0.0,0
44081,24,1,0.9934591177413614,1.6152973220841613,0.6218382043427999,0.15856655236773218,0.0,0.0,0
44081,24,2,0.9934591177413614,1.4872494552980409,0.49379033755667945,0.16640893595961195,0.007842383591879776,0.0,0
44081,24,3,0.9934591177413614,1.698766098960153,0.7053069812187915,0.1622254691149374,0.0036589167472052264,0.0,0
44081,25,1,1.0856367186622686,1.7808408601449472,0.6952041414826786,0.14496399563272636,0.0020407768409163862,0.0,0
44081,25,2,1.0856367186622686,1.5236543819167938,0.4380176632545252,0.1613780606668031,0.018454841874993133,0.0,0
44081,25,3,1.0856367186622686,1.8945580025159852,0.8089212838537165,0.14292321879180997,0.0,0.0,0
44081,26,1,1.6642697433226785,2.22827378742918,0.5640040441065013,0.10201006580080237,0.0006735790146555065,0.0,0
44081,26,2,1.6642697433226785,2.0318079183630315,0.367538175040353,0.11403192439097784,0.01269543760483098,0.0,0
44081,26,3,1.6642697433226785,2.0057635985688784,0.3414938552461999,0.10133648678614686,0.0,0.0,0
44081,27,1,1.3368392183273927,1.8343615934868347,0.497522375159442,0.14624961000039877,0.0,0.0,0
44081,27,2,1.3368392183273927,1.7945858742040979,0.45774665587670516,0.16421772984815522,0.017968119847756453,0.0,0
44081,27,3,1.3368392183273927,1.9613952050202408,0.6245559866928481,0.16121980829034532,0.014970198289946557,0.0,0
44081,28,1,0.9575188337541272,1.817342585391863,0.8598237516377358,0.17526037563141508,0.009727245307068005,0.0,0
44081,28,2,0.9575188337541272,1.9120576124549793,0.9545387787008521,0.16983017790249053,0.004297047578143448,0.0,0
44081,28,3,0.9575188337541272,1.6151053418799362,0.657586508125809,0.16553313032434708,0.0,0.0,0
44081,29,1,1.5408882680232856,1.7061048179621963,0.16521654993891066,0.10331391023340374,0.0,0.0,0
44081,29,2,1.5408882680232856,1.7715094784684002,0.23062121044511463,0.1343859525908537,0.031072042357449967,0.0,0
44081,29,3,1.5408882680232856,1.8581657631806365,0.31727749515735093,0.12434483455672302,0.02103092432331928,0.0,0
44081,30,1,2.0090509133930134,2.518747922704637,0.5096970093116235,0.12875908993596297,0.0011904874310979252,0.08853919447424602,1
44081,30,2,2.0090509133930134,2.8517765169416456,0.8427256035486321,0.12756860250486504,0.0,0.054227417166672176,1
44081,30,3,2.0090509133930134,2.3756872367680293,0.36663632337501584,0.13235590413209444,0.004787301627229401,0.0,0
44081,31,1,1.650178716520291,1.9808773053625504,0.33069858884225933,0.10750111093790865,0.0,0.08853919447424602,1
44081,31,2,1.650178716520291,1.9562449189413769,0.30606620242108584,0.15581601247727947,0.04831490153937082,0.054227417166672176,1
44081,31,3,1.650178716520291,2.5717992169155837,0.9216205003952926,0.21505816582210419,0.10755705488419554,0.0,0
44081,32,1,1.3592806608513746,1.480457439371873,0.12117677852049846,0.15650602974211844,0.0,0.0,0
44081,32,2,1.3592806608513746,1.821089474359334,0.46180881350795944,0.16835175889739787,0.011845729155279427,0.0,0
44081,32,3,1.3592806608513746,1.8482345856572036,0.488953924805829,0.16589731784516223,0.009391288103043793,0.0,0
44081,33,1,4.461380988654539,5.004387123837477,0.5430061351829378,0.1991491829007052,0.023468891669366165,0.0694981056780451,1
44081,33,2,4.461380988654539,4.7413605265764875,0.27997953792194874,0.17568029123133905,0.0,0.0,0
44081,33,3,4.461380988654539,4.821617184031678,0.3602361953771389,0.20430269223263428,0.028622401001295233,0.0,0
44081,34,1,8.682996867495778,8.898854259687216,0.21585739219143818,0.1530621353502156,0.0,0.0694981056780451,1
44081,34,2,8.682996867495778,8.780655709077077,0.09765884158129978,0.1595602112773854,0.006498075927169805,0.0,0
44081,34,3,8.682996867495778,8.858171063940693,0.1751741964449156,0.19425566683406406,0.04119353148384847,0.0,0
44081,35,1,1.696634653854656,2.0916239897312012,0.3949893358765453,0.1222232519291113,0.0,0.0694981056780451,1
44081,35,2,1.696634653854656,2.1490839552541288,0.4524493013994728,0.12853780538685705,0.006314553457745745,0.0,0
44081,35,3,1.696634653854656,2.2949894207885317,0.5983547669338758,0.13543664149181997,0.013213389562708663,0.0,0
44081,36,1,1.3516126721565067,1.979247380392748,0.6276347082362412,0.20085900267954843,0.0,0.0,0
44081,36,2,1.3516126721565067,2.280404585477868,0.9287919133213611,0.21559487919680506,0.014735876517256635,0.0,0
44081,36,3,1.3516126721565067,2.3346749994326954,0.9830623272761887,0.21651756130612124,0.01565855862657281,0.0,0
44081,37,1,1.5195696926735265,1.8303399949946697,0.3107703023211432,0.14339525128788091,0.0,0.0,0
44081,37,2,1.5195696926735265,1.9550766226318803,0.43550692995835383,0.16901201148055214,0.02561676019267123,0.0,0
44081,37,3,1.5195696926735265,2.0544380452265765,0.53486835255305,0.16642352583582884,0.023028274547947924,0.0,0
44081,38,1,1.4511911079902728,2.4938162653996736,1.0426251574094008,0.18504360980997067,0.0,0.0,0
44081,38,2,1.4511911079902728,2.539532376595094,1.0883412686048213,0.1963581952747162,0.011314585464745536,0.0,0
44081,38,3,1.4511911079902728,2.0625560039556117,0.6113648959653388,0.19216738736533973,0.007123777555369054,0.0,0
44081,39,1,1.3590572758645383,1.574248689992621,0.21519141412808263,0.15001606731675038,0.0,0.02492945108792674,1
44081,39,2,1.3590572758645383,1.8363740861386728,0.47731681027413453,0.1602916773253056,0.01027561000855523,0.0,0
44081,39,3,1.3590572758645383,1.6963060175008313,0.33724874163629304,0.16664675333122617,0.016630686014475787,0.0,0
44081,40,1,1.4237104674898025,1.7146440608046298,0.2909335933148274,0.18976306703274032,0.029801334280354835,0.02492945108792677,1
44081,40,2,1.4237104674898025,1.6051881393912573,0.1814776719014548,0.15996173275238548,0.0,0.0,0
44081,40,3,1.4237104674898025,1.9593179029678747,0.5356074354780722,0.17669026949714495,0.016728536744759465,0.0,0
44081,41,1,2.0445305671952823,2.332289460971949,0.28775889377666664,0.0961028417559321,0.0,0.02492945108792677,1
44081,41,2,2.0445305671952823,2.502696048583224,0.45816548138794166,0.15486405147082966,0.05876120971489755,0.0,0
44081,41,3,2.0445305671952823,2.451326913421968,0.4067963462266859,0.1837447443511974,0.08764190259526529,0.0,0
44081,42,1,1.3628576283838734,2.2042712227797803,0.8414135943959069,0.1941066809913727,0.005791683138787529,0.0,0
44081,42,2,1.3628576283838734,1.802461279629361,0.4396036512454877,0.19438588794977893,0.0060708900971937485,0.0,0
44081,42,3,1.3628576283838734,2.051398229253986,0.6885406008701125,0.18831499785258518,0.0,0.0,0
44081,43,1,1.1025085434832678,1.4601508881055427,0.35764234462227495,0.15225669704941605,0.0,0.0,0
44081,43,2,1.1025085434832678,1.4510190118405446,0.34851046835727684,0.16733457106358965,0.015077874014173598,0.0,0
44081,43,3,1.1025085434832678,1.684838644638917,0.5823301011556492,0.16284007207517076,0.01058337502575471,0.0,0
44081,44,1,1.6751939153458497,1.8182680723530211,0.1430741570071714,0.10918714081084856,0.0,0.0,0
44081,44,2,1.6751939153458497,2.0202875291851483,0.3450936138392986,0.13761787740608103,0.028430736595232473,0.0,0
44081,44,3,1.6751939153458497,2.0812746151099097,0.40608069976406,0.13087982671717863,0.02169268590633007,0.0,0
44081,45,1,1.2269666656458296,1.439530415366564,0.21256374972073444,0.15023393875910626,0.0,0.09696481691012818,1
44081,45,2,1.2269666656458296,1.4935398284085928,0.2665731627627632,0.17364139980183368,0.023407461042727423,0.0,0
44081,45,3,1.2269666656458296,1.654174743097591,0.4272080774517615,0.16884139352828542,0.01860745476917916,0.0,0
44081,46,1,1.2217184834257273,1.9624235779470198,0.7407050945212925,0.20304207431333507,0.0,0.09696481691012818,1
44081,46,2,1.2217184834257273,2.3817065101319543,1.159988026706227,0.2426028022704536,0.03956072795711854,0.0,0
44081,46,3,1.2217184834257273,2.3752502200131076,1.1535317365873803,0.25085271055369307,0.047810636240358,0.0,0
44081,47,1,2.5456183871487537,3.170167876194447,0.6245494890456933,0.11722291229727937,0.0,0.09696481691012818,1
44081,47,2,2.5456183871487537,3.1632476767813964,0.6176292896326427,0.17959729539707078,0.06237438309979142,0.0,0
44081,47,3,2.5456183871487537,3.688307582334434,1.1426891951856804,0.24261782537465038,0.125394913077371,0.0,0
44081,48,1,1.2598905156906661,1.789807443169952,0.5299169274792859,0.2416983670966741,0.0376952174534112,0.0641383250821797,1
44081,48,2,1.2598905156906661,1.6752991810752071,0.415408665384541,0.2040031496432629,0.0,0.0,0
44081,48,3,1.2598905156906661,2.1231437189528255,0.8632532032621594,0.2248975972623577,0.020894447619094786,0.0,0
44081,49,1,2.0007198868643754,2.660348213891523,0.6596283270271477,0.1250909148009437,0.0,0.06413832508217973,1
44081,49,2,2.0007198868643754,2.7350387180988593,0.7343188312344839,0.15835503776130358,0.03326412296035988,0.0,0
44081,49,3,2.0007198868643754,2.565682096036942,0.5649622091725668,0.1754472281881333,0.0503563133871896,0.0,0
44081,50,1,2.1628652164121385,4.0833564194516825,1.920491203039544,0.27836425086557137,0.03511615626128284,0.06413832508217972,1
44081,50,2,2.1628652164121385,2.905940008829515,0.7430747924173766,0.24324809460428853,0.0,0.0,0
44081,50,3,2.1628652164121385,3.7710658812166087,1.6082006648044702,0.2506982703570332,0.007450175752744648,0.0,0
44081,51,1,3.865010784833104,4.320717263385381,0.4557064785522771,0.1485631396025963,0.0,0.0,0
44081,51,2,3.865010784833104,4.133363927934982,0.2683531431018782,0.15840672857312826,0.009843588970531975,0.0,0
44081,51,3,3.865010784833104,4.197894529344905,0.3328837445118005,0.17134727555530363,0.02278413595270734,0.0,0
44081,52,1,1.1737401591413286,1.948616038392175,0.7748758792508463,0.1571172424972408,0.0,0.0,0
44081,52,2,1.1737401591413286,2.1653221874000304,0.9915820282587018,0.18122859351499557,0.024111351017754773,0.0,0
44081,52,3,1.1737401591413286,2.0404617174874566,0.8667215583461281,0.18699069061236767,0.029873448115126877,0.0,0
44081,53,1,1.9541684124470293,2.314177831591262,0.3600094191442327,0.2793577414851415,0.0,0.09330501797720725,1
44081,53,2,1.9541684124470293,2.5744404299784245,0.6202720175313952,0.30662101917557977,0.027263277690438292,0.0,0
44081,53,3,1.9541684124470293,2.556099635325842,0.6019312228788125,0.32694052441617993,0.04758278293103846,0.0,0
44081,54,1,1.5003969877414045,1.7317232275936238,0.23132623985221934,0.15021552469129723,0.0,0.09330501797720728,1
44081,54,2,1.5003969877414045,1.9873471821114244,0.48695019437001985,0.1915242693914322,0.04130874470013496,0.0,0
44081,54,3,1.5003969877414045,1.9922647012538044,0.4918677135123999,0.18669760493685664,0.036482080245559406,0.0,0
44081,55,1,1.272541158899474,1.8441014665360658,0.5715603076365918,0.16329664536954952,0.0,0.09330501797720725,1
44081,55,2,1.272541158899474,1.9287046703864612,0.6561635114869873,0.206377978484525,0.04308133311497547,0.0,0
44081,55,3,1.272541158899474,2.0568147689507965,0.7842736100513226,0.19322598730135815,0.02992934193180863,0.0,0
44081,56,1,1.472289922558414,1.8805549909381725,0.4082650683797584,0.09963587060155192,0.0,0.09330501797720725,1
44081,56,2,1.472289922558414,1.985500426452075,0.513210503893661,0.11713929006108054,0.017503419459528616,0.0,0
44081,56,3,1.472289922558414,2.036888822661555,0.5645989001031411,0.1411889353767695,0.04155306477521757,0.0,0
44081,57,1,1.7014888325442938,2.2029515446690473,0.5014627121247535,0.1330791574704718,0.0,0.0,0
44081,57,2,1.7014888325442938,2.451329499171323,0.749840666627029,0.17694915348987628,0.04386999601940447,0.0,0
44081,57,3,1.7014888325442938,2.378825491912623,0.6773366593683292,0.19013176467098913,0.05705260720051733,0.0,0
44081,58,1,1.381712071688146,1.7809088348390567,0.3991967631509108,0.13356812345250005,0.0,0.0,0
44081,58,2,1.381712071688146,2.0894000848325374,0.7076880131443914,0.17053699613031176,0.03696887267781171,0.0,0
44081,58,3,1.381712071688146,2.206573599236107,0.8248615275479612,0.18894182188537056,0.055373698432870516,0.0,0
44081,59,1,1.5029352294795422,1.940996830045227,0.43806160056568477,0.11715169502135156,0.0,0.0,0
44081,59,2,1.5029352294795422,2.106418018369193,0.6034827888896508,0.13926372581350133,0.022112030792149767,0.0,0
44081,59,3,1.5029352294795422,2.3216356148335358,0.8187003853539936,0.1423494957121011,0.025197800690749533,0.0,0
44081,60,1,1.3635495726861215,1.927151476401205,0.5636019037150835,0.17814616203756065,0.0,0.0,0
44081,60,2,1.3635495726861215,2.1736005816868422,0.8100510090007207,0.23750496706666271,0.05935880502910207,0.0,0
44081,60,3,1.3635495726861215,2.319890382618575,0.9563408099324535,0.2531620705662851,0.07501590852872445,0.0,0
44081,61,1,3.9920971267063203,4.477432952457598,0.4853358257512781,0.15397385459679347,0.0,0.0,0
44081,61,2,3.9920971267063203,4.8058988901524735,0.8138017634461532,0.23823833850268714,0.08426448390589367,0.0,0
44081,61,3,3.9920971267063203,4.698365441107359,0.7062683144010391,0.2493957355848394,0.09542188098804594,0.0,0
44081,62,1,1.6027290696946797,2.0814074133669953,0.47867834367231565,0.12211297689137034,0.0,0.0,0
44081,62,2,1.6027290696946797,2.313698114668615,0.7109690449739354,0.17691949885931413,0.05480652196794379,0.0,0
44081,62,3,1.6027290696946797,2.577317083793255,0.9745880140985752,0.18900883927511472,0.06689586238374438,0.0,0
44081,63,1,1.157072543862234,1.785898319257703,0.6288257753954689,0.18897215023764985,0.015346896526861997,0.0,0
44081,63,2,1.157072543862234,2.0046365540176345,0.8475640101554005,0.1779465401252889,0.004321286414501052,0.0,0
44081,63,3,1.157072543862234,1.612932157819806,0.4558596139575719,0.17362525371078785,0.0,0.0,0
44081,64,1,1.5264170397201817,2.201654885555296,0.6752378458351145,0.13929748665912198,0.0007469737235007712,0.0,0
44081,64,2,1.5264170397201817,2.17784354041752,0.6514265006973381,0.14532122418479365,0.006770711249172445,0.0,0
44081,64,3,1.5264170397201817,2.209339055288646,0.6829220155684643,0.1385505129356212,0.0,0.0,0
44081,65,1,1.4192783413723802,2.351992806300536,0.932714464928156,0.13659350428974618,0.015269416778687442,0.0,0
44081,65,2,1.4192783413723802,1.8612241679648185,0.4419458265924383,0.12132408751105873,0.0,0.0,0
44081,65,3,1.4192783413723802,2.4511410095394877,1.0318626681671075,0.13650516228060938,0.015181074769550648,0.0,0
44081,66,1,17.006302276278742,17.11716681900638,0.11086454272763646,0.18760151920207682,0.0,0.000535044291799347,0
44081,66,2,17.006302276278742,17.139217582705264,0.13291530642652205,0.23777685630600376,0.05017533710392694,0.0,0
44081,66,3,17.006302276278742,17.306070448541135,0.29976817226239305,0.26296260355681983,0.07536108435474301,0.01752260942260017,1
44081,67,1,19.956354720983114,20.009893833841232,0.05353911285811819,0.1857920401208979,0.0,0.0,0
44081,67,2,19.956354720983114,20.024647885925972,0.0682931649428582,0.21633376378905253,0.030541723668154636,0.037990918402681956,1
44081,67,3,19.956354720983114,20.034097297294814,0.07774257631169945,0.2294171451868677,0.04362510506596981,0.026067463124118118,1
44081,68,1,20.25421817396392,20.29327437535942,0.03905620139549981,0.11628464383114054,0.0,0.011923455278563824,1
44081,68,2,20.25421817396392,20.29881826326534,0.04460008930141868,0.1333679692695742,0.01708332543843366,0.0,0
44081,68,3,20.25421817396392,20.306714848479476,0.05249667451555595,0.15222141356976812,0.03593676973862758,0.020468308980081784,1
44081,69,1,18.28807508992481,18.3591067924554,0.07103170253058977,0.0659589266222549,0.0,0.0,0
44081,69,2,18.28807508992481,18.371677136751128,0.08360204682631789,0.07538734346852517,0.009428416846270271,0.020468308980081777,1
44081,69,3,18.28807508992481,18.39947738944597,0.11140229952115988,0.08437999483798689,0.018421068215731987,0.020468308980081777,1
44081,70,1,30.6692220223385,30.696397750942303,0.027175728603804572,0.13214486280325688,0.0,0.0040930534330941015,0
44081,70,2,30.6692220223385,30.722619191490907,0.053397169152408,0.17462919602602614,0.04248433322276926,0.0,0
44081,70,3,30.6692220223385,30.718002145115623,0.04878012277712429,0.15567563487748098,0.023530772074224104,0.009673185958739394,1
44081,71,1,32.3099527029917,32.34101004522646,0.0310573422347602,0.13790167146058316,0.0,0.0,0
44081,71,2,32.3099527029917,32.3645119547167,0.05455925172499576,0.18497694666984593,0.047075275209262774,0.009673185958739408,1
44081,71,3,32.3099527029917,32.35899183203065,0.04903912903894536,0.17864142976625697,0.04073975830567381,0.019466288062416737,1
44081,72,1,10.805451820473497,10.827404029122617,0.021952208649119953,0.10493026874038291,0.0,0.0,0
44081,72,2,10.805451820473497,10.894276989194111,0.0888251687206143,0.13146968726705435,0.026539418526671438,0.034363033936541235,1
44081,72,3,10.805451820473497,10.880176182571063,0.07472436209756594,0.1523375586393321,0.047407289898949184,0.059387735463671154,1
44081,73,1,14.646046063466432,14.691025628365887,0.04497956489945487,0.12304822811584931,0.0,0.0,0
44081,73,2,14.646046063466432,14.725350824108986,0.07930476064255387,0.1702948401586728,0.04724661204282349,0.025024701527129926,1
44081,73,3,14.646046063466432,14.865908269740157,0.21986220627372433,0.21083240810639842,0.0877841799905491,0.025024701527129926,1
44082,0,1,4.598305880349267,4.744603779114426,0.14629789876515886,0.17940905239570243,0.0,0.05606595899385118,1
44082,0,2,4.598305880349267,4.836950232033462,0.2386443516841945,0.18800746743701924,0.00859841504131681,0.0,0
44082,0,3,4.598305880349267,5.065287282313025,0.4669814019637579,0.19163925416005895,0.012230201764356519,0.0,0
44082,1,1,1.5219962297540695,2.049931536784576,0.5279353070305064,0.09191374480648672,0.0,0.056065958993851195,1
44082,1,2,1.5219962297540695,2.2723251681410344,0.7503289383869649,0.15066408880984672,0.05875034400336,0.0,0
44082,1,3,1.5219962297540695,2.3394689381187,0.8174727083646307,0.16941184510560675,0.07749810029912003,0.0,0
44082,2,1,3.6232026212295763,4.086171317552586,0.46296869632300996,0.24539608452288494,0.0,0.0,0
44082,2,2,3.6232026212295763,4.299279775730201,0.676077154500625,0.25030676257249024,0.004910678049605294,0.0,0
44082,2,3,3.6232026212295763,4.2897189557773725,0.6665163345477962,0.26447728424634676,0.01908119972346181,0.0,0
44082,3,1,2.838463868845247,2.9752013897038814,0.13673752085863455,0.15839144556878995,0.0,0.0,0
44082,3,2,2.838463868845247,3.1673559980914,0.3288921292461531,0.161211196343876,0.0028197507750860606,0.0,0
44082,3,3,2.838463868845247,3.3706241596221838,0.5321602907769369,0.15962654274384191,0.0012350971750519635,0.0,0
44082,4,1,3.0803772188934375,4.482481940889897,1.402104721996459,0.11530682677892955,0.014529347329223938,0.0,0
44082,4,2,3.0803772188934375,3.683684540744161,0.6033073218507234,0.10378051697067726,0.0030030375209716548,0.0,0
44082,4,3,3.0803772188934375,4.202005502253702,1.1216282833602649,0.10077747944970561,0.0,0.0,0
44082,5,1,5.1265960464860205,5.326135729755456,0.1995396832694354,0.06448141814027358,0.0,0.0,0
44082,5,2,5.1265960464860205,5.458672231161929,0.33207618467590816,0.07419253466778931,0.009711116527515731,0.0,0
44082,5,3,5.1265960464860205,5.642666926958417,0.5160708804723964,0.06964681396574093,0.00516539582546735,0.0,0
44082,6,1,1.3486754867051618,1.4689127888861415,0.12023730218097972,0.12245057835445919,0.0,0.0,0
44082,6,2,1.3486754867051618,1.7021073071438573,0.3534318204386955,0.14026154910217425,0.017810970747715066,0.0,0
44082,6,3,1.3486754867051618,1.6646058536923782,0.31593036698721644,0.14938543870268756,0.026934860348228368,0.0,0
44082,7,1,1.0772153397838395,1.3249616143720104,0.2477462745881709,0.1518052502829475,0.0,0.0,0
44082,7,2,1.0772153397838395,1.6860973455775912,0.6088820057937516,0.18458793199731902,0.032782681714371514,0.0,0
44082,7,3,1.0772153397838395,1.7729082435113774,0.6956929037275379,0.1883980411504979,0.03659279086755041,0.0,0
44082,8,1,1.2990254165583281,1.9556375111049298,0.6566120945466016,0.11918874995476464,0.0,0.0,0
44082,8,2,1.2990254165583281,1.7374718039045394,0.4384463873462112,0.16256238029132325,0.04337363033655861,0.0,0
44082,8,3,1.2990254165583281,2.367600051591833,1.0685746350335048,0.1489129782143157,0.029724228259551067,0.0,0
44082,9,1,2.7553099619284382,2.9898768959493887,0.2345669340209504,0.12845106226749448,0.0,0.0,0
44082,9,2,2.7553099619284382,3.1975598373161667,0.4422498753877284,0.1732343912141146,0.04478332894662013,0.0,0
44082,9,3,2.7553099619284382,3.3944894014332774,0.6391794395048391,0.17215397036245134,0.04370290809495686,0.0,0
44082,10,1,1.4753300887442886,1.6944649338093476,0.21913484506505898,0.12427942703203812,0.0,0.0,0
44082,10,2,1.4753300887442886,1.8952599359461832,0.41992984720189463,0.16472529059580235,0.04044586356376423,0.0,0
44082,10,3,1.4753300887442886,1.8232506684902419,0.34792057974595325,0.1703139885052252,0.046034561473187074,0.0,0
44082,11,1,1.2626720594748573,1.8447476501599993,0.582075590685142,0.09106750090926113,0.0,0.0,0
44082,11,2,1.2626720594748573,2.231577400396325,0.9689053409214679,0.16095350734281144,0.06988600643355031,0.0,0
44082,11,3,1.2626720594748573,2.132641908433803,0.8699698489589456,0.15238937225703283,0.0613218713477717,0.0,0
44082,12,1,2.122740834065567,2.552738662036316,0.42999782797074904,0.26609690481849324,0.0,0.09807005386208767,1
44082,12,2,2.122740834065567,2.8361362152105953,0.7133953811450282,0.2899799803461043,0.023883075527611042,0.0,0
44082,12,3,2.122740834065567,2.8709862994011357,0.7482454653355686,0.3421679695569751,0.07607106473848185,0.0,0
44082,13,1,1.0980889042425028,1.3996795440503822,0.30159063980787937,0.13108022989741422,0.0,0.0980700538620877,1
44082,13,2,1.0980889042425028,1.5252098145679713,0.4271209103254685,0.15966189755332794,0.028581667655913717,0.0,0
44082,13,3,1.0980889042425028,1.5879003894186823,0.48981148517617945,0.14195365829362677,0.010873428396212553,0.0,0
44082,14,1,1.724276597759048,2.2824364948879348,0.5581598971288868,0.1179208619893551,0.0,0.09807005386208767,1
44082,14,2,1.724276597759048,2.7682946452065993,1.0440180474475513,0.1844870915082462,0.06656622951889109,0.0,0
44082,14,3,1.724276597759048,2.531954303298904,0.8076777055398561,0.15981792492150731,0.041897062932152215,0.0,0
44082,15,1,2.131954442403792,2.415720718970983,0.2837662765671909,0.12724673180718618,0.0,0.09807005386208767,1
44082,15,2,2.131954442403792,2.5263394688628815,0.39438502645908935,0.1674711517810513,0.04022441997386511,0.0,0
44082,15,3,2.131954442403792,2.6160299352212926,0.4840754928175004,0.2012859007601091,0.07403916895292292,0.0,0
44082,16,1,3.047954450702818,3.1443177390321595,0.09636328832934149,0.12136845543469259,0.0,0.0,0
44082,16,2,3.047954450702818,3.2658392792542514,0.21788482855143343,0.1428653042682579,0.0214968488335653,0.0,0
44082,16,3,3.047954450702818,3.4804849467247223,0.4325304960219043,0.1507906751267509,0.029422219692058313,0.0,0
44082,17,1,0.9909297671617004,1.1987287945841578,0.20779902742245737,0.12488761529350348,0.0,0.0,0
44082,17,2,0.9909297671617004,1.352747716555538,0.3618179493938375,0.14097898859606578,0.0160913733025623,0.0,0
44082,17,3,0.9909297671617004,1.367515483553376,0.3765857163916756,0.14586660627954032,0.02097899098603684,0.0,0
44082,18,1,0.9948378303692385,1.706073939432273,0.7112361090630346,0.09408062847363222,0.0,0.0,0
44082,18,2,0.9948378303692385,1.575177044761702,0.5803392143924635,0.13775210072439917,0.04367147225076695,0.0,0
44082,18,3,0.9948378303692385,2.088596326186729,1.0937584958174906,0.13522589614072936,0.04114526766709714,0.0,0
44082,19,1,2.1621576606179813,2.3981562656619553,0.23599860504397396,0.2600724433377667,0.0,0.0,0
44082,19,2,2.1621576606179813,2.7850256078685725,0.6228679472505911,0.2797541512704281,0.019681707932661385,0.0,0
44082,19,3,2.1621576606179813,2.888833802598531,0.7266761419805499,0.3398196767778652,0.07974723344009849,0.0,0
44082,20,1,1.1297316944923188,1.2970337345075813,0.1673020400152625,0.12701012769493655,0.0,0.0,0
44082,20,2,1.1297316944923188,1.5647757180942732,0.4350440236019544,0.14047123522756702,0.013461107532630467,0.0,0
44082,20,3,1.1297316944923188,1.7223443554542652,0.5926126609619464,0.14132850882921266,0.01431838113427611,0.0,0
44082,21,1,1.0162676180493986,1.2545006581954865,0.23823304014608793,0.1097656236662753,0.0,0.0,0
44082,21,2,1.0162676180493986,1.5269099907516779,0.5106423727022793,0.12724011604380456,0.017474492377529252,0.0,0
44082,21,3,1.0162676180493986,1.7172697820654865,0.701002164016088,0.12225795272689312,0.012492329060617813,0.0,0
44082,22,1,1.3687019432441438,1.6883858451684368,0.31968390192429297,0.09313670025798072,0.0,0.0,0
44082,22,2,1.3687019432441438,1.9330445933645393,0.5643426501203954,0.13404453484709822,0.040907834589117495,0.0,0
44082,22,3,1.3687019432441438,1.8747335315850187,0.5060315883408748,0.11289671187604283,0.01976001161806211,0.0,0
44082,23,1,1.3677030922965128,1.4446396506347152,0.07693655833820245,0.12368204611787513,0.0,0.0,0
44082,23,2,1.3677030922965128,1.6541725689461881,0.28646947664967537,0.1399719487047238,0.016289902586848662,0.0,0
44082,23,3,1.3677030922965128,1.7264571065357042,0.3587540142391914,0.14465981476058626,0.020977768642711128,0.0,0
44082,24,1,1.0617939141003176,1.821758091570326,0.7599641774700083,0.1437869969351587,0.0008124477877930469,0.0,0
44082,24,2,1.0617939141003176,1.368678490720201,0.30688457661988333,0.1478987171846212,0.0049241680372555385,0.0,0
44082,24,3,1.0617939141003176,1.9647658420399647,0.9029719279396471,0.14297454914736565,0.0,0.0,0
44082,25,1,1.1325970768867468,1.4062204840676313,0.2736234071808845,0.0889947672905147,0.0,0.0,0
44082,25,2,1.1325970768867468,1.639213089136217,0.5066160122494703,0.12840291988327912,0.03940815259276442,0.0,0
44082,25,3,1.1325970768867468,1.7511649850041753,0.6185679081174285,0.12220128661200555,0.03320651932149085,0.0,0
44082,26,1,1.8560868447148475,2.633331456550463,0.7772446118356153,0.1291070148005214,0.004628107812383084,0.09189898610942182,1
44082,26,2,1.8560868447148475,3.017027105926213,1.1609402612113653,0.12447890698813831,0.0,0.05587401700730321,1
44082,26,3,1.8560868447148475,2.2321744920247535,0.37608764730990596,0.13288837508779008,0.008409468099651776,0.0,0
44082,27,1,1.7122795021215373,2.6636471266885344,0.9513676245669971,0.09771097288944428,0.0,0.09189898610942182,1
44082,27,2,1.7122795021215373,2.5636517127922174,0.85137221067068,0.16420027035219653,0.06648929746275226,0.05587401700730321,1
44082,27,3,1.7122795021215373,3.9619860289682114,2.249706526846674,0.24953326122967928,0.151822288340235,0.0,0
44082,28,1,1.223168212928316,1.2900187252834934,0.06685051235517747,0.12743389500480096,0.0,0.0,0
44082,28,2,1.223168212928316,1.4889581979060567,0.26578998497774076,0.13944976943440593,0.012015874429604972,0.0,0
44082,28,3,1.223168212928316,1.4393617918876696,0.21619357895935365,0.14455765640005447,0.01712376139525351,0.0,0
44082,29,1,4.659250661076703,5.097895952100098,0.4386452910233949,0.1986005155585326,0.008354340136485727,0.06965672969921738,1
44082,29,2,4.659250661076703,5.36295037445578,0.703699713379077,0.19024617542204686,0.0,0.0,0
44082,29,3,4.659250661076703,5.04378019767154,0.3845295365948376,0.21337917207078325,0.023132996648736387,0.0,0
44082,30,1,8.869853294402198,9.024653247645578,0.15479995324337992,0.15930821916740812,0.0027128319308244164,0.06965672969921738,1
44082,30,2,8.869853294402198,9.36446740711281,0.49461411271061273,0.1565953872365837,0.0,0.0,0
44082,30,3,8.869853294402198,9.034018108710772,0.16416481430857388,0.19615209741295236,0.039556710176368665,0.0,0
44082,31,1,1.8362165173661817,2.4593749765048307,0.623158459138649,0.1275462221275881,0.0,0.06965672969921737,1
44082,31,2,1.8362165173661817,2.6683248217454922,0.8321083043793105,0.15568751556470173,0.028141293437113635,0.0,0
44082,31,3,1.8362165173661817,3.440230052893134,1.6040135355269522,0.13945538447738634,0.011909162349798247,0.0,0
44082,32,1,1.1836200910990367,1.361450857061737,0.1778307659627003,0.16203545127597152,0.0,0.0,0
44082,32,2,1.1836200910990367,1.7283437907849524,0.5447236996859157,0.1898673807929555,0.02783192951698399,0.0,0
44082,32,3,1.1836200910990367,1.7892107978478902,0.6055907067488535,0.19219603039671518,0.030160579120743658,0.0,0
44082,33,1,1.5084269746205288,1.5619925823984275,0.05356560777789876,0.11984537206049847,0.0,0.0,0
44082,33,2,1.5084269746205288,1.6921894859828064,0.18376251136227761,0.13917389941258795,0.01932852735208948,0.0,0
44082,33,3,1.5084269746205288,1.688311903140244,0.17988492851971527,0.14698067463883718,0.02713530257833871,0.0,0
44082,34,1,0.95058001529678,1.2836972691245823,0.3331172538278022,0.15293980523403897,0.0,0.0,0
44082,34,2,0.95058001529678,1.6738757519239393,0.7232957366271593,0.19040374351562087,0.0374639382815819,0.0,0
44082,34,3,0.95058001529678,1.7406668092877147,0.7900867939909346,0.1774466629647004,0.02450685773066144,0.0,0
44082,35,1,1.1708398927358517,1.297452626254692,0.12661273351884028,0.13262043712647345,0.0,0.026534826016328006,1
44082,35,2,1.1708398927358517,1.4307234600468504,0.2598835673109987,0.14923749762890598,0.01661706050243253,0.0,0
44082,35,3,1.1708398927358517,1.4061839867481392,0.2353440940122875,0.159298345552955,0.026677908426481545,0.0,0
44082,36,1,1.2058062214412997,1.904345789997922,0.6985395685566222,0.1612951803181902,0.0016052890994427693,0.02653482601632795,1
44082,36,2,1.2058062214412997,1.5479599011303895,0.34215367968908983,0.16307724356888284,0.003387352350135403,0.0,0
44082,36,3,1.2058062214412997,1.9370759595430396,0.7312697381017399,0.15968989121874744,0.0,0.0,0
44082,37,1,1.9822465460915595,2.4099848583734653,0.42773831228190584,0.07392107209730502,0.0,0.026534826016327978,1
44082,37,2,1.9822465460915595,2.5997850745444007,0.6175385284528412,0.14132409993264827,0.06740302783534326,0.0,0
44082,37,3,1.9822465460915595,2.534542229436423,0.5522956833448633,0.15489843793190752,0.08097736583460251,0.0,0
44082,38,1,1.3408260549989517,1.4894723142987856,0.14864625929983388,0.17068168502344594,0.0,0.0,0
44082,38,2,1.3408260549989517,1.6505887120174443,0.3097626570184926,0.18399894131207814,0.013317256288632201,0.0,0
44082,38,3,1.3408260549989517,1.811940631370567,0.47111457637161536,0.17671372314653538,0.006032038123089445,0.0,0
44082,39,1,1.1650454603148592,1.2865340627825603,0.1214886024677011,0.12238692792869835,0.0,0.0,0
44082,39,2,1.1650454603148592,1.4614446638487544,0.29639920353389515,0.13694939936075798,0.014562471432059632,0.0,0
44082,39,3,1.1650454603148592,1.5361463099842638,0.3711008496694046,0.13836368690962336,0.015976758980925015,0.0,0
44082,40,1,1.2972885294145768,1.6322011774889993,0.33491264807442245,0.09159984406873849,0.0,0.0,0
44082,40,2,1.2972885294145768,1.8354045666018481,0.5381160371872713,0.1360173858642135,0.04441754179547501,0.0,0
44082,40,3,1.2972885294145768,1.9862909752073563,0.6890024457927795,0.13276407142106136,0.04116422735232288,0.0,0
44082,41,1,1.1953051463897846,1.357958933647522,0.16265378725773738,0.12415939774431718,0.0,0.09733454108889861,1
44082,41,2,1.1953051463897846,1.4524675997941987,0.2571624534044141,0.1435069302035474,0.019347532459230224,0.0,0
44082,41,3,1.1953051463897846,1.4660098354040696,0.270704689014285,0.15022782886531333,0.026068431120996147,0.0,0
44082,42,1,1.087788064588877,1.3191842238204836,0.23139615923160672,0.16773780277468056,0.0,0.09733454108889861,1
44082,42,2,1.087788064588877,1.733355387448721,0.6455673228598442,0.19686296141829931,0.029125158643618754,0.0,0
44082,42,3,1.087788064588877,1.8266352461573583,0.7388471815684814,0.20092380252998598,0.03318599975530542,0.0,0
44082,43,1,2.780017340845346,3.343000024408383,0.5629826835630367,0.10239815003280425,0.0,0.09733454108889861,1
44082,43,2,2.780017340845346,3.312417745390637,0.532400404545291,0.17451595435778025,0.072117804324976,0.0,0
44082,43,3,2.780017340845346,3.7336320123947395,0.9536146715493934,0.22091401640328345,0.1185158663704792,0.0,0
44082,44,1,1.249582133073784,2.0236060742044293,0.7740239411306453,0.21817965873387474,0.0,0.06397875010379522,1
44082,44,2,1.249582133073784,2.7303906508685216,1.4808085177947377,0.21880563158082544,0.0006259728469507064,0.0,0
44082,44,3,1.249582133073784,2.3193798764581812,1.0697977433843973,0.23671716997231537,0.018537511238440635,0.0,0
44082,45,1,2.1649852549433155,2.6569088923837683,0.49192363744045275,0.11292108185520268,0.0,0.06397875010379522,1
44082,45,2,2.1649852549433155,2.961124834470624,0.7961395795273085,0.16477577629795134,0.051854694442748664,0.0,0
44082,45,3,2.1649852549433155,2.8766767033220275,0.711691448378712,0.16523462261732613,0.05231354076212345,0.0,0
44082,46,1,2.183972031440413,2.6188778095116296,0.43490577807121644,0.13109051550581682,0.0,0.06397875010379524,1
44082,46,2,2.183972031440413,2.6775060808176234,0.49353404937721024,0.15337446013320155,0.022283944627384727,0.0,0
44082,46,3,2.183972031440413,2.9275897750910684,0.7436177436506552,0.16659016472353308,0.035499649217716256,0.0,0
44082,47,1,4.0103734388121035,4.068942443729796,0.05856900491769235,0.12612773370058378,0.0,0.0,0
44082,47,2,4.0103734388121035,4.18615809571836,0.17578465690625666,0.14947997931753632,0.02335224561695254,0.0,0
44082,47,3,4.0103734388121035,4.301718285863781,0.2913448470516773,0.15858565186797965,0.03245791816739588,0.0,0
44082,48,1,1.0414392491156974,1.332921550307219,0.2914823011915215,0.1263369809084838,0.0,0.0,0
44082,48,2,1.0414392491156974,1.5426055123050941,0.5011662631893967,0.14400341730721447,0.017666436398730667,0.0,0
44082,48,3,1.0414392491156974,1.5762933116972515,0.5348540625815541,0.15651163383479316,0.03017465292630936,0.0,0
44082,49,1,2.037653342408826,2.1605896689899984,0.12293632658117248,0.22334090341511345,0.0,0.09372870493563376,1
44082,49,2,2.037653342408826,2.4091377093857895,0.37148436697696363,0.24938590039427852,0.02604499697916507,0.0,0
44082,49,3,2.037653342408826,2.523385815876873,0.48573247346804704,0.2877967957195124,0.06445589230439894,0.0,0
44082,50,1,1.4626400816855334,1.6049240330785612,0.14228395139302785,0.11461011836999588,0.0,0.09372870493563379,1
44082,50,2,1.4626400816855334,1.645695678191998,0.18305559650646464,0.13462507637749455,0.020014958007498668,0.0,0
44082,50,3,1.4626400816855334,1.7295956562276031,0.26695557454206975,0.1442657179556796,0.02965559958568373,0.0,0
44082,51,1,1.1334581080863804,1.7026888621901493,0.5692307541037689,0.1452576944197337,0.0,0.09372870493563379,1
44082,51,2,1.1334581080863804,2.0294498993444816,0.8959917912581012,0.21928954679832655,0.07403185237859283,0.0,0
44082,51,3,1.1334581080863804,1.8664869396686867,0.7330288315823064,0.20133669767613732,0.05607900325640361,0.0,0
44082,52,1,1.8996647672411502,2.4362827336169635,0.5366179663758133,0.08323436863320759,0.0,0.09372870493563379,1
44082,52,2,1.8996647672411502,2.624355306869528,0.7246905396283778,0.11726879038198011,0.034034421748772525,0.0,0
44082,52,3,1.8996647672411502,3.1818046467084455,1.2821398794672954,0.16487408136558204,0.08163971273237446,0.0,0
44082,53,1,1.6447764974492045,1.8216403852107965,0.176863887761592,0.1247265558897974,0.0,0.0,0
44082,53,2,1.6447764974492045,1.9675099095811839,0.32273341213197937,0.151709857702347,0.026983301812549584,0.0,0
44082,53,3,1.6447764974492045,2.151733147264386,0.5069566498151816,0.16097384503567558,0.03624728914587817,0.0,0
44082,54,1,1.1647464685893727,1.2551194398121257,0.090372971222753,0.1251244576127625,0.0,0.0,0
44082,54,2,1.1647464685893727,1.5497313368009684,0.3849848682115957,0.14226734692051318,0.01714288930775068,0.0,0
44082,54,3,1.1647464685893727,1.503985574974479,0.33923910638510635,0.1469092137757945,0.021784756163031993,0.0,0
44082,55,1,1.3827654097496775,1.742811968558079,0.3600465588084014,0.10326355527671949,0.0,0.0,0
44082,55,2,1.3827654097496775,1.7132771333712173,0.3305117236215398,0.1361817155552429,0.0329181602785234,0.0,0
44082,55,3,1.3827654097496775,1.9463814749697774,0.5636160652200999,0.11975691134913874,0.016493356072419252,0.0,0
44082,56,1,1.322865259551179,1.5012592660493016,0.17839400649812265,0.16379117888385486,0.0,0.0,0
44082,56,2,1.322865259551179,1.5523160870058723,0.22945082745469336,0.1811805586737701,0.017389379789915227,0.0,0
44082,56,3,1.322865259551179,1.7397020206972083,0.4168367611460293,0.17508452596441867,0.011293347080563815,0.0,0
44082,57,1,4.106701908410075,4.198262726205999,0.09156081779592373,0.13588518963595309,0.0,0.0,0
44082,57,2,4.106701908410075,4.31106452118117,0.2043626127710949,0.1595229365843987,0.023637746948445615,0.0,0
44082,57,3,4.106701908410075,4.439457272819881,0.332755364409806,0.17038878724845016,0.03450359761249708,0.0,0
44082,58,1,1.4174289598805032,1.719621560149368,0.30219260026886485,0.10821829244681436,0.0,0.0,0
44082,58,2,1.4174289598805032,1.9562392084547215,0.5388102485742183,0.153453780946387,0.04523548849957265,0.0,0
44082,58,3,1.4174289598805032,1.9089319741479578,0.4915030142674546,0.12914638620147348,0.02092809375465912,0.0,0
44082,59,1,1.0209295471697835,1.1868896507131441,0.16596010354336066,0.15784091166255887,0.0,0.09386028799358453,1
44082,59,2,1.0209295471697835,1.3983241570636935,0.37739460989391005,0.16780908161452818,0.009968169951969308,0.0,0
44082,59,3,1.0209295471697835,1.4854306841973468,0.46450113702756335,0.16016781735555793,0.002326905692999065,0.0,0
44082,60,1,1.3112049111251443,1.503329810636859,0.19212489951171485,0.1081854185795488,0.0,0.09386028799358453,1
44082,60,2,1.3112049111251443,1.738623053801032,0.42741814267588785,0.12979035460329433,0.021604936023745525,0.0,0
44082,60,3,1.3112049111251443,1.6714348299039685,0.36022991877882427,0.1298769261472529,0.021691507567704105,0.0,0
44082,61,1,1.9837822465978803,2.445322066233998,0.46153981963611757,0.11887115681266931,0.0,0.09386028799358453,1
44082,61,2,1.9837822465978803,2.7403907155658014,0.7566084689679211,0.1333989871855676,0.014527830372898301,0.0,0
44082,61,3,1.9837822465978803,2.8510231896656077,0.8672409430677275,0.15792674780091334,0.03905559098824403,0.0,0
44082,62,1,2.7183253667838003,2.876045743899904,0.15772037711610354,0.18523673586240497,0.0,0.005987939012214172,1
44082,62,2,2.7183253667838003,3.0662285540785903,0.34790318729479,0.2047886607154236,0.019551924853018626,0.0,0
44082,62,3,2.7183253667838003,3.216531784253185,0.49820641746938454,0.21709104418649583,0.03185430832409086,0.0,0
44082,63,1,2.9551518160609858,3.069364553259467,0.11421273719848113,0.1272923469260131,0.0,0.005987939012214227,1
44082,63,2,2.9551518160609858,3.1992691776243865,0.2441173615634007,0.1419214326300328,0.01462908570401969,0.0,0
44082,63,3,2.9551518160609858,3.223506747132506,0.2683549310715203,0.15799008268359752,0.030697735757584416,0.0,0
44082,64,1,1.5352103687700425,2.178013330426647,0.6428029616566044,0.07636094469559795,0.0,0.005987939012214227,1
44082,64,2,1.5352103687700425,2.4552970183611835,0.9200866495911411,0.13873558952591772,0.062374644830319764,0.0,0
44082,64,3,1.5352103687700425,2.550022643026345,1.0148122742563024,0.15622805402477988,0.07986710932918192,0.0,0
44082,65,1,19.31014385531256,19.36942388295584,0.059280027643279,0.19952112169844605,0.0,0.0,0
44082,65,2,19.31014385531256,19.399239167236054,0.08909531192349363,0.22116556402962928,0.021644442331183233,0.03882411290132723,1
44082,65,3,19.31014385531256,19.446801646850467,0.1366577915379068,0.24894709721499242,0.04942597551654637,0.026127300526006925,1
44082,66,1,19.46132354978513,19.479528420676697,0.01820487089156586,0.13132903265372575,0.0,0.012696812375320332,1
44082,66,2,19.46132354978513,19.564754083394984,0.10343053360985266,0.14167769786544318,0.010348665211717428,0.0,0
44082,66,3,19.46132354978513,19.536024387531732,0.07470083774660097,0.17837874457795416,0.04704971192422841,0.021392034382394953,1
44082,67,1,17.73630328254258,17.81080631813891,0.07450303559632943,0.060022379501547436,0.0,0.0,0
44082,67,2,17.73630328254258,17.83864196595575,0.1023386834131692,0.08187614691104475,0.021853767409497314,0.021392034382394953,1
44082,67,3,17.73630328254258,17.836536926040232,0.10023364349765274,0.09398384983629889,0.03396147033475145,0.021392034382394953,1
44082,68,1,30.447361808537465,30.460882358915967,0.013520550378501639,0.14898767658563508,0.0,0.004912135172398774,0
44082,68,2,30.447361808537465,30.494742855570728,0.04738104703326229,0.18212642422556646,0.03313874763993138,0.0,0
44082,68,3,30.447361808537465,30.532437439855403,0.08507563131793816,0.16141917901620248,0.012431502430567398,0.00973613064891063,1
44082,69,1,31.908239248207497,31.92250895598004,0.014269707772541551,0.1569643169781812,0.0,0.0,0
44082,69,2,31.908239248207497,31.951429613092433,0.04319036488493566,0.18761369296201091,0.03064937598382972,0.00973613064891063,1
44082,69,3,31.908239248207497,31.96181070432204,0.05357145611454328,0.17743925084709758,0.020474933868916384,0.019840987683237,1
44082,70,1,9.851289385579147,9.872950653840693,0.02166126826154624,0.11559080995551171,0.0,0.0,0
44082,70,2,9.851289385579147,9.931439189998375,0.08014980441922859,0.13835243945985937,0.022761629504347652,0.03374951947427292,1
44082,70,3,9.851289385579147,9.9130233347658,0.06173394918665309,0.1578553783905849,0.042264568435073174,0.058562670185991345,1
44082,71,1,13.400764025202566,13.45692470893619,0.056160683733624595,0.1271892398383699,0.0,0.0,0
44082,71,2,13.400764025202566,13.520111492102336,0.11934746689976983,0.15502638418069478,0.02783714434232487,0.024813150711718412,1
44082,71,3,13.400764025202566,13.703493790650953,0.3027297654483867,0.21075736347877683,0.08356812364040692,0.024813150711718412,1
44083,0,1,3.6654958348073956,3.8174627796916782,0.15196694488428264,0.06351314468985392,0.002767678858580369,0.0,0
44083,0,2,3.6654958348073956,4.184523933198601,0.519028098391205,0.06323214104910133,0.0024866752178277773,0.0,0
44083,0,3,3.6654958348073956,3.876089696497222,0.2105938616898264,0.06074546583127355,0.0,0.0,0
44083,1,1,1.3617398085368335,1.7869666841340837,0.42522687559725014,0.14478312489729805,0.007795247209260392,0.0,0
44083,1,2,1.3617398085368335,1.7230438594845296,0.36130405094769613,0.13698787768803766,0.0,0.0,0
44083,1,3,1.3617398085368335,1.9471899636961747,0.5854501551593412,0.13941121665525985,0.0024233389672221883,0.0,0
44083,2,1,1.4002024395616797,2.294407916501559,0.8942054769398795,0.1797198105410809,0.0,0.0,0
44083,2,2,1.4002024395616797,1.550042421919363,0.14983998235768325,0.18500269201040437,0.005282881469323458,0.0,0
44083,2,3,1.4002024395616797,2.3367070768073424,0.9365046372456627,0.19541062104155116,0.015690810500470248,0.0,0
44083,3,1,1.582203163755437,3.040001825622523,1.457798661867086,0.15511658050698063,0.0,0.0,0
44083,3,2,1.582203163755437,2.8869062374036627,1.3047030736482257,0.16873905354844118,0.013622473041460553,0.0,0
44083,3,3,1.582203163755437,2.2186422424590075,0.6364390787035705,0.15949871585108713,0.0043821353441065025,0.0,0
44083,4,1,2.545830989822783,3.1759231760423954,0.6300921862196125,0.1521543607761259,0.0011809867736335689,0.0,0
44083,4,2,2.545830989822783,3.3118176450591044,0.7659866552363215,0.15931350043771658,0.008340126435224249,0.0,0
44083,4,3,2.545830989822783,2.9073324824324405,0.3615014926096576,0.15097337400249233,0.0,0.0,0
44083,5,1,1.513443986493571,2.0855116760807935,0.5720676895872225,0.14644604910552686,0.0,0.0,0
44083,5,2,1.513443986493571,2.6203623986070164,1.1069184121134454,0.15579479814742847,0.00934874904190161,0.0,0
44083,5,3,1.513443986493571,2.1768245553406125,0.6633805688470416,0.14990069427594035,0.003454645170413495,0.0,0
44083,6,1,1.5601142133747765,2.249169336651022,0.6890551232762454,0.09901930513807261,0.0,0.0,0
44083,6,2,1.5601142133747765,2.7703023645306915,1.210188151155915,0.14363770726946928,0.04461840213139667,0.0,0
44083,6,3,1.5601142133747765,2.2677250134385316,0.7076108000637551,0.1284959301338909,0.029476624995818296,0.0,0
44083,7,1,1.431551209575165,2.1892820716111734,0.7577308620360084,0.15470830565207622,0.0,0.09999006283319264,1
44083,7,2,1.431551209575165,2.427776853668265,0.9962256440931001,0.15689228830028973,0.0021839826482135116,0.0,0
44083,7,3,1.431551209575165,2.258529122868029,0.8269779132928639,0.15630250148654146,0.0015941958344652396,0.0,0
44083,8,1,1.8723257373580986,2.6104005510063337,0.7380748136482351,0.1556392415515324,0.0,0.09999006283319264,1
44083,8,2,1.8723257373580986,3.281893706340697,1.4095679689825986,0.20937474114809604,0.05373549959656365,0.0,0
44083,8,3,1.8723257373580986,2.714999077631677,0.8426733402735782,0.1906845289448808,0.03504528739334842,0.0,0
44083,9,1,2.261756503852383,2.614704861490619,0.35294835763823595,0.14987870976678075,0.0,0.09999006283319264,1
44083,9,2,2.261756503852383,2.6961363509019334,0.43437984704955035,0.15833645319103087,0.008457743424250125,0.0,0
44083,9,3,2.261756503852383,2.6917091855441777,0.4299526816917947,0.19123094994315687,0.04135224017637612,0.0,0
44083,10,1,2.7488803091970997,2.9811061989706955,0.23222588977359582,0.14418042601955994,0.003342903207399772,0.0,0
44083,10,2,2.7488803091970997,2.960735641292928,0.21185533209582852,0.14083752281216017,0.0,0.0,0
44083,10,3,2.7488803091970997,3.090163340919358,0.3412830317222584,0.14320083355724558,0.0023633107450854174,0.0,0
44083,11,1,1.2527791001378243,1.4949674157078818,0.2421883155700575,0.14758285013317457,0.009850810454104242,0.0,0
44083,11,2,1.2527791001378243,1.5702182989757585,0.31743919883793414,0.13773203967907033,0.0,0.0,0
44083,11,3,1.2527791001378243,1.7735214799529806,0.5207423798151563,0.1413212361497959,0.0035891964707255586,0.0,0
44083,12,1,1.1191012650406338,2.5697861925087766,1.4506849274681428,0.11357520150948268,0.0,0.0,0
44083,12,2,1.1191012650406338,2.71736910536388,1.5982678403232462,0.15785868907751824,0.04428348756803556,0.0,0
44083,12,3,1.1191012650406338,2.738976326694274,1.6198750616536401,0.1613987594439965,0.04782355793451383,0.0,0
44083,13,1,1.1931734957602003,1.6099255225091837,0.4167520267489835,0.14984941534950894,0.012292209557128675,0.0,0
44083,13,2,1.1931734957602003,1.6753626893749043,0.482189193614704,0.13755720579238026,0.0,0.0,0
44083,13,3,1.1931734957602003,1.894012975502467,0.7008394797422668,0.1394411873733517,0.0018839815809714444,0.0,0
44083,14,1,1.1865289521640112,2.133324612289479,0.9467956601254679,0.13201443011899336,0.00789313278865414,0.0,0
44083,14,2,1.1865289521640112,1.6895206137266456,0.5029916615626344,0.12412129733033922,0.0,0.0,0
44083,14,3,1.1865289521640112,1.8547059390192497,0.6681769868552385,0.1392667284540274,0.015145431123688186,0.0,0
44083,15,1,1.757627601930063,2.04086041345439,0.2832328115243272,0.0945225390263936,0.013892291080947805,0.0,0
44083,15,2,1.757627601930063,2.309889355241159,0.5522617533110958,0.08167628381465414,0.001046035869208345,0.0,0
44083,15,3,1.757627601930063,2.2267580823229265,0.46913048039286354,0.0806302479454458,0.0,0.0,0
44083,16,1,1.4930175288064405,1.8647835292729908,0.3717660004665504,0.14312080304579491,0.006322317812752193,0.0,0
44083,16,2,1.4930175288064405,1.761404410159794,0.26838688135335365,0.13679848523304272,0.0,0.0,0
44083,16,3,1.4930175288064405,1.9659467500212369,0.4729292212147964,0.13816218678006298,0.0013637015470202574,0.0,0
44083,17,1,1.1585560936301635,1.6217695062538167,0.4632134126236531,0.17536355170942447,0.027300445692363257,0.0,0
44083,17,2,1.1585560936301635,1.5124404251661705,0.35388433153600696,0.14837023985436612,0.00030713383730490706,0.0,0
44083,17,3,1.1585560936301635,1.5544250847064411,0.3958689910762776,0.1480631060170612,0.0,0.0,0
44083,18,1,1.2820352980219245,2.089124318229345,0.8070890202074206,0.10021795091700636,0.0,0.0,0
44083,18,2,1.2820352980219245,2.5405860539050282,1.2585507558831037,0.1362526933501658,0.036034742433159433,0.0,0
44083,18,3,1.2820352980219245,2.140654780623018,0.8586194826010933,0.1333591243875779,0.03314117347057155,0.0,0
44083,19,1,1.9338882249221694,2.555227344117697,0.6213391191955275,0.1272717804601831,0.0,0.09263273955429724,1
44083,19,2,1.9338882249221694,2.489239899430805,0.5553516745086355,0.1310994641056754,0.0038276836454923246,0.0560903979628799,1
44083,19,3,1.9338882249221694,2.556700440956498,0.6228122160343288,0.14659765444355258,0.01932587398336949,0.0,0
44083,20,1,2.0667265889342317,3.9712218687615843,1.9044952798273527,0.11123971692809681,0.0,0.09263273955429724,1
44083,20,2,2.0667265889342317,3.813298599126913,1.7465720101926814,0.18970331462461906,0.07846359769652225,0.0560903979628799,1
44083,20,3,2.0667265889342317,5.862931116313448,3.7962045273792167,0.25845027542806764,0.14721055849997083,0.0,0
44083,21,1,1.3817094944627104,1.6276684662239465,0.24595897176123604,0.14447308136659265,0.008239580997153412,0.0,0
44083,21,2,1.3817094944627104,1.584093932888838,0.20238443842612752,0.13623350036943924,0.0,0.0,0
44083,21,3,1.3817094944627104,1.7853254321943903,0.4036159377316799,0.13821091512869432,0.001977414759255086,0.0,0
44083,22,1,3.750913327042089,4.4985159475159175,0.7476026204738284,0.19319875222599053,0.0,0.06997427764640132,1
44083,22,2,3.750913327042089,3.972514330762558,0.22160100372046898,0.1985165901954205,0.005317837969429973,0.0,0
44083,22,3,3.750913327042089,4.198435992380409,0.44752266533831975,0.2120480895423771,0.018849337316386577,0.0,0
44083,23,1,6.650802085367364,7.1269427246275,0.4761406392601355,0.168362819515072,0.0,0.06997427764640135,1
44083,23,2,6.650802085367364,6.778493400552745,0.12769131518538046,0.18119957981891457,0.012836760303842565,0.0,0
44083,23,3,6.650802085367364,6.981106376063605,0.33030429069624034,0.20617279344047815,0.03780997392540614,0.0,0
44083,24,1,1.940288092772813,2.4557649803073134,0.5154768875345004,0.140013315391973,0.0,0.06997427764640135,1
44083,24,2,1.940288092772813,2.4145733763337103,0.4742852835608973,0.16079273061802019,0.020779415226047177,0.0,0
44083,24,3,1.940288092772813,2.558537177066944,0.6182490842941311,0.17678770706862845,0.036774391676655444,0.0,0
44083,25,1,1.3475560484180196,1.5908350787174386,0.243279030299419,0.19368970115113648,0.01608612099508469,0.0,0
44083,25,2,1.3475560484180196,2.047296373733002,0.6997403253149825,0.1776035801560518,0.0,0.0,0
44083,25,3,1.3475560484180196,2.2313701622106032,0.8838141137925837,0.19171041029757158,0.014106830141519783,0.0,0
44083,26,1,1.700101806542257,2.029074600118703,0.32897279357644615,0.1419250901792746,0.004741267509621255,0.0,0
44083,26,2,1.700101806542257,1.9456235854937045,0.24552177895144744,0.13718382266965334,0.0,0.0,0
44083,26,3,1.700101806542257,2.147108978475989,0.44700717193373185,0.1373585470775913,0.0001747244079379484,0.0,0
44083,27,1,1.2181832276859041,1.4879376532716777,0.26975442558577356,0.18525004423463937,0.013449876059908411,0.0,0
44083,27,2,1.2181832276859041,1.525941533144414,0.3077583054585098,0.1750556703180171,0.003255502143286154,0.0,0
44083,27,3,1.2181832276859041,1.4829542717672466,0.26477104408134244,0.17180016817473096,0.0,0.0,0
44083,28,1,1.411870508959274,1.7275582762748392,0.31568776731556514,0.14915387008916908,0.0075951929726663925,0.025437108980046363,1
44083,28,2,1.411870508959274,1.663383068624578,0.25151255966530406,0.1415586771165027,0.0,0.0,0
44083,28,3,1.411870508959274,1.9529184571600773,0.5410479482008033,0.14649010073154617,0.004931423615043479,0.0,0
44083,29,1,1.3682474471589194,1.4502159305609161,0.0819684834019967,0.18093199463383824,0.027229025394531953,0.02543710898004639,1
44083,29,2,1.3682474471589194,1.4662215734810777,0.0979741263221583,0.16010411350824888,0.006401144268942588,0.0,0
44083,29,3,1.3682474471589194,1.4879279883620136,0.11968054120309413,0.1537029692393063,0.0,0.0,0
44083,30,1,1.8877164481931676,2.635785403816409,0.7480689556232414,0.09778010949646486,0.0,0.025437108980046377,1
44083,30,2,1.8877164481931676,3.2067752879154225,1.319058839722255,0.14686820157191238,0.04908809207544752,0.0,0
44083,30,3,1.8877164481931676,2.7980488112573374,0.9103323630641698,0.1584131529605343,0.06063304346406943,0.0,0
44083,31,1,1.3545670207585483,1.6343454570254798,0.27977843626693155,0.1955595781865758,0.022137509590459264,0.0,0
44083,31,2,1.3545670207585483,1.715131568379526,0.3605645476209778,0.17781768917228116,0.004395620576164633,0.0,0
44083,31,3,1.3545670207585483,1.5812732533469567,0.22670623258840839,0.17342206859611653,0.0,0.0,0
44083,32,1,1.2924760879792383,1.6038006430217613,0.311324555042523,0.1417699808625567,0.006986564474224799,0.0,0
44083,32,2,1.2924760879792383,1.6034705899452475,0.3109945019660092,0.1347834163883319,0.0,0.0,0
44083,32,3,1.2924760879792383,1.8064503528441764,0.5139742648649381,0.13608438944502457,0.0013009730566926614,0.0,0
44083,33,1,1.40994388954285,2.4265946837505132,1.0166507942076632,0.10627710761164716,0.0,0.0,0
44083,33,2,1.40994388954285,2.95017899780668,1.5402351082638301,0.15710230983367998,0.05082520222203282,0.0,0
44083,33,3,1.40994388954285,2.6561012900055703,1.2461574004627203,0.1552215795787056,0.04894447196705845,0.0,0
44083,34,1,1.3405095525297743,1.6317930473405728,0.2912834948107985,0.1473026410249007,0.007129694481000509,0.09814104599972967,1
44083,34,2,1.3405095525297743,1.6378425184030874,0.29733296587331304,0.1401729465439002,0.0,0.0,0
44083,34,3,1.3405095525297743,1.930589025442361,0.5900794729125867,0.14394190847408384,0.0037689619301836397,0.0,0
44083,35,1,1.410639563023174,2.3756339005825695,0.9649943375593955,0.18988176002730522,0.0,0.09814104599972967,1
44083,35,2,1.410639563023174,1.7169271470656686,0.30628758404249457,0.19773610092065633,0.007854340893351103,0.0,0
44083,35,3,1.410639563023174,2.4291576776826735,1.0185181146594995,0.20402478787927752,0.0141430278519723,0.0,0
44083,36,1,2.5780578103577225,3.8999149137890745,1.321857103431352,0.11233875768393094,0.0,0.09814104599972967,1
44083,36,2,2.5780578103577225,4.0257125296618685,1.447654719304146,0.18343735864767585,0.07109860096374492,0.0,0
44083,36,3,2.5780578103577225,4.8809783765681996,2.302920566210477,0.2359190307615129,0.12358027307758197,0.0,0
44083,37,1,1.5268140628981781,2.3011811770682096,0.7743671141700315,0.21509224770335544,0.001894681497516565,0.06515837501525773,1
44083,37,2,1.5268140628981781,2.2640440874164756,0.7372300245182974,0.21319756620583888,0.0,0.0,0
44083,37,3,1.5268140628981781,2.398477663934153,0.8716636010359751,0.2139883220947156,0.0007907558888767263,0.0,0
44083,38,1,2.0622903131092998,2.964213319718984,0.9019230066096844,0.14576132294313998,0.0,0.06515837501525776,1
44083,38,2,2.0622903131092998,3.578358857184606,1.5160685440753063,0.20678107127944756,0.06101974833630758,0.0,0
44083,38,3,2.0622903131092998,2.9969183651161466,0.9346280520068468,0.21469230127458142,0.06893097833144143,0.0,0
44083,39,1,2.2047404808326907,2.8179986328095317,0.613258151976841,0.15155243141022823,0.0,0.06515837501525776,1
44083,39,2,2.2047404808326907,2.743721657437459,0.5389811766047683,0.15678630524520124,0.005233873834973007,0.0,0
44083,39,3,2.2047404808326907,2.901182202957341,0.6964417221246504,0.17393322457501226,0.02238079316478403,0.0,0
44083,40,1,3.2525658336817926,3.7324388768638217,0.47987304318202906,0.14831715768840922,0.0028464552731545245,0.0,0
44083,40,2,3.2525658336817926,3.4148559197707797,0.1622900860889871,0.1454707024152547,0.0,0.0,0
44083,40,3,3.2525658336817926,3.6553919733410174,0.40282613965922476,0.15034443587177188,0.004873733456517176,0.0,0
44083,41,1,1.2346416761946393,2.3733663180804205,1.1387246418857813,0.14845277922081454,0.004239114632944935,0.0,0
44083,41,2,1.2346416761946393,1.694204708030967,0.45956303183632774,0.1442136645878696,0.0,0.0,0
44083,41,3,1.2346416761946393,2.2827445864471416,1.0481029102525024,0.15042676860848586,0.006213104020616256,0.0,0
44083,42,1,2.4762139798609293,2.8144282196935024,0.33821423983257315,0.23964332250946993,0.0,0.09428646864621354,1
44083,42,2,2.4762139798609293,2.8927753250964776,0.41656134523554833,0.26084792667670825,0.021204604167238322,0.0,0
44083,42,3,2.4762139798609293,3.038111219971615,0.5618972401106856,0.285334801219723,0.04569147871025306,0.0,0
44083,43,1,1.6101948251728246,2.2423368359255322,0.6321420107527076,0.13967702107398913,0.005143261538768373,0.09428646864621351,1
44083,43,2,1.6101948251728246,1.9842919142437048,0.37409708907088013,0.13453375953522076,0.0,0.0,0
44083,43,3,1.6101948251728246,2.0588159473407512,0.4486211221679266,0.14018983308596225,0.005656073550741492,0.0,0
44083,44,1,1.8652116091822137,2.5795273022263174,0.7143156930441037,0.1697118999783852,0.0,0.09428646864621351,1
44083,44,2,1.8652116091822137,2.8597435868549494,0.9945319776727357,0.19354833266426572,0.02383643268588051,0.0,0
44083,44,3,1.8652116091822137,2.640945046422955,0.7757334372407414,0.18576023492106564,0.01604833494268043,0.0,0
44083,45,1,1.874490050615392,2.839533886188534,0.9650438355731419,0.08935071287694403,0.0,0.0942864686462135,1
44083,45,2,1.874490050615392,2.631819781051099,0.757329730435707,0.11968869899747679,0.03033798612053276,0.0,0
44083,45,3,1.874490050615392,3.6042027866369972,1.7297127360216051,0.17750441592518162,0.0881537030482376,0.0,0
44083,46,1,1.6711921654225086,2.4995228568204086,0.8283306913979,0.14113678065295504,0.0,0.0,0
44083,46,2,1.6711921654225086,2.0678121198621384,0.39661995443962983,0.14234812042447512,0.0012113397715200758,0.0,0
44083,46,3,1.6711921654225086,2.251211461400184,0.5800192959776753,0.14800393065598808,0.006867150003033035,0.0,0
44083,47,1,1.5893104028996485,2.276545857072913,0.6872354541732646,0.1391010704643754,0.0,0.0,0
44083,47,2,1.5893104028996485,1.9267467080454221,0.3374363051457736,0.14036467546004985,0.001263604995674461,0.0,0
44083,47,3,1.5893104028996485,1.9326327904957474,0.3433223875960989,0.1454340438622026,0.006332973397827207,0.0,0
44083,48,1,1.485514773073646,2.9600365695068485,1.4745217964332025,0.11920850042604013,0.0,0.0,0
44083,48,2,1.485514773073646,2.872717075275778,1.3872023022021318,0.1331943943283151,0.013985893902274962,0.0,0
44083,48,3,1.485514773073646,1.928049627679678,0.4425348546060319,0.12113706905444428,0.0019285686284041537,0.0,0
44083,49,1,1.3494494161255308,1.5681971920877318,0.21874777596220096,0.1770469922545077,0.020273309628532937,0.0,0
44083,49,2,1.3494494161255308,1.7685706075068732,0.4191211913813424,0.17021554588017057,0.013441863254195802,0.0,0
44083,49,3,1.3494494161255308,1.5479690145020784,0.19851959837654753,0.15677368262597477,0.0,0.0,0
44083,50,1,3.318202817477831,4.260705137697172,0.9425023202193406,0.14942677898239545,0.0,0.0,0
44083,50,2,3.318202817477831,4.293993839616993,0.9757910221391621,0.1569689627205721,0.007542183738176639,0.0,0
44083,50,3,3.318202817477831,3.67333313566362,0.3551303181857888,0.15295201424422603,0.0035252352618305727,0.0,0
44083,51,1,1.5360936631323647,2.657829324778569,1.1217356616462042,0.12373490531072065,0.004353468507444225,0.0,0
44083,51,2,1.5360936631323647,2.608639428711108,1.0725457655787434,0.14594985686475145,0.02656842006147503,0.0,0
44083,51,3,1.5360936631323647,1.908843891153023,0.37275022802065827,0.11938143680327643,0.0,0.0,0
44083,52,1,1.2267287993891554,1.592240487462891,0.3655116880737357,0.18266082184138663,0.029929327756955726,0.09410881638298049,1
44083,52,2,1.2267287993891554,1.5704627874302155,0.34373398804106015,0.15689612258045754,0.00416462849602664,0.0,0
44083,52,3,1.2267287993891554,1.4919190910231581,0.26519029163400276,0.1527314940844309,0.0,0.0,0
44083,53,1,1.4452763184769661,2.3261917011184363,0.8809153826414702,0.12466814558319746,0.004305946845576031,0.09410881638298052,1
44083,53,2,1.4452763184769661,1.793460154161367,0.3481838356844009,0.12036219873762143,0.0,0.0,0
44083,53,3,1.4452763184769661,2.061873715864679,0.6165973973877128,0.12543643132282495,0.0050742325852035225,0.0,0
44083,54,1,1.837919053025196,2.5018750591202927,0.6639560060950966,0.1328463972095585,0.0,0.09410881638298049,1
44083,54,2,1.837919053025196,2.5187608723536177,0.6808418193284216,0.13358282307991562,0.0007364258703571325,0.0,0
44083,54,3,1.837919053025196,2.6222986596067033,0.7843796065815072,0.17397471879803744,0.041128321588478955,0.0,0
44083,55,1,2.522821664741724,3.3481419273979767,0.8253202626562528,0.19732570367845562,0.0,0.005805181899000755,1
44083,55,2,2.522821664741724,2.8451394555368688,0.3223177907951449,0.20269802431102338,0.005372320632567762,0.0,0
44083,55,3,2.522821664741724,3.0630665797390373,0.5402449149973134,0.21572250557093683,0.018396801892481218,0.0,0
44083,56,1,2.9673566122252213,3.585193185055374,0.6178365728301527,0.14422725179570478,0.003448729692176522,0.0058051818990007276,1
44083,56,2,2.9673566122252213,3.1755476412880292,0.20819102906280795,0.14077852210352826,0.0,0.0,0
44083,56,3,2.9673566122252213,3.455278321671971,0.48792170944674984,0.15105826403053108,0.010279741927002817,0.0,0
44083,57,1,1.61147056686372,2.4295688285742982,0.8180982617105783,0.09640740441699815,0.0,0.0058051818990007414,1
44083,57,2,1.61147056686372,2.699101443134443,1.0876308762707232,0.139618590346928,0.043211185929929855,0.0,0
44083,57,3,1.61147056686372,2.7957161560724573,1.1842455892087373,0.15716497119614564,0.060757566779147495,0.0,0
44083,58,1,1.7499871010709633,2.294977124003522,0.5449900229325586,0.14218945844566172,0.0005981474256181452,0.08631266951574737,1
44083,58,2,1.7499871010709633,1.822798474688946,0.07281137361798273,0.14159131102004358,0.0,0.0,0
44083,58,3,1.7499871010709633,2.093799873608135,0.3438127725371716,0.14699095287098024,0.005399641850936665,0.0,0
44083,59,1,1.5896799935868435,2.1734773557181883,0.5837973621313448,0.14434566863901468,0.007187121064793273,0.08631266951574738,1
44083,59,2,1.5896799935868435,1.7851510789262943,0.1954710853394508,0.1371585475742214,0.0,0.0,0
44083,59,3,1.5896799935868435,2.0397043133407577,0.4500243197539142,0.1494094332840265,0.012250885709805093,0.0,0
44083,60,1,2.149701909735528,2.7809073620817335,0.6312054523462054,0.08923429166324062,0.0,0.08631266951574738,1
44083,60,2,2.149701909735528,3.1961385963828555,1.0464366866473274,0.11832260271590919,0.02908831105266857,0.0,0
44083,60,3,2.149701909735528,2.917296452245722,0.767594542510194,0.1142327392847684,0.02499844762152778,0.0,0
44083,61,1,16.141292633087808,16.427037837166115,0.2857452040783066,0.1998414460458645,0.0,0.0,0
44083,61,2,16.141292633087808,16.275987666213013,0.1346950331252046,0.21500011381084438,0.015158667764979872,0.03719791413069626,1
44083,61,3,16.141292633087808,16.51514938723647,0.3738567541486617,0.2254253690857555,0.025583923039890988,0.025790252556869814,1
44083,62,1,16.4030960276639,16.74523834581921,0.34214231815531093,0.1182774244581166,0.0,0.011407661573826444,1
44083,62,2,16.4030960276639,16.5379052383207,0.13480921065680107,0.15080319160339467,0.032525767145278064,0.0,0
44083,62,3,16.4030960276639,17.119966711149623,0.7168706834857232,0.1952918240847811,0.0770143996266645,0.021245399073303695,1
44083,63,1,14.35055948984255,14.686313678589821,0.3357541887472717,0.06318369225540742,0.0,0.0,0
44083,63,2,14.35055948984255,14.538680331179723,0.18812084133717377,0.0779316603594709,0.01474796810406348,0.0212453990733037,1
44083,63,3,14.35055948984255,14.566643628858419,0.21608413901586943,0.07251133313095438,0.009327640875546966,0.0212453990733037,1
44083,64,1,21.38132387976757,21.574345420835968,0.19302154106839708,0.14612425165400128,0.0,0.004540633192067489,0
44083,64,2,21.38132387976757,21.529202556952068,0.14787867718449732,0.17748819581939404,0.03136394416539276,0.0,0
44083,64,3,21.38132387976757,21.525206020502168,0.14388214073459693,0.16310632573644313,0.016982074082441845,0.009309314754901432,1
44083,65,1,23.53589927805218,23.717869875383705,0.18197059733152443,0.1520007130356381,0.0,0.0,0
44083,65,2,23.53589927805218,23.669500899951352,0.1336016218991709,0.18422324465477197,0.032222531619133854,0.009309314754901432,1
44083,65,3,23.53589927805218,23.687385990610412,0.15148671255823132,0.17710959146648994,0.025108878430851828,0.019810426467343947,1
44083,66,1,9.997603346363109,10.213122681655687,0.21551933529257816,0.13407075202238913,0.0,0.0,0
44083,66,2,9.997603346363109,10.187994307759883,0.19039096139677447,0.1435989316328356,0.009528179610446469,0.02421918364462282,1
44083,66,3,9.997603346363109,10.17700985252986,0.17940650616675136,0.1518287934925685,0.01775804147017937,0.02421918364462282,1
44083,67,1,13.562827441619385,13.724285155519357,0.16145771389997243,0.12473217449668353,0.0,0.0,0
44083,67,2,13.562827441619385,13.700436165581198,0.13760872396181334,0.14898693139767816,0.02425475690099463,0.024219183644622805,1
44083,67,3,13.562827441619385,13.904946151891806,0.34211871027242147,0.1715318514409441,0.04679967694426057,0.024219183644622805,1
44083,68,1,12.356336792015467,12.642285972826901,0.28594918081143383,0.14904835063636676,0.0,0.0,0
44083,68,2,12.356336792015467,12.5733133397659,0.2169765477504324,0.1834990332133536,0.03445068257698683,0.04035754621509234,1
44083,68,3,12.356336792015467,13.376853059962793,1.0205162679473254,0.24792399235364632,0.09887564171727956,0.030141109962427776,1
44083,69,1,11.312998750157398,11.509720878485076,0.19672212832767855,0.1069267195907534,0.0,0.010216436252664565,1
44083,69,2,11.312998750157398,11.465968124539257,0.15296937438185942,0.1292983624416881,0.02237164285093471,0.0,0
44083,69,3,11.312998750157398,11.800900084535252,0.4879013343778542,0.17200632787273434,0.06507960828198095,0.0,0
44084,0,1,1.6371247014866808,2.231749571277003,0.594624869790322,0.19287435444062406,0.0,0.0,0
44084,0,2,1.6371247014866808,2.5728520186773296,0.9357273171906488,0.19870630107619242,0.0058319466355683525,0.0,0
44084,0,3,1.6371247014866808,2.4749444063723782,0.8378197048856975,0.19402950388586832,0.0011551494452442523,0.0,0
44084,1,1,2.6974797645815762,3.3148146991536533,0.6173349345720771,0.1729867818936779,0.0,0.0,0
44084,1,2,2.6974797645815762,3.9890275993869757,1.2915478348053995,0.23755221908348512,0.06456543718980723,0.0,0
44084,1,3,2.6974797645815762,3.5867788777314553,0.8892991131498791,0.21891140496361683,0.04592462306993894,0.0,0
44084,2,1,1.427252793645685,1.953836283629378,0.526583489983693,0.18201625404501245,0.0,0.0,0
44084,2,2,1.427252793645685,2.8232485479753926,1.3959957543297077,0.2467117711954402,0.06469551715042773,0.0,0
44084,2,3,1.427252793645685,2.487658573601173,1.060405779955488,0.22913728930368518,0.04712103525867273,0.0,0
44084,3,1,1.555104887555197,2.3229902211059543,0.7678853335507574,0.15202765968860033,0.0,0.0,0
44084,3,2,1.555104887555197,3.703747038703695,2.148642151148498,0.24667658731024258,0.09464892762164226,0.0,0
44084,3,3,1.555104887555197,2.5972980345865047,1.0421931470313077,0.23124241142340551,0.07921475173480519,0.0,0
44084,4,1,1.3810512019509147,1.7801339918484316,0.3990827898975169,0.20805657791484808,0.0,0.10024133892457282,1
44084,4,2,1.3810512019509147,2.259749078310123,0.8786978763592084,0.24946059648422306,0.04140401856937498,0.0,0
44084,4,3,1.3810512019509147,1.847323952188097,0.4662727502371824,0.25298128829792216,0.04492471038307408,0.0,0
44084,5,1,1.9127226763445797,2.9014947805437443,0.9887721041991646,0.17918716159401837,0.0,0.10024133892457283,1
44084,5,2,1.9127226763445797,3.160582813174794,1.2478601368302142,0.2455328487652717,0.06634568717125333,0.0,0
44084,5,3,1.9127226763445797,2.9789026911398553,1.0661800147952756,0.25930671835380387,0.08011955675978549,0.0,0
44084,6,1,2.273885311436785,2.9175754097960622,0.643690098359277,0.15096176892818625,0.0,0.10024133892457285,1
44084,6,2,2.273885311436785,2.729395788764548,0.45551047732776295,0.1650990324821644,0.014137263553978152,0.0,0
44084,6,3,2.273885311436785,3.10350695403038,0.8296216425935947,0.16861877661204214,0.01765700768385589,0.0,0
44084,7,1,2.8543762137596667,3.2063086952564603,0.3519324814967937,0.1610209955135844,0.0,0.0,0
44084,7,2,2.8543762137596667,3.0329166432567782,0.17854042949711157,0.1639242534460995,0.002903257932515113,0.0,0
44084,7,3,2.8543762137596667,3.136689195538348,0.28231298177868114,0.172836039417435,0.011815043903850603,0.0,0
44084,8,1,1.2012699244886753,2.1055793924724884,0.9043094679838131,0.1788047049507759,0.0033869722337198094,0.0,0
44084,8,2,1.2012699244886753,1.6462661953949838,0.44499627090630844,0.1754177327170561,0.0,0.0,0
44084,8,3,1.2012699244886753,1.6577524342628862,0.4564825097742109,0.18718570317049477,0.011767970453438664,0.0,0
44084,9,1,1.1434582446281314,1.8944636049775316,0.7510053603494002,0.1619289544926563,0.0,0.0,0
44084,9,2,1.1434582446281314,2.136175458378353,0.9927172137502218,0.20597634556007258,0.044047391067416286,0.0,0
44084,9,3,1.1434582446281314,1.9170858622558353,0.7736276176277039,0.20754338487759424,0.045614430384937954,0.0,0
44084,10,1,1.0612664746471339,1.5608320373099642,0.49956556266283036,0.1845217576954286,0.0,0.0,0
44084,10,2,1.0612664746471339,1.6511323055742433,0.5898658309271094,0.19447020159038425,0.009948443894955639,0.0,0
44084,10,3,1.0612664746471339,1.6263056473941053,0.5650391727469715,0.21235966066826478,0.02783790297283617,0.0,0
44084,11,1,1.198912192357313,1.3925487203895193,0.19363652803220632,0.1860858260941874,0.0,0.0,0
44084,11,2,1.198912192357313,1.4603516012142077,0.26143940885689476,0.20989690798875799,0.023811081894570596,0.0,0
44084,11,3,1.198912192357313,1.4699892956732332,0.2710771033159203,0.22781812494846657,0.041732298854279176,0.0,0
44084,12,1,1.8142871938476048,2.511984046273805,0.6976968524261999,0.17520205401368047,0.02658786835497373,0.0,0
44084,12,2,1.8142871938476048,2.5271106948727136,0.7128235010251087,0.14861418565870674,0.0,0.0,0
44084,12,3,1.8142871938476048,2.514708342802924,0.7004211489553192,0.1499240854294465,0.001309899770739753,0.0,0
44084,13,1,1.2806101339661535,1.7224403888380475,0.441830254871894,0.1739592568257207,0.0,0.0,0
44084,13,2,1.2806101339661535,1.8444879036420765,0.563877769675923,0.18321352638574576,0.009254269560025064,0.0,0
44084,13,3,1.2806101339661535,1.797339819828008,0.5167296858618544,0.20056280605388654,0.02660354922816585,0.0,0
44084,14,1,1.1017746804329103,1.9732595551051393,0.871484874672229,0.23040051526350516,0.028899526943442416,0.0,0
44084,14,2,1.1017746804329103,1.996344517882052,0.8945698374491418,0.20150098832006275,0.0,0.0,0
44084,14,3,1.1017746804329103,1.9402744995558088,0.8384998191228985,0.2191546971830561,0.01765370886299336,0.0,0
44084,15,1,1.288044767953998,1.5337107616204326,0.2456659936664347,0.1492061535847183,0.0,0.0,0
44084,15,2,1.288044767953998,1.6479363973325316,0.3598916293785337,0.18684156565660512,0.03763541207188681,0.0,0
44084,15,3,1.288044767953998,1.599724055525034,0.31167928757103613,0.19169396146070813,0.042487807875989825,0.0,0
44084,16,1,1.8916046373960835,2.2573916668918614,0.3657870294957779,0.12426553128054245,0.0,0.09250562603961521,1
44084,16,2,1.8916046373960835,2.6445075359910013,0.7529028985949178,0.14104636097198364,0.016780829691441193,0.055919314052057745,1
44084,16,3,1.8916046373960835,2.278650639796955,0.3870460024008713,0.16614643108734364,0.041880899806801195,0.0,0
44084,17,1,2.2471220181254474,3.090922857799896,0.8438008396744485,0.09436988820493963,0.0,0.09250562603961521,1
44084,17,2,2.2471220181254474,2.930423755806303,0.6833017376808557,0.14378325737848358,0.04941336917354394,0.055919314052057745,1
44084,17,3,2.2471220181254474,4.033530054709939,1.7864080365844912,0.1864026873350899,0.09203279913015028,0.0,0
44084,18,1,1.3425343177413809,1.4774437890728556,0.13490947133147468,0.17986052051243073,0.0,0.0,0
44084,18,2,1.3425343177413809,1.7091230410209282,0.3665887232795473,0.18465954053874037,0.004799020026309636,0.0,0
44084,18,3,1.3425343177413809,1.6059733499744275,0.26343903223304665,0.20240434634583418,0.022543825833403447,0.0,0
44084,19,1,3.745477156263591,4.204767842223994,0.4592906859604029,0.18486117233347607,0.025834337836704968,0.07053899845100967,1
44084,19,2,3.745477156263591,4.126708619918638,0.3812314636550469,0.1590268344967711,0.0,0.0,0
44084,19,3,3.745477156263591,4.037833459525878,0.2923563032622867,0.203687109242882,0.044660274746110895,0.0,0
44084,20,1,6.5377033546405015,6.808205252311848,0.27050189767134647,0.1498538729131969,0.00918128196682988,0.0705389984510097,1
44084,20,2,6.5377033546405015,6.877963956721698,0.34026060208119624,0.14067259094636703,0.0,0.0,0
44084,20,3,6.5377033546405015,6.881202151877271,0.34349879723676935,0.19593260219270917,0.05526001124634214,0.0,0
44084,21,1,2.1338588219289107,3.264523826828911,1.1306650049000004,0.12686597338994365,0.010764134323171193,0.0705389984510097,1
44084,21,2,2.1338588219289107,2.634143752415792,0.500284930486881,0.12118932165838954,0.005087482591617079,0.0,0
44084,21,3,2.1338588219289107,3.208328876773888,1.0744700548449773,0.11610183906677246,0.0,0.0,0
44084,22,1,1.1704842779320068,1.4591353113029926,0.28865103337098574,0.23612736270755746,0.0,0.0,0
44084,22,2,1.1704842779320068,1.6857055892692228,0.5152213113372159,0.24903515632190637,0.012907793614348906,0.0,0
44084,22,3,1.1704842779320068,1.6803913481707682,0.5099070702387614,0.2625338537561122,0.026406491048554748,0.0,0
44084,23,1,1.480778814698918,1.7780452339122246,0.29726641921330654,0.16286353539280832,0.0,0.0,0
44084,23,2,1.480778814698918,1.8746667279600449,0.3938879132611268,0.16484480633528048,0.001981270942472163,0.0,0
44084,23,3,1.480778814698918,1.8382515790918088,0.3574727643928908,0.1759108363906427,0.013047300997834382,0.0,0
44084,24,1,1.1803268760621788,1.9475285116355838,0.767201635573405,0.27230576562014497,0.017095320976711237,0.0,0
44084,24,2,1.1803268760621788,1.7653598527127365,0.5850329766505578,0.25521044464343373,0.0,0.0,0
44084,24,3,1.1803268760621788,1.8377763685669408,0.657449492504762,0.2617910304643439,0.006580585820910145,0.0,0
44084,25,1,1.3678914725976863,1.7806053859519992,0.41271391335431296,0.1777703746344769,0.0,0.026758069995108297,1
44084,25,2,1.3678914725976863,1.8326694433663324,0.46477797076864613,0.177997739201664,0.0002273645671871105,0.0,0
44084,25,3,1.3678914725976863,1.759723204807822,0.3918317322101357,0.18980940672365976,0.01203903208918286,0.0,0
44084,26,1,1.3276139913695766,1.9585955860046576,0.630981594635081,0.19348412924765998,0.017287956771806556,0.026758069995108297,1
44084,26,2,1.3276139913695766,1.404425442140354,0.07681145077077733,0.17619617247585342,0.0,0.0,0
44084,26,3,1.3276139913695766,2.0284098055472315,0.7007958141776549,0.19724607105741349,0.02104989858156006,0.0,0
44084,27,1,2.1775939625229292,3.358384274476524,1.180790311953595,0.10468615707803047,0.0,0.026758069995108297,1
44084,27,2,2.1775939625229292,3.150583073516676,0.9729891109937467,0.14192361486447788,0.03723745778644741,0.0,0
44084,27,3,2.1775939625229292,3.132218973578855,0.9546250110559256,0.14353299960977195,0.03884684253174148,0.0,0
44084,28,1,1.3230414926384533,2.02092252398141,0.6978810313429566,0.23180050581475292,0.030659634634284005,0.0,0
44084,28,2,1.3230414926384533,1.9905284726100407,0.6674869799715875,0.20114087118046892,0.0,0.0,0
44084,28,3,1.3230414926384533,2.0802097390506833,0.75716824641223,0.208481654756922,0.007340783576453097,0.0,0
44084,29,1,1.2329808289255595,1.4411759564997817,0.2081951275742222,0.18167942265294226,0.0,0.0,0
44084,29,2,1.2329808289255595,1.6995118061065084,0.46653097718094894,0.1854375528249887,0.003758130172046431,0.0,0
44084,29,3,1.2329808289255595,1.5172572643009825,0.284276435375423,0.20151705422497612,0.01983763157203386,0.0,0
44084,30,1,1.418758629165938,1.8274914280190722,0.4087327988531342,0.1528405527351083,0.0,0.0,0
44084,30,2,1.418758629165938,1.9627030785662278,0.5439444494002899,0.20357850474999492,0.05073795201488662,0.0,0
44084,30,3,1.418758629165938,1.8703449226012387,0.45158629343530077,0.21188693319572563,0.05904638046061733,0.0,0
44084,31,1,1.2500368200783725,1.5151124939938163,0.26507567391544384,0.17392602561510012,0.0,0.0,0
44084,31,2,1.2500368200783725,1.776891358250617,0.5268545381722445,0.17507943725125577,0.001153411636155649,0.0,0
44084,31,3,1.2500368200783725,1.5608658479917188,0.3108290279133463,0.18636947287655495,0.012443447261454826,0.0,0
44084,32,1,1.3122630385004876,2.050964764762526,0.7387017262620386,0.22793551194966197,0.0,0.0,0
44084,32,2,1.3122630385004876,2.026663266440102,0.7144002279396144,0.22924952922335212,0.0013140172736901545,0.0,0
44084,32,3,1.3122630385004876,2.080696107684468,0.7684330691839805,0.24034673268967074,0.012411220740008777,0.0,0
44084,33,1,2.7109969512955248,3.70416453831985,0.9931675870243253,0.12940151755982315,0.0,0.0,0
44084,33,2,2.7109969512955248,3.661822475420853,0.9508255241253281,0.18844425253081806,0.05904273497099491,0.0,0
44084,33,3,2.7109969512955248,4.345496262895141,1.6344993115996163,0.22367010738932658,0.09426858982950342,0.0,0
44084,34,1,1.3548640866778559,2.2325344504037226,0.8776703637258667,0.23757963605740184,0.0,0.06608928084114657,1
44084,34,2,1.3548640866778559,2.0573707035176514,0.7025066168397955,0.23831594131880868,0.0007363052614068333,0.0,0
44084,34,3,1.3548640866778559,2.1164786099531248,0.7616145232752689,0.25494403429022744,0.017364398232825595,0.0,0
44084,35,1,2.1049011854563218,3.074692961867462,0.9697917764111401,0.1531887761389117,0.0,0.06608928084114657,1
44084,35,2,2.1049011854563218,3.2066824464496135,1.1017812609932918,0.20007289122146615,0.04688411508255447,0.0,0
44084,35,3,2.1049011854563218,3.080263428701519,0.9753622432451974,0.22029336526577395,0.06710458912686226,0.0,0
44084,36,1,2.508007593871875,3.526745893973198,1.0187383001013233,0.15529607172803445,0.0,0.06608928084114658,1
44084,36,2,2.508007593871875,2.8845466402929842,0.37653904642110936,0.1566955349879175,0.0013994632598830492,0.0,0
44084,36,3,2.508007593871875,3.5063212620330035,0.9983136681611287,0.1596114218702969,0.004315350142262447,0.0,0
44084,37,1,3.255310553848897,3.576444628362547,0.3211340745136497,0.16658325922901157,0.0010953426746416473,0.0,0
44084,37,2,3.255310553848897,3.4129318678111398,0.15762131396224266,0.16548791655436992,0.0,0.0,0
44084,37,3,3.255310553848897,3.3995511456034535,0.1442405917545564,0.17925638041129163,0.013768463856921709,0.0,0
44084,38,1,1.174007188046603,2.043720287383697,0.8697130993370938,0.18192640430113147,0.0,0.0,0
44084,38,2,1.174007188046603,1.7659503009072537,0.5919431128606507,0.18428298441964286,0.002356580118511392,0.0,0
44084,38,3,1.174007188046603,1.9477947627795758,0.7737875747329728,0.1972632454132234,0.015336841112091937,0.0,0
44084,39,1,1.5818829552702194,1.8238215726439493,0.2419386173737299,0.17269457939192825,0.0,0.09412862894757176,1
44084,39,2,1.5818829552702194,1.9238567927699592,0.34197383749973986,0.17349692415331985,0.000802344761391599,0.0,0
44084,39,3,1.5818829552702194,1.968003998986634,0.38612104371641465,0.18053385161364485,0.007839272221716598,0.0,0
44084,40,1,1.7158560304872197,2.6842919956563125,0.9684359651690928,0.21436173798109326,0.0027231109527169894,0.09412862894757178,1
44084,40,2,1.7158560304872197,2.1229627075534636,0.4071066770662439,0.21163862702837627,0.0,0.0,0
44084,40,3,1.7158560304872197,2.4190553097403997,0.70319927925318,0.2171302383277777,0.005491611299401428,0.0,0
44084,41,1,1.9966375435124615,2.2811325604876123,0.2844950169751508,0.12064620189423932,0.0,0.09412862894757176,1
44084,41,2,1.9966375435124615,2.597625626798467,0.6009880832860057,0.12173799523136511,0.0010917933371257932,0.0,0
44084,41,3,1.9966375435124615,2.626546012306915,0.6299084687944534,0.12498219544654614,0.004335993552306822,0.0,0
44084,42,1,1.790346376719881,2.2224424292105884,0.43209605249070737,0.13731184437273553,0.0,0.0,0
44084,42,2,1.790346376719881,2.5902058579310676,0.7998594812111866,0.1484378132517617,0.011125968879026171,0.0,0
44084,42,3,1.790346376719881,2.3171690417488824,0.5268226650290013,0.14919708130951775,0.011885236936782229,0.0,0
44084,43,1,1.4932616902201996,1.8796145457949218,0.3863528555747222,0.14503946531057477,0.0,0.0,0
44084,43,2,1.4932616902201996,2.007219209435042,0.5139575192148422,0.15617863722562525,0.011139171915050483,0.0,0
44084,43,3,1.4932616902201996,1.8733974505678432,0.3801357603476436,0.16150739036459982,0.016467925054025057,0.0,0
44084,44,1,1.4521404029470673,1.9803327137182722,0.528192310771205,0.14778249247677477,0.0,0.0,0
44084,44,2,1.4521404029470673,2.1093315172882754,0.6571911143412081,0.1484196964530041,0.0006372039762293225,0.0,0
44084,44,3,1.4521404029470673,2.219874042832511,0.767733639885444,0.14935031190524145,0.0015678194284666769,0.0,0
44084,45,1,1.3440727194004518,1.6373957420270937,0.2933230226266419,0.19954137531257662,0.0,0.0,0
44084,45,2,1.3440727194004518,2.3462576939075577,1.0021849745071059,0.23035769360656214,0.030816318293985512,0.0,0
44084,45,3,1.3440727194004518,1.9972651475334982,0.6531924281330463,0.22886855270577133,0.02932717739319471,0.0,0
44084,46,1,3.3101790123275663,4.006624897681514,0.6964458853539481,0.1658048213136006,0.0,0.0,0
44084,46,2,3.3101790123275663,4.364480867397697,1.0543018550701309,0.2136758323529701,0.0478710110393695,0.0,0
44084,46,3,3.3101790123275663,3.757170555060243,0.4469915427326767,0.2196554071942511,0.0538505858806505,0.0,0
44084,47,1,1.5190200906830875,1.884187562384612,0.3651674717015245,0.16341941090913997,0.0,0.0,0
44084,47,2,1.5190200906830875,2.5076401102887624,0.9886200196056749,0.207084090225714,0.04366467931657403,0.0,0
44084,47,3,1.5190200906830875,2.352145335089346,0.8331252444062587,0.20287545000552434,0.03945603909638437,0.0,0
44084,48,1,1.2279184236693539,2.007962838873347,0.7800444152039929,0.2501249645662606,0.036524861662345864,0.0,0
44084,48,2,1.2279184236693539,1.7821701628304276,0.5542517391610737,0.21360010290391473,0.0,0.0,0
44084,48,3,1.2279184236693539,1.7555170870983523,0.5275986634289984,0.22475172482957656,0.011151621925661825,0.0,0
44084,49,1,1.3974706373580372,1.6758015984202488,0.27833096106221156,0.17263990866503376,0.0,0.0,0
44084,49,2,1.3974706373580372,1.868828925726395,0.4713582883683578,0.18920824415793466,0.016568335492900904,0.0,0
44084,49,3,1.3974706373580372,1.7915322774019136,0.39406164004387634,0.2027013688157372,0.030061460150703434,0.0,0
44084,50,1,1.9342911845411739,3.066045040768615,1.1317538562274412,0.18413916298061073,0.029276451571355583,0.0,0
44084,50,2,1.9342911845411739,2.437256183230658,0.502964998689484,0.16209322422499012,0.007230512815734974,0.0,0
44084,50,3,1.9342911845411739,3.1140604027105296,1.1797692181693558,0.15486271140925514,0.0,0.0,0
44084,51,1,2.596016966644818,2.917931474042742,0.3219145073979237,0.2245276900331609,0.0,0.006481510888227682,1
44084,51,2,2.596016966644818,2.954287914947732,0.35827094830291406,0.22771018470528673,0.003182494672125835,0.0,0
44084,51,3,2.596016966644818,2.88560745362516,0.28959048698034184,0.2543043080254448,0.0297766179922839,0.0,0
44084,52,1,3.1283095511223094,3.443604226728805,0.3152946756064958,0.1454649090549145,0.0,0.006481510888227682,1
44084,52,2,3.1283095511223094,3.4365646437174155,0.3082550925951062,0.15088828760104203,0.0054233785461275386,0.0,0
44084,52,3,3.1283095511223094,3.368247737333198,0.23993818621088847,0.16735580406077397,0.021890895005859473,0.0,0
44084,53,1,2.251968511355842,2.9027676273376395,0.6507991159817976,0.12033811038160322,0.0,0.006481510888227654,1
44084,53,2,2.251968511355842,3.2657068882395754,1.0137383768837336,0.16818022692559512,0.0478421165439919,0.0,0
44084,53,3,2.251968511355842,2.9439587968751812,0.6919902855193394,0.17167351659043098,0.05133540620882776,0.0,0
44084,54,1,1.7438238545116342,2.9927975819891537,1.2489737274775194,0.13389915253905643,0.011916960278597441,0.08729063277249552,1
44084,54,2,1.7438238545116342,2.4129865111507174,0.6691626566390831,0.12198219226045899,0.0,0.0,0
44084,54,3,1.7438238545116342,2.5538432986593063,0.810019444147672,0.13148105576719224,0.009498863506733249,0.0,0
44084,55,1,1.5614856244027195,2.6009495810002643,1.0394639565975448,0.15438132909526947,0.014277111649050267,0.08729063277249553,1
44084,55,2,1.5614856244027195,2.127853534490099,0.5663679100873793,0.1401042174462192,0.0,0.0,0
44084,55,3,1.5614856244027195,2.147804923483867,0.5863192990811474,0.15505121687667636,0.014946999430457159,0.0,0
44084,56,1,2.293666397880074,2.5295839979680537,0.23591760008797946,0.07946142415152722,0.0,0.08729063277249552,1
44084,56,2,2.293666397880074,2.7058672415626583,0.41220084368258414,0.09966181769789875,0.02020039354637153,0.0,0
44084,56,3,2.293666397880074,2.648450336184193,0.3547839383041187,0.10498765361708648,0.025526229465559255,0.0,0
44084,57,1,1.800174804133843,2.5180270136473357,0.7178522095134927,0.1718259537893374,0.004195706322062981,0.16591888623376327,1
44084,57,2,1.800174804133843,2.2537542249984903,0.4535794208646473,0.16763024746727442,0.0,0.08807753207502428,1
44084,57,3,1.800174804133843,2.4269369204411726,0.6267621163073296,0.1973877515960152,0.029757504128740786,0.0,0
44084,58,1,3.6230061403159,4.761573699728542,1.138567559412642,0.07045356239780712,0.0,0.16591888623376333,1
44084,58,2,3.6230061403159,4.594649941119677,0.9716438008037769,0.13862285772503577,0.06816929532722865,0.08807753207502428,1
44084,58,3,3.6230061403159,5.4544839684199795,1.8314778281040796,0.1727519280018346,0.10229836560402747,0.0,0
44084,59,1,15.574414692333013,15.759340038877886,0.18492534654487258,0.1742518953099958,0.0,0.0,0
44084,59,2,15.574414692333013,15.756659038684223,0.18224434635120978,0.18795244844591452,0.013700553135918725,0.038139154361801736,1
44084,59,3,15.574414692333013,15.777983023196725,0.20356833086371218,0.18500640036603386,0.01075450505603806,0.026356430585350893,1
44084,60,1,15.878431777308105,16.05981789171125,0.18138611440314634,0.10147468654138395,0.0,0.011782723776450857,1
44084,60,2,15.878431777308105,15.995079775979608,0.11664799867150322,0.13890935668908655,0.0374346701477026,0.0,0
44084,60,3,15.878431777308105,16.258971218737607,0.3805394414295016,0.1769047580217592,0.07543007148037525,0.02148160354293155,1
44084,61,1,13.715350870864503,13.895462728627724,0.18011185776322058,0.05991939660019197,0.0,0.0,0
44084,61,2,13.715350870864503,13.83925341507837,0.12390254421386615,0.08081286857660014,0.020893471976408166,0.02148160354293155,1
44084,61,3,13.715350870864503,13.999975518128059,0.28462464726355563,0.08493112202293508,0.02501172542274311,0.02148160354293155,1
44084,62,1,19.858336080179292,20.00745725387629,0.1491211736969973,0.12201724738104339,0.0,0.004960641873109961,0
44084,62,2,19.858336080179292,20.008804801715804,0.15046872153651236,0.1547227867345846,0.0327055393535412,0.0,0
44084,62,3,19.858336080179292,19.994639608168978,0.1363035279896856,0.14592877783069652,0.023911530449653134,0.010169634077159956,1
44084,63,1,22.082463976979547,22.221723042258446,0.13925906527889964,0.1309568693694722,0.0,0.0,0
44084,63,2,22.082463976979547,22.20847669548458,0.12601271850503437,0.16237229554446883,0.031415426174996625,0.010169634077159942,1
44084,63,3,22.082463976979547,22.267524821971016,0.1850608449914688,0.16196748380606707,0.031010614436594863,0.020715940446974335,1
44084,64,1,10.023249565104756,10.134404937079106,0.1111553719743501,0.11105803955440188,0.0,0.0,0
44084,64,2,10.023249565104756,10.212941924919603,0.18969235981484722,0.12298334559601001,0.01192530604160813,0.033443013514309006,1
44084,64,3,10.023249565104756,10.188242348685506,0.1649927835807503,0.13156276461201533,0.020504725057613443,0.057500659986505887,1
44084,65,1,13.677405695761255,13.725884403686276,0.04847870792502107,0.11492734549324081,0.0,0.0,0
44084,65,2,13.677405695761255,13.757516142432062,0.08011044667080647,0.15023574121154495,0.035308395718304145,0.024057646472196877,1
44084,65,3,13.677405695761255,13.777197876452167,0.09979218069091189,0.1800256148167674,0.0650982693235266,0.024057646472196877,1
44084,66,1,12.547453603594251,12.600312593082084,0.05285898948783263,0.12857177129882577,0.0,0.0,0
44084,66,2,12.547453603594251,12.688345451634154,0.14089184803990307,0.1541766179575453,0.025604846658719538,0.040735028580891244,1
44084,66,3,12.547453603594251,12.701147005459932,0.1536934018656808,0.19616756626069465,0.06759579496186888,0.030075116960247353,1
44084,67,1,11.6218524608803,11.702194541722154,0.08034208084185401,0.08280964258081058,0.0,0.010659911620643885,1
44084,67,2,11.6218524608803,11.77313137929424,0.15127891841394003,0.10805991693554995,0.025250274354739366,0.0,0
44084,67,3,11.6218524608803,11.709556571666818,0.08770411078651819,0.1307100902427254,0.04790044766191481,0.0,0
44085,0,1,2.2280175029972122,3.458299903482036,1.2302824004848238,0.16564593717446743,0.007864582949013682,0.1003694430898665,1
44085,0,2,2.2280175029972122,3.005718319132201,0.7777008161349888,0.15778135422545375,0.0,0.0,0
44085,0,3,2.2280175029972122,3.1567381678184727,0.9287206648212605,0.16101496661371534,0.0032336123882615864,0.0,0
44085,1,1,2.6282675707678527,2.9824288438799345,0.3541612731120818,0.14697989369093106,0.010584219326035427,0.0,0
44085,1,2,2.6282675707678527,2.992361141350135,0.3640935705822823,0.13639567436489564,0.0,0.0,0
44085,1,3,2.6282675707678527,2.978011064299279,0.34974349353142653,0.14519427472374835,0.008798600358852715,0.0,0
44085,2,1,1.1004764061645183,1.9808435676349767,0.8803671614704585,0.16068436351823792,0.004536275788330907,0.0,0
44085,2,2,1.1004764061645183,1.972322768300969,0.8718463621364507,0.15787776750640256,0.0017296797764955463,0.0,0
44085,2,3,1.1004764061645183,1.7470232499570877,0.6465468437925694,0.15614808772990701,0.0,0.0,0
44085,3,1,1.1229390971549842,1.7374906514509227,0.6145515542959386,0.13017220961631593,0.0,0.0,0
44085,3,2,1.1229390971549842,1.8898912482072672,0.766952151052283,0.16279082273175996,0.032618613115444034,0.0,0
44085,3,3,1.1229390971549842,2.088087599921004,0.9651485027660196,0.14201894373461676,0.011846734118300839,0.0,0
44085,4,1,1.2518482472572459,1.8496226828094358,0.5977744355521899,0.1723873197827084,0.005334249236672306,0.0,0
44085,4,2,1.2518482472572459,1.9854659244402129,0.733617677182967,0.17864650938678628,0.011593438840750175,0.0,0
44085,4,3,1.2518482472572459,1.8037457478839638,0.5518975006267179,0.1670530705460361,0.0,0.0,0
44085,5,1,1.2234091973344703,1.688504182346876,0.46509498501240576,0.16800039245545106,0.0,0.0,0
44085,5,2,1.2234091973344703,1.5552158835351126,0.33180668620064235,0.18556170327991917,0.0175613108244681,0.0,0
44085,5,3,1.2234091973344703,1.8357970668691066,0.6123878695346363,0.1730625103173215,0.005062117861870441,0.0,0
44085,6,1,1.8762298709061525,3.014783347878323,1.1385534769721706,0.16304376654528693,0.057429404732186315,0.0,0
44085,6,2,1.8762298709061525,2.8499544312123506,0.9737245603061981,0.11995593401588271,0.014341572202782094,0.0,0
44085,6,3,1.8762298709061525,2.631836111619852,0.7556062407136994,0.10561436181310062,0.0,0.0,0
44085,7,1,1.4393489922396645,2.3625249397085386,0.9231759474688741,0.15877681470898775,0.005345529518050091,0.0,0
44085,7,2,1.4393489922396645,2.2309796577360674,0.7916306654964029,0.15521033814541704,0.0017790529544793876,0.0,0
44085,7,3,1.4393489922396645,2.3596245365902613,0.9202755443505968,0.15343128519093766,0.0,0.0,0
44085,8,1,1.2203513027670274,2.2510919550584463,1.0307406522914189,0.19213637734929545,0.02099673017384804,0.0,0
44085,8,2,1.2203513027670274,2.061879574518008,0.8415282717509807,0.18268242818711794,0.011542781011670528,0.0,0
44085,8,3,1.2203513027670274,1.7127073740809855,0.4923560713139581,0.1711396471754474,0.0,0.0,0
44085,9,1,1.333686720077256,1.7838382645759072,0.45015154449865125,0.11910117416703565,0.0,0.0,0
44085,9,2,1.333686720077256,1.7095559111129532,0.37586919103569727,0.14777672987463175,0.028675555707596098,0.0,0
44085,9,3,1.333686720077256,2.0254063242382676,0.6917196041610116,0.12522760341321285,0.006126429246177192,0.0,0
44085,10,1,2.08664651670862,2.416463437931701,0.32981692122308104,0.11617266106180567,0.0,0.09216231845879136,1
44085,10,2,2.08664651670862,3.332392241740486,1.245745725031866,0.12964488935204221,0.013472228290236546,0.0546398536940666,1
44085,10,3,2.08664651670862,2.8177195108042197,0.7310729940955998,0.137306889311519,0.021134228249713324,0.0,0
44085,11,1,2.121601344096656,3.899644159199547,1.778042815102891,0.08971557758460301,0.0,0.09216231845879141,1
44085,11,2,2.121601344096656,3.542353789867799,1.420752445771143,0.16246688376277946,0.07275130617817645,0.054639853694066653,1
44085,11,3,2.121601344096656,6.713106223516266,4.59150487941961,0.22238367455929411,0.13266809697469112,0.0,0
44085,12,1,1.3552160772629045,2.113085804123478,0.7578697268605734,0.16149474539971986,0.005352973372245162,0.0,0
44085,12,2,1.3552160772629045,2.3752891714435007,1.0200730941805962,0.1601880861327205,0.004046314105245807,0.0,0
44085,12,3,1.3552160772629045,2.040361055643306,0.6851449783804013,0.1561417720274747,0.0,0.0,0
44085,13,1,3.6788638849054736,4.054941498873725,0.37607761396825135,0.16879650995406836,0.011707996213000088,0.0710469739147574,1
44085,13,2,3.6788638849054736,4.215102553432734,0.5362386685272607,0.15708851374106828,0.0,0.0,0
44085,13,3,3.6788638849054736,4.883276411283022,1.2044125263775487,0.22175165873877864,0.06466314499771036,0.0,0
44085,14,1,6.289439091147509,6.529745624813154,0.24030653366564536,0.13315666354399572,0.0,0.07104697391475742,1
44085,14,2,6.289439091147509,6.6001589415277575,0.31071985038024863,0.13896737702741843,0.005810713483422714,0.0,0
44085,14,3,6.289439091147509,7.183093476751706,0.8936543856041972,0.20024795863780076,0.06709129509380504,0.0,0
44085,15,1,2.0425490597841742,3.121614631436948,1.079065571652774,0.11550936470160071,0.0015092214857893305,0.07104697391475742,1
44085,15,2,2.0425490597841742,3.1332538052010515,1.0907047454168772,0.11400014321581138,0.0,0.0,0
44085,15,3,2.0425490597841742,3.1952605695682523,1.152711509784078,0.12045990539256733,0.006459762176755951,0.0,0
44085,16,1,1.2195128390559957,1.74415538384159,0.5246425447855942,0.21673475002977544,0.0071637086124609894,0.0,0
44085,16,2,1.2195128390559957,2.1496078595143966,0.9300950204584009,0.213462653012627,0.0038916115953125663,0.0,0
44085,16,3,1.2195128390559957,1.8654267283714039,0.6459138893154082,0.20957104141731445,0.0,0.0,0
44085,17,1,1.6314481546176034,2.3324609486841767,0.7010127940665734,0.14908018458153627,0.011123523241925504,0.0,0
44085,17,2,1.6314481546176034,1.8809548758091779,0.24950672119157447,0.13795666133961076,0.0,0.0,0
44085,17,3,1.6314481546176034,2.101549084641969,0.4701009300243655,0.1452047392380661,0.00724807789845533,0.0,0
44085,18,1,1.0518153416733527,2.0443592079895128,0.9925438663161601,0.2595486665032541,0.05258170951208102,0.0,0
44085,18,2,1.0518153416733527,2.4964110275062397,1.444595685832887,0.23507974708486942,0.028112790093696355,0.0,0
44085,18,3,1.0518153416733527,2.1881625794404913,1.1363472377671386,0.20696695699117307,0.0,0.0,0
44085,19,1,1.267265681940606,2.189166846659385,0.9219011647187789,0.15786273171996723,0.0032641053905679007,0.025438766178349892,1
44085,19,2,1.267265681940606,1.5941110827435523,0.3268454008029462,0.15459862632939933,0.0,0.0,0
44085,19,3,1.267265681940606,1.8731232235772084,0.6058575416366023,0.15749324111087956,0.0028946147814802314,0.0,0
44085,20,1,1.1882226870292274,1.725292551232084,0.5370698642028566,0.19209690024707815,0.03266076826300132,0.025438766178349892,1
44085,20,2,1.1882226870292274,1.5546129230348869,0.36639023600565945,0.15943613198407683,0.0,0.0,0
44085,20,3,1.1882226870292274,1.6302346934391463,0.4420120064099189,0.16404615946427084,0.004610027480194012,0.0,0
44085,21,1,2.185544064045644,3.248769741103447,1.0632256770578028,0.07789170337675468,0.0,0.025438766178349892,1
44085,21,2,2.185544064045644,3.3944433794547555,1.2088993154091114,0.12003468472154066,0.04214298134478599,0.0,0
44085,21,3,2.185544064045644,3.3077284324118765,1.1221843683662325,0.1210174180736775,0.04312571469692282,0.0,0
44085,22,1,1.6706888027316875,2.0468901757317246,0.3762013730000371,0.22194535332575252,0.051513193630514986,0.0,0
44085,22,2,1.6706888027316875,2.041768095194823,0.3710792924631354,0.1806638176366247,0.010231657941387168,0.0,0
44085,22,3,1.6706888027316875,1.996979204984115,0.32629040225242756,0.17043215969523753,0.0,0.0,0
44085,23,1,1.265955611915064,2.0318792415139137,0.7659236295988499,0.16670877069803117,0.008939152260999117,0.0,0
44085,23,2,1.265955611915064,2.191165865826766,0.9252102539117022,0.16525017954339766,0.0074805611063656074,0.0,0
44085,23,3,1.265955611915064,1.8202365857187588,0.5542809738036949,0.15776961843703205,0.0,0.0,0
44085,24,1,1.5632869065264736,1.8045643739948347,0.2412774674683611,0.12075885649904163,0.0,0.0,0
44085,24,2,1.5632869065264736,1.8951518558131988,0.33186494928672516,0.15715022997834474,0.036391373479303116,0.0,0
44085,24,3,1.5632869065264736,1.8914942918139406,0.32820738528746696,0.1392786960596297,0.018519839560588072,0.0,0
44085,25,1,1.333128048639956,1.9948134905622077,0.6616854419222518,0.15591242858816612,0.0028496547231538494,0.09807486479680236,1
44085,25,2,1.333128048639956,1.6334610420872793,0.30033299344732334,0.15306277386501227,0.0,0.0,0
44085,25,3,1.333128048639956,1.88932818902353,0.5562001403835741,0.15472887121729914,0.0016660973522868716,0.0,0
44085,26,1,1.5045592732125157,2.025295924456992,0.5207366512444764,0.21748485029141942,0.022700975372697052,0.09807486479680233,1
44085,26,2,1.5045592732125157,1.782326684595177,0.27776741138266137,0.19478387491872237,0.0,0.0,0
44085,26,3,1.5045592732125157,1.9155891879924205,0.4110299147799048,0.19751620698887662,0.0027323320701542475,0.0,0
44085,27,1,2.478798640423809,3.474365866835317,0.9955672264115081,0.11945280504811397,0.0,0.09807486479680233,1
44085,27,2,2.478798640423809,3.5430958846857665,1.0642972442619576,0.16870694279164788,0.04925413774353392,0.0,0
44085,27,3,2.478798640423809,4.127626926546545,1.6488282861227357,0.20210740379591066,0.0826545987477967,0.0,0
44085,28,1,1.3872653833698065,3.0709721143137094,1.6837067309439029,0.2713096552852584,0.0180347136890871,0.06633702092530652,1
44085,28,2,1.3872653833698065,2.3212941080656706,0.9340287246958641,0.2532749415961713,0.0,0.0,0
44085,28,3,1.3872653833698065,3.3537947840756557,1.9665294007058491,0.2919530196239424,0.03867807802777107,0.0,0
44085,29,1,2.0115648625583527,3.1760701619575844,1.1645052993992318,0.13094280408803138,0.0,0.06633702092530655,1
44085,29,2,2.0115648625583527,3.1519028481823637,1.140337985624011,0.17924993244474535,0.04830712835671397,0.0,0
44085,29,3,2.0115648625583527,4.180033387393401,2.168468524835048,0.21804829835369258,0.08710549426566119,0.0,0
44085,30,1,2.3859904106026826,3.880479923392805,1.4944895127901225,0.16257892802918922,0.009941494851305271,0.06633702092530654,1
44085,30,2,2.3859904106026826,3.2349160446838523,0.8489256340811697,0.15263743317788395,0.0,0.0,0
44085,30,3,2.3859904106026826,3.6394730332956655,1.253482622692983,0.1630162588064134,0.010378825628529459,0.0,0
44085,31,1,3.1668534821960614,3.6266341715059824,0.459780689309921,0.1492976659626256,0.011831777005514355,0.0,0
44085,31,2,3.1668534821960614,3.260706795434124,0.09385331323806234,0.13746588895711123,0.0,0.0,0
44085,31,3,3.1668534821960614,3.603748101184402,0.4368946189883407,0.1498847529280127,0.012418863970901473,0.0,0
44085,32,1,1.0275786600739527,2.274098945514951,1.2465202854409985,0.1710961523985248,0.006095505152008324,0.0,0
44085,32,2,1.0275786600739527,1.5183394492115503,0.4907607891375976,0.16500064724651647,0.0,0.0,0
44085,32,3,1.0275786600739527,1.7213309287770087,0.693752268703056,0.16805337491211877,0.0030527276656023006,0.0,0
44085,33,1,1.5620021852353356,2.1005482332539915,0.5385460480186559,0.15828737944093393,0.009265628596557135,0.09331225292333639,1
44085,33,2,1.5620021852353356,1.9715984958928126,0.4095963106574769,0.1490217508443768,0.0,0.0,0
44085,33,3,1.5620021852353356,2.1258480418378314,0.5638458566024958,0.15163057596682325,0.002608825122446451,0.0,0
44085,34,1,1.9582119925249397,2.445215156527677,0.48700316400273747,0.183875748502069,0.02576786608200088,0.09331225292333639,1
44085,34,2,1.9582119925249397,2.6962251758442983,0.7380131833193586,0.17277695214306082,0.0146690697229927,0.0,0
44085,34,3,1.9582119925249397,2.369909223272871,0.4116972307479314,0.15810788242006812,0.0,0.0,0
44085,35,1,1.960535359744529,2.2996793746908337,0.33914401494630475,0.12630484554367932,0.0,0.09331225292333639,1
44085,35,2,1.960535359744529,2.563433363841166,0.602898004096637,0.17747658294651994,0.05117173740284062,0.0,0
44085,35,3,1.960535359744529,2.58603107540925,0.6254957156647212,0.17031930679590754,0.044014461252228215,0.0,0
44085,36,1,1.924676086870862,2.648630982530366,0.7239548956595043,0.1164408745232959,0.0,0.0,0
44085,36,2,1.924676086870862,2.9817155276756004,1.0570394408047386,0.11865950848081386,0.0022186339575179514,0.0,0
44085,36,3,1.924676086870862,2.850503028152662,0.9258269412818003,0.12184030138412413,0.005399426860828227,0.0,0
44085,37,1,1.9070593667105888,2.40023057387885,0.493171207168261,0.1329775683157615,0.0,0.0,0
44085,37,2,1.9070593667105888,2.57444342351639,0.6673840568058012,0.142492060946051,0.0095144926302895,0.0,0
44085,37,3,1.9070593667105888,2.4638895555528366,0.5568301888422478,0.14157173721945027,0.008594168903688776,0.0,0
44085,38,1,1.7248440951013932,2.6612927684513665,0.9364486733499733,0.12720802610542234,0.033411310290919205,0.0,0
44085,38,2,1.7248440951013932,2.6378739336857433,0.91302983858435,0.10314110237860523,0.009344386564102095,0.0,0
44085,38,3,1.7248440951013932,2.0720046277424573,0.34716053264106406,0.09379671581450313,0.0,0.0,0
44085,39,1,1.5512589377884465,2.218325023123383,0.6670660853349364,0.14728509455317795,0.0,0.0,0
44085,39,2,1.5512589377884465,2.5536512114452696,1.0023922736568232,0.15849447653777624,0.011209381984598282,0.0,0
44085,39,3,1.5512589377884465,2.1053781431901424,0.5541192054016959,0.15933625699433882,0.012051162441160862,0.0,0
44085,40,1,3.1697094013284226,3.662887992388476,0.49317859106005324,0.14088346095213203,0.0,0.0,0
44085,40,2,3.1697094013284226,3.6958102740629237,0.5261008727345011,0.15633746917130484,0.01545400821917281,0.0,0
44085,40,3,3.1697094013284226,3.9613724374694996,0.791663036141077,0.16441001540810715,0.023526554455975124,0.0,0
44085,41,1,1.7449325039764094,2.5730552228981836,0.8281227189217741,0.1331669817649371,0.012830723245850384,0.0,0
44085,41,2,1.7449325039764094,2.2685525796649464,0.523620075688537,0.13052090216395837,0.01018464364487165,0.0,0
44085,41,3,1.7449325039764094,2.015792628778238,0.27086012480182875,0.12033625851908672,0.0,0.0,0
44085,42,1,1.192150458349241,2.2387690269349885,1.0466185685857474,0.23744796313984065,0.06095645004880654,0.0,0
44085,42,2,1.192150458349241,1.995902943674222,0.8037524853249809,0.1934015661471418,0.016910053056107682,0.0,0
44085,42,3,1.192150458349241,1.8623514689973177,0.6702010106480767,0.1764915130910341,0.0,0.0,0
44085,43,1,1.3615451880857663,1.8294298553035753,0.46788466721780897,0.1539299348061089,0.0,0.0,0
44085,43,2,1.3615451880857663,2.2661038750421993,0.904558686956433,0.16286576306721637,0.008935828261107476,0.0,0
44085,43,3,1.3615451880857663,2.0882968790640586,0.7267516909782923,0.16816246320131537,0.014232528395206473,0.0,0
44085,44,1,1.8078338775949008,2.6398940628542458,0.832060185259345,0.22651480947194114,0.027798940720186988,0.0,0
44085,44,2,1.8078338775949008,2.71272726547246,0.9048933878775594,0.19871586875175415,0.0,0.0,0
44085,44,3,1.8078338775949008,2.6420778043821294,0.8342439267872286,0.20781377168535536,0.009097902933601215,0.0,0
44085,45,1,2.555458641355959,3.042354370906699,0.48689572955074034,0.21603095821200538,0.005156677067466114,0.006468577585700408,1
44085,45,2,2.555458641355959,2.879081311972544,0.32362267061658523,0.21087428114453927,0.0,0.0,0
44085,45,3,2.555458641355959,3.3661597787712623,0.8107011374153035,0.23679892503430372,0.025924643889764454,0.0,0
44085,46,1,3.4600252988920035,3.7960320419319906,0.3360067430399871,0.14442357596185745,0.0,0.006468577585700408,1
44085,46,2,3.4600252988920035,3.767634373623333,0.30760907473132937,0.1445736652339391,0.0001500892720816549,0.0,0
44085,46,3,3.4600252988920035,4.021199151310915,0.5611738524189116,0.17577351483071713,0.03134993886885967,0.0,0
44085,47,1,2.185652316178807,3.691925197260317,1.50627288108151,0.09357321578850564,0.0,0.006468577585700408,1
44085,47,2,2.185652316178807,4.382270937367854,2.196618621189047,0.18082820220441465,0.08725498641590901,0.0,0
44085,47,3,2.185652316178807,4.158117913600075,1.9724655974212686,0.17800414993103,0.08443093414252437,0.0,0
44085,48,1,2.0514518183691544,2.8979356340265805,0.8464838156574261,0.10227503317322338,0.00409411782841726,0.08637281481196038,1
44085,48,2,2.0514518183691544,3.0217566040404575,0.9703047856713032,0.09818091534480612,0.0,0.0,0
44085,48,3,2.0514518183691544,2.848766361817957,0.7973145434488025,0.1070434065040483,0.008862491159242175,0.0,0
44085,49,1,1.9322466006613375,2.5572643949601708,0.6250177942988333,0.14257560532800057,0.009268673452398402,0.08637281481196035,1
44085,49,2,1.9322466006613375,2.520046629170238,0.5878000285089005,0.13330693187560216,0.0,0.0,0
44085,49,3,1.9322466006613375,2.6492447240071324,0.7169981233457949,0.13716002427209584,0.0038530923964936736,0.0,0
44085,50,1,2.3557976482349128,2.563862541877305,0.20806489364239233,0.07705425848939626,0.0,0.08637281481196038,1
44085,50,2,2.3557976482349128,3.1692728647780055,0.8134752165430927,0.0970191902309577,0.019964931741561442,0.0,0
44085,50,3,2.3557976482349128,3.01221413480672,0.6564164865718074,0.10878302587769784,0.031728767388301576,0.0,0
44085,51,1,2.2669168798046293,2.8565969462811918,0.5896800664765625,0.17255319711014175,0.0,0.16402286809893446,1
44085,51,2,2.2669168798046293,2.9063629646658633,0.639446084861234,0.18670451674562677,0.014151319635485021,0.08673239466340127,1
44085,51,3,2.2669168798046293,3.954485715396592,1.687568835591963,0.2321389099547674,0.05958571284462566,0.0,0
44085,52,1,3.3738175622487274,4.5295120225979435,1.155694460349216,0.05808010585344765,0.0,0.16402286809893443,1
44085,52,2,3.3738175622487274,4.374376682204545,1.0005591199558177,0.11753546766566693,0.059455361812219276,0.0867323946634013,1
44085,52,3,3.3738175622487274,6.059998589713368,2.6861810274646407,0.16204209616037699,0.10396199030692933,0.0,0
44085,53,1,1.9201355279648027,2.8270082630543367,0.906872735089534,0.10921482585774364,0.0044529763933818245,0.0,0
44085,53,2,1.9201355279648027,2.9313454548498123,1.0112099268850097,0.10476184946436182,0.0,0.0,0
44085,53,3,1.9201355279648027,2.764925545448144,0.8447900174833411,0.11386538029863784,0.009103530834276022,0.0,0
44085,54,1,15.588129812014085,15.729801197547385,0.14167138553330005,0.1649950149171545,0.0,0.0,0
44085,54,2,15.588129812014085,15.719685866083335,0.1315560540692502,0.16635501674343445,0.0013600018262799607,0.03885976849492706,1
44085,54,3,15.588129812014085,15.742305830375972,0.15417601836188766,0.16940032138872588,0.004405306471571391,0.026332956799094698,1
44085,55,1,15.895170329035455,16.12919741346635,0.23402708443089537,0.10984302029420491,0.0,0.012526811695832363,1
44085,55,2,15.895170329035455,16.11428973292492,0.21911940388946505,0.14930825509694165,0.03946523480273674,0.0,0
44085,55,3,15.895170329035455,17.011197889722276,1.1160275606868204,0.20096070587032583,0.09111768557612092,0.022178696614577414,1
44085,56,1,13.68731996867273,14.125416254099889,0.43809628542715906,0.06697871153373659,0.0,0.0,0
44085,56,2,13.68731996867273,14.04029285169744,0.3529728830247105,0.12545189262850093,0.058473181094764334,0.022178696614577414,1
44085,56,3,13.68731996867273,15.194509311531968,1.5071893428592382,0.16986322905923076,0.10288451752549417,0.022178696614577414,1
44085,57,1,19.59459490247929,19.94215743417862,0.34756253169932805,0.07587488427514018,0.0,0.0,0
44085,57,2,19.59459490247929,20.073847414434564,0.4792525119552735,0.13671686773554093,0.06084198346040075,0.00778697088996097,1
44085,57,3,19.59459490247929,20.017038304501092,0.422443402021802,0.133279846500998,0.05740496222585782,0.01802189899329787,1
44085,58,1,21.802178053969747,22.13125892407017,0.3290808701004231,0.0771891447183807,0.0,0.0,0
44085,58,2,21.802178053969747,22.247217510246134,0.44503945627638686,0.13998487537805074,0.06279573065967003,0.010234928103336885,1
44085,58,3,21.802178053969747,22.228098273198317,0.42592021922856915,0.1399488588925933,0.06275971417421258,0.021338017739790424,1
44085,59,1,10.170170474529018,10.524189090132946,0.35401861560392867,0.1058521336495946,0.008978133658096465,0.0,0
44085,59,2,10.170170474529018,10.739987199219813,0.5698167246907957,0.09687399999149814,0.0,0.03616352400157456,1
44085,59,3,10.170170474529018,10.375358965624262,0.20518849109524417,0.10614434996375169,0.009270349972253553,0.05863305888616595,1
44085,60,1,13.799627420639615,13.991722957981185,0.19209553734157048,0.11975580390607163,0.0,0.0,0
44085,60,2,13.799627420639615,14.085182055087671,0.2855546344480562,0.15708171688139622,0.03732591297532459,0.022469534884591386,1
44085,60,3,13.799627420639615,14.584784974306876,0.7851575536672613,0.19749711432642214,0.07774131042035051,0.022469534884591386,1
44085,61,1,12.658893631810056,12.855984846202123,0.19709121439206712,0.1287271615951742,0.0,0.0,0
44085,61,2,12.658893631810056,13.011267732717794,0.35237410090773835,0.1564995637962652,0.027772402201091007,0.04277291846249768,1
44085,61,3,12.658893631810056,13.91006119820642,1.251167566396365,0.22103613540809078,0.09230897381291658,0.03050525344308886,1
44085,62,1,11.711142414559259,11.837178060060078,0.12603564550081892,0.09083424969113445,0.0,0.012267665019408812,1
44085,62,2,11.711142414559259,12.055913949498528,0.3447715349392695,0.11237809005434769,0.021543840363213246,0.0,0
44085,62,3,11.711142414559259,12.118364422777724,0.407222008218465,0.14489426004313735,0.054060010352002905,0.0,0
44085,63,1,14.835126465609505,14.948850216011092,0.11372375040158644,0.1503138019062231,0.0,0.0,0
44085,63,2,14.835126465609505,14.997400513334366,0.16227404772486054,0.17254817626249067,0.022234374356267572,0.05264427255921994,1
44085,63,3,14.835126465609505,14.990016249974357,0.15488978436485112,0.18224104418765205,0.03192724228142896,0.05264427255921994,1
44086,0,1,1.0508827175484725,1.255679938561232,0.20479722101275954,0.1755103843837008,0.0,0.0,0
44086,0,2,1.0508827175484725,1.1409951647569385,0.090112447208466,0.2103121574935912,0.03480177310989038,0.0,0
44086,0,3,1.0508827175484725,1.3451717191649248,0.29428900161645233,0.18399009209065273,0.008479707706951917,0.0,0
44086,1,1,1.0356087809042163,1.548293966425697,0.5126851855214807,0.18600815945862803,0.002116025837765184,0.0,0
44086,1,2,1.0356087809042163,1.2081910452389502,0.1725822643347339,0.21519634456010409,0.03130421093924124,0.0,0
44086,1,3,1.0356087809042163,1.5594909005145126,0.5238821196102963,0.18389213362086285,0.0,0.0,0
44086,2,1,1.4962670446486097,2.157604857500523,0.6613378128519134,0.1348538526167973,0.009837369909375254,0.0,0
44086,2,2,1.4962670446486097,1.6165680892737875,0.12030104462517777,0.1727318479568497,0.047715365249427655,0.0,0
44086,2,3,1.4962670446486097,2.134267238598654,0.6380001939500444,0.12501648270742205,0.0,0.0,0
44086,3,1,1.1905947128913883,1.3471346269978124,0.1565399141064241,0.16762849935305454,0.0,0.0,0
44086,3,2,1.1905947128913883,1.3165122167985785,0.12591750390719025,0.20021111317401538,0.03258261382096084,0.0,0
44086,3,3,1.1905947128913883,1.4782195954695774,0.2876248825781891,0.17804338815527845,0.01041488880222391,0.0,0
44086,4,1,1.0041840493481817,1.1944599869314019,0.19027593758322014,0.17962830109018793,0.0,0.0,0
44086,4,2,1.0041840493481817,1.0637585967751484,0.05957454742696666,0.21229158309201668,0.03266328200182875,0.0,0
44086,4,3,1.0041840493481817,1.2221692990297537,0.21798524968157196,0.18301596293216382,0.003387661841975892,0.0,0
44086,5,1,1.0127091918322466,1.096979881037339,0.0842706892050924,0.1329932839919575,0.0,0.0,0
44086,5,2,1.0127091918322466,1.135440010796086,0.12273081896383942,0.18249063609345745,0.04949735210149994,0.0,0
44086,5,3,1.0127091918322466,1.1372395133204884,0.12453032148824184,0.1389881631519495,0.005994879159992,0.0,0
44086,6,1,1.7873349132932526,3.8552171612189263,2.0678822479256738,0.13429019615538013,0.01867473032535065,0.09379929987664265,1
44086,6,2,1.7873349132932526,3.898933305975104,2.1115983926818513,0.11856904175134238,0.002953575921312901,0.055597285573849964,1
44086,6,3,1.7873349132932526,2.430362508368737,0.6430275950754845,0.11561546583002948,0.0,0.0,0
44086,7,1,2.008286279104341,2.982188010402362,0.9739017312980209,0.13074323744004174,0.0,0.09379929987664265,1
44086,7,2,2.008286279104341,3.1306571817999376,1.1223709026955966,0.19939140185466683,0.0686481644146251,0.055597285573849964,1
44086,7,3,2.008286279104341,4.06508556549886,2.056799286394519,0.2316956741808661,0.10095243674082435,0.0,0
44086,8,1,1.0575847626908907,1.2402782217089023,0.1826934590180116,0.16469910700487883,0.0,0.0,0
44086,8,2,1.0575847626908907,1.114842710767882,0.05725794807699125,0.19666842727499118,0.031969320270112345,0.0,0
44086,8,3,1.0575847626908907,1.3053817909324177,0.24779702824152694,0.16943738681017675,0.004738279805297924,0.0,0
44086,9,1,3.0364434088227212,3.204733789456244,0.16829038063352275,0.16547602834253058,0.0,0.07166111372662398,1
44086,9,2,3.0364434088227212,3.7273991866822236,0.6909557778595024,0.1798947404694937,0.014418712126963107,0.0,0
44086,9,3,3.0364434088227212,4.196025006692643,1.1595815978699213,0.22323099272796496,0.05775496438543437,0.0,0
44086,10,1,5.605450204610602,5.702990630338255,0.09754042572765353,0.12900391481309267,0.0,0.07166111372662398,1
44086,10,2,5.605450204610602,6.342479859245016,0.7370296546344139,0.13059414507160097,0.0015902302585082961,0.0,0
44086,10,3,5.605450204610602,6.1306170002833476,0.5251667956727459,0.16937848172983763,0.04037456691674496,0.0,0
44086,11,1,2.3173131359325376,2.785267666510676,0.4679545305781385,0.08812759640410858,0.0,0.07166111372662398,1
44086,11,2,2.3173131359325376,3.570579100897833,1.2532659649652955,0.09293906033235673,0.004811463928248147,0.0,0
44086,11,3,2.3173131359325376,3.0974250685542577,0.7801119326217201,0.11446861540990558,0.026341019005796995,0.0,0
44086,12,1,1.0574858276554955,1.3561338568012453,0.29864802914574984,0.15999511069368502,0.0,0.0,0
44086,12,2,1.0574858276554955,1.6750565864289926,0.6175707587734971,0.21764790248249105,0.05765279178880603,0.0,0
44086,12,3,1.0574858276554955,1.7424373965355684,0.6849515688800729,0.16505459557406715,0.005059484880382131,0.0,0
44086,13,1,1.2875509689980276,1.3790623816647272,0.0915114126666996,0.15856031383499528,0.0,0.0,0
44086,13,2,1.2875509689980276,1.3992061359149186,0.11165516691689104,0.18926577387981935,0.03070546004482408,0.0,0
44086,13,3,1.2875509689980276,1.4306879098656797,0.14313694086765216,0.16567795520884643,0.007117641373851152,0.0,0
44086,14,1,0.9729461951824423,1.832645836375765,0.8596996411933227,0.2141683430056514,0.017834594247055524,0.0,0
44086,14,2,0.9729461951824423,1.1756361608661061,0.20268996568366382,0.2359208118450707,0.039587063086474805,0.0,0
44086,14,3,0.9729461951824423,1.2609233053366835,0.2879771101542412,0.19633374875859588,0.0,0.0,0
44086,15,1,1.052981433336432,1.2273774406188482,0.17439600728241622,0.16479801703327035,0.0,0.024774167688768473,1
44086,15,2,1.052981433336432,1.127174581012671,0.07419314767623897,0.192190258583431,0.02739224155016065,0.0,0
44086,15,3,1.052981433336432,1.274151799131637,0.22117036579520488,0.16886515493984341,0.004067137906573065,0.0,0
44086,16,1,1.1665046793826628,1.5748613232453945,0.40835664386273174,0.15216286846995736,0.0002164685844587566,0.0247741676887685,1
44086,16,2,1.1665046793826628,1.9619627543473896,0.7954580749647269,0.1639847999641726,0.012038400078673989,0.0,0
44086,16,3,1.1665046793826628,1.5691231709196658,0.402618491537003,0.1519463998854986,0.0,0.0,0
44086,17,1,1.9865499397476707,2.2576234741030587,0.27107353435538806,0.10050853243925889,0.0,0.024774167688768486,1
44086,17,2,1.9865499397476707,2.5622453410533472,0.5756954013056765,0.13808804396439098,0.03757951152513209,0.0,0
44086,17,3,1.9865499397476707,2.709085754832601,0.7225358150849301,0.13522421185525701,0.034715679415998124,0.0,0
44086,18,1,1.3026209090095684,1.6530368930800587,0.35041598407049035,0.17842848639505254,0.007906441930059294,0.0,0
44086,18,2,1.3026209090095684,1.3711547340595562,0.06853382504998784,0.2039219617845064,0.03339991731951314,0.0,0
44086,18,3,1.3026209090095684,1.5575175675550568,0.2548966585454884,0.17052204446499325,0.0,0.0,0
44086,19,1,0.9863522736618183,1.0829515981113087,0.09659932444949038,0.1636402962542407,0.0,0.0,0
44086,19,2,0.9863522736618183,1.0492341344829708,0.06288186082115244,0.19913385226200261,0.03549355600776191,0.0,0
44086,19,3,0.9863522736618183,1.1439706430531928,0.15761836939137452,0.1705886023738713,0.006948306119630598,0.0,0
44086,20,1,1.1817416019291167,1.27304184591972,0.09130024399060321,0.14026274123487922,0.0,0.0,0
44086,20,2,1.1817416019291167,1.4053191547093884,0.2235775527802717,0.1914871624742459,0.051224421239366685,0.0,0
44086,20,3,1.1817416019291167,1.30821080700961,0.1264692050804932,0.15185715868959637,0.011594417454717149,0.0,0
44086,21,1,0.9489835523884838,1.1015918801043587,0.15260832771587496,0.15956917592745232,0.0,0.0,0
44086,21,2,0.9489835523884838,1.0417037602797738,0.0927202078912901,0.18686977802359797,0.027300602096145654,0.0,0
44086,21,3,0.9489835523884838,1.148946485504771,0.19996293311628732,0.16234929305172086,0.0027801171242685385,0.0,0
44086,22,1,1.1159427753692692,1.4350207321223805,0.31907795675311124,0.1802013604263839,0.0,0.0,0
44086,22,2,1.1159427753692692,1.2173118505246119,0.10136907515534266,0.2229343297065225,0.04273296928013859,0.0,0
44086,22,3,1.1159427753692692,1.6575944347081202,0.541651659338851,0.19401777841756587,0.013816417991181967,0.0,0
44086,23,1,2.4557126233707303,2.935891819281684,0.4801791959109538,0.15132544431304332,0.0,0.0,0
44086,23,2,2.4557126233707303,3.1701862210801184,0.7144735977093881,0.2075547755151561,0.05622933120211279,0.0,0
44086,23,3,2.4557126233707303,3.4880451157694075,1.0323324923986772,0.22748713938777815,0.07616169507473483,0.0,0
44086,24,1,1.1109197957687276,2.376861569976169,1.2659417742074413,0.27384865930546665,0.0,0.06757589937373709,1
44086,24,2,1.1109197957687276,2.4310463549301304,1.3201265591614029,0.3023121486187613,0.028463489313294676,0.0,0
44086,24,3,1.1109197957687276,3.574869015906111,2.4639492201373834,0.3056623785443248,0.031813719238858174,0.0,0
44086,25,1,1.9450425859514542,2.560603428643261,0.6155608426918067,0.178401696044736,0.0,0.06757589937373712,1
44086,25,2,1.9450425859514542,2.6488185586726667,0.7037759727212125,0.22897178786507533,0.050570091820339336,0.0,0
44086,25,3,1.9450425859514542,3.5242572699289654,1.5792146839775112,0.24482362098871377,0.06642192494397778,0.0,0
44086,26,1,2.005183066828744,2.1633259289037445,0.1581428620750005,0.14342198329660594,0.0,0.0675758993737371,1
44086,26,2,2.005183066828744,2.242690228480142,0.23750716165139796,0.1640494474762923,0.02062746417968636,0.0,0
44086,26,3,2.005183066828744,2.44261538257999,0.43743231575124586,0.1685985782088588,0.025176594912252853,0.0,0
44086,27,1,2.562621607022228,2.660180671107032,0.09755906408480408,0.1501063857451357,0.0,0.0,0
44086,27,2,2.562621607022228,2.7412764922118544,0.17865488518962636,0.1797398312443091,0.029633445499173378,0.0,0
44086,27,3,2.562621607022228,2.917667418076573,0.3550458110543451,0.16379543431485408,0.013689048569718365,0.0,0
44086,28,1,0.9324380153535679,1.359503948580843,0.42706593322727504,0.1722543434148026,0.0,0.0,0
44086,28,2,0.9324380153535679,1.0381303758128022,0.10569236045923436,0.2024249158943812,0.030170572479578578,0.0,0
44086,28,3,0.9324380153535679,1.4258122066547478,0.49337419130118,0.1786749329672117,0.006420589552409095,0.0,0
44086,29,1,1.247259228949542,1.3246445910272513,0.07738536207770919,0.16591430071699323,0.0,0.09448844247730603,1
44086,29,2,1.247259228949542,1.437693820965645,0.1904345920161028,0.19393031969375404,0.028016018976760815,0.0,0
44086,29,3,1.247259228949542,1.4023504243527627,0.15509119540322058,0.17345596145213632,0.007541660735143091,0.0,0
44086,30,1,1.3722546267445583,1.5344565165488964,0.16220188980433803,0.16715728699027252,0.0,0.09448844247730606,1
44086,30,2,1.3722546267445583,1.5239269818612244,0.1516723551166661,0.21333388521592034,0.04617659822564782,0.0,0
44086,30,3,1.3722546267445583,1.8416399908651442,0.46938536412058585,0.1699156967102732,0.0027584097200006874,0.0,0
44086,31,1,2.156410056618065,2.2450469616447473,0.0886369050266822,0.14726370659447402,0.0,0.09448844247730606,1
44086,31,2,2.156410056618065,2.5771151463373894,0.4207050897193243,0.19518796430226967,0.04792425770779565,0.0,0
44086,31,3,2.156410056618065,2.911331267823006,0.754921211204941,0.1998857371208734,0.05262203052639938,0.0,0
44086,32,1,1.6126694997733675,2.081774662229559,0.4691051624561915,0.0909712786292045,0.0,0.0,0
44086,32,2,1.6126694997733675,3.200056148277411,1.5873866485040433,0.09275640632997882,0.001785127700774325,0.0,0
44086,32,3,1.6126694997733675,2.897772248596824,1.2851027488234563,0.09739981689316331,0.006428538263958811,0.0,0
44086,33,1,0.9690098110323108,1.9111073704292607,0.94209755939695,0.11168744497923455,0.0012023991112269788,0.0,0
44086,33,2,0.9690098110323108,3.9238515895468553,2.9548417785145444,0.11048504586800757,0.0,0.0,0
44086,33,3,0.9690098110323108,2.802210517554172,1.8332007065218612,0.11381533540882574,0.003330289540818168,0.0,0
44086,34,1,1.1695155298175173,3.309781064106281,2.1402655342887638,0.06922086781739442,0.004133247123761133,0.0,0
44086,34,2,1.1695155298175173,3.130113163267392,1.960597633449875,0.06905111710794563,0.003963496414312345,0.0,0
44086,34,3,1.1695155298175173,2.411903269701913,1.2423877398843957,0.06508762069363329,0.0,0.0,0
44086,35,1,1.2181252154731388,2.012483110010707,0.794357894537568,0.10777115186652766,0.0018630902153334294,0.0,0
44086,35,2,1.2181252154731388,4.040971169367955,2.8228459538948165,0.10590806165119424,0.0,0.0,0
44086,35,3,1.2181252154731388,2.779670453148276,1.5615452376751373,0.11483967780580372,0.008931616154609481,0.0,0
44086,36,1,2.409096795349261,2.691449169372489,0.2823523740232279,0.1100657666914871,0.0,0.0,0
44086,36,2,2.409096795349261,3.47037499881383,1.061278203464569,0.11338606976604208,0.003320303074554984,0.0,0
44086,36,3,2.409096795349261,3.328013928958002,0.9189171336087409,0.12310918037528822,0.013043413683801117,0.0,0
44086,37,1,1.403414855897456,1.9544210357384195,0.5510061798409636,0.06768522500197757,0.0,0.0,0
44086,37,2,1.403414855897456,2.9221014399485794,1.5186865840511234,0.0759749192605315,0.008289694258553928,0.0,0
44086,37,3,1.403414855897456,2.839484599177819,1.436069743280363,0.07741405379615737,0.0097288287941798,0.0,0
44086,38,1,0.880949754709748,1.4596277703580025,0.5786780156482545,0.18994781880088699,0.01000589045597794,0.0,0
44086,38,2,0.880949754709748,0.9650924676506951,0.0841427129409471,0.21394814058725867,0.03400621224234962,0.0,0
44086,38,3,0.880949754709748,1.1689142020712686,0.2879644473615206,0.17994192834490905,0.0,0.0,0
44086,39,1,1.2583496434564412,1.4506460485706574,0.1922964051142162,0.16751430741871806,0.0,0.0,0
44086,39,2,1.2583496434564412,1.406958152697808,0.14860850924136693,0.20251948490570565,0.03500517748698759,0.0,0
44086,39,3,1.2583496434564412,1.4818015252343741,0.22345188177793296,0.17510438374202572,0.00759007632330766,0.0,0
44086,40,1,1.946910235472534,2.321590231656102,0.37467999618356784,0.1626418620934132,0.0,0.0,0
44086,40,2,1.946910235472534,2.8637947675101847,0.9168845320376506,0.1952607253193905,0.03261886322597732,0.0,0
44086,40,3,1.946910235472534,3.3234592675818897,1.3765490321093556,0.2349685809077447,0.0723267188143315,0.0,0
44086,41,1,2.308973625206894,2.518883955690606,0.20991033048371177,0.20311402663522335,0.0,0.0065305711989169235,1
44086,41,2,2.308973625206894,2.721414993856919,0.412441368650025,0.23045147010548234,0.027337443470258987,0.0,0
44086,41,3,2.308973625206894,3.126353557188002,0.8173799319811077,0.23406060070430035,0.030946574069077,0.0,0
44086,42,1,2.9713314101666417,3.1244099054073438,0.15307849524070205,0.13262937316535447,0.0,0.0065305711989169235,1
44086,42,2,2.9713314101666417,3.9319008310687193,0.9605694209020776,0.13955089337366403,0.006921520208309551,0.0,0
44086,42,3,2.9713314101666417,3.7745714200073066,0.8032400098406649,0.1494633288968479,0.016833955731493433,0.0,0
44086,43,1,1.6731709662960852,2.318939491199173,0.645768524903088,0.1204842988099445,0.0,0.0065305711989169235,1
44086,43,2,1.6731709662960852,2.3259439980737637,0.6527730317776785,0.17192239771975307,0.05143809890980856,0.0,0
44086,43,3,1.6731709662960852,3.306120863105426,1.632949896809341,0.2026487687373388,0.0821644699273943,0.0,0
44086,44,1,1.5275754758533222,3.5599598265641306,2.0323843507108084,0.10001434484897628,0.010990562047513058,0.08494173051463537,1
44086,44,2,1.5275754758533222,4.2608235965759125,2.7332481207225903,0.08902378280146322,0.0,0.0,0
44086,44,3,1.5275754758533222,2.548975752173063,1.0214002763197407,0.09798123062422685,0.008957447822763628,0.0,0
44086,45,1,1.2576832748419426,2.7758762816539257,1.518193006811983,0.12362377483102645,0.008198104379609189,0.08494173051463536,1
44086,45,2,1.2576832748419426,3.293204557988024,2.0355212831460814,0.11650604894486254,0.0010803784934452776,0.0,0
44086,45,3,1.2576832748419426,1.8094801398071927,0.55179686496525,0.11542567045141726,0.0,0.0,0
44086,46,1,2.4120882715287286,2.6959707405855413,0.2838824690568127,0.08014123712542076,0.0,0.08494173051463537,1
44086,46,2,2.4120882715287286,3.386041905565585,0.9739536340368562,0.09912773606987241,0.018986498944451646,0.0,0
44086,46,3,2.4120882715287286,3.2908310360596724,0.8787427645309438,0.11566200871798644,0.035520771592565684,0.0,0
44086,47,1,1.4156914431871719,1.9162057810218678,0.5005143378346959,0.1985949019618075,0.004090901836744709,0.16497081866439722,1
44086,47,2,1.4156914431871719,4.021199000628225,2.6055075574410527,0.1945040001250628,0.0,0.08694500837208347,1
44086,47,3,1.4156914431871719,3.3755805367752614,1.9598890935880895,0.22608107923850757,0.03157707911344476,0.0,0
44086,48,1,3.1023977314364943,3.6247389333516473,0.522341201915153,0.07679135585665936,0.0,0.16497081866439722,1
44086,48,2,3.1023977314364943,3.5687188562969134,0.4663211248604191,0.11925697043341517,0.04246561457675581,0.0869450083720835,1
44086,48,3,3.1023977314364943,4.431240473479426,1.3288427420429318,0.16259486613419968,0.08580351027754032,0.0,0
44086,49,1,1.6074574230728331,2.6653239186586193,1.0578664955857862,0.09635229716638842,0.002249937389116441,0.0,0
44086,49,2,1.6074574230728331,4.144650241166255,2.5371928180934225,0.09410235977727198,0.0,0.0,0
44086,49,3,1.6074574230728331,3.0076072255600597,1.4001498024872265,0.09854211234222836,0.0044397525649563785,0.0,0
44086,50,1,1.1400710230693611,1.3517220600912554,0.21165103702189425,0.1772271045479291,0.0060569543393622916,0.09258912210246592,1
44086,50,2,1.1400710230693611,1.2700694681553537,0.12999844508599256,0.20690106121331583,0.03573091100474904,0.0,0
44086,50,3,1.1400710230693611,1.2567922988016096,0.11672127573224844,0.1711701502085668,0.0,0.0,0
44086,51,1,1.277071443777249,3.1329909097084103,1.8559194659311613,0.27034534950265293,0.0,0.09258912210246592,1
44086,51,2,1.277071443777249,3.3006683955750553,2.0235969517978063,0.33957108355990767,0.06922573405725474,0.0,0
44086,51,3,1.277071443777249,4.592409709203423,3.315338265426174,0.3737981353479195,0.10345278584526657,0.0,0
44086,52,1,1.9331553129832375,2.581846411482673,0.6486910984994354,0.13186945259076685,0.0,0.09258912210246592,1
44086,52,2,1.9331553129832375,2.5787870185095514,0.6456317055263139,0.18166092917986412,0.04979147658909727,0.0,0
44086,52,3,1.9331553129832375,3.997679430001238,2.064524117018,0.22344181683725145,0.0915723642464846,0.0,0
44086,53,1,16.875835954396933,17.006987801406588,0.13115184700965443,0.15638593524866562,0.0,0.0,0
44086,53,2,16.875835954396933,17.033444513653908,0.1576085592569747,0.1706495941675643,0.014263658918898692,0.039644332161653334,1
44086,53,3,16.875835954396933,17.072390542955922,0.196554588558989,0.17280484728718892,0.016418912038523303,0.02632917189895989,1
44086,54,1,17.106119298657337,17.304783991254748,0.19866469259741137,0.12810872426422315,0.0,0.013315160262693443,1
44086,54,2,17.106119298657337,17.29459335061579,0.18847405195845468,0.16100401713153922,0.03289529286731607,0.0,0
44086,54,3,17.106119298657337,17.82396682147894,0.7178475228216037,0.20226296454734743,0.07415424028312428,0.02278726604782144,1
44086,55,1,15.000602464050393,15.258863898400946,0.25826143435055293,0.10319257686248051,0.0,0.0,0
44086,55,2,15.000602464050393,15.268269488290764,0.2676670242403709,0.1469345804288283,0.043742003566347776,0.02278726604782145,1
44086,55,3,15.000602464050393,15.914482764530538,0.9138803004801446,0.18854692241967222,0.08535434555719171,0.02278726604782145,1
44086,56,1,22.683159049328335,22.845555601608492,0.16239655228015693,0.10482121727457226,0.0,0.0,0
44086,56,2,22.683159049328335,22.83733284858915,0.1541737992608141,0.13924562865656517,0.03442441138199291,0.007146481795620635,1
44086,56,3,22.683159049328335,22.92710588717851,0.24394683785017435,0.14348237999775254,0.03866116272318028,0.016655438237882347,1
44086,57,1,24.71531441541062,24.8718854126356,0.15657099722497847,0.10202080905270638,0.0,0.0,0
44086,57,2,24.71531441541062,24.870817645845985,0.15550323043536451,0.14139761326678219,0.0393768042140758,0.009508956442261712,1
44086,57,3,24.71531441541062,24.964353096658023,0.24903868124740214,0.14795741076081076,0.045936601708104374,0.020822907363211116,1
44086,58,1,10.360013488263128,10.453714542210136,0.093701053947008,0.08740622573595026,0.0,0.0,0
44086,58,2,10.360013488263128,11.149983713237939,0.7899702249748106,0.08786827987823001,0.00046205414227974695,0.03602019062979406,1
44086,58,3,10.360013488263128,10.694844527937368,0.3348310396742402,0.10033821222027936,0.012931986484329097,0.05822227742743999,1
44086,59,1,14.204163262476843,14.22018175336438,0.016018490887537595,0.15478675108594045,0.0,0.0,0
44086,59,2,14.204163262476843,14.657871304863026,0.45370804238618234,0.16851379432939817,0.01372704324345772,0.02220208679764594,1
44086,59,3,14.204163262476843,14.728818306944524,0.5246550444676803,0.20361977541216283,0.048833024326222385,0.02220208679764594,1
44086,60,1,13.037091917684771,13.084221483887637,0.0471295662028659,0.1585954796399783,0.0,0.0,0
44086,60,2,13.037091917684771,13.397345156927264,0.36025323924249264,0.18732387987515886,0.028728400235180557,0.04197318410639854,1
44086,60,3,13.037091917684771,13.86315431940569,0.8260624017209182,0.23439988388482746,0.07580440424484916,0.030240721222341005,1
44086,61,1,12.162786246742181,12.196671330760477,0.03388508401829604,0.1047645087658913,0.0,0.011732462884057535,1
44086,61,2,12.162786246742181,12.530782096077278,0.367995849335097,0.12625984453569078,0.02149533576979948,0.0,0
44086,61,3,12.162786246742181,12.507931365888924,0.34514511914674273,0.14841452707555353,0.043650018309662225,0.0,0
44086,62,1,15.349248278498587,15.378221211200673,0.028972932702085785,0.16959201902618135,0.0,0.0,0
44086,62,2,15.349248278498587,15.66351383720652,0.31426555870793216,0.181794813916402,0.012202794890220664,0.052032117810847114,1
44086,62,3,15.349248278498587,15.667447587004151,0.3181993085055641,0.20367802849694835,0.03408600947076701,0.052032117810847114,1
44087,0,1,1.5388634908625956,1.8947877147935834,0.3559242239309879,0.11188584159878391,0.0,0.0,0
44087,0,2,1.5388634908625956,2.0292661526743507,0.4904026618117552,0.1214020601671843,0.00951621856840039,0.0,0
44087,0,3,1.5388634908625956,2.0677135570363907,0.5288500661737952,0.11608163757088631,0.004195795972102401,0.0,0
44087,1,1,1.1556630523143485,1.4037142397944553,0.2480511874801068,0.13911801082094802,0.0,0.0,0
44087,1,2,1.1556630523143485,1.6278798499751546,0.47221679766080604,0.1435913396382829,0.004473328817334893,0.0,0
44087,1,3,1.1556630523143485,1.480844058001988,0.3251810056876394,0.14914970847136874,0.010031697650420723,0.0,0
44087,2,1,0.9765740855454883,1.288753702510458,0.31217961696496976,0.15119395923654896,0.0,0.0,0
44087,2,2,0.9765740855454883,1.3240005748195358,0.3474264892740475,0.1525597994946748,0.0013658402581258333,0.0,0
44087,2,3,0.9765740855454883,1.3015339714526561,0.32495988590716784,0.15609515452791353,0.0049011952913645684,0.0,0
44087,3,1,0.9843040825831768,1.2278669953219625,0.24356291273878572,0.10165388220241939,0.0,0.0,0
44087,3,2,0.9843040825831768,1.5572316204813803,0.5729275378982035,0.12246076723656604,0.020806885034146655,0.0,0
44087,3,3,0.9843040825831768,1.728013353371616,0.7437092707884392,0.12217105354369902,0.02051717134127963,0.0,0
44087,4,1,1.7441657725943056,2.2317174655427197,0.48755169294841405,0.09825969320250792,0.0,0.05530864287413306,1
44087,4,2,1.7441657725943056,2.6724431017897707,0.9282773291954651,0.09910121304348339,0.0008415198409754687,0.0,0
44087,4,3,1.7441657725943056,2.3183217381039682,0.5741559655096626,0.1067016713244322,0.008441978121924279,0.0,0
44087,5,1,2.2546439553291053,2.563561188919092,0.3089172335899866,0.07497128360985235,0.0,0.05530864287413306,1
44087,5,2,2.2546439553291053,2.8285526931501024,0.573908737820997,0.09294133224488373,0.017970048635031377,0.0,0
44087,5,3,2.2546439553291053,2.7803712038502475,0.5257272485211422,0.10838594455863793,0.03341466094878558,0.0,0
44087,6,1,2.1367220355144156,2.3081431770902805,0.17142114157586485,0.09195964259750143,0.0,0.05530864287413308,1
44087,6,2,2.1367220355144156,2.655680367835936,0.5189583323215206,0.09929606268312104,0.007336420085619605,0.0,0
44087,6,3,2.1367220355144156,2.3572728561446454,0.2205508206302298,0.11137898340780128,0.01941934081029985,0.0,0
44087,7,1,1.0019274840215302,1.310089233664226,0.3081617496426958,0.1337085162394266,0.0,0.0,0
44087,7,2,1.0019274840215302,1.3522078459451146,0.35028036192358436,0.13423516012677125,0.0005266438873446633,0.0,0
44087,7,3,1.0019274840215302,1.365273811957469,0.3633463279359388,0.13763153576038353,0.003923019520956944,0.0,0
44087,8,1,3.1089750580322866,3.510079390045115,0.40110433201282847,0.1282138840784998,0.0059787618859248465,0.0,0
44087,8,2,3.1089750580322866,3.717159622812891,0.6081845647806046,0.12223512219257494,0.0,0.0,0
44087,8,3,3.1089750580322866,3.7068333511503226,0.5978582931180361,0.15111288116186178,0.028877758969286835,0.0,0
44087,9,1,5.65730532685717,6.058469484382127,0.40116415752495715,0.12089338023683863,0.007029808267001794,0.0,0
44087,9,2,5.65730532685717,6.04150416101321,0.38419883415603984,0.11386357196983683,0.0,0.0,0
44087,9,3,5.65730532685717,5.921350475530348,0.2640451486731781,0.121427108147089,0.007563536177252167,0.0,0
44087,10,1,2.2017798469388454,2.6338855918120374,0.432105744873192,0.09044274273639061,0.0,0.0,0
44087,10,2,2.2017798469388454,3.101906532678918,0.9001266857400725,0.09213358379176721,0.0016908410553766046,0.0,0
44087,10,3,2.2017798469388454,2.9618174107933304,0.760037563854485,0.09628558525049272,0.005842842514102109,0.0,0
44087,11,1,1.0458769868805378,1.6282235949740063,0.5823466080934685,0.1614265091080129,0.0,0.0,0
44087,11,2,1.0458769868805378,2.4312669383769867,1.385389951496449,0.20526524109059216,0.04383873198257926,0.0,0
44087,11,3,1.0458769868805378,2.14182006230327,1.0959430754227324,0.2008415654566458,0.039415056348632904,0.0,0
44087,12,1,1.2650293242762936,1.4917313015174813,0.2267019772411878,0.13770232740135413,0.0,0.0,0
44087,12,2,1.2650293242762936,1.672088414241399,0.4070590899651054,0.14492290076304087,0.007220573361686744,0.0,0
44087,12,3,1.2650293242762936,1.5484864051600755,0.28345708088378196,0.14736892036726323,0.009666592965909104,0.0,0
44087,13,1,0.9658803625986643,1.3864645598660128,0.4205841972673485,0.1613603799805358,0.00783081122160409,0.0,0
44087,13,2,0.9658803625986643,1.3667710320922697,0.4008906694936054,0.1535295687589317,0.0,0.0,0
44087,13,3,0.9658803625986643,1.5662307207941737,0.6003503581955094,0.15708320577995866,0.0035536370210269563,0.0,0
44087,14,1,1.061245096424249,1.4250059607317695,0.3637608643075205,0.13911137175097682,0.0,0.024573550100918717,1
44087,14,2,1.061245096424249,2.134494918616773,1.073249822192524,0.14311257082376538,0.004001199072788564,0.0,0
44087,14,3,1.061245096424249,1.8197788141434388,0.7585337177191898,0.1402045665845372,0.0010931948335603792,0.0,0
44087,15,1,1.1910595409134253,1.8856327233911336,0.6945731824777084,0.15147471379764066,0.004618236903514733,0.024573550100918717,1
44087,15,2,1.1910595409134253,1.676160318715936,0.4851007778025107,0.14685647689412593,0.0,0.0,0
44087,15,3,1.1910595409134253,1.7094683280681546,0.5184087871547294,0.15173169810310555,0.004875221208979624,0.0,0
44087,16,1,2.067149129231743,2.4791780782853596,0.4120289490536164,0.09375630161831981,0.0,0.024573550100918704,1
44087,16,2,2.067149129231743,2.529542491936435,0.46239336270469167,0.126406644846387,0.03265034322806719,0.0,0
44087,16,3,2.067149129231743,2.841009068246064,0.7738599390143208,0.13979940807849206,0.04604310646017225,0.0,0
44087,17,1,1.2499138905860554,2.1935875527076396,0.9436736621215842,0.15698054531255526,0.0060829499610762505,0.0,0
44087,17,2,1.2499138905860554,1.8738440291696379,0.6239301385835825,0.150897595351479,0.0,0.0,0
44087,17,3,1.2499138905860554,2.2312704444246005,0.9813565538385451,0.15118790809626437,0.0002903127447853593,0.0,0
44087,18,1,0.931771919288936,1.7506383799763203,0.8188664606873843,0.1362152272339735,0.00035679409315603205,0.0,0
44087,18,2,0.931771919288936,1.5346930062879234,0.6029210869989874,0.13585843314081747,0.0,0.0,0
44087,18,3,0.931771919288936,1.2596797971992906,0.3279078779103546,0.14080409412881922,0.004945660988001754,0.0,0
44087,19,1,1.178671396644238,1.4301281110821589,0.25145671443792095,0.10392627993442641,0.0,0.0,0
44087,19,2,1.178671396644238,1.685847308048092,0.5071759114038541,0.12818283912914288,0.024256559194716476,0.0,0
44087,19,3,1.178671396644238,1.7004281215991228,0.5217567249548849,0.13392589758653395,0.02999961765210754,0.0,0
44087,20,1,0.9256851226654913,1.6935105343918935,0.7678254117264022,0.13761180179323312,0.0034621831094114874,0.0,0
44087,20,2,0.9256851226654913,1.2732921781782909,0.3476070555127996,0.1347397036287931,0.0005900849449714529,0.0,0
44087,20,3,0.9256851226654913,1.951293757658886,1.0256086349933948,0.13414961868382164,0.0,0.0,0
44087,21,1,1.1093898221809835,1.9100033306085842,0.8006135084276007,0.17742972678919217,0.0,0.0,0
44087,21,2,1.1093898221809835,2.0572975198247674,0.9479076976437839,0.19024644832519097,0.012816721535998804,0.0,0
44087,21,3,1.1093898221809835,2.2990840270967325,1.189694204915749,0.19541956093799306,0.0179898341488009,0.0,0
44087,22,1,2.5557367710505066,2.727875501180301,0.1721387301297943,0.1010814165862781,0.0,0.0,0
44087,22,2,2.5557367710505066,2.7862687407337363,0.23053196968322975,0.1260047404666662,0.024923323880388107,0.0,0
44087,22,3,2.5557367710505066,2.882523064583017,0.32678629353251054,0.1388352317226863,0.0377538151364082,0.0,0
44087,23,1,1.0967010189180795,2.616937277699776,1.5202362587816967,0.2140599960672005,0.014597717406771488,0.06433150120129438,1
44087,23,2,1.0967010189180795,2.2465346936644925,1.149833674746413,0.199462278660429,0.0,0.0,0
44087,23,3,1.0967010189180795,2.3458895452574597,1.2491885263393803,0.2427427667856117,0.0432804881251827,0.0,0
44087,24,1,1.9195741659935355,2.8433530317761915,0.923778865782656,0.12538569873580926,0.0,0.06433150120129433,1
44087,24,2,1.9195741659935355,2.825968353968065,0.9063941879745296,0.1457520768395646,0.020366378103755328,0.0,0
44087,24,3,1.9195741659935355,4.0902192922426615,2.170645126249126,0.1939027229306012,0.06851702419479194,0.0,0
44087,25,1,2.1132832856876718,2.4694268825749406,0.3561435968872688,0.13318419269534876,0.0,0.06433150120129434,1
44087,25,2,2.1132832856876718,2.9449621973036257,0.831678911615954,0.13657947744976112,0.0033952847544123643,0.0,0
44087,25,3,2.1132832856876718,3.7930887996203895,1.6798055139327177,0.13341231000380804,0.0002281173084592858,0.0,0
44087,26,1,2.633468051059946,2.9333609405867165,0.2998928895267703,0.12972299176697713,0.0,0.0,0
44087,26,2,2.633468051059946,3.1653789032845325,0.5319108522245863,0.13761284643362562,0.007889854666648488,0.0,0
44087,26,3,2.633468051059946,2.845418223503602,0.21195017244365566,0.1388600006261794,0.009137008859202267,0.0,0
44087,27,1,0.9301801180259484,1.592117649603973,0.6619375315780247,0.1476536547677691,0.0,0.0,0
44087,27,2,0.9301801180259484,2.236371131407809,1.3061910133818608,0.1496097496100005,0.001956094842231415,0.0,0
44087,27,3,0.9301801180259484,1.6643537568804387,0.7341736388544904,0.14938659371323315,0.0017329389454640576,0.0,0
44087,28,1,1.2004160993066257,1.455006338956418,0.2545902396497923,0.13809909615370006,0.0,0.0,0
44087,28,2,1.2004160993066257,1.6990069365134441,0.4985908372068184,0.146477916995488,0.008378820841787954,0.0,0
44087,28,3,1.2004160993066257,1.5681651969326516,0.3677490976260258,0.14920789871704515,0.011108802563345094,0.0,0
44087,29,1,1.383697892363532,1.738190638757689,0.3544927463941572,0.1416859160954213,0.0,0.0,0
44087,29,2,1.383697892363532,1.8497092314179149,0.46601133905438297,0.16596690316269413,0.02428098706727283,0.0,0
44087,29,3,1.383697892363532,2.0997532513231993,0.7160553589596674,0.17012471612099034,0.028438800025569033,0.0,0
44087,30,1,2.0220408716194096,2.1321780325508555,0.11013716093144588,0.09962792487575421,0.0,0.0,0
44087,30,2,2.0220408716194096,2.3232345083418435,0.30119363672243393,0.1204069282180185,0.02077900334226429,0.0,0
44087,30,3,2.0220408716194096,2.4379618572854573,0.41592098566604774,0.11862381074043242,0.018995885864678208,0.0,0
44087,31,1,1.6274078807184658,2.743296300550649,1.1158884198321835,0.09397592264278225,0.006081596640080039,0.0,0
44087,31,2,1.6274078807184658,2.629560693161811,1.0021528124433454,0.08789432600270221,0.0,0.0,0
44087,31,3,1.6274078807184658,2.392177883201186,0.7647700024827204,0.08966616693361414,0.0017718409309119276,0.0,0
44087,32,1,0.9623925651828997,2.2641796486654053,1.3017870834825056,0.10577037984627628,0.002645639108289091,0.0,0
44087,32,2,0.9623925651828997,1.9102617211325446,0.9478691559496448,0.10312474073798719,0.0,0.0,0
44087,32,3,0.9623925651828997,1.8800088387588416,0.9176162735759419,0.10737560318916221,0.004250862451175022,0.0,0
44087,33,1,1.1594440881412638,1.927224362764387,0.7677802746231233,0.06135141927034804,0.0,0.0,0
44087,33,2,1.1594440881412638,2.6504517211696723,1.4910076330284086,0.06434951003836245,0.002998090768014411,0.0,0
44087,33,3,1.1594440881412638,2.3911196243354524,1.2316755361941887,0.06670522775445263,0.005353808484104591,0.0,0
44087,34,1,1.1755297213421836,2.5103785209582448,1.3348487996160612,0.10148327977031626,0.006466139543285732,0.0,0
44087,34,2,1.1755297213421836,2.0760508717812627,0.9005211504390791,0.0963355704913609,0.0013184302643303725,0.0,0
44087,34,3,1.1755297213421836,2.562235012933093,1.3867052915909095,0.09501714022703053,0.0,0.0,0
44087,35,1,2.499207683792117,3.081449927735645,0.582242243943528,0.10618032882809189,0.0024457848599028637,0.0,0
44087,35,2,2.499207683792117,3.4475212288245887,0.9483135450324718,0.10373454396818903,0.0,0.0,0
44087,35,3,2.499207683792117,2.9685550368624276,0.4693473530703107,0.10907691042839132,0.005342366460202294,0.0,0
44087,36,1,1.384439022127187,2.041371063120672,0.6569320409934851,0.05732915443757797,0.0,0.0,0
44087,36,2,1.384439022127187,2.5842325904529737,1.1997935683257868,0.05816481972483364,0.00083566528725567,0.0,0
44087,36,3,1.384439022127187,2.553940982369496,1.169501960242309,0.05756940200555555,0.00024024756797758062,0.0,0
44087,37,1,0.8515717165028993,1.4667468004110695,0.6151750839081702,0.15762270343442183,0.007928794992268035,0.0,0
44087,37,2,0.8515717165028993,1.3101524321645497,0.4585807156616504,0.1496939084421538,0.0,0.0,0
44087,37,3,0.8515717165028993,1.5110541706140364,0.659482454111137,0.1547601687116659,0.005066260269512096,0.0,0
44087,38,1,1.23183618933695,1.501542679198921,0.269706489861971,0.12838826049674013,0.0,0.0,0
44087,38,2,1.23183618933695,1.7638364162233349,0.5320002268863848,0.13879806329796116,0.01040980280122103,0.0,0
44087,38,3,1.23183618933695,1.5166993082585973,0.2848631189216473,0.13957422118213636,0.011185960685396235,0.0,0
44087,39,1,1.844716718690762,1.9662965219180215,0.12157980322725948,0.11944808731412737,0.0,0.0,0
44087,39,2,1.844716718690762,2.639302977488639,0.7945862587978771,0.128096617120418,0.008648529806290634,0.0,0
44087,39,3,1.844716718690762,2.374919288571186,0.5302025698804238,0.14541931858768709,0.025971231273559714,0.0,0
44087,40,1,2.2799347925007423,3.1586125358138615,0.8786777433131192,0.20907244718626902,0.0,0.005330958186838097,1
44087,40,2,2.2799347925007423,3.3516273931255824,1.0716926006248402,0.22731675877036786,0.018244311584098838,0.0,0
44087,40,3,2.2799347925007423,3.1978672078608166,0.9179324153600743,0.2508260198628794,0.04175357267661037,0.0,0
44087,41,1,3.094961700703954,3.284964702429773,0.19000300172581897,0.13134411816109223,0.0,0.005330958186838097,1
44087,41,2,3.094961700703954,3.3169428209084857,0.22198112020453165,0.14735089904753484,0.016006780886442612,0.0,0
44087,41,3,3.094961700703954,3.4153523974474327,0.32039069674347864,0.15895646892385204,0.027612350762759807,0.0,0
44087,42,1,1.7016886757904501,2.11525128583489,0.41356261004444006,0.10396624889478637,0.0,0.005330958186838097,1
44087,42,2,1.7016886757904501,2.4649127281592245,0.7632240523687743,0.1399003272906865,0.035934078395900126,0.0,0
44087,42,3,1.7016886757904501,2.3095871537874535,0.6078984779970034,0.1461218759979309,0.04215562710314452,0.0,0
44087,43,1,1.4914010950737389,2.951310695258301,1.4599096001845622,0.09513280903126003,0.008010605553926506,0.0,0
44087,43,2,1.4914010950737389,2.705868402709685,1.214467307635946,0.08712220347733353,0.0,0.0,0
44087,43,3,1.4914010950737389,2.203754917379607,0.7123538223058681,0.09564441572524932,0.008522212247915786,0.0,0
44087,44,1,1.2620669762144776,1.961848461866948,0.6997814856524704,0.11505067623750641,0.004294531575339197,0.0,0
44087,44,2,1.2620669762144776,1.983155736063702,0.7210887598492244,0.11262538521367339,0.0018692405515061822,0.0,0
44087,44,3,1.2620669762144776,2.1468724421632257,0.8848054659487481,0.11075614466216721,0.0,0.0,0
44087,45,1,2.292136473697849,2.6040704710027454,0.31193399730489624,0.07082102124589151,0.0,0.0,0
44087,45,2,2.292136473697849,2.828443118007011,0.5363066443091618,0.08885285415395683,0.018031832908065315,0.0,0
44087,45,3,2.292136473697849,2.8109301156628823,0.5187936419650332,0.09618664591544292,0.025365624669551404,0.0,0
44087,46,1,1.4020093947608316,2.239552782507416,0.8375433877465843,0.15483635382205524,0.0031953234405922015,0.16462561664905093,1
44087,46,2,1.4020093947608316,2.145973261256642,0.7439638664958101,0.15164103038146304,0.0,0.08696441560211557,1
44087,46,3,1.4020093947608316,2.462735733072514,1.0607263383116825,0.18663646677135431,0.03499543638989128,0.0,0
44087,47,1,3.209323080471924,4.123963931641481,0.914640851169557,0.06238551533363979,0.0,0.16462561664905095,1
44087,47,2,3.209323080471924,3.8400894527105494,0.6307663722386252,0.1038821754386976,0.04149666010505781,0.0869644156021156,1
44087,47,3,3.209323080471924,5.028352903518995,1.8190298230470705,0.13227540690079606,0.06988989156715628,0.0,0
44087,48,1,1.5392776318148969,2.0133070079965742,0.4740293761816774,0.09400303895098704,0.0,0.0,0
44087,48,2,1.5392776318148969,2.4032840287050314,0.8640063968901346,0.09420852598259029,0.000205487031603252,0.0,0
44087,48,3,1.5392776318148969,2.077235726496171,0.5379580946812743,0.10300521979990243,0.009002180848915395,0.0,0
44087,49,1,1.1427756767812163,1.7778687972362561,0.6350931204550399,0.14948265463746874,0.0,0.0942900989820992,1
44087,49,2,1.1427756767812163,1.7190577382597099,0.5762820614784936,0.15078727643132117,0.001304621793852434,0.0,0
44087,49,3,1.1427756767812163,1.6574093582720475,0.5146336814908312,0.15260598040527426,0.0031233257678055237,0.0,0
44087,50,1,1.2642980746618935,2.3751131314016294,1.110815056739736,0.16648994521204286,0.0,0.09429009898209917,1
44087,50,2,1.2642980746618935,2.4810291125297255,1.216731037867832,0.18584264395832667,0.019352698746283814,0.0,0
44087,50,3,1.2642980746618935,3.847609853256691,2.5833117785947977,0.23510605040791166,0.0686161051958688,0.0,0
44087,51,1,1.808026128447026,1.9415541761822506,0.13352804773522453,0.1151938517962978,0.0,0.09429009898209918,1
44087,51,2,1.808026128447026,2.079244889845909,0.271218761398883,0.12901265081889332,0.013818799022595515,0.0,0
44087,51,3,1.808026128447026,2.0269027576983953,0.2188766292513693,0.13323109684186862,0.01803724504557082,0.0,0
44087,52,1,1.302782048442588,1.9174990459549481,0.6147169975123601,0.1014820548934942,0.0,0.0,0
44087,52,2,1.302782048442588,1.99038529805845,0.6876032496158619,0.1022638303118051,0.0007817754183108983,0.0,0
44087,52,3,1.302782048442588,2.127485800375868,0.8247037519332798,0.10274900321505098,0.001266948321556785,0.0,0
44087,53,1,16.936636360868746,17.16674785363379,0.23011149276504383,0.1153775968606285,0.0,0.0,0
44087,53,2,16.936636360868746,17.285707180664012,0.34907081979526566,0.1607605416106034,0.04538294474997491,0.04009752713471795,1
44087,53,3,16.936636360868746,17.38307066559688,0.4464343047281325,0.16878869994002574,0.05341110307939724,0.02653010394628874,1
44087,54,1,17.18557776253116,17.39858647277171,0.21300871024055112,0.08743052368770167,0.0,0.013567423188429226,1
44087,54,2,17.18557776253116,17.352529445155618,0.16695168262445748,0.11539595978913265,0.027965436101430985,0.0,0
44087,54,3,17.18557776253116,17.731127747290977,0.5455499847598162,0.1456284609258437,0.058197937238142025,0.02374255087543646,1
44087,55,1,15.111223321323283,15.298072348592033,0.18684902726874952,0.06397007184940408,0.0,0.0,0
44087,55,2,15.111223321323283,15.314643413211325,0.20342009188804155,0.08268841411964281,0.018718342270238733,0.023742550875436454,1
44087,55,3,15.111223321323283,15.349724401508137,0.23850108018485372,0.09449428509323403,0.03052421324382995,0.023742550875436454,1
44087,56,1,22.757706343603076,22.957311389745925,0.19960504614284957,0.10793138953649574,0.0,0.005515053157659433,1
44087,56,2,22.757706343603076,23.000056711913636,0.24235036831056078,0.14453473261454552,0.036603343078049785,0.0,0
44087,56,3,22.757706343603076,23.047728966471645,0.2900226228685696,0.15052367653617293,0.042592286999677195,0.009168047952337832,1
44087,57,1,24.78221476816132,25.0014646526679,0.21924988450657779,0.10311991354953885,0.0,0.0,0
44087,57,2,24.78221476816132,25.041614607326828,0.259399839165507,0.1461827501816115,0.04306283663207265,0.009168047952337818,1
44087,57,3,24.78221476816132,25.125524214174646,0.34330944601332547,0.1537308335801888,0.050610920030649945,0.020754068661057237,1
44087,58,1,10.413487720151318,10.591575143871388,0.17808742372007025,0.0640174946490313,0.0,0.0,0
44087,58,2,10.413487720151318,10.649178087467599,0.23569036731628046,0.09519857533634657,0.031181080687315274,0.03810204390286519,1
44087,58,3,10.413487720151318,10.638860045246641,0.22537232509532323,0.10194669615325758,0.03792920150422628,0.06096024638075345,1
44087,59,1,14.266908589931921,14.356020863729281,0.08911227379735998,0.07232339177651265,0.0,0.0,0
44087,59,2,14.266908589931921,14.474853257332384,0.20794466740046325,0.10291397650619628,0.030590584729683637,0.022858202477888275,1
44087,59,3,14.266908589931921,14.46786760026022,0.20095901032829921,0.12193207736945552,0.049608685592942875,0.022858202477888275,1
44087,60,1,13.135572883579488,13.264207898575583,0.1286350149960942,0.06341915258693945,0.0,0.0,0
44087,60,2,13.135572883579488,13.413115519118486,0.27754263553899783,0.09269353063058992,0.029274378043650476,0.04351555236143599,1
44087,60,3,13.135572883579488,13.450851586167335,0.31527870258784674,0.12152477870098681,0.05810562611404736,0.03201876950681712,1
44087,61,1,12.230639125237769,12.410672855293337,0.1800337300555679,0.06087777753880139,0.0,0.011496782854618866,1
44087,61,2,12.230639125237769,12.462197762625623,0.2315586373878542,0.09764801350657679,0.03677023596777539,0.0,0
44087,61,3,12.230639125237769,12.662113110114925,0.43147398487715627,0.12553441512843555,0.06465663758963416,0.0,0
44087,62,1,15.372571173626346,15.43319564116627,0.0606244675399239,0.12712063770737983,0.0,0.0,0
44087,62,2,15.372571173626346,15.512758123359655,0.1401869497333088,0.15701763824849987,0.029897000541120045,0.05307914682512331,1
44087,62,3,15.372571173626346,15.477046801764368,0.10447562813802236,0.161246159664882,0.03412552195750218,0.05307914682512331,1
44088,0,1,1.1410713347580772,1.4390676548581536,0.2979963201000764,0.11897161521471525,0.0,0.0,0
44088,0,2,1.1410713347580772,1.5618743327140414,0.4208029979559642,0.13234378016302753,0.013372164948312282,0.0,0
44088,0,3,1.1410713347580772,1.6407887927422575,0.4997174579841803,0.144638896554234,0.02566728133951876,0.0,0
44088,1,1,0.9648433194453192,3.194717941327459,2.2298746218821397,0.21885146647405007,0.014708173448102352,0.0,0
44088,1,2,0.9648433194453192,1.5910506586536162,0.626207339208297,0.21511712231508204,0.010973829289134318,0.0,0
44088,1,3,0.9648433194453192,3.2329494928636455,2.2681061734183263,0.20414329302594772,0.0,0.0,0
44088,2,1,0.9795549620055704,1.1512269121612047,0.1716719501556343,0.1012010523780913,0.0,0.0,0
44088,2,2,0.9795549620055704,1.2037786188475572,0.22422365684198686,0.14680001588361186,0.04559896350552056,0.0,0
44088,2,3,0.9795549620055704,1.2539864440291657,0.27443148202359535,0.15890948872852137,0.057708436350430076,0.0,0
44088,3,1,1.7387298662504471,2.0248651895161083,0.28613532326566116,0.1185550399681274,0.0,0.0908043059650937,1
44088,3,2,1.7387298662504471,2.2556867551080138,0.5169568888575666,0.13041694110471216,0.011861901136584765,0.05441532339484967,1
44088,3,3,1.7387298662504471,2.254821163234859,0.516091296984412,0.14727560530876777,0.028720565340640367,0.0,0
44088,4,1,2.2546201198520928,2.749583177063055,0.49496305721096245,0.11304282743023317,0.0,0.09080430596509367,1
44088,4,2,2.2546201198520928,2.9290527001697884,0.6744325803176956,0.13877709510754588,0.02573426767731271,0.05441532339484967,1
44088,4,3,2.2546201198520928,2.8324219647155466,0.5778018448634539,0.15542301073309914,0.04238018330286597,0.0,0
44088,5,1,0.9817663988599692,1.383214154239091,0.4014477553791218,0.11530789380397896,0.0,0.0,0
44088,5,2,0.9817663988599692,1.3959929845166457,0.41422658565667647,0.1312514273709798,0.015943533567000845,0.0,0
44088,5,3,0.9817663988599692,1.6180394737624582,0.636273074902489,0.14334125339536924,0.028033359591390278,0.0,0
44088,6,1,3.027432683192747,3.172013407715469,0.1445807245227222,0.15125042705362307,0.0,0.0,0
44088,6,2,3.027432683192747,3.282751362667234,0.2553186794744873,0.15825941574606206,0.007008988692438989,0.0,0
44088,6,3,3.027432683192747,3.424448412423692,0.3970157292309451,0.17870877597043217,0.027458348916809094,0.0,0
44088,7,1,5.6767786957572595,5.770261537886883,0.09348284212962366,0.12378834033215855,0.0,0.0,0
44088,7,2,5.6767786957572595,5.847430180260416,0.17065148450315615,0.13636576493591424,0.012577424603755688,0.0,0
44088,7,3,5.6767786957572595,5.861633702591913,0.1848550068346535,0.165931180128125,0.04214283979596645,0.0,0
44088,8,1,2.0759760148876483,4.764129933609964,2.688153918722316,0.14406182974349,0.02381526141898241,0.0,0
44088,8,2,2.0759760148876483,3.2228240744165637,1.1468480595289154,0.12945561925834403,0.009209050933836449,0.0,0
44088,8,3,2.0759760148876483,5.201318500665822,3.125342485778174,0.12024656832450759,0.0,0.0,0
44088,9,1,1.0251216834964123,1.2319376200095966,0.2068159365131843,0.1620178752519866,0.0,0.0,0
44088,9,2,1.0251216834964123,1.453185234254915,0.42806355075850266,0.20433780070785063,0.04231992545586402,0.0,0
44088,9,3,1.0251216834964123,1.3452757071431034,0.3201540236466911,0.2236422022938484,0.0616243270418618,0.0,0
44088,10,1,1.2390230131921869,1.4464730916840824,0.20745007849189556,0.1175770026098835,0.0,0.0,0
44088,10,2,1.2390230131921869,1.560664161626999,0.32164114843481206,0.13388735763920379,0.01631035502932028,0.0,0
44088,10,3,1.2390230131921869,1.56405586356264,0.32503285037045315,0.14938181360375985,0.031804810993876345,0.0,0
44088,11,1,0.9632145754240099,1.2660816156113337,0.3028670401873238,0.18053885582014775,0.0,0.0,0
44088,11,2,0.9632145754240099,1.4117595178053386,0.4485449423813287,0.18992244992864377,0.009383594108496013,0.0,0
44088,11,3,0.9632145754240099,1.3156119397747896,0.35239736435077973,0.22259521785484038,0.042056362034692624,0.0,0
44088,12,1,1.0472018031608181,1.307659782935167,0.2604579797743489,0.1359880135116603,0.0,0.023453757487343768,1
44088,12,2,1.0472018031608181,1.3601608237604084,0.31295902059959024,0.15003889536100037,0.014050881849340086,0.0,0
44088,12,3,1.0472018031608181,1.2948054664804474,0.24760366331962924,0.17199615523984252,0.03600814172818223,0.0,0
44088,13,1,1.15670558976873,1.482475640452696,0.32577005068396603,0.19345723134679935,0.0,0.02345375748734374,1
44088,13,2,1.15670558976873,1.7385316599981468,0.5818260702294169,0.19557369467104663,0.002116463324247281,0.0,0
44088,13,3,1.15670558976873,1.4607181721768607,0.3040125824081308,0.22632187133506423,0.03286463998826489,0.0,0
44088,14,1,2.254070556392957,2.7959798850883844,0.5419093286954273,0.09952396276371843,0.0,0.023453757487343754,1
44088,14,2,2.254070556392957,2.7234569957863597,0.46938643939340263,0.17654319312063893,0.0770192303569205,0.0,0
44088,14,3,2.254070556392957,2.8044529690154594,0.5503824126225023,0.2016607253629815,0.10213676259926306,0.0,0
44088,15,1,1.243213109074733,1.5309043499958697,0.28769124092113674,0.14754524915242795,0.0,0.0,0
44088,15,2,1.243213109074733,1.7632472841447637,0.5200341750700308,0.14982419543319803,0.0022789462807700778,0.0,0
44088,15,3,1.243213109074733,1.6451078418588558,0.4018947327841229,0.16299437422392185,0.015449125071493902,0.0,0
44088,16,1,0.9257555631708062,1.3706941604011291,0.4449385972303229,0.1181334053905836,0.0,0.0,0
44088,16,2,0.9257555631708062,1.4360913527695913,0.5103357895987851,0.12937834884360552,0.011244943453021919,0.0,0
44088,16,3,0.9257555631708062,1.5630775944615265,0.6373220312907203,0.14271338584511903,0.024579980454535424,0.0,0
44088,17,1,1.1653330097561123,1.396007881924367,0.23067487216825477,0.11901402697340788,0.0,0.0,0
44088,17,2,1.1653330097561123,1.4493785884138135,0.2840455786577012,0.16657961916103722,0.047565592187629346,0.0,0
44088,17,3,1.1653330097561123,1.3868636706574484,0.2215306609013361,0.18261106012011016,0.06359703314670229,0.0,0
44088,18,1,0.9200550188783507,1.3040688200958024,0.38401380121745166,0.11836868562039612,0.0,0.0996466877950439,1
44088,18,2,0.9200550188783507,1.316891762678895,0.39683674380054423,0.13526639580774766,0.016897710187351533,0.0,0
44088,18,3,0.9200550188783507,1.352566713172372,0.43251169429402125,0.1503636968473846,0.03199501122698847,0.0,0
44088,19,1,1.099832801968072,1.2605363683043318,0.1607035663362597,0.17274816940080429,0.0,0.09964668779504388,1
44088,19,2,1.099832801968072,1.3794906644194795,0.27965786245140745,0.1933835466258579,0.020635377225053625,0.0,0
44088,19,3,1.099832801968072,1.2916481223213467,0.19181532035327464,0.22117484711085172,0.04842667771004744,0.0,0
44088,20,1,2.738740388267886,3.179670262481244,0.4409298742133583,0.09219440769432334,0.0,0.09964668779504388,1
44088,20,2,2.738740388267886,3.1083566733249675,0.36961628505708166,0.15669414883460067,0.06449974114027733,0.0,0
44088,20,3,2.738740388267886,3.0962520862025174,0.35751169793463156,0.17596496285671998,0.08377055516239663,0.0,0
44088,21,1,1.1309747135682202,1.5911187169879955,0.46014400341977524,0.20384131776266387,0.0,0.0611558013022791,1
44088,21,2,1.1309747135682202,1.5269016052647726,0.3959268916965524,0.2305780352709877,0.02673671750832382,0.0,0
44088,21,3,1.1309747135682202,1.7798789943615247,0.6489042807933045,0.2631993184007779,0.059358000638114056,0.0,0
44088,22,1,1.9711579449739332,2.251814510668404,0.28065656569447084,0.20768734624716767,0.0,0.0611558013022791,1
44088,22,2,1.9711579449739332,2.422524245136562,0.4513663001626287,0.24986520943278018,0.04217786318561251,0.0,0
44088,22,3,1.9711579449739332,2.370226162845328,0.3990682178713949,0.26157285119197216,0.053885504944804485,0.0,0
44088,23,1,2.352123933977848,2.425064685944437,0.072940751966589,0.14149949213017968,0.0,0.061155801302279114,1
44088,23,2,2.352123933977848,2.52398017293934,0.17185623896149194,0.20099567122911385,0.05949617909893418,0.0,0
44088,23,3,2.352123933977848,2.467984670729501,0.11586073675165265,0.21364078967673603,0.07214129754655635,0.0,0
44088,24,1,2.6119672595221686,2.764944114641787,0.15297685511961845,0.12238235409321747,0.0,0.0,0
44088,24,2,2.6119672595221686,2.806865622504477,0.19489836298230845,0.14008426096414459,0.01770190687092711,0.0,0
44088,24,3,2.6119672595221686,2.854867603150594,0.24290034362842539,0.17099475458523963,0.04861240049202216,0.0,0
44088,25,1,0.9217731516558398,1.406126155036827,0.4843530033809871,0.157927778318434,0.0,0.0,0
44088,25,2,0.9217731516558398,1.5078962059508503,0.5861230542950104,0.1767731223079379,0.01884534398950391,0.0,0
44088,25,3,0.9217731516558398,1.3922912897879105,0.47051813813207066,0.2065672114035757,0.04863943308514171,0.0,0
44088,26,1,1.1889981754343242,1.289292870907431,0.10029469547310677,0.13327248446556578,0.0,0.0,0
44088,26,2,1.1889981754343242,1.365885052135171,0.1768868767008469,0.15728821950112432,0.02401573503555854,0.0,0
44088,26,3,1.1889981754343242,1.3976662415632548,0.20866806612893063,0.1811935267945153,0.04792104232894953,0.0,0
44088,27,1,1.3280818562835166,1.549999608242293,0.2219177519587765,0.14344168238428454,0.0,0.0,0
44088,27,2,1.3280818562835166,1.6156004094272682,0.28751855314375163,0.19207890076572373,0.048637218381439196,0.0,0
44088,27,3,1.3280818562835166,1.5278425170620888,0.19976066077857224,0.20533364130125636,0.06189195891697183,0.0,0
44088,28,1,2.0396214262510424,2.240563217559598,0.20094179130855583,0.0996469796634281,0.0,0.0,0
44088,28,2,2.0396214262510424,2.297900723137597,0.2582792968865548,0.14181597878433266,0.04216899912090456,0.0,0
44088,28,3,2.0396214262510424,2.431542594628806,0.3919211683777637,0.14456436335746886,0.04491738369404076,0.0,0
44088,29,1,1.6140550616861156,1.7504678615201859,0.1364127998340703,0.10854799095807692,0.0,0.0,0
44088,29,2,1.6140550616861156,2.462630792503652,0.8485757308175363,0.14686266009612142,0.0383146691380445,0.0,0
44088,29,3,1.6140550616861156,2.2030528356857886,0.588997773999673,0.1454848211777631,0.036936830219686176,0.0,0
44088,30,1,0.9338395204441282,1.4200951799194894,0.4862556594753612,0.1423058297403045,0.0,0.0,0
44088,30,2,0.9338395204441282,1.555004119205389,0.6211645987612607,0.16943467632342807,0.02712884658312356,0.0,0
44088,30,3,0.9338395204441282,1.4072210153172438,0.47338149487311554,0.1804713118204783,0.038165482080173785,0.0,0
44088,31,1,1.140890568205919,1.452697352603872,0.31180678439795306,0.0979429144470577,0.0,0.0,0
44088,31,2,1.140890568205919,1.5597329898389842,0.4188424216330653,0.13631589808132544,0.038372983634267735,0.0,0
44088,31,3,1.140890568205919,1.8161542032472897,0.6752636350413708,0.1382342762167607,0.04029136176970301,0.0,0
44088,32,1,1.1515754266467821,3.296187402109596,2.144611975462814,0.19818985916235243,0.01492659025523324,0.0,0
44088,32,2,1.1515754266467821,1.613434677151514,0.46185925050473187,0.19329840350655172,0.010035134599432532,0.0,0
44088,32,3,1.1515754266467821,3.3190232096996284,2.1674477830528462,0.1832632689071192,0.0,0.0,0
44088,33,1,2.4698862114766262,2.588348643246783,0.11846243177015658,0.1355621214557833,0.0,0.0,0
44088,33,2,2.4698862114766262,2.6037882659693126,0.13390205449268633,0.15511232514020049,0.019550203684417178,0.0,0
44088,33,3,2.4698862114766262,2.642791534960221,0.17290532348359466,0.1755112458602791,0.0399491244044958,0.0,0
44088,34,1,1.2259034760119323,1.6155487937458601,0.38964531773392785,0.12064911991307713,0.0,0.0,0
44088,34,2,1.2259034760119323,1.8900341900341011,0.6641307140221688,0.13678354063033282,0.016134420717255696,0.0,0
44088,34,3,1.2259034760119323,1.7499191455597298,0.5240156695477975,0.15554403080583873,0.0348949108927616,0.0,0
44088,35,1,0.8525438720598121,1.317586569521873,0.46504269746206084,0.14967947733396073,0.0,0.0,0
44088,35,2,0.8525438720598121,1.3619280837170311,0.509384211657219,0.16075928790934263,0.011079810575381904,0.0,0
44088,35,3,0.8525438720598121,1.4119322969164272,0.5593884248566151,0.16934370352447187,0.01966422619051114,0.0,0
44088,36,1,1.2143361378129214,1.4337923743771381,0.21945623656421676,0.14152697247869864,0.0,0.0,0
44088,36,2,1.2143361378129214,1.5904513303696355,0.3761151925567141,0.1785560593110913,0.03702908683239267,0.0,0
44088,36,3,1.2143361378129214,1.678121942032319,0.46378580421939763,0.22047894814251362,0.07895197566381498,0.0,0
44088,37,1,1.7694778840102394,1.9084391177475744,0.13896123373733493,0.11232620665702028,0.0,0.0,0
44088,37,2,1.7694778840102394,1.9573534150163971,0.18787553100615773,0.1671084723417135,0.054782265684693215,0.0,0
44088,37,3,1.7694778840102394,1.950692103129274,0.18121421911903468,0.1822983135520192,0.06997210689499891,0.0,0
44088,38,1,2.218565413345474,2.5588642214816444,0.3402988081361702,0.213917145094656,0.0,0.003550277025101689,0
44088,38,2,2.218565413345474,2.5586592414856653,0.34009382814019107,0.22171606121741097,0.007798916122754962,0.0,0
44088,38,3,2.218565413345474,2.650264780244336,0.431699366898862,0.248869107065165,0.03495196197050898,0.0,0
44088,39,1,3.0650152273694347,3.2462363542561716,0.18122112688673697,0.11328150602946307,0.0,0.003550277025101689,0
44088,39,2,3.0650152273694347,3.285594989607766,0.22057976223833142,0.14041579432634016,0.027134288296877085,0.0,0
44088,39,3,3.0650152273694347,3.2766117998916826,0.21159657252224795,0.16116371834939153,0.04788221231992845,0.0,0
44088,40,1,2.181288878069034,2.519077566664566,0.33778868859553235,0.19117921439249333,0.0,0.003550277025101703,0
44088,40,2,2.181288878069034,2.940198009852744,0.7589091317837102,0.24005440129098143,0.048875186898488104,0.0,0
44088,40,3,2.181288878069034,3.160107238763426,0.9788183606943921,0.22796915902972797,0.036789944637234645,0.0,0
44088,41,1,1.47184282398707,2.344383144601335,0.872540320614265,0.09304035564716123,0.0011354279831940761,0.0,0
44088,41,2,1.47184282398707,2.8204436289904904,1.3486008050034204,0.09190492766396716,0.0,0.0,0
44088,41,3,1.47184282398707,2.5989914377946755,1.1271486138076054,0.10218835974699735,0.010283432083030189,0.0,0
44088,42,1,1.2417234379963642,1.734432456187136,0.49270901819077184,0.13400277336804006,0.0,0.0,0
44088,42,2,1.2417234379963642,1.8810637117535758,0.6393402737572116,0.14016406060781483,0.006161287239774771,0.0,0
44088,42,3,1.2417234379963642,1.7955652464961465,0.5538418084997823,0.15973308112497728,0.025730307756937215,0.0,0
44088,43,1,2.5028951033720537,3.187628986892868,0.6847338835208143,0.05952195391410973,0.0,0.0,0
44088,43,2,2.5028951033720537,3.675304988646625,1.1724098852745715,0.072457612446971,0.012935658532861279,0.0,0
44088,43,3,2.5028951033720537,3.796935614790975,1.2940405114189213,0.07733227721357756,0.017810323299467835,0.0,0
44088,44,1,1.4319870345410357,1.9538250091803882,0.5218379746393524,0.1636632185011005,0.0,0.16267261034222988,1
44088,44,2,1.4319870345410357,2.0771217208911237,0.645134686350088,0.17444309506402897,0.010779876562928475,0.08600745592716538,1
44088,44,3,1.4319870345410357,2.0026570865505335,0.5706700520094978,0.19594938034121884,0.032286161840118344,0.0,0
44088,45,1,2.824035864549466,3.3559768174161553,0.5319409528666892,0.07783247855154755,0.0,0.1626726103422299,1
44088,45,2,2.824035864549466,3.2623340999243395,0.43829823537487345,0.1349563729186548,0.057123894367107256,0.08600745592716535,1
44088,45,3,2.824035864549466,3.2692179947063797,0.44518213015691366,0.16266711155666855,0.084834633005121,0.0,0
44088,46,1,1.5164634414093057,2.379606078617197,0.8631426372078914,0.09488585753278324,0.0012052321072737043,0.0,0
44088,46,2,1.5164634414093057,2.8612903476784943,1.3448269062691887,0.09368062542550953,0.0,0.0,0
44088,46,3,1.5164634414093057,2.5692031599798577,1.052739718570552,0.10596539487607246,0.012284769450562921,0.0,0
44088,47,1,1.1598607142030162,1.429238064470524,0.26937735026750786,0.18869350167040982,0.0,0.09502900163033366,1
44088,47,2,1.1598607142030162,1.4333995199984433,0.2735388057954271,0.21252725911012954,0.023833757439719716,0.0,0
44088,47,3,1.1598607142030162,1.5611041959292884,0.4012434817262722,0.24614728775278524,0.05745378608237542,0.0,0
44088,48,1,1.2756001761115932,1.8694103264038169,0.5938101502922237,0.186723337225002,0.0,0.09502900163033366,1
44088,48,2,1.2756001761115932,1.8431855748260753,0.5675853987144821,0.22965900042772755,0.042935663202725544,0.0,0
44088,48,3,1.2756001761115932,1.9363374185446727,0.6607372424330795,0.2554828344003277,0.0687594971753257,0.0,0
44088,49,1,1.7947234738400422,2.2083118237655115,0.41358834992546933,0.18744499512449683,0.0,0.09502900163033366,1
44088,49,2,1.7947234738400422,2.7196607523870964,0.9249372785470542,0.24175197272768656,0.05430697760318973,0.0,0
44088,49,3,1.7947234738400422,2.6033327749527286,0.8086093011126865,0.2383389684422752,0.05089397331777837,0.0,0
44088,50,1,1.2630476354473186,2.8153993563534554,1.5523517209061368,0.10051124425849871,0.0065424122589138045,0.0,0
44088,50,2,1.2630476354473186,2.6246121539664324,1.3615645185191139,0.0939688319995849,0.0,0.0,0
44088,50,3,1.2630476354473186,2.486244399465563,1.2231967640182444,0.10258252404485875,0.008613692045273846,0.0,0
44088,51,1,1.797752962769006,2.5862033916119325,0.7884504288429264,0.09600321145925884,0.0028139163530362526,0.0,0
44088,51,2,1.797752962769006,3.097797975959133,1.3000450131901269,0.09318929510622259,0.0,0.0,0
44088,51,3,1.797752962769006,2.8056267278084186,1.0078737650394125,0.1033321059415078,0.010142810835285204,0.0,0
44088,52,1,1.5515801188307594,3.5030917915847732,1.9515116727540138,0.1195004534303107,0.012012850187096247,0.0,0
44088,52,2,1.5515801188307594,2.676858769844794,1.1252786510140345,0.10748760324321445,0.0,0.0,0
44088,52,3,1.5515801188307594,2.949185646511565,1.3976055276808057,0.11418445689681461,0.006696853653600163,0.0,0
44088,53,1,1.613333641178626,3.9676215323105497,2.3542878911319236,0.0819970830412162,0.005694287802906345,0.0,0
44088,53,2,1.613333641178626,3.305417096573746,1.69208345539512,0.07630279523830985,0.0,0.0,0
44088,53,3,1.613333641178626,3.8237979753648785,2.2104643341862524,0.07682098008379377,0.0005181848454839239,0.0,0
44088,54,1,16.982521957775365,17.12841755681702,0.14589559904165483,0.1603682584354439,0.0,0.0,0
44088,54,2,16.982521957775365,17.129049129106505,0.14652717133114024,0.17063358381690572,0.010265325381461826,0.04145654122034545,1
44088,54,3,16.982521957775365,17.144825993085142,0.1623040353097771,0.16739723289686342,0.007028974461419535,0.02729223526187502,1
44088,55,1,17.25016524776372,17.42038591995277,0.1702206721890498,0.10609275968325038,0.0,0.014164305958470444,1
44088,55,2,17.25016524776372,17.297582177836997,0.04741693007327541,0.13859286413589988,0.0325001044526495,0.0,0
44088,55,3,17.25016524776372,17.532377204498157,0.2822119567344359,0.1733978638629286,0.06730510417967822,0.025030515899975195,1
44088,56,1,15.12760837147863,15.343281170536107,0.2156727990574776,0.06157598311951664,0.0,0.0,0
44088,56,2,15.12760837147863,15.254484468979493,0.1268760975008636,0.08192689532604717,0.020350912206530535,0.025030515899975188,1
44088,56,3,15.12760837147863,15.336034492918833,0.208426121440203,0.09020333329801873,0.02862735017850209,0.025030515899975188,1
44088,57,1,22.96149768902054,23.078187416005818,0.11668972698527824,0.15670398640391653,0.0,0.006036658640076242,1
44088,57,2,22.96149768902054,23.084595562259832,0.123097873239292,0.16889944644811103,0.0121954600441945,0.0,0
44088,57,3,22.96149768902054,23.09614530184345,0.13464761282290993,0.16311460685247325,0.006410620448556725,0.008483627277795641,1
44088,58,1,25.13609061344295,25.249432575258012,0.11334196181506329,0.15749664393639873,0.0,0.0,0
44088,58,2,25.13609061344295,25.258446786351065,0.12235617290811618,0.17564127002498872,0.018144626088589993,0.008483627277795641,1
44088,58,3,25.13609061344295,25.260945917420877,0.12485530397792743,0.16803353300080875,0.010536889064410027,0.019508938151395067,1
44088,59,1,10.455909226083802,10.511759631330511,0.05585040524670859,0.07992006096915161,0.0,0.0,0
44088,59,2,10.455909226083802,10.598657292338794,0.1427480662549918,0.09532040243481897,0.015400341465667364,0.038320533715544614,1
44088,59,3,10.455909226083802,10.589816965257663,0.13390773917386056,0.10913992699285602,0.02921986602370441,0.061522530591559585,1
44088,60,1,14.247153131954814,14.270213478279931,0.02306034632511711,0.10411009523724205,0.0,0.0,0
44088,60,2,14.247153131954814,14.315968215081373,0.06881508312655882,0.1322253676107164,0.02811527237347436,0.023201996876014968,1
44088,60,3,14.247153131954814,14.273251205687803,0.02609807373298878,0.15283344326558654,0.04872334802834449,0.023201996876014968,1
44088,61,1,13.189837755698187,13.225256132959137,0.03541837726094954,0.07939233244236941,0.0,0.0,0
44088,61,2,13.189837755698187,13.30458326421901,0.11474550852082288,0.10493082360979618,0.025538491167426763,0.04386174536053123,1
44088,61,3,13.189837755698187,13.2447718402824,0.05493408458421278,0.1259924696871616,0.046600137244792186,0.03211727925312322,1
44088,62,1,12.107215348268822,12.158783500943354,0.051568152674532186,0.07659503029192354,0.0,0.011744466107408015,1
44088,62,2,12.107215348268822,12.258567416078389,0.151352067809567,0.09990949500771229,0.023314464715788755,0.0,0
44088,62,3,12.107215348268822,12.188152846264433,0.08093749799561145,0.12071693572973362,0.04412190543781008,0.0,0
44088,63,1,15.412498489894293,15.525089237793548,0.1125907478992545,0.15381861218049175,0.0,0.0,0
44088,63,2,15.412498489894293,15.520240582381842,0.10774209248754829,0.16755182787278905,0.013733215692297296,0.05387597396703707,1
44088,63,3,15.412498489894293,15.567747499884655,0.15524900999036184,0.16857735129771276,0.014758739117221004,0.05387597396703707,1
44089,0,1,1.0341568044635696,1.3443324794010088,0.31017567493743914,0.09413606725332246,0.0,0.0,0
44089,0,2,1.0341568044635696,1.4150633840912676,0.380906579627698,0.1294352810129242,0.03529921375960174,0.0,0
44089,0,3,1.0341568044635696,1.6435949486466168,0.6094381441830472,0.11322875055821405,0.019092683304891583,0.0,0
44089,1,1,1.8122287145618543,1.9724741675588366,0.16024545299698234,0.11257255444966932,0.0,0.08882377031467165,1
44089,1,2,1.8122287145618543,2.4514077201055726,0.6391790055437183,0.13725875936776832,0.024686204918099003,0.05266823712912222,1
44089,1,3,1.8122287145618543,2.3223803994309735,0.5101516848691192,0.14564558896660415,0.03307303451693483,0.0,0
44089,2,1,2.4529339683977556,3.031067745289276,0.5781337768915202,0.1294837255427588,0.0,0.08882377031467165,1
44089,2,2,2.4529339683977556,3.213844190659381,0.7609102222616255,0.1759569377346866,0.04647321219192779,0.05266823712912219,1
44089,2,3,2.4529339683977556,3.2527385196103524,0.7998045512125969,0.1945236852572508,0.065039959714492,0.0,0
44089,3,1,0.9895036765808494,2.1089117336487697,1.1194080570679203,0.11771683152833111,0.0024978572435937485,0.0,0
44089,3,2,0.9895036765808494,2.0446085488540473,1.055104872273198,0.11521897428473736,0.0,0.0,0
44089,3,3,0.9895036765808494,2.0819214345322927,1.0924177579514434,0.11832456752954776,0.003105593244810398,0.0,0
44089,4,1,3.3082341003632223,3.722391163651738,0.41415706328851565,0.2025592650070807,0.005312704008906571,0.06962260339981716,1
44089,4,2,3.3082341003632223,3.8402261259133894,0.5319920255501671,0.19724656099817414,0.0,0.0,0
44089,4,3,3.3082341003632223,3.913888842878653,0.6056547425154308,0.2415063272908264,0.04425976629265227,0.0,0
44089,5,1,5.5614570388198725,5.898243889906686,0.3367868510868135,0.15347159427931323,0.0,0.06962260339981716,1
44089,5,2,5.5614570388198725,5.868539967547189,0.3070829287273167,0.1699775262036575,0.01650593192434427,0.0,0
44089,5,3,5.5614570388198725,6.146381834338706,0.5849247955188339,0.21694237352980583,0.0634707792504926,0.0,0
44089,6,1,2.429874855162203,5.010893942160347,2.581019086998144,0.1577503627421433,0.05134402959029247,0.06962260339981716,1
44089,6,2,2.429874855162203,3.2695155565505587,0.8396407013883556,0.12483964837405387,0.01843331522220304,0.0,0
44089,6,3,2.429874855162203,3.936546506936808,1.5066716517746048,0.10640633315185083,0.0,0.0,0
44089,7,1,1.0771123149749324,1.5072594895174611,0.4301471745425287,0.17722543896752724,0.0,0.0,0
44089,7,2,1.0771123149749324,1.5090462773556117,0.43193396238067927,0.2019442238527814,0.02471878488525417,0.0,0
44089,7,3,1.0771123149749324,1.9013405084396595,0.8242281934647271,0.21636490857298624,0.039139469605459,0.0,0
44089,8,1,1.0566275111194452,2.0402311532264035,0.9836036421069583,0.12474652932908913,0.004572325214373174,0.0,0
44089,8,2,1.0566275111194452,1.7976096637266195,0.7409821526071743,0.12017420411471595,0.0,0.0,0
44089,8,3,1.0566275111194452,2.1307691627423813,1.074141651622936,0.12547493293697407,0.005300728822258113,0.0,0
44089,9,1,0.9799122132683478,1.2445473677503136,0.26463515448196584,0.17422470968117137,0.0,0.0,0
44089,9,2,0.9799122132683478,1.4832663451004091,0.5033541318320613,0.18292641298159695,0.008701703300425578,0.0,0
44089,9,3,0.9799122132683478,1.655970793138022,0.6760585798696743,0.18685701409656955,0.012632304415398171,0.0,0
44089,10,1,1.063373224813898,1.8087421747042214,0.7453689498903233,0.12112124760963867,0.0,0.02446273726308551,1
44089,10,2,1.063373224813898,2.0086546885292407,0.9452814637153426,0.1384966895321375,0.017375441922498833,0.0,0
44089,10,3,1.063373224813898,1.889506510724169,0.826133285910271,0.13605375460715785,0.014932506997519177,0.0,0
44089,11,1,1.145940986536824,2.3231448134657984,1.1772038269289744,0.22062531125022505,0.01740636133626286,0.02446273726308551,1
44089,11,2,1.145940986536824,2.3389582980450174,1.1930173115081935,0.2063951581248102,0.0031762082108480194,0.0,0
44089,11,3,1.145940986536824,1.9128530148636145,0.7669120283267905,0.2032189499139622,0.0,0.0,0
44089,12,1,2.5100621219488195,3.804673380259328,1.2946112583105087,0.09424915612731945,0.0,0.02446273726308551,1
44089,12,2,2.5100621219488195,3.953637597006002,1.4435754750571825,0.16242193251631015,0.0681727763889907,0.0,0
44089,12,3,2.5100621219488195,4.023618013479088,1.5135558915302685,0.18492271000757982,0.09067355388026037,0.0,0
44089,13,1,1.2882438193470476,1.853973949304525,0.5657301299574775,0.14406943759426824,0.014418338827135474,0.0,0
44089,13,2,1.2882438193470476,2.027339327388,0.7390955080409523,0.12976498988002313,0.00011389111289036857,0.0,0
44089,13,3,1.2882438193470476,1.7156184705166033,0.42737465116955575,0.12965109876713277,0.0,0.0,0
44089,14,1,0.8486056492090398,1.8211064633962664,0.9725008141872266,0.1245540211220564,0.008475208409269713,0.0,0
44089,14,2,0.8486056492090398,1.6293340317912635,0.7807283825822237,0.12092141380299302,0.004842601090206344,0.0,0
44089,14,3,0.8486056492090398,1.6246512408814333,0.7760455916723935,0.11607881271278668,0.0,0.0,0
44089,15,1,1.2426343224692622,1.475013268302261,0.23237894583299878,0.11579223627991816,0.0,0.0,0
44089,15,2,1.2426343224692622,1.5102838271202916,0.26764950465102944,0.16302328862316204,0.04723105234324387,0.0,0
44089,15,3,1.2426343224692622,1.644310870892791,0.40167654842352873,0.1566441927511417,0.04085195647122353,0.0,0
44089,16,1,0.8961940710019742,1.802349162055189,0.9061550910532148,0.1256570375856188,0.009660988495757541,0.10025281291832741,1
44089,16,2,0.8961940710019742,1.8302742872288789,0.9340802162269046,0.11599604908986126,0.0,0.0,0
44089,16,3,0.8961940710019742,1.813856983550857,0.9176629125488827,0.11726603477359171,0.0012699856837304485,0.0,0
44089,17,1,1.1532366877414675,1.4036128091239313,0.2503761213824638,0.16705697071035433,0.0,0.1002528129183274,1
44089,17,2,1.1532366877414675,1.6736268379425223,0.5203901502010548,0.17534826223646685,0.00829129152611252,0.0,0
44089,17,3,1.1532366877414675,1.9005346341344804,0.747297946393013,0.17104049603986804,0.00398352532951371,0.0,0
44089,18,1,2.7336354576131376,3.3519529100596017,0.6183174524464641,0.11209166150996952,0.0,0.10025281291832738,1
44089,18,2,2.7336354576131376,3.591519979298165,0.8578845216850275,0.1611598098500339,0.04906814834006437,0.0,0
44089,18,3,2.7336354576131376,3.292850325749184,0.5592148681360465,0.17464804044525759,0.06255637893528807,0.0,0
44089,19,1,1.1886494311645452,2.1413050520484225,0.9526556208838772,0.2243629121898036,0.0,0.06109695696929274,1
44089,19,2,1.1886494311645452,2.4628382962151334,1.2741888650505881,0.23903017367221285,0.014667261482409266,0.0,0
44089,19,3,1.1886494311645452,3.115837892356461,1.927188461191916,0.2682241260516789,0.0438612138618753,0.0,0
44089,20,1,2.0538365944011767,3.170398588682776,1.1165619942815992,0.20896429305613998,0.0,0.06109695696929274,1
44089,20,2,2.0538365944011767,3.2193579649277546,1.165521370526578,0.2574799683402864,0.04851567528414644,0.0,0
44089,20,3,2.0538365944011767,4.034150358980365,1.9803137645791882,0.2866673562211217,0.07770306316498174,0.0,0
44089,21,1,2.314412266241742,2.7097159241466753,0.3953036579049334,0.1674458861068232,0.0,0.06109695696929275,1
44089,21,2,2.314412266241742,2.817484280966874,0.5030720147251322,0.17333831131571317,0.005892425208889968,0.0,0
44089,21,3,2.314412266241742,3.078191680868946,0.7637794146272041,0.18830676445826858,0.020860878351445372,0.0,0
44089,22,1,2.596261642319606,3.0576689027831807,0.4614072604635746,0.1378878831907403,0.0,0.0,0
44089,22,2,2.596261642319606,3.187743852792761,0.591482210473155,0.1436678131371349,0.005779929946394591,0.0,0
44089,22,3,2.596261642319606,2.900325735741144,0.30406409342153795,0.16277940865287643,0.024891525462136133,0.0,0
44089,23,1,0.9173254945855266,1.6750230906534618,0.7576975960679352,0.1486704929843661,0.0,0.0,0
44089,23,2,0.9173254945855266,1.7569430693843497,0.8396175747988232,0.1657608346154834,0.017090341631117306,0.0,0
44089,23,3,0.9173254945855266,1.9112699763561327,0.9939444817706061,0.18151606530686645,0.03284557232250035,0.0,0
44089,24,1,1.1674469064739346,1.5801395944833572,0.4126926880094226,0.1382015429067018,0.0,0.0919779117125023,1
44089,24,2,1.1674469064739346,1.9838046996847438,0.8163577932108093,0.1405087381846065,0.0023071952779046834,0.0,0
44089,24,3,1.1674469064739346,1.755688254205015,0.5882413477310804,0.15775645109607878,0.01955490818937697,0.0,0
44089,25,1,1.3715900731058444,1.5953521707030238,0.22376209759717947,0.14491115162268745,0.0,0.0919779117125023,1
44089,25,2,1.3715900731058444,2.040317267759059,0.6687271946532145,0.17387047235821168,0.028959320735524235,0.0,0
44089,25,3,1.3715900731058444,1.935888571622612,0.5642984985167676,0.16940019968806272,0.024489048065375274,0.0,0
44089,26,1,2.3184963550928783,2.8111933420193216,0.49269698692644326,0.11435829658094383,0.0,0.09197791171250233,1
44089,26,2,2.3184963550928783,3.0301440245651285,0.7116476694722502,0.1289167369048792,0.01455844032393537,0.0,0
44089,26,3,2.3184963550928783,3.4164138609504056,1.0979175058575272,0.1325812814213942,0.01822298484045036,0.0,0
44089,27,1,1.6067720291979264,2.017132692102968,0.4103606629050416,0.13831935039607096,0.0,0.0,0
44089,27,2,1.6067720291979264,2.2513630738761057,0.6445910446781793,0.13950190618191072,0.0011825557858397562,0.0,0
44089,27,3,1.6067720291979264,1.855543142381191,0.2487711131832646,0.15670174274949225,0.01838239235342129,0.0,0
44089,28,1,0.9961946312709576,1.6080661620536727,0.6118715307827151,0.12772547829680683,0.0,0.0,0
44089,28,2,0.9961946312709576,1.888353140961657,0.8921585096906993,0.16363473954397834,0.0359092612471715,0.0,0
44089,28,3,0.9961946312709576,1.9118864878889568,0.9156918566179991,0.16750662323621587,0.03978114493940904,0.0,0
44089,29,1,1.2289061125199274,1.851743965989351,0.6228378534694237,0.10513765361527373,0.0,0.0,0
44089,29,2,1.2289061125199274,1.9686290307079932,0.7397229181880658,0.1395609046875207,0.03442325107224696,0.0,0
44089,29,3,1.2289061125199274,2.2466685559373936,1.0177624434174661,0.13904758015615706,0.03390992654088333,0.0,0
44089,30,1,1.0881247169057908,1.7696080793510425,0.6814833624452517,0.18611943989412355,0.009654824745210094,0.0,0
44089,30,2,1.0881247169057908,2.0407876953015682,0.9526629783957774,0.17646461514891346,0.0,0.0,0
44089,30,3,1.0881247169057908,2.05102428853135,0.9628995716255591,0.18421741849062648,0.0077528033417130215,0.0,0
44089,31,1,2.4504609012315903,2.97730246454612,0.5268415633145298,0.1464877795891534,0.0,0.0,0
44089,31,2,2.4504609012315903,3.044121826287249,0.5936609250556586,0.16967780201361463,0.02319002242446122,0.0,0
44089,31,3,2.4504609012315903,3.1425399374820846,0.6920790362504943,0.19925982891465754,0.05277204932550414,0.0,0
44089,32,1,1.3557219982760675,1.8470328952023274,0.49131089692625984,0.13745907991788606,0.0,0.0,0
44089,32,2,1.3557219982760675,1.9574780768358058,0.6017560785597382,0.17080384077462535,0.03334476085673929,0.0,0
44089,32,3,1.3557219982760675,2.1556446973734333,0.7999226990973658,0.14837410159570377,0.010915021677817716,0.0,0
44089,33,1,0.8018498967661867,1.6925144446137235,0.8906645478475368,0.14737030625291006,0.016177922007254486,0.09254933359740611,1
44089,33,2,0.8018498967661867,1.4836494445879835,0.6817995478217969,0.138013901807215,0.006821517561559437,0.0,0
44089,33,3,0.8018498967661867,1.5064265669335277,0.704576670167341,0.13119238424565557,0.0,0.0,0
44089,34,1,1.2333166455079294,1.4542996061503994,0.22098296064247003,0.12840281297420916,0.0,0.09254933359740611,1
44089,34,2,1.2333166455079294,1.9975498247465122,0.7642331792385828,0.16811251435725943,0.03970970138305027,0.0,0
44089,34,3,1.2333166455079294,1.9863721993875039,0.7530555538795745,0.16995513158021827,0.04155231860600911,0.0,0
44089,35,1,2.263950021405045,3.367462081527634,1.103512060122589,0.1532559988655248,0.004701301873135971,0.09254933359740611,1
44089,35,2,2.263950021405045,3.7508090771220957,1.4868590557170505,0.14855469699238882,0.0,0.0,0
44089,35,3,2.263950021405045,3.3404990813781836,1.0765490599731384,0.1560020718421338,0.007447374849744975,0.0,0
44089,36,1,2.3450134481302634,2.947968591498755,0.6029551433684914,0.2031808170154951,0.004102975131896114,0.003247044610747263,0
44089,36,2,2.3450134481302634,3.0013483297844807,0.6563348816542174,0.19907784188359898,0.0,0.0,0
44089,36,3,2.3450134481302634,2.775916652973829,0.4309032048435655,0.2052978713202419,0.006220029436642932,0.0,0
44089,37,1,3.037598381433484,3.399221636525332,0.3616232550918479,0.13697765387245836,0.0,0.0032470446107473183,0
44089,37,2,3.037598381433484,3.506084700779539,0.4684863193460549,0.15152020438724156,0.014542550514783203,0.0,0
44089,37,3,3.037598381433484,3.3178151890865535,0.28021680765306956,0.16296714048930222,0.02598948661684386,0.0,0
44089,38,1,2.2450054723248827,2.7869305882817215,0.5419251159568388,0.18582169000361262,0.0,0.0032470446107473044,0
44089,38,2,2.2450054723248827,3.2603296282968612,1.0153241559719786,0.21112903130464433,0.02530734130103171,0.0,0
44089,38,3,2.2450054723248827,3.6806407400996703,1.4356352677747877,0.1988282844837978,0.01300659448018518,0.0,0
44089,39,1,1.5339124781374438,2.4077850410934927,0.8738725629560489,0.11453312525730425,0.004081065803248296,0.08709825848610708,1
44089,39,2,1.5339124781374438,2.401846873215495,0.8679343950780511,0.11045205945405595,0.0,0.0,0
44089,39,3,1.5339124781374438,2.294029340645416,0.7601168625079722,0.11760850617344266,0.007156446719386714,0.0,0
44089,40,1,1.3322499970237474,1.761982518002738,0.4297325209789906,0.13978386518718894,0.0,0.08709825848610707,1
44089,40,2,1.3322499970237474,1.839350481874428,0.5071004848506806,0.14938613088609995,0.009602265698911011,0.0,0
44089,40,3,1.3322499970237474,2.0232617329947162,0.6910117359709689,0.15173235178943675,0.011948486602247815,0.0,0
44089,41,1,2.5617677291673617,3.228448514381961,0.6666807852145991,0.07259673854319608,0.0,0.08709825848610706,1
44089,41,2,2.5617677291673617,3.518102123181884,0.9563343940145224,0.08416248620406636,0.011565747660870276,0.0,0
44089,41,3,2.5617677291673617,3.555178650422415,0.9934109212550535,0.0826609639706053,0.010064225427409215,0.0,0
44089,42,1,1.5502519635969492,2.106109026167249,0.5558570625702997,0.18977969674552264,0.0,0.16172436019011177,1
44089,42,2,1.5502519635969492,2.7172280759930256,1.1669761123960765,0.1973213478000616,0.007541651054538967,0.08513759760274214,1
44089,42,3,1.5502519635969492,2.8121003816956054,1.2618484180986562,0.22098630097335686,0.031206604227834223,0.0,0
44089,43,1,3.380252232204557,4.017469002718284,0.6372167705137275,0.09076950781447717,0.0,0.16172436019011177,1
44089,43,2,3.380252232204557,3.957669636443916,0.577417404239359,0.13173790473589736,0.040968396921420194,0.08513759760274217,1
44089,43,3,3.380252232204557,4.398592367405298,1.018340135200741,0.16774322369088962,0.07697371587641245,0.0,0
44089,44,1,1.6017495524418777,1.9900619598132923,0.3883124073714146,0.10042234417344024,0.0,0.0,0
44089,44,2,1.6017495524418777,2.4156494930235155,0.8138999405816378,0.10959049805407213,0.009168153880631885,0.0,0
44089,44,3,1.6017495524418777,2.2172590636131426,0.615509511171265,0.11679993910171708,0.01637759492827684,0.0,0
44089,45,1,1.1523745371986887,1.5470662837916314,0.3946917465929427,0.1957412842152704,0.0,0.0950005335814037,1
44089,45,2,1.1523745371986887,1.670417612246382,0.5180430750476934,0.20965608520467896,0.01391480098940856,0.0,0
44089,45,3,1.1523745371986887,1.8668703592295401,0.7144958220308515,0.22653695475933788,0.030795670544067483,0.0,0
44089,46,1,1.2722252016662365,2.7638039775634127,1.4915787758971761,0.21262148686625756,0.0,0.09500053358140373,1
44089,46,2,1.2722252016662365,2.8193726277478666,1.54714742608163,0.2536728243264802,0.04105133746022263,0.0,0
44089,46,3,1.2722252016662365,3.8337033392496878,2.5614781375834514,0.2784495122807035,0.06582802541444596,0.0,0
44089,47,1,2.241309550771615,2.938351831130877,0.6970422803592617,0.18438230858901192,0.0,0.09500053358140371,1
44089,47,2,2.241309550771615,3.0337394965513305,0.7924299457797153,0.19300952997645063,0.00862722138743871,0.0,0
44089,47,3,2.241309550771615,3.1076461730845932,0.866336622312978,0.2074779082418918,0.023095599652879883,0.0,0
44089,48,1,1.2760784065689432,2.2314961203229924,0.9554177137540492,0.10361442965586976,0.0,0.0,0
44089,48,2,1.2760784065689432,2.1076836702452773,0.831605263676334,0.10397066360300763,0.0003562339471378795,0.0,0
44089,48,3,1.2760784065689432,2.4395875390096657,1.1635091324407225,0.10630720204751672,0.002692772391646961,0.0,0
44089,49,1,1.7973536955925646,2.63061661421384,0.8332629186212754,0.11335496748884859,0.008568919260584798,0.0,0
44089,49,2,1.7973536955925646,2.6647005710309997,0.867346875438435,0.10478604822826379,0.0,0.0,0
44089,49,3,1.7973536955925646,2.4609073539403856,0.663553658347821,0.11174359274070572,0.006957544512441932,0.0,0
44089,50,1,1.5958971439400937,2.325900073313619,0.7300029293735253,0.12438573891583198,0.01011589112759921,0.0,0
44089,50,2,1.5958971439400937,2.4942088530729145,0.8983117091328208,0.11426984778823276,0.0,0.0,0
44089,50,3,1.5958971439400937,2.305153602885782,0.7092564589456882,0.1179845028033362,0.0037146550151034297,0.0,0
44089,51,1,1.7225881556267122,2.106622813514075,0.3840346578873628,0.08863208903441648,0.0,0.0,0
44089,51,2,1.7225881556267122,2.651577078846397,0.9289889232196848,0.10783520435217529,0.019203115317758812,0.0,0
44089,51,3,1.7225881556267122,2.508018540602966,0.7854303849762536,0.11095007299924592,0.022317983964829438,0.0,0
44089,52,1,26.838279378999736,27.051885562553462,0.21360618355372551,0.09889737495355416,0.0,0.0,0
44089,52,2,26.838279378999736,26.916546913154416,0.07826753415467991,0.13537491230003137,0.03647753734647721,0.008737523046075793,1
44089,52,3,26.838279378999736,27.063429029819723,0.2251496508199864,0.14353867066645656,0.0446412957129024,0.019573098719164628,1
44089,53,1,26.777850918079697,27.06012304166461,0.2822721235849137,0.08124389178817024,0.0,0.0,0
44089,53,2,26.777850918079697,26.862234762229757,0.08438384415006084,0.12432184136056576,0.043077949572395524,0.010835575673088835,1
44089,53,3,26.777850918079697,27.25258643958598,0.4747355215062825,0.15602630447315943,0.0747824126849892,0.01394819265768249,1
44089,54,1,10.659378750724144,10.74483988559545,0.08546113487130569,0.10002800421196456,0.0,0.0,0
44089,54,2,10.659378750724144,10.924548501628312,0.2651697509041675,0.11022269247116942,0.01019468825920486,0.038327951375140154,1
44089,54,3,10.659378750724144,10.766458857446207,0.10708010672206214,0.12025284441194688,0.020224840199982316,0.061688213949467385,1
44089,55,1,14.463795815578994,14.485634246530012,0.021838430951017784,0.09397138809987726,0.0,0.0,0
44089,55,2,14.463795815578994,14.572122664719135,0.10832684914014123,0.1259163496509555,0.03194496155107823,0.023360262574327238,1
44089,55,3,14.463795815578994,14.575662846522672,0.111867030943678,0.13943464938266464,0.04546326128278738,0.023360262574327238,1
44089,56,1,13.298751178527002,13.323273053050716,0.024521874523713905,0.10166465969011595,0.0,0.0,0
44089,56,2,13.298751178527002,13.452927799000097,0.15417662047309477,0.1311495755335919,0.029484915843475956,0.04392035831230201,1
44089,56,3,13.298751178527002,13.495217150357627,0.19646597183062475,0.1552128577526015,0.053548198062485536,0.032309697322416175,1
44089,57,1,12.276106898230996,12.301627276414118,0.02552037818312236,0.09425963283123301,0.0,0.011610660989885828,1
44089,57,2,12.276106898230996,12.409821415985363,0.13371451775436682,0.1224355201944645,0.028175887363231497,0.0,0
44089,57,3,12.276106898230996,12.421435877901953,0.14532897967095693,0.14396060194516597,0.04970096911393296,0.0,0
44089,58,1,15.730752387092474,15.757381058214616,0.026628671122141512,0.1192248354002188,0.0,0.0,0
44089,58,2,15.730752387092474,15.813259888172865,0.08250750108039107,0.1529229164522833,0.03369808105206448,0.053884590431777915,1
44089,58,3,15.730752387092474,15.817479578965798,0.08672719187332412,0.15693420105366218,0.03770936565344338,0.053884590431777915,1
44090,0,1,2.4760150117853565,3.274404095869081,0.7983890840837247,0.16032104407814032,0.0,0.08708925310490623,1
44090,0,2,2.4760150117853565,3.576438484904938,1.1004234731195814,0.19970965396145324,0.039388609883312914,0.051608270795806044,1
44090,0,3,2.4760150117853565,4.492245587156818,2.0162305753714613,0.23298691373056646,0.07266586965242613,0.0,0
44090,1,1,0.9689867061456274,1.950336493640063,0.9813497874944355,0.11914290236020428,0.011205628813226995,0.0,0
44090,1,2,0.9689867061456274,1.652049088180446,0.6830623820348185,0.10793727354697728,0.0,0.0,0
44090,1,3,0.9689867061456274,1.967686816352663,0.9987001102070356,0.11274406869621219,0.004806795149234905,0.0,0
44090,2,1,3.5436629700514066,4.452305016587774,0.9086420465363672,0.2137758043936983,0.0,0.07130106167450181,1
44090,2,2,3.5436629700514066,4.047171207491361,0.503508237439954,0.21477980691791235,0.0010040025242140371,0.0,0
44090,2,3,3.5436629700514066,4.021137648569419,0.4774746785180124,0.2316729541109639,0.01789714971726558,0.0,0
44090,3,1,5.718742643610968,6.15010110473603,0.43135846112506204,0.16169673753568933,0.0019402591468880015,0.07130106167450181,1
44090,3,2,5.718742643610968,6.117183488007271,0.398440844396303,0.15975647838880133,0.0,0.0,0
44090,3,3,5.718742643610968,5.956031982949156,0.2372893393381883,0.17807271472258682,0.018316236333785485,0.0,0
44090,4,1,2.3948430897440547,3.398604792995953,1.0037617032518984,0.13405237178414892,0.01069501208542352,0.07130106167450181,1
44090,4,2,2.3948430897440547,3.3167578208666852,0.9219147311226306,0.12579371590138771,0.002436356202662318,0.0,0
44090,4,3,2.3948430897440547,3.2467768038578684,0.8519337141138137,0.1233573596987254,0.0,0.0,0
44090,5,1,1.0649867888592273,1.9800346607615407,0.9150478719023134,0.1857709492890721,0.008508983835619238,0.0,0
44090,5,2,1.0649867888592273,1.4166073968694806,0.3516206080102533,0.17726196545345285,0.0,0.0,0
44090,5,3,1.0649867888592273,1.5572383456202494,0.49225155676102217,0.19506817672441307,0.017806211270960215,0.0,0
44090,6,1,1.0484728292812542,2.1011572230784545,1.0526843937972004,0.11717727741219792,0.002533286013214675,0.0,0
44090,6,2,1.0484728292812542,1.4514874356601313,0.4030146063788771,0.11464399139898325,0.0,0.0,0
44090,6,3,1.0484728292812542,1.8351581399089714,0.7866853106277172,0.11846766874940698,0.0038236773504237292,0.0,0
44090,7,1,0.9745752673258249,1.3381865956352446,0.36361132830941967,0.1818282193794991,0.015921745428866846,0.0,0
44090,7,2,0.9745752673258249,1.348876143739084,0.37430087641325904,0.16590647395063227,0.0,0.0,0
44090,7,3,0.9745752673258249,1.744249684776176,0.769674417450351,0.18092901226454736,0.01502253831391509,0.0,0
44090,8,1,1.0908812484349142,2.1982555477526637,1.1073742993177496,0.13700606821532318,0.012782565160140036,0.024296329001456535,1
44090,8,2,1.0908812484349142,1.4822070298957835,0.39132578146086927,0.12422350305518315,0.0,0.0,0
44090,8,3,1.0908812484349142,1.8789820149108785,0.7881007664759643,0.14167055912730375,0.017447056072120604,0.0,0
44090,9,1,1.1991447544696994,1.4427751613583444,0.243630406888645,0.2166848458293322,0.019080161771421855,0.024296329001456507,1
44090,9,2,1.1991447544696994,1.5607611188440285,0.3616163643743291,0.19760468405791035,0.0,0.0,0
44090,9,3,1.1991447544696994,1.7791755155827702,0.5800307611130708,0.20644181380875473,0.008837129750844386,0.0,0
44090,10,1,2.850515059834918,3.93281190440812,1.082296844573202,0.08192405057078019,0.0,0.024296329001456507,1
44090,10,2,2.850515059834918,3.7136052317493276,0.8630901719144095,0.15464674330097955,0.07272269273019936,0.0,0
44090,10,3,2.850515059834918,4.995736114326573,2.145221054491655,0.17468973095313492,0.09276568038235473,0.0,0
44090,11,1,1.2862586725794773,1.7131941169322307,0.4269354443527533,0.13628594131165225,0.014966247626144583,0.0,0
44090,11,2,1.2862586725794773,2.019952653735543,0.7336939811560657,0.1285357521812864,0.007216058495778735,0.0,0
44090,11,3,1.2862586725794773,1.9116820846669618,0.6254234120874844,0.12131969368550767,0.0,0.0,0
44090,12,1,0.841505302819183,1.7365872377101137,0.8950819348909307,0.1214940247567372,0.010645657557417365,0.0,0
44090,12,2,0.841505302819183,1.4984760040118204,0.6569707011926373,0.11084836719931984,0.0,0.0,0
44090,12,3,0.841505302819183,1.8739152209064975,1.0324099180873145,0.11402971852832372,0.0031813513290038786,0.0,0
44090,13,1,1.150994937135285,1.5109989539741089,0.3600040168388239,0.11554666564421266,0.0,0.0,0
44090,13,2,1.150994937135285,1.901872137198375,0.7508772000630899,0.12347512851657651,0.007928462872363845,0.0,0
44090,13,3,1.150994937135285,1.8573428563823438,0.7063479192470588,0.1277130793423265,0.012166413698113845,0.0,0
44090,14,1,0.9057504776969131,1.716574129017928,0.8108236513210149,0.118812192095801,0.011903831863880637,0.10021346979061893,1
44090,14,2,0.9057504776969131,1.4336747287767024,0.5279242510797894,0.10690836023192037,0.0,0.0,0
44090,14,3,0.9057504776969131,1.8319565697494906,0.9262060920525775,0.11262991771447571,0.005721557482555345,0.0,0
44090,15,1,1.1355898611577326,1.580149267122805,0.4445594059650724,0.16748402059539377,0.019258389555064065,0.10021346979061893,1
44090,15,2,1.1355898611577326,1.3878784236063404,0.25228856244860776,0.1482256310403297,0.0,0.0,0
44090,15,3,1.1355898611577326,1.6447746739593512,0.5091848128016185,0.1644854171180695,0.016259786077739785,0.0,0
44090,16,1,3.041227965866825,3.341497188523469,0.30026922265664435,0.11759895385019628,0.0,0.10021346979061893,1
44090,16,2,3.041227965866825,3.8323567446743505,0.7911287788075256,0.14844817361350715,0.03084921976331087,0.0,0
44090,16,3,3.041227965866825,3.5075998647367443,0.4663718988699195,0.1625687659283673,0.04496981207817102,0.0,0
44090,17,1,1.2773607492494379,3.8317817312224065,2.5544209819729686,0.24911604175378052,0.0,0.0626668117000809,1
44090,17,2,1.2773607492494379,3.3054624310458864,2.0281016817964486,0.27677386592113146,0.027657824167350936,0.0,0
44090,17,3,1.2773607492494379,4.4544763216513505,3.1771155724019127,0.30293846336981817,0.05382242161603765,0.0,0
44090,18,1,2.087100941630316,3.604837521030729,1.5177365794004132,0.2179947738581787,0.0,0.0626668117000809,1
44090,18,2,2.087100941630316,3.6910512373566946,1.6039502957263787,0.25620397911043474,0.038209205252256045,0.0,0
44090,18,3,2.087100941630316,4.342284719599124,2.2551837779688078,0.2779518492365012,0.05995707537832248,0.0,0
44090,19,1,2.3204912689497865,2.5000276924965963,0.17953642354680976,0.1427807667515513,0.0,0.0626668117000809,1
44090,19,2,2.3204912689497865,2.672825404010394,0.3523341350606075,0.18906401119447724,0.04628324444292595,0.0,0
44090,19,3,2.3204912689497865,2.7093804870665457,0.38888921811675914,0.18961698262199556,0.04683621587044426,0.0,0
44090,20,1,2.6457370675573935,3.177744375480896,0.5320073079235024,0.13861742176236244,0.004096161538657772,0.0,0
44090,20,2,2.6457370675573935,3.027996108565369,0.3822590410079756,0.13452126022370467,0.0,0.0,0
44090,20,3,2.6457370675573935,3.0458181148908237,0.4000810473334302,0.15634909889486187,0.0218278386711572,0.0,0
44090,21,1,0.9529203344631597,1.9637923717799943,1.0108720373168345,0.16131606355469938,0.015521896778313227,0.0,0
44090,21,2,0.9529203344631597,1.455057314524056,0.5021369800608962,0.14579416677638615,0.0,0.0,0
44090,21,3,0.9529203344631597,1.970975954424555,1.0180556199613955,0.16534299638674288,0.019548829610356727,0.0,0
44090,22,1,1.173082725457141,1.3532041585124344,0.18012143305529338,0.13038377130219073,0.0,0.0,0
44090,22,2,1.173082725457141,1.617519158520966,0.4444364330638251,0.13497986768460626,0.004596096382415538,0.0,0
44090,22,3,1.173082725457141,1.4888182404293766,0.3157355149722356,0.1511334153606604,0.020749644058469685,0.0,0
44090,23,1,1.3744611381761416,2.2591379294972653,0.8846767913211238,0.14082518310411735,0.0035222832271228077,0.0,0
44090,23,2,1.3744611381761416,2.0234422218026893,0.6489810836265477,0.14008033287157973,0.0027774329945851883,0.0,0
44090,23,3,1.3744611381761416,1.955274713713542,0.5808135755374004,0.13730289987699454,0.0,0.0,0
44090,24,1,2.176817113883486,2.7460808475257172,0.5692637336422313,0.09731288296544584,0.0,0.0,0
44090,24,2,2.176817113883486,3.1482648911426763,0.9714477772591903,0.13031875336651141,0.033005870401065576,0.0,0
44090,24,3,2.176817113883486,3.2564647114739165,1.0796475975904305,0.1308278971750874,0.03351501420964155,0.0,0
44090,25,1,1.6233851344603043,1.86564650041595,0.24226136595564562,0.1400550639760609,0.0,0.0,0
44090,25,2,1.6233851344603043,2.0735681850960797,0.45018305063577535,0.1609755871365468,0.0209205231604859,0.0,0
44090,25,3,1.6233851344603043,1.8314664235177367,0.2080812890574324,0.16531873999085742,0.02526367601479651,0.0,0
44090,26,1,0.9927218556540554,1.7929122023248631,0.8001903466708078,0.15112148481133017,0.0,0.0,0
44090,26,2,0.9927218556540554,1.5499038984786755,0.5571820428246201,0.16437792816856836,0.01325644335723819,0.0,0
44090,26,3,0.9927218556540554,1.926813646163324,0.9340917905092687,0.17848169770040437,0.027360212889074198,0.0,0
44090,27,1,1.2541555289776278,1.990362096802214,0.7362065678245862,0.10763399987470294,0.0,0.0,0
44090,27,2,1.2541555289776278,2.0864177502375654,0.8322622212599375,0.12321352409270957,0.015579524218006624,0.0,0
44090,27,3,1.2541555289776278,2.1843927219437007,0.9302371929660729,0.12166118237504289,0.01402718250033995,0.0,0
44090,28,1,1.0944904336467123,2.0850570950418885,0.9905666613951762,0.18553259248366502,0.012581430269617722,0.0,0
44090,28,2,1.0944904336467123,2.30163322744595,1.2071427937992376,0.1867420164179028,0.013790854203855507,0.0,0
44090,28,3,1.0944904336467123,1.6452771582052015,0.5507867245584892,0.1729511622140473,0.0,0.0,0
44090,29,1,2.497831086158725,3.0574672365829434,0.5596361504242182,0.16086849296078243,0.00013790585944542522,0.0,0
44090,29,2,2.497831086158725,3.029760268735031,0.531929182576306,0.160730587101337,0.0,0.0,0
44090,29,3,2.497831086158725,2.901301631458918,0.403470545300193,0.1855674818204619,0.024836894719124897,0.0,0
44090,30,1,1.3331185924561983,1.7368039884647124,0.40368539600851405,0.11433460415569141,0.0,0.0,0
44090,30,2,1.3331185924561983,1.9608297540534074,0.6277111615972091,0.1252684259102446,0.01093382175455318,0.0,0
44090,30,3,1.3331185924561983,2.1805270154101803,0.847408422953982,0.12533209735977258,0.010997493204081166,0.0,0
44090,31,1,0.7995752858246348,1.5436952347486956,0.7441199489240609,0.14431385467439278,0.013278580120842848,0.0,0
44090,31,2,0.7995752858246348,1.489402226687377,0.6898269408627422,0.13103527455354994,0.0,0.0,0
44090,31,3,0.7995752858246348,1.8981608786764936,1.0985855928518589,0.1321285174529359,0.0010932428993859766,0.0,0
44090,32,1,1.1796838764473192,1.4196077788398678,0.23992390239254857,0.1380657180755557,0.0,0.0,0
44090,32,2,1.1796838764473192,1.560661644283115,0.38097776783579573,0.140147917636638,0.0020821995610822985,0.0,0
44090,32,3,1.1796838764473192,1.9256345990414239,0.7459507225941047,0.16258823569283923,0.024522517617283524,0.0,0
44090,33,1,2.1009684894637637,2.844674193232197,0.7437057037684331,0.13347864338140636,0.0,0.0,0
44090,33,2,2.1009684894637637,3.055798955687359,0.9548304662235951,0.1578620988727827,0.024383455491376355,0.0,0
44090,33,3,2.1009684894637637,2.811402942223165,0.7104344527594013,0.14615970104431641,0.012681057662910056,0.0,0
44090,34,1,2.3873967923559745,2.890101725798636,0.5027049334426614,0.21246620483907,0.020410639377410306,0.004276147540567543,0
44090,34,2,2.3873967923559745,2.579259286809849,0.1918624944538747,0.1920555654616597,0.0,0.0,0
44090,34,3,2.3873967923559745,3.0121211442583635,0.6247243519023891,0.1975874716095668,0.005531906147907106,0.0,0
44090,35,1,2.94264962728846,3.4337735146338746,0.49112388734541446,0.14137984193101955,0.007077121892962807,0.004276147540567571,0
44090,35,2,2.94264962728846,3.239231475774358,0.29658184848589775,0.13430272003805674,0.0,0.0,0
44090,35,3,2.94264962728846,3.25202935486543,0.3093797275769701,0.15642116134871362,0.022118441310656878,0.0,0
44090,36,1,2.5078234684436955,2.9417088238270273,0.43388535538333173,0.1288969734966204,0.0,0.004276147540567571,0
44090,36,2,2.5078234684436955,3.1124997359192994,0.6046762674756039,0.18005332766044016,0.05115635416381975,0.0,0
44090,36,3,2.5078234684436955,3.3414308996482363,0.8336074312045407,0.16151439315267793,0.03261741965605752,0.0,0
44090,37,1,1.5441960161478345,2.4656024228916222,0.9214064067437877,0.11783189820771625,0.013379942451332977,0.0,0
44090,37,2,1.5441960161478345,1.9485581153846194,0.4043620992367849,0.10445195575638327,0.0,0.0,0
44090,37,3,1.5441960161478345,2.2999026209483246,0.7557066048004901,0.11240739507196063,0.00795543931557735,0.0,0
44090,38,1,1.332504729900077,2.2904146063251933,0.9579098764251164,0.1316990682680335,0.003745877288504451,0.0,0
44090,38,2,1.332504729900077,1.8181864003463701,0.4856816704462932,0.12795319097952904,0.0,0.0,0
44090,38,3,1.332504729900077,2.026935097449214,0.694430367549137,0.14473251765605916,0.01677932667653012,0.0,0
44090,39,1,2.4712437385577912,3.775413793686372,1.3041700551285809,0.07776706827752099,0.012433915718228591,0.0,0
44090,39,2,2.4712437385577912,3.3191366231996797,0.8478928846418885,0.06720171010277193,0.001868557543479532,0.0,0
44090,39,3,2.4712437385577912,3.2848620759451164,0.8136183373873251,0.0653331525592924,0.0,0.0,0
44090,40,1,1.728033420279018,3.4154615514838143,1.6874281312047963,0.20286661602466247,0.0,0.1603383882271452,1
44090,40,2,1.728033420279018,2.956610007896798,1.2285765876177799,0.22967585098068546,0.026809234956022998,0.08419573013786386,1
44090,40,3,1.728033420279018,3.8092314233174434,2.081198003038425,0.2524356384445915,0.049569022419929026,0.0,0
44090,41,1,3.8834525758262757,4.670786155221021,0.7873335793947449,0.0758503186636623,0.0,0.1603383882271452,1
44090,41,2,3.8834525758262757,4.57550445940205,0.6920518835757745,0.13659877135474563,0.060748452691083324,0.08419573013786386,1
44090,41,3,3.8834525758262757,5.928766083313141,2.045313507486865,0.16871890933111564,0.09286859066745333,0.0,0
44090,42,1,1.521178483785485,2.692908182331866,1.1717296985463812,0.11230885065251534,0.008670970353282792,0.0,0
44090,42,2,1.521178483785485,2.0563076457027303,0.5351291619172454,0.10363788029923254,0.0,0.0,0
44090,42,3,1.521178483785485,1.7828578127005632,0.2616793289150783,0.11448413751105929,0.010846257211826749,0.0,0
44090,43,1,1.1619997128155988,2.2008011167796875,1.0388014039640887,0.19862089232238078,0.008931306578670195,0.09512768278565958,1
44090,43,2,1.1619997128155988,1.5766719653426509,0.4146722525270521,0.1896895857437106,0.0,0.0,0
44090,43,3,1.1619997128155988,1.7956530335797125,0.6336533207641137,0.2155668387000343,0.025877252956323704,0.0,0
44090,44,1,1.34704617583749,4.163094945385625,2.816048769548135,0.22900352705661206,0.0,0.09512768278565958,1
44090,44,2,1.34704617583749,4.047816408329929,2.700770232492439,0.2757343786149318,0.046730851558319714,0.0,0
44090,44,3,1.34704617583749,5.4722423799003375,4.125196204062847,0.3026541155577405,0.07365058850112846,0.0,0
44090,45,1,2.3756654082407063,3.0329818707600835,0.6573164625193773,0.11753629926443016,0.0,0.09512768278565958,1
44090,45,2,2.3756654082407063,3.291671851605848,0.9160064433651418,0.18693986474195165,0.0694035654775215,0.0,0
44090,45,3,2.3756654082407063,3.2642673495659977,0.8886019413252915,0.18426606185235855,0.0667297625879284,0.0,0
44090,46,1,1.2629316809621909,2.0621572225982847,0.7992255416360938,0.11188296674058779,0.006919367895878714,0.0,0
44090,46,2,1.2629316809621909,1.9331546213989461,0.6702229404367552,0.1056320774884323,0.0006684786437232276,0.0,0
44090,46,3,1.2629316809621909,2.1278840083792643,0.8649523274170734,0.10496359884470907,0.0,0.0,0
44090,47,1,1.7961821707939714,2.80536287928389,1.0091807084899185,0.10563095934186417,0.005098496687163653,0.0,0
44090,47,2,1.7961821707939714,2.118986458832991,0.32280428803901984,0.10053246265470052,0.0,0.0,0
44090,47,3,1.7961821707939714,2.5136643110442316,0.7174821402502602,0.10262548032417723,0.0020930176694767127,0.0,0
44090,48,1,1.6020454520876228,2.2746592094591263,0.6726137573715034,0.1157797886593423,0.008035569098741674,0.0,0
44090,48,2,1.6020454520876228,2.070639121603321,0.46859366951569825,0.10774421956060062,0.0,0.0,0
44090,48,3,1.6020454520876228,2.417322651104819,0.8152771990171961,0.10788927829065251,0.00014505873005188352,0.0,0
44090,49,1,1.6906916969204353,2.6244039931248935,0.9337122962044582,0.09592246658894653,0.0022296356604251527,0.0,0
44090,49,2,1.6906916969204353,2.089278274909586,0.39858657798915065,0.09760891147690219,0.003916080548380815,0.0,0
44090,49,3,1.6906916969204353,2.344427275384658,0.6537355784642225,0.09369283092852138,0.0,0.0,0
44090,50,1,1.2740952558876553,2.210633075638017,0.9365378197503615,0.13661415334020982,0.0,0.0,0
44090,50,2,1.2740952558876553,2.518010573563175,1.2439153176755198,0.15186938160731217,0.01525522826710235,0.0,0
44090,50,3,1.2740952558876553,2.1956296705695406,0.9215344146818853,0.15047322855948023,0.013859075219270406,0.0,0
44090,51,1,0.9617796228732212,1.8411655231057922,0.879385900232571,0.15082602991398078,0.0,0.0,0
44090,51,2,0.9617796228732212,2.1666413903546435,1.2048617674814224,0.17428120893988722,0.023455179025906436,0.0,0
44090,51,3,0.9617796228732212,1.948401287023967,0.9866216641507459,0.1673265490786832,0.01650051916470241,0.0,0
44090,52,1,1.1267386494884846,2.206361512668802,1.0796228631803173,0.10617454910941924,0.0,0.0,0
44090,52,2,1.1267386494884846,2.436456522443053,1.3097178729545684,0.14477891344920113,0.038604364339781885,0.0,0
44090,52,3,1.1267386494884846,2.2600062315485134,1.1332675820600289,0.14736577129390724,0.041191222184487994,0.0,0
44090,53,1,25.097777047821936,25.33188556788947,0.23410852006753302,0.10343497779395426,0.0,0.006038182362092304,1
44090,53,2,25.097777047821936,25.197595515960604,0.09981846813866824,0.13446004707474754,0.03102506928079328,0.0,0
44090,53,3,25.097777047821936,25.40285313634238,0.305076088520444,0.14939990812956425,0.045964930335609985,0.009123086833822375,1
44090,54,1,26.793191323972973,27.050011007694895,0.2568196837219219,0.09782353102129832,0.0,0.0,0
44090,54,2,26.793191323972973,26.91824106472933,0.12504974075635644,0.13500603567568042,0.03718250465438211,0.009123086833822347,1
44090,54,3,26.793191323972973,27.15810220136032,0.3649108773873486,0.15197453869203326,0.05415100767073494,0.019080455525311804,1
44090,55,1,10.143362980388542,10.190359204721986,0.0469962243334443,0.10621105784761635,0.0,0.0,0
44090,55,2,10.143362980388542,10.223396352160757,0.08003337177221503,0.11519036315142703,0.008979305303810678,0.03865782143192119,1
44090,55,3,10.143362980388542,10.21928934378071,0.07592636339216874,0.12868968251529944,0.022478624667683092,0.06241518478969782,1
44090,56,1,13.931932778879276,13.966623398807041,0.034690619927765454,0.1001500410917726,0.0,0.0,0
44090,56,2,13.931932778879276,14.032372421023613,0.10043964214433743,0.11413810694395518,0.013988065852182582,0.023757363357776617,1
44090,56,3,13.931932778879276,14.029197033276347,0.09726425439707143,0.12361327360746036,0.023463232515687757,0.023757363357776617,1
44090,57,1,12.787086748860961,12.992795225517858,0.20570847665689662,0.12964492912275388,0.0,0.0,0
44090,57,2,12.787086748860961,13.017295788404628,0.23020903954366645,0.1581961332046778,0.02855120408192391,0.04370600364412007,1
44090,57,3,12.787086748860961,13.428180946914448,0.6410941980534872,0.19120651840544284,0.061561589282688955,0.03234611204229186,1
44090,58,1,11.808943391303483,11.896642379279324,0.08769898797584119,0.10960965640088477,0.0,0.01135989160182821,1
44090,58,2,11.808943391303483,11.978048115814836,0.16910472451135306,0.12848618580571655,0.018876529404831782,0.0,0
44090,58,3,11.808943391303483,11.97868069367404,0.16973730237055662,0.14498375137203434,0.03537409497114957,0.0,0
44090,59,1,15.161724252134444,15.231503567028184,0.06977931489374001,0.13197857492483742,0.0,0.0,0
44090,59,2,15.161724252134444,15.283863645953051,0.12213939381860683,0.14794008576324347,0.01596151083840605,0.0543754994049515,1
44090,59,3,15.161724252134444,15.290590725899616,0.12886647376517146,0.1591595550966848,0.02718098017184739,0.0543754994049515,1
44091,0,1,4.587082821044107,5.102429295471684,0.5153464744275773,0.19725532755569133,0.011124114507599897,0.0695447888261225,1
44091,0,2,4.587082821044107,5.128832696660175,0.5417498756160679,0.18613121304809144,0.0,0.0,0
44091,0,3,4.587082821044107,4.967776827118643,0.38069400607453563,0.20145664349544262,0.015325430447351185,0.0,0
44091,1,1,2.031811251628247,3.057807782660218,1.025996531031971,0.1141679325105736,0.0,0.06954478882612251,1
44091,1,2,2.031811251628247,3.164679195383851,1.132867943755604,0.12910645598927803,0.014938523478704432,0.0,0
44091,1,3,2.031811251628247,3.5489866764314426,1.5171754248031957,0.1194974909722732,0.005329558461699607,0.0,0
44091,2,1,1.0525423038487296,1.7129462581494388,0.6604039543007092,0.1966398217678012,0.0,0.0,0
44091,2,2,1.0525423038487296,1.6196320255023942,0.5670897216536646,0.20374282797871185,0.007103006210910645,0.0,0
44091,2,3,1.0525423038487296,1.6465094723125997,0.5939671684638701,0.21180460844262097,0.015164786674819769,0.0,0
44091,3,1,1.0343396245763294,1.1817296697229815,0.1473900451466521,0.13317134151742369,0.010479369362593804,0.0,0
44091,3,2,1.0343396245763294,1.1403615887391516,0.10602196416282217,0.12269197215482988,0.0,0.0,0
44091,3,3,1.0343396245763294,1.3623120762844132,0.32797245170808376,0.12752748172031256,0.004835509565482676,0.0,0
44091,4,1,0.9515216078995895,1.6043386070427885,0.652816999143199,0.20567128252835332,0.009424140774954376,0.0,0
44091,4,2,0.9515216078995895,1.9374389477146032,0.9859173398150137,0.19624714175339894,0.0,0.0,0
44091,4,3,0.9515216078995895,1.7541002944685633,0.8025786865689738,0.2110239033411558,0.01477676158775687,0.0,0
44091,5,1,0.984068534363393,1.6166417922740983,0.6325732579107053,0.16621960460847976,0.020951004480393665,0.02434929261735208,1
44091,5,2,0.984068534363393,1.4802263485397789,0.4961578141763858,0.1452686001280861,0.0,0.0,0
44091,5,3,0.984068534363393,1.5099187252688817,0.5258501909054887,0.1490501566406642,0.0037815565125781103,0.0,0
44091,6,1,1.1243516323322682,1.8436075728731822,0.719255940540914,0.22276791243009048,0.02137229963168899,0.024349292617352053,1
44091,6,2,1.1243516323322682,2.302936919627614,1.1785852872953457,0.2333803321925714,0.031984719394169914,0.0,0
44091,6,3,1.1243516323322682,1.6353690954706679,0.5110174631383997,0.20139561279840149,0.0,0.0,0
44091,7,1,2.1595483809374336,2.8961932290423613,0.7366448481049277,0.07621092768057515,0.0,0.024349292617352067,1
44091,7,2,2.1595483809374336,2.9036737088082214,0.7441253278707878,0.12615811590020032,0.04994718821962517,0.0,0
44091,7,3,2.1595483809374336,3.5325878931103167,1.3730395121728831,0.14533982011174176,0.06912889243116661,0.0,0
44091,8,1,1.2696711900254032,1.656247708400295,0.3865765183748917,0.13107910408989185,0.0058919429344751195,0.0,0
44091,8,2,1.2696711900254032,1.624097248748819,0.3544260587234158,0.12518716115541673,0.0,0.0,0
44091,8,3,1.2696711900254032,1.7969565597556305,0.5272853697302273,0.1272640189785487,0.0020768578231319668,0.0,0
44091,9,1,0.7216369929028084,1.329116503633433,0.6074795107306246,0.13648696621537038,0.02063974109327317,0.0,0
44091,9,2,0.7216369929028084,1.0384177608172602,0.31678076791445187,0.1158472251220972,0.0,0.0,0
44091,9,3,0.7216369929028084,1.4345244792629217,0.7128874863601133,0.11947185299163278,0.003624627869535574,0.0,0
44091,10,1,1.1522579892717961,1.805041884630161,0.6527838953583649,0.1178343667149101,0.0,0.0,0
44091,10,2,1.1522579892717961,1.9718216622623423,0.8195636729905462,0.13111335734018278,0.013278990625272685,0.0,0
44091,10,3,1.1522579892717961,1.846895843639875,0.6946378543680789,0.13983683199702338,0.022002465282113276,0.0,0
44091,11,1,0.8066143906187511,1.2422091722503914,0.43559478163164034,0.13131110785477312,0.016823233048575498,0.10372047807767534,1
44091,11,2,0.8066143906187511,1.1386656049189923,0.3320512143002412,0.11448787480619763,0.0,0.0,0
44091,11,3,0.8066143906187511,1.5071631729425983,0.7005487823238472,0.11608886689002058,0.001600992083822958,0.0,0
44091,12,1,1.1378513129601964,1.7800909803385985,0.6422396673784021,0.17152448985982136,0.008776152821638739,0.10372047807767534,1
44091,12,2,1.1378513129601964,1.8282395308064714,0.690388217846275,0.16274833703818262,0.0,0.0,0
44091,12,3,1.1378513129601964,2.008034756829047,0.8701834438688505,0.16953369387994682,0.006785356841764206,0.0,0
44091,13,1,2.2382813833694355,2.82851922056365,0.5902378371942145,0.1337127840023363,0.0,0.10372047807767534,1
44091,13,2,2.2382813833694355,2.9346881091472454,0.6964067257778099,0.1603748621285898,0.026662078126253513,0.0,0
44091,13,3,2.2382813833694355,3.3155112115379937,1.0772298281685582,0.16372951097074873,0.030016726968412427,0.0,0
44091,14,1,1.2761028450055154,2.2210388324465127,0.9449359874409973,0.22249824432603676,0.0,0.06064747433807319,1
44091,14,2,1.2761028450055154,2.1156749385456,0.8395720935400848,0.224789383480625,0.0022911391545882287,0.0,0
44091,14,3,1.2761028450055154,2.3112409790580264,1.035138134052511,0.23101474437803451,0.00851650005199775,0.0,0
44091,15,1,2.018089389541108,3.412724961625608,1.3946355720844998,0.2080422956653869,0.0,0.06064747433807319,1
44091,15,2,2.018089389541108,3.1619937006504886,1.1439043111093805,0.2456577194601608,0.037615423794773895,0.0,0
44091,15,3,2.018089389541108,4.069778158492753,2.0516887689516445,0.27528660974761443,0.06724431408222753,0.0,0
44091,16,1,2.1583353169455277,2.6643806576694202,0.5060453407238925,0.11050099460236391,0.0,0.06064747433807319,1
44091,16,2,2.1583353169455277,2.901187954695086,0.7428526377495581,0.1301430964086696,0.019642101806305698,0.0,0
44091,16,3,2.1583353169455277,3.1145522985663208,0.956216981620793,0.13278304612084782,0.022282051518483906,0.0,0
44091,17,1,2.3308229697828016,2.939898305598144,0.6090753358153425,0.17959963173664123,0.015048803305738462,0.0,0
44091,17,2,2.3308229697828016,2.7837021391123393,0.45287916932953776,0.1732114308550961,0.008660602424193337,0.0,0
44091,17,3,2.3308229697828016,2.9478991145463445,0.6170761447635429,0.16455082843090277,0.0,0.0,0
44091,18,1,0.8729892728062065,1.7785578350010585,0.9055685621948519,0.18670117513014553,0.023034497125847042,0.0,0
44091,18,2,0.8729892728062065,1.8373411732683622,0.9643519004621557,0.1636666780042985,0.0,0.0,0
44091,18,3,0.8729892728062065,2.0725594176796314,1.1995701448734248,0.1766703751908507,0.013003697186552199,0.0,0
44091,19,1,1.151105493989259,1.6909730784115156,0.5398675844222565,0.1362782587072636,0.006318006053022046,0.09152322140010408,1
44091,19,2,1.151105493989259,1.433750044908481,0.2826445509192219,0.12996025265424155,0.0,0.0,0
44091,19,3,1.151105493989259,1.7306888952386772,0.5795834012494181,0.1363950696575794,0.006434817003337839,0.0,0
44091,20,1,1.3520762709790923,1.9794485877660208,0.6273723167869285,0.12934194668166069,0.007572431529168991,0.09152322140010408,1
44091,20,2,1.3520762709790923,2.1451871051873925,0.7931108342083002,0.1217695151524917,0.0,0.0,0
44091,20,3,1.3520762709790923,2.1569550824384516,0.8048788114593592,0.13150765634918282,0.009738141196691127,0.0,0
44091,21,1,2.317969795631546,2.954124683184611,0.6361548875530647,0.08954305148631976,0.0,0.09152322140010409,1
44091,21,2,2.317969795631546,2.8966004988834904,0.5786307032519442,0.10501088400830892,0.015467832521989161,0.0,0
44091,21,3,2.317969795631546,3.2453685553942835,0.9273987597627373,0.1107430366133249,0.021199985127005133,0.0,0
44091,22,1,1.506325568121298,2.023485362087815,0.5171597939665169,0.14160510381176164,0.0,0.0,0
44091,22,2,1.506325568121298,1.869346939905403,0.3630213717841051,0.15048121672464262,0.008876112912880985,0.0,0
44091,22,3,1.506325568121298,1.9641075011295448,0.4577819330082469,0.1543557853610447,0.01275068154928305,0.0,0
44091,23,1,0.9497564454981335,1.7726531972934143,0.8228967517952808,0.1714030685501683,0.004372824944649745,0.0,0
44091,23,2,0.9497564454981335,1.492516305282994,0.5427598597848604,0.16703024360551855,0.0,0.0,0
44091,23,3,0.9497564454981335,1.7428707563907857,0.7931143108926522,0.1786031529498184,0.011572909344299859,0.0,0
44091,24,1,1.2890595694514322,2.240216824058441,0.9511572546070086,0.10317760774010591,0.0,0.0,0
44091,24,2,1.2890595694514322,1.8821406590014829,0.5930810895500507,0.10985771676689432,0.006680109026788408,0.0,0
44091,24,3,1.2890595694514322,2.4990471148375972,1.209987545386165,0.11221925145635044,0.009041643716244524,0.0,0
44091,25,1,1.0593274622252582,1.967064456756456,0.9077369945311977,0.1667480670372957,0.0,0.0,0
44091,25,2,1.0593274622252582,1.8098257370080286,0.7504982747827704,0.18823013685846948,0.021482069821173788,0.0,0
44091,25,3,1.0593274622252582,1.934845084764838,0.8755176225395798,0.18304707828614472,0.016299011248849027,0.0,0
44091,26,1,2.240668989894879,2.6785571222785145,0.43788813238363566,0.1863104076702586,0.0,0.0,0
44091,26,2,2.240668989894879,2.575998048306773,0.3353290584118942,0.19494683691576545,0.008636429245506838,0.0,0
44091,26,3,2.240668989894879,2.6556745367023127,0.41500554680743384,0.2028580166471374,0.01654760897687879,0.0,0
44091,27,1,1.3008962428121067,1.8500966319127727,0.549200389100666,0.1017525724848816,0.0,0.0,0
44091,27,2,1.3008962428121067,1.8224688838877323,0.5215726410756256,0.11455752408215801,0.012804951597276404,0.0,0
44091,27,3,1.3008962428121067,2.0133240784114625,0.7124278355993559,0.1151189920532219,0.013366419568340296,0.0,0
44091,28,1,0.7942557477581761,1.3817186274614712,0.5874628797032951,0.14661046249073054,0.015114979156684305,0.0,0
44091,28,2,0.7942557477581761,1.6366306480171136,0.8423749002589375,0.13535908379377232,0.0038636004597260853,0.0,0
44091,28,3,0.7942557477581761,1.3518460568744883,0.5575903091163122,0.13149548333404623,0.0,0.0,0
44091,29,1,1.1364337545504555,1.766241609856809,0.6298078553063535,0.180625904132555,0.003845408037106951,0.0,0
44091,29,2,1.1364337545504555,1.5452671162160319,0.4088333616655764,0.17678049609544805,0.0,0.0,0
44091,29,3,1.1364337545504555,1.9186754805015738,0.7822417259511183,0.1827449372646001,0.0059644411691520405,0.0,0
44091,30,1,2.0871789852704903,3.080524303240381,0.9933453179698906,0.11521089803852422,0.017802146896232288,0.0,0
44091,30,2,2.0871789852704903,3.054911254333806,0.9677322690633159,0.09960934944792282,0.0022005983056308936,0.0,0
44091,30,3,2.0871789852704903,2.8821570579877447,0.7949780727172544,0.09740875114229193,0.0,0.0,0
44091,31,1,2.197820887178464,2.659125869796848,0.4613049826183837,0.20552181139789039,0.0010461057315248046,0.002597082419260266,0
44091,31,2,2.197820887178464,2.7374340937312747,0.5396132065528105,0.20447570566636558,0.0,0.0,0
44091,31,3,2.197820887178464,2.477858284519954,0.28003739734149,0.2067597700696309,0.0022840644032653123,0.0,0
44091,32,1,2.802911337222259,3.2841732184596055,0.4812618812373466,0.16987722228891955,0.01639622793837245,0.002597082419260238,0
44091,32,2,2.802911337222259,3.085102845753849,0.28219150853159025,0.1534809943505471,0.0,0.0,0
44091,32,3,2.802911337222259,3.2437922534191976,0.4408809161969387,0.15384946676444108,0.0003684724138939832,0.0,0
44091,33,1,1.7127405505107718,2.365892097843461,0.6531515473326892,0.10787668581437582,0.0,0.002597082419260252,0
44091,33,2,1.7127405505107718,2.7841537294144754,1.0714131789037036,0.16051684049995396,0.052640154685578144,0.0,0
44091,33,3,1.7127405505107718,3.1370887913936536,1.4243482408828818,0.15964886668872597,0.05177218087435015,0.0,0
44091,34,1,1.4598924740066472,1.618972097631384,0.1590796236247367,0.16800028726001062,0.01619166120726337,0.08847595308019388,1
44091,34,2,1.4598924740066472,1.588563816945267,0.1286713429386197,0.15180862605274725,0.0,0.0,0
44091,34,3,1.4598924740066472,2.1083063547287137,0.6484138807220665,0.16548628787929867,0.013677661826551418,0.0,0
44091,35,1,1.338675980647547,2.0262459025254573,0.6875699218779103,0.16768781977636335,0.00916743515220056,0.08847595308019389,1
44091,35,2,1.338675980647547,1.9442606905903304,0.6055847099427834,0.1585203846241628,0.0,0.0,0
44091,35,3,1.338675980647547,1.926238107870595,0.587562127223048,0.18036038629684625,0.021840001672683462,0.0,0
44091,36,1,2.458557026407064,3.8536795994161657,1.3951225730091017,0.08277013002255473,0.0031887498424898603,0.08847595308019388,1
44091,36,2,2.458557026407064,3.5336507988798496,1.0750937724727856,0.07958138018006487,0.0,0.0,0
44091,36,3,2.458557026407064,3.5291604164533923,1.0706033900463283,0.0800834517555939,0.0005020715755290339,0.0,0
44091,37,1,1.6988413995284468,2.6725060290333453,0.9736646295048985,0.22619141031436077,0.0,0.1613398005814084,1
44091,37,2,1.6988413995284468,2.5991065655957715,0.9002651660673247,0.2316724689478092,0.0054810586334484435,0.08435048580063997,1
44091,37,3,1.6988413995284468,3.051393036791623,1.3525516372631763,0.25273437566494444,0.026542965350583675,0.0,0
44091,38,1,3.033569739766164,3.6408012799241973,0.6072315401580335,0.07801502418639705,0.0,0.16133980058140845,1
44091,38,2,3.033569739766164,3.7856693098084406,0.7520995700422768,0.12105130868101716,0.0430362844946201,0.08435048580063997,1
44091,38,3,3.033569739766164,4.646114969951838,1.612545230185674,0.16156268933070486,0.08354766514430781,0.0,0
44091,39,1,1.447170062158523,1.7357629611542749,0.2885928989957518,0.16505359929407531,0.017036771256680017,0.0,0
44091,39,2,1.447170062158523,1.578895209598429,0.13172514743990593,0.1480168280373953,0.0,0.0,0
44091,39,3,1.447170062158523,2.138823369916103,0.6916533077575799,0.16327510543209076,0.015258277394695458,0.0,0
44091,40,1,1.066002733843057,1.7255977952021901,0.659595061359133,0.21690106257143293,0.0,0.09605057576759064,1
44091,40,2,1.066002733843057,1.7055666658272846,0.6395639319842275,0.2233723525036589,0.006471289932225954,0.0,0
44091,40,3,1.066002733843057,1.9662319663702248,0.9002292325271677,0.23823639673900207,0.021335334167569137,0.0,0
44091,41,1,1.3087471161600537,2.3170159391833485,1.0082688230232948,0.18337919460457577,0.0,0.09605057576759063,1
44091,41,2,1.3087471161600537,2.0188886894360705,0.7101415732760168,0.19663766749882594,0.013258472894250167,0.0,0
44091,41,3,1.3087471161600537,2.4533740186814406,1.1446269025213869,0.2076427436272148,0.024263549022639025,0.0,0
44091,42,1,1.8937431457402443,2.5536615573082315,0.6599184115679873,0.08552176624927678,0.0,0.09605057576759064,1
44091,42,2,1.8937431457402443,2.671941337273167,0.7781981915329228,0.13779233107284833,0.05227056482357155,0.0,0
44091,42,3,1.8937431457402443,3.030057952878026,1.1363148071377818,0.14065132189910648,0.0551295556498297,0.0,0
44091,43,1,1.231273730945208,1.5032625214796334,0.2719887905344254,0.13563557399865656,0.006771052284273882,0.0,0
44091,43,2,1.231273730945208,1.3925145248093593,0.16124079386415135,0.12886452171438267,0.0,0.0,0
44091,43,3,1.231273730945208,1.879346945404245,0.6480732144590371,0.1355833486039802,0.006718826889597518,0.0,0
44091,44,1,1.7822515984301883,2.2168955200579767,0.4346439216277884,0.1334307758174493,0.005812566017638798,0.0,0
44091,44,2,1.7822515984301883,1.849069526561017,0.06681792813082876,0.1276182097998105,0.0,0.0,0
44091,44,3,1.7822515984301883,2.289932518930807,0.5076809205006187,0.13403417742166385,0.006415967621853341,0.0,0
44091,45,1,1.591573699842371,2.230701764534943,0.6391280646925721,0.13328252640825328,0.0029488276127527246,0.0,0
44091,45,2,1.591573699842371,1.9503796773153197,0.3588059774729486,0.13033369879550055,0.0,0.0,0
44091,45,3,1.591573699842371,2.225107769847169,0.633534070004798,0.1371879213175373,0.00685422252203674,0.0,0
44091,46,1,1.7081832779907091,2.122304041817977,0.4141207638272677,0.09552301116975745,0.0,0.0,0
44091,46,2,1.7081832779907091,2.325641973150778,0.6174586951600687,0.1016012917883672,0.006078280618609752,0.0,0
44091,46,3,1.7081832779907091,2.5418742575904516,0.8336909795997425,0.12840380160410106,0.03288079043434361,0.0,0
44091,47,1,1.2521396830459401,2.346255368553064,1.0941156855071237,0.13827181879623038,0.0,0.0,0
44091,47,2,1.2521396830459401,2.003385772971571,0.7512460899256308,0.14235221300082113,0.004080394204590748,0.0,0
44091,47,3,1.2521396830459401,2.344994902020635,1.0928552189746947,0.1627001880527021,0.02442836925647171,0.0,0
44091,48,1,0.9453115818041861,1.9425870637445413,0.9972754819403552,0.14130628832628334,0.0,0.0,0
44091,48,2,0.9453115818041861,1.7457195004248451,0.8004079186206591,0.1538935657738084,0.012587277447525053,0.0,0
44091,48,3,0.9453115818041861,1.8876704078650146,0.9423588260608285,0.1658966975291891,0.024590409202905755,0.0,0
44091,49,1,1.2068627301852863,2.258634700111341,1.0517719699260548,0.0872720015860594,0.0,0.0,0
44091,49,2,1.2068627301852863,1.943595355863831,0.7367326256785447,0.11045352832146774,0.02318152673540834,0.0,0
44091,49,3,1.2068627301852863,3.130283740439818,1.9234210102545315,0.142787137176669,0.055515135590609596,0.0,0
44091,50,1,1.723307513499608,2.274386224330704,0.5510787108310959,0.16614715410124575,0.0,0.0,0
44091,50,2,1.723307513499608,2.1778690052638368,0.45456149176422866,0.17009180084883513,0.003944646747589375,0.0,0
44091,50,3,1.723307513499608,2.3415840167977207,0.6182765032981126,0.1836676754510261,0.017520521349780355,0.0,0
44091,51,1,1.2830037324480332,2.0263929935084923,0.7433892610604591,0.11463786712518424,0.0,0.0,0
44091,51,2,1.2830037324480332,2.111022460941032,0.828018728492999,0.12500003039229776,0.01036216326711352,0.0,0
44091,51,3,1.2830037324480332,2.4349164973905673,1.151912764942534,0.1500069632852616,0.03536909616007737,0.0,0
44091,52,1,1.7930554565304977,3.0586870847544754,1.2656316282239777,0.08346680762648209,0.006413435633612741,0.0,0
44091,52,2,1.7930554565304977,2.4739829466443397,0.680927490113842,0.0789220150001929,0.0018686430073235477,0.0,0
44091,52,3,1.7930554565304977,2.7243073867947634,0.9312519302642657,0.07705337199286935,0.0,0.0,0
44091,53,1,26.73728831303519,27.019803747392494,0.282515434357304,0.08070911564005577,0.0,0.0,0
44091,53,2,26.73728831303519,26.951572773206088,0.21428446017089797,0.1282360458226534,0.04752693018259764,0.007254901262974178,1
44091,53,3,26.73728831303519,27.147803822120988,0.4105155090857977,0.14663257611094738,0.0659234604708916,0.016609019459748076,1
44091,54,1,26.682770212958122,26.949792271187714,0.2670220582295926,0.07006794421885985,0.0,0.0,0
44091,54,2,26.682770212958122,26.839071815778016,0.15630160281989447,0.1098748309939627,0.03980688677510284,0.009354118196773897,1
44091,54,3,26.682770212958122,27.10020903021566,0.41743881725753695,0.1349271676129561,0.06485922339409624,0.011648342548320145,1
44091,55,1,10.275589897408953,10.616729374162796,0.3411394767538436,0.13903076847547843,0.0,0.0,0
44091,55,2,10.275589897408953,10.507213156016128,0.23162325860717559,0.14641428323635827,0.007383514760879839,0.024696808769671855,1
44091,55,3,10.275589897408953,10.429876050318867,0.15428615290991488,0.14818061339284058,0.009149844917362149,0.024696808769671855,1
44091,56,1,14.112341836028563,14.435604382659728,0.32326254663116494,0.1320125858667926,0.0,0.0,0
44091,56,2,14.112341836028563,14.279072418444542,0.1667305824159797,0.14937689280142213,0.017364306934629536,0.024696808769671858,1
44091,56,3,14.112341836028563,14.47394920099608,0.3616073649675169,0.17028939876350266,0.03827681289671006,0.024696808769671858,1
44091,57,1,12.889632615464047,13.212483000701635,0.32285038523758836,0.1470107118539663,0.0,0.0,0
44091,57,2,12.889632615464047,13.079734985076295,0.1901023696122479,0.16501500053277002,0.018004288678803715,0.044227504655901084,1
44091,57,3,12.889632615464047,13.177408355723239,0.2877757402591925,0.1781262523903825,0.031115540536416186,0.03294827434321408,1
44091,58,1,11.897271312710213,12.178136822140845,0.2808655094306314,0.1298395262741292,0.0,0.011279230312687002,1
44091,58,2,11.897271312710213,12.05822503684077,0.16095372413055742,0.13534438753487024,0.00550486126074104,0.0,0
44091,58,3,11.897271312710213,12.136565468364676,0.23929415565446277,0.1481169375288092,0.018277411254679993,0.0,0
44091,59,1,15.36106086683067,15.668887367697483,0.3078265008668133,0.1345028135574201,0.0,0.0,0
44091,59,2,15.36106086683067,15.605677876467553,0.24461700963688315,0.15969726390769806,0.025194450350277953,0.05509579948069829,1
44091,59,3,15.36106086683067,15.593435958081585,0.2323750912509155,0.16676121368036834,0.03225840012294823,0.05509579948069829,1
44092,0,1,4.634850990550618,5.160896511750742,0.5260455212001247,0.18212017384599927,0.0,0.0707379063698721,1
44092,0,2,4.634850990550618,5.114884156137316,0.48003316558669873,0.18273037482157867,0.0006102009755794002,0.0,0
44092,0,3,4.634850990550618,4.884680861984049,0.24982987143343127,0.1932758270243668,0.01115565317836753,0.0,0
44092,1,1,2.2030742669069983,3.1084102027029794,0.9053359357959812,0.10080353609789788,0.0,0.0707379063698721,1
44092,1,2,2.2030742669069983,3.4651681156579612,1.262093848750963,0.10200717660364161,0.0012036405057437305,0.0,0
44092,1,3,2.2030742669069983,3.704395972222541,1.5013217053155428,0.1008176221158998,1.408601800191589e-05,0.0,0
44092,2,1,1.072317992541651,2.488031705197329,1.4157137126556778,0.2016018167581292,0.004970249733489945,0.0,0
44092,2,2,1.072317992541651,1.5978207533072912,0.5255027607656402,0.19663156702463924,0.0,0.0,0
44092,2,3,1.072317992541651,2.301473407287228,1.229155414745577,0.21317626071551765,0.01654469369087841,0.0,0
44092,3,1,1.059592043360292,1.1643181853180573,0.10472614195776542,0.14770969099211598,0.02231548914527237,0.0,0
44092,3,2,1.059592043360292,1.199803475754822,0.14021143239453004,0.1253942018468436,0.0,0.0,0
44092,3,3,1.059592043360292,1.3845026684307973,0.3249106250705054,0.13281475834647238,0.007420556499628778,0.0,0
44092,4,1,0.9469218865550333,1.541909626434094,0.5949877398790606,0.20041376785145437,0.011477702614346996,0.0,0
44092,4,2,0.9469218865550333,1.6940364429112822,0.7471145563562489,0.20002628607904158,0.0110902208419342,0.0,0
44092,4,3,0.9469218865550333,1.2419483161109324,0.2950264295558991,0.18893606523710738,0.0,0.0,0
44092,5,1,1.0066687992998253,1.3766480105509404,0.3699792112511151,0.18075027079181982,0.03377170072067168,0.023024625223205142,1
44092,5,2,1.0066687992998253,1.3600617339418193,0.35339293464199395,0.14697857007114815,0.0,0.0,0
44092,5,3,1.0066687992998253,1.4997615333493666,0.49309273404954124,0.1567055938619453,0.009727023790797151,0.0,0
44092,6,1,1.1349688880997106,1.5739516709221362,0.43898278282242553,0.22714575396052178,0.04179629270930835,0.023024625223205114,1
44092,6,2,1.1349688880997106,1.741980444177693,0.6070115560779823,0.18534946125121343,0.0,0.0,0
44092,6,3,1.1349688880997106,1.8044249655771487,0.6694560774774381,0.19690300822850654,0.011553546977293105,0.0,0
44092,7,1,2.4785120321291556,3.7364988073483985,1.2579867752192428,0.07517059130458738,0.0,0.023024625223205128,1
44092,7,2,2.4785120321291556,3.8677692791226064,1.3892572469934508,0.14853944791392398,0.0733688566093366,0.0,0
44092,7,3,2.4785120321291556,4.519540652430569,2.0410286203014136,0.1688379894809329,0.09366739817634552,0.0,0
44092,8,1,1.2877637540060154,1.8453857302505163,0.5576219762445009,0.1417021702081565,0.008201026370797226,0.0,0
44092,8,2,1.2877637540060154,1.976332864870922,0.6885691108649066,0.1369448044262336,0.0034436605888743255,0.0,0
44092,8,3,1.2877637540060154,1.7697618084472797,0.4819980544412643,0.13350114383735928,0.0,0.0,0
44092,9,1,0.7522907503959455,1.1827350096049463,0.43044425920900076,0.14179229972601157,0.019836338664767986,0.0,0
44092,9,2,0.7522907503959455,1.2481668649011888,0.49587611450524327,0.12195596106124358,0.0,0.0,0
44092,9,3,0.7522907503959455,1.4703140764708373,0.7180233260748918,0.12385169837235321,0.0018957373111096326,0.0,0
44092,10,1,1.1685810861922092,1.7983513129835695,0.6297702267913603,0.15164172419797683,0.0,0.0,0
44092,10,2,1.1685810861922092,1.9489355328262419,0.7803544466340326,0.16355692497227245,0.011915200774295615,0.0,0
44092,10,3,1.1685810861922092,1.9542674953759724,0.7856864091837632,0.16829628895842189,0.01665456476044505,0.0,0
44092,11,1,0.8423384310909132,1.1897091401013478,0.34737070901043454,0.14605869534932361,0.02742203746236592,0.1032760111614274,1
44092,11,2,0.8423384310909132,1.2532321921253518,0.41089376103443853,0.1186366578869577,0.0,0.0,0
44092,11,3,0.8423384310909132,1.5325319771746027,0.6901935460836894,0.12169003933540348,0.0030533814484457883,0.0,0
44092,12,1,1.1615630298128594,1.6220159874657079,0.46045295765284844,0.17501115764219694,0.013778141507188563,0.1032760111614274,1
44092,12,2,1.1615630298128594,1.6163952929844079,0.45483226317154846,0.16123301613500837,0.0,0.0,0
44092,12,3,1.1615630298128594,1.9440149269845908,0.7824518971717314,0.1626232157081052,0.0013901995730968286,0.0,0
44092,13,1,2.3155787586312693,2.730526740525501,0.4149479818942319,0.13018542890843826,0.0,0.1032760111614274,1
44092,13,2,2.3155787586312693,2.984345742592258,0.6687669839609889,0.15548488250409367,0.025299453595655413,0.0,0
44092,13,3,2.3155787586312693,3.0244809274562026,0.7089021688249333,0.18042465113138526,0.050239222222946994,0.0,0
44092,14,1,1.262530773961818,3.183435648092091,1.920904874130273,0.24551505924802552,0.0,0.06088486663778683,1
44092,14,2,1.262530773961818,2.25012386811719,0.9875930941553721,0.2495266227842158,0.004011563536190282,0.0,0
44092,14,3,1.262530773961818,3.1024664138585307,1.8399356398967128,0.25801023419645686,0.012495174948431331,0.0,0
44092,15,1,2.031682186730751,3.2893986054648225,1.2577164187340717,0.2106281905762186,0.0,0.060884866637786805,1
44092,15,2,2.031682186730751,3.3028831963668344,1.2712010096360835,0.25667897470464685,0.04605078412842825,0.0,0
44092,15,3,2.031682186730751,3.720580539517109,1.6888983527863584,0.2755791845728895,0.0649509939966709,0.0,0
44092,16,1,2.2260211905349565,2.642442479716552,0.4164212891815957,0.13210637103748807,0.0,0.06088486663778683,1
44092,16,2,2.2260211905349565,2.8529264772589635,0.626905286724007,0.14674117437270393,0.014634803335215857,0.0,0
44092,16,3,2.2260211905349565,2.7799425686239623,0.5539213780890058,0.15652414988296123,0.024417778845473165,0.0,0
44092,17,1,2.388289326800608,2.8651432604738196,0.4768539336732118,0.18914137402136783,0.03151036152929118,0.0,0
44092,17,2,2.388289326800608,2.7424578937098945,0.35416856690928666,0.15763101249207664,0.0,0.0,0
44092,17,3,2.388289326800608,2.7842424388192795,0.39595311201867167,0.18407455388084382,0.026443541388767172,0.0,0
44092,18,1,0.8682029866740596,1.341076796596897,0.47287380992283745,0.1941754029680337,0.02944180881027747,0.0,0
44092,18,2,0.8682029866740596,1.5470220973074365,0.6788191106333769,0.16473359415775624,0.0,0.0,0
44092,18,3,0.8682029866740596,1.6354556183588413,0.7672526316847817,0.17409385232779934,0.009360258170043101,0.0,0
44092,19,1,1.1043516549097165,2.0908360488376436,0.9864843939279271,0.1467668764522957,0.01746110234756304,0.0,0
44092,19,2,1.1043516549097165,1.6019672398201763,0.49761558491045976,0.12930577410473265,0.0,0.0,0
44092,19,3,1.1043516549097165,1.6178254751277727,0.5134738202180562,0.1472872928040749,0.017981518699342253,0.0,0
44092,20,1,1.369974961697709,1.8888203353527093,0.5188453736550003,0.1418249477947623,0.0,0.0,0
44092,20,2,1.369974961697709,1.9742047151776698,0.6042297534799608,0.16332008330006598,0.021495135505303686,0.0,0
44092,20,3,1.369974961697709,2.2328897695488887,0.8629148078511797,0.16476965975087937,0.02294471195611708,0.0,0
44092,21,1,2.0898277354850436,2.5927238219145345,0.5028960864294909,0.10097033578458833,0.0,0.0,0
44092,21,2,2.0898277354850436,2.9038772215134663,0.8140494860284226,0.12189911612124289,0.02092878033665456,0.0,0
44092,21,3,2.0898277354850436,3.055196869186763,0.9653691337017194,0.12354260791021092,0.022572272125622586,0.0,0
44092,22,1,1.5425639777053872,2.090678065592534,0.5481140878871469,0.1620117210974956,0.0,0.0,0
44092,22,2,1.5425639777053872,2.0022998950931727,0.4597359173877855,0.17985912817762903,0.017847407080133437,0.0,0
44092,22,3,1.5425639777053872,2.194174491189566,0.651610513484179,0.19262043104912574,0.030608709951630148,0.0,0
44092,23,1,0.9751537223787853,2.2255721075449015,1.2504183851661161,0.19613862051202982,0.0,0.0,0
44092,23,2,0.9751537223787853,1.6193564578095252,0.6442027354307399,0.19703568643380556,0.0008970659217757415,0.0,0
44092,23,3,0.9751537223787853,2.2353638577284944,1.260210135349709,0.20398903669345206,0.007850416181422237,0.0,0
44092,24,1,1.2529933061302563,2.1382186623807584,0.8852253562505021,0.10959340369892426,0.0,0.0,0
44092,24,2,1.2529933061302563,2.3083269911669286,1.0553336850366724,0.1372816977928158,0.027688294093891536,0.0,0
44092,24,3,1.2529933061302563,2.6560314824587556,1.4030381763284994,0.1421122760231451,0.03251887232422085,0.0,0
44092,25,1,1.0673935234817777,2.266120597946007,1.198727074464229,0.18134429831340665,0.0,0.0,0
44092,25,2,1.0673935234817777,2.3698848234516388,1.302491299969861,0.1917684482240975,0.01042414991069085,0.0,0
44092,25,3,1.0673935234817777,1.8659017115236296,0.7985081880418519,0.1836525387547023,0.002308240441295656,0.0,0
44092,26,1,2.2934531568624523,2.95987158148914,0.6664184246266878,0.2028439205810039,0.01579089619432883,0.0,0
44092,26,2,2.2934531568624523,2.7483811957666884,0.45492803890423605,0.18705302438667507,0.0,0.0,0
44092,26,3,2.2934531568624523,2.7378935996164118,0.44444044275395944,0.21290776768456476,0.0258547432978897,0.0,0
44092,27,1,1.3153836847181704,1.8262525903236806,0.5108689056055102,0.11424852933655584,0.0,0.0,0
44092,27,2,1.3153836847181704,2.26572061857369,0.9503369338555196,0.11566209659033126,0.0014135672537754218,0.0,0
44092,27,3,1.3153836847181704,2.127485825614798,0.8121021408966276,0.126542175845089,0.012293646508533165,0.0,0
44092,28,1,0.807484030841354,1.5080074265161014,0.7005233956747474,0.14897363116348167,0.014438361713124764,0.0,0
44092,28,2,0.807484030841354,1.5273607592489555,0.7198767284076015,0.1432958949407848,0.008760625490427887,0.0,0
44092,28,3,0.807484030841354,1.2916630516126384,0.4841790207712844,0.1345352694503569,0.0,0.0,0
44092,29,1,1.1291396174572657,2.0481081064221884,0.9189684889649228,0.19112895087632423,0.00947208391875165,0.0,0
44092,29,2,1.1291396174572657,1.734790328677311,0.6056507112200453,0.18165686695757258,0.0,0.0,0
44092,29,3,1.1291396174572657,1.939911608832824,0.8107719913755584,0.1908371569242787,0.009180289966706112,0.0,0
44092,30,1,1.9807078404753908,2.6191576357392483,0.6384497952638575,0.1321552592073122,0.0,0.0,0
44092,30,2,1.9807078404753908,2.6449407143946586,0.6642328739192678,0.15348690723596395,0.021331648028651756,0.0,0
44092,30,3,1.9807078404753908,2.5306370511613396,0.5499292106859488,0.1448765714058107,0.012721312198498508,0.0,0
44092,31,1,2.270980823502552,2.835472634489995,0.5644918109874428,0.21263730327255137,0.018333701497870003,0.0029747357032663957,0
44092,31,2,2.270980823502552,2.5132633802228237,0.24228255672027155,0.19430360177468137,0.0,0.0,0
44092,31,3,2.270980823502552,2.8120991487752867,0.5411183252727345,0.22327574804273956,0.02897214626805819,0.0,0
44092,32,1,2.8900758445357875,3.2023062291640523,0.3122303846282648,0.1771245286757644,0.03313897920155129,0.0029747357032663957,0
44092,32,2,2.8900758445357875,3.1366212521685193,0.2465454076327318,0.1439855494742131,0.0,0.0,0
44092,32,3,2.8900758445357875,3.353992275170878,0.46391643063509047,0.17484104951847895,0.03085550004426585,0.0,0
44092,33,1,1.9048459705116012,2.616118325988354,0.7112723554767526,0.10645417505508278,0.0,0.0029747357032663957,0
44092,33,2,1.9048459705116012,3.769177167694256,1.8643311971826546,0.1763754937498319,0.06992131869474913,0.0,0
44092,33,3,1.9048459705116012,2.929060025477537,1.024214054965936,0.15681166955400574,0.05035749449892296,0.0,0
44092,34,1,1.5035563993891776,1.836199766691904,0.3326433673027265,0.16721222673077607,0.016827572259931423,0.08929186732856341,1
44092,34,2,1.5035563993891776,1.6512364336537755,0.14768003426459786,0.15038465447084465,0.0,0.0,0
44092,34,3,1.5035563993891776,1.9585352962240041,0.4549788968348265,0.15461952901541015,0.004234874544565503,0.0,0
44092,35,1,1.3647477714096712,2.0958453351640913,0.7310975637544201,0.14020260723104752,0.0,0.0892918673285634,1
44092,35,2,1.3647477714096712,1.8707655998783614,0.5060178284686903,0.1477427148685458,0.007540107637498267,0.0,0
44092,35,3,1.3647477714096712,2.2496411637823184,0.8848933923726472,0.15841061004178444,0.018208002810736923,0.0,0
44092,36,1,2.494486317781706,3.729199230891106,1.2347129131094001,0.07306806813406652,0.0038820228817472435,0.08929186732856341,1
44092,36,2,2.494486317781706,4.170322033785934,1.6758357160042276,0.06918604525231928,0.0,0.0,0
44092,36,3,2.494486317781706,3.676465076096733,1.1819787583150267,0.0777036884722016,0.008517643219882326,0.0,0
44092,37,1,1.674760459458874,2.776566990272356,1.101806530813482,0.17350063446262481,0.0,0.16144558924677277,1
44092,37,2,1.674760459458874,2.18253540094135,0.5077749414824759,0.19953602002715018,0.026035385564525365,0.08405916625753135,1
44092,37,3,1.674760459458874,2.9072603521286347,1.2324998926697606,0.20524609156558804,0.031745457102963226,0.0,0
44092,38,1,3.1318642608854392,3.5337541768742993,0.40188991598886004,0.10532422589368097,0.0,0.16144558924677277,1
44092,38,2,3.1318642608854392,3.947552847257124,0.8156885863716847,0.13394019606985785,0.028615970176176883,0.08405916625753132,1
44092,38,3,3.1318642608854392,3.8422910260335414,0.7104267651481022,0.16416601531790667,0.0588417894242257,0.0,0
44092,39,1,1.4680596189913786,1.9310080423288802,0.46294842333750164,0.15966869439018583,0.0198082212617883,0.0,0
44092,39,2,1.4680596189913786,1.6487797766226582,0.18072015763127958,0.13986047312839753,0.0,0.0,0
44092,39,3,1.4680596189913786,2.139312464066388,0.6712528450750093,0.1446174390954135,0.004756965967015969,0.0,0
44092,40,1,1.098299425004402,2.2664064594285906,1.1681070344241886,0.21955105048040743,0.011831110199524375,0.0962970441320008,1
44092,40,2,1.098299425004402,1.6813678028026868,0.5830683777982848,0.20771994028088306,0.0,0.0,0
44092,40,3,1.098299425004402,2.2213235758988885,1.1230241508944865,0.22494964692201913,0.017229706641136072,0.0,0
44092,41,1,1.2709982623860636,3.095423176497552,1.8244249141114883,0.22195657681580286,0.0,0.0962970441320008,1
44092,41,2,1.2709982623860636,3.1360496476206707,1.8650513852346071,0.26576384138285813,0.043807264567055276,0.0,0
44092,41,3,1.2709982623860636,3.3374450666358455,2.066446804249782,0.26592809938556716,0.043971522569764304,0.0,0
44092,42,1,2.0115761464200075,2.697872526845599,0.6862963804255915,0.09896670901702896,0.0,0.0962970441320008,1
44092,42,2,2.0115761464200075,3.4488420487419744,1.437265902321967,0.1614972241197328,0.06253051510270384,0.0,0
44092,42,3,2.0115761464200075,2.907180845574416,0.8956046991544087,0.1512885944253664,0.052321885408337446,0.0,0
44092,43,1,1.2815105597685588,1.640576348704057,0.35906578893549823,0.142797378406597,0.012967562444416492,0.0,0
44092,43,2,1.2815105597685588,1.9467597267713856,0.6652491670028269,0.13331385702179244,0.00348404105961192,0.0,0
44092,43,3,1.2815105597685588,1.8195781469282726,0.5380675871597138,0.12982981596218052,0.0,0.0,0
44092,44,1,1.8187264133132985,2.433959728222562,0.6152333149092635,0.13853429537607514,0.005638892668094392,0.0,0
44092,44,2,1.8187264133132985,2.2618193878111335,0.4430929744978349,0.13360588168447032,0.0007104789764895703,0.0,0
44092,44,3,1.8187264133132985,2.6047272814258857,0.7860008681125872,0.13289540270798075,0.0,0.0,0
44092,45,1,1.6218275812517213,2.7735923664783724,1.151764785226651,0.13614401553600244,0.0007890601108323791,0.0,0
44092,45,2,1.6218275812517213,2.734100642077941,1.1122730608262195,0.13855689739636465,0.003201941971194583,0.0,0
44092,45,3,1.6218275812517213,2.0860112375428153,0.4641836562910939,0.13535495542517006,0.0,0.0,0
44092,46,1,1.720310046632101,2.0078910788095423,0.28758103217744124,0.10314967550488684,0.0,0.0,0
44092,46,2,1.720310046632101,2.28505658576198,0.5647465391298787,0.11257621645215588,0.009426540947269038,0.0,0
44092,46,3,1.720310046632101,2.2881258976628907,0.5678158510307896,0.12577681194717505,0.022627136442288212,0.0,0
44092,47,1,1.256884543594126,2.3375423255217527,1.0806577819276266,0.15859155476664522,0.0,0.0,0
44092,47,2,1.256884543594126,2.0080185567714905,0.7511340131773645,0.1586386929459604,4.713817931517594e-05,0.0,0
44092,47,3,1.256884543594126,2.25694017076543,1.000055627171304,0.17441770488987143,0.015826150123226218,0.0,0
44092,48,1,0.9592920670761862,1.9616141232584212,1.002322056182235,0.15682195697223245,0.0,0.0,0
44092,48,2,0.9592920670761862,1.579686760197697,0.6203946931215107,0.17842370547837919,0.02160174850614674,0.0,0
44092,48,3,0.9592920670761862,2.1201866812183416,1.1608946141421554,0.18293499594078227,0.02611303896854983,0.0,0
44092,49,1,1.1366832866291028,2.2987116530270955,1.1620283663979927,0.10903912578391146,0.0,0.0,0
44092,49,2,1.1366832866291028,2.3629333330697717,1.226250046440669,0.15767591765514719,0.04863679187123572,0.0,0
44092,49,3,1.1366832866291028,2.7400012878157334,1.6033180011866306,0.17411116088225792,0.06507203509834646,0.0,0
44092,50,1,1.828846044293011,2.5248182821631686,0.6959722378701576,0.168080569236558,0.0,0.0,0
44092,50,2,1.828846044293011,2.4811024046008794,0.6522563603078684,0.1848331218341292,0.01675255259757119,0.0,0
44092,50,3,1.828846044293011,2.6694332687425915,0.8405872244495805,0.20910764081463395,0.041027071578075947,0.0,0
44092,51,1,1.2836304646987269,2.2939705450594254,1.0103400803606986,0.1422937543131434,0.0,0.0,0
44092,51,2,1.2836304646987269,2.444843503009939,1.1612130383112123,0.1782944635364598,0.03600070922331641,0.0,0
44092,51,3,1.2836304646987269,2.7619292985041874,1.4782988338054606,0.19608312837988487,0.053789374066741474,0.0,0
44092,52,1,1.5144387040009728,2.183153976073487,0.668715272072514,0.10684626776843134,0.0,0.0,0
44092,52,2,1.5144387040009728,2.505482584220795,0.9910438802198223,0.14394705882917389,0.037100791060742544,0.0,0
44092,52,3,1.5144387040009728,2.1016896853060736,0.5872509813051008,0.1286535632383494,0.021807295469918053,0.0,0
44092,53,1,2.461144099596338,3.3505785873531266,0.8894344877567888,0.21710142442786332,0.0027316973191428007,0.059981402268642126,1
44092,53,2,2.461144099596338,3.1647657009202423,0.7036216013239045,0.21436972710872051,0.0,0.0823408704867804,1
44092,53,3,2.461144099596338,3.285795469703781,0.8246513701074432,0.22684880612748853,0.012479079018768019,0.0,0
44092,54,1,1.727785634262562,3.0137247617324987,1.2859391274699368,0.21289633798609028,0.0,0.18531316945175477,1
44092,54,2,1.727785634262562,3.095846578036122,1.36806094377356,0.2361620055080213,0.023265667521931016,0.10297229896497437,1
44092,54,3,1.727785634262562,3.1026154905425787,1.3748298562800167,0.24606575628232077,0.03316941829623049,0.0,0
44092,55,1,25.486779792673865,25.78786996200396,0.30109016933009514,0.08008154767320304,0.0,0.004865006704458663,0
44092,55,2,25.486779792673865,25.66905971542986,0.18227992275599547,0.12653365720469809,0.04645210953149505,0.0,0
44092,55,3,25.486779792673865,25.855108505758473,0.36832871308460824,0.14169348060526554,0.061611932932062505,0.007140484749949799,1
44092,56,1,27.290801558696092,27.582857337938385,0.2920557792422933,0.07642526760401475,0.0,0.0,0
44092,56,2,27.290801558696092,27.462110396687613,0.1713088379915213,0.12315987595954266,0.04673460835552791,0.0071404847499497714,1
44092,56,3,27.290801558696092,27.655723452075545,0.3649218933794529,0.14006774612021933,0.06364247851620458,0.015650068469911543,1
44092,57,1,10.53112234508242,10.75360299298143,0.22248064789901,0.1370285823372349,0.0013226909317988478,0.0,0
44092,57,2,10.53112234508242,10.739231302999254,0.20810895791683492,0.13657750077441408,0.000871609368978038,0.02359289802837003,1
44092,57,3,10.53112234508242,10.946384980539637,0.41526263545721775,0.13570589140543604,0.0,0.02359289802837003,1
44092,58,1,14.423733356659218,14.671721184136752,0.24798782747753378,0.15030609374012055,0.0,0.0,0
44092,58,2,14.423733356659218,14.59127445414748,0.16754109748826274,0.1586120951717546,0.008306001431634041,0.02359289802837002,1
44092,58,3,14.423733356659218,14.511964428413496,0.08823107175427758,0.16405546396866136,0.013749370228540808,0.02359289802837002,1
44092,59,1,13.170975859333364,13.429747118517529,0.2587712591841651,0.1766632596954049,0.004187861815167143,0.0,0
44092,59,2,13.170975859333364,13.299189636577921,0.1282137772445573,0.17247539788023775,0.0,0.04441104297205187,1
44092,59,3,13.170975859333364,13.417042430434146,0.24606657110078167,0.17269666953361695,0.00022127165337920696,0.031816793023500184,1
44092,60,1,12.191249710852665,12.540239995056957,0.3489902842042927,0.14451602961126464,0.013460634554861767,0.012594249948551697,1
44092,60,2,12.191249710852665,12.393762538799246,0.2025128279465811,0.13105539505640287,0.0,0.0,0
44092,60,3,12.191249710852665,12.367961333453028,0.17671162260036333,0.13758539140445133,0.006529996348048461,0.0,0
44092,61,1,15.701625289286891,15.876548154155298,0.1749228648684067,0.1600591257596217,0.0020412191983084638,0.0,0
44092,61,2,15.701625289286891,15.828488940809141,0.12686365152224965,0.15801790656131323,0.0,0.05444066771895449,1
44092,61,3,15.701625289286891,15.803337024322397,0.10171173503550612,0.16604764746420253,0.008029740902889299,0.05444066771895449,1
44093,0,1,1.035036328720911,1.91149392238243,0.8764575936615191,0.11416781973380419,0.014796368369749027,0.02413353716470379,1
44093,0,2,1.035036328720911,1.300560792009367,0.2655244632884559,0.09937145136405516,0.0,0.0,0
44093,0,3,1.035036328720911,1.7283830009229366,0.6933466722020256,0.10531368941627615,0.005942238052220994,0.0,0
44093,1,1,1.195938386571192,2.4902541221529884,1.2943157355817965,0.17562557805292786,0.008479541022121367,0.024133537164703817,1
44093,1,2,1.195938386571192,1.943771860033846,0.7478334734626542,0.17079033539004226,0.0036442983592357703,0.0,0
44093,1,3,1.195938386571192,2.3791640847529765,1.1832256981817846,0.1671460370308065,0.0,0.0,0
44093,2,1,2.7257963362931337,3.774793756461391,1.0489974201682575,0.08152022665445745,0.0,0.024133537164703803,1
44093,2,2,2.7257963362931337,3.7345031601586833,1.0087068238655497,0.1346738639039192,0.053153637249461747,0.0,0
44093,2,3,2.7257963362931337,4.275718773972434,1.5499224376793004,0.15704367696149735,0.0755234503070399,0.0,0
44093,3,1,1.3530827729396626,2.012227681334143,0.6591449083944805,0.10963563649957035,0.00868976761414024,0.0,0
44093,3,2,1.3530827729396626,1.5597634261817424,0.20668065324207974,0.10094586888543011,0.0,0.0,0
44093,3,3,1.3530827729396626,1.8277444882263072,0.4746617152866446,0.10530368748570858,0.004357818600278465,0.0,0
44093,4,1,0.7683452480273514,1.5841524911181473,0.8158072430907959,0.1005342401025439,0.006970542059593826,0.0,0
44093,4,2,0.7683452480273514,1.1635725856739552,0.3952273376466038,0.09356369804295007,0.0,0.0,0
44093,4,3,0.7683452480273514,1.216644046082319,0.44829879805496753,0.10088563149342811,0.007321933450478033,0.0,0
44093,5,1,1.1582077209086843,1.7183704439598961,0.5601627230512118,0.0927194158453654,0.012391345121856204,0.0,0
44093,5,2,1.1582077209086843,1.7040316881981865,0.5458239672895022,0.0803280707235092,0.0,0.0,0
44093,5,3,1.1582077209086843,1.8108212140582705,0.6526134931495862,0.09132773882098466,0.010999668097475462,0.0,0
44093,6,1,0.8723142316208315,1.6627308921485464,0.7904166605277149,0.10752293819032867,0.009429984472731065,0.10273123995314959,1
44093,6,2,0.8723142316208315,1.2029765820382436,0.3306623504174121,0.0980929537175976,0.0,0.0,0
44093,6,3,0.8723142316208315,1.4746349267841412,0.6023206951633097,0.10231571455314424,0.004222760835546638,0.0,0
44093,7,1,0.8799074163730742,1.2978397582940975,0.41793234192102324,0.10637879471005152,0.0,0.10273123995314959,1
44093,7,2,0.8799074163730742,1.50921476933751,0.6293073529644357,0.1079569584698234,0.0015781637597718778,0.0,0
44093,7,3,0.8799074163730742,1.2952873673204095,0.41537995094733526,0.11390131236220202,0.007522517652150507,0.0,0
44093,8,1,2.529047486915922,3.0269168203198844,0.49786933340396233,0.10626561732041928,0.0,0.10273123995314959,1
44093,8,2,2.529047486915922,3.1033337530126084,0.5742862660966863,0.14508655367394274,0.03882093635352346,0.0,0
44093,8,3,2.529047486915922,3.4098808117470063,0.8808333248310842,0.14819172649067539,0.041926109170256104,0.0,0
44093,9,1,1.2391105887612592,3.3848092113446433,2.1456986225833843,0.16597152988899663,0.0,0.060464431869113655,1
44093,9,2,1.2391105887612592,3.714426377498522,2.4753157887372623,0.22948016498730436,0.06350863509830773,0.0,0
44093,9,3,1.2391105887612592,4.468232572735995,3.2291219839747356,0.2500678331591042,0.08409630327010756,0.0,0
44093,10,1,1.7836799252639897,2.8141990107988883,1.0305190855348987,0.20045241881450082,0.0,0.06046443186911368,1
44093,10,2,1.7836799252639897,2.736619256629102,0.9529393313651124,0.2043109140965893,0.003858495282088481,0.0,0
44093,10,3,1.7836799252639897,3.0868885854828028,1.303208660218813,0.2380730869171652,0.03762066810266437,0.0,0
44093,11,1,3.1227334728808134,3.8134378750854623,0.6907044022046489,0.10402838479693498,0.0,0.0604644318691137,1
44093,11,2,3.1227334728808134,3.852120225366947,0.7293867524861337,0.13893931710889482,0.03491093231195984,0.0,0
44093,11,3,3.1227334728808134,3.8835046326636657,0.7607711597828524,0.14425372868505898,0.040225343888124,0.0,0
44093,12,1,2.2357286377430987,2.9070416374326706,0.6713129996895719,0.12347780744816404,0.0,0.0,0
44093,12,2,2.2357286377430987,2.858918794929494,0.6231901571863951,0.12827602642381924,0.004798218975655202,0.0,0
44093,12,3,2.2357286377430987,2.6860110477842,0.45028241004110114,0.13254353216114678,0.00906572471298274,0.0,0
44093,13,1,0.9990368778669033,1.7976007150817932,0.7985638372148899,0.13940891538760783,0.02839412776510472,0.0,0
44093,13,2,0.9990368778669033,1.441219792452502,0.4421829145855988,0.11101478762250311,0.0,0.0,0
44093,13,3,0.9990368778669033,1.6887321600831826,0.6896952822162793,0.1252016613131047,0.014186873690601592,0.0,0
44093,14,1,1.0815139368463726,1.575779150377998,0.49426521353162545,0.11537293856731724,0.0,0.0,0
44093,14,2,1.0815139368463726,1.5869462470040756,0.505432310157703,0.11930651252767231,0.003933573960355069,0.0,0
44093,14,3,1.0815139368463726,1.3479369709225455,0.26642303407617285,0.12375136587545316,0.008378427308135913,0.0,0
44093,15,1,1.2289080756540123,2.155309577270234,0.9264015016162219,0.12222316005811167,0.006351703580476903,0.0,0
44093,15,2,1.2289080756540123,1.7620228451056519,0.5331147694516396,0.11825948205527649,0.002388025577641728,0.0,0
44093,15,3,1.2289080756540123,2.2737023178928375,1.0447942422388252,0.11587145647763476,0.0,0.0,0
44093,16,1,2.0540175042344426,3.2807071090099766,1.226689604775534,0.07082450109875713,0.0,0.0,0
44093,16,2,2.0540175042344426,3.425771620794644,1.3717541165602012,0.11440366096430257,0.04357915986554545,0.0,0
44093,16,3,2.0540175042344426,3.7023503347342883,1.6483328304998457,0.12213323197613667,0.05130873087737954,0.0,0
44093,17,1,1.409063538760707,2.011341987042491,0.6022784482817842,0.13532889244723298,0.0,0.0,0
44093,17,2,1.409063538760707,2.018849433634977,0.6097858948742703,0.13553078029445453,0.00020188784722155462,0.0,0
44093,17,3,1.409063538760707,1.8703580278196301,0.46129448905892323,0.14412294985980992,0.008794057412576939,0.0,0
44093,18,1,1.0376063129847153,1.7783184370583638,0.7407121240736485,0.13871203167026516,0.0,0.0,0
44093,18,2,1.0376063129847153,1.6861846057695682,0.6485782927848529,0.13989689029930616,0.0011848586290409968,0.0,0
44093,18,3,1.0376063129847153,1.630758839060762,0.5931525260760466,0.14676829042298553,0.008056258752720369,0.0,0
44093,19,1,1.3015047322845814,1.7946409227347622,0.49313619045018076,0.09728595806723202,0.013558930182665185,0.0,0
44093,19,2,1.3015047322845814,1.840579698420219,0.5390749661356375,0.08608670997608883,0.002359682091522,0.0,0
44093,19,3,1.3015047322845814,2.0485137847452917,0.7470090524607103,0.08372702788456683,0.0,0.0,0
44093,20,1,1.062156270547177,2.263261640388283,1.2011053698411058,0.22408387183498069,0.03248992093114153,0.0,0
44093,20,2,1.062156270547177,2.244532306671469,1.182376036124292,0.201295326162524,0.009701375258684836,0.0,0
44093,20,3,1.062156270547177,2.415174276991083,1.353018006443906,0.19159395090383916,0.0,0.0,0
44093,21,1,2.128585350625115,2.532425780385544,0.4038404297604292,0.1473294579684458,0.0,0.0,0
44093,21,2,2.128585350625115,2.643415980567615,0.5148306299425003,0.15805018621000702,0.010720728241561228,0.0,0
44093,21,3,2.128585350625115,2.5570979829746485,0.42851263234953363,0.17382240966546975,0.026492951697023953,0.0,0
44093,22,1,1.3253207366672082,2.105402999196432,0.7800822625292239,0.13682186325434637,0.031059982894765123,0.0,0
44093,22,2,1.3253207366672082,1.788015403770514,0.46269466710330587,0.10933493169501426,0.0035730513354330223,0.0,0
44093,22,3,1.3253207366672082,2.027572847465838,0.7022521107986299,0.10576188035958124,0.0,0.0,0
44093,23,1,0.8007397157783064,1.7512421000949918,0.9505023843166854,0.10734511398530082,0.008418990038626922,0.0,0
44093,23,2,0.8007397157783064,1.246477879020341,0.44573816324203464,0.0989261239466739,0.0,0.0,0
44093,23,3,0.8007397157783064,1.560677898791137,0.7599381830128306,0.10514958667494326,0.0062234627282693605,0.0,0
44093,24,1,1.2390422657131048,1.9042526363042498,0.665210370591145,0.09405027440186928,0.0,0.0,0
44093,24,2,1.2390422657131048,1.966071457893485,0.7270291921803802,0.10848356419412565,0.014433289792256374,0.0,0
44093,24,3,1.2390422657131048,1.8457767336285245,0.6067344679154196,0.11564802188054857,0.02159774747867929,0.0,0
44093,25,1,1.8927162856429365,3.2325605862457985,1.339844300602862,0.08681503877018647,0.0,0.0,0
44093,25,2,1.8927162856429365,3.4724981297742032,1.5797818441312668,0.13285118392973147,0.046036145159545,0.0,0
44093,25,3,1.8927162856429365,3.4913681874035825,1.598651901760646,0.13574421440502102,0.04892917563483455,0.0,0
44093,26,1,2.0187722223178084,2.351669737241017,0.3328975149232085,0.15060524661611324,0.0,0.004445564354560061,0
44093,26,2,2.0187722223178084,2.8161730042375863,0.7974007819197779,0.15730290878864148,0.006697662172528235,0.0,0
44093,26,3,2.0187722223178084,2.824171344655835,0.8053991223380268,0.1553298536240145,0.004724607007901255,0.0,0
44093,27,1,2.911405277559782,3.292007478580789,0.38060220102100706,0.13358065109727016,0.0,0.004445564354560089,0
44093,27,2,2.911405277559782,3.3742686600935414,0.46286338253375936,0.14164869650712314,0.00806804540985298,0.0,0
44093,27,3,2.911405277559782,3.219348096770233,0.30794281921045075,0.14299452432077867,0.009413873223508507,0.0,0
44093,28,1,1.9717784793132132,3.291948777111461,1.320170297798248,0.14699885755366093,0.0,0.004445564354560075,0
44093,28,2,1.9717784793132132,3.652260756211075,1.680482276897862,0.14881273634225733,0.0018138787885964014,0.0,0
44093,28,3,1.9717784793132132,3.256198205434946,1.2844197261217327,0.16755563873056392,0.02055678117690299,0.0,0
44093,29,1,1.6898860164398468,2.2417102811615375,0.5518242647216907,0.12140415706218127,0.00035696545328171847,0.0,0
44093,29,2,1.6898860164398468,1.9752242758848886,0.28533825944504176,0.12104719160889955,0.0,0.0,0
44093,29,3,1.6898860164398468,1.9664855360853088,0.27659951964546203,0.13923689186252053,0.018189700253620975,0.0,0
44093,30,1,1.3436756000003132,1.6258885343409477,0.28221293434063455,0.11894197108729744,0.0,0.0,0
44093,30,2,1.3436756000003132,1.769461236820226,0.4257856368199129,0.1232837082085473,0.004341737121249856,0.0,0
44093,30,3,1.3436756000003132,1.6209493272990432,0.27727372729873,0.13887516945304015,0.019933198365742713,0.0,0
44093,31,1,2.0924345708608,2.953634542237443,0.8611999713766432,0.07732006493685643,0.012187702826328972,0.0,0
44093,31,2,2.0924345708608,2.9748183862338893,0.8823838153730894,0.06513236211052746,0.0,0.0,0
44093,31,3,2.0924345708608,2.8606970878875564,0.7682625170267565,0.06551098089132935,0.0003786187808018926,0.0,0
44093,32,1,1.7102104793845037,2.8101626113072515,1.0999521319227479,0.1660397712325974,0.0,0.15996180696669798,1
44093,32,2,1.7102104793845037,3.0754991899963726,1.365288710611869,0.2121661995655469,0.0461264283329495,0.08367628777769542,1
44093,32,3,1.7102104793845037,3.3582284597355487,1.648017980351045,0.22538963191408876,0.05934986068149137,0.0,0
44093,33,1,3.1840528777551063,3.752688844664803,0.5686359669096968,0.10368154984800564,0.0,0.15996180696669793,1
44093,33,2,3.1840528777551063,3.7788348522493598,0.5947819744942535,0.1400270940199926,0.036345544171986974,0.08367628777769542,1
44093,33,3,3.1840528777551063,4.368824771118855,1.1847718933637488,0.17436844112848862,0.07068689128048299,0.0,0
44093,34,1,1.590343631499484,1.923917825169294,0.33357419366981,0.1220631560674223,0.0,0.0,0
44093,34,2,1.590343631499484,2.1753518949599266,0.5850082634604425,0.12444017423498704,0.0023770181675647484,0.0,0
44093,34,3,1.590343631499484,2.0937755356227528,0.5034319041232687,0.14761070315590785,0.025547547088485556,0.0,0
44093,35,1,0.9975924044248575,1.3862799884074273,0.38868758398256975,0.1467205889014628,0.0,0.0967021041974987,1
44093,35,2,0.9975924044248575,1.541161981673063,0.5435695772482055,0.15472702637056793,0.008006437469105121,0.0,0
44093,35,3,0.9975924044248575,1.5189998703801253,0.5214074659552678,0.17363294434890372,0.026912355447440917,0.0,0
44093,36,1,1.3811325963963035,3.1333636231723765,1.752231026776073,0.18365000690363012,0.0,0.0967021041974987,1
44093,36,2,1.3811325963963035,3.0927233765233515,1.711590780127048,0.22436004516118183,0.040710038257551706,0.0,0
44093,36,3,1.3811325963963035,4.562318046891356,3.1811854504950525,0.2614099931485111,0.07775998624488098,0.0,0
44093,37,1,1.902112677420315,2.6639809643242955,0.7618682869039806,0.10244015889296472,0.0,0.0967021041974987,1
44093,37,2,1.902112677420315,2.6162867909691396,0.7141741135488247,0.1416328559372012,0.03919269704423649,0.0,0
44093,37,3,1.902112677420315,2.9497009562671272,1.0475882788468123,0.1556354624405247,0.05319530354755998,0.0,0
44093,38,1,1.3300905282148523,1.9104043053116027,0.5803137770967504,0.12570971836444841,0.015037724014371812,0.0,0
44093,38,2,1.3300905282148523,1.5011720649633435,0.17108153674849125,0.1106719943500766,0.0,0.0,0
44093,38,3,1.3300905282148523,1.755045654287065,0.42495512607221264,0.1270859015529688,0.01641390720289221,0.0,0
44093,39,1,1.8514785666735372,2.2436811792593354,0.39220261258579825,0.1191140130717701,0.0036134645131889187,0.0,0
44093,39,2,1.8514785666735372,2.072814848421542,0.2213362817480049,0.11550054855858118,0.0,0.0,0
44093,39,3,1.8514785666735372,2.0050793297011653,0.15360076302762815,0.12468667340786788,0.0091861248492867,0.0,0
44093,40,1,1.5803701534395027,2.1677308305995417,0.587360677160039,0.1149816704918315,0.004597705764159715,0.0,0
44093,40,2,1.5803701534395027,1.8055416571463325,0.2251715037068298,0.11038396472767179,0.0,0.0,0
44093,40,3,1.5803701534395027,1.9064023224190705,0.32603216897956777,0.12308553754470887,0.012701572817037085,0.0,0
44093,41,1,1.7692122992840922,2.1904994959421704,0.42128719665807823,0.10925879470239855,0.02285224682353855,0.0,0
44093,41,2,1.7692122992840922,2.089902344779052,0.3206900454949597,0.08640654787886,0.0,0.0,0
44093,41,3,1.7692122992840922,2.1838058049471325,0.4145935056630403,0.09250791312686354,0.006101365248003546,0.0,0
44093,42,1,1.166921870012559,2.2080468981629324,1.0411250281503734,0.1323818059336308,0.0,0.0,0
44093,42,2,1.166921870012559,1.9640806669887365,0.7971587969761775,0.137081081626301,0.004699275692670202,0.0,0
44093,42,3,1.166921870012559,1.7399889640275816,0.5730670940150226,0.14506924428713017,0.012687438353499364,0.0,0
44093,43,1,0.9727432571456205,1.8926743307238958,0.9199310735782753,0.14086773524518378,0.0,0.0,0
44093,43,2,0.9727432571456205,1.8214033314967781,0.8486600743511576,0.14760607975085455,0.0067383445056707625,0.0,0
44093,43,3,0.9727432571456205,1.8193312093948386,0.8465879522492181,0.15103606497396152,0.010168329728777736,0.0,0
44093,44,1,1.2977141832689258,1.904391424203353,0.6066772409344272,0.10357635558646676,0.0,0.0,0
44093,44,2,1.2977141832689258,2.5217644832306725,1.2240502999617466,0.10574480225053243,0.002168446664065668,0.0,0
44093,44,3,1.2977141832689258,1.974880107171679,0.6771659239027532,0.10540228955973169,0.0018259339732649288,0.0,0
44093,45,1,1.5556652339295352,1.7638728341866343,0.20820760025709917,0.11849357454390952,0.0,0.0,0
44093,45,2,1.5556652339295352,2.3576808322192635,0.8020155982897283,0.1395671730903938,0.021073598546484273,0.0,0
44093,45,3,1.5556652339295352,2.3715621710858508,0.8158969371563156,0.1317641229557524,0.013270548411842886,0.0,0
44093,46,1,1.2870043192775666,1.7737469445166574,0.48674262523909073,0.11374569198583227,0.0,0.0,0
44093,46,2,1.2870043192775666,1.9112850109286668,0.6242806916511001,0.12248196732073702,0.008736275334904745,0.0,0
44093,46,3,1.2870043192775666,1.8001348082626625,0.5131304889850958,0.12440890358164414,0.010663211595811864,0.0,0
44093,47,1,1.80844830585756,2.802230765938126,0.993782460080566,0.06859620767013173,0.0,0.0,0
44093,47,2,1.80844830585756,3.146181054089015,1.337732748231455,0.07425713145059952,0.005660923780467786,0.0,0
44093,47,3,1.80844830585756,2.168923292054674,0.36047498619711416,0.0694375041881715,0.0008412965180397691,0.0,0
44093,48,1,2.2522433264887147,3.7301214737836283,1.4778781472949136,0.15702245759727096,0.0,0.18340660099598255,1
44093,48,2,2.2522433264887147,3.9053174220624127,1.653074095573698,0.220605650011494,0.06358319241422303,0.10224327488765106,1
44093,48,3,2.2522433264887147,4.344117868344394,2.0918745418556797,0.24078440720188654,0.08376194960461558,0.0,0
44093,49,1,1.85098697649929,3.6535789142646964,1.8025919377654065,0.2030112871537085,0.0,0.18340660099598255,1
44093,49,2,1.85098697649929,3.463436605978334,1.612449629479044,0.21421233489472993,0.01120104774102143,0.10224327488765107,1
44093,49,3,1.85098697649929,3.7045350692701526,1.8535480927708627,0.2165578411321437,0.01354655397843521,0.0,0
44093,50,1,1.0091741081442704,1.6506213693458183,0.6414472612015478,0.1211759621213314,0.0,0.0,0
44093,50,2,1.0091741081442704,1.7274691001646427,0.7182949920203723,0.12692969878220078,0.005753736660869382,0.0,0
44093,50,3,1.0091741081442704,1.6700733726688177,0.6608992645245473,0.13031003258549886,0.009134070464167462,0.0,0
44093,51,1,1.198293798666263,1.649681509572329,0.451387710906066,0.11366573680639351,0.0,0.0,0
44093,51,2,1.198293798666263,2.3085646298570253,1.1102708311907623,0.12116463788592255,0.007498901079529038,0.0,0
44093,51,3,1.198293798666263,2.0140032812470383,0.8157094825807754,0.11396720011123705,0.0003014633048435411,0.0,0
44093,52,1,1.7462071997984343,2.3466957284151215,0.6004885286166872,0.05967624849761321,0.006575078561035799,0.0,0
44093,52,2,1.7462071997984343,2.7171233658410174,0.9709161660425831,0.05782574381809586,0.004724573881518451,0.0,0
44093,52,3,1.7462071997984343,2.4893524629858126,0.7431452631873783,0.05310116993657741,0.0,0.0,0
44093,53,1,25.548697512014208,25.82057778019263,0.27188026817842115,0.09175993508925652,0.0,0.004725624179998361,0
44093,53,2,25.548697512014208,25.634543510964694,0.08584599895048584,0.12719398721009234,0.03543405212083582,0.0,0
44093,53,3,25.548697512014208,25.851866072289614,0.30316856027540595,0.1425490987049274,0.05078916361567089,0.006953028222985713,1
44093,54,1,27.745803630003355,27.981789540590995,0.2359859105876403,0.08974347399966816,0.0,0.0,0
44093,54,2,27.745803630003355,27.83928421752602,0.09348058752266653,0.12796730645954266,0.0382238324598745,0.006953028222985727,1
44093,54,3,27.745803630003355,28.00533695837146,0.2595333283681036,0.14143683562758128,0.05169336162791312,0.014925268570980588,1
44093,55,1,11.68705185703114,11.768653692197983,0.08160183516684327,0.12236464928296067,0.0,0.0,0
44093,55,2,11.68705185703114,11.776134375743275,0.0890825187121358,0.12298614120480063,0.0006214919218399534,0.024108101011859603,1
44093,55,3,11.68705185703114,11.753570889048898,0.06651903201775866,0.13440852767809702,0.012043878395136348,0.024108101011859603,1
44093,56,1,16.03545456182539,16.416434568878252,0.3809800070528624,0.1166094729296112,0.0,0.0,0
44093,56,2,16.03545456182539,16.631066532853385,0.5956119710279957,0.18032373408109653,0.06371426115148533,0.024108101011859607,1
44093,56,3,16.03545456182539,16.65330058640513,0.617846024579741,0.18703977631831153,0.07043030338870034,0.024108101011859607,1
44093,57,1,14.60778705508557,14.872419655459709,0.2646326003741386,0.13239449152941485,0.0,0.0,0
44093,57,2,14.60778705508557,15.05853710039969,0.4507500453141198,0.1878207329035129,0.055426241374098045,0.04414909341088126,1
44093,57,3,14.60778705508557,15.037797315200573,0.43001026011500265,0.1908006417491958,0.05840615021978096,0.03139374612748304,1
44093,58,1,13.433883014632784,13.569381188177221,0.1354981735444376,0.10774016366406612,0.0,0.012755347283398236,1
44093,58,2,13.433883014632784,13.623553081923342,0.18967006729055846,0.14037571504537735,0.03263555138131123,0.0,0
44093,58,3,13.433883014632784,13.71092715624276,0.27704414160997715,0.1498630289986217,0.04212286533455557,0.0,0
44093,59,1,17.333187539640285,17.553453413108507,0.22026587346822168,0.13009031244287733,0.0,0.0,0
44093,59,2,17.333187539640285,17.72202475368887,0.3888372140485856,0.17927815359523236,0.04918784115235503,0.05502436417271152,1
44093,59,3,17.333187539640285,17.693028527209247,0.3598409875689619,0.18062788668424337,0.05053757424136604,0.05502436417271152,1
44094,0,1,1.512776183346525,2.049923982156179,0.5371477988096542,0.15783648572560888,0.028040195721515532,0.0,0
44094,0,2,1.512776183346525,2.004937231918851,0.49216104857232623,0.13521397721775863,0.005417687213665284,0.0,0
44094,0,3,1.512776183346525,1.868903369342238,0.35612718599571314,0.12979629000409335,0.0,0.0,0
44094,1,1,0.8577155236313498,1.564999649109494,0.7072841254781441,0.11682552941213219,0.009960094540011413,0.0,0
44094,1,2,0.8577155236313498,1.5709362761840717,0.7132207525527219,0.11099519533165633,0.004129760459535559,0.0,0
44094,1,3,0.8577155236313498,1.2812468878614223,0.4235313642300724,0.10686543487212077,0.0,0.0,0
44094,2,1,1.3981806481614814,1.7560303489789106,0.3578497008174293,0.09487723049145526,0.0,0.0,0
44094,2,2,1.3981806481614814,2.251543560083147,0.8533629119216655,0.10496316230109053,0.010085931809635268,0.0,0
44094,2,3,1.3981806481614814,2.043397929771737,0.6452172816102557,0.11347259269127322,0.018595362199817958,0.0,0
44094,3,1,0.9591770603918356,1.6269806430183493,0.6678035826265137,0.11801700548422961,0.012128874809344242,0.10353564954068123,1
44094,3,2,0.9591770603918356,1.6720069959449837,0.7128299355531481,0.1145611279637817,0.00867299728889634,0.0,0
44094,3,3,0.9591770603918356,1.372468439544448,0.4132913791526124,0.10588813067488537,0.0,0.0,0
44094,4,1,1.221114923250387,2.0246177900284765,0.8035028667780895,0.14470898049018294,0.0007909932341481352,0.10353564954068127,1
44094,4,2,1.221114923250387,1.9146485963127617,0.6935336730623747,0.1509405717835759,0.0070225845275410925,0.0,0
44094,4,3,1.221114923250387,2.118841311881426,0.8977263886310392,0.1439179872560348,0.0,0.0,0
44094,5,1,2.148686409963131,2.99751670435298,0.8488302943898489,0.09330446196656714,0.0,0.10353564954068126,1
44094,5,2,2.148686409963131,3.059415939707934,0.910729529744803,0.12675130014919692,0.03344683818262978,0.0,0
44094,5,3,2.148686409963131,3.290691445462907,1.1420050354997757,0.12793980626314858,0.03463534429658144,0.0,0
44094,6,1,1.4924451179937455,2.059443213710933,0.5669980957171874,0.1694195708159624,0.0,0.056718569548203035,1
44094,6,2,1.4924451179937455,2.2575890351908936,0.7651439171971481,0.1782668245851069,0.008847253769144497,0.0,0
44094,6,3,1.4924451179937455,2.1005496880156675,0.6081045700219221,0.17447683224636593,0.005057261430403526,0.0,0
44094,7,1,1.9848624863198707,2.7924147767182754,0.8075522903984047,0.1999908930842294,0.0,0.05671856954820306,1
44094,7,2,1.9848624863198707,2.8494548166321385,0.8645923303122678,0.2176672081678441,0.017676315083614696,0.0,0
44094,7,3,1.9848624863198707,3.1633433571348104,1.1784808708149397,0.23598763678826812,0.035996743704038714,0.0,0
44094,8,1,2.430981594084549,3.5792049786012976,1.1482233845167484,0.11714940380974717,0.0,0.05671856954820306,1
44094,8,2,2.430981594084549,3.563693734334816,1.1327121402502667,0.1373824759782254,0.020233072168478222,0.0,0
44094,8,3,2.430981594084549,3.505335920183195,1.074354326098646,0.13853555726249958,0.02138615345275241,0.0,0
44094,9,1,2.3208130509939315,2.870386709516914,0.5495736585229825,0.1262296489067936,0.0,0.0,0
44094,9,2,2.3208130509939315,2.9533332323447374,0.6325201813508059,0.13337630426661207,0.007146655359818455,0.0,0
44094,9,3,2.3208130509939315,2.8914809747747254,0.5706679237807939,0.14086919240319767,0.014639543496404062,0.0,0
44094,10,1,1.173713943665581,1.7080691424654604,0.5343551987998794,0.15645211594571032,0.019723375334650156,0.0,0
44094,10,2,1.173713943665581,1.5233836693360838,0.3496697256705028,0.13672874061106016,0.0,0.0,0
44094,10,3,1.173713943665581,1.711217646474303,0.537503702808722,0.13732939792658153,0.0006006573155213635,0.0,0
44094,11,1,1.2103983663485791,1.5010462638043465,0.29064789745576736,0.12269496547436567,0.0,0.0,0
44094,11,2,1.2103983663485791,1.6004978256387041,0.390099459290125,0.12582187036831458,0.003126904893948901,0.0,0
44094,11,3,1.2103983663485791,1.5512915173739255,0.34089315102534634,0.1238533175376802,0.0011583520633145217,0.0,0
44094,12,1,1.4137804129497322,2.2005270941932986,0.7867466812435664,0.15393146479791506,0.018427196483008917,0.0,0
44094,12,2,1.4137804129497322,2.289483473249317,0.8757030602995846,0.13550426831490614,0.0,0.0,0
44094,12,3,1.4137804129497322,2.016609584958381,0.6028291720086489,0.1416086797425033,0.006104411427597156,0.0,0
44094,13,1,2.3096571161007806,3.1875069378868433,0.8778498217860626,0.06402001077625638,0.0,0.0,0
44094,13,2,2.3096571161007806,3.3998660123110165,1.0902088962102359,0.10774613807580953,0.04372612729955315,0.0,0
44094,13,3,2.3096571161007806,3.5198996016703523,1.2102424855695717,0.11196238697898755,0.047942376202731174,0.0,0
44094,14,1,1.4566195720441981,1.8371848789432377,0.38056530689903956,0.13925331094233487,0.0,0.0,0
44094,14,2,1.4566195720441981,1.922048214510302,0.4654286424661038,0.15515276948341158,0.015899458541076716,0.0,0
44094,14,3,1.4566195720441981,1.8587830976420772,0.40216352559787905,0.1492624383493276,0.010009127406992724,0.0,0
44094,15,1,1.2063724715760784,1.823530323975073,0.6171578523989947,0.1407831043208707,0.0,0.0,0
44094,15,2,1.2063724715760784,1.9395633466793458,0.7331908751032674,0.16118972908627469,0.020406624765403975,0.0,0
44094,15,3,1.2063724715760784,1.9941891567164973,0.7878166851404189,0.15839442402847848,0.017611319707607764,0.0,0
44094,16,1,1.4383546601319623,2.2183924393186913,0.780037779186729,0.11909135732145552,0.0,0.0,0
44094,16,2,1.4383546601319623,2.5744483623911814,1.136093702259219,0.1317361667508727,0.01264480942941719,0.0,0
44094,16,3,1.4383546601319623,2.1746650792399658,0.7363104191080034,0.12255313941339273,0.0034617820919372044,0.0,0
44094,17,1,1.1928238787139862,2.788128381997775,1.595304503283789,0.26198380319323683,0.036336187479644316,0.0,0
44094,17,2,1.1928238787139862,2.671686569605444,1.4788626908914577,0.23990706336353904,0.014259447649946522,0.0,0
44094,17,3,1.1928238787139862,2.455126714007383,1.2623028352933967,0.22564761571359251,0.0,0.0,0
44094,18,1,2.351347873000184,2.610912375109431,0.25956450210924675,0.1466118359711935,0.0,0.0,0
44094,18,2,2.351347873000184,2.9157759096072633,0.5644280366070791,0.16460580211702505,0.01799396614583154,0.0,0
44094,18,3,2.351347873000184,2.8593128884442947,0.5079650154441104,0.17656427010655915,0.029952434135365635,0.0,0
44094,19,1,1.438649760423881,2.0365847590441186,0.5979349986202376,0.14822088858829358,0.0,0.0,0
44094,19,2,1.438649760423881,2.259366187109982,0.8207164266861011,0.1640358882064642,0.015814999618170622,0.0,0
44094,19,3,1.438649760423881,2.2195050820277347,0.7808553216038536,0.1484896806728256,0.00026879208453203796,0.0,0
44094,20,1,1.1645795337719131,1.6585309274640274,0.49395139369211427,0.16413085881125547,0.035193307703889704,0.0,0
44094,20,2,1.1645795337719131,1.6016757870719769,0.43709625330006374,0.13967040647052717,0.010732855363161403,0.0,0
44094,20,3,1.1645795337719131,1.5638809289086537,0.39930139513674057,0.12893755110736577,0.0,0.0,0
44094,21,1,1.702500705967995,2.380246556964628,0.6777458509966328,0.09749405069726698,0.0,0.0,0
44094,21,2,1.702500705967995,2.666590682055733,0.9640899760877379,0.12924626908654757,0.03175221838928059,0.0,0
44094,21,3,1.702500705967995,2.5272631056419224,0.8247623996739273,0.12204429092828563,0.02455024023101865,0.0,0
44094,22,1,1.960318554524288,3.091010092097645,1.1306915375733568,0.1096427926145212,0.0,0.0,0
44094,22,2,1.960318554524288,3.4123589985926657,1.4520404440683776,0.11138848378226981,0.0017456911677486142,0.0,0
44094,22,3,1.960318554524288,2.621282557758933,0.6609640032346451,0.11019182890184585,0.0005490362873246529,0.0,0
44094,23,1,2.1515895347331493,2.4122749816235363,0.260685446890387,0.1604833385498874,0.0,0.002173213374506655,0
44094,23,2,2.1515895347331493,2.685504184469232,0.5339146497360825,0.16663007442928224,0.006146735879394849,0.0,0
44094,23,3,2.1515895347331493,2.6840286907805897,0.5324391560474404,0.1628291984170816,0.002345859867194211,0.0,0
44094,24,1,2.9155274260111916,3.329344878586818,0.4138174525756262,0.13340894584134758,0.0,0.002173213374506655,0
44094,24,2,2.9155274260111916,3.4291538389527503,0.5136264129415586,0.15022202692474723,0.016813081083399656,0.0,0
44094,24,3,2.9155274260111916,3.264670888613027,0.34914346260183526,0.150464366006535,0.017055420165187435,0.0,0
44094,25,1,1.5649021737973903,3.326221943156326,1.7613197693589355,0.15753004327885745,0.0,0.002173213374506655,0
44094,25,2,1.5649021737973903,3.1626261079689977,1.5977239341716074,0.16991024296805723,0.012380199689199789,0.0,0
44094,25,3,1.5649021737973903,2.9380455691722074,1.373143395374817,0.18495685345059923,0.027426810171741783,0.0,0
44094,26,1,1.7633641402480724,1.986437509534778,0.22307336928670551,0.12177095272438775,0.0,0.0,0
44094,26,2,1.7633641402480724,2.418366030005239,0.6550018897571666,0.12338843122840308,0.001617478504015335,0.0,0
44094,26,3,1.7633641402480724,2.4621235772767855,0.6987594370287131,0.12908970639260212,0.00731875366821437,0.0,0
44094,27,1,1.5415438610061556,1.8758198180472085,0.33427595704105295,0.13308555213824125,0.0,0.0,0
44094,27,2,1.5415438610061556,2.125326606382041,0.5837827453758853,0.1447740143000269,0.011688462161785651,0.0,0
44094,27,3,1.5415438610061556,2.0290912569473996,0.48754739594124397,0.1401363869778843,0.007050834839643055,0.0,0
44094,28,1,2.2845305828077485,3.2037642927257424,0.9192337099179939,0.07574352801889211,0.005433365394842141,0.0,0
44094,28,2,2.2845305828077485,3.090015749367475,0.8054851665597265,0.07031016262404997,0.0,0.0,0
44094,28,3,2.2845305828077485,3.073312485254006,0.7887819024462575,0.07703249686157715,0.006722334237527175,0.0,0
44094,29,1,1.9129460866560346,2.7937262848749684,0.8807801982189338,0.15485664127499735,0.0,0.15761814420109407,1
44094,29,2,1.9129460866560346,3.3474389002860283,1.4344928136299937,0.21059075138560202,0.05573411011060467,0.08235357698747661,1
44094,29,3,1.9129460866560346,3.113823530228558,1.2008774435725234,0.20039310622674647,0.04553646495174912,0.0,0
44094,30,1,2.5863319525942714,3.35498281143416,0.7686508588398886,0.10169929569334192,0.0,0.15761814420109407,1
44094,30,2,2.5863319525942714,3.415562751085529,0.8292307984912575,0.14252892535317613,0.04082962965983421,0.08235357698747661,1
44094,30,3,2.5863319525942714,3.68963384397786,1.1033018913835888,0.17709014728692504,0.07539085159358312,0.0,0
44094,31,1,1.6981710102431087,1.9301125849900498,0.2319415747469411,0.12360370788497956,0.0,0.0,0
44094,31,2,1.6981710102431087,2.4939103531779097,0.795739342934801,0.12581779166525112,0.0022140837802715613,0.0,0
44094,31,3,1.6981710102431087,2.426088926129716,0.7279179158866074,0.13677916959886155,0.013175461713881995,0.0,0
44094,32,1,1.245473494969686,2.2393048962919364,0.9938314013222505,0.18022659477863423,0.0061418242124539335,0.09649241808926821,1
44094,32,2,1.245473494969686,2.001336971955701,0.7558634769860151,0.1740847705661803,0.0,0.0,0
44094,32,3,1.245473494969686,1.8714164747283892,0.6259429797587033,0.17758100665970106,0.0034962360935207604,0.0,0
44094,33,1,1.6203698593696128,2.889477788380873,1.2691079290112601,0.20134342332021207,0.0,0.09649241808926823,1
44094,33,2,1.6203698593696128,2.9884705901616186,1.368100730792006,0.2350701483551902,0.03372672503497812,0.0,0
44094,33,3,1.6203698593696128,3.7302170354682005,2.1098471760985875,0.2564719511177771,0.055128527797565025,0.0,0
44094,34,1,1.7921789952774936,2.9045842406394944,1.1124052453620008,0.10882836122529833,0.0,0.09649241808926821,1
44094,34,2,1.7921789952774936,2.820162009190967,1.0279830139134734,0.1378993118184982,0.029070950593199876,0.0,0
44094,34,3,1.7921789952774936,2.980886074519214,1.1887070792417203,0.13968669589788077,0.030858334672582435,0.0,0
44094,35,1,1.365787212555098,1.893404000621399,0.527616788066301,0.12376435000803214,0.009190680151090355,0.0,0
44094,35,2,1.365787212555098,1.9921116352310748,0.6263244226759768,0.11457366985694178,0.0,0.0,0
44094,35,3,1.365787212555098,2.0204569961870464,0.6546697836319484,0.11994294437659707,0.005369274519655284,0.0,0
44094,36,1,1.8732854443513252,2.6116209776785633,0.7383355333272381,0.11742481110992317,0.0032465535409766655,0.0,0
44094,36,2,1.8732854443513252,2.0654973645399766,0.1922119201886514,0.11770923982433464,0.0035309822553881293,0.0,0
44094,36,3,1.8732854443513252,2.2198860325003027,0.34660058814897754,0.1141782575689465,0.0,0.0,0
44094,37,1,1.617625410535116,2.2463864514813094,0.6287610409461935,0.1371179883321672,0.011123125757552005,0.0,0
44094,37,2,1.617625410535116,2.156322876588712,0.5386974660535961,0.1343027091789264,0.008307846604311192,0.0,0
44094,37,3,1.617625410535116,2.0523001339120084,0.4346747233768924,0.1259948625746152,0.0,0.0,0
44094,38,1,1.8443639449883769,2.2485034171459803,0.4041394721576035,0.10737354952402008,0.001936358044620598,0.0,0
44094,38,2,1.8443639449883769,2.1873445154305426,0.3429805704421658,0.10543719147939948,0.0,0.0,0
44094,38,3,1.8443639449883769,2.3800366649390763,0.5356727199506994,0.11982570549228576,0.01438851401288628,0.0,0
44094,39,1,1.278653580057965,2.0238095140120147,0.7451559339540497,0.1324761847729027,0.0,0.0,0
44094,39,2,1.278653580057965,1.825299877190527,0.5466462971325621,0.15199409626165825,0.019517911488755535,0.0,0
44094,39,3,1.278653580057965,2.127139169508996,0.8484855894510308,0.1466584628818557,0.014182278108952978,0.0,0
44094,40,1,1.1335344831569505,1.8838770245317655,0.750342541374815,0.16429553547822665,0.0,0.0,0
44094,40,2,1.1335344831569505,1.9463812892042518,0.8128468060473013,0.18500689679634985,0.020711361318123206,0.0,0
44094,40,3,1.1335344831569505,1.8504832346890203,0.7169487515320698,0.1703953272280269,0.006099791749800243,0.0,0
44094,41,1,1.4937474758940128,2.017996915508757,0.5242494396147441,0.11914322123292838,0.0,0.0,0
44094,41,2,1.4937474758940128,2.3549411585029683,0.8611936826089555,0.1475353934898386,0.028392172256910223,0.0,0
44094,41,3,1.4937474758940128,2.452654609336185,0.9589071334421722,0.15030112215415262,0.031157900921224238,0.0,0
44094,42,1,1.6306934354884504,1.7841758266537386,0.15348239116528828,0.15172667581230925,0.0,0.0,0
44094,42,2,1.6306934354884504,1.9748459804994052,0.3441525450109548,0.17573519216192068,0.02400851634961143,0.0,0
44094,42,3,1.6306934354884504,2.388850302591967,0.7581568671035168,0.1605158181653439,0.008789142353034657,0.0,0
44094,43,1,1.3653611627613316,1.7281297754455776,0.362768612684246,0.11666469998835466,0.0,0.0,0
44094,43,2,1.3653611627613316,1.848820890489448,0.4834597277281165,0.1441845522838172,0.027519852295462555,0.0,0
44094,43,3,1.3653611627613316,2.3933315940776554,1.0279704313163238,0.14355988423413274,0.02689518424577808,0.0,0
44094,44,1,1.9642140545914213,2.5929740228580966,0.6287599682666754,0.09059325712684231,8.739745257928255e-05,0.0,0
44094,44,2,1.9642140545914213,3.0112187208045675,1.0470046662131463,0.10945784293622636,0.01895198326196333,0.0,0
44094,44,3,1.9642140545914213,2.6663159040762707,0.7021018494848494,0.09050585967426303,0.0,0.0,0
44094,45,1,2.5239555499736954,3.699921879434882,1.1759663294611866,0.11575435040273602,0.0,0.1828802211802111,1
44094,45,2,2.5239555499736954,3.73945499151809,1.2154994415443947,0.1869259879081314,0.07117163750539537,0.10201069489227457,1
44094,45,3,2.5239555499736954,4.3566045344911934,1.832648984517498,0.2116162342936614,0.09586188389092537,0.0,0
44094,46,1,1.8300050599898767,3.6895487903212896,1.8595437303314128,0.201015363703614,0.0,0.18288022118021105,1
44094,46,2,1.8300050599898767,3.299156772465802,1.4691517124759252,0.20638897591072877,0.00537361220711477,0.10201069489227454,1
44094,46,3,1.8300050599898767,3.1719670973966587,1.341962037406782,0.21699825405494408,0.015982890351330076,0.0,0
44094,47,1,1.1638578373576576,1.7540440487463798,0.5901862113887222,0.14205103644248898,0.0,0.0,0
44094,47,2,1.1638578373576576,1.8505248950125222,0.6866670576548646,0.1632574226956852,0.021206386253196208,0.0,0
44094,47,3,1.1638578373576576,1.7927043469088737,0.6288465095512161,0.14864314840677484,0.006592111964285857,0.0,0
44094,48,1,1.4323349372512801,1.843226633511944,0.4108916962606639,0.13419950659566227,0.0,0.0,0
44094,48,2,1.4323349372512801,1.994526629089652,0.5621916918383718,0.14775633208879455,0.01355682549313228,0.0,0
44094,48,3,1.4323349372512801,1.9467455674345444,0.5144106301832643,0.13960216408968334,0.005402657494021079,0.0,0
44094,49,1,1.8251308508451687,2.721031199653854,0.8959003488086852,0.07815554787383473,0.0,0.0,0
44094,49,2,1.8251308508451687,3.0379912982362116,1.212860447391043,0.09729082544379183,0.0191352775699571,0.0,0
44094,49,3,1.8251308508451687,2.5365793335953724,0.7114484827502037,0.08123286733315747,0.0030773194593227415,0.0,0
44094,50,1,1.4972173350230833,1.765855884202105,0.26863854917902175,0.1028978994670516,0.0,0.0,0
44094,50,2,1.4972173350230833,1.8237897117350077,0.3265723767119244,0.12955363443432982,0.026655734967278216,0.0,0
44094,50,3,1.4972173350230833,2.052439182830036,0.5552218478069528,0.12184318411217963,0.018945284645128027,0.0,0
44094,51,1,1.7989384766954495,2.444279665734773,0.6453411890393235,0.15894292187631393,0.03010510851273937,0.0,0
44094,51,2,1.7989384766954495,2.4857413857256505,0.686802909030201,0.12883781336357455,0.0,0.0,0
44094,51,3,1.7989384766954495,2.249141739651465,0.4502032629560153,0.13589911442980337,0.00706130106622882,0.0,0
44094,52,1,2.031564898224897,2.3438715152494516,0.31230661702455453,0.052596745981964906,0.0,0.0,0
44094,52,2,2.031564898224897,2.6870355689256606,0.6554706707007636,0.057927254846389505,0.005330508864424599,0.0,0
44094,52,3,2.031564898224897,2.7020110461856657,0.6704461479607686,0.0648662993407476,0.012269553358782694,0.0,0
44094,53,1,25.382567258158467,25.610623962122013,0.22805670396354571,0.08738426901308265,0.0,0.005238850318428134,1
44094,53,2,25.382567258158467,25.48852239393907,0.10595513578060434,0.11682923363213633,0.029444964619053687,0.0,0
44094,53,3,25.382567258158467,25.671091787769836,0.28852452961136876,0.1410930401536732,0.05370877114059054,0.006211824239251873,1
44094,54,1,27.670625260580785,27.880319030237803,0.2096937696570187,0.08503286706398988,0.0,0.0,0
44094,54,2,27.670625260580785,27.774100060229234,0.10347479964844908,0.11976793985178019,0.03473507278779031,0.006211824239251859,1
44094,54,3,27.670625260580785,27.944013665812275,0.2733884052314899,0.1435784571554894,0.05854559009149951,0.013734756205558585,1
44094,55,1,11.798103660366674,11.823695230070479,0.025591569703804495,0.11812591393979104,0.0,0.0,0
44094,55,2,11.798103660366674,12.068971772871043,0.2708681125043686,0.11825475370772795,0.0001288397679369141,0.02455374433841459,1
44094,55,3,11.798103660366674,11.969376344270312,0.1712726839036378,0.128079112606552,0.009953198666760962,0.02455374433841459,1
44094,56,1,16.162512750315123,16.372934588270642,0.2104218379555185,0.10091303475062129,0.0,0.0,0
44094,56,2,16.162512750315123,16.494487279267577,0.33197452895245405,0.160614541010695,0.059701506260073714,0.024553744338414608,1
44094,56,3,16.162512750315123,16.633554268548455,0.4710415182333314,0.161846052464483,0.06093301771386171,0.024553744338414608,1
44094,57,1,14.679606592617365,14.83432183753997,0.15471524492260613,0.1073097323005193,0.0,0.0,0
44094,57,2,14.679606592617365,14.854676707252434,0.17507011463506927,0.1536408656850748,0.046331133384555495,0.04435423834840738,1
44094,57,3,14.679606592617365,15.08167866831748,0.40207207570011505,0.1700764667860675,0.0627667344855482,0.03179302445818721,1
44094,58,1,13.482269815910149,13.565595101492239,0.08332528558208985,0.09803556414239381,0.0,0.01256121389022017,1
44094,58,2,13.482269815910149,13.614075980315459,0.1318061644053099,0.12062547846137649,0.022589914318982676,0.0,0
44094,58,3,13.482269815910149,13.775938123624744,0.2936683077145954,0.13455496957884663,0.03651940543645282,0.0,0
44094,59,1,17.501750484956187,17.62801770253396,0.12626721757777304,0.12177234137163222,0.0,0.0,0
44094,59,2,17.501750484956187,17.6793484396903,0.17759795473411444,0.16429396494330753,0.04252162357167531,0.05487340686855463,1
44094,59,3,17.501750484956187,17.884329316687555,0.38257883173136875,0.1739650954337185,0.052192754062086275,0.05487340686855463,1
44095,0,1,1.5380385183962528,2.4046483281658784,0.8666098097696255,0.08755430303202007,0.0,0.0,0
44095,0,2,1.5380385183962528,2.293016993185476,0.754978474789223,0.11788837398958292,0.030334070957562853,0.0,0
44095,0,3,1.5380385183962528,2.8703666231210514,1.3323281047247986,0.14173374146237533,0.05417943843035526,0.0,0
44095,1,1,0.8557416910162955,1.0857582465898834,0.2300165555735879,0.13767481465058864,0.03153183900247354,0.10346890002348835,1
44095,1,2,0.8557416910162955,1.183594174902431,0.3278524838861355,0.11564126588692679,0.009498290238811685,0.0,0
44095,1,3,0.8557416910162955,1.0556217853995684,0.19988009438327292,0.1061429756481151,0.0,0.0,0
44095,2,1,1.8798433368322804,2.2081330231925578,0.32828968636027733,0.2042346256347698,0.02639654873706987,0.10346890002348831,1
44095,2,2,1.8798433368322804,2.198391750548533,0.31854841371625264,0.17783807689769993,0.0,0.0,0
44095,2,3,1.8798433368322804,2.5677450668690245,0.687901730036744,0.19505641861794837,0.017218341720248442,0.0,0
44095,3,1,2.3601036365224854,3.4585996621040365,1.098496025581551,0.12354600232407031,0.008536457157427901,0.10346890002348831,1
44095,3,2,2.3601036365224854,3.2180272636454865,0.8579236271230011,0.11500954516664241,0.0,0.0,0
44095,3,3,2.3601036365224854,3.2794492789136362,0.9193456423911508,0.14044864264565846,0.025439097479016043,0.0,0
44095,4,1,1.8542254512168035,2.6203830240768644,0.7661575728600609,0.19154650510573343,0.02287802781957879,0.055135173684576044,1
44095,4,2,1.8542254512168035,2.365856928423994,0.5116314772071906,0.16866847728615464,0.0,0.0,0
44095,4,3,1.8542254512168035,2.6882779491232833,0.8340524979064798,0.17498127023856783,0.006312792952413188,0.0,0
44095,5,1,2.1351885524498355,2.8720581391431836,0.7368695866933481,0.18022598279884605,0.0,0.055135173684576044,1
44095,5,2,2.1351885524498355,2.696984639808689,0.5617960873588537,0.21007672871879,0.02985074591994394,0.0,0
44095,5,3,2.1351885524498355,3.5829242439581237,1.4477356915082882,0.26464371206545184,0.08441772926660579,0.0,0
44095,6,1,2.4208972659362997,4.064107670570557,1.6432104046342575,0.1278720054721857,0.011333488686976714,0.055135173684576044,1
44095,6,2,2.4208972659362997,3.3185209875709036,0.8976237216346039,0.1172269050560352,0.0006883882708262207,0.0,0
44095,6,3,2.4208972659362997,4.255893977522243,1.8349967115859434,0.11653851678520898,0.0,0.0,0
44095,7,1,2.4225521874030824,3.337199563202487,0.9146473757994045,0.13942772622310406,0.0059298216920191105,0.0,0
44095,7,2,2.4225521874030824,2.883471978017292,0.46091979061420973,0.13349790453108495,0.0,0.0,0
44095,7,3,2.4225521874030824,3.1554672086209097,0.7329150212178273,0.150018152050411,0.016520247519326042,0.0,0
44095,8,1,1.4170223658348724,2.8403065496471607,1.4232841838122883,0.13998519583434904,0.010315722143181855,0.0,0
44095,8,2,1.4170223658348724,2.163744152103231,0.7467217862683584,0.1296694736911672,0.0,0.0,0
44095,8,3,1.4170223658348724,2.7395206962019,1.3224983303670275,0.14742343093853333,0.017753957247366142,0.0,0
44095,9,1,1.1437523919904884,1.653045810683625,0.5092934186931366,0.1290624550849778,0.005091660526473155,0.08896479917768776,1
44095,9,2,1.1437523919904884,1.6573963732779347,0.5136439812874463,0.12397079455850464,0.0,0.0,0
44095,9,3,1.1437523919904884,2.0126549166483394,0.868902524657851,0.1284272646718232,0.004456470113318553,0.0,0
44095,10,1,1.3743580167323042,2.559067991548864,1.18470997481656,0.16123453876933053,0.0,0.08896479917768779,1
44095,10,2,1.3743580167323042,2.061745435830841,0.6873874190985367,0.17986170321191158,0.018627164442581057,0.0,0
44095,10,3,1.3743580167323042,2.9801817985789967,1.6058237818466925,0.20673478021129016,0.04550024144195963,0.0,0
44095,11,1,1.9528613369074062,2.884223166938605,0.931361830031199,0.08709640770757111,0.0,0.08896479917768776,1
44095,11,2,1.9528613369074062,2.8763735555427474,0.9235122186353413,0.08828237108896012,0.001185963381389002,0.0,0
44095,11,3,1.9528613369074062,3.070853220020786,1.11799188311338,0.09875326160266722,0.011656853895096103,0.0,0
44095,12,1,1.5867739313083482,2.3175295930840107,0.7307556617756625,0.1520176239437691,0.0,0.0,0
44095,12,2,1.5867739313083482,2.280589066151695,0.693815134843347,0.16484486423963568,0.012827240295866571,0.0,0
44095,12,3,1.5867739313083482,2.005928971701715,0.4191550403933668,0.1595999863564597,0.007582362412690585,0.0,0
44095,13,1,1.1445880686413505,2.5579774997263423,1.4133894310849917,0.15294822998183147,0.0016209113099858175,0.0,0
44095,13,2,1.1445880686413505,1.8692112219087567,0.7246231532674061,0.15132731867184565,0.0,0.0,0
44095,13,3,1.1445880686413505,2.4637720868265243,1.3191840181851737,0.15553007016663675,0.0042027514947911015,0.0,0
44095,14,1,1.5387445832496869,2.865539297114245,1.326794713864558,0.16947080320245533,0.002934177999952825,0.0,0
44095,14,2,1.5387445832496869,2.4170685042764974,0.8783239210268106,0.1665366252025025,0.0,0.0,0
44095,14,3,1.5387445832496869,2.733819653241467,1.1950750699917803,0.17196533291173255,0.005428707709230041,0.0,0
44095,15,1,1.287584908465934,3.088144071832636,1.800559163366702,0.2816757655526385,0.016103645979650805,0.0,0
44095,15,2,1.287584908465934,3.3366321965210033,2.0490472880550694,0.28200613064233565,0.016434011069347942,0.0,0
44095,15,3,1.287584908465934,2.913476316014416,1.625891407548482,0.2655721195729877,0.0,0.0,0
44095,16,1,2.381159773323836,2.7270894881974557,0.3459297148736198,0.15296566967811315,0.0,0.0,0
44095,16,2,2.381159773323836,2.8968705615667543,0.5157107882429184,0.1647490443478228,0.011783374669709662,0.0,0
44095,16,3,2.381159773323836,3.151501815459646,0.7703420421358103,0.18410057124767604,0.03113490156956289,0.0,0
44095,17,1,1.4682565784731623,2.5426501249529965,1.0743935464798342,0.19221613746345426,0.0,0.0,0
44095,17,2,1.4682565784731623,2.356490718136733,0.8882341396635709,0.20342226559389115,0.011206128130436893,0.0,0
44095,17,3,1.4682565784731623,2.8864411360667903,1.418184557593628,0.22107974606553107,0.028863608602076818,0.0,0
44095,18,1,0.8914201945294874,1.6337260101483762,0.7423058156188888,0.18674875565115515,0.04451718849576766,0.0,0
44095,18,2,0.8914201945294874,1.2595775260591187,0.36815733152963126,0.15864761638392402,0.01641604922853654,0.0,0
44095,18,3,0.8914201945294874,1.194301975782238,0.30288178125275056,0.14223156715538748,0.0,0.0,0
44095,19,1,1.4571224586477132,1.8719653966725869,0.4148429380248737,0.11874420997699028,0.015509604631179758,0.0,0
44095,19,2,1.4571224586477132,1.9276015979209475,0.47047913927323437,0.10323460534581053,0.0,0.0,0
44095,19,3,1.4571224586477132,2.0914008820059538,0.6342784233582406,0.10568543583314258,0.0024508304873320508,0.0,0
44095,20,1,1.8647869165903905,3.063906539956442,1.1991196233660515,0.14260303773707678,0.05121242959057458,0.0,0
44095,20,2,1.8647869165903905,2.6111842372797414,0.7463973206893508,0.10092319074296337,0.00953258259646117,0.0,0
44095,20,3,1.8647869165903905,2.9869479869324302,1.1221610703420397,0.0913906081465022,0.0,0.0,0
44095,21,1,2.1936595592075347,2.777396256773363,0.5837366975658282,0.20415790392080163,0.007102400154828936,0.001407581626043597,0
44095,21,2,2.1936595592075347,2.6281275269008484,0.43446796769331364,0.1970555037659727,0.0,0.0,0
44095,21,3,2.1936595592075347,2.6415997592769562,0.4479402000694215,0.20197194511276934,0.004916441346796641,0.0,0
44095,22,1,2.8856965406687465,3.519868624530183,0.6341720838614364,0.14710989693058837,0.004907535965307269,0.001407581626043597,0
44095,22,2,2.8856965406687465,3.197044932138657,0.31134839146991045,0.1422023609652811,0.0,0.0,0
44095,22,3,2.8856965406687465,3.3776290055177753,0.49193246484902886,0.16515779921562165,0.02295543825034055,0.0,0
44095,23,1,1.7291137817123037,3.217159279132063,1.4880454974197592,0.0963583462109912,0.0,0.001407581626043597,0
44095,23,2,1.7291137817123037,3.872504694901896,2.1433909131895925,0.18530225058407818,0.08894390437308698,0.0,0
44095,23,3,1.7291137817123037,3.4123294678866296,1.683215686174326,0.20112730242071095,0.10476895620971975,0.0,0
44095,24,1,1.7654557107592381,2.029089965136493,0.26363425437725474,0.15654839224240946,0.03345984047167275,0.08963958167915542,1
44095,24,2,1.7654557107592381,1.8886948033022264,0.12323909254298826,0.1267919863229635,0.0037034345522267975,0.0,0
44095,24,3,1.7654557107592381,1.877457514601637,0.11200180384239888,0.12308855177073671,0.0,0.0,0
44095,25,1,1.6792991298753723,2.7597909931177638,1.0804918632423914,0.15870615479069927,0.0,0.08963958167915541,1
44095,25,2,1.6792991298753723,2.4764162374093126,0.7971171075339403,0.15978249196348127,0.0010763371727819937,0.0,0
44095,25,3,1.6792991298753723,2.8021825276252974,1.122883397749925,0.15992998905004063,0.001223834259341361,0.0,0
44095,26,1,2.062568468847336,3.0835954980267513,1.0210270291794155,0.09417362897968856,0.005214280168000851,0.08963958167915542,1
44095,26,2,2.062568468847336,3.074217681357618,1.011649212510282,0.08895934881168771,0.0,0.0,0
44095,26,3,2.062568468847336,3.1035457262316752,1.0409772573843394,0.09536278514038167,0.006403436328693959,0.0,0
44095,27,1,1.972495581446657,2.555502032330005,0.5830064508833481,0.16449262500825848,0.0,0.15751146968264812,1
44095,27,2,1.972495581446657,2.4375911066337355,0.46509552518707853,0.17830505472454017,0.013812429716281688,0.08245463257307417,1
44095,27,3,1.972495581446657,2.718293745541625,0.745798164094968,0.18259667597220133,0.018104050963942853,0.0,0
44095,28,1,2.6393135259202287,3.4188044862596234,0.7794909603393947,0.10231900818707473,0.0,0.15751146968264812,1
44095,28,2,2.6393135259202287,3.381719126094917,0.7424056001746884,0.14430131746772482,0.04198230928065008,0.08245463257307417,1
44095,28,3,2.6393135259202287,3.6559426684062686,1.0166291424860399,0.18447893377448066,0.08215992558740592,0.0,0
44095,29,1,1.6275596959988938,1.9859155837312485,0.3583558877323547,0.14631043753186615,0.007806289351648399,0.0,0
44095,29,2,1.6275596959988938,1.9742470527341627,0.34668735673526885,0.13850414818021775,0.0,0.0,0
44095,29,3,1.6275596959988938,2.3324344896773956,0.7048747936785018,0.145279402857835,0.006775254677617248,0.0,0
44095,30,1,1.3918383498164715,2.5589047403210734,1.167066390504602,0.1940830230137976,0.012586729642937666,0.09648869753311026,1
44095,30,2,1.3918383498164715,1.9527117629212358,0.5608734131047644,0.18149629337085993,0.0,0.0,0
44095,30,3,1.3918383498164715,2.7953959081914084,1.403557558374937,0.20486608062183911,0.023369787250979185,0.0,0
44095,31,1,1.9649422949614046,3.0816891819553076,1.116746886993903,0.20047266335961483,0.0,0.09648869753311026,1
44095,31,2,1.9649422949614046,2.8364174151073036,0.871475120145899,0.22918433850969722,0.028711675150082383,0.0,0
44095,31,3,1.9649422949614046,3.6558425946556037,1.690900299694199,0.27593372924482545,0.07546106588521062,0.0,0
44095,32,1,1.6981484620860485,2.964146969178868,1.2659985070928197,0.10888997719516348,0.0,0.09648869753311026,1
44095,32,2,1.6981484620860485,3.162550641302464,1.4644021792164155,0.12503938837798714,0.01614941118282366,0.0,0
44095,32,3,1.6981484620860485,3.325690269275794,1.6275418071897454,0.12400272129705005,0.015112744101886566,0.0,0
44095,33,1,1.5821044685917602,1.9984628905904187,0.41635842199865847,0.13240675310373295,0.003878649746193563,0.0,0
44095,33,2,1.5821044685917602,2.040578836179178,0.45847436758741766,0.1285281033575394,0.0,0.0,0
44095,33,3,1.5821044685917602,2.1837436916308426,0.6016392230390823,0.13011369119928634,0.0015855878417469493,0.0,0
44095,34,1,1.875513844167002,2.021145885921423,0.14563204175442102,0.14358376047039287,0.016559291344531074,0.0,0
44095,34,2,1.875513844167002,2.0341997811418375,0.15868593697483546,0.13250725218760742,0.0054827830617456275,0.0,0
44095,34,3,1.875513844167002,2.0661779988593776,0.19066415469237552,0.1270244691258618,0.0,0.0,0
44095,35,1,1.7051354711342779,1.9570349754971361,0.25189950436285824,0.16012657212951195,0.02203086661614148,0.0,0
44095,35,2,1.7051354711342779,2.3060038584550115,0.6008683873207337,0.1556873849628577,0.017591679449487224,0.0,0
44095,35,3,1.7051354711342779,1.978543701369348,0.2734082302350702,0.13809570551337047,0.0,0.0,0
44095,36,1,2.0080632943494487,2.9615700401944904,0.9535067458450417,0.09851199185509689,0.0,0.0,0
44095,36,2,2.0080632943494487,2.984141522029554,0.9760782276801052,0.1457832640184887,0.04727127216339182,0.0,0
44095,36,3,2.0080632943494487,3.57332086504515,1.5652575706957013,0.17086625619425264,0.07235426433915575,0.0,0
44095,37,1,1.3685885135307854,2.6390433078517623,1.270454794320977,0.15031137145728662,0.0,0.0,0
44095,37,2,1.3685885135307854,2.3511671945393706,0.9825786810085853,0.15640581361821565,0.006094442160929026,0.0,0
44095,37,3,1.3685885135307854,2.127595896208636,0.7590073826778507,0.1535766887418892,0.0032653172846025813,0.0,0
44095,38,1,1.1948300961486942,2.4184768075479597,1.2236467113992655,0.1955894929262761,0.008610297797653266,0.0,0
44095,38,2,1.1948300961486942,2.2376050304054536,1.0427749342567594,0.19920879214713946,0.012229597018516641,0.0,0
44095,38,3,1.1948300961486942,1.8686258122899246,0.6737957161412305,0.18697919512862282,0.0,0.0,0
44095,39,1,1.632523597692695,3.190526566927703,1.5580029692350081,0.11284989516850105,0.0,0.0,0
44095,39,2,1.632523597692695,3.2588155826315477,1.6262919849388526,0.17378884499926564,0.06093894983076459,0.0,0
44095,39,3,1.632523597692695,4.128671677988373,2.4961480802956775,0.20337316714229312,0.09052327197379206,0.0,0
44095,40,1,1.5195992060789785,2.7510109273290575,1.231411721250079,0.21965306728208608,0.0,0.0,0
44095,40,2,1.5195992060789785,2.2860871018122397,0.7664878957332613,0.2265826725262596,0.00692960524417352,0.0,0
44095,40,3,1.5195992060789785,2.8455447195239802,1.3259455134450018,0.23732284855537275,0.017669781273286667,0.0,0
44095,41,1,1.3874783982389753,2.5003408021165114,1.112862403877536,0.13989998674197762,0.0,0.0,0
44095,41,2,1.3874783982389753,2.376475673950592,0.9889972757116166,0.16504780018942794,0.025147813447450318,0.0,0
44095,41,3,1.3874783982389753,3.0820342795668116,1.6945558813278363,0.18934377938414532,0.049443792642167694,0.0,0
44095,42,1,1.90232698759652,3.0050054856189243,1.1026784980224043,0.1618165561252848,0.055265975441355156,0.0,0
44095,42,2,1.90232698759652,2.445485178723576,0.543158191127056,0.12811918812872367,0.02156860744479401,0.0,0
44095,42,3,1.90232698759652,2.830086835613722,0.9277598480172018,0.10655058068392965,0.0,0.0,0
44095,43,1,2.2672564418238315,3.0924350141653734,0.8251785723415419,0.14418059201315264,0.012686622848778695,0.13570160365721784,1
44095,43,2,2.2672564418238315,2.8556928128349512,0.5884363710111198,0.13149396916437395,0.0,0.08038636623338946,1
44095,43,3,2.2672564418238315,3.058748003766392,0.7914915619425607,0.14996347222273732,0.018469503058363368,0.0,0
44095,44,1,1.6698382990119218,2.9879974936919114,1.3181591946799895,0.19903674517874637,0.0,0.18247477640908263,1
44095,44,2,1.6698382990119218,3.0423036566922703,1.3724653576803485,0.23836055346117083,0.03932380828242446,0.10208841017569312,1
44095,44,3,1.6698382990119218,3.2938518172509403,1.6240135182390185,0.27022604653355625,0.07118930135480989,0.0,0
44095,45,1,1.268375197891234,1.7899704757745198,0.5215952778832857,0.1831684536632099,0.014209640993751688,0.0,0
44095,45,2,1.268375197891234,1.8196095726642443,0.5512343747730102,0.1777301684231852,0.008771355753726978,0.0,0
44095,45,3,1.268375197891234,1.7646514255409187,0.4962762276496846,0.16895881266945822,0.0,0.0,0
44095,46,1,1.5379907790203784,2.0071899846618786,0.4691992056415002,0.183437378269922,0.020505759106705213,0.0,0
44095,46,2,1.5379907790203784,2.094291523179073,0.5563007441586947,0.1629316191632168,0.0,0.0,0
44095,46,3,1.5379907790203784,1.9331938411444924,0.39520306212411405,0.17014171954707918,0.007210100383862383,0.0,0
44095,47,1,1.8009864178700457,2.8931477503366074,1.0921613324665618,0.1491441812838285,0.05436163457859758,0.0,0
44095,47,2,1.8009864178700457,2.424987464127677,0.6240010462576313,0.10701296180479766,0.012230415099566738,0.0,0
44095,47,3,1.8009864178700457,2.7451852429312646,0.944198825061219,0.09478254670523092,0.0,0.0,0
44095,48,1,1.497539566087467,1.80819218940455,0.310652623317083,0.12957887262928267,0.009998380668342369,0.0,0
44095,48,2,1.497539566087467,1.8963142310687293,0.39877466498126224,0.1195804919609403,0.0,0.0,0
44095,48,3,1.497539566087467,1.9725739243459681,0.47503435825850104,0.1212735801322988,0.001693088171358506,0.0,0
44095,49,1,1.635955043996716,2.527549746214308,0.8915947022175921,0.1500310159002198,0.0,0.0,0
44095,49,2,1.635955043996716,2.1511716553927975,0.5152166113960814,0.1641565676591315,0.014125551758911697,0.0,0
44095,49,3,1.635955043996716,3.0792995419381195,1.4433444979414034,0.18748802024730277,0.03745700434708296,0.0,0
44095,50,1,2.1115764799284635,3.3091482432857147,1.1975717633572511,0.05456067656648761,0.0026020506332888813,0.0,0
44095,50,2,2.1115764799284635,2.795395751487121,0.6838192715586575,0.052915649038967616,0.000957023105768888,0.0,0
44095,50,3,2.1115764799284635,2.98473475988155,0.8731582799530866,0.05195862593319873,0.0,0.0,0
44095,51,1,5.156660558038159,5.432654470666814,0.275993912628655,0.22358537435769332,0.0,0.0,0
44095,51,2,5.156660558038159,5.45403997704495,0.29737941900679044,0.2282282368282572,0.004642862470563891,0.01354858645787732,1
44095,51,3,5.156660558038159,5.587675304647146,0.4310147466089864,0.26464433706289087,0.041058962705197544,0.03557953758554716,1
44095,52,1,2.3707893190132974,3.506525703735876,1.1357363847225788,0.20679535497226775,0.0,0.0,0
44095,52,2,2.3707893190132974,3.5277147087538383,1.156925389740541,0.2408115977238215,0.03401624275155374,0.013548586457877376,1
44095,52,3,2.3707893190132974,3.662553373703304,1.2917640546900064,0.2602031773993759,0.05340782242710812,0.03557953758554716,1
44095,53,1,25.259958487704477,25.64365129625337,0.38369280854889354,0.06602190318610103,0.0,0.0,0
44095,53,2,25.259958487704477,25.506699891934357,0.2467414042298799,0.12371505074476813,0.0576931475586671,0.0035460532463769123,0
44095,53,3,25.259958487704477,25.65854461585908,0.3985861281546015,0.14289279040018774,0.0768708872140867,0.009178997892941465,1
44095,54,1,27.482680074603092,27.824879860249176,0.3421997856460841,0.06559423156294888,0.0,0.0,0
44095,54,2,27.482680074603092,27.719050824250633,0.23637074964754134,0.12506137149530047,0.05946713993235159,0.005632944646564553,1
44095,54,3,27.482680074603092,27.830398242220753,0.3477181676176606,0.14215762687059555,0.07656339530764666,0.012992796444360577,1
44095,55,1,11.616818470757599,11.788963722654595,0.17214525189699614,0.12946985231990304,0.00116863143343085,0.0,0
44095,55,2,11.616818470757599,11.696367822472459,0.07954935171486,0.1283012208864722,0.0,0.024811115097302452,1
44095,55,3,11.616818470757599,11.780735328497226,0.16391685773962728,0.13893398229991274,0.01063276141344055,0.024811115097302452,1
44095,56,1,15.894875894945432,16.009287217921916,0.11441132297648338,0.13429017291401843,0.005988249967067288,0.0,0
44095,56,2,15.894875894945432,16.093648972854773,0.1987730779093404,0.12830192294695114,0.0,0.024811115097302463,1
44095,56,3,15.894875894945432,16.134054308955506,0.23917841401007323,0.1517374203295423,0.023435497382591153,0.024811115097302463,1
44095,57,1,14.378726176182369,14.57298166449658,0.19425548831421224,0.15128719025207282,0.02566931987865126,0.0,0
44095,57,2,14.378726176182369,14.582433354437857,0.20370717825548823,0.12561787037342156,0.0,0.04381202293388001,1
44095,57,3,14.378726176182369,14.550810879608216,0.17208470342584725,0.14784188900222137,0.022224018628799802,0.03189006365352233,1
44095,58,1,13.201170497624181,13.457186418402571,0.2560159207783901,0.1395507548145816,0.025176686514982033,0.01192195928035767,1
44095,58,2,13.201170497624181,13.399422391417076,0.19825189379289476,0.11437406829959956,0.0,0.0,0
44095,58,3,13.201170497624181,13.337464290014935,0.13629379239075412,0.12477717764147682,0.010403109341877256,0.0,0
44095,59,1,17.215452780789473,17.3505849640711,0.1351321832816268,0.14895513496707263,0.002595221274564713,0.0,0
44095,59,2,17.215452780789473,17.372313831492725,0.1568610507032524,0.14635991369250792,0.0,0.05438171117315843,1
44095,59,3,17.215452780789473,17.42555595995691,0.2101031791674366,0.16655572024434517,0.020195806551837253,0.05438171117315843,1
44096,0,1,0.8477432445249639,1.1546353863042977,0.3068921417793339,0.1154222552069412,0.017511202591052447,0.0,0
44096,0,2,0.8477432445249639,1.1929686673570585,0.3452254228320947,0.10393152851101181,0.006020475895123056,0.0,0
44096,0,3,0.8477432445249639,1.1264328384353888,0.2786895939104249,0.09791105261588876,0.0,0.0,0
44096,1,1,1.2223010807014767,1.6048552042642288,0.3825541235627521,0.08495520193823376,0.0,0.0,0
44096,1,2,1.2223010807014767,1.7192143159201596,0.4969132352186829,0.12215833589433069,0.03720313395609692,0.0,0
44096,1,3,1.2223010807014767,2.0665584541080086,0.844257373406532,0.1420879519054258,0.057132749967192045,0.0,0
44096,2,1,0.868761968737181,1.1536510895648764,0.28488912082769535,0.12565803876397924,0.018038358756578304,0.10302851400999985,1
44096,2,2,0.868761968737181,1.225140358894128,0.35637839015694706,0.11101114901263884,0.0033914690052379015,0.0,0
44096,2,3,0.868761968737181,1.1485537365941352,0.27979176785695414,0.10761968000740094,0.0,0.0,0
44096,3,1,1.2961176302783983,2.1818120591349723,0.885694428856574,0.18887750301290607,0.0024061075654521757,0.10302851400999988,1
44096,3,2,1.2961176302783983,2.124739415193681,0.8286217849152828,0.1864713954474539,0.0,0.0,0
44096,3,3,1.2961176302783983,1.9048669033833323,0.608749273104934,0.1930964372321751,0.006625041784721203,0.0,0
44096,4,1,2.14256919320335,3.2805512468040448,1.1379820536006946,0.0973819687075036,0.0,0.10302851400999988,1
44096,4,2,2.14256919320335,3.130616756883346,0.9880475636799959,0.116490356578124,0.0191083878706204,0.0,0
44096,4,3,2.14256919320335,3.4248739516545825,1.2823047584512324,0.14179009012410962,0.04440812141660602,0.0,0
44096,5,1,1.4785389035879095,2.2429595422861284,0.7644206386982189,0.16786627336289178,0.002943776558442579,0.0565868517856809,1
44096,5,2,1.4785389035879095,1.9861933485455716,0.5076544449576621,0.1649224968044492,0.0,0.0,0
44096,5,3,1.4785389035879095,2.04418565950908,0.5656467559211704,0.177753371685548,0.012830874881098797,0.0,0
44096,6,1,2.063137216904127,2.5741207772931505,0.5109835603890236,0.1954327464390583,0.0,0.056586851785680875,1
44096,6,2,2.063137216904127,2.5670799319447104,0.5039427150405835,0.2180279413413316,0.022595194902273297,0.0,0
44096,6,3,2.063137216904127,2.6701970598873945,0.6070598429832677,0.24773351027322815,0.052300763834169844,0.0,0
44096,7,1,2.3664054028428354,4.118435424543371,1.7520300217005356,0.12276649389392029,0.0,0.056586851785680875,1
44096,7,2,2.3664054028428354,3.2922742789684136,0.9258688761255782,0.12769890072757903,0.0049324068336587396,0.0,0
44096,7,3,2.3664054028428354,3.840384217181362,1.4739788143385266,0.13541922318053728,0.012652729286616995,0.0,0
44096,8,1,2.347094381132763,2.9453633508351844,0.5982689697024215,0.1165102919058542,0.0,0.0,0
44096,8,2,2.347094381132763,2.569539495489846,0.22244511435708292,0.12441314566264298,0.007902853756788786,0.0,0
44096,8,3,2.347094381132763,3.1007926668095953,0.7536982856768324,0.13124144808049482,0.014731156174640617,0.0,0
44096,9,1,1.3963998820517554,2.588070519494175,1.1916706374424195,0.1253068677392052,0.002598562342693067,0.0,0
44096,9,2,1.3963998820517554,1.96072362645535,0.5643237444035947,0.12270830539651215,0.0,0.0,0
44096,9,3,1.3963998820517554,2.386544001567325,0.9901441195155698,0.13837792018857592,0.015669614792063774,0.0,0
44096,10,1,1.208383580921693,1.8021353204588402,0.5937517395371472,0.12844790206887466,0.0,0.09010590843811894,1
44096,10,2,1.208383580921693,1.978869630749643,0.77048604982795,0.14117305847171577,0.012725156402841109,0.0,0
44096,10,3,1.208383580921693,1.8667142145129099,0.6583306335912169,0.13448154764696837,0.006033645578093716,0.0,0
44096,11,1,1.3315165893734378,1.5990208227537388,0.26750423338030105,0.17636956853875146,0.0,0.09010590843811894,1
44096,11,2,1.3315165893734378,1.842339211372814,0.5108226219993763,0.19300195318284608,0.01663238464409461,0.0,0
44096,11,3,1.3315165893734378,2.4298835915270542,1.0983670021536165,0.22214549339874826,0.04577592485999679,0.0,0
44096,12,1,2.1449665121614556,2.730946648794471,0.5859801366330153,0.07310683565888629,0.0,0.09010590843811894,1
44096,12,2,2.1449665121614556,2.8648906383486112,0.7199241261871556,0.08658308623761655,0.013476250578730267,0.0,0
44096,12,3,2.1449665121614556,3.1966233802443247,1.051656868082869,0.09627849540271183,0.02317165974382554,0.0,0
44096,13,1,1.4035490498003818,1.7666925671531124,0.36314351735273065,0.1390559889441974,0.0,0.0,0
44096,13,2,1.4035490498003818,2.0802812945112747,0.676732244710893,0.15942449786132418,0.02036850891712677,0.0,0
44096,13,3,1.4035490498003818,1.8729819042201072,0.4694328544197255,0.15194698648122776,0.012890997537030352,0.0,0
44096,14,1,1.2080613904305821,2.109990613693198,0.9019292232626157,0.1339849551995339,0.0,0.0,0
44096,14,2,1.2080613904305821,2.324916751460881,1.116855361030299,0.14988077822408805,0.01589582302455414,0.0,0
44096,14,3,1.2080613904305821,2.2727169188453247,1.0646555284147425,0.1492791487312194,0.015294193531685485,0.0,0
44096,15,1,1.5653809575835804,2.2848960394764894,0.719515081892909,0.1738845329156215,0.0,0.0,0
44096,15,2,1.5653809575835804,2.242079304273924,0.6766983466903438,0.18029397564641245,0.006409442730790943,0.0,0
44096,15,3,1.5653809575835804,2.4122740732983177,0.8468931157147372,0.19945619101170084,0.025571658096079336,0.0,0
44096,16,1,1.0638439697199726,3.1627459595871636,2.098901989867191,0.29932558651513386,0.017657425848475128,0.0,0
44096,16,2,1.0638439697199726,2.9974205064817667,1.933576536761794,0.2958543883115721,0.014186227644913396,0.0,0
44096,16,3,1.0638439697199726,3.0345472340193593,1.9707032642993867,0.28166816066665873,0.0,0.0,0
44096,17,1,2.311104103287172,2.6564303411991217,0.3453262379119497,0.13054767456106914,0.0,0.0,0
44096,17,2,2.311104103287172,2.860590325671206,0.5494862223840342,0.15852332153458923,0.02797564697352009,0.0,0
44096,17,3,2.311104103287172,3.0216440596537626,0.7105399563665906,0.16389089765365664,0.0333432230925875,0.0,0
44096,18,1,1.5380545836017476,2.302847570118848,0.7647929865171004,0.20640215734951275,0.0,0.0,0
44096,18,2,1.5380545836017476,2.3836305514292895,0.8455759678275419,0.22258889133216433,0.01618673398265158,0.0,0
44096,18,3,1.5380545836017476,2.620350751961774,1.0822961683600263,0.258589184491772,0.05218702714225923,0.0,0
44096,19,1,1.3220578441646273,1.6058054794111094,0.28374763524648206,0.18730355167204346,0.03549675842069247,0.0,0
44096,19,2,1.3220578441646273,1.5811876355760728,0.25912979141144543,0.15989172002668636,0.008084926775335372,0.0,0
44096,19,3,1.3220578441646273,1.616244470560805,0.29418662639617765,0.151806793251351,0.0,0.0,0
44096,20,1,1.9978956215301618,2.8588525411000907,0.8609569195699289,0.10390128756209825,0.0,0.0,0
44096,20,2,1.9978956215301618,2.2943567012971906,0.29646107976702885,0.10474716287563815,0.0008458753135398983,0.0,0
44096,20,3,1.9978956215301618,3.125043645910241,1.1271480243800793,0.10667225715819345,0.002770969596095199,0.0,0
44096,21,1,1.9535405221221993,2.939988951959348,0.9864484298371485,0.12128620731834189,0.016216616315743712,0.0,0
44096,21,2,1.9535405221221993,2.8473579082042426,0.8938173860820433,0.10567207118540362,0.0006024801828054399,0.0,0
44096,21,3,1.9535405221221993,3.1098208150596216,1.1562802929374223,0.10506959100259818,0.0,0.0,0
44096,22,1,2.0600107553968274,2.4228609680489077,0.3628502126520803,0.18945303023305818,0.0,0.0023762787710386313,0
44096,22,2,2.0600107553968274,2.5341918714752714,0.47418111607844393,0.1903485571640055,0.0008955269309473268,0.0,0
44096,22,3,2.0600107553968274,2.4313959983005375,0.3713852429037101,0.20613196173751813,0.016678931504459954,0.0,0
44096,23,1,2.8302156579367086,3.1536496433565526,0.32343398541984403,0.1270399328943066,0.0,0.0023762787710386313,0
44096,23,2,2.8302156579367086,3.053737323892991,0.22352166595628242,0.13117304327923168,0.004133110384925087,0.0,0
44096,23,3,2.8302156579367086,3.2831869477347717,0.4529712897980631,0.14879424173634934,0.02175430884204274,0.0,0
44096,24,1,1.7741154765989093,3.0341466874968916,1.2600312108979823,0.14598205846867723,0.0,0.002376278771038645,0
44096,24,2,1.7741154765989093,2.8534952926397485,1.0793798160408392,0.19105419167852072,0.04507213320984349,0.0,0
44096,24,3,1.7741154765989093,3.056269488409524,1.2821540118106145,0.20781474572387534,0.06183268725519811,0.0,0
44096,25,1,1.718615612650608,1.8062090332048943,0.08759342055428632,0.13594257775473775,0.01238649428144642,0.0,0
44096,25,2,1.718615612650608,1.9672053395157207,0.24858972686511271,0.12451984016620919,0.0009637566929178581,0.0,0
44096,25,3,1.718615612650608,1.7961495472843865,0.07753393463377845,0.12355608347329133,0.0,0.0,0
44096,26,1,1.7100084996765126,2.195917290262763,0.48590879058625025,0.1564312513933899,0.0,0.0,0
44096,26,2,1.7100084996765126,2.056573453383206,0.34656495370669327,0.15786288229233988,0.001431630898949987,0.0,0
44096,26,3,1.7100084996765126,2.3265781128927117,0.6165696132161991,0.1618437375725551,0.005412486179165205,0.0,0
44096,27,1,2.22398192319379,2.616498277957029,0.3925163547632389,0.08607382042509747,0.0,0.0,0
44096,27,2,2.22398192319379,2.7594396988505316,0.5354577756567416,0.09700086602296673,0.010927045597869264,0.0,0
44096,27,3,2.22398192319379,3.0695174189517047,0.8455354957579146,0.11038049038073237,0.024306669955634908,0.0,0
44096,28,1,1.885086381289908,2.4605533436620353,0.5754669623721274,0.16074833776044176,0.0,0.15962307872150938,1
44096,28,2,1.885086381289908,2.591722532992802,0.7066361517028943,0.1680138332608095,0.00726549550036773,0.08410644936571943,1
44096,28,3,1.885086381289908,2.5340824318239945,0.6489960505340866,0.16920638871923593,0.008458050958794178,0.0,0
44096,29,1,2.739378472063909,3.5482771018009656,0.8088986297370564,0.08940342582924411,0.0,0.1596230787215094,1
44096,29,2,2.739378472063909,3.460916127695539,0.72153765563163,0.15087067556474576,0.06146724973550165,0.08410644936571945,1
44096,29,3,2.739378472063909,3.694002293098815,0.9546238210349056,0.18258420881750012,0.09318078298825601,0.0,0
44096,30,1,1.6349123733824409,2.169502526098816,0.5345901527163752,0.130241796785346,0.0,0.0,0
44096,30,2,1.6349123733824409,1.809927067768605,0.17501469438616413,0.1375336467400469,0.007291849954700891,0.0,0
44096,30,3,1.6349123733824409,2.3089545582165747,0.6740421848341338,0.14307455550014755,0.012832758714801551,0.0,0
44096,31,1,1.2303926605984208,1.7025019793489264,0.47210931875050566,0.17495215142427856,0.0,0.0960676523185735,1
44096,31,2,1.2303926605984208,1.864537359586557,0.6341446989881363,0.17815027789384738,0.003198126469568824,0.0,0
44096,31,3,1.2303926605984208,2.170037287574582,0.9396446269761614,0.20219686537488182,0.027244713950603267,0.0,0
44096,32,1,1.5536902471118768,2.2446514563989903,0.6909612092871136,0.20250459873408952,0.0,0.0960676523185735,1
44096,32,2,1.5536902471118768,2.3062325396824153,0.7525422925705385,0.21732916276477687,0.014824564030687354,0.0,0
44096,32,3,1.5536902471118768,2.523174553450125,0.9694843063382481,0.2531243569422421,0.05061975820815259,0.0,0
44096,33,1,1.8578048583107498,3.709389267785832,1.8515844094750822,0.13279376099763618,0.0,0.0960676523185735,1
44096,33,2,1.8578048583107498,3.1037064844423528,1.245901626131603,0.14013217109438822,0.0073384100967520405,0.0,0
44096,33,3,1.8578048583107498,3.633685779605867,1.775880921295117,0.14203313764923242,0.009239376651596243,0.0,0
44096,34,1,1.301981372288769,2.2259071539577255,0.9239257816689566,0.12012527566833148,0.0,0.0,0
44096,34,2,1.301981372288769,1.5632024498301436,0.2612210775413746,0.12118119555951701,0.0010559198911855305,0.0,0
44096,34,3,1.301981372288769,2.48370684971364,1.181725477424871,0.1339261187608925,0.013800843092561021,0.0,0
44096,35,1,1.8225678479077019,2.346880239886628,0.5243123919789261,0.13360885583345836,0.003400427841891429,0.0,0
44096,35,2,1.8225678479077019,2.598507492362042,0.77593964445434,0.13384447865855897,0.0036360506669920467,0.0,0
44096,35,3,1.8225678479077019,2.033288973523054,0.21072112561535206,0.13020842799156693,0.0,0.0,0
44096,36,1,1.5761398088006655,2.0339974507744394,0.4578576419737739,0.16763987630362237,0.016148597700920503,0.0,0
44096,36,2,1.5761398088006655,2.019845179803289,0.4437053710026233,0.16178905556024262,0.01029777695754075,0.0,0
44096,36,3,1.5761398088006655,1.972597961440781,0.3964581526401154,0.15149127860270187,0.0,0.0,0
44096,37,1,1.8045135736771916,2.3200924023849,0.5155788287077083,0.1026299727322925,0.0,0.0,0
44096,37,2,1.8045135736771916,2.3319805509993623,0.5274669773221707,0.14647146492570437,0.043841492193411866,0.0,0
44096,37,3,1.8045135736771916,2.9531874424451265,1.148673868767935,0.18560384637915117,0.08297387364685867,0.0,0
44096,38,1,1.2115581389639714,2.268262888288963,1.0567047493249915,0.13842019994671634,0.0,0.0,0
44096,38,2,1.2115581389639714,2.2620878964735627,1.0505297575095913,0.1527884997818113,0.014368299835094966,0.0,0
44096,38,3,1.2115581389639714,1.9635909418690787,0.7520328029051073,0.14705566211560422,0.008635462168887886,0.0,0
44096,39,1,1.0554960131043638,2.366836877563328,1.3113408644589641,0.19197680005063822,0.003581956539729564,0.0,0
44096,39,2,1.0554960131043638,2.103199836652032,1.0477038235476683,0.20499737241650798,0.016602528905599323,0.0,0
44096,39,3,1.0554960131043638,1.8328369631055648,0.777340950001201,0.18839484351090865,0.0,0.0,0
44096,40,1,1.419659560992934,2.585679697441312,1.166020136448378,0.11455264309791718,0.0,0.0,0
44096,40,2,1.419659560992934,2.6328280297803204,1.2131684687873863,0.1810744390088372,0.06652179591092003,0.0,0
44096,40,3,1.419659560992934,3.5336539073582705,2.1139943463653363,0.22086066355125558,0.1063080204533384,0.0,0
44096,41,1,1.503070193876241,1.748273354361769,0.24520316048552804,0.20095876628635825,0.0,0.0,0
44096,41,2,1.503070193876241,1.9912944826879702,0.4882242888117292,0.22205600391171498,0.02109723762535673,0.0,0
44096,41,3,1.503070193876241,2.392080936706952,0.889010742830711,0.2346050758452624,0.03364630955890416,0.0,0
44096,42,1,1.3636624823320773,1.9160935700420878,0.5524310877100105,0.12288849207897645,0.0,0.0,0
44096,42,2,1.3636624823320773,2.0856088859669963,0.721946403634919,0.1628093807357115,0.03992088865673504,0.0,0
44096,42,3,1.3636624823320773,2.5682039424418206,1.2045414601097433,0.18968951573455667,0.06680102365558022,0.0,0
44096,43,1,1.9679523997042856,3.1732698422989456,1.20531744259466,0.13424784534950435,0.008708290027401505,0.0,0
44096,43,2,1.9679523997042856,2.9962903605136737,1.028337960809388,0.13800011172636034,0.0124605564042575,0.0,0
44096,43,3,1.9679523997042856,3.0195862917656138,1.0516338920613282,0.12553955532210284,0.0,0.0,0
44096,44,1,2.3061528977237704,2.671787253486505,0.3656343557627344,0.10946006014223596,0.0,0.183071302569769,1
44096,44,2,2.3061528977237704,2.6274196415074713,0.3212667437837009,0.12656030172135385,0.017100241579117895,0.10281925953856036,1
44096,44,3,2.3061528977237704,3.066934944383359,0.7607820466595885,0.14559273519097518,0.036132675048739224,0.0,0
44096,45,1,1.780725762396608,3.4316894644805345,1.6509637020839265,0.19815908834705032,0.0,0.18307130256976897,1
44096,45,2,1.780725762396608,2.8769990852210996,1.0962733228244916,0.22168775851015438,0.02352867016310406,0.10281925953856036,1
44096,45,3,1.780725762396608,3.1644785839002747,1.3837528215036667,0.24932513595182265,0.051166047604772336,0.0,0
44096,46,1,1.1010372384057097,1.813663824034395,0.7126265856286853,0.15997978975892166,0.0,0.0,0
44096,46,2,1.1010372384057097,2.0813220982829472,0.9802848598772376,0.18465734146409554,0.024677551705173884,0.0,0
44096,46,3,1.1010372384057097,1.8802731865628952,0.7792359481571856,0.16329608935327647,0.00331629959435481,0.0,0
44096,47,1,1.3708306873842773,1.8916519734833308,0.5208212860990535,0.16757406498482227,0.0,0.0,0
44096,47,2,1.3708306873842773,2.162427606716998,0.7915969193327208,0.17836711347624026,0.01079304849141799,0.0,0
44096,47,3,1.3708306873842773,2.1749159985517426,0.8040853111674653,0.16791384031289489,0.00033977532807261124,0.0,0
44096,48,1,1.8842043771273531,2.8899490834412083,1.0057447063138552,0.12810010728990823,0.02579218336503611,0.0,0
44096,48,2,1.8842043771273531,2.6624768882756404,0.7782725111482873,0.11636176051648273,0.014053836591610608,0.0,0
44096,48,3,1.8842043771273531,2.90661202455043,1.022407647423077,0.10230792392487212,0.0,0.0,0
44096,49,1,1.4920453329616123,2.3144995179744736,0.8224541850128613,0.12018409756593397,0.0,0.0,0
44096,49,2,1.4920453329616123,2.2969981644379702,0.8049528314763579,0.12233679382570282,0.002152696259768855,0.0,0
44096,49,3,1.4920453329616123,2.186705921563501,0.6946605886018886,0.12096914033611798,0.0007850427701840135,0.0,0
44096,50,1,1.8487698951660465,2.227913411128963,0.3791435159629164,0.1724641572355261,0.0,0.0,0
44096,50,2,1.8487698951660465,2.3256442941534905,0.476874398987444,0.18193916580717384,0.009475008571647736,0.0,0
44096,50,3,1.8487698951660465,2.666051084345174,0.8172811891791274,0.2037284790309417,0.031264321795415606,0.0,0
44096,51,1,1.9808651613329586,2.3221406432479577,0.341275481914999,0.05613026900953149,0.0,0.0,0
44096,51,2,1.9808651613329586,2.5010117782341887,0.5201466169012301,0.06187606341632619,0.005745794406794701,0.0,0
44096,51,3,1.9808651613329586,3.0799558585271187,1.09909069719416,0.06445736854628058,0.008327099536749087,0.0,0
44096,52,1,25.060451566091047,25.307311557078247,0.24685999098720046,0.07023080190277876,0.0,0.0,0
44096,52,2,25.060451566091047,25.201213741496737,0.14076217540569047,0.1182882180929428,0.04805741619016404,0.0031676016024665132,0
44096,52,3,25.060451566091047,25.324197559454827,0.2637459933637807,0.13845882898467632,0.06822802708189755,0.008959257440669083,1
44096,53,1,27.255952636876724,27.47670699391283,0.2207543570361068,0.07036067344853403,0.0,0.0,0
44096,53,2,27.255952636876724,27.384753260925265,0.12880062404854087,0.12110445326709605,0.050743779818562026,0.00579165583820257,1
44096,53,3,27.255952636876724,27.4901842153207,0.2342315784439748,0.1395918133179058,0.06923113986937177,0.013960801091690636,1
44096,54,1,11.527024340993865,11.686100446865897,0.1590761058720318,0.1191863275565498,0.0,0.0,0
44096,54,2,11.527024340993865,11.631247540122635,0.10422319912876965,0.11958064788905287,0.0003943203325030703,0.02601221621591024,1
44096,54,3,11.527024340993865,11.717961885735757,0.1909375447418924,0.13083671364558222,0.011650386089032419,0.02601221621591024,1
44096,55,1,15.766876908056824,15.88625135675245,0.11937444869562519,0.11249636936328593,0.004711443120824457,0.0,0
44096,55,2,15.766876908056824,15.963086830083071,0.19620992202624699,0.10778492624246147,0.0,0.02601221621591025,1
44096,55,3,15.766876908056824,15.917907204417128,0.15103029636030385,0.12076417199955979,0.012979245757098315,0.02601221621591025,1
44096,56,1,14.320865357911845,14.449957937362049,0.12909257945020336,0.1228482049846618,0.0012915905036448988,0.0,0
44096,56,2,14.320865357911845,14.541016144484178,0.2201507865723329,0.1215566144810169,0.0,0.043840361608672204,1
44096,56,3,14.320865357911845,14.491785372364248,0.17092001445240257,0.13873990451048132,0.01718329002946442,0.03314207004198215,1
44096,57,1,13.113948388149726,13.30929242116286,0.19534403301313397,0.11984716844493455,0.008621226452136296,0.010698291566690055,1
44096,57,2,13.113948388149726,13.370707987479207,0.2567595993294809,0.11122594199279826,0.0,0.0,0
44096,57,3,13.113948388149726,13.309710983424278,0.19576259527455164,0.1263507045732507,0.01512476258045245,0.0,0
44096,58,1,17.080616994183394,17.18090095348081,0.10028395929741407,0.12789928282425955,0.0,0.0,0
44096,58,2,17.080616994183394,17.143611602749917,0.06299460856652317,0.1333310313891427,0.005431748564883154,0.05522933223060417,1
44096,58,3,17.080616994183394,17.233310276660177,0.1526932824767826,0.14183502068811182,0.013935737863852271,0.05522933223060417,1
44097,0,1,2.451952575487908,2.940568563846571,0.48861598835866316,0.08505056615054456,0.0,0.10207063748189862,1
44097,0,2,2.451952575487908,2.955696378102568,0.5037438026146601,0.13086878184748546,0.0458182156969409,0.0,0
44097,0,3,2.451952575487908,3.3074842628969896,0.8555316874090817,0.15731238556721377,0.07226181941666922,0.0,0
44097,1,1,1.630746869899158,3.0140011982278248,1.3832543283286667,0.18889724553338264,0.0024884967714408346,0.057204270237984356,1
44097,1,2,1.630746869899158,2.2373412755849413,0.6065944056857833,0.1864087487619418,0.0,0.0,0
44097,1,3,1.630746869899158,2.96001710753212,1.3292702376329621,0.19875484035416272,0.012346091592220915,0.0,0
44097,2,1,2.1242695036342885,3.1754687093285625,1.051199205694274,0.19494660044986936,0.0,0.05720427023798433,1
44097,2,2,2.1242695036342885,2.8339516106468094,0.709682107012521,0.2392876270218655,0.04434102657199615,0.0,0
44097,2,3,2.1242695036342885,3.381717934060238,1.2574484304259497,0.3055912353586784,0.11064463490880902,0.0,0
44097,3,1,2.788668655070367,4.146738525362768,1.3580698702924012,0.1392205374718479,0.04016235561828696,0.05720427023798433,1
44097,3,2,2.788668655070367,3.9228050818038667,1.1341364267334995,0.09905818185356094,0.0,0.0,0
44097,3,3,2.788668655070367,4.388709877189139,1.6000412221187714,0.10355757820154933,0.004499396347988391,0.0,0
44097,4,1,2.4540626599707673,3.479910253697247,1.0258475937264797,0.12079801467795655,0.0,0.0,0
44097,4,2,2.4540626599707673,2.8009168926857093,0.346854232714942,0.13045490791142056,0.009656893233464012,0.0,0
44097,4,3,2.4540626599707673,3.2091996424793408,0.7551369825085734,0.15604429405724554,0.035246279379288994,0.0,0
44097,5,1,1.2402719054824538,2.8397455260730853,1.5994736205906315,0.12826270827772193,0.0,0.0,0
44097,5,2,1.2402719054824538,1.901261587060763,0.6609896815783092,0.13823040889880495,0.009967700621083014,0.0,0
44097,5,3,1.2402719054824538,2.8953449049643054,1.6550729994818516,0.1584504685863415,0.030187760308619555,0.0,0
44097,6,1,1.3001783758176686,1.5397121142093333,0.2395337383916647,0.13253344827237032,0.020586939201144114,0.0907291981545903,1
44097,6,2,1.3001783758176686,1.4948314358883068,0.1946530600706382,0.1119465090712262,0.0,0.0,0
44097,6,3,1.3001783758176686,1.782111561672918,0.48193318585524936,0.11807030818767547,0.006123799116449266,0.0,0
44097,7,1,1.4682784433037983,2.6529651162185535,1.1846866729147552,0.16766509341847405,0.0,0.0907291981545903,1
44097,7,2,1.4682784433037983,2.3581234881014077,0.8898450447976094,0.20595986330417762,0.03829476988570357,0.0,0
44097,7,3,1.4682784433037983,2.876646026929252,1.408367583625454,0.23520487287397984,0.0675397794555058,0.0,0
44097,8,1,2.3056623990464673,3.8518938310465827,1.5462314320001154,0.09908652757132332,0.012303321899872072,0.09072919815459028,1
44097,8,2,2.3056623990464673,3.627465288969365,1.3218028899228975,0.08678320567145124,0.0,0.0,0
44097,8,3,2.3056623990464673,3.8380243591562717,1.5323619601098044,0.094437688458825,0.007654482787373754,0.0,0
44097,9,1,1.648103835433234,2.2719987256638063,0.6238948902305723,0.14917072986181618,0.0,0.0,0
44097,9,2,1.648103835433234,1.8483699958527375,0.20026616041950351,0.15831137586434385,0.009140646002527675,0.0,0
44097,9,3,1.648103835433234,2.0671202697913906,0.4190164343581566,0.1717055432074456,0.02253481334562943,0.0,0
44097,10,1,1.2924868472094306,2.5064154235426606,1.21392857633323,0.15298775568047798,0.001624013160387322,0.0,0
44097,10,2,1.2924868472094306,2.710007146294017,1.4175202990845863,0.15505222461095855,0.0036884820908678895,0.0,0
44097,10,3,1.2924868472094306,1.7363632573786405,0.44387641016920987,0.15136374252009066,0.0,0.0,0
44097,11,1,1.8537208485771113,2.439574547337574,0.5858536987604626,0.15093820168205013,0.0,0.0,0
44097,11,2,1.8537208485771113,2.4160999199119066,0.5623790713347954,0.1855144245366106,0.03457622285456047,0.0,0
44097,11,3,1.8537208485771113,2.704149321707498,0.8504284731303868,0.1986862073695575,0.04774800568750737,0.0,0
44097,12,1,1.409525578022794,3.0697600099733497,1.6602344319505558,0.30354663871999543,0.02924868768523181,0.0,0
44097,12,2,1.409525578022794,3.025379073409153,1.615853495386359,0.28401347339338984,0.009715522358626216,0.0,0
44097,12,3,1.409525578022794,3.105174069033196,1.695648491010402,0.2742979510347636,0.0,0.0,0
44097,13,1,2.4133467994064084,2.81081888852588,0.3974720891194714,0.13220843927092835,0.0,0.0,0
44097,13,2,2.4133467994064084,2.786053046863644,0.3727062474572356,0.16452200129173272,0.032313562020804376,0.0,0
44097,13,3,2.4133467994064084,2.973657041961906,0.5603102425554978,0.1924226844213301,0.060214245150401746,0.0,0
44097,14,1,1.7944339065845718,2.7777076907033615,0.9832737841187897,0.20391804716355574,0.0,0.0,0
44097,14,2,1.7944339065845718,3.142605263646831,1.3481713570622593,0.23766317419970942,0.03374512703615368,0.0,0
44097,14,3,1.7944339065845718,2.8248670658335078,1.030433159248936,0.23251188283039945,0.028593835666843703,0.0,0
44097,15,1,0.9886611482402488,1.4730350263536993,0.48437387811345056,0.19281784639689784,0.055009033431709486,0.09117027176370485,1
44097,15,2,0.9886611482402488,1.2100385590573235,0.22137741081707474,0.1440666238328513,0.006257810867662944,0.0,0
44097,15,3,0.9886611482402488,1.1842037503337486,0.19554260209349983,0.13780881296518835,0.0,0.0,0
44097,16,1,1.3187620875378712,2.2896647070143885,0.9709026194765173,0.10433907012007114,0.004965531495430872,0.09117027176370486,1
44097,16,2,1.3187620875378712,2.135974401408503,0.8172123138706318,0.09937353862464027,0.0,0.0,0
44097,16,3,1.3187620875378712,2.197125792658402,0.8783637051205306,0.09981414741763303,0.0004406087929927638,0.0,0
44097,17,1,1.9111717751633956,3.2931865229383974,1.3820147477750018,0.15938095684657505,0.06838140876591922,0.09117027176370485,1
44097,17,2,1.9111717751633956,3.243414646257037,1.3322428710936411,0.09215937819854984,0.0011598301178940146,0.0,0
44097,17,3,1.9111717751633956,3.2578745851957622,1.3467028100323666,0.09099954808065583,0.0,0.0,0
44097,18,1,2.1851251827852094,2.9504257119142685,0.7653005291290591,0.18855471055190595,0.0,0.0024831344456497373,0
44097,18,2,2.1851251827852094,2.65786050693931,0.4727353241541006,0.19457324947730384,0.006018538925397887,0.0,0
44097,18,3,2.1851251827852094,2.5687020276343246,0.38357684484911525,0.2007466638743045,0.012191953322398558,0.0,0
44097,19,1,2.892993017758304,3.1808179222749073,0.2878249045166035,0.11687679758643242,0.0,0.0024831344456497373,0
44097,19,2,2.892993017758304,3.1205273913264984,0.2275343735681945,0.1442798244280992,0.027403026841666775,0.0,0
44097,19,3,2.892993017758304,3.343900205773308,0.45090718801500396,0.169641751244253,0.052764953657820565,0.0,0
44097,20,1,1.8215013562235782,3.210929899095414,1.3894285428718356,0.16059448501310436,0.0,0.0024831344456497373,0
44097,20,2,1.8215013562235782,2.6884938220719183,0.8669924658483401,0.2072633916231893,0.04666890661008494,0.0,0
44097,20,3,1.8215013562235782,3.0810555913396573,1.2595542351160791,0.24891150618674265,0.0883170211736383,0.0,0
44097,21,1,2.051749672052572,2.2449850131284714,0.19323534107589957,0.15361057583101895,0.017886330834793907,0.08779151747751224,1
44097,21,2,2.051749672052572,2.2705297821280306,0.21878011007545872,0.1394307920315555,0.0037065470353304653,0.0,0
44097,21,3,2.051749672052572,2.299821143429427,0.24807147137685526,0.13572424499622504,0.0,0.0,0
44097,22,1,1.7255262266175972,2.592455773395727,0.86692954677813,0.13788336446865274,0.0,0.08779151747751225,1
44097,22,2,1.7255262266175972,2.9231465065002213,1.197620279882624,0.16373161725839339,0.02584825278974065,0.0,0
44097,22,3,1.7255262266175972,2.3986646255276596,0.6731383989100623,0.16000791743889897,0.022124552970246236,0.0,0
44097,23,1,2.1813314530760883,2.938999403551963,0.7576679504758745,0.08662852413164686,0.0,0.08779151747751224,1
44097,23,2,2.1813314530760883,2.895861235472714,0.7145297823966255,0.1093013723091153,0.022672848177468438,0.0,0
44097,23,3,2.1813314530760883,3.441375200318447,1.2600437472423587,0.1195942151287999,0.032965690997153047,0.0,0
44097,24,1,2.225187716236971,2.9652520361759755,0.7400643199390045,0.15998061692901158,0.0,0.15964924276465597,1
44097,24,2,2.225187716236971,2.6504592918715013,0.4252715756345302,0.16952809958049755,0.009547482651485972,0.08424301804814122,1
44097,24,3,2.225187716236971,2.8982293662606096,0.6730416500236385,0.1789955234269737,0.019014906497962114,0.0,0
44097,25,1,2.871602330304571,3.9688748005094086,1.0972724702048375,0.08856681003727929,0.0,0.15964924276465597,1
44097,25,2,2.871602330304571,3.629995524021792,0.7583931937172208,0.14886054747966337,0.06029373744238409,0.08424301804814122,1
44097,25,3,2.871602330304571,3.8228796831686127,0.9512773528640417,0.19940446763479913,0.11083765759751985,0.0,0
44097,26,1,1.8875447621394605,2.381289228084985,0.49374446594552435,0.13225224806032887,0.0,0.0,0
44097,26,2,1.8875447621394605,2.4175219067738585,0.5299771446343979,0.15516647034126899,0.022914222280940116,0.0,0
44097,26,3,1.8875447621394605,2.3338766734000713,0.4463319112606108,0.16062250922373755,0.028370261163408683,0.0,0
44097,27,1,1.4898386741903373,2.4631919489919625,0.9733532748016251,0.1829906668250324,0.00679797952510075,0.09547306843802597,1
44097,27,2,1.4898386741903373,1.9570538587550161,0.4672151845646788,0.17619268729993165,0.0,0.0,0
44097,27,3,1.4898386741903373,2.320274234108851,0.8304355599185136,0.187499089128877,0.01130640182894535,0.0,0
44097,28,1,1.9528569709348935,3.1402738234113565,1.187416852476463,0.18803523236650865,0.0,0.09547306843802597,1
44097,28,2,1.9528569709348935,2.6473866575308866,0.6945296865959931,0.22383993142504105,0.0358046990585324,0.0,0
44097,28,3,1.9528569709348935,3.2283500134756467,1.2754930425407531,0.28248952496262414,0.09445429259611549,0.0,0
44097,29,1,2.1637067606343243,5.056951680753689,2.8932449201193644,0.22603416296800863,0.10494633849625985,0.09547306843802597,1
44097,29,2,2.1637067606343243,3.6229685257213347,1.4592617650870103,0.12108782447174878,0.0,0.0,0
44097,29,3,2.1637067606343243,4.3799428827363265,2.216236122102002,0.12291396097375937,0.0018261365020105919,0.0,0
44097,30,1,1.6389090939198336,2.6421861456197684,1.0032770516999348,0.11963710781017371,0.0,0.0,0
44097,30,2,1.6389090939198336,2.106007094393681,0.4670980004738472,0.140816256745512,0.021179148935338274,0.0,0
44097,30,3,1.6389090939198336,2.428622668895725,0.7897135749758912,0.14977149467406797,0.03013438686389426,0.0,0
44097,31,1,2.230555828723962,2.5138439097914675,0.28328808106750536,0.14620542768336428,0.008986243950976996,0.0,0
44097,31,2,2.230555828723962,2.5452424909356175,0.3146866622116553,0.1396907243124978,0.0024715405801105095,0.0,0
44097,31,3,2.230555828723962,2.5831100972198078,0.3525542684958456,0.13721918373238728,0.0,0.0,0
44097,32,1,1.744087912998833,1.9828689648765938,0.23878105187776089,0.1700670675129377,0.024333577433909598,0.0,0
44097,32,2,1.744087912998833,1.9634127968200314,0.21932488382119852,0.15136844510449537,0.005634955025467264,0.0,0
44097,32,3,1.744087912998833,2.111869447614095,0.3677815346152622,0.1457334900790281,0.0,0.0,0
44097,33,1,2.153031093460025,2.975510102590459,0.8224790091304341,0.09932436283763421,0.0,0.0,0
44097,33,2,2.153031093460025,3.028655709412179,0.8756246159521539,0.17565959264982298,0.07633522981218877,0.0,0
44097,33,3,2.153031093460025,3.51189642923334,1.3588653357733151,0.21482741706570213,0.11550305422806792,0.0,0
44097,34,1,1.4880015371470192,2.6238689542344824,1.1358674170874632,0.1469288620875553,0.0,0.0,0
44097,34,2,1.4880015371470192,2.120469025337221,0.6324674881902019,0.15679731062462007,0.009868448537064783,0.0,0
44097,34,3,1.4880015371470192,2.3365927310570567,0.8485911939100375,0.15954050195848973,0.012611639870934443,0.0,0
44097,35,1,1.3450387535479795,2.433018802147399,1.0879800485994193,0.18742760837098713,0.0002747860626179377,0.0,0
44097,35,2,1.3450387535479795,2.7018125351658653,1.3567737816178858,0.20017370311147076,0.01302088080310157,0.0,0
44097,35,3,1.3450387535479795,1.979248425290168,0.6342096717421886,0.1871528223083692,0.0,0.0,0
44097,36,1,1.8042327603460184,2.8915586051312636,1.0873258447852452,0.11180342086525562,0.0,0.0,0
44097,36,2,1.8042327603460184,2.9709335678022195,1.166700807456201,0.18775427905096115,0.07595085818570553,0.0,0
44097,36,3,1.8042327603460184,3.6362644610015793,1.8320317006555609,0.2330657956230338,0.1212623747577782,0.0,0
44097,37,1,1.7027100010135783,2.7332024816396014,1.0304924806260232,0.16332871242716865,0.0,0.0,0
44097,37,2,1.7027100010135783,2.760023498514281,1.0573134975007026,0.20703231166209918,0.04370359923493053,0.0,0
44097,37,3,1.7027100010135783,2.814967634976033,1.1122576339624546,0.2173575172880097,0.05402880486084105,0.0,0
44097,38,1,1.7218633537542818,2.5278587509101405,0.8059953971558587,0.10951523532830734,0.0,0.0,0
44097,38,2,1.7218633537542818,2.6199861546716043,0.8981228009173226,0.16676801273941336,0.057252777411106015,0.0,0
44097,38,3,1.7218633537542818,3.3553089091995725,1.6334455554452907,0.2058286025824386,0.09631336725413125,0.0,0
44097,39,1,2.1204115204972203,3.0792012048497464,0.9587896843525261,0.15831750911938283,0.05747867313127218,0.0,0
44097,39,2,2.1204115204972203,2.8922650080417673,0.7718534875445471,0.11064451972725715,0.009805683739146503,0.0,0
44097,39,3,2.1204115204972203,3.098953584505037,0.9785420640078168,0.10083883598811065,0.0,0.0,0
44097,40,1,2.3090036140820898,3.005435723653281,0.6964321095711914,0.10852282458160306,0.0,0.13474118198532503,1
44097,40,2,2.3090036140820898,3.0665310287405942,0.7575274146585045,0.11955042262665963,0.01102759804505657,0.07988576713916462,1
44097,40,3,2.3090036140820898,3.357307131212655,1.0483035171305652,0.1499576768548919,0.04143485227328883,0.0,0
44097,41,1,1.7442039655921566,3.233030425202833,1.4888264596106762,0.15898279344019756,0.0,0.1820211882298443,1
44097,41,2,1.7442039655921566,3.105559774749158,1.3613558091570015,0.2395994400621339,0.08061664662193635,0.10213542109067976,1
44097,41,3,1.7442039655921566,3.498596782051463,1.7543928164593066,0.2925970698674769,0.13361427642727935,0.0,0
44097,42,1,1.4560784595132827,1.9039774106708074,0.44789895115752465,0.15856147370742432,0.008744350450516192,0.0,0
44097,42,2,1.4560784595132827,1.6905502846384324,0.23447182512514964,0.15318958748944758,0.0033724642325394516,0.0,0
44097,42,3,1.4560784595132827,1.883046493930167,0.42696803441688425,0.14981712325690813,0.0,0.0,0
44097,43,1,1.6021584472868267,2.2055155009992555,0.6033570537124289,0.14475451184780017,0.015001042640703843,0.0,0
44097,43,2,1.6021584472868267,2.1138203521645447,0.511661904877718,0.13143237906388705,0.001678909856790728,0.0,0
44097,43,3,1.6021584472868267,2.3655087159356976,0.7633502686488709,0.12975346920709632,0.0,0.0,0
44097,44,1,2.0953995079312735,3.1577858742844986,1.0623863663532251,0.1315178974286627,0.05022844474688462,0.0,0
44097,44,2,2.0953995079312735,2.876544450314485,0.7811449423832113,0.09023238620951415,0.008942933527736063,0.0,0
44097,44,3,2.0953995079312735,3.124344715520534,1.0289452075892607,0.08128945268177809,0.0,0.0,0
44097,45,1,1.8177480560192065,2.224680765373373,0.40693270935416637,0.12843307088755224,0.006644273585286381,0.0,0
44097,45,2,1.8177480560192065,1.9422979991861422,0.12454994316693568,0.12178879730226586,0.0,0.0,0
44097,45,3,1.8177480560192065,2.3709182839605623,0.5531702279413557,0.12618812565991405,0.004399328357648197,0.0,0
44097,46,1,1.7683103381702288,2.7379863377236506,0.9696759995534219,0.148379837380106,0.0,0.0,0
44097,46,2,1.7683103381702288,2.533712604367496,0.7654022661972673,0.1789493274789584,0.030569490098852403,0.0,0
44097,46,3,1.7683103381702288,3.1270610260107388,1.35875068784051,0.20572042739089277,0.057340590010786785,0.0,0
44097,47,1,2.393404322513134,2.954264535320091,0.5608602128069573,0.05249291245749218,0.0,0.0,0
44097,47,2,2.393404322513134,3.2983312964354923,0.9049269739223584,0.05903817962413452,0.006545267166642339,0.0,0
44097,47,3,2.393404322513134,3.5688878644186195,1.1754835419054857,0.058903982453164576,0.006411069995672397,0.0,0
44097,48,1,0.9663218933041119,1.2085277549271123,0.2422058616230004,0.12697032477912684,0.029792020968724575,0.0,0
44097,48,2,0.9663218933041119,1.3308518427616587,0.3645299494575468,0.10125432469249682,0.00407602088209455,0.0,0
44097,48,3,0.9663218933041119,1.2983622373115438,0.3320403440074319,0.09717830381040227,0.0,0.0,0
44097,49,1,1.4939636243168573,2.5851976551113602,1.091234030794503,0.25992658268167274,0.09338047201058436,0.0,0
44097,49,2,1.4939636243168573,1.847988416952672,0.35402479263581466,0.17071223253291448,0.004166121861826105,0.0,0
44097,49,3,1.4939636243168573,1.898115531333494,0.40415190701663684,0.16654611067108838,0.0,0.0,0
44097,50,1,3.114741350645077,3.302550603236692,0.18780925259161485,0.0678140609301689,0.0,0.0,0
44097,50,2,3.114741350645077,3.345240607610889,0.2304992569658122,0.08970345823789623,0.021889397307727335,0.0,0
44097,50,3,3.114741350645077,3.5305858235182415,0.4158444728731645,0.10897893785776075,0.041164876927591854,0.0,0
44097,51,1,13.113641860067437,13.176204986979252,0.0625631269118152,0.11211643247455208,0.0,0.0,0
44097,51,2,13.113641860067437,13.174073386108144,0.06043152604070734,0.1336195320820799,0.02150309960752783,0.02604976525121637,1
44097,51,3,13.113641860067437,13.191619185777835,0.07797732571039795,0.15083737773616832,0.038720945261616235,0.02604976525121637,1
44097,52,1,17.818201610437228,17.882204393948427,0.06400278351119937,0.1072142616843109,0.0,0.0,0
44097,52,2,17.818201610437228,17.857953879246974,0.03975226880974603,0.12059270041253199,0.013378438728221087,0.026049765251216366,1
44097,52,3,17.818201610437228,17.90034907745144,0.08214746701421305,0.1312385041752255,0.024024242490914602,0.026049765251216366,1
44097,53,1,17.388517999500657,17.465908945331414,0.07739094583075712,0.05293545923221765,0.0,0.0,0
44097,53,2,17.388517999500657,17.451268041073984,0.06275004157332731,0.12848252185098702,0.07554706261876937,0.006592853441902663,1
44097,53,3,17.388517999500657,17.54436151415888,0.15584351465822266,0.17097787052861607,0.11804241129639842,0.008578064893466825,1
44097,54,1,13.640252518003525,13.696384996363559,0.0561324783600341,0.05510263313718631,0.0,0.0,0
44097,54,2,13.640252518003525,13.695210719965411,0.05495820196188639,0.10239793210738087,0.047295298970194556,0.001985211451564148,0
44097,54,3,13.640252518003525,13.752644337199687,0.11239181919616215,0.12170366561716318,0.06660103247997687,0.001985211451564148,0
44097,55,1,16.059346280139383,16.109644562552834,0.05029828241345058,0.11275290767578311,0.0,0.0,0
44097,55,2,16.059346280139383,16.108236865122777,0.04889058498339338,0.12994637087390482,0.017193463198121706,0.04357869394147793,1
44097,55,3,16.059346280139383,16.164429676333956,0.10508339619457274,0.15773190163376596,0.044978993957982855,0.03298383960635528,1
44097,56,1,14.635013954852187,14.66279549193644,0.027781537084251795,0.09355710004274082,0.0,0.010594854335122653,1
44097,56,2,14.635013954852187,14.666526608868395,0.03151265401620762,0.12126374300297584,0.02770664296023502,0.0,0
44097,56,3,14.635013954852187,14.71770491088252,0.0826909560303335,0.1461524948787162,0.05259539483597539,0.0,0
44097,57,1,19.17470407684211,19.222937668451202,0.048233591609090354,0.11850934481017106,0.0,0.0,0
44097,57,2,19.17470407684211,19.228981752005346,0.05427767516323456,0.14746375375146803,0.028954408941296972,0.05593498574474018,1
44097,57,3,19.17470407684211,19.233909894495554,0.05920581765344224,0.154771972415154,0.036262627604982944,0.05593498574474018,1
44098,0,1,3.3046050613613147,4.776044300737606,1.4714392393762914,0.11173084382018929,0.04658834752771601,0.057161182788644085,1
44098,0,2,3.3046050613613147,4.018418019887,0.7138129585256854,0.06662070576129177,0.0014782094688184921,0.0,0
44098,0,3,3.3046050613613147,4.861431396870382,1.5568263355090677,0.06514249629247328,0.0,0.0,0
44098,1,1,2.663527652361989,3.225623018728823,0.562095366366834,0.13870671777770688,0.012131800630984513,0.0,0
44098,1,2,2.663527652361989,2.931685781408797,0.268158129046808,0.12657491714672237,0.0,0.0,0
44098,1,3,2.663527652361989,3.7349659867261726,1.0714383343641836,0.13906882470826193,0.012493907561539563,0.0,0
44098,2,1,1.3021053963212794,2.5287355555556768,1.2266301592343973,0.13046281898079298,0.0,0.0,0
44098,2,2,1.3021053963212794,1.6648071157464943,0.3627017194252149,0.13318527035010894,0.0027224513693159536,0.0,0
44098,2,3,1.3021053963212794,3.173406002585027,1.8713006062637474,0.1398828300843342,0.00942001110354121,0.0,0
44098,3,1,1.2022240991544122,1.5311099925777754,0.32888589342336316,0.11955214696368852,0.012955547522541078,0.09086423005246877,1
44098,3,2,1.2022240991544122,1.6779867969055462,0.475762697751134,0.11329178388881563,0.006695184447668187,0.0,0
44098,3,3,1.2022240991544122,1.6134703609622307,0.41124626180781854,0.10659659944114744,0.0,0.0,0
44098,4,1,1.5260586330552883,2.443094814113125,0.9170361810578365,0.13689326738599358,0.0,0.09086423005246876,1
44098,4,2,1.5260586330552883,2.333330668447089,0.8072720353918006,0.17812014452899386,0.04122687714300027,0.0,0
44098,4,3,1.5260586330552883,3.0849756568448132,1.558917023789525,0.23467125065742675,0.09777798327143317,0.0,0
44098,5,1,2.4384823088389296,3.789870319337834,1.3513880104989044,0.09805593532632545,0.02775477118122996,0.09086423005246877,1
44098,5,2,2.4384823088389296,3.3212629559679407,0.8827806471290112,0.07030116414509549,0.0,0.0,0
44098,5,3,2.4384823088389296,3.7436590249004538,1.3051767160615242,0.07254249732276356,0.002241333177668073,0.0,0
44098,6,1,1.569767530931013,1.8865489518974257,0.3167814209664126,0.15813110869540986,0.005909838546740542,0.0,0
44098,6,2,1.569767530931013,1.8789843745698551,0.30921684363884205,0.15222127014866932,0.0,0.0,0
44098,6,3,1.569767530931013,2.1605919051001172,0.5908243741691042,0.15563789153177318,0.0034166213831038628,0.0,0
44098,7,1,1.7059985584030717,2.540712590247211,0.8347140318441395,0.15008726638032763,0.0,0.0,0
44098,7,2,1.7059985584030717,2.1748223705072607,0.468823812104189,0.15057921534187543,0.0004919489615478057,0.0,0
44098,7,3,1.7059985584030717,2.649956939332997,0.9439583809299255,0.15523725037965674,0.005149983999329116,0.0,0
44098,8,1,1.9058152067840701,2.3490463859893507,0.44323117920528055,0.14198628508190628,0.0,0.0,0
44098,8,2,1.9058152067840701,2.305465678470485,0.3996504716864149,0.15322627544011927,0.011239990358212992,0.0,0
44098,8,3,1.9058152067840701,2.5941581727763743,0.6883429659923042,0.1948891547370356,0.05290286965512933,0.0,0
44098,9,1,1.2743234462040085,3.2571324744227064,1.9828090282186979,0.2595890094035045,0.011313812244567761,0.0,0
44098,9,2,1.2743234462040085,3.7305874186849666,2.456263972480958,0.26385458128601874,0.015579384127082013,0.0,0
44098,9,3,1.2743234462040085,2.9819447689886593,1.7076213227846508,0.24827519715893673,0.0,0.0,0
44098,10,1,2.4359187280823034,3.000032981357213,0.5641142532749095,0.1563808266645455,0.0,0.0,0
44098,10,2,2.4359187280823034,2.871996777419104,0.4360780493368006,0.16209385420695502,0.005713027542409516,0.0,0
44098,10,3,2.4359187280823034,2.872774947767965,0.4368562196856618,0.1712396236873736,0.014858797022828107,0.0,0
44098,11,1,1.888013128573108,2.8217591127382406,0.9337459841651325,0.19487124773706066,0.0,0.0,0
44098,11,2,1.888013128573108,2.665907966762083,0.777894838188975,0.21849089177191972,0.023619644034859055,0.0,0
44098,11,3,1.888013128573108,3.2247198801671155,1.3367067515940074,0.23873351561348158,0.04386226787642092,0.0,0
44098,12,1,1.0607205889728388,1.3957050835844749,0.33498449461163604,0.19426291173192548,0.05924335034185782,0.09105757778352636,1
44098,12,2,1.0607205889728388,1.2008284542267242,0.1401078652538854,0.1430088143388445,0.007989252948776837,0.0,0
44098,12,3,1.0607205889728388,1.1859314186639036,0.12521082969106478,0.13501956139006766,0.0,0.0,0
44098,13,1,1.3116158794236674,2.0643488504717777,0.7527329710481103,0.12142498550071806,0.015802710494172104,0.09105757778352636,1
44098,13,2,1.3116158794236674,1.7671620997794897,0.45554622035582226,0.10565133673646897,2.9061729923007817e-05,0.0,0
44098,13,3,1.3116158794236674,1.879264425363259,0.5676485459395917,0.10562227500654596,0.0,0.0,0
44098,14,1,2.1212280408809425,3.4092578740003354,1.288029833119393,0.14478359230991153,0.06643986729308081,0.09105757778352636,1
44098,14,2,2.1212280408809425,3.0471281862526745,0.9259001453717319,0.07834372501683072,0.0,0.0,0
44098,14,3,2.1212280408809425,3.3606423616341545,1.239414320753212,0.08122669621782772,0.002882971200996995,0.0,0
44098,15,1,2.242959965083658,2.93813345867946,0.695173493595802,0.19484648830825213,0.017734612219354212,0.0014877796961292322,0
44098,15,2,2.242959965083658,2.6984387849501053,0.45547881986644745,0.17711187608889792,0.0,0.0,0
44098,15,3,2.242959965083658,2.845001333884399,0.6020413688007413,0.18130403631632058,0.004192160227422664,0.0,0
44098,16,1,2.9712812588157904,3.2127843121962085,0.2415030533804181,0.12008788201206855,0.0,0.0014877796961292045,0
44098,16,2,2.9712812588157904,3.241641374028658,0.2703601152128674,0.13373336520930862,0.013645483197240071,0.0,0
44098,16,3,2.9712812588157904,3.4816937917717583,0.5104125329559679,0.14831222764755533,0.028224345635486786,0.0,0
44098,17,1,2.43818164590584,2.884965900816601,0.446784254910761,0.11456990316600928,0.0,0.0014877796961292183,0
44098,17,2,2.43818164590584,2.9355071908365624,0.49732554493072234,0.1380455470589796,0.023475643892970313,0.0,0
44098,17,3,2.43818164590584,3.1261803815590623,0.6879987356532222,0.20193526847621407,0.08736536531020479,0.0,0
44098,18,1,2.0077422172472597,2.1989251059684802,0.19118288872122058,0.15293327179460786,0.017111660387502448,0.08635799616489034,1
44098,18,2,2.0077422172472597,2.5031922148897414,0.49544999764248177,0.1427490714958953,0.0069274600887898885,0.0,0
44098,18,3,2.0077422172472597,2.4259764152885213,0.4182341980412616,0.1358216114071054,0.0,0.0,0
44098,19,1,1.8354729907107203,2.5680192683481757,0.7325462776374554,0.1432438007469574,0.0,0.08635799616489034,1
44098,19,2,1.8354729907107203,2.8250279506408225,0.9895549599301021,0.15210211558975323,0.00885831484279584,0.0,0
44098,19,3,1.8354729907107203,2.7288879488025666,0.8934149580918462,0.14987257822083833,0.006628777473880937,0.0,0
44098,20,1,2.2881627929366983,2.7898922102420527,0.5017294173053544,0.0799089858399751,0.0,0.08635799616489036,1
44098,20,2,2.2881627929366983,2.8281198933580876,0.5399571004213892,0.09698798876503217,0.01707900292505707,0.0,0
44098,20,3,2.2881627929366983,3.1005398910122897,0.8123770980755913,0.12158423839520807,0.04167525255523297,0.0,0
44098,21,1,2.272005134178579,2.814672729093641,0.5426675949150619,0.16304851803300147,0.0,0.15755155830998152,1
44098,21,2,2.272005134178579,3.1483560303654463,0.8763508961868673,0.1664595460651613,0.0034110280321598407,0.08254516217390795,1
44098,21,3,2.272005134178579,3.259246908812551,0.9872417746339721,0.1654520611737677,0.00240354314076624,0.0,0
44098,22,1,3.1451258714761594,3.64531680021841,0.5001909287422506,0.07737998165861114,0.0,0.15755155830998147,1
44098,22,2,3.1451258714761594,3.5233873808508327,0.3782615093746733,0.11621628528211161,0.038836303623500476,0.08254516217390792,1
44098,22,3,3.1451258714761594,3.7720277909072606,0.6269019194311012,0.17531272473522264,0.0979327430766115,0.0,0
44098,23,1,1.9566556864142917,2.720380087618323,0.7637244012040312,0.16443747601072975,0.0,0.0,0
44098,23,2,1.9566556864142917,2.851742641664019,0.8950869552497274,0.1695292016754473,0.00509172566471755,0.0,0
44098,23,3,1.9566556864142917,2.652989560148583,0.6963338737342912,0.16467328033714826,0.00023580432641850946,0.0,0
44098,24,1,1.5552112382961512,2.325687639428535,0.7704764011323837,0.1786829570894446,0.006021252359112661,0.09366015946491266,1
44098,24,2,1.5552112382961512,2.1129819668858554,0.5577707285897042,0.1759521392420779,0.00329043451174596,0.0,0
44098,24,3,1.5552112382961512,2.0084779936359896,0.4532667553398384,0.17266170473033193,0.0,0.0,0
44098,25,1,1.7478678362102624,2.7350762597062226,0.9872084234959602,0.1567683789633163,0.0,0.09366015946491264,1
44098,25,2,1.7478678362102624,2.3498958633428555,0.6020280271325931,0.19267561703744238,0.035907238074126074,0.0,0
44098,25,3,1.7478678362102624,3.183015582366319,1.4351477461560564,0.25817020646253785,0.10140182749922155,0.0,0
44098,26,1,2.7665174808466344,4.866399054789594,2.0998815739429593,0.14129830516011016,0.06978382907115788,0.09366015946491266,1
44098,26,2,2.7665174808466344,3.594115744486024,0.8275982636393895,0.07639635850356098,0.004881882414608699,0.0,0
44098,26,3,2.7665174808466344,4.768912164250293,2.0023946834036583,0.07151447608895228,0.0,0.0,0
44098,27,1,1.787318202214583,3.0042297210592706,1.2169115188446875,0.1543185656606215,0.0,0.0,0
44098,27,2,1.787318202214583,2.4290658741674633,0.6417476719528803,0.16069595253762237,0.0063773868770008735,0.0,0
44098,27,3,1.787318202214583,2.6966691187587557,0.9093509165441727,0.16388158805959638,0.009563022398974885,0.0,0
44098,28,1,2.268085866778564,3.3063946221241793,1.0383087553456152,0.1402878291250786,0.0,0.0,0
44098,28,2,2.268085866778564,3.3981017183518296,1.1300158515732655,0.14112336063228295,0.0008355315072043623,0.0,0
44098,28,3,2.268085866778564,2.915790232763399,0.6477043659848349,0.14105810752813192,0.0007702784030533261,0.0,0
44098,29,1,1.9396087832120206,2.280678210025011,0.3410694268129906,0.19186076798655088,0.04540036800648298,0.0,0
44098,29,2,1.9396087832120206,2.3548915453014874,0.4152827620894668,0.1464603999800679,0.0,0.0,0
44098,29,3,1.9396087832120206,2.3910308175305603,0.4514220343185398,0.151115740342565,0.004655340362497096,0.0,0
44098,30,1,2.304245473612463,3.087718556021043,0.7834730824085803,0.09203825749844237,0.0,0.0,0
44098,30,2,2.304245473612463,3.0561003411999925,0.7518548675875296,0.15316747098952896,0.06112921349108659,0.0,0
44098,30,3,2.304245473612463,3.7044351037598746,1.4001896301474117,0.21451667181160544,0.12247841431316307,0.0,0
44098,31,1,1.4242359633463166,3.1065174198216385,1.682281456475322,0.14789099885232435,0.0,0.0,0
44098,31,2,1.4242359633463166,2.1111013133912744,0.6868653500449577,0.15097729620963335,0.0030862973573090036,0.0,0
44098,31,3,1.4242359633463166,2.497336507055851,1.0731005437095342,0.15530452685386648,0.00741352800154213,0.0,0
44098,32,1,1.2901619829282989,1.8695874052468078,0.5794254223185089,0.19337074922035388,0.02636685480384149,0.0,0
44098,32,2,1.2901619829282989,1.937660359795703,0.6474983768674041,0.1670038944165124,0.0,0.0,0
44098,32,3,1.2901619829282989,2.319711132555867,1.0295491496275682,0.17688998242101034,0.009886088004497945,0.0,0
44098,33,1,1.7713337951771202,2.914527001631538,1.143193206454418,0.10291895282193679,0.0,0.0,0
44098,33,2,1.7713337951771202,2.843292511342386,1.071958716165266,0.1666800077210431,0.06376105489910631,0.0,0
44098,33,3,1.7713337951771202,3.69762815573912,1.926294360562,0.23424616774938703,0.13132721492745025,0.0,0
44098,34,1,1.7909743420635351,2.6970275351268596,0.9060531930633244,0.1621933918979603,0.0,0.06177989341816713,1
44098,34,2,1.7909743420635351,2.423733295710855,0.6327589536473197,0.1874252483940415,0.0252318564960812,0.0,0
44098,34,3,1.7909743420635351,3.1644298023975774,1.3734554603340423,0.19730006404173556,0.03510667214377525,0.0,0
44098,35,1,1.672164397560201,2.5615251303081195,0.8893607327479185,0.0987074468930614,0.0,0.06177989341816713,1
44098,35,2,1.672164397560201,2.667216408938375,0.995052011378174,0.1563967817095463,0.05768933481648489,0.0,0
44098,35,3,1.672164397560201,3.5014489018825614,1.8292845043223604,0.20824293910831806,0.10953549221525666,0.0,0
44098,36,1,2.172746131055976,3.2719116611063996,1.0991655300504237,0.15187519005025474,0.07019671990871959,0.06177989341816713,1
44098,36,2,2.172746131055976,2.9546059219347134,0.7818597908787375,0.08167847014153515,0.0,0.0,0
44098,36,3,2.172746131055976,3.1826050358434026,1.0098589047874267,0.08422511476629699,0.00254664462476184,0.0,0
44098,37,1,2.38490961084461,2.870577129036557,0.485667518191947,0.10385651859429973,0.0,0.1334989362221593,1
44098,37,2,2.38490961084461,3.0297233654351574,0.6448137545905475,0.1112816551871861,0.007425136592886364,0.07965756131753177,1
44098,37,3,2.38490961084461,3.235232948756041,0.8503233379114312,0.14078976298611584,0.03693324439181611,0.0,0
44098,38,1,2.134336749327704,2.789903253447794,0.65556650412009,0.12348146155297693,0.0,0.1803814868199553,1
44098,38,2,2.134336749327704,2.6789739757016933,0.5446372263739891,0.168605555310278,0.04512409375730106,0.10072392550242353,1
44098,38,3,2.134336749327704,3.3909928393730566,1.2566560900453525,0.2464313728501426,0.12294991129716568,0.0,0
44098,39,1,1.5448205438458729,2.517339488692771,0.972518944846898,0.14718337483739624,0.005669569978946715,0.0,0
44098,39,2,1.5448205438458729,2.0519317624218347,0.5071112185759619,0.14151380485844953,0.0,0.0,0
44098,39,3,1.5448205438458729,2.4437433186338433,0.8989227747879704,0.14913886258937467,0.007625057730925144,0.0,0
44098,40,1,1.5693782779207064,2.226411645210963,0.6570333672902566,0.14413373723737272,0.022206118803825933,0.0,0
44098,40,2,1.5693782779207064,2.214709923492408,0.6453316455717015,0.12192761843354678,0.0,0.0,0
44098,40,3,1.5693782779207064,2.4886585922435898,0.9192803143228834,0.13372484337346516,0.011797224939918374,0.0,0
44098,41,1,2.0532707132275236,3.1596346822375176,1.106363969009994,0.129393501457465,0.05968948148791044,0.0,0
44098,41,2,2.0532707132275236,2.9640077905525795,0.9107370773250558,0.06970401996955457,0.0,0.0,0
44098,41,3,2.0532707132275236,3.2393432963755195,1.186072583147996,0.07164212011573483,0.0019381001461802605,0.0,0
44098,42,1,1.7675169306380791,2.218888623023036,0.4513716923849569,0.12154593719173652,0.0044984802848648114,0.0,0
44098,42,2,1.7675169306380791,2.1260911224519794,0.35857419181390027,0.11928208479787598,0.0022346278910042733,0.0,0
44098,42,3,1.7675169306380791,2.2392743485438578,0.47175741790577863,0.11704745690687171,0.0,0.0,0
44098,43,1,1.7955308846987905,2.7746919048026286,0.9791610201038381,0.13038152273108355,0.0,0.0,0
44098,43,2,1.7955308846987905,2.2952489406527143,0.4997180559539238,0.1567173068711058,0.026335784140022245,0.0,0
44098,43,3,1.7955308846987905,3.4388280789626386,1.6432971942638481,0.21694199590424185,0.08656047317315829,0.0,0
44098,44,1,2.3273911089060975,4.021049894256031,1.6936587853499332,0.06039408912979662,0.015022769175592324,0.0,0
44098,44,2,2.3273911089060975,2.910547690815919,0.5831565819098214,0.04839127542416524,0.003019955469960943,0.0,0
44098,44,3,2.3273911089060975,3.669687959564569,1.3422968506584714,0.0453713199542043,0.0,0.0,0
44098,45,1,0.9996240725374014,1.248493355846509,0.24886928330910763,0.1197938670096953,0.020221742193957212,0.0,0
44098,45,2,0.9996240725374014,1.4230665995183145,0.4234425269809131,0.10295904659748857,0.003386921781750485,0.0,0
44098,45,3,0.9996240725374014,1.3987777867512812,0.3991537142138798,0.09957212481573809,0.0,0.0,0
44098,46,1,1.481115901278087,1.8726578052131369,0.39154190393504984,0.18134289335880432,0.04943762138963492,0.0,0
44098,46,2,1.481115901278087,1.6508840564021565,0.1697681551240695,0.13588199257827313,0.003976720609103729,0.0,0
44098,46,3,1.481115901278087,1.6361389983039765,0.15502309702588946,0.1319052719691694,0.0,0.0,0
44098,47,1,2.6870952393003926,4.292687236922699,1.6055919976223065,0.07314613700043854,0.01906284749992642,0.0,0
44098,47,2,2.6870952393003926,3.6197754567230724,0.9326802174226798,0.05408328950051212,0.0,0.0,0
44098,47,3,2.6870952393003926,4.1483053616829135,1.461210122382521,0.05573395693780425,0.0016506674372921346,0.0,0
44098,48,1,2.311651606362397,2.6549018322952675,0.34325022593287047,0.19041717139496575,0.03395746772501662,0.0,0
44098,48,2,2.311651606362397,2.6982793211307614,0.38662771476836433,0.16571752289520048,0.009257819225251346,0.0,0
44098,48,3,2.311651606362397,2.6754549830283936,0.3638033766659965,0.15645970366994913,0.0,0.0,0
44098,49,1,2.33749748461157,3.1503208345202602,0.8128233499086903,0.16997484125292536,0.0034099094255528317,0.0,0
44098,49,2,2.33749748461157,3.1250459082955917,0.7875484236840218,0.17426358393628136,0.007698652108908827,0.0,0
44098,49,3,2.33749748461157,2.709086003964454,0.3715885193528843,0.16656493182737253,0.0,0.0,0
44098,50,1,2.9027058621101807,3.0673092603005223,0.16460339819034164,0.09310626650635608,0.0,0.0,0
44098,50,2,2.9027058621101807,3.0812705935760496,0.17856473146586893,0.11414507517732199,0.021038808670965914,0.0,0
44098,50,3,2.9027058621101807,3.2007732425262434,0.29806738041606273,0.1484660328846372,0.05535976637828112,0.0,0
44098,51,1,12.973340033845213,13.064877073538241,0.09153703969302818,0.13600230876706593,0.0,0.0,0
44098,51,2,12.973340033845213,13.063055742520211,0.08971570867499779,0.15351739740775472,0.017515088640688792,0.02605127276118681,1
44098,51,3,12.973340033845213,13.10809236296534,0.13475232912012736,0.16325619381275305,0.027253885045687126,0.02605127276118681,1
44098,52,1,17.629348927479537,17.688441799234457,0.059092871754920395,0.11039772464472787,0.0,0.0,0
44098,52,2,17.629348927479537,17.67240112351315,0.043052196033613654,0.1261286285569878,0.01573090391225994,0.02605127276118682,1
44098,52,3,17.629348927479537,17.73260825499984,0.10325932752030198,0.13587499354684504,0.02547726890211717,0.02605127276118682,1
44098,53,1,17.23200048961452,17.29266845690945,0.06066796729492907,0.0521353065734647,0.0,0.0,0
44098,53,2,17.23200048961452,17.287558678705672,0.05555818909115118,0.1048045541039637,0.05266924753049901,0.0058415172057445786,1
44098,53,3,17.23200048961452,17.365577097053606,0.1335766074390854,0.15288695957530513,0.10075165300184043,0.007315109751624457,1
44098,54,1,13.544843195036297,13.612774785682182,0.06793159064588572,0.05247129876543827,0.0,0.0,0
44098,54,2,13.544843195036297,13.635912648465347,0.09106945342904993,0.08602365936734842,0.03355236060191015,0.0014735925458798857,0
44098,54,3,13.544843195036297,13.66740354775408,0.12256035271778387,0.11239933634481597,0.0599280375793777,0.0014735925458798857,0
44098,55,1,15.919322663575253,15.960901160541468,0.041578496966215184,0.1156033645893681,0.0,0.0,0
44098,55,2,15.919322663575253,15.96966714177382,0.0503444781985678,0.1318678401083253,0.01626447551895721,0.04364507723001099,1
44098,55,3,15.919322663575253,15.991218021050253,0.07189535747500031,0.1525373079525483,0.036933943363180205,0.0330245165002723,1
44098,56,1,14.509936051893245,14.538472189580393,0.0285361376871478,0.0950841032085307,0.0,0.010620560729738687,1
44098,56,2,14.509936051893245,14.571496221723427,0.06156016983018198,0.10901034898035708,0.013926245771826384,0.0,0
44098,56,3,14.509936051893245,14.578559949882507,0.06862389798926216,0.13337637180103334,0.03829226859250265,0.0,0
44098,57,1,19.104961857478333,19.189562617574445,0.08460076009611228,0.12472924782911929,0.0,0.0,0
44098,57,2,19.104961857478333,19.19099849701425,0.08603663953591578,0.1440061286247842,0.01927688079566492,0.05607128292793598,1
44098,57,3,19.104961857478333,19.222299594463,0.11733773698466621,0.14891179376494307,0.02418254593582378,0.05607128292793598,1
44099,0,1,1.1448980263112358,2.0351319383795228,0.890233912068287,0.15500180420607762,0.014819888827586253,0.0,0
44099,0,2,1.1448980263112358,1.8219867714836302,0.6770887451723944,0.14018191537849137,0.0,0.0,0
44099,0,3,1.1448980263112358,3.271766696072079,2.126868669760843,0.1565105854924647,0.01632867011397332,0.0,0
44099,1,1,1.275543581191126,1.448715748781956,0.17317216759082998,0.16259082324131502,0.03936298403350563,0.0910584808068089,1
44099,1,2,1.275543581191126,1.4019676503637348,0.12642406917260884,0.12725836694712062,0.004030527739311229,0.0,0
44099,1,3,1.275543581191126,1.4034196942235884,0.12787611303246238,0.12322783920780939,0.0,0.0,0
44099,2,1,1.5522395134452207,3.0114371327203724,1.4591976192751517,0.1744264351217959,0.0,0.0910584808068089,1
44099,2,2,1.5522395134452207,2.2990814562543735,0.7468419428091528,0.21649811987865064,0.042071684756854744,0.0,0
44099,2,3,1.5522395134452207,3.061523156391826,1.5092836429466052,0.26521455190767096,0.09078811678587506,0.0,0
44099,3,1,2.496520923642516,3.2236254026601516,0.7271044790176355,0.12649978720740732,0.056405973621123345,0.09105848080680887,1
44099,3,2,2.496520923642516,3.2531732789475982,0.7566523553050821,0.07009381358628397,0.0,0.0,0
44099,3,3,2.496520923642516,3.290923511985112,0.7944025883425958,0.0705969332296186,0.0005031196433346319,0.0,0
44099,4,1,2.0069505623648225,2.1380828625733472,0.13113230020852473,0.1820351703464696,0.016713982374518294,0.0,0
44099,4,2,2.0069505623648225,2.3072037001624865,0.30025313779766405,0.1653211879719513,0.0,0.0,0
44099,4,3,2.0069505623648225,2.3165672927039545,0.30961673033913195,0.16792583624005414,0.0026046482681028327,0.0,0
44099,5,1,2.1232173635024387,2.37169678351308,0.2484794200106415,0.16990663378014337,0.026595509662467792,0.0,0
44099,5,2,2.1232173635024387,2.615395416006201,0.49217805250376223,0.14331112411767558,0.0,0.0,0
44099,5,3,2.1232173635024387,2.559310240351397,0.43609287684895826,0.1470190506137338,0.0037079264960582226,0.0,0
44099,6,1,2.272562364313382,2.43586473262614,0.1633023683127579,0.17349198098316604,0.0,0.0,0
44099,6,2,2.272562364313382,2.415731674842958,0.14316931052957615,0.20997563502911012,0.036483654045944086,0.0,0
44099,6,3,2.272562364313382,2.6124029950986687,0.3398406307852868,0.2643465319413403,0.09085455095817424,0.0,0
44099,7,1,1.7965948677898642,2.5628955969066802,0.766300729116816,0.27947198540887275,0.021952155910151816,0.0,0
44099,7,2,1.7965948677898642,2.6802631341944414,0.8836682664045772,0.25979323913251856,0.0022734096337976295,0.0,0
44099,7,3,1.7965948677898642,2.71270935567813,0.9161144878882657,0.25751982949872093,0.0,0.0,0
44099,8,1,2.703016033073968,3.394964907547139,0.6919488744731712,0.16997553416810918,0.0,0.0,0
44099,8,2,2.703016033073968,3.1443208937429294,0.4413048606689616,0.18137973134702626,0.01140419717891708,0.0,0
44099,8,3,2.703016033073968,3.3481791434986503,0.6451631104246824,0.19059681505176204,0.020621280883652865,0.0,0
44099,9,1,2.00453131667145,2.620522481412739,0.6159911647412888,0.19991334481227988,0.0,0.0,0
44099,9,2,2.00453131667145,2.4733953240284428,0.46886400735699274,0.24434520406272434,0.04443185925044446,0.0,0
44099,9,3,2.00453131667145,2.6631738803704303,0.6586425636989803,0.29255583357435977,0.0926424887620799,0.0,0
44099,10,1,0.994501443830069,1.325601934834834,0.331100491004765,0.20750846694213604,0.0815313908065233,0.09093757619525916,1
44099,10,2,0.994501443830069,1.143583882060206,0.149082438230137,0.14066552367717763,0.014688447541564897,0.0,0
44099,10,3,0.994501443830069,1.1029287958406702,0.10842735201060116,0.12597707613561274,0.0,0.0,0
44099,11,1,1.4571818036340072,2.1134818856216646,0.6563000819876574,0.12036886917499227,0.019673706466545343,0.09093757619525916,1
44099,11,2,1.4571818036340072,1.878443228188738,0.4212614245547308,0.1082148759469756,0.007519713238528666,0.0,0
44099,11,3,1.4571818036340072,1.8759125945721629,0.4187307909381557,0.10069516270844693,0.0,0.0,0
44099,12,1,2.325579563022125,3.1364284882663895,0.8108489252442643,0.149883252754777,0.07396343706447757,0.09093757619525915,1
44099,12,2,2.325579563022125,3.0817631047916216,0.7561835417694964,0.07591981569029944,0.0,0.0,0
44099,12,3,2.325579563022125,3.0925388412252053,0.7669592782030801,0.07823392538411565,0.0023141096938162076,0.0,0
44099,13,1,2.311550358691009,2.6570681585265996,0.3455177998355907,0.20034567643524034,0.010457395842538242,0.0034397651888180003,0
44099,13,2,2.311550358691009,2.704499103993243,0.3929487453022342,0.1898882805927021,0.0,0.0,0
44099,13,3,2.311550358691009,2.967894743441185,0.656344384750176,0.19540190936419238,0.005513628771490281,0.0,0
44099,14,1,2.9565181687630013,3.224252874905858,0.26773470614285655,0.12621144833634332,0.0,0.0034397651888180003,0
44099,14,2,2.9565181687630013,3.3598401946383456,0.40332202587534427,0.13898554947530095,0.012774101138957633,0.0,0
44099,14,3,2.9565181687630013,3.6332778326707,0.6767596639076987,0.15766615566357303,0.031454707327229714,0.0,0
44099,15,1,2.39982864743952,2.64757814624308,0.24774949880356,0.10585689104880104,0.0,0.0034397651888179864,0
44099,15,2,2.39982864743952,2.7016121674791345,0.3017835200396144,0.1670863999335559,0.061229508884754855,0.0,0
44099,15,3,2.39982864743952,2.753577236003465,0.3537485885639451,0.24061667443881485,0.13475978339001382,0.0,0
44099,16,1,3.1589133603568578,3.7417846615019554,0.5828713011450977,0.1494785730406522,0.021501688101803473,0.08671453886681613,1
44099,16,2,3.1589133603568578,3.4994815851772323,0.3405682248203745,0.14099684919421338,0.013019964255364641,0.0,0
44099,16,3,3.1589133603568578,3.5779372575923816,0.4190238972355238,0.12797688493884873,0.0,0.0,0
44099,17,1,3.0944072835841547,3.4906908659421445,0.39628358235798977,0.157784938041287,0.025433118880316907,0.08671453886681614,1
44099,17,2,3.0944072835841547,3.4443019732445563,0.3498946896604016,0.13439250446881623,0.0020406853078461518,0.0,0
44099,17,3,3.0944072835841547,3.4437935496506875,0.3493862660665328,0.13235181916097008,0.0,0.0,0
44099,18,1,3.0218128226271133,3.3862055403744677,0.3643927177473545,0.09858642238796894,0.0,0.08671453886681613,1
44099,18,2,3.0218128226271133,3.6109502584890327,0.5891374358619195,0.1360686695612495,0.03748224717328055,0.0,0
44099,18,3,3.0218128226271133,4.145917526506766,1.1241047038796528,0.1685375320121128,0.06995110962414386,0.0,0
44099,19,1,2.7731715450767855,3.7790712083998796,1.005899663323094,0.15655348171902325,0.010649484035521184,0.15809049314351892,1
44099,19,2,2.7731715450767855,3.6199418857129024,0.8467703406361169,0.14590399768350207,0.0,0.0826015381408487,1
44099,19,3,2.7731715450767855,3.8592303291292724,1.086058784052487,0.15496521594363352,0.009061218260131454,0.0,0
44099,20,1,3.4239450135268212,3.786574399012553,0.36262938548573187,0.0832295618067441,0.0,0.15809049314351895,1
44099,20,2,3.4239450135268212,3.7900895621088835,0.36614454858206225,0.1600620184509659,0.07683245664422181,0.08260153814084867,1
44099,20,3,3.4239450135268212,3.8257551961397924,0.4018101826129712,0.22510287560819997,0.14187331380145587,0.0,0
44099,21,1,3.4215684242690907,4.010135479757636,0.5885670554885456,0.15740348126799492,0.0,0.0,0
44099,21,2,3.4215684242690907,4.058419498506251,0.6368510742371605,0.1725596183621285,0.015156137094133576,0.0,0
44099,21,3,3.4215684242690907,3.751872973830969,0.33030454956187816,0.1642725902029351,0.0068691089349401935,0.0,0
44099,22,1,1.3751684023374295,1.7728378552641222,0.39766945292669265,0.19377544150886983,0.01887135725244571,0.09366091043280736,1
44099,22,2,1.3751684023374295,1.78103779241042,0.4058693900729904,0.18231528401500902,0.0074111997585848965,0.0,0
44099,22,3,1.3751684023374295,1.7940393213229218,0.4188709189854922,0.17490408425642412,0.0,0.0,0
44099,23,1,1.5634396639243402,2.36340344543659,0.79996378151225,0.1648302871755735,0.0,0.09366091043280735,1
44099,23,2,1.5634396639243402,2.1049937740673625,0.5415541101430223,0.21066943303281063,0.04583914585723714,0.0,0
44099,23,3,1.5634396639243402,2.4012234884782906,0.8377838245539504,0.27740016939988105,0.11256988222430755,0.0,0
44099,24,1,2.484385664979878,3.7230262852222693,1.2386406202423914,0.12699033885194877,0.059253803099453675,0.09366091043280736,1
44099,24,2,2.484385664979878,3.2745862908631005,0.7902006258832226,0.0677365357524951,0.0,0.0,0
44099,24,3,2.484385664979878,3.7625294532366227,1.2781437882567448,0.06883839230100615,0.0011018565485110543,0.0,0
44099,25,1,2.511658736993615,2.6387479190828,0.12708918208918485,0.16938725083097894,0.020347718962215516,0.0,0
44099,25,2,2.511658736993615,2.7670599626650763,0.25540122567146106,0.1556436569488873,0.006604125080123868,0.0,0
44099,25,3,2.511658736993615,2.742924114458841,0.2312653774652258,0.14903953186876343,0.0,0.0,0
44099,26,1,4.19346156076214,4.5715057887028925,0.37804422794075254,0.15274338883191174,0.018784678203640243,0.0,0
44099,26,2,4.19346156076214,4.4809723440892935,0.2875107833271535,0.13785815506294563,0.003899444434674132,0.0,0
44099,26,3,4.19346156076214,4.446107851868907,0.2526462911067666,0.1339587106282715,0.0,0.0,0
44099,27,1,4.006822693638782,4.307881375728859,0.30105868209007713,0.21309844760406102,0.0713685908930527,0.0,0
44099,27,2,4.006822693638782,4.18062079136398,0.17379809772519828,0.1510094755009695,0.00927961878996117,0.0,0
44099,27,3,4.006822693638782,4.21738943287165,0.21056673923286873,0.14172985671100832,0.0,0.0,0
44099,28,1,3.7979268892729996,4.046011388328591,0.24808449905559105,0.13299711442077042,0.0,0.0,0
44099,28,2,3.7979268892729996,4.087317128487891,0.2893902392148915,0.1978725131568839,0.06487539873611348,0.0,0
44099,28,3,3.7979268892729996,4.267167771376581,0.4692408821035814,0.26038236552340593,0.12738525110263552,0.0,0
44099,29,1,2.0105152405119724,2.1077618143408388,0.09724657382886637,0.17922350286819397,0.018738728264935195,0.0,0
44099,29,2,2.0105152405119724,2.2843281267280586,0.27381288621608624,0.16218085560919518,0.0016960810059364062,0.0,0
44099,29,3,2.0105152405119724,2.3248929864991,0.31437774598712753,0.16048477460325877,0.0,0.0,0
44099,30,1,1.8068861221869994,2.3864261531991238,0.5795400310121244,0.24566988616210036,0.06427979510422438,0.0,0
44099,30,2,1.8068861221869994,2.058780220752577,0.25189409856557776,0.1872822569046256,0.00589216584674962,0.0,0
44099,30,3,1.8068861221869994,2.0756482148512494,0.26876209266425,0.18139009105787599,0.0,0.0,0
44099,31,1,1.9860606608595268,2.610701436817021,0.6246407759574941,0.1642598915176186,0.0,0.0,0
44099,31,2,1.9860606608595268,2.4124620637691403,0.4264014029096135,0.20623489677846607,0.041975005260847464,0.0,0
44099,31,3,1.9860606608595268,2.814870762557986,0.8288101016984593,0.27261539460839745,0.10835550309077885,0.0,0
44099,32,1,1.9080793277826147,3.530216307357611,1.6221369795749965,0.21125427294000934,0.0,0.06303766899882807,1
44099,32,2,1.9080793277826147,2.163822216465477,0.2557428886828621,0.21498849720716742,0.0037342242671580816,0.0,0
44099,32,3,1.9080793277826147,3.9157752786320303,2.0076959508494157,0.2292821129147813,0.018027839974771948,0.0,0
44099,33,1,1.9515929460046428,2.449058689772533,0.49746574376789,0.15631385631799394,0.0,0.06303766899882805,1
44099,33,2,1.9515929460046428,2.4481215242957868,0.49652857829114394,0.19451027693795764,0.0381964206199637,0.0,0
44099,33,3,1.9515929460046428,2.7375514587979817,0.7859585127933388,0.25153673162549106,0.09522287530749712,0.0,0
44099,34,1,2.2784581083588336,3.2594646054749274,0.9810064971160939,0.1773831830177212,0.08817046645571917,0.06303766899882807,1
44099,34,2,2.2784581083588336,2.9865300004269075,0.708071892068074,0.08921271656200204,0.0,0.0,0
44099,34,3,2.2784581083588336,2.9764843987662664,0.6980262904074328,0.095295294089348,0.006082577527345964,0.0,0
44099,35,1,2.415687622002817,2.9300894150950163,0.5144017930921994,0.10294038903706818,0.0,0.13377362773086554,1
44099,35,2,2.415687622002817,3.1842849474161072,0.7685973254132903,0.11032047390377818,0.007380084866710004,0.07978375236611679,1
44099,35,3,2.415687622002817,3.808917208629866,1.393229586627049,0.1332691878899084,0.030328798852840233,0.0,0
44099,36,1,2.227812061832028,2.5147679374863516,0.28695587565432357,0.12206430787290366,0.0,0.18002558727269677,1
44099,36,2,2.227812061832028,2.5271364834004517,0.29932442156842365,0.18331311984373277,0.06124881197082911,0.10024183490658001,1
44099,36,3,2.227812061832028,2.6167115795774496,0.38889951774542153,0.2549534737887788,0.13288916591587513,0.0,0
44099,37,1,1.6436289372897595,1.885417738920178,0.2417888016304186,0.20693029911867492,0.05061276748516094,0.0,0
44099,37,2,1.6436289372897595,2.158113860395043,0.5144849231052835,0.15631753163351397,0.0,0.0,0
44099,37,3,1.6436289372897595,2.1085216579337325,0.464892720643973,0.1621609322019173,0.005843400568403323,0.0,0
44099,38,1,1.7456280876163575,2.182902387198992,0.4372742995826344,0.18420552117622033,0.05758672073627455,0.0,0
44099,38,2,1.7456280876163575,2.5217997658560507,0.7761716782396932,0.12661880043994578,0.0,0.0,0
44099,38,3,1.7456280876163575,2.4053690190530164,0.6597409314366589,0.13844395814050198,0.0118251577005562,0.0,0
44099,39,1,2.1948701538127837,3.168596320031785,0.9737261662190013,0.15136041459839358,0.07088437284522472,0.0,0
44099,39,2,2.1948701538127837,3.150464865412622,0.9555947115998382,0.08047604175316886,0.0,0.0,0
44099,39,3,2.1948701538127837,3.230716773474046,1.0358466196612621,0.08727729598974833,0.006801254236579471,0.0,0
44099,40,1,1.868419111753963,1.9377325998338066,0.06931348807984361,0.15102084467329502,0.03625997906377951,0.0,0
44099,40,2,1.868419111753963,1.9125740833212106,0.04415497156724757,0.1276187311400443,0.012857865530528784,0.0,0
44099,40,3,1.868419111753963,1.897246488166464,0.028827376412500882,0.11476086560951551,0.0,0.0,0
44099,41,1,1.77113145520428,2.952449835340424,1.181318380136144,0.16374274674251815,0.0,0.0,0
44099,41,2,1.77113145520428,2.577152593948326,0.8060211387440459,0.2029480620695352,0.03920531532701704,0.0,0
44099,41,3,1.77113145520428,2.9633854159546074,1.1922539607503273,0.26247756352968266,0.0987348167871645,0.0,0
44099,42,1,2.265131345116835,3.5468140852532954,1.2816827401364606,0.09327442936661146,0.03549088019385795,0.0,0
44099,42,2,2.265131345116835,3.401045239105378,1.1359138939885431,0.060763708771108996,0.002980159598355493,0.0,0
44099,42,3,2.265131345116835,3.4211359954144003,1.1560046502975654,0.0577835491727535,0.0,0.0,0
44099,43,1,0.838806505870273,0.9971036509564948,0.15829714508622184,0.14329232381791246,0.04256251493193847,0.0,0
44099,43,2,0.838806505870273,0.9124437938695962,0.07363728799932323,0.11229408082790752,0.011564271941933532,0.0,0
44099,43,3,0.838806505870273,0.9071130831624113,0.0683065772921384,0.10072980888597399,0.0,0.0,0
44099,44,1,1.4873512946482412,1.8325799713381792,0.34522867668993795,0.1975268018239444,0.0724262670594294,0.0,0
44099,44,2,1.4873512946482412,1.7108011989079823,0.2234499042597411,0.12637235655309362,0.0012718217885786254,0.0,0
44099,44,3,1.4873512946482412,1.5718968410389018,0.08454554639066059,0.125100534764515,0.0,0.0,0
44099,45,1,2.6678894163389244,4.122186534932334,1.4542971185934097,0.09163528178046557,0.02414271402333429,0.0,0
44099,45,2,2.6678894163389244,3.8592959584344038,1.1914065420954794,0.06749256775713128,0.0,0.0,0
44099,45,3,2.6678894163389244,4.031298559492307,1.3634091431533828,0.07182213892944093,0.004329571172309657,0.0,0
44099,46,1,5.275061772415261,5.432711032907582,0.1576492604923212,0.18830908112902742,0.04843447858742947,0.0,0
44099,46,2,5.275061772415261,5.46053650900876,0.18547473659349922,0.1543262921558117,0.014451689614213753,0.0,0
44099,46,3,5.275061772415261,5.5349074705685,0.25984569815323955,0.13987460254159795,0.0,0.0,0
44099,47,1,5.031723607808355,5.364190862464903,0.3324672546565477,0.19460931501218845,0.023912711870653053,0.0,0
44099,47,2,5.031723607808355,5.334885260682169,0.3031616528738139,0.17664859652903184,0.00595199338749644,0.0,0
44099,47,3,5.031723607808355,5.476945517656364,0.4452219098480086,0.1706966031415354,0.0,0.0,0
44099,48,1,4.632381002155109,4.880478449490498,0.24809744733538963,0.12372013362256265,0.0,0.0,0
44099,48,2,4.632381002155109,4.915448481811483,0.28306747965637413,0.17809306485166726,0.05437293122910461,0.0,0
44099,48,3,4.632381002155109,5.173475267939401,0.5410942657842925,0.2262077230304642,0.10248758940790154,0.0,0
44099,49,1,1.8627057955529533,2.114030119445771,0.2513243238928178,0.1742558617631746,0.029860375743502504,0.1054243188551631,1
44099,49,2,1.8627057955529533,2.318632168860743,0.45592637330778985,0.1443954860196721,0.0,0.0,0
44099,49,3,1.8627057955529533,2.3603195894288564,0.4976137938759031,0.14502704597903482,0.0006315599593627319,0.0,0
44099,50,1,2.046386611262892,3.348431038544045,1.302044427281153,0.1840311190615062,0.0,0.10542431885516307,1
44099,50,2,2.046386611262892,2.374227181552826,0.3278405702899341,0.2283701833808124,0.044339064319306204,0.0,0
44099,50,3,2.046386611262892,3.4383504833544207,1.3919638720915288,0.2938840004942427,0.10985288143273647,0.0,0
44099,51,1,2.7170616481788596,3.6969269395320885,0.9798652913532289,0.13309440710801126,0.06353049659083071,0.10542431885516308,1
44099,51,2,2.7170616481788596,3.7127105923350654,0.9956489441562058,0.06956391051718055,0.0,0.0,0
44099,51,3,2.7170616481788596,3.7623501369945034,1.0452884888156437,0.08593458890382155,0.016370678386640997,0.0,0
44099,52,1,12.70731807721509,12.870315321526675,0.16299724431158502,0.13404056652290827,0.0,0.0,0
44099,52,2,12.70731807721509,12.777819613591634,0.07050153637654333,0.1536821550784901,0.019641588555581818,0.026098152576352923,1
44099,52,3,12.70731807721509,12.924906552402803,0.2175884751877124,0.16845448697467472,0.034413920451766444,0.026098152576352923,1
44099,53,1,17.12699688095899,17.200155692457333,0.07315881149834169,0.10914281984917319,0.0,0.0,0
44099,53,2,17.12699688095899,17.250125886185184,0.1231290052261933,0.14126660715323744,0.03212378730406425,0.026098152576352927,1
44099,53,3,17.12699688095899,17.333603879511077,0.2066069985520862,0.13420075782303378,0.025057937973860592,0.026098152576352927,1
44099,54,1,15.438634635562014,15.509401701670242,0.07076706610822825,0.11238734608237888,0.0,0.0,0
44099,54,2,15.438634635562014,15.607246700998042,0.1686120654360277,0.1180743459152673,0.005686999832888423,0.04354229557571952,1
44099,54,3,15.438634635562014,15.684331960095582,0.24569732453356785,0.13659727066065877,0.02420992457827989,0.033174896007474156,1
44099,55,1,14.088613155285547,14.16579118323661,0.07717802795106365,0.09327717364061941,0.0,0.010367399568245353,1
44099,55,2,14.088613155285547,14.228988416565551,0.14037526128000444,0.1096888193422709,0.01641164570165149,0.0,0
44099,55,3,14.088613155285547,14.377548910354818,0.2889357550692715,0.12322102416385997,0.029943850523240556,0.0,0
44099,56,1,22.45755213751211,22.50314717572369,0.045595038211580174,0.1346526411017987,0.0,0.0,0
44099,56,2,22.45755213751211,22.555068776860473,0.0975166393483633,0.15311772064891793,0.018465079547119234,0.05671713277818928,1
44099,56,3,22.45755213751211,22.70023936058866,0.2426872230765511,0.149627386791035,0.01497474568923629,0.05671713277818928,1
44100,0,1,2.1103114725249257,2.4225593801432135,0.3122479076182878,0.1508918873427352,0.0,0.0,0
44100,0,2,2.1103114725249257,2.3836376196291837,0.27332614710425807,0.16631537552550546,0.015423488182770256,0.0,0
44100,0,3,2.1103114725249257,2.3189663001303824,0.20865482760545673,0.17488962545907868,0.02399773811634348,0.0,0
44100,1,1,2.181679958058973,2.67714541630951,0.4954654582505369,0.13950646101979317,0.0,0.0,0
44100,1,2,2.181679958058973,2.93365256242187,0.7519726043628969,0.16014264959311694,0.020636188573323777,0.0,0
44100,1,3,2.181679958058973,2.8338372457736263,0.6521572877146533,0.15846591719276618,0.01895945617297301,0.0,0
44100,2,1,2.4205493305990755,2.8334022971214567,0.41285296652238124,0.11949887299522408,0.0,0.0,0
44100,2,2,2.4205493305990755,2.8524092339032494,0.4318599033041739,0.15892238590702795,0.039423512911803876,0.0,0
44100,2,3,2.4205493305990755,3.141673461792611,0.7211241311935357,0.1875871980119162,0.06808832501669213,0.0,0
44100,3,1,1.977993826772765,2.9910667985896144,1.0130729718168494,0.25488679573341627,0.020178063670849955,0.0,0
44100,3,2,1.977993826772765,2.5640386887049695,0.5860448619322045,0.24429545811517728,0.009586726052610961,0.0,0
44100,3,3,1.977993826772765,3.0946574288652213,1.1166636020924563,0.23470873206256632,0.0,0.0,0
44100,4,1,2.698556832124298,3.0797828102912423,0.3812259781669445,0.1476008053192626,0.0,0.0,0
44100,4,2,2.698556832124298,3.0416976281558346,0.3431407960315367,0.1813023431225001,0.03370153780323751,0.0,0
44100,4,3,2.698556832124298,3.0610019382248264,0.3624451061005285,0.19749852895703876,0.04989772363777617,0.0,0
44100,5,1,2.0979363396837543,2.569374040018949,0.4714377003351946,0.15776730605291747,0.0,0.0,0
44100,5,2,2.0979363396837543,2.4874344412275975,0.38949810154384323,0.19588892779115577,0.0381216217382383,0.0,0
44100,5,3,2.0979363396837543,2.724781235445204,0.6268448957614496,0.2511332075474839,0.09336590149456644,0.0,0
44100,6,1,0.9548120243356486,1.6709541384779019,0.7161421141422533,0.21985956061124537,0.08308403803633305,0.08892280012208176,1
44100,6,2,0.9548120243356486,1.1001753315203462,0.1453633071846976,0.14176048260808305,0.004984960033170727,0.0,0
44100,6,3,0.9548120243356486,1.0885166939561066,0.13370466962045802,0.13677552257491232,0.0,0.0,0
44100,7,1,1.2013713345407073,2.5524878573866516,1.3511165228459443,0.11070911081285781,0.0005381114710409779,0.08892280012208173,1
44100,7,2,1.2013713345407073,2.6659724698654914,1.464601135324784,0.12371579998336693,0.0135448006415501,0.0,0
44100,7,3,1.2013713345407073,1.8333594920901022,0.6319881575493949,0.11017099934181683,0.0,0.0,0
44100,8,1,2.138767531422586,2.7095141225632777,0.5707465911406917,0.14381635305781762,0.06701192236023083,0.08892280012208173,1
44100,8,2,2.138767531422586,2.722988970296208,0.5842214388736218,0.07680443069758679,0.0,0.0,0
44100,8,3,2.138767531422586,2.754727497854609,0.615959966432023,0.07811597694767143,0.0013115462500846442,0.0,0
44100,9,1,2.502074024384576,3.0120345359893586,0.5099605116047825,0.20540660598709332,0.017444212120249797,0.0031176347005661964,0
44100,9,2,2.502074024384576,3.085076938597001,0.5830029142124249,0.18796239386684352,0.0,0.0,0
44100,9,3,2.502074024384576,3.1727585931322717,0.6706845687476957,0.19318337032148916,0.005220976454645643,0.0,0
44100,10,1,3.0484288349683917,3.312884351442326,0.26445551647393417,0.11374574874360209,0.0,0.0031176347005661686,0
44100,10,2,3.0484288349683917,3.489547837324385,0.4411190023559932,0.12904271387761476,0.015296965134012672,0.0,0
44100,10,3,3.0484288349683917,3.4326672383715335,0.38423840340314186,0.15681906105787538,0.04307331231427329,0.0,0
44100,11,1,2.583070785940956,2.9343262630526525,0.35125547711169647,0.1205642728876269,0.0,0.0031176347005661686,0
44100,11,2,2.583070785940956,2.939163144683079,0.35609235874212297,0.15662896967505777,0.036064696787430864,0.0,0
44100,11,3,2.583070785940956,3.2290012550471694,0.6459304691062133,0.2019117403775255,0.08134746748989859,0.0,0
44100,12,1,3.2567564695698925,4.08088087655207,0.8241244069821771,0.1385893610050185,0.0017838769013243105,0.08811819206891901,1
44100,12,2,3.2567564695698925,3.9696715675302103,0.7129150979603178,0.1368054841036942,0.0,0.0,0
44100,12,3,3.2567564695698925,3.754505865525766,0.49774939595587364,0.1379134856698986,0.001108001566204414,0.0,0
44100,13,1,3.14154434045347,3.7934683398076494,0.6519239993541794,0.1493212275455072,0.006090118146767409,0.08811819206891902,1
44100,13,2,3.14154434045347,3.628136447688951,0.48659210723548085,0.1432311093987398,0.0,0.0,0
44100,13,3,3.14154434045347,3.760706249059645,0.6191619086061748,0.14549490985661037,0.002263800457870585,0.0,0
44100,14,1,3.061378478479999,3.52796038923668,0.4665819107566809,0.09018157651677856,0.0,0.08811819206891902,1
44100,14,2,3.061378478479999,3.7206100000603577,0.6592315215803586,0.11455868057167026,0.0243771040548917,0.0,0
44100,14,3,3.061378478479999,3.9258224395792354,0.8644439610992363,0.1359090766578356,0.045727500141057045,0.0,0
44100,15,1,2.781257199196503,3.6165650817639645,0.8353078825674616,0.16900663674677902,0.015288071086140942,0.1568048176529776,1
44100,15,2,2.781257199196503,3.3286341290211197,0.5473769298246167,0.15371856566063807,0.0,0.08155249851548918,1
44100,15,3,2.781257199196503,3.676589070943538,0.8953318717470351,0.15569610683698482,0.001977541176346742,0.0,0
44100,16,1,3.545178382333185,4.003216646500488,0.45803826416730287,0.08817843414493888,0.0,0.15680481765297763,1
44100,16,2,3.545178382333185,3.9858430568235845,0.4406646744903995,0.15593693069306822,0.06775849654812933,0.08155249851548915,1
44100,16,3,3.545178382333185,4.1658490171675515,0.6206706348343665,0.20925262382247775,0.12107418967753887,0.0,0
44100,17,1,3.4089678335574667,3.6518584015686235,0.24289056801115683,0.13389222277575064,0.0,0.0,0
44100,17,2,3.4089678335574667,3.846321861940462,0.43735402838299553,0.1508393014816398,0.016947078705889157,0.0,0
44100,17,3,3.4089678335574667,3.9248259777519534,0.5158581441944867,0.14932504516383263,0.015432822388081996,0.0,0
44100,18,1,1.3677343965488675,1.8423533840212059,0.4746189874723383,0.18615654926506697,0.0176116607712814,0.09487257463052444,1
44100,18,2,1.3677343965488675,1.9144888838449656,0.5467544872960981,0.16854488849378557,0.0,0.0,0
44100,18,3,1.3677343965488675,2.2273936588640244,0.8596592623151569,0.17826695051309774,0.009722062019312167,0.0,0
44100,19,1,1.6675324906072995,2.3722774554901633,0.7047449648828639,0.15669215876383466,0.0,0.09487257463052443,1
44100,19,2,1.6675324906072995,2.279689205268551,0.6121567146612514,0.20465518261328675,0.047963023849452086,0.0,0
44100,19,3,1.6675324906072995,2.695759303865387,1.0282268132580874,0.28600468143537844,0.12931252267154378,0.0,0
44100,20,1,2.164326514383035,3.081271552001982,0.9169450376189472,0.13510283753132957,0.05904051560844044,0.09487257463052443,1
44100,20,2,2.164326514383035,2.687880123529164,0.5235536091461293,0.07606232192288913,0.0,0.0,0
44100,20,3,2.164326514383035,3.152900337134686,0.9885738227516514,0.07869737682727206,0.0026350549043829274,0.0,0
44100,21,1,2.5998371468484294,2.9265844321960257,0.32674728534759634,0.13902231114289976,0.0,0.0,0
44100,21,2,2.5998371468484294,3.250482979087819,0.6506458322393898,0.14952616115174974,0.010503850008849985,0.0,0
44100,21,3,2.5998371468484294,3.189820824558433,0.5899836777100038,0.1443684226334031,0.005346111490503347,0.0,0
44100,22,1,4.27645269327033,4.869400909548792,0.5929482162784616,0.13742482047269639,0.0016265144418184385,0.0,0
44100,22,2,4.27645269327033,4.882941996020178,0.6064893027498481,0.13579830603087795,0.0,0.0,0
44100,22,3,4.27645269327033,4.649910320564264,0.3734576272939343,0.13773244984532965,0.0019341438144516998,0.0,0
44100,23,1,3.9865301048889727,4.659773703330854,0.6732435984418816,0.2095299572712611,0.06304458004790167,0.0,0
44100,23,2,3.9865301048889727,4.365499384181123,0.3789692792921504,0.1485806446276358,0.0020952674042763464,0.0,0
44100,23,3,3.9865301048889727,4.60841991772652,0.6218898128375474,0.14648537722335944,0.0,0.0,0
44100,24,1,3.839672886956707,4.182679229222375,0.34300634226566773,0.10850031382026497,0.0,0.0,0
44100,24,2,3.839672886956707,4.140191403191628,0.3005185162349213,0.18883687121907788,0.08033655739881292,0.0,0
44100,24,3,3.839672886956707,4.5930397174186925,0.7533668304619856,0.24951390097166176,0.14101358715139678,0.0,0
44100,25,1,2.1802515775881646,2.758286175759508,0.5780345981713433,0.14638404731344207,0.0,0.0,0
44100,25,2,2.1802515775881646,3.1908938810488254,1.0106423034606609,0.16759488647011594,0.021210839156673877,0.0,0
44100,25,3,2.1802515775881646,2.741672266593093,0.5614206890049283,0.16753322356367073,0.021149176250228663,0.0,0
44100,26,1,1.9624875531607366,2.626026688031458,0.6635391348707214,0.21988716944071038,0.02801778950848638,0.0,0
44100,26,2,1.9624875531607366,2.558205113239251,0.5957175600785143,0.191869379932224,0.0,0.0,0
44100,26,3,1.9624875531607366,2.8172338667498105,0.8547463135890738,0.19264571078147477,0.0007763308492507726,0.0,0
44100,27,1,2.0586569967131454,2.7941030327265706,0.7354460360134252,0.11733113606843713,0.0,0.0,0
44100,27,2,2.0586569967131454,2.732429255510165,0.6737722587970194,0.2198252116091706,0.10249407554073346,0.0,0
44100,27,3,2.0586569967131454,3.1879182038687097,1.1292612071555643,0.29092127791536615,0.173590141846929,0.0,0
44100,28,1,2.055172338543017,2.7985704517132173,0.7433981131702003,0.18310902193180434,0.0,0.06400805392779998,1
44100,28,2,2.055172338543017,2.532196706784834,0.47702436824181715,0.22324320493185654,0.0401341830000522,0.0,0
44100,28,3,2.055172338543017,3.236410483985595,1.181238145442578,0.2372689148864739,0.05415989295466955,0.0,0
44100,29,1,1.8126857713344626,2.4559483669509974,0.6432625956165348,0.12033386177399037,0.0,0.06400805392779997,1
44100,29,2,1.8126857713344626,2.5356451051046762,0.7229593337702136,0.21419681258675288,0.09386295081276251,0.0,0
44100,29,3,1.8126857713344626,3.227682876600548,1.4149971052660852,0.2891115968705625,0.16877773509657212,0.0,0
44100,30,1,2.1800571198686187,2.836660550099343,0.6566034302307244,0.16508810371747373,0.07913307361019611,0.06400805392779998,1
44100,30,2,2.1800571198686187,2.698011292133263,0.5179541722646444,0.08595503010727762,0.0,0.0,0
44100,30,3,2.1800571198686187,2.674093832195064,0.4940367123264453,0.09833922261815933,0.012384192510881714,0.0,0
44100,31,1,2.233840558653158,2.8211306624356016,0.5872901037824438,0.10354958638557406,0.0,0.05725384786279136,1
44100,31,2,2.233840558653158,2.9259119530800133,0.6920713944268555,0.11000692670286673,0.00645734031729267,0.07994735047022161,1
44100,31,3,2.233840558653158,3.3007738941792715,1.0669333355261137,0.13041881933586402,0.026869232950289965,0.0,0
44100,32,1,2.1760027955482117,2.703815361058806,0.5278125655105943,0.11777854095709142,0.0,0.17981973496563203,1
44100,32,2,2.1760027955482117,2.735832525319786,0.5598297297715744,0.17807404144675504,0.06029550048966362,0.09987238449541044,1
44100,32,3,2.1760027955482117,2.9729163982891222,0.7969136027409105,0.23679688227412002,0.1190183413170286,0.0,0
44100,33,1,1.7711701174250833,2.2842485226276947,0.5130784052026114,0.17490943462811037,0.006164604997748763,0.0,0
44100,33,2,1.7711701174250833,2.345395380912968,0.5742252634878848,0.1687448296303616,0.0,0.0,0
44100,33,3,1.7711701174250833,2.459125246055883,0.6879551286307997,0.1692644585862838,0.0005196289559221967,0.0,0
44100,34,1,1.770448847168892,2.5284591689231832,0.7580103217542913,0.14262032582656942,0.0,0.0,0
44100,34,2,1.770448847168892,2.935978490521113,1.165529643352221,0.15592858023029693,0.013308254403727515,0.0,0
44100,34,3,1.770448847168892,2.609382498398742,0.83893365122985,0.14645506873454214,0.003834742907972727,0.0,0
44100,35,1,2.4814553203981142,3.300746747361603,0.8192914269634888,0.13249752367064604,0.06565124870401187,0.0,0
44100,35,2,2.4814553203981142,3.4124325096364507,0.9309771892383365,0.06684627496663417,0.0,0.0,0
44100,35,3,2.4814553203981142,3.3928540357307186,0.9113987153326044,0.07278167336150435,0.005935398394870173,0.0,0
44100,36,1,1.7342758686998387,1.9597742090504908,0.22549834035065208,0.13360044341682,0.011386065580141658,0.0,0
44100,36,2,1.7342758686998387,2.264600358913307,0.5303244902134681,0.12792331850968502,0.005708940673006674,0.0,0
44100,36,3,1.7342758686998387,2.204206019808573,0.4699301511087344,0.12221437783667835,0.0,0.0,0
44100,37,1,1.6990306726138065,2.574097915377515,0.8750672427637087,0.12673436483815925,0.0,0.0,0
44100,37,2,1.6990306726138065,2.431503779593064,0.7324731069792576,0.18725842473248205,0.0605240598943228,0.0,0
44100,37,3,1.6990306726138065,2.6496642668499897,0.9506335942361832,0.250086739198851,0.12335237436069174,0.0,0
44100,38,1,2.255813046426708,3.4260819623262657,1.1702689158995576,0.07520145755338423,0.012777625509078544,0.0,0
44100,38,2,2.255813046426708,2.9859567544761343,0.7301437080494262,0.06484105633485028,0.002417224290544598,0.0,0
44100,38,3,2.255813046426708,3.319708264161496,1.063895217734788,0.06242383204430568,0.0,0.0,0
44100,39,1,0.934596705648907,1.1248482211197595,0.1902515154708525,0.1377543742196838,0.014886556081728924,0.0,0
44100,39,2,0.934596705648907,1.1584412492220129,0.2238445435731059,0.12286781813795489,0.0,0.0,0
44100,39,3,0.934596705648907,1.318040643776365,0.38344393812745803,0.1244374313962574,0.0015696132583025157,0.0,0
44100,40,1,1.3765558556368178,1.9117607164891823,0.5352048608523645,0.20845411982529422,0.05438119851523557,0.0,0
44100,40,2,1.3765558556368178,1.787931073972704,0.4113752183358861,0.15407292131005865,0.0,0.0,0
44100,40,3,1.3765558556368178,1.9799789945948862,0.6034231389580684,0.16068807216425912,0.0066151508542004744,0.0,0
44100,41,1,2.5672101193684957,3.7646153185831266,1.1974051992146308,0.08756858640787081,0.016850217128856426,0.0,0
44100,41,2,2.5672101193684957,3.574763298662014,1.0075531792935184,0.07071836927901438,0.0,0.0,0
44100,41,3,2.5672101193684957,3.829095804679342,1.2618856853108462,0.07769712851377027,0.0069787592347558824,0.0,0
44100,42,1,5.321505517200148,6.025028077254001,0.7035225600538535,0.17944078527340848,0.03800602855342808,0.0,0
44100,42,2,5.321505517200148,5.568211987377248,0.24670647017710046,0.14955939515884864,0.008124638438868237,0.0,0
44100,42,3,5.321505517200148,6.0270613574106955,0.7055558402105477,0.1414347567199804,0.0,0.0,0
44100,43,1,4.990282966164204,5.7203210875162815,0.7300381213520772,0.1525262485036447,0.004276262533364439,0.0,0
44100,43,2,4.990282966164204,5.358181362548528,0.36789839638432387,0.14839051877719467,0.00014053280691439518,0.0,0
44100,43,3,4.990282966164204,5.755579866764224,0.7652969006000196,0.14824998597028027,0.0,0.0,0
44100,44,1,4.710602845505163,5.094439543456504,0.3838366979513408,0.10014375191170591,0.0,0.0,0
44100,44,2,4.710602845505163,5.123755191778705,0.4131523462735416,0.136171625458356,0.0360278735466501,0.0,0
44100,44,3,4.710602845505163,5.217146065247715,0.5065432197425519,0.16296589772020187,0.06282214580849596,0.0,0
44100,45,1,1.9745891918440939,2.3919882062831586,0.4173990144390647,0.13839959249416964,0.0,0.10326742413909151,1
44100,45,2,1.9745891918440939,2.6950976452284237,0.7205084533843298,0.159087047330185,0.020687454836015362,0.0,0
44100,45,3,1.9745891918440939,2.782001296236018,0.8074121043919242,0.14916190178942507,0.010762309295255429,0.0,0
44100,46,1,2.323033652760126,3.1415816099349754,0.8185479571748493,0.15068102397597274,0.0,0.10326742413909151,1
44100,46,2,2.323033652760126,3.0253900796447857,0.7023564268846596,0.24384932253710664,0.0931682985611339,0.0,0
44100,46,3,2.323033652760126,3.4898456609304036,1.1668120081702775,0.30404821232758944,0.1533671883516167,0.0,0
44100,47,1,2.4839270720236466,3.3562044169323,0.8722773449086536,0.11634825220184694,0.04134174063958583,0.10326742413909151,1
44100,47,2,2.4839270720236466,3.2211322606141346,0.737205188590488,0.07500651156226111,0.0,0.0,0
44100,47,3,2.4839270720236466,3.5182849568443566,1.03435788482071,0.08699096229701457,0.01198445073475346,0.0,0
44100,48,1,1.474532709658429,1.664165866155352,0.18963315649692292,0.14591479049381847,0.01584237847808334,0.09156240715087799,1
44100,48,2,1.474532709658429,1.6732691980528187,0.19873648839438962,0.13007241201573513,0.0,0.0,0
44100,48,3,1.474532709658429,2.181532521108879,0.7069998114504499,0.1438912677302084,0.013818855714473277,0.0,0
44100,49,1,1.5237029846806704,2.3627309766545843,0.8390279919739139,0.12386496378465749,0.0,0.09156240715087796,1
44100,49,2,1.5237029846806704,1.746648972058669,0.22294598737799864,0.12779859430285323,0.003933630518195744,0.0,0
44100,49,3,1.5237029846806704,2.3727694022013934,0.849066417520723,0.14742444125716725,0.023559477472509763,0.0,0
44100,50,1,2.993037202388449,3.114181111942238,0.12114390955378918,0.1420593645922291,0.04856203702364438,0.09156240715087798,1
44100,50,2,2.993037202388449,3.180555464763073,0.1875182623746241,0.09349732756858471,0.0,0.0,0
44100,50,3,2.993037202388449,3.361186601892424,0.36814939950397507,0.11631178164374949,0.022814454075164775,0.0,0
44100,51,1,13.128510544442548,13.203719833885492,0.07520928944294347,0.11420757992646194,0.0,0.0,0
44100,51,2,13.128510544442548,13.211930601082225,0.08342005663967633,0.13601128169036866,0.021803701763906724,0.026722465676815008,1
44100,51,3,13.128510544442548,13.33112480974807,0.20261426530552207,0.14439816591017182,0.030190585983709883,0.026722465676815008,1
44100,52,1,17.7609486663177,17.804509272759066,0.04356060644136761,0.0936370443107136,0.0,0.0,0
44100,52,2,17.7609486663177,17.844249348269564,0.08330068195186513,0.1369061438610832,0.043269099550369616,0.026722465676814997,1
44100,52,3,17.7609486663177,17.997902303529766,0.23695363721206775,0.13042065127177618,0.03678360696106259,0.026722465676814997,1
44100,53,1,17.308534262306228,17.705576175284968,0.3970419129787395,0.09025090053755683,0.005958651787707825,0.0,0
44100,53,2,17.308534262306228,17.57468935989966,0.26615509759343325,0.084292248749849,0.0,0.011687978621567285,1
44100,53,3,17.308534262306228,17.72971159476492,0.4211773324586936,0.0889145844609379,0.004622335711088901,0.011687978621567285,1
44100,54,1,13.442721464000954,13.510752204008654,0.06803074000769982,0.09257417339840356,0.0,0.0,0
44100,54,2,13.442721464000954,13.548870654323727,0.10614919032277292,0.11120757845492268,0.01863340505651913,0.0019163575986935813,0
44100,54,3,13.442721464000954,13.71838046987271,0.2756590058717556,0.12600542305277415,0.033431249654370596,0.0019163575986935813,0
44100,55,1,15.980512167936979,16.051278868775487,0.070766700838508,0.09448452905257179,0.0,0.0,0
44100,55,2,15.980512167936979,16.089624614462064,0.109112446525085,0.11434151153431682,0.019856982481745028,0.04370825972828771,1
44100,55,3,15.980512167936979,16.195614717389276,0.2151025494522969,0.1364683329678469,0.04198380391527512,0.033300914892175404,1
44100,56,1,14.568762676633856,14.645308604223453,0.07654592758959744,0.09036597301295726,0.0,0.01040734483611231,1
44100,56,2,14.568762676633856,14.681467685208906,0.11270500857505006,0.11266400826099963,0.022298035248042372,0.0,0
44100,56,3,14.568762676633856,14.847956756383812,0.27919407974995636,0.1250833745924826,0.034717401579525325,0.0,0
44100,57,1,23.1429486065264,23.19156548101685,0.048616874490448936,0.11864409151034948,0.0,0.0,0
44100,57,2,23.1429486065264,23.26421132250749,0.12126271598108929,0.1444342428514482,0.02579015134109873,0.0569067086300557,1
44100,57,3,23.1429486065264,23.369521946323466,0.22657333979706706,0.1329131886160125,0.014269097105663028,0.0569067086300557,1
44100,58,1,12.738029327414083,12.8054553001643,0.06742597275021822,0.10338691842983938,0.0,0.012617806123191203,1
44100,58,2,12.738029327414083,12.912526657158907,0.17449732974482401,0.11856664760395468,0.015179729174115295,0.0,0
44100,58,3,12.738029327414083,12.900744731537198,0.1627154041231158,0.16261843093597517,0.059231512506135786,0.0,0
44101,0,1,2.4015887635557274,2.931579218967249,0.5299904554115216,0.12934258160668474,0.0,0.0,0
44101,0,2,2.4015887635557274,3.0942422404648804,0.692653476909153,0.1352316623089171,0.005889080702232347,0.0,0
44101,0,3,2.4015887635557274,3.043849876702362,0.6422611131466347,0.14584847785697405,0.01650589625028931,0.0,0
44101,1,1,1.710345382091256,3.7744431549339033,2.064097772842647,0.2932558179320442,0.04397973406788161,0.0,0
44101,1,2,1.710345382091256,3.9211597820042505,2.2108143999129943,0.2780673105926852,0.028791226728522606,0.0,0
44101,1,3,1.710345382091256,3.6848024401726724,1.9744570580814165,0.24927608386416258,0.0,0.0,0
44101,2,1,2.477369264029881,2.9396596819445717,0.4622904179146907,0.14009429981016852,0.0,0.0,0
44101,2,2,2.477369264029881,3.097938287763589,0.620569023733708,0.1553125272479494,0.015218227437780868,0.0,0
44101,2,3,2.477369264029881,2.8558619350502954,0.3784926710204144,0.16097638540932058,0.020882085599152056,0.0,0
44101,3,1,2.056316112912808,2.967918747281619,0.9116026343688111,0.1927025265034784,0.0064166699335920785,0.0,0
44101,3,2,2.056316112912808,3.0134580690307318,0.957141956117924,0.19602921028889014,0.009743353719003811,0.0,0
44101,3,3,2.056316112912808,2.9995378896506097,0.9432217767378019,0.18628585656988633,0.0,0.0,0
44101,4,1,0.9737109621187259,1.7959660314257513,0.8222550693070254,0.18711487496601178,0.04789417267552082,0.08920453549650931,1
44101,4,2,0.9737109621187259,1.287410404032847,0.313699441914121,0.1492309182343333,0.010010215943842327,0.0,0
44101,4,3,0.9737109621187259,1.226440192741183,0.2527292306224571,0.13922070229049097,0.0,0.0,0
44101,5,1,1.3221307833873626,1.9143381942277304,0.5922074108403679,0.10681091701336692,0.0,0.08920453549650931,1
44101,5,2,1.3221307833873626,1.904007285869715,0.5818765024823525,0.11657531930701198,0.009764402293645058,0.0,0
44101,5,3,1.3221307833873626,2.0713982486874203,0.7492674653000577,0.11761487322140918,0.010803956208042254,0.0,0
44101,6,1,2.072921405059428,2.6605858728206497,0.5876644677612219,0.12481970234059143,0.03891059028762607,0.08920453549650931,1
44101,6,2,2.072921405059428,2.675720337807474,0.6027989327480463,0.08611988201765217,0.0002107699646868022,0.0,0
44101,6,3,2.072921405059428,2.9406374109902402,0.8677160059308124,0.08590911205296536,0.0,0.0,0
44101,7,1,2.630080437912404,3.015842905453063,0.3857624675406588,0.20047639111595691,0.012909109859219975,0.0042897219738861625,0
44101,7,2,2.630080437912404,3.0063729157097896,0.3762924777973855,0.18863825060235442,0.001070969345617484,0.0,0
44101,7,3,2.630080437912404,3.30291228958478,0.6728318516723757,0.18756728125673694,0.0,0.0,0
44101,8,1,3.1442303113767953,3.3293084035640397,0.18507809218724436,0.1184882444040649,0.0,0.00428972197388619,0
44101,8,2,3.1442303113767953,3.376636644407506,0.23240633303071068,0.13327068812129625,0.01478244371723135,0.0,0
44101,8,3,3.1442303113767953,3.3681061776388526,0.22387586626205724,0.1444626282842088,0.025974383880143906,0.0,0
44101,9,1,2.6515694292615533,3.2198593708151035,0.5682899415535503,0.10227677843488595,0.0,0.00428972197388619,0
44101,9,2,2.6515694292615533,3.2589649385899007,0.6073955093283474,0.14366853114970926,0.041391752714823316,0.0,0
44101,9,3,2.6515694292615533,3.4757302733811732,0.82416084411962,0.1863620132021162,0.08408523476723026,0.0,0
44101,10,1,2.89304082709945,3.588207462439942,0.6951666353404922,0.1406059709787207,0.0073243910606636264,0.08853308555576465,1
44101,10,2,2.89304082709945,3.4401633511461425,0.5471225240466926,0.14251457652489255,0.009232996606835464,0.0,0
44101,10,3,2.89304082709945,3.908661509904964,1.015620682805514,0.13328157991805709,0.0,0.0,0
44101,11,1,2.58934760367777,3.4749996000180694,0.8856519963402993,0.15654507904074683,0.019656495148906106,0.08853308555576467,1
44101,11,2,2.58934760367777,3.302342615229308,0.7129950115515378,0.13688858389184072,0.0,0.0,0
44101,11,3,2.58934760367777,3.3400084533252916,0.7506608496475216,0.1395707434129915,0.0026821595211507787,0.0,0
44101,12,1,3.0368231993256734,4.253860457714923,1.21703725838925,0.08292103024293095,0.003741936575846566,0.08853308555576465,1
44101,12,2,3.0368231993256734,4.197240169557847,1.1604169702321734,0.07917909366708438,0.0,0.0,0
44101,12,3,3.0368231993256734,4.423768156950516,1.3869449576248423,0.08992250248619874,0.010743408819114356,0.0,0
44101,13,1,2.6493878797981547,3.282988744095276,0.6336008642971214,0.18117415283088992,0.031461408793446055,0.15865757252693236,1
44101,13,2,2.6493878797981547,3.326137107343553,0.6767492275453981,0.14971274403744386,0.0,0.08307687234407668,1
44101,13,3,2.6493878797981547,3.2806484979402635,0.6312606181421088,0.1744774529256579,0.024764708888214026,0.0,0
44101,14,1,3.631287376302373,4.427469528864917,0.7961821525625434,0.09640206328607935,0.0,0.15865757252693236,1
44101,14,2,3.631287376302373,4.167668808405348,0.5363814321029747,0.14145491353896106,0.04505285025288171,0.08307687234407671,1
44101,14,3,3.631287376302373,4.779739481452107,1.1484521051497336,0.17813069425115594,0.08172863096507658,0.0,0
44101,15,1,3.101422198482959,3.305482424518062,0.2040602260351032,0.1432097579760369,0.0,0.0,0
44101,15,2,3.101422198482959,3.6570509773296016,0.5556287788466427,0.15017252532398462,0.006962767347947707,0.0,0
44101,15,3,3.101422198482959,3.4950565958486273,0.3936343973656684,0.14738175285479502,0.004171994878758106,0.0,0
44101,16,1,1.4542956213904206,1.8944425810526735,0.4401469596622529,0.181252962007799,0.019810201390571963,0.09546545221597198,1
44101,16,2,1.4542956213904206,1.997140846899402,0.5428452255089815,0.16144276061722704,0.0,0.0,0
44101,16,3,1.4542956213904206,2.331643604218544,0.8773479828281237,0.16905169088506833,0.007608930267841291,0.0,0
44101,17,1,1.73379261101386,2.7840040867331437,1.0502114757192837,0.17253507103194402,0.0,0.09546545221597197,1
44101,17,2,1.73379261101386,2.6053771910258146,0.8715845800119546,0.20917241755888316,0.036637346526939146,0.0,0
44101,17,3,1.73379261101386,3.3271983002416277,1.5934056892277677,0.2690159390249656,0.09648086799302161,0.0,0
44101,18,1,2.234463563032345,3.0824069382111867,0.8479433751788417,0.1408962744866912,0.02754947251036964,0.09546545221597197,1
44101,18,2,2.234463563032345,2.660086049278667,0.42562248624632204,0.11334680197632156,0.0,0.0,0
44101,18,3,2.234463563032345,3.1034438010734258,0.8689802380410807,0.12122273500948971,0.00787593303316815,0.0,0
44101,19,1,2.2516446542957196,2.8964818091625673,0.6448371548668477,0.13970239048260166,0.00046393860722795943,0.0,0
44101,19,2,2.2516446542957196,3.0939023255978957,0.8422576713021761,0.14023025031704536,0.0009917984416716596,0.0,0
44101,19,3,2.2516446542957196,3.1234728489318195,0.8718281946361,0.1392384518753737,0.0,0.0,0
44101,20,1,4.039256174923494,4.383803483115129,0.34454730819163437,0.1362714743849713,0.001622986322570491,0.0,0
44101,20,2,4.039256174923494,4.48341472648246,0.44415855155896544,0.1401808418467067,0.005532353784305888,0.0,0
44101,20,3,4.039256174923494,4.823538619575485,0.7842824446519909,0.13464848806240082,0.0,0.0,0
44101,21,1,3.3864380149919624,4.435853944088193,1.0494159290962308,0.18839460802417465,0.045315542944783294,0.0,0
44101,21,2,3.3864380149919624,3.78886131251735,0.40242329752538764,0.15266593775092224,0.009586872671530883,0.0,0
44101,21,3,3.3864380149919624,4.384417637621352,0.9979796226293898,0.14307906507939136,0.0,0.0,0
44101,22,1,3.465030601810234,4.165692642546833,0.7006620407365984,0.10062832671730909,0.0,0.0,0
44101,22,2,3.465030601810234,4.147005881367289,0.6819752795570553,0.15430925095415152,0.053680924236842426,0.0,0
44101,22,3,3.465030601810234,4.677064991649872,1.212034389839638,0.1802042837852415,0.07957595706793241,0.0,0
44101,23,1,2.425744055441882,3.0171459062373827,0.5914018507955006,0.13662701118469114,0.0,0.0,0
44101,23,2,2.425744055441882,2.858762078519972,0.4330180230780898,0.14030931710376945,0.0036823059190783103,0.0,0
44101,23,3,2.425744055441882,2.808105068606568,0.38236101316468574,0.14180004654387288,0.005173035359181732,0.0,0
44101,24,1,1.8281095130547835,2.5360072034694627,0.7078976904146792,0.2059355668936077,0.028479827947081093,0.0,0
44101,24,2,1.8281095130547835,2.331098133667807,0.5029886206130234,0.18143813552767585,0.003982396581149239,0.0,0
44101,24,3,1.8281095130547835,2.6807888629146586,0.852679349859875,0.1774557389465266,0.0,0.0,0
44101,25,1,1.9776314213662598,3.5194364842264947,1.5418050628602349,0.0995958569783621,0.0,0.0,0
44101,25,2,1.9776314213662598,3.5271339074801,1.5495024861138402,0.17473798673377536,0.07514212975541326,0.0,0
44101,25,3,1.9776314213662598,3.7775016850246126,1.7998702636583528,0.2071665052668809,0.10757064828851881,0.0,0
44101,26,1,2.0563840173980834,3.0849894094781187,1.0286053920800353,0.19045985408403365,0.0,0.0,0
44101,26,2,2.0563840173980834,3.685337423806934,1.6289534064088507,0.23531618036335553,0.04485632627932187,0.0,0
44101,26,3,2.0563840173980834,3.2297245575846576,1.1733405401865742,0.22941527046001028,0.03895541637597663,0.0,0
44101,27,1,2.1443479253072644,3.3583761820093088,1.2140282567020444,0.09462881542432505,0.0,0.0,0
44101,27,2,2.1443479253072644,3.558541285989475,1.4141933606822108,0.17219012532534025,0.0775613099010152,0.0,0
44101,27,3,2.1443479253072644,4.01649949065896,1.8721515653516958,0.20453838225301427,0.10990956682868921,0.0,0
44101,28,1,2.205137605420569,3.387105398853369,1.1819677934328001,0.17321194235237525,0.06826737267513473,0.0,0
44101,28,2,2.205137605420569,2.7579273170974465,0.5527897116768776,0.11365546913845967,0.008710899461219154,0.0,0
44101,28,3,2.205137605420569,3.0971388677381766,0.8920012623176077,0.10494456967724052,0.0,0.0,0
44101,29,1,2.495432485064207,2.861450709282992,0.3660182242187848,0.11510939973712679,0.0,0.1343349900657877,1
44101,29,2,2.495432485064207,3.017129265880357,0.5216967808161499,0.13442368189033205,0.019314282153205256,0.08002592780358081,1
44101,29,3,2.495432485064207,2.9858883753144037,0.49045589025019654,0.1681688010300953,0.0530594012929685,0.0,0
44101,30,1,2.2990200010982216,3.0081304284379806,0.709110427339759,0.10542638004532522,0.0,0.18069071127124567,1
44101,30,2,2.2990200010982216,3.249428788243435,0.9504087871452134,0.17331555804321824,0.06788917799789303,0.10066478346766486,1
44101,30,3,2.2990200010982216,3.3031927200360847,1.004172718937863,0.21422131034313494,0.10879493029780972,0.0,0
44101,31,1,1.678702821918351,2.304180348531986,0.625477526613635,0.17061909734613245,0.005052374094579842,0.0,0
44101,31,2,1.678702821918351,2.2890433099569956,0.6103404880386445,0.1679862911191125,0.0024195678675598964,0.0,0
44101,31,3,1.678702821918351,2.493115815548557,0.814412993630206,0.1655667232515526,0.0,0.0,0
44101,32,1,1.5848590384727195,2.3496472503747183,0.7647882119019989,0.161799925810958,0.0,0.0,0
44101,32,2,1.5848590384727195,2.2558291701371154,0.6709701316643959,0.1631174145053567,0.001317488694398683,0.0,0
44101,32,3,1.5848590384727195,2.187407825947307,0.6025487874745874,0.16655919716124504,0.004759271350287031,0.0,0
44101,33,1,2.463962647883005,3.419610866420874,0.9556482185378692,0.14540742453792432,0.0632213588262021,0.0,0
44101,33,2,2.463962647883005,3.1385527927727424,0.6745901448897373,0.09374956266877571,0.011563496957053485,0.0,0
44101,33,3,2.463962647883005,3.3892609362657686,0.9252982883827636,0.08218606571172223,0.0,0.0,0
44101,34,1,1.8167560224948036,2.654602000995241,0.8378459785004373,0.11528673404099098,0.0,0.0,0
44101,34,2,1.8167560224948036,2.111225108846967,0.2944690863521635,0.1193223602495535,0.004035626208562529,0.0,0
44101,34,3,1.8167560224948036,2.4870046655193088,0.6702486430245052,0.12426623418749212,0.008979500146501146,0.0,0
44101,35,1,1.6775554918939093,2.584334206876754,0.9067787149828448,0.12966336109391732,0.0,0.0,0
44101,35,2,1.6775554918939093,2.820386966221398,1.1428314743274888,0.17227570884616983,0.042612347752252505,0.0,0
44101,35,3,1.6775554918939093,3.0007475070082448,1.3231920151143355,0.18688551079411292,0.057222149700195596,0.0,0
44101,36,1,2.3082770936923063,2.8515129868070908,0.5432358931147845,0.06997660078211142,0.0,0.0,0
44101,36,2,2.3082770936923063,3.3649180662156217,1.0566409725233155,0.07839164586505008,0.008415045082938666,0.0,0
44101,36,3,2.3082770936923063,3.4249501323759852,1.116673038683679,0.07319480592287207,0.003218205140760655,0.0,0
44101,37,1,0.9150296807075625,1.2593629298105093,0.3443332491029468,0.1307854673234447,0.007808020860292628,0.0,0
44101,37,2,0.9150296807075625,1.2908908501705154,0.3758611694629529,0.12483540635688017,0.0018579598937280978,0.0,0
44101,37,3,0.9150296807075625,1.4060486885024435,0.49101900779488095,0.12297744646315208,0.0,0.0,0
44101,38,1,1.3934012698775822,2.5607330648177458,1.1673317949401636,0.2144587640832523,0.0643774408692846,0.0,0
44101,38,2,1.3934012698775822,2.0179705048689294,0.6245692349913472,0.1500813232139677,0.0,0.0,0
44101,38,3,1.3934012698775822,2.011105360417332,0.61770409053975,0.15801931158190896,0.007937988367941268,0.0,0
44101,39,1,2.7243897286041854,3.0936692800501637,0.36927955144597835,0.08998084151878112,0.0,0.0,0
44101,39,2,2.7243897286041854,3.2517358667369862,0.5273461381328008,0.09727551314111847,0.007294671622337351,0.0,0
44101,39,3,2.7243897286041854,3.3864410033616226,0.6620512747574372,0.11802324183478646,0.028042400316005342,0.0,0
44101,40,1,4.839203920417267,5.561464808089055,0.722260887671788,0.175959833969914,0.0250436113255659,0.0,0
44101,40,2,4.839203920417267,5.145687966004137,0.3064840455868696,0.15142968105948437,0.0005134584151362809,0.0,0
44101,40,3,4.839203920417267,5.658469676307253,0.8192657558899858,0.1509162226443481,0.0,0.0,0
44101,41,1,4.494679869867211,5.143736252022014,0.6490563821548028,0.15588396636155297,0.008972847720243676,0.0,0
44101,41,2,4.494679869867211,4.750393468728227,0.25571359886101597,0.14925109890171845,0.002339980260409158,0.0,0
44101,41,3,4.494679869867211,5.230217476903375,0.7355376070361643,0.1469111186413093,0.0,0.0,0
44101,42,1,4.446035183320752,5.118598003645026,0.6725628203242744,0.09865218167452153,0.0,0.0,0
44101,42,2,4.446035183320752,4.933441132086872,0.48740594876612064,0.10878882953106032,0.010136647856538797,0.0,0
44101,42,3,4.446035183320752,5.1085648914087995,0.6625297080880479,0.12401027450396726,0.025358092829445733,0.0,0
44101,43,1,1.9973677855162628,2.39614392511011,0.3987761395938474,0.11191041102505916,0.0,0.10360753684645393,1
44101,43,2,1.9973677855162628,2.561926189142838,0.5645584036265752,0.12392902459474188,0.012018613569682715,0.0,0
44101,43,3,1.9973677855162628,2.3485950572092067,0.3512272716929439,0.12958049633873542,0.017670085313676254,0.0,0
44101,44,1,2.255179510242563,3.289018662882495,1.0338391526399322,0.17034420071499454,0.0,0.10360753684645393,1
44101,44,2,2.255179510242563,4.091431754635282,1.8362522443927194,0.2358703339448535,0.06552613322985895,0.0,0
44101,44,3,2.255179510242563,3.6086142308366247,1.3534347205940618,0.23580178367369004,0.0654575829586955,0.0,0
44101,45,1,2.494726237635016,3.4356856344757274,0.9409593968407113,0.10541518770726169,0.008676609311544528,0.10360753684645393,1
44101,45,2,2.494726237635016,3.085324214657942,0.5905979770229259,0.09673857839571716,0.0,0.0,0
44101,45,3,2.494726237635016,3.367399477780875,0.872673240145859,0.12713138536561747,0.030392806969900307,0.0,0
44101,46,1,1.4912176690090568,2.299362214413193,0.808144545404136,0.12955079334633388,0.001358723122846961,0.0,0
44101,46,2,1.4912176690090568,1.9307025973729126,0.4394849283638558,0.12819207022348691,0.0,0.0,0
44101,46,3,1.4912176690090568,2.067355521048321,0.5761378520392642,0.13097342215709665,0.0027813519336097325,0.0,0
44101,47,1,1.565847369970141,2.2319001012816666,0.6660527313115256,0.11686490501866988,0.0012027913646943111,0.0,0
44101,47,2,1.565847369970141,2.1537393965709763,0.5878920266008354,0.11566211365397557,0.0,0.0,0
44101,47,3,1.565847369970141,1.9724307898903775,0.4065834199202365,0.13063886654936332,0.01497675289538776,0.0,0
44101,48,1,3.011374111367418,3.265564622431131,0.25419051106371304,0.15393467020027662,0.03801320787573004,0.0,0
44101,48,2,3.011374111367418,3.265589846161346,0.2542157347939282,0.11592146232454659,0.0,0.0,0
44101,48,3,3.011374111367418,3.4807712085360576,0.46939709716863964,0.1421779362953625,0.026256473970815902,0.0,0
44101,49,1,13.690602032116931,13.777078723047538,0.08647669093060628,0.12429538370510586,0.0,0.0,0
44101,49,2,13.690602032116931,13.754366981144916,0.06376494902798413,0.13462926967500913,0.01033388596990327,0.02635259935158353,1
44101,49,3,13.690602032116931,13.801319068577218,0.11071703646028652,0.13945441963619956,0.015159035931093703,0.02635259935158353,1
44101,50,1,18.47921722616065,18.51125445599626,0.03203722983560908,0.09470883892579493,0.0,0.0,0
44101,50,2,18.47921722616065,18.52835357439479,0.04913634823413915,0.12512035917846512,0.030411520252670188,0.02635259935158354,1
44101,50,3,18.47921722616065,18.544281702281133,0.06506447612048305,0.13233037213023463,0.0376215332044397,0.02635259935158354,1
44101,51,1,17.7624734458011,17.816211449897004,0.05373800409590501,0.06038633466593806,0.0,0.0,0
44101,51,2,17.7624734458011,17.828486339130144,0.06601289332904514,0.09611185564207182,0.03572552097613376,0.006643642571835057,1
44101,51,3,17.7624734458011,17.833499720142193,0.07102627434109365,0.13051015686659906,0.07012382220066099,0.008704076816284517,1
44101,52,1,13.994306968128887,14.058682620355432,0.06437565222654484,0.0634329926413295,0.0,0.0,0
44101,52,2,13.994306968128887,14.08345246560079,0.08914549747190215,0.0928541065892732,0.02942111394794371,0.0020604342444494606,0
44101,52,3,13.994306968128887,14.092163031451964,0.09785606332307673,0.1158521924059237,0.05241919976459421,0.0020604342444494606,0
44101,53,1,16.59153813538702,16.633251480145486,0.041713344758466775,0.11697589670608885,0.0,0.0,0
44101,53,2,16.59153813538702,16.65243419514311,0.06089605975608947,0.13954277987290148,0.02256688316681263,0.04416137769252666,1
44101,53,3,16.59153813538702,16.694138144943206,0.10260000955618764,0.1702725801913958,0.053296683485306945,0.03349570157888952,1
44101,54,1,15.156754831189247,15.202130377564874,0.04537554637562735,0.0914168783464561,0.0,0.010665676113637147,1
44101,54,2,15.156754831189247,15.229995435219427,0.07324060403018073,0.11595282937288721,0.024535951026431108,0.0,0
44101,54,3,15.156754831189247,15.266938603488398,0.11018377229915188,0.13258513529853208,0.041168256952075974,0.0,0
44101,55,1,23.35338938599788,23.45188632262912,0.0984969366312427,0.11915482474964112,0.0,0.0,0
44101,55,2,23.35338938599788,23.416729696179132,0.0633403101812533,0.1366164977708023,0.017461673021161167,0.056572029455092016,1
44101,55,3,23.35338938599788,23.54782420663525,0.1944348206373725,0.13964569915615174,0.020490874406510623,0.056572029455092016,1
44101,56,1,13.209830065918513,13.271823045256507,0.06199297933799386,0.07802348971788652,0.0,0.0126970089200635,1
44101,56,2,13.209830065918513,13.305549578004214,0.09571951208570084,0.10895605049506023,0.030932560777173712,0.0,0
44101,56,3,13.209830065918513,13.318017675120222,0.10818760920170867,0.13374313000110624,0.055719640283219726,0.0,0
44102,0,1,2.185593348692728,2.4688138387998726,0.2832204901071447,0.1177490373696528,0.0,0.0,0
44102,0,2,2.185593348692728,2.437926658262149,0.2523333095694209,0.14453068808452166,0.026781650714868863,0.0,0
44102,0,3,2.185593348692728,2.8426263265018323,0.6570329778091044,0.1731842050559926,0.05543516768633981,0.0,0
44102,1,1,1.6111958123766392,3.8251156411738036,2.2139198287971644,0.279198014212508,0.0,0.0,0
44102,1,2,1.6111958123766392,4.009388291153202,2.398192478776563,0.301715614606279,0.022517600393770987,0.0,0
44102,1,3,1.6111958123766392,4.0179088933400156,2.4067130809633763,0.3123354269173651,0.033137412704857094,0.0,0
44102,2,1,2.414804731983178,2.6770734797759586,0.26226874779278075,0.11944754975915506,0.0,0.0,0
44102,2,2,2.414804731983178,2.7941496804183816,0.37934494843520383,0.14293114874961416,0.023483598990459098,0.0,0
44102,2,3,2.414804731983178,2.6794650484456084,0.2646603164624306,0.16334690028021243,0.04389935052105737,0.0,0
44102,3,1,2.0316841471648757,2.527984087944683,0.49629994077980744,0.17002107572915628,0.0,0.0,0
44102,3,2,2.0316841471648757,2.4108437229823965,0.3791595758175208,0.19883282691766113,0.028811751188504847,0.0,0
44102,3,3,2.0316841471648757,2.7597507217219204,0.7280665745570447,0.22774509394973258,0.057724018220576295,0.0,0
44102,4,1,1.3593375595699122,1.9106247876557643,0.5512872280858521,0.19573573578969733,0.0388233215890397,0.0908479555039288,1
44102,4,2,1.3593375595699122,1.7685789377067098,0.4092413781367976,0.15827475973880428,0.0013623455381466532,0.0,0
44102,4,3,1.3593375595699122,1.7620667476995073,0.40272918812959513,0.15691241420065763,0.0,0.0,0
44102,5,1,1.3968402546584002,1.9917671448421708,0.5949268901837705,0.08978826833937381,0.0,0.09084795550392881,1
44102,5,2,1.3968402546584002,2.312078662645704,0.9152384079873039,0.10681044016206716,0.017022171822693347,0.0,0
44102,5,3,1.3968402546584002,2.303427085968326,0.9065868313099257,0.10822549884677089,0.01843723050739708,0.0,0
44102,6,1,2.4172428020057843,2.988104175674473,0.5708613736686887,0.11993341491660235,0.03743829664405085,0.0908479555039288,1
44102,6,2,2.4172428020057843,2.688983497280339,0.2717406952745547,0.0824951182725515,0.0,0.0,0
44102,6,3,2.4172428020057843,2.929359611885739,0.5121168098799544,0.08296800680704813,0.00047288853449663215,0.0,0
44102,7,1,2.343841651342822,3.136042529602175,0.792200878259353,0.19522732189721048,0.0033717478984688354,0.006031549422246429,1
44102,7,2,2.343841651342822,2.8483932331272737,0.5045515817844515,0.19475707024444375,0.002901496245702101,0.0,0
44102,7,3,2.343841651342822,3.130481068971066,0.7866394176282436,0.19185557399874165,0.0,0.0,0
44102,8,1,2.8613381089580523,3.0002806349747364,0.1389425260166841,0.09363586949972381,0.0,0.006031549422246429,1
44102,8,2,2.8613381089580523,3.019312581395765,0.1579744724377128,0.11386059046569022,0.020224720965966406,0.0,0
44102,8,3,2.8613381089580523,3.104522450870936,0.24318434191288363,0.13399505293500608,0.04035918343528226,0.0,0
44102,9,1,2.699280202444137,3.1158150995997485,0.41653489715561154,0.11601645119171292,0.0,0.006031549422246429,1
44102,9,2,2.699280202444137,3.1640929714655788,0.46481276902144186,0.13315592633634485,0.017139475144631933,0.0,0
44102,9,3,2.699280202444137,3.312728881779621,0.6134486793354843,0.19009009792392303,0.07407364673221012,0.0,0
44102,10,1,2.794213821851834,3.050646277747271,0.25643245589543673,0.12532934326758796,0.0,0.09012349573458761,1
44102,10,2,2.794213821851834,3.4583722188484174,0.6641583969965832,0.13490826544598997,0.009578922178402005,0.0,0
44102,10,3,2.794213821851834,3.634702619999082,0.840488798147248,0.12754734627287376,0.0022180030052857957,0.0,0
44102,11,1,2.538676326591184,2.9918913320286817,0.4532150054374977,0.16306338804336878,0.0,0.09012349573458761,1
44102,11,2,2.538676326591184,2.9037011362814455,0.3650248096902615,0.1633494113221728,0.000286023278804004,0.0,0
44102,11,3,2.538676326591184,2.9316546878520056,0.39297836126082153,0.17128454198580162,0.008221153942432835,0.0,0
44102,12,1,3.106600218894216,3.7311023769732374,0.6245021580790215,0.07887849771653672,0.0,0.09012349573458761,1
44102,12,2,3.106600218894216,3.8879343360846703,0.7813341171904544,0.08831150324190383,0.009433005525367105,0.0,0
44102,12,3,3.106600218894216,4.086833183530457,0.9802329646362411,0.11420415725891256,0.035325659542375834,0.0,0
44102,13,1,2.694896368296494,3.0319624142100574,0.33706604591356326,0.16623528147260538,0.0,0.16342813919594198,1
44102,13,2,2.694896368296494,3.099891797309568,0.40499542901307395,0.167224378175846,0.0009890967032406273,0.08599762731495628,1
44102,13,3,2.694896368296494,3.0810471407327804,0.38615077243628626,0.17962337832059097,0.013388096847985587,0.0,0
44102,14,1,3.718886983937608,4.215480820714452,0.4965938367768441,0.06744487350288485,0.0,0.163428139195942,1
44102,14,2,3.718886983937608,4.098171253493949,0.379284269556341,0.12087303916248651,0.053428165659601665,0.08599762731495625,1
44102,14,3,3.718886983937608,4.339429612811176,0.6205426288735678,0.18577528995543013,0.11833041645254529,0.0,0
44102,15,1,2.9504524352360915,3.162280243913633,0.21182780867754136,0.11684679315230215,0.0,0.0,0
44102,15,2,2.9504524352360915,3.5828191879211326,0.6323667526850412,0.137309587712153,0.02046279455985084,0.0,0
44102,15,3,2.9504524352360915,3.4524372305903306,0.5019847953542391,0.13386201780818818,0.017015224655886035,0.0,0
44102,16,1,1.5406279809070653,1.8147541656431578,0.2741261847360925,0.16078457136988716,0.0,0.09827758497346994,1
44102,16,2,1.5406279809070653,2.1289375110723343,0.588309530165269,0.1668514255718965,0.006066854202009336,0.0,0
44102,16,3,1.5406279809070653,2.021987115573464,0.48135913466639857,0.16944230725940937,0.008657735889522206,0.0,0
44102,17,1,1.9078836665915322,2.402469019408593,0.49458535281706073,0.14985459839496573,0.0,0.09827758497346996,1
44102,17,2,1.9078836665915322,2.4393288746145707,0.5314452080230385,0.20670419226115289,0.056849593866187154,0.0,0
44102,17,3,1.9078836665915322,2.800961577036568,0.8930779104450357,0.25952568185114044,0.10967108345617471,0.0,0
44102,18,1,2.540665357540462,3.5707331938351965,1.0300678362947346,0.13282645345363148,0.038851184268091435,0.09827758497346994,1
44102,18,2,2.540665357540462,2.8027173098778557,0.26205195233739387,0.09397526918554004,0.0,0.0,0
44102,18,3,2.540665357540462,3.45588004280708,0.9152146852666183,0.09653470324358153,0.0025594340580414876,0.0,0
44102,19,1,2.229267751181435,2.961342640860578,0.7320748896791431,0.12887365853026247,0.0009377899010579727,0.0,0
44102,19,2,2.229267751181435,2.383272453907302,0.15400470272586686,0.12813735534468082,0.0002014867154763178,0.0,0
44102,19,3,2.229267751181435,3.0741694544767406,0.8449017032953057,0.1279358686292045,0.0,0.0,0
44102,20,1,3.9973729143695573,4.154365178300372,0.15699226393081478,0.12920877560593694,0.0,0.0,0
44102,20,2,3.9973729143695573,4.469242543412097,0.4718696290425397,0.1360014689116281,0.006792693305691155,0.0,0
44102,20,3,3.9973729143695573,4.525352646578384,0.5279797322088271,0.13192022046882312,0.0027114448628861865,0.0,0
44102,21,1,3.433934130369308,4.517274847578291,1.0833407172089826,0.1872760508102629,0.04891385107401483,0.0,0
44102,21,2,3.433934130369308,3.8006288049743646,0.36669467460505656,0.13836219973624808,0.0,0.0,0
44102,21,3,3.433934130369308,4.226695772125025,0.7927616417557166,0.1450981314761544,0.006735931739906331,0.0,0
44102,22,1,3.491205396493579,3.8957989609803363,0.4045935644867571,0.0983894605680497,0.0,0.0,0
44102,22,2,3.491205396493579,3.796491193516153,0.30528579702257375,0.15225141667522407,0.05386195610717437,0.0,0
44102,22,3,3.491205396493579,4.593817074501574,1.102611678007995,0.21624902764161363,0.11785956707356393,0.0,0
44102,23,1,2.2699750330322344,2.7045511563590656,0.43457612332683127,0.13475725276157968,0.0,0.0,0
44102,23,2,2.2699750330322344,2.3963754407764943,0.12640040774425998,0.14023220230022,0.005474949538640306,0.0,0
44102,23,3,2.2699750330322344,2.528965122969547,0.25899008993731254,0.1510660635894884,0.01630881082790872,0.0,0
44102,24,1,1.7129378645568534,2.552592197989586,0.8396543334327324,0.19877786164691857,0.0282786656522154,0.0,0
44102,24,2,1.7129378645568534,2.171029586971691,0.45809172241483775,0.17049919599470317,0.0,0.0,0
44102,24,3,1.7129378645568534,2.5827645896079234,0.8698267250510701,0.18419331051472249,0.013694114520019313,0.0,0
44102,25,1,1.7966395814486806,2.6103051005733073,0.8136655191246267,0.10767889328616058,0.0,0.0,0
44102,25,2,1.7966395814486806,2.5233479056061703,0.7267083241574896,0.16932187000469023,0.061642976718529655,0.0,0
44102,25,3,1.7966395814486806,3.224094561284089,1.4274549798354084,0.24875428713882305,0.1410753938526625,0.0,0
44102,26,1,1.9020770026009768,2.567923739175872,0.6658467365748952,0.17393894150526992,0.0,0.06484974270063329,1
44102,26,2,1.9020770026009768,2.5049089982309405,0.6028319956299637,0.21612244672628958,0.04218350522101966,0.0,0
44102,26,3,1.9020770026009768,2.9634655474089993,1.0613885448080225,0.22998445287631228,0.056045511371042356,0.0,0
44102,27,1,1.8019871362012272,2.4627061026793635,0.6607189664781363,0.08815892322088584,0.0,0.0648497427006333,1
44102,27,2,1.8019871362012272,2.363634770995195,0.5616476347939678,0.15710560410757846,0.06894668088669262,0.0,0
44102,27,3,1.8019871362012272,3.2522748698565342,1.450287733655307,0.23305872048557386,0.14489979726468802,0.0,0
44102,28,1,2.5360896526764605,3.244248420733321,0.7081587680568604,0.15322676441274313,0.04841461343999684,0.06484974270063329,1
44102,28,2,2.5360896526764605,2.8402754600591797,0.3041858073827193,0.10481215097274629,0.0,0.0,0
44102,28,3,2.5360896526764605,2.9324231295511303,0.3963334768746698,0.11206224956412893,0.007250098591382634,0.0,0
44102,29,1,2.2305011659298297,2.5700533021427687,0.339552136212939,0.08498859579383676,0.0,0.13742619758434677,1
44102,29,2,2.2305011659298297,2.606756665482839,0.3762554995530092,0.11393292365826407,0.028944327864427313,0.08184285765922872,1
44102,29,3,2.2305011659298297,2.9300818390700174,0.6995806731401877,0.13297177887396786,0.047983183080131095,0.0,0
44102,30,1,2.5378236906347302,2.8680171060778736,0.3301934154431434,0.09824764068398441,0.0,0.18447051366789335,1
44102,30,2,2.5378236906347302,2.9045715253339113,0.36674783469918104,0.1567644062474672,0.0585167655634828,0.10262765600866465,1
44102,30,3,2.5378236906347302,3.172542334332509,0.634718643697779,0.21976516561028872,0.12151752492630431,0.0,0
44102,31,1,1.589411646182591,2.228121028201554,0.6387093820189633,0.16017807065701944,0.004954578686655248,0.0,0
44102,31,2,1.589411646182591,1.9802724040067319,0.390860757824141,0.1552234919703642,0.0,0.0,0
44102,31,3,1.589411646182591,1.9703352688505338,0.3809236226679429,0.17434828567348928,0.019124793703125087,0.0,0
44102,32,1,1.57744396321832,2.2709011666213916,0.6934572034030717,0.13309164995960984,0.0011057790299890125,0.0,0
44102,32,2,1.57744396321832,2.0340325896359035,0.4565886264175836,0.13198587092962083,0.0,0.0,0
44102,32,3,1.57744396321832,1.9939264237371,0.41648246051878,0.15580699148664137,0.023821120557020542,0.0,0
44102,33,1,2.360424395498132,3.3894626456010064,1.0290382501028743,0.1366422473845478,0.05583068456450843,0.0,0
44102,33,2,2.360424395498132,3.11660840673515,0.7561840112370177,0.08081156282003937,0.0,0.0,0
44102,33,3,2.360424395498132,3.2958515887022726,0.9354271932041405,0.08805635667088751,0.007244793850848141,0.0,0
44102,34,1,1.9657737383362766,2.648948090984161,0.6831743526478844,0.10721257939684747,0.0,0.0,0
44102,34,2,1.9657737383362766,2.3913578333846255,0.42558409504834893,0.11492760507155803,0.007715025674710552,0.0,0
44102,34,3,1.9657737383362766,2.26883981823192,0.30306607989564327,0.119480644148675,0.012268064751827526,0.0,0
44102,35,1,1.9023240865761935,2.5911995872242617,0.6888755006480682,0.11581974148260633,0.0,0.0,0
44102,35,2,1.9023240865761935,2.569504572983947,0.6671804864077537,0.1664041738083458,0.05058443232573946,0.0,0
44102,35,3,1.9023240865761935,2.7150559370340304,0.8127318504578369,0.21404970998587936,0.09822996850327302,0.0,0
44102,36,1,2.247660865020151,3.6382628614597934,1.3906019964396426,0.06981528161738626,0.001996585985518412,0.0,0
44102,36,2,2.247660865020151,3.151668292467792,0.9040074274476413,0.06781869563186785,0.0,0.0,0
44102,36,3,2.247660865020151,3.597797066349506,1.350136201329355,0.06984977844576971,0.002031082813901866,0.0,0
44102,37,1,1.0704106465374206,1.274343896902292,0.20393325036487142,0.12641412295040202,0.006049469026905743,0.0,0
44102,37,2,1.0704106465374206,1.5687643956442119,0.4983537491067913,0.12295625136262733,0.002591597439131052,0.0,0
44102,37,3,1.0704106465374206,1.6379494640571484,0.5675388175197278,0.12036465392349628,0.0,0.0,0
44102,38,1,1.4718753740363566,2.7504903134546907,1.2786149394183342,0.22211377756838757,0.0797280538799251,0.0,0
44102,38,2,1.4718753740363566,2.0127791302600255,0.5409037562236689,0.14238572368846247,0.0,0.0,0
44102,38,3,1.4718753740363566,2.051077081264351,0.5792017072279945,0.15124238724368677,0.008856663555224298,0.0,0
44102,39,1,2.5208053771054653,3.131215969277224,0.6104105921717586,0.06998911536061476,0.0,0.0,0
44102,39,2,2.5208053771054653,3.1779749954900645,0.6571696183845992,0.07162349010993187,0.0016343747493171024,0.0,0
44102,39,3,2.5208053771054653,3.6512979028004238,1.1304925256949585,0.07309460167740581,0.0031054863167910424,0.0,0
44102,40,1,4.884395418123164,5.63773606759828,0.753340649475116,0.15706886055862462,0.012733185071351572,0.0,0
44102,40,2,4.884395418123164,5.05079398319805,0.1663985650748856,0.14520538719314663,0.000869711705873577,0.0,0
44102,40,3,4.884395418123164,5.8054671936502285,0.9210717755270643,0.14433567548727305,0.0,0.0,0
44102,41,1,4.5331045854064005,5.326532660068965,0.7934280746625646,0.1458495345585553,0.009963773189346187,0.0,0
44102,41,2,4.5331045854064005,4.832804138124244,0.29969955271784343,0.14393163016865135,0.008045868799442246,0.0,0
44102,41,3,4.5331045854064005,5.543750077971316,1.0106454925649153,0.1358857613692091,0.0,0.0,0
44102,42,1,4.500581262491204,4.800957732104065,0.3003764696128606,0.10279007694658295,0.0,0.0,0
44102,42,2,4.500581262491204,4.913038115683643,0.4124568531924391,0.11240192674687449,0.009611849800291547,0.0,0
44102,42,3,4.500581262491204,4.899955495958941,0.3993742334677366,0.15105991952202324,0.0482698425754403,0.0,0
44102,43,1,1.809086869168056,2.312016773928091,0.5029299047600349,0.11074317541459902,0.0,0.10630875979662169,1
44102,43,2,1.809086869168056,2.1570413168833618,0.3479544477153058,0.11900734495110628,0.008264169536507257,0.0,0
44102,43,3,1.809086869168056,2.1257465955994155,0.31665972643135953,0.13766995523199682,0.0269267798173978,0.0,0
44102,44,1,2.177570309936418,2.9793374265252055,0.8017671165887874,0.14205730339385345,0.0,0.10630875979662169,1
44102,44,2,2.177570309936418,2.793501252209788,0.6159309422733701,0.20715521562730493,0.06509791223345149,0.0,0
44102,44,3,2.177570309936418,3.4947297095409793,1.3171593996045612,0.27061838242606223,0.12856107903220879,0.0,0
44102,45,1,2.6660240876112837,3.5801117386142054,0.9140876510029217,0.09223558625570148,0.008538454198291995,0.10630875979662169,1
44102,45,2,2.6660240876112837,3.20133603097443,0.5353119433631464,0.08369713205740949,0.0,0.0,0
44102,45,3,2.6660240876112837,3.7067575945809184,1.0407335069696346,0.09276493976292279,0.009067807705513298,0.0,0
44102,46,1,1.7124113223881021,2.2464173210571587,0.5340059986690566,0.10214193663830555,0.0,0.0,0
44102,46,2,1.7124113223881021,2.0771792419490867,0.36476791956098453,0.10890892595623623,0.006766989317930683,0.0,0
44102,46,3,1.7124113223881021,2.0657680960172717,0.3533567736291696,0.11803647161185636,0.01589453497355081,0.0,0
44102,47,1,2.0441314387614087,2.4631440787855285,0.41901264002411986,0.09721603944474717,0.0,0.0,0
44102,47,2,2.0441314387614087,2.319340402773194,0.2752089640117852,0.10220634246345088,0.004990303018703707,0.0,0
44102,47,3,2.0441314387614087,2.6172988854347445,0.5731674466733359,0.11467113746635132,0.01745509802160415,0.0,0
44102,48,1,3.2010774062773906,3.708430226953147,0.5073528206757563,0.13227661366310833,0.029088578426190836,0.0,0
44102,48,2,3.2010774062773906,3.554629331870985,0.3535519255935946,0.1031880352369175,0.0,0.0,0
44102,48,3,3.2010774062773906,3.8183686102263565,0.617291203948966,0.1368171525421367,0.0336291173052192,0.0,0
44102,49,1,2.9231081750140473,3.546774841242244,0.6236666662281967,0.07860678782518492,0.0,0.0,0
44102,49,2,2.9231081750140473,3.384667259216877,0.4615590842028299,0.09370683268339211,0.015100044858207193,0.019439207108401746,1
44102,49,3,2.9231081750140473,3.737360447878865,0.8142522728648176,0.11315650102718479,0.03454971320199987,0.03770845753424534,1
44102,50,1,3.252461691899036,4.300549243904483,1.0480875520054465,0.08833392303886155,0.0,0.0,0
44102,50,2,3.252461691899036,3.7956021365737653,0.5431404446747292,0.12255111838457991,0.03421719534571836,0.018269250425843597,1
44102,50,3,3.252461691899036,4.210150850327861,0.957689158428825,0.15504399658230905,0.0667100735434475,0.035668631218992664,1
44102,51,1,13.32407672943297,13.388637493002005,0.06456076356903395,0.10455430290560162,0.0,0.0,0
44102,51,2,13.32407672943297,13.37295301393458,0.048876284501609746,0.12639434247233458,0.021840039566732958,0.026951942671772228,1
44102,51,3,13.32407672943297,13.501768383150054,0.1776916537170834,0.13128351096261973,0.026729208057018103,0.026951942671772228,1
44102,52,1,18.008343572809782,18.03830174976924,0.02995817695945746,0.08456605173980881,0.0,0.0,0
44102,52,2,18.008343572809782,18.06049930005438,0.0521557272445996,0.11958439749841616,0.03501834575860735,0.026951942671772217,1
44102,52,3,18.008343572809782,18.150661999761248,0.14231842695146568,0.12194259539861829,0.03737654365880948,0.026951942671772217,1
44102,53,1,17.444529261194866,17.488534784012977,0.044005522818110876,0.040965787939432646,0.0,0.0,0
44102,53,2,17.444529261194866,17.48849041338344,0.04396115218857233,0.08149024864750344,0.040524460708070795,0.006512851611683301,1
44102,53,3,17.444529261194866,17.52501906133201,0.08048980013714413,0.11797386531297076,0.07700807737353811,0.00919889163536737,1
44102,54,1,13.721144730976004,13.765014588334711,0.04386985735870752,0.04198137034319985,0.0,0.0,0
44102,54,2,13.721144730976004,13.770113311869357,0.04896858089335332,0.08037358684509313,0.038392216501893284,0.0026860400236840623,0
44102,54,3,13.721144730976004,13.82451252017041,0.10336778919440626,0.11304943468195405,0.0710680643387542,0.0026860400236840623,0
44102,55,1,16.194579791000443,16.245739152893538,0.05115936189309522,0.0920936000701524,0.0,0.0,0
44102,55,2,16.194579791000443,16.236433334650933,0.041853543650489655,0.11590168812371113,0.023808088053558732,0.04425399165529213,1
44102,55,3,16.194579791000443,16.35286936583143,0.15828957483098804,0.12841623811058256,0.036322638040430164,0.03373038535485458,1
44102,56,1,14.792733022236586,14.84271137871689,0.04997835648030424,0.07613141114324606,0.0,0.010523606300437562,1
44102,56,2,14.792733022236586,14.85056845926212,0.05783543702553473,0.0965676401318263,0.020436228988580232,0.0,0
44102,56,3,14.792733022236586,14.949301676276708,0.15656865404012166,0.11811072446498545,0.04197931332173939,0.0,0
44102,57,1,23.082571873125477,23.138340344422357,0.05576847129687934,0.09990935846763015,0.0,0.0,0
44102,57,2,23.082571873125477,23.183785910386334,0.10121403726085632,0.12882344509623941,0.028914086628609267,0.057325759680123725,1
44102,57,3,23.082571873125477,23.29024710590469,0.20767523277921285,0.12485834153248716,0.024948983064857017,0.057325759680123725,1
44102,58,1,12.910294428142569,12.965498895628945,0.05520446748637653,0.056218152214095866,0.0,0.015089334833275563,1
44102,58,2,12.910294428142569,12.971358356203643,0.06106392806107408,0.09221213211374077,0.0359939798996449,0.0,0
44102,58,3,12.910294428142569,13.031993947897126,0.12169951975455717,0.12046552378612736,0.0642473715720315,0.0,0
44103,0,1,1.7524576080736183,3.8821714665382268,2.1297138584646085,0.2827097340444928,0.010233107185837753,0.0,0
44103,0,2,1.7524576080736183,3.447782147973669,1.6953245399000507,0.27247662685865504,0.0,0.0,0
44103,0,3,1.7524576080736183,3.592078834845247,1.8396212267716288,0.30221936378357145,0.029742736924916413,0.0,0
44103,1,1,2.522688016285907,2.674840752770492,0.15215273648458494,0.12776496604744522,0.0,0.0,0
44103,1,2,2.522688016285907,2.7900633209093635,0.2673753046234566,0.17424276073015338,0.04647779468270816,0.0,0
44103,1,3,2.522688016285907,2.7446845348212805,0.2219965185353736,0.18377178761227778,0.056006821564832554,0.0,0
44103,2,1,1.8511828708616433,2.17708467925146,0.32590180838981686,0.16007552708585757,0.0,0.0,0
44103,2,2,1.8511828708616433,2.223596626869921,0.37241375600827764,0.19639613608106438,0.03632060899520681,0.0,0
44103,2,3,1.8511828708616433,2.423803534150672,0.5726206632890287,0.2426907472535792,0.08261522016772163,0.0,0
44103,3,1,1.1677329647529766,1.8576182068201643,0.6898852420671877,0.2005648000723707,0.039116118628021807,0.09157732648995356,1
44103,3,2,1.1677329647529766,1.7263754837047398,0.5586425189517632,0.16427564182034649,0.0028269603759975837,0.0,0
44103,3,3,1.1677329647529766,1.5151489864130583,0.3474160216600817,0.1614486814443489,0.0,0.0,0
44103,4,1,1.3023483523954378,1.6079530998797176,0.3056047474842798,0.11359633335503082,0.0,0.09157732648995356,1
44103,4,2,1.3023483523954378,1.789776161594468,0.4874278091990303,0.1554620920775528,0.041865758722521976,0.0,0
44103,4,3,1.3023483523954378,1.9772590563974508,0.674910704002013,0.15650825018358724,0.042911916828556426,0.0,0
44103,5,1,2.3771034034930385,2.9617978221201953,0.5846944186271568,0.11781508757838656,0.03924367815259072,0.09157732648995355,1
44103,5,2,2.3771034034930385,2.7311500296914195,0.354046626198381,0.07857140942579584,0.0,0.0,0
44103,5,3,2.3771034034930385,3.0954458341513975,0.718342430658359,0.08526744092508431,0.006696031499288477,0.0,0
44103,6,1,2.4555408735256803,3.2669059020786735,0.8113650285529932,0.19362225816375997,0.007433399558910869,0.007023608574099671,1
44103,6,2,2.4555408735256803,3.1960203400007208,0.7404794664750405,0.1861888586048491,0.0,0.0,0
44103,6,3,2.4555408735256803,3.195524472871065,0.7399835993453845,0.18889370306626557,0.0027048444614164724,0.0,0
44103,7,1,3.144610040025797,3.265918225098244,0.12130818507244712,0.08765348936491205,0.0,0.0070236085740996435,1
44103,7,2,3.144610040025797,3.3648275049602163,0.2202174649344193,0.12121773651744029,0.033564247152528245,0.0,0
44103,7,3,3.144610040025797,3.3392443308443425,0.19463429081854544,0.14964226586099233,0.06198877649608028,0.0,0
44103,8,1,2.368636109116617,3.269918214100496,0.9012821049838791,0.14530704941054035,0.0,0.0070236085740996435,1
44103,8,2,2.368636109116617,3.159043667482264,0.7904075583656471,0.15993019741042508,0.014623147999884734,0.0,0
44103,8,3,2.368636109116617,3.2257574754914238,0.8571213663748067,0.18728741239516125,0.041980362984620906,0.0,0
44103,9,1,2.8020211507483954,3.027316238850659,0.22529508810226373,0.12806080152013044,0.0,0.09012711514696652,1
44103,9,2,2.8020211507483954,3.1415657910385804,0.33954464029018494,0.13725145168801248,0.009190650167882036,0.0,0
44103,9,3,2.8020211507483954,3.1963718670258876,0.3943507162774922,0.1389929086688978,0.010932107148767356,0.0,0
44103,10,1,2.3730850145602225,2.8429260972862784,0.46984108272605596,0.17078720693977645,0.0,0.09012711514696653,1
44103,10,2,2.3730850145602225,2.673575015787654,0.3004900012274314,0.17517426442069076,0.004387057480914308,0.0,0
44103,10,3,2.3730850145602225,2.9659962276858334,0.5929112131256109,0.18075943763662783,0.00997223069685138,0.0,0
44103,11,1,2.99792721487709,3.6230111742243176,0.6250839593472275,0.08348237237015844,0.0,0.09012711514696652,1
44103,11,2,2.99792721487709,3.800147116192703,0.8022199013156128,0.10478222289045741,0.021299850520298966,0.0,0
44103,11,3,2.99792721487709,3.969586373689777,0.9716591588126868,0.11657846911540683,0.03309609674524838,0.0,0
44103,12,1,2.540607782676348,2.944852659916706,0.4042448772403584,0.16664175246744659,0.0,0.1653983188138807,1
44103,12,2,2.540607782676348,2.953847297424315,0.4132395147479673,0.17295631103735834,0.006314558569911755,0.08686655768313192,1
44103,12,3,2.540607782676348,2.984524639995437,0.44391685731908925,0.18454921869326146,0.017907466225814878,0.0,0
44103,13,1,3.5777438839223463,4.250335342589412,0.6725914586670654,0.06881625062197293,0.0,0.16539831881388065,1
44103,13,2,3.5777438839223463,4.2158150768027305,0.6380711928803842,0.13103142462084702,0.06221517399887409,0.08686655768313195,1
44103,13,3,3.5777438839223463,4.1442582113576165,0.5665143274352702,0.16804625853866417,0.09923000791669125,0.0,0
44103,14,1,2.9507356913751126,3.1002330783506418,0.14949738697552917,0.11480220926520752,0.0,0.0,0
44103,14,2,2.9507356913751126,3.3659988886397345,0.4152631972646219,0.14584029599358386,0.031038086728376338,0.0,0
44103,14,3,2.9507356913751126,3.5272303331657584,0.5764946417906458,0.14411488288342003,0.029312673618212506,0.0,0
44103,15,1,1.4140500445342812,1.8707599986855095,0.4567099541512283,0.17913097892254287,0.0,0.09834133468960099,1
44103,15,2,1.4140500445342812,2.01750330035701,0.6034532558227288,0.18179929023261227,0.0026683113100693934,0.0,0
44103,15,3,1.4140500445342812,2.0310544892274405,0.6170044446931593,0.18093175193860256,0.0018007730160596869,0.0,0
44103,16,1,1.842837330309008,2.3148963678213645,0.47205903751235656,0.14777772613062348,0.0,0.09834133468960099,1
44103,16,2,1.842837330309008,2.3475992590296,0.5047619287205922,0.21644099052682883,0.06866326439620535,0.0,0
44103,16,3,1.842837330309008,2.7426810754485444,0.8998437451395365,0.2696430335657033,0.12186530743507981,0.0,0
44103,17,1,2.3480357091795137,3.707296278669806,1.3592605694902922,0.147291363379199,0.04793851739611543,0.09834133468960099,1
44103,17,2,2.3480357091795137,2.809671683889065,0.46163597470955153,0.09987732079296777,0.0005244748098842122,0.0,0
44103,17,3,2.3480357091795137,3.911115020354508,1.5630793111749943,0.09935284598308355,0.0,0.0,0
44103,18,1,2.307722538973667,2.49260218337995,0.18487964440628302,0.1265815610578596,0.0,0.0,0
44103,18,2,2.307722538973667,2.9267769117775613,0.6190543728038942,0.1471020270557281,0.020520465997868526,0.0,0
44103,18,3,2.307722538973667,2.9706539509613217,0.6629314119876546,0.14357323271657105,0.01699167165871146,0.0,0
44103,19,1,3.9996850293426673,4.168619729271863,0.16893469992919563,0.1304420622545846,0.0,0.0,0
44103,19,2,3.9996850293426673,4.2499591291975305,0.25027409985486315,0.13705650644458214,0.006614444189997543,0.0,0
44103,19,3,3.9996850293426673,4.270059029523199,0.2703740001805315,0.13865663554888596,0.008214573294301364,0.0,0
44103,20,1,3.379416833398461,4.741350773001612,1.361933939603151,0.19414800600089543,0.04478422248160452,0.0,0
44103,20,2,3.379416833398461,4.051314958355029,0.6718981249565679,0.14936378351929092,0.0,0.0,0
44103,20,3,3.379416833398461,4.413711070825867,1.0342942374274062,0.1498229533745719,0.0004591698552809942,0.0,0
44103,21,1,3.3555757608882346,3.614161121684796,0.2585853607965616,0.10067935041692481,0.0,0.0,0
44103,21,2,3.3555757608882346,3.5559980056941214,0.20042224480588677,0.16255971449563855,0.06188036407871374,0.0,0
44103,21,3,3.3555757608882346,3.966959052127456,0.6113832912392212,0.2098250264540234,0.10914567603709859,0.0,0
44103,22,1,2.5197607037158383,2.5800200844091217,0.060259380693283404,0.13519671500921382,0.0,0.0,0
44103,22,2,2.5197607037158383,2.636640689874638,0.11687998615879991,0.16062857286089896,0.02543185785168514,0.0,0
44103,22,3,2.5197607037158383,2.637809681817855,0.11804897810201664,0.1658665552807969,0.030669840271583093,0.0,0
44103,23,1,1.8455824545174373,3.1106438633748663,1.265061408857429,0.19783286209204473,0.013705196670252107,0.0,0
44103,23,2,1.8455824545174373,2.6062171683133584,0.7606347137959211,0.18412766542179262,0.0,0.0,0
44103,23,3,1.8455824545174373,2.237332623618825,0.3917501691013876,0.19814823745423873,0.01402057203244611,0.0,0
44103,24,1,1.8031085635942705,2.6258746674046707,0.8227661038104002,0.1041101876852411,0.0,0.0,0
44103,24,2,1.8031085635942705,2.56356580651507,0.7604572429207994,0.19779162106620432,0.09368143338096321,0.0,0
44103,24,3,1.8031085635942705,3.2988041692306007,1.4956956056363302,0.2562259861423121,0.15211579845707102,0.0,0
44103,25,1,1.9084970907779677,2.550426841567627,0.6419297507896593,0.1749217093378256,0.0,0.06533641137985421,1
44103,25,2,1.9084970907779677,2.4592035925633517,0.550706501785384,0.22512769700701146,0.05020598766918585,0.0,0
44103,25,3,1.9084970907779677,2.955898159534563,1.047401068756595,0.24214174717428397,0.06722003783645836,0.0,0
44103,26,1,2.004969398024894,2.95821999471816,0.9532505966932661,0.09464988561355013,0.0,0.0653364113798542,1
44103,26,2,2.004969398024894,2.8291419903714123,0.8241725923465184,0.191578937095065,0.09692905148151486,0.0,0
44103,26,3,2.004969398024894,3.910259373172289,1.905289975147395,0.25776055275620446,0.16311066714265432,0.0,0
44103,27,1,2.169334154972765,2.9648176905193964,0.7954835355466314,0.14009056503916678,0.03437384700626492,0.06533641137985421,1
44103,27,2,2.169334154972765,2.7321565583321545,0.5628224033593896,0.10571671803290186,0.0,0.0,0
44103,27,3,2.169334154972765,3.0103334679403275,0.8409993129675626,0.12434568265071547,0.018628964617813604,0.0,0
44103,28,1,2.372021802105854,2.567759832820438,0.19573803071458418,0.10029253247906562,0.0,0.13958179437568374,1
44103,28,2,2.372021802105854,2.6851205902412247,0.31309878813537084,0.14332380097736125,0.043031268498295625,0.08280106870419124,1
44103,28,3,2.372021802105854,2.861455388478267,0.4894335863724133,0.16511301560857616,0.06482048312951054,0.0,0
44103,29,1,2.298495239737556,2.881616672921557,0.5831214331840009,0.09656448036808644,0.0,0.18577462756136848,1
44103,29,2,2.298495239737556,2.9952503831769546,0.6967551434393986,0.1644793294325916,0.06791484906450516,0.10297355885717716,1
44103,29,3,2.298495239737556,3.094879913263456,0.7963846735259001,0.21354334139097625,0.1169788610228898,0.0,0
44103,30,1,1.7349014233500533,2.015818387385697,0.2809169640356439,0.16459541177627185,0.0,0.0,0
44103,30,2,1.7349014233500533,2.041804678821876,0.30690325547182273,0.1736630647544823,0.009067652978210439,0.0,0
44103,30,3,1.7349014233500533,2.111736047066956,0.3768346237169029,0.19398937696647633,0.029393965190204485,0.0,0
44103,31,1,1.6075958762375115,2.009408090317643,0.40181221408013124,0.12936003626828751,0.0,0.0,0
44103,31,2,1.6075958762375115,1.9501392953209549,0.3425434190834433,0.1545408029313161,0.025180766663028598,0.0,0
44103,31,3,1.6075958762375115,2.1041985268924277,0.49660265065491616,0.17676618668712568,0.04740615041883817,0.0,0
44103,32,1,2.089687360847301,3.28214681761254,1.192459456765239,0.1195691873165217,0.03639849158245238,0.0,0
44103,32,2,2.089687360847301,3.1652000751102816,1.0755127142629806,0.08317069573406932,0.0,0.0,0
44103,32,3,2.089687360847301,3.419922393234777,1.3302350323874759,0.09887933619647275,0.01570864046240343,0.0,0
44103,33,1,1.9654423413298652,2.000552501307966,0.03511015997810096,0.12332866759484036,0.0,0.0,0
44103,33,2,1.9654423413298652,2.1798504730082406,0.21440813167837547,0.14331000740592226,0.019981339811081897,0.0,0
44103,33,3,1.9654423413298652,2.1949519605435706,0.22950961921370538,0.15321238131589127,0.029883713721050906,0.0,0
44103,34,1,1.7723349691871004,2.491666428621603,0.7193314594345026,0.1186880602243226,0.0,0.0,0
44103,34,2,1.7723349691871004,2.653796469820135,0.8814615006330346,0.18266521586484896,0.06397715564052636,0.0,0
44103,34,3,1.7723349691871004,2.8177761016454665,1.0454411324583661,0.21495496829780136,0.09626690807347876,0.0,0
44103,35,1,2.2992931839396187,3.3047712725726903,1.0054780886330716,0.06912495799038376,0.0003196127949640637,0.0,0
44103,35,2,2.2992931839396187,3.2989558352464243,0.9996626513068056,0.0688053451954197,0.0,0.0,0
44103,35,3,2.2992931839396187,3.698473111358382,1.3991799274187633,0.07282528707426002,0.004019941878840319,0.0,0
44103,36,1,0.9294143289175594,1.2070535137439256,0.2776391848263662,0.13729399732521497,0.0,0.0,0
44103,36,2,0.9294143289175594,1.3409078847699631,0.41149355585240377,0.14114932051519835,0.003855323189983384,0.0,0
44103,36,3,0.9294143289175594,1.4660373326898637,0.5366230037723043,0.1416727695647814,0.004378772239566425,0.0,0
44103,37,1,1.3825336990180006,2.544984585023556,1.1624508860055556,0.2373829215893214,0.07147596158008154,0.0,0
44103,37,2,1.3825336990180006,2.189106061525753,0.8065723625077525,0.16590696000923985,0.0,0.0,0
44103,37,3,1.3825336990180006,1.9746663780634086,0.592132679045408,0.17729684695165004,0.011389886942410193,0.0,0
44103,38,1,2.6076177375773835,3.5388955925371683,0.9312778549597849,0.07187064229056395,0.0015729668031622956,0.0,0
44103,38,2,2.6076177375773835,3.627380343920314,1.0197626063429306,0.07029767548740165,0.0,0.0,0
44103,38,3,2.6076177375773835,3.8962691065145334,1.28865136893715,0.07599173409803996,0.005694058610638306,0.0,0
44103,39,1,4.859551412940156,5.7646041071294025,0.9050526941892469,0.16579811948854198,0.01847567345726206,0.0,0
44103,39,2,4.859551412940156,5.2359088254034,0.3763574124632445,0.14807193009198868,0.000749484060708766,0.0,0
44103,39,3,4.859551412940156,5.811138196272303,0.9515867833321474,0.14732244603127992,0.0,0.0,0
44103,40,1,4.494997351157559,5.1970352519990985,0.7020379008415398,0.1444629217194512,0.0024421675282355615,0.0,0
44103,40,2,4.494997351157559,4.978984562370974,0.4839872112134156,0.14202075419121563,0.0,0.0,0
44103,40,3,4.494997351157559,4.832021703883557,0.3370243527259982,0.14455629863243508,0.0025355444412194506,0.0,0
44103,41,1,4.367204442803228,4.681435046756176,0.31423060395294833,0.09410942521140939,0.0,0.0,0
44103,41,2,4.367204442803228,4.759343507161859,0.39213906435863066,0.12258118549662964,0.02847176028522025,0.0,0
44103,41,3,4.367204442803228,4.661753549582906,0.2945491067796784,0.14133662125267094,0.04722719604126155,0.0,0
44103,42,1,1.8674993672201428,2.1828327712985756,0.3153334040784328,0.11631551121057594,0.0,0.10683511823326797,1
44103,42,2,1.8674993672201428,2.174688006100383,0.3071886388802403,0.16282286457188486,0.046507353361308915,0.0,0
44103,42,3,1.8674993672201428,2.2341768164826923,0.3666774492625495,0.17368362555371153,0.05736811434313559,0.0,0
44103,43,1,2.1809990119463682,2.8849550362937197,0.7039560243473515,0.1416128992625203,0.0,0.10683511823326798,1
44103,43,2,2.1809990119463682,2.9821660327268407,0.8011670207804724,0.23360570809819917,0.09199280883567887,0.0,0
44103,43,3,2.1809990119463682,3.6203422202161817,1.4393432082698134,0.28897695104655474,0.14736405178403444,0.0,0
44103,44,1,2.450143010997708,3.3561055490938685,0.9059625380961607,0.08714406340282084,0.0,0.10683511823326797,1
44103,44,2,2.450143010997708,3.2147673988828593,0.7646243878851515,0.08944883273718593,0.0023047693343650894,0.0,0
44103,44,3,2.450143010997708,3.5775185546745405,1.1273755436768327,0.0986866229699299,0.011542559567109062,0.0,0
44103,45,1,1.5983554844224501,1.6373812470383071,0.039025762615856996,0.12901973557551794,0.0,0.0,0
44103,45,2,1.5983554844224501,1.9864541726998368,0.3880986882773867,0.13666085411604098,0.007641118540523045,0.0,0
44103,45,3,1.5983554844224501,1.8330396521514107,0.2346841677289606,0.14567057529541644,0.016650839719898503,0.0,0
44103,46,1,1.6199034520299107,1.8523789368404882,0.23247548481057745,0.10982036426180114,0.0,0.0,0
44103,46,2,1.6199034520299107,2.2240213068442403,0.6041178548143296,0.12078797224791119,0.010967607986110045,0.0,0
44103,46,3,1.6199034520299107,2.1346701783133812,0.5147667262834705,0.13215077890612534,0.022330414644324198,0.0,0
44103,47,1,3.1128062291904017,3.7139604727248665,0.6011542435344648,0.12452581415878612,0.03077490251734548,0.0,0
44103,47,2,3.1128062291904017,3.498910073248516,0.3861038440581144,0.09375091164144064,0.0,0.0,0
44103,47,3,3.1128062291904017,3.752604867922426,0.6397986387320245,0.13997651546619325,0.046225603824752604,0.0,0
44103,48,1,2.254966800691556,2.4003935660377937,0.14542676534623755,0.11296192741838068,0.0,0.09821873427031985,1
44103,48,2,2.254966800691556,2.4680417826346543,0.21307498194309815,0.14307923792933935,0.030117310510958673,0.0,0
44103,48,3,2.254966800691556,2.4876792673082626,0.23271246661670641,0.15411968246239147,0.041157755044010785,0.0,0
44103,49,1,2.6247213393918303,3.0371854559240257,0.4124641165321954,0.08740868889020874,0.0,0.09821873427031988,1
44103,49,2,2.6247213393918303,3.134621017248757,0.5098996778569269,0.1420683559529321,0.05465966706272336,0.0,0
44103,49,3,2.6247213393918303,3.380891950379934,0.7561706109881037,0.21093595078622862,0.12352726189601988,0.0,0
44103,50,1,3.4099359917899967,4.519938143756775,1.1100021519667784,0.04642516116836845,0.0,0.09821873427031988,1
44103,50,2,3.4099359917899967,4.8362806692261975,1.4263446774362007,0.07597243958696509,0.02954727841859664,0.0,0
44103,50,3,3.4099359917899967,4.550852442087041,1.140916450297044,0.07465846402807284,0.028233302859704393,0.0,0
44103,51,1,13.521552460754156,13.571714234115452,0.050161773361296014,0.10339829588543657,0.0,0.0,0
44103,51,2,13.521552460754156,13.568774268798942,0.04722180804478526,0.13765021604193867,0.034251920156502094,0.026773867889194877,1
44103,51,3,13.521552460754156,13.630856545772582,0.10930408501842592,0.14242525452563334,0.03902695864019677,0.026773867889194877,1
44103,52,1,18.211833124161544,18.23330427431373,0.02147115015218759,0.09260997109727448,0.0,0.0,0
44103,52,2,18.211833124161544,18.23894629509912,0.02711317093757515,0.14035288278381483,0.04774291168654035,0.026773867889194874,1
44103,52,3,18.211833124161544,18.294567522256983,0.08273439809543959,0.14851523973705505,0.05590526863978057,0.026773867889194874,1
44103,53,1,17.63222842839378,17.68371532891437,0.05148690052059024,0.04311062359942584,0.0,0.0,0
44103,53,2,17.63222842839378,17.704138216550806,0.07190978815702564,0.09343170425638088,0.050321080656955036,0.006541927898516792,1
44103,53,3,17.63222842839378,17.713881955690134,0.08165352729635345,0.12084552689098287,0.07773490329155702,0.00896879194007523,1
44103,54,1,13.891223450746361,13.933487956853071,0.04226450610670973,0.05336001238683397,0.0,0.0,0
44103,54,2,13.891223450746361,13.958403198160749,0.06717974741438759,0.10556964673627472,0.05220963434944075,0.002426864041558445,0
44103,54,3,13.891223450746361,13.993345691282219,0.1021222405358575,0.12268141679313238,0.06932140440629841,0.002426864041558445,0
44103,55,1,16.393059136435927,16.434916287618034,0.04185715118210709,0.09039082238671427,0.0,0.0,0
44103,55,2,16.393059136435927,16.460679631023574,0.06762049458764707,0.12340533777733582,0.03301451539062156,0.04413195416178481,1
44103,55,3,16.393059136435927,16.504226254680308,0.11116711824438141,0.1392820906705613,0.04889126828384703,0.03351716366058241,1
44103,56,1,14.96760364692796,15.020047642296765,0.05244399536880451,0.07855341201166396,0.0,0.010614790501202391,1
44103,56,2,14.96760364692796,15.104874288088364,0.13727064116040388,0.10109222620826655,0.022538814196602586,0.0,0
44103,56,3,14.96760364692796,15.089167295370782,0.1215636484428213,0.12993414774974238,0.051380735738078415,0.0,0
44103,57,1,23.1604731995891,23.225584002354665,0.06511080276556669,0.10635556185842988,0.0,0.0,0
44103,57,2,23.1604731995891,23.246517968746094,0.08604476915699522,0.12993171114752564,0.023576149289095752,0.056908155318890305,1
44103,57,3,23.1604731995891,23.316360901688004,0.15588770209890512,0.13291873033158721,0.02656316847315733,0.056908155318890305,1
44103,58,1,13.089982075233559,13.172900419544584,0.0829183443110253,0.056216668151485315,0.0,0.015069893428501714,1
44103,58,2,13.089982075233559,13.233983526417779,0.14400145118422003,0.0892089933022564,0.032992325150771086,0.0,0
44103,58,3,13.089982075233559,13.254260165672786,0.16427809043922714,0.11280889718265863,0.056592229031173315,0.0,0
44104,0,1,1.7493512104083913,2.65727630433969,0.9079250939312986,0.19571625898449846,0.04824178933269643,0.09127259936345747,1
44104,0,2,1.7493512104083913,2.067010329824535,0.3176591194161438,0.1475786421959466,0.00010417254414457622,0.0,0
44104,0,3,1.7493512104083913,2.2777185715403307,0.5283673611319395,0.14747446965180203,0.0,0.0,0
44104,1,1,1.30292092698362,1.6705755498447232,0.3676546228611033,0.11266766323057441,0.0,0.09127259936345747,1
44104,1,2,1.30292092698362,1.6924187295493123,0.38949780256569233,0.13863146368469997,0.025963800454125566,0.0,0
44104,1,3,1.30292092698362,1.794618432508667,0.491697505525047,0.15329610746014682,0.040628444229572416,0.0,0
44104,2,1,2.5411648273663276,3.078492318074029,0.5373274907077015,0.11916808545405447,0.03995140064025125,0.09127259936345748,1
44104,2,2,2.5411648273663276,2.7390248310274865,0.19786000366115886,0.07921668481380321,0.0,0.0,0
44104,2,3,2.5411648273663276,2.9808467338998397,0.439681906533512,0.0870682678090635,0.007851582995260287,0.0,0
44104,3,1,2.417638077783547,3.306411807177058,0.888773729393511,0.21142291910440664,0.021140844059011954,0.00732265943380489,1
44104,3,2,2.417638077783547,3.0526973872645966,0.6350593094810497,0.19028207504539468,0.0,0.0,0
44104,3,3,2.417638077783547,3.257586825609245,0.839948747825698,0.19704972111894878,0.0067676460735540955,0.0,0
44104,4,1,3.0386892182696745,3.2601378968428607,0.22144867857318618,0.10053205464720275,0.0,0.00732265943380489,1
44104,4,2,3.0386892182696745,3.3130522334824812,0.2743630152128067,0.11688481300111822,0.016352758353915475,0.0,0
44104,4,3,3.0386892182696745,3.2670201546839897,0.22833093641431512,0.14774777586262766,0.047215721215424916,0.0,0
44104,5,1,2.512443725192075,3.2311529681297713,0.7187092429376962,0.15359108596906454,0.0,0.00732265943380489,1
44104,5,2,2.512443725192075,3.1523427463128697,0.6398990211207947,0.17157620522773895,0.01798511925867441,0.0,0
44104,5,3,2.512443725192075,3.335468812679257,0.8230250874871818,0.20632679169736906,0.05273570572830452,0.0,0
44104,6,1,2.8148835052446324,3.0992330912516697,0.2843495860070373,0.11216403139687435,0.0,0.09025881086328343,1
44104,6,2,2.8148835052446324,3.7410006633836455,0.9261171581390131,0.12902791310342732,0.016863881706552966,0.0,0
44104,6,3,2.8148835052446324,3.5244857715711895,0.7096022663265571,0.12568423281055593,0.013520201413681585,0.0,0
44104,7,1,2.3684611701495015,3.279679502267895,0.9112183321183935,0.16745079650068123,0.00866493559921605,0.09025881086328344,1
44104,7,2,2.3684611701495015,2.8012308808474655,0.432769710697964,0.15878586090146518,0.0,0.0,0
44104,7,3,2.3684611701495015,2.7489408684716943,0.38047969832219275,0.1705359120035043,0.01175005110203911,0.0,0
44104,8,1,2.8745506995298356,3.6055504452278355,0.730999745698,0.07115153540787997,0.0,0.09025881086328344,1
44104,8,2,2.8745506995298356,3.7264211039921435,0.851870404462308,0.07708413635437635,0.0059326009464963775,0.0,0
44104,8,3,2.8745506995298356,4.065600464615704,1.1910497650858685,0.08497527484068722,0.01382373943280725,0.0,0
44104,9,1,2.398057499676054,2.6827982580380327,0.28474075836197876,0.16639692590737518,0.0,0.1643525478290192,1
44104,9,2,2.398057499676054,2.7081943303937894,0.31013683071773546,0.17744172915717354,0.011044803249798368,0.08582089219087996,1
44104,9,3,2.398057499676054,2.767794685797139,0.36973718612108497,0.1989629283167556,0.03256600240938043,0.0,0
44104,10,1,3.7140816246950172,4.332608232042653,0.6185266073476359,0.06171694289633429,0.0,0.1643525478290192,1
44104,10,2,3.7140816246950172,4.2889954247634,0.5749138000683831,0.11550474607451701,0.05378780317818272,0.08582089219087996,1
44104,10,3,3.7140816246950172,4.3727359984637095,0.6586543737686923,0.15544078255888594,0.09372383966255166,0.0,0
44104,11,1,3.034225242617343,3.2338760758051146,0.19965083318777177,0.10492683828899325,0.0,0.0,0
44104,11,2,3.034225242617343,3.5256854915230775,0.4914602489057347,0.13517536045424258,0.030248522165249328,0.0,0
44104,11,3,3.034225242617343,3.228371138466669,0.19414589584932607,0.14039681301834198,0.03546997472934872,0.0,0
44104,12,1,1.723723456878803,2.754002133716555,1.030278676837752,0.18616256228995215,0.007761520445418363,0.09814190412867373,1
44104,12,2,1.723723456878803,2.3176058337658243,0.5938823768870214,0.1784010418445338,0.0,0.0,0
44104,12,3,1.723723456878803,2.0293277029626666,0.3056042460838637,0.18955073163439204,0.011149689789858253,0.0,0
44104,13,1,1.9716508524213736,2.4267519708437186,0.455101118422345,0.1430813225873746,0.0,0.09814190412867374,1
44104,13,2,1.9716508524213736,2.4901243792574976,0.518473526836124,0.20019077711566668,0.05710945452829208,0.0,0
44104,13,3,1.9716508524213736,2.7356698787122133,0.7640190262908397,0.24573830507839767,0.10265698249102306,0.0,0
44104,14,1,2.248986399630694,3.476274741494651,1.2272883418639573,0.144346969976429,0.044080397872027596,0.09814190412867374,1
44104,14,2,2.248986399630694,2.541681489499557,0.29269508986886317,0.10026657210440142,0.0,0.0,0
44104,14,3,2.248986399630694,2.8950516584001424,0.6460652587694486,0.11618319547484308,0.015916623370441668,0.0,0
44104,15,1,2.2582261112949977,2.576334441771252,0.3181083304762544,0.12438132675990894,0.0,0.0,0
44104,15,2,2.2582261112949977,2.6916510184537965,0.4334249071587988,0.132140383259094,0.007759056499185055,0.0,0
44104,15,3,2.2582261112949977,2.5191585417000164,0.2609324304050187,0.13522791906137108,0.010846592301462135,0.0,0
44104,16,1,3.9658779597443727,4.213249708967803,0.2473717492234302,0.11828715412504874,0.0,0.0,0
44104,16,2,3.9658779597443727,4.371769887413061,0.4058919276686881,0.1286054603162136,0.010318306191164847,0.0,0
44104,16,3,3.9658779597443727,4.291840197315309,0.3259622375709359,0.1293288499408518,0.011041695815803068,0.0,0
44104,17,1,3.6048786022027373,4.555851414707104,0.9509728125043666,0.19386087290968135,0.056019949581381207,0.0,0
44104,17,2,3.6048786022027373,4.0091568772695885,0.4042782750668512,0.14014112498953935,0.002300201661239204,0.0,0
44104,17,3,3.6048786022027373,4.48622240453295,0.8813438023302127,0.13784092332830014,0.0,0.0,0
44104,18,1,3.38160595307287,3.813525804053131,0.4319198509802611,0.08713709091097417,0.0,0.0,0
44104,18,2,3.38160595307287,3.7637443217378377,0.38213836866496775,0.13200725932170604,0.04487016841073187,0.0,0
44104,18,3,3.38160595307287,4.132049583689069,0.750443630616199,0.16891356929325527,0.0817764783822811,0.0,0
44104,19,1,2.5712981546280367,2.8463813117249135,0.2750831570968768,0.12757518580999141,0.0,0.0,0
44104,19,2,2.5712981546280367,2.98971530173372,0.41841714710568345,0.12828798659075108,0.0007128007807596648,0.0,0
44104,19,3,2.5712981546280367,2.743119400406528,0.17182124577849134,0.13324692516498482,0.005671739354993405,0.0,0
44104,20,1,1.7921556735717221,2.787424030157159,0.995268356585437,0.19239192299092533,0.03235663576305656,0.0,0
44104,20,2,1.7921556735717221,2.4258124187434595,0.6336567451717374,0.16003528722786878,0.0,0.0,0
44104,20,3,1.7921556735717221,2.7442602125156035,0.9521045389438814,0.1645035018617836,0.004468214633914835,0.0,0
44104,21,1,2.058430111566788,2.946856797225879,0.8884266856590912,0.08843827420738869,0.0,0.0,0
44104,21,2,2.058430111566788,2.827918090072164,0.7694879785053761,0.1471882194999275,0.05874994529253881,0.0,0
44104,21,3,2.058430111566788,3.363750012975052,1.3053199014082644,0.19455840749811545,0.10612013329072677,0.0,0
44104,22,1,1.96470798641777,2.7387299107483614,0.7740219243305915,0.18365443507286855,0.0,0.06669511722904094,1
44104,22,2,1.96470798641777,2.5079737525948453,0.5432657661770754,0.20333682832140365,0.0196823932485351,0.0,0
44104,22,3,1.96470798641777,2.99249854628769,1.0277905598699202,0.21856110797788753,0.034906672905018976,0.0,0
44104,23,1,2.2973734451324144,2.9624227979274336,0.6650493527950192,0.08045401627562206,0.0,0.06669511722904092,1
44104,23,2,2.2973734451324144,2.900051070406316,0.6026776252739015,0.14672436810888181,0.06627035183325976,0.0,0
44104,23,3,2.2973734451324144,3.389411327538666,1.0920378824062515,0.19249068169823094,0.11203666542260889,0.0,0
44104,24,1,2.142817385504253,3.0617340073897306,0.9189166218854776,0.1366251113394094,0.03884856890006774,0.06669511722904092,1
44104,24,2,2.142817385504253,2.571082303627314,0.4282649181230611,0.09777654243934167,0.0,0.0,0
44104,24,3,2.142817385504253,2.8796783074506487,0.7368609219463957,0.11554449758593394,0.017767955146592268,0.0,0
44104,25,1,2.3566668804632367,2.5858432543329295,0.2291763738696928,0.10212327966603119,0.0,0.13929398928488235,1
44104,25,2,2.3566668804632367,2.623485182711271,0.2668183022480344,0.13396065649324082,0.031837376827209635,0.0829221840490103,1
44104,25,3,2.3566668804632367,2.7895428248868788,0.4328759444236421,0.17366673113033498,0.0715434514643038,0.0,0
44104,26,1,2.247648165959937,3.1956523833053616,0.9480042173454244,0.12216855693150101,0.0,0.18529520253586296,1
44104,26,2,2.247648165959937,3.2315546820227494,0.9839065160628122,0.17965110116202856,0.05748254423052755,0.10237301848685264,1
44104,26,3,2.247648165959937,3.506240540675017,1.2585923747150796,0.23088034940840915,0.10871179247690814,0.0,0
44104,27,1,1.651993705185852,2.264641661507421,0.612647956321569,0.1759640729093875,0.022642497515929005,0.0,0
44104,27,2,1.651993705185852,2.164940576036013,0.5129468708501612,0.1533215753934585,0.0,0.0,0
44104,27,3,1.651993705185852,2.521859936480072,0.8698662312942198,0.16357547358734573,0.010253898193887223,0.0,0
44104,28,1,1.7162829109167272,2.107240124469069,0.3909572135523416,0.1357022088376067,0.0,0.0,0
44104,28,2,1.7162829109167272,2.0515425446609292,0.335259633744202,0.14255215283343564,0.006849943995828944,0.0,0
44104,28,3,1.7162829109167272,2.1333415023649516,0.4170585914482243,0.15450417868373278,0.018801969846126088,0.0,0
44104,29,1,1.9632523077440873,3.435000082476905,1.4717477747328176,0.1115868843850151,0.03326518175238499,0.0,0
44104,29,2,1.9632523077440873,2.871887346843459,0.9086350390993716,0.07832170263263011,0.0,0.0,0
44104,29,3,1.9632523077440873,3.406196303981736,1.4429439962376485,0.0817948227699344,0.003473120137304289,0.0,0
44104,30,1,2.062103854045273,2.1754427250964268,0.11333887105115359,0.11806330273613053,0.0,0.0,0
44104,30,2,2.062103854045273,2.28845322506305,0.22634937101777686,0.12683716305311102,0.008773860316980492,0.0,0
44104,30,3,2.062103854045273,2.148861559737842,0.0867577056925688,0.14083054197828418,0.022767239242153653,0.0,0
44104,31,1,1.9367713155588198,2.531512028062281,0.5947407125034614,0.1136741122053356,0.0,0.0,0
44104,31,2,1.9367713155588198,2.529337250425495,0.5925659348666752,0.15856080148819376,0.04488668928285816,0.0,0
44104,31,3,1.9367713155588198,2.840650715226877,0.9038793996680572,0.1870965715959135,0.0734224593905779,0.0,0
44104,32,1,2.252507328070791,3.234531500638223,0.9820241725674319,0.06244207056272005,0.0010742283389292978,0.0,0
44104,32,2,2.252507328070791,3.129317272798667,0.8768099447278761,0.061367842223790756,0.0,0.0,0
44104,32,3,2.252507328070791,3.4846802742083502,1.2321729461375592,0.06472735982646022,0.0033595176026694623,0.0,0
44104,33,1,0.9438398987604678,1.3303564290561696,0.38651653029570177,0.12635982052202385,0.0,0.0,0
44104,33,2,0.9438398987604678,1.3328437864812481,0.3890038877207803,0.1287813299652211,0.002421509443197245,0.0,0
44104,33,3,0.9438398987604678,1.3315570493351072,0.3877171505746394,0.1292420530272362,0.0028822325052123565,0.0,0
44104,34,1,1.562505917780706,2.671692830432645,1.1091869126519391,0.22936468177721342,0.05749974211529632,0.0,0
44104,34,2,1.562505917780706,2.3980008257332135,0.8354949079525076,0.1718649396619171,0.0,0.0,0
44104,34,3,1.562505917780706,2.378601560094995,0.8160956423142891,0.17439986745962116,0.002534927797704062,0.0,0
44104,35,1,2.6535483354733365,3.7222627765426024,1.068714441069266,0.08363996057797911,0.016626942268666345,0.0,0
44104,35,2,2.6535483354733365,3.3773015745259456,0.7237532390526091,0.06701301830931276,0.0,0.0,0
44104,35,3,2.6535483354733365,3.7282471690319254,1.074698833558589,0.0755218019373048,0.00850878362799204,0.0,0
44104,36,1,4.7286367500604,5.6371221179535285,0.9084853678931282,0.15219164151396397,0.019359985483805547,0.0,0
44104,36,2,4.7286367500604,5.003711446402681,0.27507469634228077,0.13780233676674924,0.004970680736590821,0.0,0
44104,36,3,4.7286367500604,5.78949129100563,1.06085454094523,0.13283165603015842,0.0,0.0,0
44104,37,1,4.425784124627155,5.372570453116682,0.9467863284895266,0.13922248131673395,0.007043137891301232,0.0,0
44104,37,2,4.425784124627155,4.654201549979607,0.22841742535245224,0.13217934342543272,0.0,0.0,0
44104,37,3,4.425784124627155,4.9383194359725655,0.5125353113454105,0.13491556345435163,0.0027362200289189065,0.0,0
44104,38,1,4.360781514249135,4.648018842233126,0.28723732798399126,0.07818556986421954,0.0,0.0,0
44104,38,2,4.360781514249135,4.633556778377182,0.27277526412804676,0.09650598517964785,0.018320415315428315,0.0,0
44104,38,3,4.360781514249135,4.673198706797306,0.31241719254817113,0.1186056412554625,0.04042007139124296,0.0,0
44104,39,1,2.1513949766071994,2.3760794955777347,0.22468451897053532,0.12078243119850714,0.0,0.10686273202360491,1
44104,39,2,2.1513949766071994,2.428394298478328,0.27699932187112886,0.13190011940262988,0.011117688204122747,0.0,0
44104,39,3,2.1513949766071994,2.2696024104292376,0.11820743382203824,0.14386662280960283,0.023084191611095692,0.0,0
44104,40,1,2.330256491861272,2.8819715292100736,0.5517150373488016,0.1362854894208807,0.0,0.10686273202360494,1
44104,40,2,2.330256491861272,2.9319363243785386,0.6016798325172665,0.1892082955802631,0.052922806159382385,0.0,0
44104,40,3,2.330256491861272,3.1706233534579913,0.8403668615967193,0.22615445134838313,0.08986896192750243,0.0,0
44104,41,1,2.4445949598113184,3.3424457263893848,0.8978507665780664,0.08376720658103483,0.006010170455518479,0.10686273202360494,1
44104,41,2,2.4445949598113184,2.974504704231817,0.5299097444204985,0.07775703612551635,0.0,0.0,0
44104,41,3,2.4445949598113184,3.3059136204736577,0.8613186606623393,0.08879583237980186,0.011038796254285513,0.0,0
44104,42,1,1.651949938065124,1.839161320228418,0.18721138216329414,0.1227404362166186,0.0,0.0,0
44104,42,2,1.651949938065124,2.1432256135328567,0.49127567546773276,0.12280643501339385,6.599879677524068e-05,0.0,0
44104,42,3,1.651949938065124,1.7633972498901815,0.11144731182505763,0.13450474910712518,0.01176431289050657,0.0,0
44104,43,1,1.5895954814499387,2.0623051486853763,0.4727096672354376,0.12045840545151291,0.0036243314144268624,0.0,0
44104,43,2,1.5895954814499387,2.325137634334458,0.7355421528845194,0.11683407403708605,0.0,0.0,0
44104,43,3,1.5895954814499387,1.8027637498704714,0.2131682684205327,0.14445621548111562,0.027622141444029566,0.0,0
44104,44,1,3.116571534506601,3.813237925974709,0.6966663914681077,0.12477264841458326,0.0,0.0,0
44104,44,2,3.116571534506601,3.5451178068784173,0.4285462723718161,0.1267788105256718,0.002006162111088547,0.0,0
44104,44,3,3.116571534506601,3.9266366397796197,0.8100651052730186,0.16603744501311962,0.041264796598536366,0.0,0
44104,45,1,2.676041546783134,3.1197924466246976,0.4437508998415636,0.10061726589282623,0.0,0.0,0
44104,45,2,2.676041546783134,3.036498733682294,0.36045718689915995,0.11020641742537494,0.009589151532548718,0.018480846028550713,1
44104,45,3,2.676041546783134,3.226635071971117,0.550593525187983,0.13721552688784222,0.036598260995015994,0.03538620447711649,1
44104,46,1,3.1404072193730896,4.24369726056161,1.10329004118852,0.11713845867012838,0.0,0.0,0
44104,46,2,3.1404072193730896,3.938986255056226,0.7985790356831362,0.1490468913360976,0.031908432665969225,0.016905358448565777,1
44104,46,3,3.1404072193730896,4.078190528329488,0.9377833089563983,0.16925376263079142,0.05211530396066304,0.03430513270322211,1
44104,47,1,2.220175725901424,2.328407509609159,0.10823178370773512,0.1261728577213965,0.0,0.09796385727888263,1
44104,47,2,2.220175725901424,2.3594289450315418,0.13925321913011768,0.14187421110059667,0.015701353379200172,0.0,0
44104,47,3,2.220175725901424,2.35049952922215,0.13032380332072613,0.16037304329520122,0.03420018557380472,0.0,0
44104,48,1,2.6279317724239073,3.089254313754071,0.4613225413301638,0.0882891148445319,0.0,0.09796385727888261,1
44104,48,2,2.6279317724239073,2.9888791915646746,0.36094741914076733,0.13502727020961142,0.04673815536507951,0.0,0
44104,48,3,2.6279317724239073,3.2603646665279356,0.6324328941040283,0.18400865990487775,0.09571954506034584,0.0,0
44104,49,1,3.547919639366243,4.436054305459845,0.8881346660936025,0.05260616970475703,0.0,0.0979638572788826,1
44104,49,2,3.547919639366243,4.446290665800839,0.8983710264345959,0.07173906496393004,0.019132895259173006,0.0,0
44104,49,3,3.547919639366243,4.693049646224788,1.1451300068585448,0.07455018199961788,0.02194401229486085,0.0,0
44104,50,1,2.144472708524691,2.830182480749246,0.6857097722245551,0.21139506373873515,0.06130314945460824,0.0,0
44104,50,2,2.144472708524691,2.6293784151033903,0.48490570657869947,0.1500919142841269,0.0,0.0,0
44104,50,3,2.144472708524691,2.536306711703926,0.39183400317923534,0.15199434104059314,0.0019024267564662356,0.0,0
44104,51,1,2.877514662374372,2.9761808184951843,0.09866615612081242,0.12388940110540385,0.0,0.0,0
44104,51,2,2.877514662374372,2.9968074677254015,0.1192928053510296,0.1324139675932049,0.008524566487801047,0.0,0
44104,51,3,2.877514662374372,2.9823592595448494,0.10484459717047745,0.1526796626066137,0.02879026150120985,0.0,0
44104,52,1,1.5065195712927095,2.0912509903479704,0.5847314190552608,0.12018730330927525,0.0,0.0,0
44104,52,2,1.5065195712927095,2.04659656566517,0.5400769943724604,0.1365625825617995,0.016375279252524258,0.0,0
44104,52,3,1.5065195712927095,2.223810999226478,0.7172914279337683,0.15756475036753428,0.03737744705825903,0.0,0
44104,53,1,14.17395319947201,14.210068286976934,0.03611508750492476,0.09987247739709378,0.0,0.0,0
44104,53,2,14.17395319947201,14.207274749007889,0.03332154953587896,0.12699739589666417,0.027124918499570397,0.027616648625660753,1
44104,53,3,14.17395319947201,14.262139688981284,0.08818648950927432,0.1397171985954317,0.039844721198337915,0.027616648625660753,1
44104,54,1,19.135887535573353,19.164439238613983,0.028551703040630372,0.09509587409538048,0.0,0.0,0
44104,54,2,19.135887535573353,19.16418095058244,0.028293415009088108,0.13684654433519078,0.0417506702398103,0.02761664862566076,1
44104,54,3,19.135887535573353,19.19911076380494,0.06322322823158544,0.15988199068439618,0.0647861165890157,0.02761664862566076,1
44104,55,1,18.33528389518354,18.407512690359713,0.07222879517617287,0.09722557991975649,0.001968425827659895,0.0,0
44104,55,2,18.33528389518354,18.49521885920094,0.15993496401739904,0.09525715409209659,0.0,0.005397457469439856,1
44104,55,3,18.33528389518354,18.384428276413097,0.049144381229556444,0.14353334578054033,0.04827619168844374,0.00814262295038691,1
44104,56,1,14.43270030165551,14.477370231612491,0.04466992995698149,0.08009147280402924,0.0,0.0,0
44104,56,2,14.43270030165551,14.537583441966259,0.10488314031074886,0.09517809434972026,0.015086621545691015,0.002745165480947047,0
44104,56,3,14.43270030165551,14.484093162964536,0.05139286130902576,0.13673473349891896,0.056643260694889716,0.002745165480947047,0
44104,57,1,17.174343730900798,17.221588397651008,0.047244666750209774,0.08245180017666175,0.0,0.0,0
44104,57,2,17.174343730900798,17.229911641646876,0.05556791074607759,0.10644428336462157,0.023992483187959823,0.04370324392942,1
44104,57,3,17.174343730900798,17.26206179893902,0.08771806803822102,0.12328279808322662,0.04083099790656487,0.03386516961969964,1
44104,58,1,15.66764188617707,15.727417659819348,0.05977577364227926,0.07393469072899347,0.0,0.00983807430972037,1
44104,58,2,15.66764188617707,15.760338171714778,0.09269628553770914,0.09803607385224843,0.024101383123254952,0.0,0
44104,58,3,15.66764188617707,15.774471548055146,0.10682966187807708,0.12252561065290081,0.048590919923907336,0.0,0
44104,59,1,23.981665387449972,24.04088633213553,0.059220944685556276,0.11667186056135999,0.0,0.0,0
44104,59,2,23.981665387449972,24.042632573235824,0.06096718578585225,0.13278487498244743,0.016113014421087438,0.05787814428075101,1
44104,59,3,23.981665387449972,24.129150973356996,0.14748558590702388,0.1406959339543262,0.024024073392966208,0.05787814428075101,1
44104,60,1,13.593824697825019,13.655748598244092,0.06192390041907281,0.0962655550798797,0.0,0.014339304507342027,1
44104,60,2,13.593824697825019,13.749822662354859,0.15599796452984016,0.10908600526071746,0.012820450180837759,0.0,0
44104,60,3,13.593824697825019,13.686570937901156,0.09274624007613674,0.15775020591677882,0.06148465083689912,0.0,0
44105,0,1,2.950987412544601,3.312963050376788,0.3619756378321868,0.13196427455830134,0.0,0.0075195375432347555,1
44105,0,2,2.950987412544601,3.427052261704273,0.47606484915967195,0.167177760833492,0.035213486275190664,0.0,0
44105,0,3,2.950987412544601,3.389196687225007,0.43820927468040605,0.21410552631029578,0.08214125175199444,0.0,0
44105,1,1,2.4870959459374866,3.192426137717473,0.7053301917799866,0.11147406882330728,0.0,0.0075195375432347555,1
44105,1,2,2.4870959459374866,3.0944023294561562,0.6073063835186696,0.1560733670858657,0.044599298262558415,0.0,0
44105,1,3,2.4870959459374866,3.2915233791030487,0.8044274331655621,0.19254203811531515,0.08106796929200787,0.0,0
44105,2,1,2.7938850968487943,3.3738960578037953,0.580010960955001,0.1384247861738867,0.0,0.09078681023303697,1
44105,2,2,2.7938850968487943,3.5458218483066744,0.7519367514578801,0.15752418169806448,0.019099395524177776,0.0,0
44105,2,3,2.7938850968487943,3.491905205168858,0.6980201083200637,0.16361265204702585,0.025187865873139148,0.0,0
44105,3,1,2.375363582033266,2.7341734910650475,0.35880990903178134,0.16096503265179987,0.0,0.09078681023303697,1
44105,3,2,2.375363582033266,2.8139467495408494,0.4385831675075833,0.16694357513907745,0.005978542487277583,0.0,0
44105,3,3,2.375363582033266,2.8424997530013747,0.46713617096810856,0.17658775698778778,0.015622724335987909,0.0,0
44105,4,1,2.9220396990733635,3.715768443557495,0.7937287444841314,0.08416914871843784,0.0,0.09078681023303697,1
44105,4,2,2.9220396990733635,3.7719437132909404,0.8499040142175769,0.1147964554345791,0.030627306716141264,0.0,0
44105,4,3,2.9220396990733635,3.7506199604553268,0.8285802613819633,0.11799572387772063,0.03382657515928279,0.0,0
44105,5,1,2.536248274744183,2.8929816912322153,0.35673341648803225,0.21814968150641842,0.0,0.16262811187789145,1
44105,5,2,2.536248274744183,2.9021350704833013,0.3658867957391183,0.222475371697314,0.00432569019089557,0.08480268590920514,1
44105,5,3,2.536248274744183,2.8595183330460685,0.3232700583018855,0.22818826833344624,0.010038586827027823,0.0,0
44105,6,1,3.839042516022347,4.79157688325716,0.9525343672348128,0.07937103570683122,0.0,0.1626281118778914,1
44105,6,2,3.839042516022347,4.842646192054196,1.0036036760318487,0.18372083084492868,0.10434979513809746,0.08480268590920512,1
44105,6,3,3.839042516022347,5.129291415678745,1.2902488996563979,0.21530389165192948,0.13593285594509824,0.0,0
44105,7,1,3.028184033595328,3.483674022175113,0.4554899885797852,0.16009039197133193,0.0,0.0,0
44105,7,2,3.028184033595328,3.646525112655067,0.6183410790597392,0.19260243499546192,0.032512043024129994,0.0,0
44105,7,3,3.028184033595328,3.5844659964529173,0.5562819628575895,0.20739189428609167,0.04730150231475974,0.0,0
44105,8,1,1.5811185717243719,2.0676441924875997,0.4865256207632278,0.2129341320687167,0.026677343397493225,0.09840995232180066,1
44105,8,2,1.5811185717243719,2.0913551935768515,0.5102366218524796,0.18625678867122347,0.0,0.0,0
44105,8,3,1.5811185717243719,2.0098650594557927,0.4287464877314209,0.19723631108340545,0.010979522412181975,0.0,0
44105,9,1,1.8120581087226717,2.5281065238252203,0.7160484151025486,0.19815801107598827,0.0,0.09840995232180066,1
44105,9,2,1.8120581087226717,2.517953701418138,0.7058955926954664,0.25945331257801557,0.061295301502027305,0.0,0
44105,9,3,1.8120581087226717,3.1089037294626944,1.2968456207400227,0.29265488174340565,0.09449687066741738,0.0,0
44105,10,1,2.369795854888945,3.3604159159711267,0.9906200610821818,0.12372881629836842,0.016029221856473805,0.09840995232180066,1
44105,10,2,2.369795854888945,2.896868711501407,0.5270728566124623,0.10769959444189461,0.0,0.0,0
44105,10,3,2.369795854888945,3.492407159575452,1.1226113046865072,0.11108617172080729,0.0033865772789126725,0.0,0
44105,11,1,2.047817472568897,2.6133345755634196,0.5655171029945225,0.2064698273762802,0.0,0.0,0
44105,11,2,2.047817472568897,2.54109046652941,0.4932729939605127,0.2182177140584435,0.011747886682163311,0.0,0
44105,11,3,2.047817472568897,2.7555623138756564,0.7077448413067593,0.2322706844006732,0.025800857024392998,0.0,0
44105,12,1,3.907082634007294,4.3824433303034525,0.4753606962961583,0.1413187942347431,0.0,0.0,0
44105,12,2,3.907082634007294,4.410283653595052,0.5032010195877574,0.16403311684907218,0.02271432261432907,0.0,0
44105,12,3,3.907082634007294,4.541888028031449,0.6348053940241551,0.1869784301774348,0.04565963594269168,0.0,0
44105,13,1,3.3554092151190353,4.440954299484651,1.0855450843656156,0.150686088793117,0.010461313152461293,0.0,0
44105,13,2,3.3554092151190353,3.8084430776398293,0.4530338625207939,0.14022477564065572,0.0,0.0,0
44105,13,3,3.3554092151190353,4.018206338935263,0.6627971238162278,0.14531989665726375,0.0050951210166080285,0.0,0
44105,14,1,3.394775178535595,4.4172801745535875,1.0225049960179926,0.11361969038920422,0.0,0.0,0
44105,14,2,3.394775178535595,4.423198533008002,1.0284233544724075,0.1880200327051211,0.07440034231591688,0.0,0
44105,14,3,3.394775178535595,4.366828270738436,0.9720530922028412,0.20510592575164485,0.09148623536244063,0.0,0
44105,15,1,2.161530149324,2.58300398492743,0.4214738356034302,0.17832093476903743,0.0,0.0,0
44105,15,2,2.161530149324,2.6442512050802316,0.4827210557562318,0.19421333409197583,0.0158923993229384,0.0,0
44105,15,3,2.161530149324,2.9515228952335213,0.7899927459095215,0.2141485601657151,0.035827625396677665,0.0,0
44105,16,1,1.683818362025199,2.7840961821437054,1.1002778201185064,0.22493982080452934,0.019758710541850938,0.0,0
44105,16,2,1.683818362025199,2.1980627137693505,0.5142443517441515,0.2051811102626784,0.0,0.0,0
44105,16,3,1.683818362025199,2.511684402190862,0.8278660401656632,0.23143767656964648,0.02625656630696807,0.0,0
44105,17,1,1.9303461375420636,3.088738202493995,1.1583920649519315,0.17473672285194358,0.0,0.0,0
44105,17,2,1.9303461375420636,3.1218346418980474,1.1914885043559837,0.25361596794350477,0.07887924509156119,0.0,0
44105,17,3,1.9303461375420636,3.6028167866784826,1.672470649136419,0.2850609712328121,0.11032424838086852,0.0,0
44105,18,1,1.9800065885460612,2.6296389089888006,0.6496323204427394,0.22988416072229764,0.02207471436068853,0.06707701608525936,1
44105,18,2,1.9800065885460612,2.529881371705131,0.54987478315907,0.2078094463616091,0.0,0.0,0
44105,18,3,1.9800065885460612,2.594467984810997,0.6144613962649359,0.21743531378920858,0.009625867427599466,0.0,0
44105,19,1,1.8937600577866838,2.698900277404328,0.8051402196176443,0.16360268580899648,0.0,0.06707701608525936,1
44105,19,2,1.8937600577866838,2.7045190310097253,0.8107589732230416,0.22513438390664242,0.06153169809764594,0.0,0
44105,19,3,1.8937600577866838,2.9772215762738012,1.0834615184871175,0.2597934581058935,0.09619077229689701,0.0,0
44105,20,1,2.1100399157949594,3.1259756161399994,1.01593570034504,0.18816282592680422,0.041428790608563415,0.06707701608525936,1
44105,20,2,2.1100399157949594,2.8134889579657774,0.7034490421708179,0.1467340353182408,0.0,0.0,0
44105,20,3,2.1100399157949594,2.945499235560148,0.8354593197651887,0.16254757450696045,0.01581353918871964,0.0,0
44105,21,1,2.4739122903351483,2.8716903839636805,0.3977780936285322,0.16658466932449162,0.0,0.1371949894692735,1
44105,21,2,2.4739122903351483,3.005532880874152,0.5316205905390037,0.2003598623964592,0.03377519307196758,0.0821893937406925,1
44105,21,3,2.4739122903351483,2.9863418261376955,0.5124295358025472,0.22277543693874802,0.0561907676142564,0.0,0
44105,22,1,2.265500179755756,3.2884391218553275,1.0229389420995716,0.11228938292582447,0.0,0.18432742777668146,1
44105,22,2,2.265500179755756,3.1879802465802363,0.9224800668244804,0.1697742278223529,0.05748484489652844,0.10213803403598895,1
44105,22,3,2.265500179755756,3.493259973095531,1.227759793339775,0.20941234318690477,0.0971229602610803,0.0,0
44105,23,1,1.5487310191095687,2.0728282378259952,0.5240972187164266,0.20592562286223343,0.02071076121392476,0.0,0
44105,23,2,1.5487310191095687,1.9808952998365044,0.4321642807269357,0.18521486164830867,0.0,0.0,0
44105,23,3,1.5487310191095687,2.042876369903729,0.49414535079416044,0.1911509751327361,0.0059361134844274355,0.0,0
44105,24,1,1.7142866051762287,2.1338311783374158,0.4195445731611871,0.2066120223721868,0.02690876406871806,0.0,0
44105,24,2,1.7142866051762287,1.932965383823531,0.21867877864730234,0.17970325830346873,0.0,0.0,0
44105,24,3,1.7142866051762287,2.1438740674332095,0.42958746225698086,0.18636192571367954,0.006658667410210817,0.0,0
44105,25,1,2.136769195432394,3.697526993633035,1.5607577982006409,0.18461741971046686,0.0656731990469202,0.0,0
44105,25,2,2.136769195432394,2.959605896780948,0.822836701348554,0.11894422066354665,0.0,0.0,0
44105,25,3,2.136769195432394,3.265533988656988,1.1287647932245939,0.120106689510059,0.0011624688465123462,0.0,0
44105,26,1,1.8989803308804398,2.1826402495184776,0.28365991863803774,0.169937364654834,0.0,0.0,0
44105,26,2,1.8989803308804398,2.760093018563483,0.8611126876830433,0.20138220266949572,0.03144483801466172,0.0,0
44105,26,3,1.8989803308804398,2.545836640886237,0.6468563100057971,0.1978543927402686,0.027917028085434586,0.0,0
44105,27,1,1.9498286915488037,2.627542780279078,0.6777140887302742,0.1589674142393577,0.0,0.0,0
44105,27,2,1.9498286915488037,2.6899659423515603,0.7401372508027566,0.19787389601948088,0.03890648178012318,0.0,0
44105,27,3,1.9498286915488037,3.0263899026900054,1.0765612111412017,0.223644539911476,0.06467712567211831,0.0,0
44105,28,1,2.361769800605725,3.5193976229548873,1.1576278223491623,0.11382743436126451,0.014322470450804578,0.0,0
44105,28,2,2.361769800605725,3.3149402147804317,0.9531704141747066,0.09950496391045993,0.0,0.0,0
44105,28,3,2.361769800605725,3.400177231256142,1.038407430650417,0.11344887267137137,0.013943908760911436,0.0,0
44105,29,1,0.9091923011916659,1.1430520610233732,0.23385975983170726,0.1326141116510616,0.0,0.0,0
44105,29,2,0.9091923011916659,1.4129666195672326,0.5037743183755666,0.1372664785417842,0.004652366890722598,0.0,0
44105,29,3,0.9091923011916659,1.3503751394225691,0.4411828382309032,0.13809392803791515,0.005479816386853548,0.0,0
44105,30,1,1.592447362683024,1.9777809200897924,0.38533355740676845,0.1918199713928268,0.04509141929310245,0.0,0
44105,30,2,1.592447362683024,1.8968656165964988,0.30441825391347477,0.14672855209972435,0.0,0.0,0
44105,30,3,1.592447362683024,1.8982977688991678,0.3058504062161438,0.16106179088975964,0.014333238790035285,0.0,0
44105,31,1,2.623526655864827,3.4481292473220115,0.8246025914571846,0.11321626551214002,0.004994030816577885,0.0,0
44105,31,2,2.623526655864827,3.6277581321772723,1.0042314763124454,0.10822223469556214,0.0,0.0,0
44105,31,3,2.623526655864827,3.4960727602609873,0.8725461043961604,0.13757032501876928,0.02934809032320715,0.0,0
44105,32,1,4.78430594949084,5.774422833646519,0.9901168841556789,0.14209587511995,0.00349931029224404,0.0,0
44105,32,2,4.78430594949084,5.148299653059666,0.3639937035688252,0.13876851802920598,0.00017195320150001359,0.0,0
44105,32,3,4.78430594949084,5.69669089218669,0.9123849426958497,0.13859656482770596,0.0,0.0,0
44105,33,1,4.498111492380324,4.886110056563313,0.38799856418298884,0.14909012603328933,0.0002971926295818883,0.0,0
44105,33,2,4.498111492380324,4.8260571719887295,0.3279456796084057,0.14879293340370744,0.0,0.0,0
44105,33,3,4.498111492380324,4.90123429296731,0.4031228005869858,0.15204728943618817,0.0032543560324807264,0.0,0
44105,34,1,4.502865749157361,5.120316899563306,0.6174511504059454,0.08569690582656082,0.0,0.0,0
44105,34,2,4.502865749157361,5.092674141505182,0.5898083923478215,0.13683210580342015,0.05113519997685932,0.0,0
44105,34,3,4.502865749157361,4.957670421694419,0.45480467253705825,0.14799270453280497,0.062295798706244146,0.0,0
44105,35,1,1.8290314476765221,2.241733062893099,0.412701615216577,0.20561097119633978,0.0,0.10537893975370591,1
44105,35,2,1.8290314476765221,2.9438324564981766,1.1148010088216544,0.23070033836079462,0.02508936716445484,0.0,0
44105,35,3,1.8290314476765221,2.5367079739315144,0.7076765262549922,0.21692769684582167,0.011316725649481885,0.0,0
44105,36,1,2.669518837927943,3.14797001427513,0.4784511763471868,0.20711822754613704,0.0,0.10537893975370591,1
44105,36,2,2.669518837927943,3.214029919004634,0.5445110810766911,0.23724901589154848,0.03013078834541144,0.0,0
44105,36,3,2.669518837927943,3.2093920852060895,0.5398732472781465,0.25149861721158046,0.044380389665443415,0.0,0
44105,37,1,2.4495495302213164,3.4565034633095273,1.006953933088211,0.14266955112929328,0.010022943287882946,0.10537893975370591,1
44105,37,2,2.4495495302213164,3.209973178146798,0.7604236479254816,0.13264660784141033,0.0,0.0,0
44105,37,3,2.4495495302213164,3.202167723521162,0.7526181932998455,0.14760113530171065,0.014954527460300321,0.0,0
44105,38,1,1.6404781439455243,2.0387670262633417,0.39828888231781745,0.15131855059243407,0.0,0.0,0
44105,38,2,1.6404781439455243,2.1912442654597024,0.5507661215141781,0.1732403497453043,0.021921799152870236,0.0,0
44105,38,3,1.6404781439455243,2.6937932980985124,1.0533151541529882,0.2006684544455549,0.049349903853120825,0.0,0
44105,39,1,1.6275260954770872,2.2818553041186482,0.6543292086415611,0.14593735828741874,0.005241864737112356,0.0,0
44105,39,2,1.6275260954770872,2.5564512091853517,0.9289251137082646,0.1406954935503064,0.0,0.0,0
44105,39,3,1.6275260954770872,2.3014360510476117,0.6739099555705246,0.1535935401139319,0.012898046563625504,0.0,0
44105,40,1,3.2150800304589318,3.59337242586072,0.3782923954017883,0.14562904438589644,0.02834733205824111,0.0,0
44105,40,2,3.2150800304589318,3.6237450426505062,0.4086650121915745,0.11728171232765533,0.0,0.0,0
44105,40,3,3.2150800304589318,3.843455072799877,0.6283750423409451,0.13929898971665788,0.022017277389002554,0.0,0
44105,41,1,2.7001380423655643,3.3400812964048234,0.6399432540392591,0.0847035374072441,0.0,0.0,0
44105,41,2,2.7001380423655643,3.183421925892664,0.4832838835270996,0.10118166962904682,0.01647813222180272,0.019440893791987657,1
44105,41,3,2.7001380423655643,3.3680233082668387,0.6678852659012744,0.12865964640874006,0.04395610900149596,0.03692578543941727,1
44105,42,1,3.337003382926735,4.398685634697881,1.0616822517711464,0.09834118483264025,0.0,0.0,0
44105,42,2,3.337003382926735,3.669758537404223,0.33275515447748827,0.11445928615824906,0.016118101325608813,0.017484891647429612,1
44105,42,3,3.337003382926735,4.230298248092868,0.8932948651661334,0.13480537431042072,0.036464189477780476,0.03606041296170781,1
44105,43,1,5.359610338933011,5.714605950743914,0.354995611810903,0.12020424129692078,0.0,0.023793752666355722,1
44105,43,2,5.359610338933011,5.740614225927297,0.3810038869942858,0.18084281359061782,0.06063857229369704,0.03012753520886355,1
44105,43,3,5.359610338933011,6.0235541492190645,0.6639438102860531,0.21282883926848808,0.0926245979715673,0.0,0
44105,44,1,6.074270410574485,6.250872261013208,0.17660185043872278,0.0974551172951634,0.0,0.03012753520886355,1
44105,44,2,6.074270410574485,6.2741253737164975,0.19985496314201256,0.12346021730883296,0.026005100013669555,0.0,0
44105,44,3,6.074270410574485,6.31740267075879,0.24313226018430534,0.1347263198233802,0.03727120252821681,0.0,0
44105,45,1,2.259834293258433,2.4275157331861292,0.16768143992769602,0.1767364929592985,0.0,0.0971365437537349,1
44105,45,2,2.259834293258433,2.7521349707559555,0.49230067749752227,0.17745989689091993,0.0007234039316214302,0.0,0
44105,45,3,2.259834293258433,2.5994365570367024,0.3396022637782692,0.19041477948538033,0.013678286526081829,0.0,0
44105,46,1,2.74226537714421,3.4284486559179674,0.6861832787737576,0.12259039248554822,0.0,0.09713654375373487,1
44105,46,2,2.74226537714421,3.347910193739409,0.6056448165951993,0.17039860794038952,0.047808215454841305,0.0,0
44105,46,3,2.74226537714421,3.5328691676773984,0.7906037905331886,0.20393268106011944,0.08134228857457122,0.0,0
44105,47,1,3.797475989489797,4.797441769323872,0.9999657798340751,0.07419346008462145,0.0,0.0971365437537349,1
44105,47,2,3.797475989489797,4.817205470203686,1.019729480713889,0.09609602376801597,0.02190256368339452,0.0,0
44105,47,3,3.797475989489797,4.808828555993262,1.011352566503465,0.09452782352093642,0.020334363436314964,0.0,0
44105,48,1,2.0523787291675566,2.1487948283946277,0.09641609922707106,0.16813680520906285,0.027431016926611623,0.0,0
44105,48,2,2.0523787291675566,2.0825785479026386,0.03019981873508204,0.14070578828245123,0.0,0.0,0
44105,48,3,2.0523787291675566,2.1027399671014937,0.0503612379339371,0.14311787891486574,0.0024120906324145153,0.0,0
44105,49,1,3.143210716632482,3.4630477347027124,0.31983701807023035,0.1589848523567607,0.0,0.0,0
44105,49,2,3.143210716632482,3.4333066962160395,0.2900959795835574,0.17494606232366294,0.015961209966902257,0.0,0
44105,49,3,3.143210716632482,3.4655858291108084,0.3223751124783263,0.1698611050489501,0.01087625269218942,0.0,0
44105,50,1,1.6639914629894819,2.078815443456299,0.414823980466817,0.1441869970881428,0.0,0.0,0
44105,50,2,1.6639914629894819,2.1779816003862473,0.5139901373967655,0.1618967811468744,0.01770978405873158,0.0,0
44105,50,3,1.6639914629894819,2.2924875537984444,0.6284960908089625,0.19019918760342636,0.046012190515283546,0.0,0
44105,51,1,3.258221898302479,3.614749014219388,0.3565271159169092,0.18850438734669328,0.0,0.07122309716684191,1
44105,51,2,3.258221898302479,3.544494898535929,0.28627300023345015,0.19500273808108395,0.006498350734390673,0.0,0
44105,51,3,3.258221898302479,3.621356281892517,0.363134383590038,0.20375320383236173,0.015248816485668448,0.0,0
44105,52,1,2.8797802367920142,3.2580725274595643,0.3782922906675501,0.14935987678448825,0.0,0.07122309716684191,1
44105,52,2,2.8797802367920142,3.4358887065818875,0.5561084697898733,0.1718427743827135,0.02248289759822525,0.0,0
44105,52,3,2.8797802367920142,3.25402091895058,0.374240682158566,0.17520125098208336,0.025841374197595107,0.0,0
44105,53,1,2.936298170307265,4.019620162744216,1.083321992436951,0.08697665576371544,0.0,0.07122309716684191,1
44105,53,2,2.936298170307265,3.7850499465659055,0.8487517762586405,0.09268348348149774,0.0057068277177823035,0.0,0
44105,53,3,2.936298170307265,4.120142686725155,1.1838445164178903,0.09754857185381403,0.010571916090098596,0.0,0
44105,54,1,13.952533035687875,14.062624343481511,0.11009130779363652,0.1731654035285343,0.0,0.0,0
44105,54,2,13.952533035687875,14.109077866876138,0.15654483118826334,0.20605586497978248,0.03289046145124819,0.028290997869276913,1
44105,54,3,13.952533035687875,14.202760757903079,0.25022772221520384,0.23817551821239202,0.06501011468385773,0.028290997869276913,1
44105,55,1,18.816984014225607,18.898119108111793,0.08113509388618567,0.1914520601934905,0.0,0.0,0
44105,55,2,18.816984014225607,18.915849647126088,0.09886563290048045,0.22904416880568518,0.03759210861219467,0.028290997869276902,1
44105,55,3,18.816984014225607,19.036625430416834,0.21964141619122657,0.25879831124168196,0.06734625104819145,0.028290997869276902,1
44105,56,1,18.115332989696377,18.26855886528649,0.15322587559011325,0.09492281100381766,0.0,0.0,0
44105,56,2,18.115332989696377,18.242813826122795,0.12748083642641816,0.1501427911256539,0.05521998012183624,0.0054269044905738695,1
44105,56,3,18.115332989696377,18.288433079771345,0.17310009007496774,0.19024831921856214,0.09532550821474448,0.008649424545223189,1
44105,57,1,14.302433631198323,14.489984642487821,0.18755101128949825,0.08621316629752487,0.0,0.0,0
44105,57,2,14.302433631198323,14.466565396100284,0.16413176490196157,0.15246050564986738,0.0662473393523425,0.0032225200546493193,0
44105,57,3,14.302433631198323,14.478469457627654,0.1760358264293309,0.17985788756812707,0.0936447212706022,0.0032225200546493193,0
44105,58,1,16.91675636501402,17.034944053596483,0.11818768858246287,0.14238599983316663,0.0,0.0,0
44105,58,2,16.91675636501402,17.029054032625925,0.11229766761190518,0.19267963185241954,0.05029363201925291,0.042877482791467955,1
44105,58,3,16.91675636501402,17.15683541226377,0.2400790472497505,0.2278773920810845,0.08549139224791788,0.03393547498546513,1
44105,59,1,15.451216284597043,15.626086033072975,0.17486974847593117,0.10036246862976649,0.0,0.008942007806002829,1
44105,59,2,15.451216284597043,15.615198968163577,0.1639826835665339,0.14975429255493078,0.049391823925164294,0.0,0
44105,59,3,15.451216284597043,15.678063944539119,0.22684765994207545,0.19038433217757114,0.09002186354780466,0.0,0
44105,60,1,23.763457969459758,23.831205276790698,0.06774730733094003,0.16487642574502628,0.0,0.0,0
44105,60,2,23.763457969459758,23.853842853661984,0.09038488420222635,0.20546050686574974,0.04058408112072345,0.05839607908232225,1
44105,60,3,23.763457969459758,23.88571950725519,0.12226153779543125,0.22626089801709115,0.061384472272064866,0.05839607908232225,1
44105,61,1,13.449136978621258,13.653458922200613,0.2043219435793553,0.09778611046247143,0.0,0.012985755971461559,1
44105,61,2,13.449136978621258,13.66807362036156,0.21893664174030114,0.14700478883954018,0.04921867837706875,0.0,0
44105,61,3,13.449136978621258,13.689226225102795,0.24008924648153673,0.19810420128406697,0.10031809082159554,0.0,0
44106,0,1,2.7916360666634117,3.2488100727115055,0.4571740060480938,0.13069553100857548,0.0,0.09083567673922621,1
44106,0,2,2.7916360666634117,3.455950598357339,0.6643145316939272,0.14738117239586992,0.016685641387294448,0.0,0
44106,0,3,2.7916360666634117,3.3366694895882305,0.5450334229248188,0.1478313691359457,0.017135838127370212,0.0,0
44106,1,1,2.4666940270323536,3.375538155781426,0.9088441287490725,0.16572038276750797,0.009018283295145257,0.09083567673922623,1
44106,1,2,2.4666940270323536,2.808352042725798,0.34165801569344456,0.15961846218897816,0.0029163627166154393,0.0,0
44106,1,3,2.4666940270323536,3.8166398316348547,1.349945804602501,0.15670209947236272,0.0,0.0,0
44106,2,1,2.7884101067372784,3.4794130036633257,0.6910028969260473,0.09860661103411207,0.0056609390946919524,0.09083567673922624,1
44106,2,2,2.7884101067372784,3.477306117913598,0.6888960111763196,0.09294567193942012,0.0,0.0,0
44106,2,3,2.7884101067372784,3.4798188065000986,0.6914086997628202,0.1155822525488677,0.02263658060944758,0.0,0
44106,3,1,2.584119208035857,3.2518688895553836,0.6677496815195267,0.23093015773496456,0.0,0.16215367900690564,1
44106,3,2,2.584119208035857,3.437974420208815,0.8538552121729581,0.2682309565561003,0.03730079882113574,0.08461208957965222,1
44106,3,3,2.584119208035857,3.2239382343272154,0.6398190262913586,0.27843677044812687,0.04750661271316231,0.0,0
44106,4,1,3.498354415784683,4.362601325611664,0.8642469098269805,0.05972887439703336,0.0,0.1621536790069057,1
44106,4,2,3.498354415784683,4.41917767860022,0.9208232628155368,0.1422564034327385,0.08252752903570512,0.08461208957965219,1
44106,4,3,3.498354415784683,4.6083438018083855,1.1099893860237025,0.19064513382945422,0.13091625943242086,0.0,0
44106,5,1,3.069469150493828,3.407068313352127,0.3375991628582993,0.14565805614659966,0.0,0.0,0
44106,5,2,3.069469150493828,3.5955963216244853,0.5261271711306574,0.17883980822300108,0.03318175207640142,0.0,0
44106,5,3,3.069469150493828,3.599769225749707,0.5303000752558793,0.185480385381624,0.03982232923502435,0.0,0
44106,6,1,2.2502543414923326,2.9037584956647464,0.6535041541724138,0.21266984285454146,0.020165004828154975,0.09831212832436106,1
44106,6,2,2.2502543414923326,2.5394596087608194,0.28920526726848683,0.1925048380263865,0.0,0.0,0
44106,6,3,2.2502543414923326,2.9601441618058497,0.7098898203135171,0.20550485086300474,0.013000012836618252,0.0,0
44106,7,1,1.8596284340360998,2.673876819671337,0.8142483856352372,0.18299859156284579,0.0,0.09831212832436106,1
44106,7,2,1.8596284340360998,2.7488833626293054,0.8892549285932057,0.2709072602499006,0.0879086686870548,0.0,0
44106,7,3,1.8596284340360998,3.4448795165097352,1.5852510824736354,0.31652091367319224,0.13352232211034645,0.0,0
44106,8,1,2.1859584267398735,3.426663923853802,1.2407054971139284,0.11156476743569312,0.021665693388202845,0.09831212832436106,1
44106,8,2,2.1859584267398735,2.5758009547284972,0.38984252798862373,0.08989907404749027,0.0,0.0,0
44106,8,3,2.1859584267398735,3.1274277787404694,0.9414693520005959,0.09742216563212514,0.007523091584634864,0.0,0
44106,9,1,2.246236880411934,2.7452229448601377,0.4989860644482036,0.15107678260784663,0.0,0.0,0
44106,9,2,2.246236880411934,3.1257168615752122,0.8794799811632781,0.2056009021282285,0.054524119520381886,0.0,0
44106,9,3,2.246236880411934,2.963852085424942,0.7176152050130078,0.21425380257823054,0.06317701997038391,0.0,0
44106,10,1,3.9079048972410213,4.257424501829282,0.34951960458826026,0.1407563652195694,0.0,0.0,0
44106,10,2,3.9079048972410213,4.432600830357918,0.524695933116897,0.16204560689797753,0.021289241678408122,0.0,0
44106,10,3,3.9079048972410213,4.299750892157141,0.39184599491611927,0.1637726772720123,0.023016312052442894,0.0,0
44106,11,1,3.4968027348945077,4.200344706482242,0.7035419715877342,0.16666261633930962,0.030998824057954594,0.0,0
44106,11,2,3.4968027348945077,3.7786265526674336,0.281823817772926,0.13566379228135503,0.0,0.0,0
44106,11,3,3.4968027348945077,4.215533278916036,0.7187305440215281,0.13988136324955577,0.004217570968200746,0.0,0
44106,12,1,3.539919939466788,3.9699291160878984,0.43000917662111027,0.08600625956151312,0.0,0.0,0
44106,12,2,3.539919939466788,3.969747664126531,0.42982772465974284,0.12745072722587816,0.04144446766436505,0.0,0
44106,12,3,3.539919939466788,3.783520294636601,0.24360035516981293,0.14263553651736405,0.05662927695585093,0.0,0
44106,13,1,2.1465143574235563,2.479913711536119,0.33339935411256283,0.14147280641118773,0.0,0.0,0
44106,13,2,2.1465143574235563,2.6315870094826086,0.48507265205905226,0.16689972253481158,0.025426916123623855,0.0,0
44106,13,3,2.1465143574235563,2.6782630378485925,0.5317486804250362,0.17953854568590893,0.038065739274721205,0.0,0
44106,14,1,1.641399288896702,2.62238729891049,0.980988010013788,0.18333665037441366,0.002124860029077802,0.0,0
44106,14,2,1.641399288896702,1.951234608524881,0.3098353196281791,0.18121179034533585,0.0,0.0,0
44106,14,3,1.641399288896702,2.2541908085364417,0.6127915196397398,0.19229202665549647,0.011080236310160613,0.0,0
44106,15,1,1.9705223539595338,2.567346964266247,0.5968246103067132,0.11053886501044277,0.0,0.0,0
44106,15,2,1.9705223539595338,2.475614279818722,0.5050919258591884,0.16772819671062827,0.0571893317001855,0.0,0
44106,15,3,1.9705223539595338,3.253635956939816,1.283113602980282,0.22160450643041663,0.11106564141997385,0.0,0
44106,16,1,2.0162646194932714,2.7426354424620967,0.7263708229688253,0.19819733797268657,0.0,0.06902705672318203,1
44106,16,2,2.0162646194932714,2.7723357627534013,0.7560711432601299,0.2072114211319879,0.009014083159301328,0.0,0
44106,16,3,2.0162646194932714,2.556971902734382,0.5407072832411104,0.2091254304415649,0.010928092468878325,0.0,0
44106,17,1,1.725594402158487,2.3038509402564347,0.5782565380979476,0.12530984540913898,0.0,0.06902705672318203,1
44106,17,2,1.725594402158487,2.3583815612662256,0.6327871591077385,0.17642048608281438,0.051110640673675406,0.0,0
44106,17,3,1.725594402158487,2.90335414139253,1.1777597392340429,0.2226752030712442,0.09736535766210522,0.0,0
44106,18,1,2.020277152087587,3.011633397335849,0.9913562452482618,0.153623688915613,0.043721455458255606,0.06902705672318203,1
44106,18,2,2.020277152087587,2.4360217326881113,0.4157445806005242,0.1099022334573574,0.0,0.0,0
44106,18,3,2.020277152087587,2.718688052722834,0.6984109006352468,0.14267673139602488,0.03277449793866748,0.0,0
44106,19,1,2.4205870873335327,2.8594528814477735,0.43886579411424087,0.15818765978809984,0.0,0.1369229885178751,1
44106,19,2,2.4205870873335327,2.967643713059381,0.5470566257258485,0.2350941963272411,0.07690653653914126,0.08170194351226417,1
44106,19,3,2.4205870873335327,3.0875931387124487,0.667006051378916,0.2687031439191423,0.11051548413104245,0.0,0
44106,20,1,2.135333932487483,2.7499941575201188,0.6146602250326358,0.10718906499544217,0.0,0.18348500275514185,1
44106,20,2,2.135333932487483,2.7770702097566855,0.6417362772692026,0.14632585321904273,0.03913678822360056,0.10178305924287766,1
44106,20,3,2.135333932487483,2.956117358697844,0.8207834262103613,0.18996869815403933,0.08277963315859715,0.0,0
44106,21,1,1.6623849973151401,2.0702310873129752,0.4078460899978351,0.16592413166148873,0.00719606631293751,0.0,0
44106,21,2,1.6623849973151401,1.9215141058543104,0.25912910853917026,0.15872806534855122,0.0,0.0,0
44106,21,3,1.6623849973151401,2.112762480232063,0.4503774829169229,0.16243677598174608,0.0037087106331948616,0.0,0
44106,22,1,1.6616700775465278,2.173607379323379,0.5119373017768512,0.15387261216352346,0.0,0.0,0
44106,22,2,1.6616700775465278,2.1462126269997777,0.4845425494532498,0.1675752921082539,0.013702679944730428,0.0,0
44106,22,3,1.6616700775465278,1.990279420597599,0.32860934305107126,0.1924443681221298,0.038571755958606346,0.0,0
44106,23,1,2.150159130995454,3.2287695186630123,1.0786103876675583,0.14640991907551248,0.059656903319531454,0.0,0
44106,23,2,2.150159130995454,2.564496384967809,0.4143372539723549,0.08675301575598103,0.0,0.0,0
44106,23,3,2.150159130995454,2.968441643871846,0.818282512876392,0.10861157484584053,0.021858559089859494,0.0,0
44106,24,1,1.8261199766340177,2.3367240994728675,0.5106041228388498,0.166300426139904,0.0,0.0,0
44106,24,2,1.8261199766340177,2.4194050356323222,0.5932850589983045,0.18215193738910435,0.01585151124920034,0.0,0
44106,24,3,1.8261199766340177,2.369726641930039,0.5436066652960212,0.18490653144289101,0.01860610530298701,0.0,0
44106,25,1,1.8793371850008966,2.4840027650646372,0.6046655800637406,0.12354481648203651,0.0,0.0,0
44106,25,2,1.8793371850008966,2.4981436974139273,0.6188065124130306,0.1560202016134953,0.0324753851314588,0.0,0
44106,25,3,1.8793371850008966,2.60510652988272,0.7257693448818234,0.17309850652677064,0.04955369004473413,0.0,0
44106,26,1,2.4634002445286862,3.374886825572088,0.9114865810434019,0.11521675898200921,0.03118976883612208,0.0,0
44106,26,2,2.4634002445286862,3.0618265322184333,0.598426287689747,0.08402699014588713,0.0,0.0,0
44106,26,3,2.4634002445286862,3.1862103233885293,0.722810078859843,0.10653257530966048,0.02250558516377335,0.0,0
44106,27,1,5.714289729674645,5.906234619727281,0.1919448900526355,0.19488274030384306,0.0,0.0,0
44106,27,2,5.714289729674645,5.901920043248262,0.18763031357361726,0.22945472308697848,0.03457198278313542,0.008550028774811147,1
44106,27,3,5.714289729674645,6.148436348299259,0.4341466186246139,0.28239987424680685,0.08751713394296379,0.02397043776290353,1
44106,28,1,2.63697443303388,3.55088160942433,0.9139071763904503,0.11043682856792772,0.0,0.0,0
44106,28,2,2.63697443303388,3.551700103011045,0.9147256699771651,0.1615227131243994,0.05108588455647167,0.008550028774811091,1
44106,28,3,2.63697443303388,3.7745140099671763,1.1375395769332965,0.20155695589924472,0.091120127331317,0.023970437762903474,1
44106,29,1,1.0452755937144371,1.240289092770642,0.1950134990562049,0.11253818664253976,0.0,0.0,0
44106,29,2,1.0452755937144371,1.4318559285895518,0.3865803348751147,0.12060925749275309,0.00807107085021333,0.0,0
44106,29,3,1.0452755937144371,1.3750833028565357,0.32980770914209856,0.12388427176688667,0.011346085124346914,0.0,0
44106,30,1,1.536157159833855,2.1032652007818813,0.5671080409480262,0.1843152640637395,0.03429731030408126,0.0,0
44106,30,2,1.536157159833855,2.0269214659731496,0.49076430613929456,0.15001795375965823,0.0,0.0,0
44106,30,3,1.536157159833855,2.5333054017616834,0.9971482419278284,0.17192789575262254,0.02190994199296431,0.0,0
44106,31,1,2.5855714917658306,3.4685878758472724,0.8830163840814418,0.10645584736029372,0.016197892212968967,0.0,0
44106,31,2,2.5855714917658306,3.552795415372672,0.9672239236068414,0.09025795514732475,0.0,0.0,0
44106,31,3,2.5855714917658306,3.1470147110883246,0.5614432193224941,0.13283351530338064,0.04257556015605589,0.0,0
44106,32,1,4.822329204650055,5.711632620398278,0.8893034157482234,0.13420332686552786,0.003792803560369429,0.0,0
44106,32,2,4.822329204650055,5.146116586515146,0.32378738186509093,0.13253701325581968,0.0021264899506612533,0.0,0
44106,32,3,4.822329204650055,5.818369919304208,0.9960407146541534,0.13041052330515843,0.0,0.0,0
44106,33,1,4.481144528909532,4.877800245982248,0.39665571707271585,0.144453873341291,0.001183509548369155,0.0,0
44106,33,2,4.481144528909532,4.864175596049649,0.38303106714011736,0.14327036379292185,0.0,0.0,0
44106,33,3,4.481144528909532,4.764402403269388,0.2832578743598564,0.148439184134954,0.005168820342032143,0.0,0
44106,34,1,4.4085237763635305,4.852542816203076,0.4440190398395458,0.08452980723226956,0.0,0.0,0
44106,34,2,4.4085237763635305,4.859776177067454,0.4512524007039236,0.10144670648027504,0.016916899248005476,0.0,0
44106,34,3,4.4085237763635305,4.734136939248725,0.3256131628851948,0.11478321896120408,0.030253411728934518,0.0,0
44106,35,1,1.751700424523388,2.374467208250935,0.6227667837275468,0.1805256111808798,0.0,0.10465741904913461,1
44106,35,2,1.751700424523388,2.5662661558179045,0.8145657312945165,0.21781191933416116,0.03728630815328135,0.0,0
44106,35,3,1.751700424523388,2.6085050073863325,0.8568045828629445,0.22867222502334864,0.04814661384246882,0.0,0
44106,36,1,2.2981438092803854,2.6972282820828255,0.3990844728024401,0.15094381170258137,0.0,0.10465741904913461,1
44106,36,2,2.2981438092803854,2.703244984639902,0.4051011753595164,0.17289796219115997,0.0219541504885786,0.0,0
44106,36,3,2.2981438092803854,2.5737667765558028,0.27562296727541735,0.19333657180892985,0.04239276010634849,0.0,0
44106,37,1,2.3373477972184338,2.979934450200099,0.6425866529816653,0.11013725403436893,0.0005451117332841149,0.1046574190491346,1
44106,37,2,2.3373477972184338,2.8204018224050094,0.4830540251865756,0.10959214230108481,0.0,0.0,0
44106,37,3,2.3373477972184338,2.8166333667756396,0.4792855695572058,0.15219896055104185,0.04260681824995703,0.0,0
44106,38,1,1.8463954279807708,2.245440750094189,0.39904532211341803,0.13750699794251126,0.0,0.0,0
44106,38,2,1.8463954279807708,2.2787627584338743,0.4323673304531035,0.15878175029774547,0.02127475235523421,0.0,0
44106,38,3,1.8463954279807708,2.388212737104578,0.5418173091238072,0.17981130467045017,0.04230430672793892,0.0,0
44106,39,1,2.003849389134093,2.477639498579016,0.47379010944492306,0.12393565516315809,0.0016519087205249527,0.0,0
44106,39,2,2.003849389134093,2.4045493518767107,0.40069996274261754,0.12228374644263314,0.0,0.0,0
44106,39,3,2.003849389134093,2.249782011249999,0.24593262211590572,0.13683162988727143,0.014547883444638296,0.0,0
44106,40,1,3.1440254390741265,3.674229399056942,0.5302039599828157,0.14595726080736895,0.04701001889352757,0.0,0
44106,40,2,3.1440254390741265,3.483232476777691,0.33920703770356475,0.09894724191384138,0.0,0.0,0
44106,40,3,3.1440254390741265,3.7113558440865155,0.5673304050123891,0.14152289902655127,0.042575657112709886,0.0,0
44106,41,1,2.355631792822937,2.6464230110820357,0.2907912182590988,0.18090002801099217,0.0,0.097132971319811,1
44106,41,2,2.355631792822937,2.6032015371964263,0.24756974437348944,0.18650368312671292,0.0056036551157207515,0.0,0
44106,41,3,2.355631792822937,2.6543422389523896,0.29871044612945274,0.19150812525006342,0.010608097239071246,0.0,0
44106,42,1,2.5876927618711245,3.086226840629196,0.49853407875807143,0.12702110765100272,0.0,0.09713297131981104,1
44106,42,2,2.5876927618711245,3.07364068546287,0.48594792359174566,0.14896725353712748,0.021946145886124757,0.0,0
44106,42,3,2.5876927618711245,2.8554122354746942,0.26771947360356974,0.17967505237754186,0.05265394472653914,0.0,0
44106,43,1,3.5024038553931627,4.3373117569916655,0.8349079015985028,0.051792578088374,0.0,0.09713297131981102,1
44106,43,2,3.5024038553931627,4.450901859910884,0.9484980045177211,0.07733001086571271,0.025537432777338713,0.0,0
44106,43,3,3.5024038553931627,4.247097179408951,0.7446933240157882,0.07969479784069274,0.027902219752318734,0.0,0
44106,44,1,2.296845588812675,2.563264393813393,0.26641880500071835,0.18067070186876677,0.04307785675870973,0.0,0
44106,44,2,2.296845588812675,2.486680655519569,0.1898350667068942,0.13759284511005704,0.0,0.0,0
44106,44,3,2.296845588812675,2.5283289972072405,0.2314834083945656,0.1416511691624763,0.004058324052419265,0.0,0
44106,45,1,3.105782357001509,3.2492217959638277,0.1434394389623188,0.13951643718099238,0.0,0.0,0
44106,45,2,3.105782357001509,3.281588497442189,0.1758061404406801,0.15979983558697552,0.020283398405983144,0.0,0
44106,45,3,3.105782357001509,3.2203238820672957,0.11454152506578685,0.1731825611213259,0.033666123940333526,0.0,0
44106,46,1,1.4024659693729933,2.216621662756544,0.8141556933835505,0.12049871012176162,0.0,0.0,0
44106,46,2,1.4024659693729933,2.1806296006002617,0.7781636312272684,0.13076376060273984,0.010265050480978213,0.0,0
44106,46,3,1.4024659693729933,2.1541975223660055,0.7517315529930122,0.14452265235863093,0.02402394223686931,0.0,0
44106,47,1,3.0162568182830496,3.316570981511652,0.3003141632286024,0.16691796240931728,0.0,0.07231919215614108,1
44106,47,2,3.0162568182830496,3.2769907636998803,0.2607339454168307,0.17593539344454204,0.00901743103522476,0.0,0
44106,47,3,3.0162568182830496,3.2918949788358653,0.27563816055281576,0.18241726258688198,0.015499300177564707,0.0,0
44106,48,1,2.800837779937143,2.9989202645904682,0.19808248465332534,0.14513603148117818,0.0,0.07231919215614108,1
44106,48,2,2.800837779937143,3.0907630745722403,0.2899252946350974,0.18212347552049402,0.03698744403931584,0.0,0
44106,48,3,2.800837779937143,2.887038580506228,0.08620080056908508,0.1910240380356914,0.04588800655451322,0.0,0
44106,49,1,2.706281434130797,3.571897693634046,0.8656162595032493,0.05831636790182583,0.0,0.07231919215614108,1
44106,49,2,2.706281434130797,3.7689682712235695,1.0626868370927727,0.08408625246733152,0.02576988456550569,0.0,0
44106,49,3,2.706281434130797,3.6301840852487217,0.9239026511179249,0.08823650249571816,0.029920134593892325,0.0,0
44106,50,1,57.97762876257434,58.136347801367165,0.15871903879282456,0.19221000853319523,0.04686453501961127,0.0,0
44106,50,2,57.97762876257434,58.02000555074919,0.04237678817484891,0.14587025982712284,0.0005247863135388886,0.0,0
44106,50,3,57.97762876257434,58.13742960309037,0.15980084051602716,0.14534547351358396,0.0,0.0,0
44106,51,1,57.89704477076883,57.93450201752673,0.03745724675790285,0.15070449414064552,0.0,0.0,0
44106,51,2,57.89704477076883,57.952184123903905,0.05513935313507545,0.15994391747840242,0.009239423337756902,0.0,0
44106,51,3,57.89704477076883,57.964887273766124,0.06784250299729422,0.16216100616342172,0.0114565120227762,0.0,0
44106,52,1,57.855385733977776,57.893390017220874,0.03800428324309735,0.14500923095425716,0.0,0.0,0
44106,52,2,57.855385733977776,57.91120239685703,0.05581666287925202,0.19904120723585267,0.054031976281595506,0.0,0
44106,52,3,57.855385733977776,57.90056000401182,0.04517427003404606,0.2109258324721881,0.06591660151793094,0.0,0
44106,53,1,12.630537030560628,12.697506910034878,0.06696987947425015,0.17165192422795758,0.0,0.0,0
44106,53,2,12.630537030560628,12.744765695714253,0.11422866515362529,0.21526110234161036,0.04360917811365278,0.02761148429572456,1
44106,53,3,12.630537030560628,12.766735544689846,0.13619851412921768,0.23106818797043865,0.059416263742481074,0.02761148429572456,1
44106,54,1,17.06341250231721,17.13474085491516,0.071328352597952,0.18455660166667529,0.0,0.0,0
44106,54,2,17.06341250231721,17.18238223284191,0.11896973052470017,0.25007020496882365,0.06551360330214837,0.027611484295724575,1
44106,54,3,17.06341250231721,17.208479835136586,0.14506733281937656,0.2671605630035671,0.08260396133689182,0.027611484295724575,1
44106,55,1,16.4171415920569,16.504629901773466,0.08748830971656574,0.08299533673939888,0.0,0.0,0
44106,55,2,16.4171415920569,16.523099536233513,0.10595794417661253,0.14341787995685432,0.06042254321745544,0.0058881492010817715,1
44106,55,3,16.4171415920569,16.531876116989885,0.11473452493298453,0.17729624795058563,0.09430091121118675,0.008643448619708283,1
44106,56,1,12.86966387390772,13.047332123101587,0.17766824919386615,0.05550896175945816,0.0,0.0,0
44106,56,2,12.86966387390772,13.045362315757501,0.17569844184978045,0.13126834459085632,0.07575938283139816,0.002755299418626511,0
44106,56,3,12.86966387390772,13.052920921673973,0.1832570477662525,0.15447686509973305,0.09896790334027489,0.002755299418626511,0
44106,57,1,15.279292034969142,15.362967960082624,0.08367592511348221,0.13228404984321177,0.0,0.0,0
44106,57,2,15.279292034969142,15.393093095823655,0.11380106085451303,0.21043875058895808,0.07815470074574632,0.04224475999137621,1
44106,57,3,15.279292034969142,15.482183846000074,0.20289181103093235,0.2405858100491451,0.10830176020593332,0.03300969646621853,1
44106,58,1,13.976839869349368,14.05064224530092,0.07380237595155315,0.10246469758476656,0.0,0.009235063525157676,1
44106,58,2,13.976839869349368,14.132853617907495,0.15601374855812722,0.1386961368096005,0.03623143922483393,0.0,0
44106,58,3,13.976839869349368,14.106489329318752,0.12964945996938404,0.1689499065357633,0.06648520895099674,0.0,0
44106,59,1,22.238414640196158,22.321296235833888,0.08288159563772979,0.15937408004027273,0.0,0.0,0
44106,59,2,22.238414640196158,22.38396239174946,0.1455477515533019,0.22583704786582134,0.06646296782554861,0.05742001809298697,1
44106,59,3,22.238414640196158,22.352680485167582,0.114265844971424,0.2313619218041178,0.07198784176384507,0.05742001809298697,1
44106,60,1,12.102438849493428,12.20987684394417,0.10743799445074131,0.09338753377330383,0.0,0.013067225307151834,1
44106,60,2,12.102438849493428,12.264108382100776,0.1616695326073483,0.14518546720105988,0.05179793342775604,0.0,0
44106,60,3,12.102438849493428,12.249027765450323,0.1465889159568956,0.18759611785717478,0.09420858408387095,0.0,0
44107,0,1,2.432449683869135,3.2057731793661306,0.7733234954969954,0.1568931411485611,0.011997262785637175,0.09175742471081602,1
44107,0,2,2.432449683869135,2.9390799536557433,0.5066302697866081,0.14489587836292392,0.0,0.0,0
44107,0,3,2.432449683869135,3.1932638394859785,0.7608141556168433,0.15870610041459404,0.013810222051670124,0.0,0
44107,1,1,2.781384277013052,4.121468289874679,1.340084012861627,0.10758722609479685,0.007920563630402902,0.09175742471081601,1
44107,1,2,2.781384277013052,3.4337670667045415,0.6523827896914893,0.09966666246439394,0.0,0.0,0
44107,1,3,2.781384277013052,3.990511587214229,1.2091273102011768,0.1034607792836248,0.003794116819230864,0.0,0
44107,2,1,2.482998336379849,3.111430925433166,0.6284325890533169,0.2093119686263085,0.0,0.1635215015503499,1
44107,2,2,2.482998336379849,3.3820761530419317,0.8990778166620825,0.24116150096340952,0.03184953233710103,0.08548126709959797,1
44107,2,3,2.482998336379849,3.3977776991510575,0.9147793627712084,0.2371760061085071,0.027864037482198595,0.0,0
44107,3,1,3.2665975307953756,4.268077648147009,1.0014801173516332,0.05565119312888072,0.0,0.16352150155034983,1
44107,3,2,3.2665975307953756,4.24930625808899,0.9827087272936144,0.1384072680193749,0.08275607489049416,0.08548126709959794,1
44107,3,3,3.2665975307953756,4.690423222588082,1.4238256917927066,0.18147931683209093,0.1258281237032102,0.0,0
44107,4,1,2.304246521209238,2.794362770800293,0.49011624959105493,0.13409759038096694,0.0,0.0,0
44107,4,2,2.304246521209238,2.862625619456996,0.5583790982477579,0.15147159648427044,0.017374006103303502,0.0,0
44107,4,3,2.304246521209238,2.967839393437334,0.6635928722280959,0.17323905667766842,0.03914146629670148,0.0,0
44107,5,1,1.9360031172450995,2.4625361020869896,0.52653298484189,0.20172400804356913,0.017226438630051466,0.0996898451429072,1
44107,5,2,1.9360031172450995,2.4199617689353543,0.48395865169025476,0.18449756941351766,0.0,0.0,0
44107,5,3,1.9360031172450995,2.7135996285201713,0.7775965112750718,0.1884386094164634,0.003941040002945734,0.0,0
44107,6,1,1.9307600843679307,2.385367305057331,0.4546072206894003,0.18145385106680526,0.0,0.0996898451429072,1
44107,6,2,1.9307600843679307,2.458953445260333,0.5281933608924025,0.25104699748280285,0.06959314641599759,0.0,0
44107,6,3,1.9307600843679307,3.0789750809701943,1.1482149966022637,0.29417546938260647,0.11272161831580121,0.0,0
44107,7,1,2.0381577839970655,3.3804328965285206,1.3422751125314552,0.11137901883239217,0.014020255526022332,0.0996898451429072,1
44107,7,2,2.0381577839970655,2.4031858986514045,0.36502811465433904,0.09849642810266479,0.001137664796294957,0.0,0
44107,7,3,2.0381577839970655,3.7475728634671883,1.7094150794701228,0.09735876330636983,0.0,0.0,0
44107,8,1,2.0433095101045504,2.5444777767683346,0.5011682666637842,0.1410074850426056,0.0,0.0,0
44107,8,2,2.0433095101045504,2.7592300061340667,0.7159204960295162,0.1977960398218436,0.056788554779238,0.0,0
44107,8,3,2.0433095101045504,2.6844927568524595,0.641183246747909,0.22633661477414446,0.08532912973153886,0.0,0
44107,9,1,3.1880564172593884,3.5588700056983584,0.37081358843897005,0.13147923677465118,0.0,0.0,0
44107,9,2,3.1880564172593884,3.579291443167989,0.3912350259086006,0.1418222285642882,0.010342991789637018,0.0,0
44107,9,3,3.1880564172593884,3.694829747620524,0.5067733303611357,0.16538694119137998,0.0339077044167288,0.0,0
44107,10,1,3.4122251142447007,4.1357380051266,0.7235128908818997,0.17139853488330942,0.036216277347706216,0.0,0
44107,10,2,3.4122251142447007,3.75689220134944,0.34466708710473926,0.1351822575356032,0.0,0.0,0
44107,10,3,3.4122251142447007,4.387183956757807,0.9749588425131059,0.1410981237360836,0.005915866200480402,0.0,0
44107,11,1,3.1331887794468885,3.465675839248972,0.3324870598020837,0.0792270123470913,0.0,0.0,0
44107,11,2,3.1331887794468885,3.485163423996487,0.35197464454959837,0.11676487081023368,0.03753785846314238,0.0,0
44107,11,3,3.1331887794468885,3.619162346408996,0.4859735669621075,0.13731437966034493,0.05808736731325363,0.0,0
44107,12,1,2.075962728089462,2.6364691763271786,0.5605064482377164,0.1430290121118741,0.0,0.0,0
44107,12,2,2.075962728089462,2.7047038606972404,0.6287411326077783,0.18560900400607955,0.04257999189420544,0.0,0
44107,12,3,2.075962728089462,3.1502669319546,1.0743042038651378,0.22440958498731023,0.08138057287543612,0.0,0
44107,13,1,1.6018904542036974,2.6136479664446832,1.0117575122409859,0.19908832030216897,0.0,0.0,0
44107,13,2,1.6018904542036974,2.184717181497599,0.5828267272939018,0.2058009900551902,0.006712669753021233,0.0,0
44107,13,3,1.6018904542036974,2.313869426044301,0.7119789718406038,0.24574855117658964,0.04666023087442067,0.0,0
44107,14,1,1.9302181779091179,2.7520637058719846,0.8218455279628667,0.11384112590873745,0.0,0.0,0
44107,14,2,1.9302181779091179,2.6626177613020268,0.7323995833929089,0.19294165378816447,0.07910052787942702,0.0,0
44107,14,3,1.9302181779091179,3.379712738930118,1.4494945610210002,0.2634765999572723,0.14963547404853483,0.0,0
44107,15,1,1.8198326846903103,2.480929383910818,0.6610966992205076,0.20829505992313233,0.0,0.0690649730497306,1
44107,15,2,1.8198326846903103,2.2736234978999956,0.4537908132096853,0.22201289986270042,0.0137178399395681,0.0,0
44107,15,3,1.8198326846903103,2.5648613653208825,0.7450286806305721,0.24323705977856133,0.03494199985542901,0.0,0
44107,16,1,1.667953898969825,2.3049946246500164,0.6370407256801913,0.130883242808557,0.0,0.0690649730497306,1
44107,16,2,1.667953898969825,2.4367401675182503,0.7687862685484252,0.18480256872717113,0.05391932591861412,0.0,0
44107,16,3,1.667953898969825,2.8466569190774047,1.1787030201075797,0.24158976929926956,0.11070652649071255,0.0,0
44107,17,1,2.0209480386718743,2.787931166137926,0.7669831274660517,0.1640024122975109,0.022410641792760838,0.0690649730497306,1
44107,17,2,2.0209480386718743,2.563705393217059,0.5427573545451847,0.14159177050475005,0.0,0.0,0
44107,17,3,2.0209480386718743,2.6821391320591923,0.661191093387318,0.19457845823395456,0.05298668772920451,0.0,0
44107,18,1,2.285633408237291,2.6467523324063094,0.3611189241690185,0.13693628241586545,0.0,0.13818698822123132,1
44107,18,2,2.285633408237291,2.943817727015346,0.6581843187780549,0.21048019092206768,0.07354390850620224,0.0822219875322579,1
44107,18,3,2.285633408237291,2.6444408679150984,0.35880745967780747,0.2143650517422761,0.07742876932641066,0.0,0
44107,19,1,1.9562831236845148,2.616720837830522,0.6604377141460069,0.11206283795959028,0.0,0.18435169743623314,1
44107,19,2,1.9562831236845148,2.482489618735601,0.5262064950510863,0.14757778602336244,0.03551494806377216,0.1021297099039752,1
44107,19,3,1.9562831236845148,3.076517670331016,1.1202345466465011,0.19549940083430167,0.08343656287471139,0.0,0
44107,20,1,1.65842941828815,2.348545002318044,0.690115584029894,0.18807256873899303,0.013950741459308497,0.0,0
44107,20,2,1.65842941828815,1.9401698685104272,0.2817404502222771,0.17412182727968453,0.0,0.0,0
44107,20,3,1.65842941828815,2.180179409556607,0.5217499912684571,0.20003057504117264,0.025908747761488105,0.0,0
44107,21,1,1.565711031466002,2.1777100922253387,0.6119990607593366,0.1784314158535044,0.0,0.0,0
44107,21,2,1.565711031466002,2.147675687404473,0.5819646559384708,0.20202679851118355,0.02359538265767916,0.0,0
44107,21,3,1.565711031466002,2.056807465809359,0.49109643434335704,0.21450894548993735,0.03607752963643296,0.0,0
44107,22,1,2.136449213396,2.8328007153915724,0.6963515019955726,0.1604784123632695,0.03156984479222258,0.0,0
44107,22,2,2.136449213396,2.5246720629348003,0.3882228495388005,0.12890856757104693,0.0,0.0,0
44107,22,3,2.136449213396,2.686349896777638,0.549900683381638,0.16828378782661338,0.039375220255566445,0.0,0
44107,23,1,1.962245426699086,2.188699722248951,0.22645429554986496,0.1454454613899937,0.0,0.0,0
44107,23,2,1.962245426699086,2.5660675832929973,0.6038221565939113,0.16331222193438993,0.017866760544396232,0.0,0
44107,23,3,1.962245426699086,2.2495075809937797,0.2872621542946936,0.16625728563942385,0.02081182424943015,0.0,0
44107,24,1,1.908087132725549,2.5134086779319826,0.6053215452064336,0.1326223208509921,0.0,0.0,0
44107,24,2,1.908087132725549,2.4966143593661125,0.5885272266405635,0.15206046878069684,0.019438147929704747,0.0,0
44107,24,3,1.908087132725549,2.6314982991057394,0.7234111663801903,0.16691120996535316,0.034288889114361065,0.0,0
44107,25,1,2.332948372268843,3.820117678590665,1.4871693063218223,0.13890419594398168,0.022465281426455444,0.0,0
44107,25,2,2.332948372268843,3.1990240051732988,0.8660756329044559,0.11643891451752623,0.0,0.0,0
44107,25,3,2.332948372268843,2.95942126852215,0.6264728962533073,0.13502941974125043,0.0185905052237242,0.0,0
44107,26,1,5.6248458577762595,5.747181645282312,0.1223357875060529,0.18813512854550352,0.0,0.0,0
44107,26,2,5.6248458577762595,5.810341080701182,0.1854952229249225,0.22661332301920012,0.0384781944736966,0.009203869375937812,1
44107,26,3,5.6248458577762595,5.861245224334803,0.236399366558544,0.2532354944933847,0.06510036594788121,0.025334108087056717,1
44107,27,1,2.498425728711532,3.4766218275759186,0.9781960988643865,0.11158272277035507,0.0,0.0,0
44107,27,2,2.498425728711532,3.1778181740801825,0.6793924453686504,0.15786317763484212,0.04628045486448705,0.009203869375937784,1
44107,27,3,2.498425728711532,3.824183195457568,1.325757466746036,0.20177745923123092,0.09019473646087585,0.025334108087056717,1
44107,28,1,1.1026386061943907,1.2946907843117121,0.19205217811732145,0.10962855408180563,0.0,0.0,0
44107,28,2,1.1026386061943907,2.0172848835645025,0.9146462773701118,0.11605571993117501,0.006427165849369379,0.0,0
44107,28,3,1.1026386061943907,1.6970304664218763,0.5943918602274856,0.11415930719525613,0.0045307531134504975,0.0,0
44107,29,1,1.5376676785821872,2.04508340098382,0.5074157224016327,0.2000931919585272,0.03292790442763893,0.0,0
44107,29,2,1.5376676785821872,2.0278726268647804,0.4902049482825932,0.16716528753088827,0.0,0.0,0
44107,29,3,1.5376676785821872,2.202629591203965,0.6649619126217776,0.18209552179551897,0.014930234264630693,0.0,0
44107,30,1,2.474226616035967,3.221579343767451,0.7473527277314842,0.1376949158599516,0.01307800839811829,0.0,0
44107,30,2,2.474226616035967,3.5136086800841895,1.0393820640482225,0.12461690746183332,0.0,0.0,0
44107,30,3,2.474226616035967,2.8462355859379875,0.3720089699020206,0.16411510355217912,0.0394981960903458,0.0,0
44107,31,1,4.083497292334923,5.29222385173925,1.2087265594043268,0.13180775821689497,0.002974929649444763,0.0,0
44107,31,2,4.083497292334923,4.433977017075638,0.3504797247407154,0.12958694714309937,0.0007541185756491653,0.0,0
44107,31,3,4.083497292334923,5.68512621509664,1.6016289227617175,0.1288328285674502,0.0,0.0,0
44107,32,1,3.8671511849789963,5.038407051806933,1.171255866827937,0.1390554161590492,0.005836518624389525,0.0,0
44107,32,2,3.8671511849789963,4.284179040694567,0.41702785571557044,0.13321889753465968,0.0,0.0,0
44107,32,3,3.8671511849789963,4.980909598660826,1.11375841368183,0.13473429028277362,0.0015153927481139362,0.0,0
44107,33,1,3.9920960481440857,4.438170727189159,0.44607467904507336,0.07766329247792683,0.0,0.0,0
44107,33,2,3.9920960481440857,4.4593378799364025,0.4672418317923168,0.09543109679193572,0.017767804314008886,0.0,0
44107,33,3,3.9920960481440857,4.616627803463425,0.6245317553193392,0.10542906406228965,0.027765771584362817,0.0,0
44107,34,1,1.7256484186462668,2.2487001684188788,0.5230517497726119,0.15905253800431723,0.0,0.1061625425052479,1
44107,34,2,1.7256484186462668,2.728202463305024,1.0025540446587573,0.20986698066693385,0.050814442662616616,0.0,0
44107,34,3,1.7256484186462668,2.7560220272936444,1.0303736086473776,0.20746383069900617,0.04841129269468894,0.0,0
44107,35,1,2.1781462306524704,2.6036468819212146,0.42550065126874426,0.16852868210494504,0.0,0.1061625425052479,1
44107,35,2,2.1781462306524704,2.695330587349022,0.5171843566965517,0.1869624212975533,0.018433739192608267,0.0,0
44107,35,3,2.1781462306524704,2.8732727341704303,0.6951265035179599,0.23782653884574648,0.06929785674080144,0.0,0
44107,36,1,2.308994930870252,2.730021586256876,0.421026655386624,0.12630483758180983,0.0,0.10616254250524791,1
44107,36,2,2.308994930870252,2.744038249541307,0.4350433186710547,0.14765791441133785,0.021353076829528028,0.0,0
44107,36,3,2.308994930870252,3.1643884093961807,0.8553934785259285,0.20887138610523232,0.08256654852342249,0.0,0
44107,37,1,1.7651590329858073,1.991293337057482,0.22613430407167456,0.13355319385681053,0.0,0.09130274295666402,1
44107,37,2,1.7651590329858073,2.3113214066487338,0.5461623736629264,0.14449130495045318,0.01093811109364265,0.0,0
44107,37,3,1.7651590329858073,2.3976995274031947,0.6325404944173874,0.17174954306489468,0.03819634920808415,0.0,0
44107,38,1,1.7562472184168558,1.9997654518848715,0.2435182334680157,0.14222667122660532,0.0,0.09130274295666402,1
44107,38,2,1.7562472184168558,2.0887808624765674,0.33253364405971153,0.15872293207016644,0.016496260843561122,0.0,0
44107,38,3,1.7562472184168558,2.1241258593332506,0.3678786409163948,0.15308698902113752,0.010860317794532198,0.0,0
44107,39,1,3.076142122868092,3.7159421756414175,0.6398000527733254,0.1498035711626339,0.028076223068533523,0.091302742956664,1
44107,39,2,3.076142122868092,3.456555118125126,0.38041299525703387,0.12172734809410038,0.0,0.0,0
44107,39,3,3.076142122868092,3.6505428644434454,0.5744007415753534,0.16904681130233343,0.04731946320823305,0.0,0
44107,40,1,2.1885351867865,2.5079545286641425,0.31941934187764254,0.16020511584046657,0.0,0.09772328708089517,1
44107,40,2,2.1885351867865,2.4604763180903,0.27194113130380027,0.17027590511673324,0.010070789276266673,0.0,0
44107,40,3,2.1885351867865,2.828129713639977,0.6395945268534771,0.1733654588549405,0.01316034301447394,0.0,0
44107,41,1,2.5477171359252493,3.0533413255410506,0.5056241896158014,0.14003581898092965,0.0,0.09772328708089516,1
44107,41,2,2.5477171359252493,2.9783507903192916,0.43063365439404233,0.15123263987246954,0.011196820891539894,0.0,0
44107,41,3,2.5477171359252493,2.958412715548674,0.41069557962342484,0.1827853904177998,0.04274957143687014,0.0,0
44107,42,1,3.376290070447864,4.112930001963076,0.7366399315152123,0.04968234619741064,0.0,0.09772328708089517,1
44107,42,2,3.376290070447864,4.15894542365645,0.7826553532085856,0.08638372693966113,0.036701380742250496,0.0,0
44107,42,3,3.376290070447864,3.8638097692441056,0.4875196987962416,0.09007645916056262,0.04039411296315198,0.0,0
44107,43,1,2.271921714390891,2.578118311214994,0.30619659682410294,0.18887617437781087,0.04142002228827954,0.0,0
44107,43,2,2.271921714390891,2.593678014777812,0.3217563003869208,0.14745615208953133,0.0,0.0,0
44107,43,3,2.271921714390891,2.6201026204134887,0.34818090602259755,0.1509784750242092,0.0035223229346778573,0.0,0
44107,44,1,3.0579313038368396,3.1737817660348484,0.11585046219800876,0.13061998464605387,0.0,0.0,0
44107,44,2,3.0579313038368396,3.381260516196753,0.3233292123599134,0.16179670905742208,0.031176724411368206,0.0,0
44107,44,3,3.0579313038368396,3.3599305841746827,0.30199928033784307,0.1587455218207807,0.028125537174726822,0.0,0
44107,45,1,1.3928886276500878,2.2287727155391193,0.8358840878890315,0.1337349984555361,0.007221685128912109,0.0,0
44107,45,2,1.3928886276500878,1.937889862764957,0.5450012351148692,0.126513313326624,0.0,0.0,0
44107,45,3,1.3928886276500878,2.228645379732193,0.8357567520821052,0.14269995161114313,0.016186638284519134,0.0,0
44107,46,1,2.8713256848194435,3.144371510652299,0.27304582583285564,0.17235420191874,0.0,0.07281042275703148,1
44107,46,2,2.8713256848194435,3.1181364641254055,0.24681077930596196,0.18763974276961667,0.015285540850876661,0.0,0
44107,46,3,2.8713256848194435,3.1585176061005873,0.2871919212811438,0.2071235918684028,0.03476938994966278,0.0,0
44107,47,1,2.7355918277396425,2.9036530282540776,0.16806120051443507,0.15593139955124471,0.0,0.07281042275703148,1
44107,47,2,2.7355918277396425,3.0119030669447886,0.2763112392051461,0.19526112702208007,0.03932972747083535,0.0,0
44107,47,3,2.7355918277396425,3.0627816310115596,0.32718980327191716,0.20899579745751898,0.05306439790627426,0.0,0
44107,48,1,2.565126688955235,3.352418005267613,0.7872913163123783,0.05735370012502265,0.0,0.07281042275703148,1
44107,48,2,2.565126688955235,3.3014053492757034,0.7362786603204685,0.08988075219121758,0.032527052066194925,0.0,0
44107,48,3,2.565126688955235,3.177415749644518,0.612289060689283,0.10455076427493619,0.04719706414991354,0.0,0
44107,49,1,53.65054803881884,53.78550862468023,0.1349605858613927,0.18847604907714188,0.043815787065041356,0.0,0
44107,49,2,53.65054803881884,53.678876602818676,0.02832856399983541,0.14466026201210053,0.0,0.0,0
44107,49,3,53.65054803881884,53.75307832456069,0.10253028574184953,0.14629025377511967,0.0016299917630191452,0.0,0
44107,50,1,53.567459519306894,53.60162121447529,0.03416169516839318,0.14686177599143585,0.0,0.0,0
44107,50,2,53.567459519306894,53.66391140504328,0.09645188573638563,0.16188725957398042,0.015025483582544574,0.0,0
44107,50,3,53.567459519306894,53.64835377512791,0.08089425582101484,0.15534984411491531,0.008488068123479464,0.0,0
44107,51,1,53.545268984741845,53.579584974715054,0.034315989973208616,0.14774772483224216,0.0,0.0,0
44107,51,2,53.545268984741845,53.603938658838445,0.05866967409659907,0.1790500646099542,0.031302339777712046,0.0,0
44107,51,3,53.545268984741845,53.58284829419722,0.037579309455374243,0.18356328520910134,0.03581556037685918,0.0,0
44107,52,1,2.252177788466348,2.327666052440706,0.07548826397435793,0.13783340992252505,0.0,0.029617291041194538,1
44107,52,2,2.252177788466348,2.5993093040138104,0.3471315155474626,0.1578355879696018,0.02000217804707674,0.0,0
44107,52,3,2.252177788466348,2.548910723998806,0.29673293553245816,0.18442894798935758,0.04659553806683253,0.0,0
44107,53,1,2.1414965424208203,2.305930428048154,0.16443388562733352,0.16345689083058107,0.0,0.02961729104119451,1
44107,53,2,2.1414965424208203,2.8893797278942173,0.7478831854733969,0.17734722680444276,0.01389033597386169,0.0,0
44107,53,3,2.1414965424208203,2.529476243401607,0.3879797009807868,0.22162811631613308,0.05817122548555201,0.0,0
44107,54,1,2.2201261419761007,2.9771472466819042,0.7570211047058035,0.12121881663711319,0.0,0.02961729104119451,1
44107,54,2,2.2201261419761007,2.962243326198741,0.7421171842226402,0.17881322845848158,0.05759441182136839,0.0,0
44107,54,3,2.2201261419761007,3.6890276999203477,1.468901557944247,0.2449186012731357,0.1236997846360225,0.0,0
44107,55,1,12.250128651791348,12.34005287607483,0.08992422428348235,0.16396981915386485,0.0,0.0,0
44107,55,2,12.250128651791348,12.418369786828872,0.16824113503752436,0.2070371555632613,0.043067336409396445,0.027859325194603046,1
44107,55,3,12.250128651791348,12.477222956145587,0.22709430435423883,0.22266131080028997,0.05869149164642512,0.027859325194603046,1
44107,56,1,16.666850791916282,16.73803868721304,0.0711878952967595,0.16994558149986685,0.0,0.0,0
44107,56,2,16.666850791916282,16.80982361911893,0.14297282720264803,0.2312799979498315,0.06133441644996465,0.027859325194603046,1
44107,56,3,16.666850791916282,16.853021738492764,0.1861709465764818,0.24685737521340237,0.07691179371353551,0.027859325194603046,1
44107,57,1,14.887101946652113,14.964916027736837,0.07781408108472476,0.13123938059889012,0.0,0.0,0
44107,57,2,14.887101946652113,15.024877921311603,0.13777597465949043,0.19357286363156634,0.06233348303267622,0.04192738765035371,1
44107,57,3,14.887101946652113,15.135333704637034,0.24823175798492159,0.23236715149029324,0.10112777089140312,0.03319254933529761,1
44107,58,1,13.65587962888102,13.732056641643345,0.07617701276232403,0.11646916175587937,0.0,0.008734838315056108,1
44107,58,2,13.65587962888102,13.897594141350638,0.24171451246961695,0.14131539967917545,0.02484623792329607,0.0,0
44107,58,3,13.65587962888102,13.85498778927346,0.19910816039243961,0.19279859478393224,0.07632943302805287,0.0,0
44107,59,1,21.167551264537583,21.272359041628583,0.10480777709100053,0.154344731348926,0.0,0.0,0
44107,59,2,21.167551264537583,21.33030193248035,0.16275066794276682,0.21301330423954074,0.05866857289061472,0.0,0
44107,59,3,21.167551264537583,21.317706345823787,0.15015508128620425,0.21399454562731765,0.05964981427839164,0.0,0
44107,60,1,11.77338061541791,11.883930346804963,0.11054973138705293,0.09288886655121321,0.0,0.012856349551382082,1
44107,60,2,11.77338061541791,11.999266478249046,0.2258858628311362,0.13437606829077264,0.04148720173955943,0.0,0
44107,60,3,11.77338061541791,11.97807159690987,0.20469098149196086,0.1778608967373965,0.08497203018618328,0.0,0
44108,0,1,2.4608798482680063,3.1823331003966833,0.721453252128677,0.1594953879479715,0.005211514148742574,0.09182632883024104,1
44108,0,2,2.4608798482680063,2.895433196377021,0.4345533481090147,0.15580995293778052,0.0015260791385516004,0.0,0
44108,0,3,2.4608798482680063,3.6318271138839933,1.170947265615987,0.15428387379922892,0.0,0.0,0
44108,1,1,2.9604656634336592,4.0234987179657775,1.0630330545321183,0.10772790321908952,0.022945316262527132,0.09182632883024104,1
44108,1,2,2.9604656634336592,3.490657550243115,0.530191886809456,0.08478258695656239,0.0,0.0,0
44108,1,3,2.9604656634336592,3.784526266333459,0.8240606028997997,0.0987718700077224,0.013989283051160012,0.0,0
44108,2,1,2.488528694166896,3.320736479535731,0.8322077853688348,0.22878901608600336,0.0,0.16195826951463196,1
44108,2,2,2.488528694166896,3.2522892445184484,0.7637605503515523,0.2443144105025425,0.015525394416539134,0.08477345491720237,1
44108,2,3,2.488528694166896,3.4295568512486354,0.9410281570817394,0.2560981428803847,0.027309126794381328,0.0,0
44108,3,1,3.301121480141217,4.08716664604931,0.7860451659080927,0.07028831095276958,0.0,0.161958269514632,1
44108,3,2,3.301121480141217,4.149006181555981,0.8478847014147637,0.13989772402159936,0.06960941306882978,0.08477345491720234,1
44108,3,3,3.301121480141217,4.271970089770157,0.9708486096289399,0.16152158308520412,0.09123327213243454,0.0,0
44108,4,1,2.2978991804945292,2.814642271274125,0.5167430907795958,0.139651276761707,0.0,0.0,0
44108,4,2,2.2978991804945292,3.0272194536891965,0.7293202731946673,0.16133551086246195,0.021684234100754957,0.0,0
44108,4,3,2.2978991804945292,3.283362872579194,0.9854636920846649,0.16360743879816633,0.02395616203645934,0.0,0
44108,5,1,1.740448922673422,2.2005414638911973,0.4600925412177752,0.21494272739885353,0.025210547492753643,0.09936099814842506,1
44108,5,2,1.740448922673422,2.0301478475954426,0.28969892492202054,0.1897321799060999,0.0,0.0,0
44108,5,3,1.740448922673422,2.1318043224533025,0.39135539977988043,0.20347458369288,0.0137424037867801,0.0,0
44108,6,1,1.8824125054230252,2.4443015673373667,0.5618890619143415,0.1762868667759186,0.0,0.09936099814842506,1
44108,6,2,1.8824125054230252,2.6114585647685464,0.7290460593455212,0.2546516161541175,0.07836474937819893,0.0,0
44108,6,3,1.8824125054230252,2.764970818501142,0.8825583130781167,0.2866097732907652,0.11032290651484661,0.0,0
44108,7,1,2.0667677113279934,3.436987398117079,1.3702196867890857,0.1106672141736357,0.013448186333848311,0.09936099814842506,1
44108,7,2,2.0667677113279934,2.521156992248061,0.4543892809200676,0.09721902783978739,0.0,0.0,0
44108,7,3,2.0667677113279934,2.809705006938463,0.7429372956104694,0.1045965834470229,0.007377555607235506,0.0,0
44108,8,1,2.0391001979864862,2.4806616162374433,0.44156141825095707,0.1432580547085011,0.0,0.0,0
44108,8,2,2.0391001979864862,2.642426121987296,0.60332592400081,0.19442748862483825,0.05116943391633716,0.0,0
44108,8,3,2.0391001979864862,2.956509422410946,0.9174092244244596,0.23467359682466032,0.09141554211615924,0.0,0
44108,9,1,3.199588063183317,3.580021421964949,0.380433358781632,0.1364523335996671,0.0,0.0,0
44108,9,2,3.199588063183317,3.7268864453264046,0.5272983821430874,0.14953633663692376,0.013084003037256653,0.0,0
44108,9,3,3.199588063183317,3.85463271156308,0.655044648379763,0.15364824764811047,0.017195914048443367,0.0,0
44108,10,1,3.4998507356714867,3.986362097126489,0.48651136145500207,0.16827793732873988,0.03314106295662955,0.0,0
44108,10,2,3.4998507356714867,3.7955936256805556,0.29574289000906884,0.13513687437211033,0.0,0.0,0
44108,10,3,3.4998507356714867,4.234348148094036,0.7344974124225496,0.13618238778134736,0.001045513409237031,0.0,0
44108,11,1,3.119618481891371,3.4484537215058375,0.3288352396144667,0.08339140235944606,0.0,0.0,0
44108,11,2,3.119618481891371,3.5748624922383847,0.4552440103470139,0.11051297887671353,0.027121576517267473,0.0,0
44108,11,3,3.119618481891371,3.7406297824944814,0.6210113006031106,0.12774773120674884,0.044356328847302784,0.0,0
44108,12,1,2.0935238263254234,2.586320829679937,0.4927970033545135,0.14181368549055665,0.0,0.0,0
44108,12,2,2.0935238263254234,2.7207306040230352,0.6272067776976118,0.18737188848042424,0.0455582029898676,0.0,0
44108,12,3,2.0935238263254234,3.372642805357286,1.2791189790318627,0.23069101037068226,0.08887732488012562,0.0,0
44108,13,1,1.7101527914970667,2.628984391648231,0.9188316001511645,0.18907477034929976,0.0,0.0,0
44108,13,2,1.7101527914970667,2.2143174524591247,0.504164660962058,0.19945097889787905,0.010376208548579291,0.0,0
44108,13,3,1.7101527914970667,2.6983719663784855,0.9882191748814189,0.25034085580256304,0.061266085453263286,0.0,0
44108,14,1,1.9081896678680916,2.5668240729267575,0.6586344050586659,0.11770876585698375,0.0,0.0,0
44108,14,2,1.9081896678680916,2.4430209989646925,0.5348313310966009,0.1936588334934494,0.07595006763646564,0.0,0
44108,14,3,1.9081896678680916,3.360167165345448,1.4519774974773565,0.26354863161355435,0.1458398657565706,0.0,0
44108,15,1,1.8135468682515896,2.567128049382729,0.7535811811311393,0.2047760413974521,0.003574022339266042,0.06976632289761575,1
44108,15,2,1.8135468682515896,2.218230792703877,0.4046839244522873,0.20120201905818605,0.0,0.0,0
44108,15,3,1.8135468682515896,2.227138077092352,0.4135912088407625,0.2225045102251947,0.021302491167008664,0.0,0
44108,16,1,1.622433674836221,2.23846145110383,0.616027776267609,0.13001300893679285,0.0,0.06976632289761575,1
44108,16,2,1.622433674836221,2.334506981853172,0.7120733070169509,0.18561122518556683,0.05559821624877398,0.0,0
44108,16,3,1.622433674836221,2.826003633753112,1.203569958916891,0.2340150341583539,0.10400202522156105,0.0,0
44108,17,1,2.0534653090955386,2.9799098572786358,0.9264445481830972,0.16243618391648315,0.03306216589063127,0.06976632289761575,1
44108,17,2,2.0534653090955386,2.5678808748340334,0.5144155657384948,0.12937401802585188,0.0,0.0,0
44108,17,3,2.0534653090955386,2.566725634706072,0.5132603256105335,0.18571692739617945,0.05634290937032757,0.0,0
44108,18,1,2.35956130518466,2.822681061398371,0.46311975621371104,0.16961020429955162,0.0,0.13805320843446078,1
44108,18,2,2.35956130518466,2.8990949243612483,0.5395336191765883,0.2466207259295869,0.07701052163003527,0.08104641018254921,1
44108,18,3,2.35956130518466,3.0397577741753787,0.6801964689907187,0.27046161750873565,0.10085141320918403,0.0,0
44108,19,1,2.0750190913037416,2.7254454068477423,0.6504263155440007,0.11502476255257121,0.0,0.1825778997898949,1
44108,19,2,2.0750190913037416,2.848189172176911,0.7731700808731694,0.15729576706603898,0.04227100451346777,0.1015314896073457,1
44108,19,3,2.0750190913037416,2.7764876653492094,0.7014685740454678,0.18345691314089646,0.06843215058832525,0.0,0
44108,20,1,1.7271124750061344,2.6428113015316903,0.9156988265255559,0.18310979690084384,0.004578790657457282,0.0,0
44108,20,2,1.7271124750061344,1.8950807453434464,0.167968270337312,0.17853100624338655,0.0,0.0,0
44108,20,3,1.7271124750061344,2.199631321216485,0.4725188462103507,0.2010616233999848,0.022530617156598237,0.0,0
44108,21,1,1.5872201097223904,2.604051662851033,1.0168315531286425,0.16914516958459083,0.0012008621547842657,0.0,0
44108,21,2,1.5872201097223904,1.8475550856639522,0.26033497594156185,0.16794430742980657,0.0,0.0,0
44108,21,3,1.5872201097223904,2.0996322783554304,0.5124121686330401,0.20247507692496713,0.03453076949516057,0.0,0
44108,22,1,2.1732964863508055,2.907914447578381,0.7346179612275754,0.1623138250847353,0.044351152892872406,0.0,0
44108,22,2,2.1732964863508055,2.6044759332336573,0.4311794468828518,0.11796267219186289,0.0,0.0,0
44108,22,3,2.1732964863508055,2.5920656958743167,0.41876920952351115,0.1742827055198561,0.05632003332799322,0.0,0
44108,23,1,1.8228859779389155,2.295061091063108,0.4721751131241927,0.18254286561935829,0.0,0.0,0
44108,23,2,1.8228859779389155,2.479929784895264,0.6570438069563487,0.1896253765082357,0.007082510888877402,0.0,0
44108,23,3,1.8228859779389155,2.602848930937312,0.7799629529983965,0.19737404315940352,0.014831177540045232,0.0,0
44108,24,1,1.918120576210606,2.4701501134617794,0.5520295372511734,0.13216146123711003,0.0,0.0,0
44108,24,2,1.918120576210606,2.4878564049941683,0.5697358287835623,0.15204453228855014,0.019883071051440104,0.0,0
44108,24,3,1.918120576210606,2.503140908679084,0.5850203324684782,0.16485772458144277,0.03269626334433273,0.0,0
44108,25,1,2.387434171241158,3.1367589888118728,0.7493248175707148,0.12603555623024953,0.008350802373673888,0.0,0
44108,25,2,2.387434171241158,3.1522461723542405,0.7648120011130826,0.11768475385657565,0.0,0.0,0
44108,25,3,2.387434171241158,2.812312274331483,0.4248781030903248,0.14173318250279082,0.024048428646215175,0.0,0
44108,26,1,5.635017351502128,5.798952179418088,0.16393482791596004,0.21332582529367564,0.0,0.0,0
44108,26,2,5.635017351502128,5.850675756981942,0.21565840547981363,0.24490166359837773,0.03157583830470209,0.007460167814327179,1
44108,26,3,5.635017351502128,5.892191685715249,0.2571743342131212,0.27778184800930666,0.06445602271563103,0.02196787205456635,1
44108,27,1,2.6451795064071675,3.489091794689801,0.8439122882826333,0.11717604765622816,0.0,0.0,0
44108,27,2,2.6451795064071675,3.3618726404424573,0.7166931340352898,0.15953833469535547,0.04236228703912731,0.007460167814327234,1
44108,27,3,2.6451795064071675,3.464995946418045,0.8198164400108774,0.19224091572890503,0.07506486807267687,0.02196787205456635,1
44108,28,1,1.0527182348568196,1.1281524456075924,0.07543421075077283,0.1127634390477281,0.0,0.0,0
44108,28,2,1.0527182348568196,1.2220174746238492,0.16929923976702965,0.13227930716823205,0.019515868120503946,0.0,0
44108,28,3,1.0527182348568196,1.4811273266635872,0.42840909180676756,0.12349219525004594,0.010728756202317835,0.0,0
44108,29,1,1.5987421969945654,1.8844852032512922,0.2857430062567268,0.18695365499933067,0.012812786785130148,0.0,0
44108,29,2,1.5987421969945654,1.9632505207332631,0.3645083237386977,0.17414086821420052,0.0,0.0,0
44108,29,3,1.5987421969945654,2.0402271796661,0.4414849826715346,0.18018325787255954,0.006042389658359015,0.0,0
44108,30,1,2.543293087462345,2.803938909134939,0.26064582167259376,0.12978547755973954,0.0,0.0,0
44108,30,2,2.543293087462345,3.340292256847094,0.7969991693847489,0.12983863989146097,5.3162331721423595e-05,0.0,0
44108,30,3,2.543293087462345,2.8617709863568037,0.31847789889445854,0.17542259336096128,0.045637115801221734,0.0,0
44108,31,1,4.099640630920691,5.25565086172884,1.1560102308081497,0.13253348479349603,0.004506928676352273,0.0,0
44108,31,2,4.099640630920691,4.561858073721714,0.4622174428010233,0.1292425862585038,0.0012160301413600416,0.0,0
44108,31,3,4.099640630920691,5.170950370717553,1.0713097397968623,0.12802655611714375,0.0,0.0,0
44108,32,1,3.8801133730286637,4.963744561821679,1.0836311887930155,0.13686852456332346,0.00498773652560322,0.0,0
44108,32,2,3.8801133730286637,4.354790395952071,0.47467702292340697,0.13279810492612662,0.0009173168884063776,0.0,0
44108,32,3,3.8801133730286637,5.017140239681909,1.1370268666532457,0.13188078803772024,0.0,0.0,0
44108,33,1,3.964287648345241,4.5844765927392706,0.6201889443940294,0.07769891682259669,0.0,0.0,0
44108,33,2,3.964287648345241,4.497197677796828,0.5329100294515872,0.08900889833894661,0.011309981516349918,0.0,0
44108,33,3,3.964287648345241,4.598242463869423,0.6339548155241816,0.10248751266272553,0.024788595840128838,0.0,0
44108,34,1,1.721376447645369,2.3468713542643433,0.6254949066189743,0.18752453384349635,0.0,0.10555598203470704,1
44108,34,2,1.721376447645369,2.4144831336904646,0.6931066860450956,0.22515862414255924,0.037634090299062894,0.0,0
44108,34,3,1.721376447645369,2.662216759268836,0.9408403116234672,0.2604227983604342,0.07289826451693784,0.0,0
44108,35,1,2.1436113760781437,2.7929476973685268,0.6493363212903831,0.16927090993749172,0.0,0.10555598203470706,1
44108,35,2,2.1436113760781437,2.5626549241040246,0.41904354802588095,0.1803046524723967,0.011033742534904967,0.0,0
44108,35,3,2.1436113760781437,2.6384274643291077,0.494816088250964,0.21451647666687326,0.04524556672938154,0.0,0
44108,36,1,2.3507621684745073,2.763501617484125,0.4127394490096177,0.12439931378414229,0.0,0.10555598203470705,1
44108,36,2,2.3507621684745073,2.838478277270058,0.4877161087955506,0.14803475526617738,0.023635441482035086,0.0,0
44108,36,3,2.3507621684745073,3.376406648090626,1.0256444796161186,0.22848578686120924,0.10408647307706695,0.0,0
44108,37,1,1.4569699236640115,1.7228795367055696,0.26590961304155813,0.1407231244156536,0.0,0.0918432570224697,1
44108,37,2,1.4569699236640115,2.12795970027817,0.6709897766141584,0.1500416377962381,0.009318513380584509,0.0,0
44108,37,3,1.4569699236640115,2.076103249128844,0.6191333254648326,0.1623038712237601,0.02158074680810651,0.0,0
44108,38,1,1.616281305475362,1.878579273659965,0.26229796818460294,0.14239371172106666,0.0,0.0918432570224697,1
44108,38,2,1.616281305475362,2.1385222804579054,0.5222409749825434,0.1563011700723032,0.013907458351236551,0.0,0
44108,38,3,1.616281305475362,2.0668680944015216,0.45058678892615966,0.17172875035051804,0.029335038629451388,0.0,0
44108,39,1,3.054203191246189,3.7564079706966327,0.7022047794504438,0.1500882504636833,0.026549969759449468,0.0918432570224697,1
44108,39,2,3.054203191246189,3.474842860769659,0.42063966952347,0.12353828070423382,0.0,0.0,0
44108,39,3,3.054203191246189,3.6214595653035815,0.5672563740573926,0.17621496957611363,0.052676688871879804,0.0,0
44108,40,1,2.149382163615139,2.407155956461498,0.25777379284635904,0.16252596492158497,0.0,0.1789429896994151,1
44108,40,2,2.149382163615139,2.462870228424168,0.31348806480902924,0.17765211848806856,0.015126153566483586,0.09710280735851215,1
44108,40,3,2.149382163615139,2.6735497944833577,0.5241676308682188,0.19044178694411534,0.027915822022530373,0.0,0
44108,41,1,2.61475275512437,3.2903292754301865,0.6755765203058166,0.13638593074749528,0.0,0.1789429896994151,1
44108,41,2,2.61475275512437,3.067402085325255,0.45264933020088494,0.15167507950045822,0.015289148752962944,0.09710280735851218,1
44108,41,3,2.61475275512437,3.230475109336177,0.6157223542118073,0.17528323944514876,0.03889730869765348,0.0,0
44108,42,1,2.2597188153154906,2.4559217584429627,0.1962029431274721,0.18273058826715635,0.04382418387821971,0.0,0
44108,42,2,2.2597188153154906,2.431252936973941,0.17153412165845028,0.13890640438893664,0.0,0.0,0
44108,42,3,2.2597188153154906,2.574371527426418,0.31465271211092727,0.14318713376812006,0.004280729379183418,0.0,0
44108,43,1,3.05893567778579,3.111621789172999,0.0526861113872088,0.13427728298889952,0.0,0.0,0
44108,43,2,3.05893567778579,3.1813608847638184,0.12242520697802828,0.16835062823829047,0.03407334524939096,0.0,0
44108,43,3,3.05893567778579,3.2016298003133583,0.1426941225275682,0.17781849591736462,0.043541212928465106,0.0,0
44108,44,1,1.3915148351744477,1.881602927872534,0.4900880926980862,0.13415900491950464,0.014953492066138052,0.0,0
44108,44,2,1.3915148351744477,1.7675583552101295,0.37604352003568176,0.11920551285336659,0.0,0.0,0
44108,44,3,1.3915148351744477,1.9752282135227315,0.5837133783482837,0.13106572610298167,0.011860213249615087,0.0,0
44108,45,1,2.866653100557847,3.2135289263026108,0.34687582574476394,0.17011285022870923,0.0,0.07282976896730076,1
44108,45,2,2.866653100557847,3.165714001258353,0.29906090070050606,0.19259387066081135,0.022481020432102122,0.0,0
44108,45,3,2.866653100557847,3.129448996755053,0.26279589619720634,0.2081834983264179,0.03807064809770866,0.0,0
44108,46,1,2.721093787991668,2.9861446078004494,0.2650508198087813,0.14581978856221925,0.0,0.07282976896730076,1
44108,46,2,2.721093787991668,3.0335435013790977,0.31244971338742955,0.18090518765830851,0.035085399096089265,0.0,0
44108,46,3,2.721093787991668,3.13326614601472,0.4121723580230521,0.197262762627285,0.05144297406506576,0.0,0
44108,47,1,2.6016677981844625,3.4584793143652255,0.856811516180763,0.06627406910619246,0.0,0.07282976896730076,1
44108,47,2,2.6016677981844625,3.4903813684219207,0.8887135702374582,0.09494522904907063,0.028671159942878166,0.0,0
44108,47,3,2.6016677981844625,3.2940056685465064,0.692337870362044,0.09930542886870558,0.03303135976251312,0.0,0
44108,48,1,53.846809079026016,53.97607365648719,0.12926457746117137,0.1859413756394844,0.04090729402207702,0.0,0
44108,48,2,53.846809079026016,53.89687103863828,0.05006195961226467,0.14503408161740738,0.0,0.0,0
44108,48,3,53.846809079026016,53.92782632445085,0.08101724542483169,0.14645090060081967,0.0014168189834122824,0.0,0
44108,49,1,53.76236574771838,53.81751729238253,0.05515154466415595,0.1483439874021323,0.0,0.0,0
44108,49,2,53.76236574771838,53.84290338731362,0.08053763959524218,0.16129657408540818,0.012952586683275868,0.0,0
44108,49,3,53.76236574771838,53.85265430571733,0.09028855799895297,0.15141607840435203,0.0030720910022197234,0.0,0
44108,50,1,53.7367504110437,53.79103689882835,0.05428648778465117,0.14795916055419814,0.0,0.0,0
44108,50,2,53.7367504110437,53.778416237125704,0.041665826082002866,0.16494521611548718,0.016986055561289043,0.0,0
44108,50,3,53.7367504110437,53.78914389877583,0.05239348773213237,0.181708957685143,0.033749797130944864,0.0,0
44108,51,1,2.2664290360307717,2.351603982110141,0.08517494607936937,0.13335580573114988,0.0,0.030197442347141112,1
44108,51,2,2.2664290360307717,2.4473806839478316,0.18095164791705987,0.1504192535141319,0.017063447782982022,0.0,0
44108,51,3,2.2664290360307717,2.397087835670887,0.1306587996401154,0.17121505038930557,0.03785924465815568,0.0,0
44108,52,1,2.123264338571198,2.7909545939108047,0.6676902553396067,0.17458725387176513,0.0042388475637132605,0.030197442347141085,1
44108,52,2,2.123264338571198,2.9092369403396163,0.7859726017684183,0.17034840630805187,0.0,0.0,0
44108,52,3,2.123264338571198,2.6205789131523303,0.49731457458113226,0.20347700266607238,0.03312859635802051,0.0,0
44108,53,1,2.2786197833518362,2.7907268823064895,0.5121070989546532,0.13009098957211693,0.0,0.030197442347141085,1
44108,53,2,2.2786197833518362,2.831151780567681,0.5525319972158447,0.17820815663412112,0.048117167062004196,0.0,0
44108,53,3,2.2786197833518362,3.212197669768107,0.9335778864162707,0.23513290644627755,0.10504191687416062,0.0,0
44108,54,1,1.23415606772507,2.240040007263893,1.005883939538823,0.13180613816750308,0.00499310497199057,0.0,0
44108,54,2,1.23415606772507,2.424211852199612,1.1900557844745419,0.12681303319551251,0.0,0.0,0
44108,54,3,1.23415606772507,1.6918952649981214,0.45773919727305135,0.13474783372937935,0.007934800533866831,0.0,0
44108,55,1,1.1720621373358528,1.5208051258544018,0.3487429885185489,0.16865629531212312,0.020426879011101157,0.0,0
44108,55,2,1.1720621373358528,1.8255448402424581,0.6534827029066053,0.1535247148225067,0.005295298521484748,0.0,0
44108,55,3,1.1720621373358528,2.14960824403689,0.9775461067010371,0.14822941630102196,0.0,0.0,0
44108,56,1,1.5935088175781151,2.0546309089139205,0.4611220913358054,0.1391384508107859,0.0,0.0,0
44108,56,2,1.5935088175781151,2.0112260738556933,0.41771725627757816,0.1572464650515217,0.018108014240735798,0.0,0
44108,56,3,1.5935088175781151,1.9028777341359748,0.3093689165578597,0.16998557792749458,0.030847127116708672,0.0,0
44108,57,1,12.272895884787527,12.371582539810941,0.098686655023414,0.16915483875432946,0.0,0.0,0
44108,57,2,12.272895884787527,12.433047539358844,0.16015165457131708,0.21761038507838523,0.04845554632405577,0.0268670078317768,1
44108,57,3,12.272895884787527,12.582777004277329,0.3098811194898019,0.23190004202611145,0.06274520327178199,0.0268670078317768,1
44108,58,1,16.67602897668845,16.758230559926442,0.08220158323799254,0.1635882891177995,0.0,0.0,0
44108,58,2,16.67602897668845,16.831138635434037,0.15510965874558735,0.2412500313962022,0.07766174227840272,0.02686700783177679,1
44108,58,3,16.67602897668845,16.927340068447553,0.2513110917591028,0.2574938427287456,0.0939055536109461,0.02686700783177679,1
44108,59,1,14.913074089045669,15.004455499317885,0.09138141027221636,0.13935181227463472,0.0,0.0,0
44108,59,2,14.913074089045669,15.06013266018481,0.14705857113914078,0.2131846508995124,0.07383283862487769,0.04255988718202436,1
44108,59,3,14.913074089045669,15.19220247888634,0.2791283898406718,0.23799334991925875,0.09864153764462402,0.03326677870225439,1
44108,60,1,13.64416451090031,13.744830100260927,0.10066558936061654,0.12334092233667604,0.0,0.009293108479769968,1
44108,60,2,13.64416451090031,13.831794164264426,0.18762965336411597,0.15375608287039444,0.0304151605337184,0.0,0
44108,60,3,13.64416451090031,13.949718273484132,0.3055537625838216,0.17624570023927483,0.05290477790259879,0.0,0
44108,61,1,21.20207584201578,21.320358646299937,0.11828280428415638,0.15091093047193874,0.0,0.0,0
44108,61,2,21.20207584201578,21.378377950394736,0.17630210837895532,0.20596365913946588,0.05505272866752714,0.0,0
44108,61,3,21.20207584201578,21.47974819636719,0.27767235435140947,0.19935804969276977,0.04844711922083103,0.0,0
44108,62,1,11.763733430746385,11.900289571547692,0.13655614080130718,0.10722146805090099,0.0,0.013118826499956902,1
44108,62,2,11.763733430746385,12.025569472640466,0.2618360418940817,0.13226040195898522,0.025038933908084232,0.0,0
44108,62,3,11.763733430746385,12.140664550791898,0.3769311200455139,0.15924902874186891,0.05202756069096792,0.0,0
44109,0,1,3.046716694162322,3.5918506231275273,0.5451339289652055,0.09206599846492887,0.0,0.15797566463238744,1
44109,0,2,3.046716694162322,3.704323730574104,0.6576070364117821,0.16811012019684374,0.07604412173191487,0.08247224964628916,1
44109,0,3,3.046716694162322,3.867809841720544,0.8210931475582224,0.18679166808254927,0.0947256696176204,0.0,0
44109,1,1,2.177898499639996,2.6029198372019122,0.4250213375619163,0.1422192026790342,0.0,0.0,0
44109,1,2,2.177898499639996,2.67366149530271,0.4957629956627141,0.15960111668189192,0.017381914002857712,0.0,0
44109,1,3,2.177898499639996,2.715130755911061,0.5372322562710652,0.1691173870764175,0.026898184397383285,0.0,0
44109,2,1,1.737137855443963,1.9180128811920931,0.1808750257481302,0.18578579167284182,0.0,0.09846788965634523,1
44109,2,2,1.737137855443963,2.0458601866513213,0.30872233120735837,0.19010283183990243,0.0043170401670606096,0.0,0
44109,2,3,1.737137855443963,1.8351354268315618,0.0979975713875989,0.19689128643574097,0.011105494762899154,0.0,0
44109,3,1,1.7964772792806287,2.152666076769111,0.3561887974884823,0.1778615495731444,0.0,0.09846788965634524,1
44109,3,2,1.7964772792806287,2.3029097318015053,0.5064324525208765,0.25110898044938773,0.07324743087624333,0.0,0
44109,3,3,1.7964772792806287,2.511081821233277,0.7146045419526481,0.287447997624795,0.1095864480516506,0.0,0
44109,4,1,2.081932392100866,3.4529678317432286,1.3710354396423625,0.13279311731466809,0.029079234899328232,0.09846788965634523,1
44109,4,2,2.081932392100866,2.920681072866905,0.8387486807660389,0.10371388241533985,0.0,0.0,0
44109,4,3,2.081932392100866,3.2492156351367276,1.1672832430358615,0.11046114582280617,0.006747263407466314,0.0,0
44109,5,1,2.0218541882786196,2.3301153347889296,0.30826114651031,0.14842739864086604,0.0,0.0,0
44109,5,2,2.0218541882786196,2.4168705360263023,0.3950163477476827,0.18631588629654167,0.03788848765567562,0.0,0
44109,5,3,2.0218541882786196,2.6224698374445703,0.6006156491659507,0.2152670732833488,0.06683967464248275,0.0,0
44109,6,1,3.0091577774450724,3.256250479681787,0.24709270223671442,0.1400266216122055,0.0,0.0,0
44109,6,2,3.0091577774450724,3.293119943000222,0.2839621655551494,0.15093951992748117,0.010912898315275671,0.0,0
44109,6,3,3.0091577774450724,3.3375335071701686,0.3283757297250962,0.16368517382619668,0.023658552213991185,0.0,0
44109,7,1,2.892701779136561,3.570014529239482,0.6773127501029212,0.1637986580304078,0.02083417038955024,0.0,0
44109,7,2,2.892701779136561,3.1957045452230988,0.303002766086538,0.14296448764085756,0.0,0.0,0
44109,7,3,2.892701779136561,3.7777373627170463,0.8850355835804855,0.14301221944518197,4.7731804324407934e-05,0.0,0
44109,8,1,2.5035992757795773,3.045617161975809,0.5420178861962315,0.08847285430723976,0.0,0.0,0
44109,8,2,2.5035992757795773,2.920123358228592,0.4165240824490146,0.12822952780063593,0.039756673493396164,0.0,0
44109,8,3,2.5035992757795773,3.0351891304357808,0.5315898546562035,0.1451465769135981,0.05667372260635835,0.0,0
44109,9,1,2.0958778153787967,2.504857974501726,0.4089801591229292,0.14605459363465384,0.0,0.0,0
44109,9,2,2.0958778153787967,2.5811320389415497,0.48525422356275305,0.1796335537935994,0.03357896015894557,0.0,0
44109,9,3,2.0958778153787967,2.8080203308551566,0.7121425154763599,0.20672181695541803,0.060667223320764185,0.0,0
44109,10,1,1.5977890510317867,2.279536095462054,0.6817470444302673,0.18157555868034025,0.0,0.0,0
44109,10,2,1.5977890510317867,2.1241618277986536,0.5263727767668669,0.20282076705339813,0.021245208373057878,0.0,0
44109,10,3,1.5977890510317867,2.156602100190318,0.5588130491585315,0.2259978671630809,0.04442230848274065,0.0,0
44109,11,1,1.8078076499973956,2.284105372182442,0.4762977221850464,0.12079953889335114,0.0,0.0,0
44109,11,2,1.8078076499973956,2.2883554428674735,0.4805477928700779,0.18723097255586896,0.06643143366251782,0.0,0
44109,11,3,1.8078076499973956,2.739499310191841,0.9316916601944454,0.23500515312507658,0.11420561423172544,0.0,0
44109,12,1,1.8554955346377398,2.0838814082391948,0.22838587360145501,0.19949002243915717,0.0,0.07077122375447802,1
44109,12,2,1.8554955346377398,2.297047075995556,0.4415515413578164,0.20532067885580643,0.00583065641664926,0.0,0
44109,12,3,1.8554955346377398,2.0140847532463493,0.15858921860860953,0.23198000030767196,0.03248997786851479,0.0,0
44109,13,1,1.610297532792054,2.0827883492627626,0.4724908164707087,0.13730921804015686,0.0,0.070771223754478,1
44109,13,2,1.610297532792054,2.2152022907925133,0.6049047580004594,0.18269478982508006,0.045385571784923195,0.0,0
44109,13,3,1.610297532792054,2.555885130326982,0.9455875975349282,0.22375416904487713,0.08644495100472027,0.0,0
44109,14,1,2.0035691878473036,2.9488400593921353,0.9452708715448317,0.14410829700360545,0.02261847922073433,0.07077122375447802,1
44109,14,2,2.0035691878473036,2.7910870405197237,0.78751785267242,0.12148981778287112,0.0,0.0,0
44109,14,3,2.0035691878473036,2.660349117014872,0.6567799291675684,0.18191324264894937,0.060423424866078254,0.0,0
44109,15,1,2.2388855700065364,2.514052984537089,0.2751674145305527,0.14869660773370433,0.0,0.13515442953824092,1
44109,15,2,2.2388855700065364,2.583383633667174,0.3444980636606374,0.21998549343445103,0.07128888570074671,0.07942655331545206,1
44109,15,3,2.2388855700065364,2.7031790929230715,0.46429352291653503,0.2597148325052596,0.11101822477155529,0.0,0
44109,16,1,2.2928947993064495,3.024596357559955,0.7317015582535054,0.14701767494607343,0.0,0.17948302298807356,1
44109,16,2,2.2928947993064495,3.2053631927723956,0.9124683934659461,0.2107385884707812,0.06372091352470777,0.1000564696726215,1
44109,16,3,2.2928947993064495,3.2198562255148913,0.9269614262084418,0.22782561183027084,0.0808079368841974,0.0,0
44109,17,1,1.4840266540824276,2.2789375068687825,0.7949108527863549,0.1800833868567909,0.006518363661816434,0.0,0
44109,17,2,1.4840266540824276,1.805882162640352,0.32185550855792444,0.17356502319497447,0.0,0.0,0
44109,17,3,1.4840266540824276,1.8421549642866928,0.35812831020426517,0.19182533161745782,0.018260308422483357,0.0,0
44109,18,1,1.696176661272752,2.1022584652875294,0.40608180401477734,0.164563442677534,0.003647643307953724,0.0,0
44109,18,2,1.696176661272752,2.2892133406321564,0.5930366793594044,0.16091579936958028,0.0,0.0,0
44109,18,3,1.696176661272752,1.7449406137449142,0.04876395247216214,0.17990719165292143,0.018991392283341152,0.0,0
44109,19,1,2.1525463842904276,3.1562036347396942,1.0036572504492667,0.13929731812640705,0.03249182093271527,0.0,0
44109,19,2,2.1525463842904276,2.9471417331697105,0.794595348879283,0.10680549719369178,0.0,0.0,0
44109,19,3,2.1525463842904276,2.5256524353712697,0.37310605108084216,0.15476434692981722,0.047958849736125436,0.0,0
44109,20,1,2.1401179258973735,2.2859459189267293,0.14582799302935578,0.14850089335860273,0.0,0.0,0
44109,20,2,2.1401179258973735,2.8129613914652984,0.672843465567925,0.16375333055833843,0.015252437199735708,0.0,0
44109,20,3,2.1401179258973735,2.7365840989814267,0.5964661730840533,0.1560943868703402,0.007593493511737465,0.0,0
44109,21,1,1.999779982107921,2.2853524667211884,0.28557248461326745,0.1222905193126639,0.0,0.0,0
44109,21,2,1.999779982107921,2.48024837820637,0.4804683960984488,0.15427429786282854,0.03198377855016464,0.0,0
44109,21,3,1.999779982107921,2.2756199096567573,0.27583992754883635,0.1608364692833511,0.03854594997068721,0.0,0
44109,22,1,2.483657253957296,3.4029445924250465,0.9192873384677505,0.12262125184676981,0.019041629463960305,0.0,0
44109,22,2,2.483657253957296,3.5435013249227145,1.0598440709654184,0.1035796223828095,0.0,0.0,0
44109,22,3,2.483657253957296,2.9930677167445006,0.5094104627872045,0.14364233154974068,0.04006270916693118,0.0,0
44109,23,1,5.482442893577606,5.608023045344985,0.12558015176737847,0.19207885713156198,0.0,0.0,0
44109,23,2,5.482442893577606,5.666690909136981,0.18424801555937442,0.25614370538677983,0.06406484825521785,0.006983811160303499,1
44109,23,3,5.482442893577606,5.874688827806097,0.39224593422849097,0.29399236807441614,0.10191351094285417,0.021371273496609,1
44109,24,1,2.6156778663707856,3.493446576681211,0.8777687103104252,0.14277642510861233,0.0,0.0,0
44109,24,2,2.6156778663707856,3.6924541098852446,1.076776243514459,0.21941930143614766,0.07664287632753533,0.006983811160303444,1
44109,24,3,2.6156778663707856,3.6661404906216575,1.050462624250872,0.23993616388412267,0.09715973877551035,0.021371273496609,1
44109,25,1,1.137187259497575,1.3321445482070735,0.19495728870949858,0.11218364197059535,0.0,0.0,0
44109,25,2,1.137187259497575,2.016540625899432,0.8793533664018569,0.11799612861595392,0.005812486645358564,0.0,0
44109,25,3,1.137187259497575,1.8503364399646969,0.713149180467122,0.1160460680333672,0.0038624260627718454,0.0,0
44109,26,1,1.5665899269422443,2.580259972797487,1.0136700458552426,0.22565413374996812,0.01891059178647897,0.0,0
44109,26,2,1.5665899269422443,2.129658150938775,0.5630682239965306,0.20674354196348915,0.0,0.0,0
44109,26,3,1.5665899269422443,2.5430885485598145,0.9764986216175702,0.211086552271888,0.0043430103083988425,0.0,0
44109,27,1,2.6577761255318157,2.9219561998573393,0.2641800743255236,0.11698516968253185,0.0,0.0,0
44109,27,2,2.6577761255318157,3.564276104697478,0.906499979165662,0.1243404542789993,0.0073552845964674485,0.0,0
44109,27,3,2.6577761255318157,3.185939900592334,0.5281637750605181,0.21268942866204588,0.09570425897951403,0.0,0
44109,28,1,3.3721001881893002,4.286225185430032,0.9141249972407319,0.13661095417392505,0.006803997627304048,0.0,0
44109,28,2,3.3721001881893002,3.7632628111923396,0.3911626230030394,0.129806956546621,0.0,0.0,0
44109,28,3,3.3721001881893002,4.063783216961474,0.6916830287721734,0.13186450101841476,0.002057544471793765,0.0,0
44109,29,1,3.136561857255275,3.8809249765514844,0.7443631192962092,0.13932060084500847,0.008543208299245847,0.0,0
44109,29,2,3.136561857255275,3.5391792563857036,0.4026173991304285,0.13077739254576262,0.0,0.0,0
44109,29,3,3.136561857255275,3.5500470293139506,0.4134851720586754,0.14055721538130256,0.009779822835539936,0.0,0
44109,30,1,3.188758576006044,3.851364728829336,0.6626061528232916,0.07897764233308616,0.0,0.0,0
44109,30,2,3.188758576006044,3.83766869080394,0.648910114797896,0.09997147783287455,0.020993835499788394,0.0,0
44109,30,3,3.188758576006044,3.8806703594764613,0.6919117834704172,0.10482492216514215,0.025847279832055994,0.0,0
44109,31,1,1.661572501877016,2.0304219242007306,0.36884942232371465,0.17077717747027193,0.0,0.10371317337699085,1
44109,31,2,1.661572501877016,2.0526135073480356,0.3910410054710196,0.18677608212989463,0.015998904659622698,0.0,0
44109,31,3,1.661572501877016,2.176692019724914,0.5151195178478982,0.1997539453382703,0.028976767867998354,0.0,0
44109,32,1,2.11232050776409,2.232870884955733,0.12055037719164297,0.17133468383151845,0.0,0.10371317337699085,1
44109,32,2,2.11232050776409,2.400776457978925,0.28845595021483517,0.18618267481694667,0.014847990985428217,0.0,0
44109,32,3,2.11232050776409,2.2570559091400226,0.14473540137593277,0.21082324597403,0.039488562142511535,0.0,0
44109,33,1,2.2796319283962037,2.713378107267265,0.43374617887106126,0.12274802839353609,0.0,0.10371317337699085,1
44109,33,2,2.2796319283962037,2.918586213747093,0.6389542853508892,0.14227332093219533,0.019525292538659242,0.0,0
44109,33,3,2.2796319283962037,3.1082848496370215,0.8286529212408178,0.23499529953141918,0.11224727113788309,0.0,0
44109,34,1,1.6412389626657287,1.7606383290136598,0.11939936634793114,0.13484668096264704,0.0,0.09242455394856283,1
44109,34,2,1.6412389626657287,1.996891082708115,0.35565212004238633,0.14740068755923882,0.012554006596591782,0.0,0
44109,34,3,1.6412389626657287,2.028887547827194,0.3876485851614653,0.16623155297366593,0.03138487201101889,0.0,0
44109,35,1,1.6847419655244529,1.8850329389311717,0.20029097340671886,0.1312210030415042,0.0,0.09242455394856283,1
44109,35,2,1.6847419655244529,2.029856042296112,0.3451140767716592,0.15218339916515752,0.020962396123653332,0.0,0
44109,35,3,1.6847419655244529,2.0491689348341167,0.3644269693096638,0.16387327937092672,0.032652276329422525,0.0,0
44109,36,1,3.0842749619051824,3.797921147219023,0.7136461853138405,0.14446276705377256,0.021522574585775417,0.09242455394856283,1
44109,36,2,3.0842749619051824,3.5668543161064505,0.4825793542012682,0.12294019246799714,0.0,0.0,0
44109,36,3,3.0842749619051824,3.7178717107901837,0.6335967488850014,0.1781151221398514,0.05517492967185425,0.0,0
44109,37,1,1.9006570618968748,2.159109401541076,0.2584523396442011,0.15180484324010635,0.0,0.1757019430697165,1
44109,37,2,1.9006570618968748,2.210531730215444,0.30987466831856936,0.16255387866434964,0.010749035424243297,0.09540345284110932,1
44109,37,3,1.9006570618968748,2.2728572526834823,0.3722001907866075,0.18293773865642812,0.031132895416321776,0.0,0
44109,38,1,2.4092605978515005,3.3185746905592217,0.9093140927077212,0.14918227487292537,0.0,0.17570194306971654,1
44109,38,2,2.4092605978515005,2.8730326337642937,0.46377203591279326,0.1623061337400444,0.013123858867119031,0.0954034528411093,1
44109,38,3,2.4092605978515005,3.3980828365325273,0.9888222386810268,0.18664300054551122,0.03746072567258585,0.0,0
44109,39,1,2.5246824359772577,3.1636270693170103,0.6389446333397526,0.16926513394696327,0.022339020421870026,0.0,0
44109,39,2,2.5246824359772577,2.8165291189270736,0.29184668294981586,0.14692611352509324,0.0,0.0,0
44109,39,3,2.5246824359772577,3.2957895649396973,0.7711071289624396,0.14909298070965704,0.0021668671845637977,0.0,0
44109,40,1,3.1266475895980665,3.3087852168818657,0.18213762728379912,0.13679322347818046,0.0,0.0,0
44109,40,2,3.1266475895980665,3.4997830452115735,0.3731354556135069,0.20387666499610085,0.0670834415179204,0.0,0
44109,40,3,3.1266475895980665,3.3511935884392043,0.2245459988411378,0.2233998162730578,0.08660659279487734,0.0,0
44109,41,1,1.6334042962794135,1.8503534923520906,0.21694919607267704,0.11199759909917556,0.0,0.0,0
44109,41,2,1.6334042962794135,2.46610706215298,0.8327027658735666,0.12762145388139634,0.01562385478222078,0.0,0
44109,41,3,1.6334042962794135,2.6210046600724697,0.9876003637930562,0.11937763222826421,0.007380033129088651,0.0,0
44109,42,1,2.47810850067923,2.7141490676406073,0.23604056696137743,0.16904254433759297,0.0,0.0728635477536389,1
44109,42,2,2.47810850067923,2.7717276243133595,0.2936191236341297,0.1777552562818696,0.008712711944276641,0.0,0
44109,42,3,2.47810850067923,2.6625642203398345,0.1844557196606047,0.20321860760485616,0.03417606326726319,0.0,0
44109,43,1,2.1343383161653025,2.4491088976472466,0.31477058148194414,0.15220626873867002,0.0,0.0728635477536389,1
44109,43,2,2.1343383161653025,2.487622179744844,0.35328386357954145,0.16751743825303492,0.015311169514364897,0.0,0
44109,43,3,2.1343383161653025,2.473204685289126,0.3388663691238234,0.18750280939184116,0.03529654065317114,0.0,0
44109,44,1,2.4868661696924472,3.5230731739753667,1.0362070042829195,0.07357070932592337,0.0,0.0728635477536389,1
44109,44,2,2.4868661696924472,3.3356852350020523,0.848819065309605,0.09156965077772067,0.0179989414517973,0.0,0
44109,44,3,2.4868661696924472,3.671626912891051,1.1847607431986038,0.09558406029944656,0.022013350973523194,0.0,0
44109,45,1,46.42979182429117,46.53297173768465,0.10317991339347543,0.1807745650338292,0.033175984457537694,0.0,0
44109,45,2,46.42979182429117,46.47585907345167,0.04606724916050098,0.1475985805762915,0.0,0.0,0
44109,45,3,46.42979182429117,46.50240155744053,0.07260973314935626,0.14803991913568962,0.0004413385593981245,0.0,0
44109,46,1,46.3561529868908,46.41226259551517,0.056109608624375085,0.14986590391875698,0.0,0.0,0
44109,46,2,46.3561529868908,46.375766390913725,0.019613404022926773,0.15924112863116924,0.009375224712412256,0.0,0
44109,46,3,46.3561529868908,46.3937315653185,0.03757857842769852,0.16348491461691225,0.01361901069815527,0.0,0
44109,47,1,46.30961445250183,46.36643884575456,0.05682439325272526,0.15880376103885208,0.0,0.0,0
44109,47,2,46.30961445250183,46.36674410181912,0.05712964931728948,0.17903127615054298,0.020227515111690908,0.0,0
44109,47,3,46.30961445250183,46.34438608434675,0.034771631844918716,0.17429000261454225,0.015486241575690174,0.0,0
44109,48,1,2.299525407818912,2.3600903711159567,0.06056496329704464,0.13619629238539702,0.0,0.029735713725089485,1
44109,48,2,2.299525407818912,2.456762047419416,0.15723663960050382,0.15665474827196363,0.020458455886566612,0.0,0
44109,48,3,2.299525407818912,2.3577638796687674,0.05823847184985542,0.1894445176729448,0.053248225287547774,0.0,0
44109,49,1,1.9959604682322465,2.182833118061449,0.1868726498292026,0.16666408035403363,0.0,0.029735713725089485,1
44109,49,2,1.9959604682322465,2.349048154363227,0.3530876861309804,0.1934704295632935,0.026806349209259867,0.0,0
44109,49,3,1.9959604682322465,2.2447263175981247,0.2487658493658782,0.22525379968383633,0.0585897193298027,0.0,0
44109,50,1,2.1937246993124586,2.6801456545861413,0.4864209552736827,0.14801250824423914,0.0,0.0297357137250895,1
44109,50,2,2.1937246993124586,2.720145268796038,0.5264205694835793,0.21974537156421756,0.07173286331997841,0.0,0
44109,50,3,2.1937246993124586,2.8601409715403254,0.6664162722278668,0.26385077016888436,0.11583826192464522,0.0,0
44109,51,1,1.333871216802108,2.27605198788497,0.942180771082862,0.13772618163718894,0.0063168075420377,0.0,0
44109,51,2,1.333871216802108,2.001107596119405,0.6672363793172971,0.13140937409515124,0.0,0.0,0
44109,51,3,1.333871216802108,1.5281339876282183,0.1942627708261102,0.14285391330866926,0.011444539213518012,0.0,0
44109,52,1,1.1541085422106083,2.157702506584128,1.0035939643735197,0.1526252559121365,0.006817303872601821,0.0,0
44109,52,2,1.1541085422106083,1.7224030173423082,0.5682944751316998,0.14580795203953467,0.0,0.0,0
44109,52,3,1.1541085422106083,2.031999397149117,0.8778908549385087,0.14927335429177385,0.0034654022522391803,0.0,0
44109,53,1,1.569541956319741,1.7751747487297245,0.20563279240998344,0.13604544407612507,0.0,0.0,0
44109,53,2,1.569541956319741,2.0357812419728503,0.46623928565310924,0.17881855505581598,0.042773110979690915,0.0,0
44109,53,3,1.569541956319741,1.853605939985086,0.2840639836653449,0.17936211035235747,0.0433166662762324,0.0,0
44109,54,1,1.622785845064794,1.7833694158539317,0.16058357078913765,0.1345068872188635,0.0,0.0,0
44109,54,2,1.622785845064794,1.8864734601109483,0.26368761504615423,0.14723349732451832,0.012726610105654818,0.0,0
44109,54,3,1.622785845064794,1.9282190828441528,0.3054332377793587,0.1600887196114332,0.025581832392569698,0.0,0
44109,55,1,1.3089061787916567,1.4711283680108465,0.16222218921918974,0.12129326410326308,0.0,0.0,0
44109,55,2,1.3089061787916567,1.683470458257926,0.37456427946626936,0.13321238956274536,0.011919125459482288,0.0,0
44109,55,3,1.3089061787916567,1.6978114849130386,0.38890530612138186,0.15405439327061274,0.03276112916734966,0.0,0
44109,56,1,1.8242057033420447,2.106622033290699,0.2824163299486542,0.16696239817590508,0.0,0.0,0
44109,56,2,1.8242057033420447,2.3412426450376755,0.5170369416956309,0.2042252159102712,0.03726281773436613,0.0,0
44109,56,3,1.8242057033420447,2.14268793394619,0.3184822306041455,0.20714399457770288,0.0401815964017978,0.0,0
44109,57,1,12.220858407840232,12.306240579162038,0.0853821713218057,0.17349919443767825,0.0,0.0,0
44109,57,2,12.220858407840232,12.366273533422065,0.14541512558183278,0.20232391894441074,0.028824724506732485,0.02669394178769749,1
44109,57,3,12.220858407840232,12.463806616064868,0.24294820822463592,0.23630978373856862,0.06281058930089037,0.02669394178769749,1
44109,58,1,16.611412981709115,16.670527780302745,0.05911479859362956,0.16714314262213764,0.0,0.0,0
44109,58,2,16.611412981709115,16.712212227012902,0.10079924530378648,0.22285960444262307,0.055716461820485425,0.0266939417876975,1
44109,58,3,16.611412981709115,16.809361461899446,0.1979484801903304,0.2524152586806843,0.08527211605854668,0.0266939417876975,1
44109,59,1,14.835994679981303,14.894820541307524,0.058825861326221585,0.15781502688238236,0.0,0.0,0
44109,59,2,14.835994679981303,14.940719972239872,0.10472529225856952,0.2016649319526895,0.043849905070307144,0.04243094868946802,1
44109,59,3,14.835994679981303,15.047201485327847,0.2112068053465439,0.24080276545698628,0.08298773857460393,0.032778156833320096,1
44109,60,1,13.588442097374065,13.70992186266022,0.12147976528615523,0.13964940799798692,0.0,0.009652791856147924,1
44109,60,2,13.588442097374065,13.743282041347186,0.15483994397312095,0.15076697466049352,0.0111175666625066,0.0,0
44109,60,3,13.588442097374065,13.88912415662573,0.300682059251665,0.16994606805055396,0.030296660052567037,0.0,0
44109,61,1,20.17926387383543,20.30481639238137,0.12555251854593763,0.15579495834317214,0.0,0.0,0
44109,61,2,20.17926387383543,20.27476786124225,0.09550398740681842,0.18059583983235603,0.024800881489183885,0.0,0
44109,61,3,20.17926387383543,20.391287084876662,0.212023211041231,0.2043752033860067,0.04858024504283456,0.0,0
44109,62,1,11.697722965615196,11.786467414282837,0.08874444866764186,0.10461237732104138,0.0,0.012831720274953162,1
44109,62,2,11.697722965615196,11.857265379175324,0.15954241356012844,0.13945586202888688,0.0348434847078455,0.0,0
44109,62,3,11.697722965615196,11.964173028730647,0.2664500631154514,0.1646366778624952,0.060024300541453815,0.0,0
44110,0,1,2.4079180743557247,2.453454814913563,0.04553674055783841,0.14749123190161892,0.0,0.0,0
44110,0,2,2.4079180743557247,2.651807331033635,0.24388925667791028,0.16292673440543332,0.015435502503814397,0.0,0
44110,0,3,2.4079180743557247,2.653963866817299,0.2460457924615742,0.1636917714827534,0.016200539581134488,0.0,0
44110,1,1,2.139751662260632,2.51921320638297,0.3794615441223379,0.14772207682313246,0.0020819802738100968,0.0,0
44110,1,2,2.139751662260632,2.369971552691951,0.23021989043131885,0.1523381939133723,0.006698097364049943,0.0,0
44110,1,3,2.139751662260632,2.829918789585925,0.6901671273252927,0.14564009654932236,0.0,0.0,0
44110,2,1,2.1294250403178094,3.2530210101103534,1.123595969792544,0.085335788195659,0.0,0.0,0
44110,2,2,2.1294250403178094,3.273111833655565,1.1436867933377557,0.15287584062370024,0.06754005242804124,0.0,0
44110,2,3,2.1294250403178094,3.3375449326656375,1.208119892347828,0.15291772171262663,0.06758193351696763,0.0,0
44110,3,1,1.8087200633425045,2.6189494889198546,0.8102294255773501,0.15507545841480497,0.004757751106786334,0.0,0
44110,3,2,1.8087200633425045,2.3363475269485696,0.5276274636060652,0.1563586281361173,0.006040920828098678,0.0,0
44110,3,3,1.8087200633425045,2.5709958907177777,0.7622758273752732,0.15031770730801863,0.0,0.0,0
44110,4,1,1.4091437113277838,1.70059670857069,0.2914529972429061,0.16760814095140616,0.0,0.0,0
44110,4,2,1.4091437113277838,1.8604416215545907,0.4512979102268069,0.17980303277276447,0.0121948918213583,0.0,0
44110,4,3,1.4091437113277838,1.9004020140483433,0.4912583027205595,0.17231726390838686,0.004709122956980699,0.0,0
44110,5,1,1.5660695268469889,2.2126896931083686,0.6466201662613797,0.11405949587115499,0.0,0.0,0
44110,5,2,1.5660695268469889,2.123163566921628,0.5570940400746394,0.1518422780865826,0.03778278221542761,0.0,0
44110,5,3,1.5660695268469889,2.393378758782471,0.827309231935482,0.15152155901468187,0.037462063143526875,0.0,0
44110,6,1,1.9574219205736605,2.729611841838712,0.7721899212650514,0.18738450249045477,0.0032757255835859367,0.0705630904082612,1
44110,6,2,1.9574219205736605,2.4625895715322974,0.5051676509586369,0.18410877690686883,0.0,0.0,0
44110,6,3,1.9574219205736605,2.383416100279139,0.4259941797054787,0.1976030103663678,0.013494233459498961,0.0,0
44110,7,1,1.8793722501897157,2.579085102010626,0.6997128518209101,0.13056998521424124,0.0,0.0705630904082612,1
44110,7,2,1.8793722501897157,2.5886622992641373,0.7092900490744216,0.17053752373281073,0.03996753851856949,0.0,0
44110,7,3,1.8793722501897157,2.5782136427847986,0.6988413925950829,0.17532384512452473,0.044753859910283494,0.0,0
44110,8,1,1.7711602122106576,2.3616433097704403,0.5904830975597828,0.13111266347224534,0.04977340713522613,0.0705630904082612,1
44110,8,2,1.7711602122106576,1.9774080095318503,0.2062477973211927,0.08133925633701922,0.0,0.0,0
44110,8,3,1.7711602122106576,2.116298332231652,0.3451381200209944,0.092197531458165,0.010858275121145788,0.0,0
44110,9,1,2.4479279511150485,3.3132345799703415,0.8653066288552931,0.18688027656360529,0.007766164996722197,0.134617705267436,1
44110,9,2,2.4479279511150485,3.155301834040565,0.7073738829255167,0.1791141115668831,0.0,0.07960280337236747,1
44110,9,3,2.4479279511150485,3.2353604464624675,0.787432495347419,0.19040453086747122,0.011290419300588134,0.0,0
44110,10,1,1.8797135116692931,2.8461562828515086,0.9664427711822154,0.10087463847553453,0.0,0.18002790804150579,1
44110,10,2,1.8797135116692931,2.9863843688674576,1.1066708571981645,0.16162485638403296,0.060750217908498425,0.10042510466913832,1
44110,10,3,1.8797135116692931,2.9101319894433235,1.0304184777740304,0.1933564364394499,0.09248179796391538,0.0,0
44110,11,1,1.3709666819482211,2.053221674804262,0.6822549928560409,0.15950488231073584,0.006503781114980789,0.0,0
44110,11,2,1.3709666819482211,1.9489899947855822,0.5780233128373611,0.15944287636923496,0.006441775173479908,0.0,0
44110,11,3,1.3709666819482211,2.080811450910147,0.709844768961926,0.15300110119575505,0.0,0.0,0
44110,12,1,1.4097414087985563,2.06058319856351,0.6508417897649537,0.13283595448483473,0.0027174697944354342,0.0,0
44110,12,2,1.4097414087985563,1.8144832734337661,0.4047418646352099,0.14334773114477167,0.013229246454372373,0.0,0
44110,12,3,1.4097414087985563,2.2938061739804896,0.8840647651819333,0.1301184846903993,0.0,0.0,0
44110,13,1,1.9541177656389142,3.308938400908737,1.3548206352698227,0.14951080301509426,0.07825616339132989,0.0,0
44110,13,2,1.9541177656389142,2.4971012253854212,0.5429834597465071,0.07125463962376437,0.0,0.0,0
44110,13,3,1.9541177656389142,2.4244701910608173,0.47035242542190314,0.09667676021506902,0.02542212059130465,0.0,0
44110,14,1,2.175581185739675,3.03100499600526,0.8554238102655849,0.17901539689536322,0.007112639121340775,0.0,0
44110,14,2,2.175581185739675,3.1679144090347524,0.9923332232950774,0.18629322008865226,0.014390462314629815,0.0,0
44110,14,3,2.175581185739675,2.9683825132350217,0.7928013274953467,0.17190275777402245,0.0,0.0,0
44110,15,1,1.9621840406999915,2.7586999879311853,0.7965159472311938,0.09199360476229206,0.0,0.0,0
44110,15,2,1.9621840406999915,2.999289475815484,1.0371054351154925,0.16034801477181027,0.06835441000951821,0.0,0
44110,15,3,1.9621840406999915,2.821908609531492,0.8597245688315005,0.15565506210419924,0.06366145734190719,0.0,0
44110,16,1,2.58471276901584,2.99274618927783,0.4080334202619902,0.13262200969592186,0.0483101273978304,0.0,0
44110,16,2,2.58471276901584,2.89897942880501,0.3142666597891699,0.08431188229809146,0.0,0.0,0
44110,16,3,2.58471276901584,3.0562835578524066,0.47157078883656656,0.11160574565904545,0.02729386336095399,0.0,0
44110,17,1,5.74558272331778,6.0361825733874355,0.29059985006965583,0.21939859190151137,0.0,0.0,0
44110,17,2,5.74558272331778,5.967950147952408,0.2223674246346281,0.24048346044212834,0.021084868540616974,0.008666477873666922,1
44110,17,3,5.74558272331778,6.218216919886439,0.47263419656865935,0.28687126268251967,0.0674726707810083,0.024039903500564785,1
44110,18,1,2.2581926213711356,3.521897864328379,1.2637052429572435,0.09469679663155221,0.0,0.0,0
44110,18,2,2.2581926213711356,3.6312315288389505,1.3730389074678149,0.18280243792097925,0.08810564128942704,0.008666477873666895,1
44110,18,3,2.2581926213711356,3.5757358484011186,1.317543227029983,0.21257599851564063,0.11787920188408842,0.02403990350056473,1
44110,19,1,1.078770917859085,2.000190860261508,0.9214199424024232,0.10271699655389838,0.00608480782160635,0.0,0
44110,19,2,1.078770917859085,1.9895416433564517,0.9107707254973667,0.10294696075800935,0.006314772025717327,0.0,0
44110,19,3,1.078770917859085,1.921106312445686,0.842335394586601,0.09663218873229203,0.0,0.0,0
44110,20,1,1.39079075877046,1.5326163218779116,0.14182556310745165,0.1285116976139227,0.0,0.0,0
44110,20,2,1.39079075877046,1.7705057137697473,0.3797149549992873,0.145635078629984,0.017123381016061312,0.0,0
44110,20,3,1.39079075877046,1.8069336974703778,0.4161429386999178,0.1652298301869834,0.0367181325730607,0.0,0
44110,21,1,2.8047984145412688,3.296071954030083,0.49127353948881414,0.14404444904668645,0.049793247664693424,0.0,0
44110,21,2,2.8047984145412688,3.340687591243563,0.5358891767022942,0.09425120138199303,0.0,0.0,0
44110,21,3,2.8047984145412688,3.5117234755178317,0.7069250609765629,0.13983155611663442,0.04558035473464139,0.0,0
44110,22,1,2.8462360678952345,4.193569568242139,1.3473335003469042,0.1398555747398548,0.0043511410341338375,0.0,0
44110,22,2,2.8462360678952345,3.7932449390581104,0.9470088711628759,0.13550443370572096,0.0,0.0,0
44110,22,3,2.8462360678952345,3.4653201838337866,0.6190841159385521,0.13566884494206272,0.00016441123634175492,0.0,0
44110,23,1,2.6483685115531377,3.9941902768305213,1.3458217652773836,0.1456358453710896,0.003986897654105204,0.0,0
44110,23,2,2.6483685115531377,3.643581551107876,0.9952130395547383,0.14164894771698439,0.0,0.0,0
44110,23,3,2.6483685115531377,3.0219038534578324,0.37353534190469473,0.14380153848734462,0.00215259077036023,0.0,0
44110,24,1,3.043639297759996,3.786870872615178,0.7432315748551819,0.06732248516330419,0.009001312392150629,0.0,0
44110,24,2,3.043639297759996,3.6597470830119514,0.6161077852519554,0.05832117277115356,0.0,0.0,0
44110,24,3,3.043639297759996,3.6420389096162085,0.5983996118562125,0.06016118548128869,0.0018400127101351263,0.0,0
44110,25,1,1.593921925595089,3.0805140594971077,1.4865921339020187,0.21126267798724405,0.047536968817647796,0.10301846453572502,1
44110,25,2,1.593921925595089,2.2203078810570336,0.6263859554619446,0.18893645664028802,0.02521074747069177,0.0,0
44110,25,3,1.593921925595089,2.4041609563641537,0.8102390307690648,0.16372570916959625,0.0,0.0,0
44110,26,1,2.044118117144632,2.3797912505064076,0.33567313336177573,0.1543927923742593,0.0,0.103018464535725,1
44110,26,2,2.044118117144632,2.753427758036904,0.7093096408922723,0.19014085094532118,0.03574805857106189,0.0,0
44110,26,3,2.044118117144632,2.3965406551945416,0.35242253804990975,0.17912985163440365,0.024737059260144356,0.0,0
44110,27,1,2.186832721323735,2.943410660442603,0.7565779391188681,0.14784291191837326,0.06294776973770336,0.10301846453572501,1
44110,27,2,2.186832721323735,2.382717452637377,0.19588473131364204,0.0848951421806699,0.0,0.0,0
44110,27,3,2.186832721323735,2.402309780452826,0.21547705912909132,0.10566493209542763,0.020769789914757725,0.0,0
44110,28,1,1.6573968509177597,2.4068449143849144,0.7494480634671548,0.13947950501948528,0.0,0.09106473094921694,1
44110,28,2,1.6573968509177597,2.3575521149137346,0.7001552639959749,0.15874910576634957,0.01926960074686429,0.0,0
44110,28,3,1.6573968509177597,2.620180915615044,0.9627840646972845,0.1776347172911684,0.038155212271683114,0.0,0
44110,29,1,1.5511501301574522,2.395438194515348,0.8442880643578956,0.13284778513201262,0.012318845863603115,0.09106473094921691,1
44110,29,2,1.5511501301574522,2.343273626103072,0.7921234959456198,0.1205289392684095,0.0,0.0,0
44110,29,3,1.5511501301574522,2.338082839583406,0.7869327094259537,0.13325742295045329,0.012728483682043781,0.0,0
44110,30,1,2.8150596836258814,3.8064728164332413,0.9914131328073599,0.14805494942494868,0.07240292439054297,0.09106473094921694,1
44110,30,2,2.8150596836258814,3.2995836077848857,0.48452392415900425,0.07565202503440571,0.0,0.0,0
44110,30,3,2.8150596836258814,3.2679551400015456,0.4528954563756642,0.10109669331677142,0.025444668282365704,0.0,0
44110,31,1,4.62407253831666,5.450733858055483,0.8266613197388235,0.09621544591328975,0.0,0.023835992961759533,1
44110,31,2,4.62407253831666,5.403961204728719,0.7798886664120595,0.150593587446076,0.054378141532786264,0.030267944294225302,1
44110,31,3,4.62407253831666,5.467538082978598,0.8434655446619379,0.1759152705274349,0.07969982461414517,0.0,0
44110,32,1,5.740187669902735,6.102994358840441,0.36280668893770596,0.11136000053574586,0.0247603191361931,0.03026794429422533,1
44110,32,2,5.740187669902735,5.951800554709918,0.21161288480718365,0.08659968139955276,0.0,0.0,0
44110,32,3,5.740187669902735,6.4071452333082535,0.6669575634055187,0.08954774307206036,0.002948061672507593,0.0,0
44110,33,1,1.8673615013845755,2.70579125085719,0.8384297494726147,0.19387549903048076,0.02561592289877393,0.1756936950727512,1
44110,33,2,1.8673615013845755,2.581515010740564,0.7141535093559885,0.16825957613170683,0.0,0.0950802340252688,1
44110,33,3,1.8673615013845755,2.348893652166788,0.48153215078221256,0.17899471424353622,0.010735138111829384,0.0,0
44110,34,1,2.1189058628734463,3.464913304837972,1.3460074419645256,0.1558147666758861,0.0,0.17569369507275115,1
44110,34,2,2.1189058628734463,2.8928529526677043,0.773947089794258,0.15613871918034253,0.0003239525044564373,0.0950802340252688,1
44110,34,3,2.1189058628734463,3.1712342046190685,1.0523283417456222,0.16980734172058495,0.013992575044698863,0.0,0
44110,35,1,2.122245956548057,2.8024564118535027,0.6802104553054455,0.1640670160409932,0.015701187320347504,0.0,0
44110,35,2,2.122245956548057,2.6946289072335095,0.5723829506854523,0.14932348733730197,0.0009576586166562817,0.0,0
44110,35,3,2.122245956548057,2.8796156311745174,0.7573696746264602,0.1483658287206457,0.0,0.0,0
44110,36,1,3.0766823429590286,3.8470012893325944,0.7703189463735658,0.147492558439403,0.0,0.0,0
44110,36,2,3.0766823429590286,3.369541978472924,0.29285963551389527,0.1542581869353072,0.006765628495904202,0.0,0
44110,36,3,3.0766823429590286,3.3938270450764407,0.3171447021174121,0.17866211146761796,0.031169553028214947,0.0,0
44110,37,1,1.539858225412354,2.67575405694929,1.135895831536936,0.05538452941054959,0.0004005705950369323,0.0,0
44110,37,2,1.539858225412354,2.446110445256906,0.906252219844552,0.05498395881551266,0.0,0.0,0
44110,37,3,1.539858225412354,2.6266264011728095,1.0867681757604555,0.05607252110923189,0.0010885622937192307,0.0,0
44110,38,1,2.4218578089412888,2.7652577654517083,0.34339995651041955,0.16550262768993818,0.0,0.07255262176324301,1
44110,38,2,2.4218578089412888,2.777558772152637,0.35570096321134814,0.1683505941076886,0.002847966417750425,0.0,0
44110,38,3,2.4218578089412888,2.710317560775089,0.2884597518338001,0.16679995027647831,0.0012973225865401394,0.0,0
44110,39,1,2.1754630689524816,2.6220009383322096,0.44653786937972795,0.1418517677065828,0.0,0.07255262176324304,1
44110,39,2,2.1754630689524816,2.854836357443515,0.6793732884910333,0.14549396404118883,0.0036421963346060238,0.0,0
44110,39,3,2.1754630689524816,2.774955086867924,0.5994920179154422,0.15059748880534046,0.008745721098757653,0.0,0
44110,40,1,2.1600773600101695,3.513492368626191,1.3534150086160217,0.0806061131575879,0.0,0.07255262176324304,1
44110,40,2,2.1600773600101695,3.052411397734481,0.8923340377243116,0.08717653897182859,0.0065704258142406935,0.0,0
44110,40,3,2.1600773600101695,2.9661302417330986,0.8060528817229291,0.09137658401764139,0.010770470860053491,0.0,0
44110,41,1,43.88238504127915,43.99117549817542,0.10879045689627276,0.17419947847536274,0.0175305683661946,0.0,0
44110,41,2,43.88238504127915,43.92086363642353,0.03847859514438312,0.16368483033062303,0.007015920221454891,0.0,0
44110,41,3,43.88238504127915,43.99655153683056,0.11416649555140879,0.15666891010916814,0.0,0.0,0
44110,42,1,43.766329468099705,43.821623538824774,0.05529407072506842,0.14928618275889627,0.0,0.0,0
44110,42,2,43.766329468099705,43.843323815315806,0.07699434721610032,0.15175188401186268,0.0024657012529664124,0.0,0
44110,42,3,43.766329468099705,43.810154175416606,0.04382470731690091,0.15044486677308835,0.0011586840141920851,0.0,0
44110,43,1,43.76096293396127,43.825570404926204,0.06460747096493691,0.13280884432990311,0.0,0.0,0
44110,43,2,43.76096293396127,43.813714385169206,0.052751451207939226,0.1630666064678315,0.030257762137928385,0.0,0
44110,43,3,43.76096293396127,43.809095823237875,0.04813288927660864,0.16849509349678332,0.03568624916688021,0.0,0
44110,44,1,2.353141956721122,2.971289022974233,0.618147066253111,0.17376439025284815,0.023106037883366154,0.029429896316653326,1
44110,44,2,2.353141956721122,2.7400397133538315,0.38689775663270964,0.150658352369482,0.0,0.0,0
44110,44,3,2.353141956721122,2.6484543351994736,0.2953123784783518,0.17953216451750698,0.02887381214802498,0.0,0
44110,45,1,1.897699745689571,2.1315090434176325,0.23380929772806147,0.14368092041935404,0.0,0.029429896316653326,1
44110,45,2,1.897699745689571,2.1817624306561108,0.28406268496653975,0.17349222018788305,0.029811299768529004,0.0,0
44110,45,3,1.897699745689571,2.3273655474956056,0.42966580180603464,0.19076025916559422,0.04707933874624018,0.0,0
44110,46,1,2.135046864435636,2.950539203085355,0.8154923386497188,0.08010449466937146,0.0,0.029429896316653312,1
44110,46,2,2.135046864435636,3.11237102541321,0.9773241609775742,0.147326074003201,0.06722157933382954,0.0,0
44110,46,3,2.135046864435636,2.9853166803650124,0.8502698159293764,0.1669803528904515,0.08687585822108003,0.0,0
44110,47,1,1.2078477501880882,2.1669143085053393,0.9590665583172511,0.13819081189288288,0.010600675806061555,0.0,0
44110,47,2,1.2078477501880882,1.809957020103175,0.6021092699150867,0.12759013608682132,0.0,0.0,0
44110,47,3,1.2078477501880882,2.078356049418719,0.870508299230631,0.1482802179540764,0.020690081867255072,0.0,0
44110,48,1,1.0286365164553537,1.2047866166227146,0.17615010016736088,0.13092112029573535,0.0,0.0,0
44110,48,2,1.0286365164553537,1.415320840689924,0.38668432423457033,0.15505149154127568,0.024130371245540322,0.0,0
44110,48,3,1.0286365164553537,1.489159616334049,0.46052309987869533,0.1426019954330565,0.011680875137321134,0.0,0
44110,49,1,1.481372452909756,2.067867841292516,0.5864953883827602,0.1281789172984753,0.0,0.0,0
44110,49,2,1.481372452909756,2.620667999941508,1.1392955470317518,0.1934630081070002,0.0652840908085249,0.0,0
44110,49,3,1.481372452909756,2.0732590700382625,0.5918866171285064,0.19744474154051825,0.06926582424204294,0.0,0
44110,50,1,1.4904123905635145,1.8452746078269016,0.35486221726338707,0.13188145074431673,0.0022831185492923345,0.0,0
44110,50,2,1.4904123905635145,2.0314176668376804,0.541005276274166,0.13106682271032205,0.0014684905152976546,0.0,0
44110,50,3,1.4904123905635145,2.231975542812794,0.7415631522492796,0.1295983321950244,0.0,0.0,0
44110,51,1,1.3530114349842821,1.7780043173074631,0.424992882323181,0.1197228948508148,0.0,0.0,0
44110,51,2,1.3530114349842821,1.7844962442260424,0.43148480924176025,0.1217724953229876,0.0020496004721727995,0.0,0
44110,51,3,1.3530114349842821,2.0633462945030643,0.7103348595187822,0.12261256421986402,0.0028896693690492192,0.0,0
44110,52,1,1.894298714399032,2.5144952150284876,0.6201965006294556,0.14813077955099746,0.0,0.0,0
44110,52,2,1.894298714399032,3.1217053838266464,1.2274066694276144,0.2116648292624364,0.06353404971143894,0.0,0
44110,52,3,1.894298714399032,2.51224157077644,0.6179428563774079,0.21568263688300124,0.06755185733200378,0.0,0
44110,53,1,1.6975094718025108,1.9514105195308233,0.25390104772831257,0.14422674542046943,0.0,0.0,0
44110,53,2,1.6975094718025108,2.241120115745815,0.5436106439433044,0.1483173489903654,0.004090603569895962,0.0,0
44110,53,3,1.6975094718025108,2.032448580668963,0.3349391088664524,0.14565940891053444,0.001432663490065017,0.0,0
44110,54,1,1.257298587393403,1.9384396301338591,0.6811410427404561,0.13095689196511798,0.01251080416160319,0.0,0
44110,54,2,1.257298587393403,1.6930411532313745,0.43574256583797144,0.12572628512156192,0.0072801973180471324,0.0,0
44110,54,3,1.257298587393403,1.6958009624614772,0.4385023750680741,0.11844608780351479,0.0,0.0,0
44110,55,1,1.7388998797104616,2.8508131492231037,1.1119132695126421,0.1070318873986347,0.05532733048635494,0.0,0
44110,55,2,1.7388998797104616,2.7827067846025875,1.043806904892126,0.05170455691227976,0.0,0.0,0
44110,55,3,1.7388998797104616,2.69802439022999,0.9591245105195283,0.08113500357323757,0.02943044666095781,0.0,0
44110,56,1,12.621480728879089,12.87233589906748,0.250855170188391,0.21445300901368958,0.0,0.0,0
44110,56,2,12.621480728879089,12.836933220555897,0.21545249167680858,0.22050577192002915,0.006052762906339576,0.026487948582121584,1
44110,56,3,12.621480728879089,12.896262344009054,0.2747816151299656,0.2319783274541256,0.017525318440436033,0.026487948582121584,1
44110,57,1,17.221471105410224,17.362427447134586,0.14095634172436178,0.19772511667494053,0.0,0.0,0
44110,57,2,17.221471105410224,17.380254389786636,0.15878328437641187,0.23586347825187332,0.03813836157693279,0.026487948582121595,1
44110,57,3,17.221471105410224,17.421717351169328,0.20024624575910366,0.22776886714796465,0.030043750473024128,0.026487948582121595,1
44110,58,1,15.326391517393542,15.539199533808514,0.2128080164149715,0.19029487180319968,0.0,0.0,0
44110,58,2,15.326391517393542,15.549864834516587,0.22347331712304452,0.19297266861155807,0.0026777968083583903,0.04250785624103735,1
44110,58,3,15.326391517393542,15.561702778695917,0.23531126130237467,0.21042400454771207,0.02012913274451239,0.032741122059896585,1
44110,59,1,14.008689989245633,14.156388461673647,0.14769847242801326,0.14675524103981402,0.0,0.009766734181140768,1
44110,59,2,14.008689989245633,14.144979361150359,0.13628937190472534,0.1737546648180615,0.02699942377824749,0.0,0
44110,59,3,14.008689989245633,14.233206855430058,0.224516866184425,0.17985701260987141,0.03310177157005739,0.0,0
44110,60,1,20.114005694378065,20.263916973842065,0.14991127946399985,0.17213677685819218,0.0,0.0,0
44110,60,2,20.114005694378065,20.25177569489965,0.13777000052158428,0.2038994290801692,0.03176265222197702,0.05583001054223549,1
44110,60,3,20.114005694378065,20.304388332937886,0.19038263855982152,0.20603502140125443,0.033898244543062256,0.05583001054223549,1
44110,61,1,11.997625768420885,12.1247567606629,0.12713099224201407,0.12492521509920479,0.0,0.013118680356140527,1
44110,61,2,11.997625768420885,12.157302984378605,0.15967721595771955,0.1529910517542003,0.028065836654995513,0.0,0
44110,61,3,11.997625768420885,12.19431879000103,0.19669302158014546,0.19664445350859214,0.07171923840938735,0.0,0
