trial,unsafe_recall,safe_specificity,unsafe_precision,negative_predictive_value,alert_coverage,balanced_accuracy,true_positives
1,0.7899096385542169,0.6812373907195696,0.3068148581456566,0.9477919161676647,0.39016318612347367,0.7355735146368932,1049
2,0.7808734939759037,0.6796234028244789,0.3033050599590524,0.9455464071856288,0.39016318612347367,0.7302484484001912,1037
3,0.7786144578313253,0.6792199058507061,0.3024276104124013,0.9449850299401198,0.39016318612347367,0.7289171818410157,1034
4,0.7906626506024096,0.6813718897108272,0.30710734132787365,0.9479790419161677,0.39016318612347367,0.7360172701566183,1050
5,0.7868975903614458,0.6806993947545393,0.30564492541678856,0.9470434131736527,0.39016318612347367,0.7337984925579926,1045
6,0.7816265060240963,0.6797579018157364,0.30359754314126935,0.9457335329341318,0.39016318612347367,0.7306922039199164,1038
7,0.7823795180722891,0.679892400806994,0.3038900263234864,0.9459206586826348,0.39016318612347367,0.7311359594396416,1039
8,0.7868975903614458,0.6806993947545393,0.30564492541678856,0.9470434131736527,0.39016318612347367,0.7337984925579926,1045
9,0.7853915662650602,0.6804303967720242,0.3050599590523545,0.9466691616766467,0.39016318612347367,0.7329109815185422,1043
10,0.7944277108433735,0.682044384667115,0.30856975723895874,0.9489146706586826,0.39016318612347367,0.7382360477552443,1055
11,0.7816265060240963,0.6797579018157364,0.30359754314126935,0.9457335329341318,0.39016318612347367,0.7306922039199164,1038
12,0.7816265060240963,0.6797579018157364,0.30359754314126935,0.9457335329341318,0.39016318612347367,0.7306922039199164,1038
13,0.7853915662650602,0.6804303967720242,0.3050599590523545,0.9466691616766467,0.39016318612347367,0.7329109815185422,1043
14,0.786144578313253,0.6805648957632818,0.30535244223457153,0.9468562874251497,0.39016318612347367,0.7333547370382674,1044
15,0.7838855421686747,0.6801613987895091,0.30447499268792044,0.9462949101796407,0.39016318612347367,0.7320234704790919,1041
16,0.7801204819277109,0.6794889038332212,0.30301257677683535,0.9453592814371258,0.39016318612347367,0.729804692880466,1036
17,0.7823795180722891,0.679892400806994,0.3038900263234864,0.9459206586826348,0.39016318612347367,0.7311359594396416,1039
18,0.7808734939759037,0.6796234028244789,0.3033050599590524,0.9455464071856288,0.39016318612347367,0.7302484484001912,1037
19,0.7838855421686747,0.6801613987895091,0.30447499268792044,0.9462949101796407,0.39016318612347367,0.7320234704790919,1041
20,0.7801204819277109,0.6794889038332212,0.30301257677683535,0.9453592814371258,0.39016318612347367,0.729804692880466,1036
21,0.7831325301204819,0.6800268997982515,0.3041825095057034,0.9461077844311377,0.39016318612347367,0.7315797149593667,1040
22,0.7756024096385542,0.6786819098856759,0.3012576776835332,0.9442365269461078,0.39016318612347367,0.727142159762115,1030
23,0.7876506024096386,0.680833893745797,0.30593740859900553,0.9472305389221557,0.39016318612347367,0.7342422480777178,1046
24,0.7823795180722891,0.679892400806994,0.3038900263234864,0.9459206586826348,0.39016318612347367,0.7311359594396416,1039
25,0.7816265060240963,0.6797579018157364,0.30359754314126935,0.9457335329341318,0.39016318612347367,0.7306922039199164,1038
26,0.7884036144578314,0.6809683927370545,0.30622989178122256,0.9474176646706587,0.39016318612347367,0.734686003597443,1047
27,0.7831325301204819,0.6800268997982515,0.3041825095057034,0.9461077844311377,0.39016318612347367,0.7315797149593667,1040
28,0.7808734939759037,0.6796234028244789,0.3033050599590524,0.9455464071856288,0.39016318612347367,0.7302484484001912,1037
29,0.7801204819277109,0.6794889038332212,0.30301257677683535,0.9453592814371258,0.39016318612347367,0.729804692880466,1036
30,0.7884036144578314,0.6809683927370545,0.30622989178122256,0.9474176646706587,0.39016318612347367,0.734686003597443,1047
31,0.7853915662650602,0.6804303967720242,0.3050599590523545,0.9466691616766467,0.39016318612347367,0.7329109815185422,1043
32,0.7786144578313253,0.6792199058507061,0.3024276104124013,0.9449850299401198,0.39016318612347367,0.7289171818410157,1034
33,0.7846385542168675,0.6802958977807666,0.30476747587013747,0.9464820359281437,0.39016318612347367,0.732467225998817,1042
34,0.7801204819277109,0.6794889038332212,0.30301257677683535,0.9453592814371258,0.39016318612347367,0.729804692880466,1036
35,0.7846385542168675,0.6802958977807666,0.30476747587013747,0.9464820359281437,0.39016318612347367,0.732467225998817,1042
36,0.786144578313253,0.6805648957632818,0.30535244223457153,0.9468562874251497,0.39016318612347367,0.7333547370382674,1044
37,0.7876506024096386,0.680833893745797,0.30593740859900553,0.9472305389221557,0.39016318612347367,0.7342422480777178,1046
38,0.7868975903614458,0.6806993947545393,0.30564492541678856,0.9470434131736527,0.39016318612347367,0.7337984925579926,1045
39,0.7846385542168675,0.6802958977807666,0.30476747587013747,0.9464820359281437,0.39016318612347367,0.732467225998817,1042
40,0.7846385542168675,0.6802958977807666,0.30476747587013747,0.9464820359281437,0.39016318612347367,0.732467225998817,1042
41,0.7831325301204819,0.6800268997982515,0.3041825095057034,0.9461077844311377,0.39016318612347367,0.7315797149593667,1040
42,0.7876506024096386,0.680833893745797,0.30593740859900553,0.9472305389221557,0.39016318612347367,0.7342422480777178,1046
43,0.7876506024096386,0.680833893745797,0.30593740859900553,0.9472305389221557,0.39016318612347367,0.7342422480777178,1046
44,0.7831325301204819,0.6800268997982515,0.3041825095057034,0.9461077844311377,0.39016318612347367,0.7315797149593667,1040
45,0.7793674698795181,0.6793544048419636,0.3027200935946183,0.9451721556886228,0.39016318612347367,0.7293609373607408,1035
46,0.7868975903614458,0.6806993947545393,0.30564492541678856,0.9470434131736527,0.39016318612347367,0.7337984925579926,1045
47,0.7846385542168675,0.6802958977807666,0.30476747587013747,0.9464820359281437,0.39016318612347367,0.732467225998817,1042
48,0.7838855421686747,0.6801613987895091,0.30447499268792044,0.9462949101796407,0.39016318612347367,0.7320234704790919,1041
49,0.7816265060240963,0.6797579018157364,0.30359754314126935,0.9457335329341318,0.39016318612347367,0.7306922039199164,1038
50,0.7853915662650602,0.6804303967720242,0.3050599590523545,0.9466691616766467,0.39016318612347367,0.7329109815185422,1043
51,0.7808734939759037,0.6796234028244789,0.3033050599590524,0.9455464071856288,0.39016318612347367,0.7302484484001912,1037
52,0.7816265060240963,0.6797579018157364,0.30359754314126935,0.9457335329341318,0.39016318612347367,0.7306922039199164,1038
53,0.7846385542168675,0.6802958977807666,0.30476747587013747,0.9464820359281437,0.39016318612347367,0.732467225998817,1042
54,0.7831325301204819,0.6800268997982515,0.3041825095057034,0.9461077844311377,0.39016318612347367,0.7315797149593667,1040
55,0.7831325301204819,0.6800268997982515,0.3041825095057034,0.9461077844311377,0.39016318612347367,0.7315797149593667,1040
56,0.7838855421686747,0.6801613987895091,0.30447499268792044,0.9462949101796407,0.39016318612347367,0.7320234704790919,1041
57,0.7801204819277109,0.6794889038332212,0.30301257677683535,0.9453592814371258,0.39016318612347367,0.729804692880466,1036
58,0.7823795180722891,0.679892400806994,0.3038900263234864,0.9459206586826348,0.39016318612347367,0.7311359594396416,1039
59,0.7831325301204819,0.6800268997982515,0.3041825095057034,0.9461077844311377,0.39016318612347367,0.7315797149593667,1040
60,0.7816265060240963,0.6797579018157364,0.30359754314126935,0.9457335329341318,0.39016318612347367,0.7306922039199164,1038
61,0.7808734939759037,0.6796234028244789,0.3033050599590524,0.9455464071856288,0.39016318612347367,0.7302484484001912,1037
62,0.7786144578313253,0.6792199058507061,0.3024276104124013,0.9449850299401198,0.39016318612347367,0.7289171818410157,1034
63,0.7846385542168675,0.6802958977807666,0.30476747587013747,0.9464820359281437,0.39016318612347367,0.732467225998817,1042
64,0.7816265060240963,0.6797579018157364,0.30359754314126935,0.9457335329341318,0.39016318612347367,0.7306922039199164,1038
65,0.7816265060240963,0.6797579018157364,0.30359754314126935,0.9457335329341318,0.39016318612347367,0.7306922039199164,1038
66,0.7846385542168675,0.6802958977807666,0.30476747587013747,0.9464820359281437,0.39016318612347367,0.732467225998817,1042
67,0.7816265060240963,0.6797579018157364,0.30359754314126935,0.9457335329341318,0.39016318612347367,0.7306922039199164,1038
68,0.7891566265060241,0.6811028917283121,0.3065223749634396,0.9476047904191617,0.39016318612347367,0.7351297591171682,1048
69,0.7853915662650602,0.6804303967720242,0.3050599590523545,0.9466691616766467,0.39016318612347367,0.7329109815185422,1043
70,0.7801204819277109,0.6794889038332212,0.30301257677683535,0.9453592814371258,0.39016318612347367,0.729804692880466,1036
71,0.7838855421686747,0.6801613987895091,0.30447499268792044,0.9462949101796407,0.39016318612347367,0.7320234704790919,1041
72,0.7823795180722891,0.679892400806994,0.3038900263234864,0.9459206586826348,0.39016318612347367,0.7311359594396416,1039
73,0.7823795180722891,0.679892400806994,0.3038900263234864,0.9459206586826348,0.39016318612347367,0.7311359594396416,1039
74,0.7801204819277109,0.6794889038332212,0.30301257677683535,0.9453592814371258,0.39016318612347367,0.729804692880466,1036
75,0.7899096385542169,0.6812373907195696,0.3068148581456566,0.9477919161676647,0.39016318612347367,0.7355735146368932,1049
76,0.7891566265060241,0.6811028917283121,0.3065223749634396,0.9476047904191617,0.39016318612347367,0.7351297591171682,1048
77,0.7831325301204819,0.6800268997982515,0.3041825095057034,0.9461077844311377,0.39016318612347367,0.7315797149593667,1040
78,0.776355421686747,0.6788164088769334,0.3015501608657502,0.9444236526946108,0.39016318612347367,0.7275859152818402,1031
79,0.7876506024096386,0.680833893745797,0.30593740859900553,0.9472305389221557,0.39016318612347367,0.7342422480777178,1046
80,0.7846385542168675,0.6802958977807666,0.30476747587013747,0.9464820359281437,0.39016318612347367,0.732467225998817,1042
81,0.7868975903614458,0.6806993947545393,0.30564492541678856,0.9470434131736527,0.39016318612347367,0.7337984925579926,1045
82,0.7823795180722891,0.679892400806994,0.3038900263234864,0.9459206586826348,0.39016318612347367,0.7311359594396416,1039
83,0.7831325301204819,0.6800268997982515,0.3041825095057034,0.9461077844311377,0.39016318612347367,0.7315797149593667,1040
84,0.7853915662650602,0.6804303967720242,0.3050599590523545,0.9466691616766467,0.39016318612347367,0.7329109815185422,1043
85,0.7838855421686747,0.6801613987895091,0.30447499268792044,0.9462949101796407,0.39016318612347367,0.7320234704790919,1041
86,0.7846385542168675,0.6802958977807666,0.30476747587013747,0.9464820359281437,0.39016318612347367,0.732467225998817,1042
87,0.7816265060240963,0.6797579018157364,0.30359754314126935,0.9457335329341318,0.39016318612347367,0.7306922039199164,1038
88,0.7876506024096386,0.680833893745797,0.30593740859900553,0.9472305389221557,0.39016318612347367,0.7342422480777178,1046
89,0.7808734939759037,0.6796234028244789,0.3033050599590524,0.9455464071856288,0.39016318612347367,0.7302484484001912,1037
90,0.7944277108433735,0.682044384667115,0.30856975723895874,0.9489146706586826,0.39016318612347367,0.7382360477552443,1055
91,0.776355421686747,0.6788164088769334,0.3015501608657502,0.9444236526946108,0.39016318612347367,0.7275859152818402,1031
92,0.7914156626506024,0.6815063887020847,0.3073998245100907,0.9481661676646707,0.39016318612347367,0.7364610256763435,1051
93,0.776355421686747,0.6788164088769334,0.3015501608657502,0.9444236526946108,0.39016318612347367,0.7275859152818402,1031
94,0.7793674698795181,0.6793544048419636,0.3027200935946183,0.9451721556886228,0.39016318612347367,0.7293609373607408,1035
95,0.7838855421686747,0.6801613987895091,0.30447499268792044,0.9462949101796407,0.39016318612347367,0.7320234704790919,1041
96,0.7846385542168675,0.6802958977807666,0.30476747587013747,0.9464820359281437,0.39016318612347367,0.732467225998817,1042
97,0.7921686746987951,0.6816408876933423,0.3076923076923077,0.9483532934131736,0.39016318612347367,0.7369047811960687,1052
98,0.7838855421686747,0.6801613987895091,0.30447499268792044,0.9462949101796407,0.39016318612347367,0.7320234704790919,1041
99,0.7868975903614458,0.6806993947545393,0.30564492541678856,0.9470434131736527,0.39016318612347367,0.7337984925579926,1045
100,0.7823795180722891,0.679892400806994,0.3038900263234864,0.9459206586826348,0.39016318612347367,0.7311359594396416,1039
101,0.7838855421686747,0.6801613987895091,0.30447499268792044,0.9462949101796407,0.39016318612347367,0.7320234704790919,1041
102,0.7801204819277109,0.6794889038332212,0.30301257677683535,0.9453592814371258,0.39016318612347367,0.729804692880466,1036
103,0.7846385542168675,0.6802958977807666,0.30476747587013747,0.9464820359281437,0.39016318612347367,0.732467225998817,1042
104,0.7771084337349398,0.678950907868191,0.30184264404796723,0.9446107784431138,0.39016318612347367,0.7280296708015654,1032
105,0.7831325301204819,0.6800268997982515,0.3041825095057034,0.9461077844311377,0.39016318612347367,0.7315797149593667,1040
106,0.7831325301204819,0.6800268997982515,0.3041825095057034,0.9461077844311377,0.39016318612347367,0.7315797149593667,1040
107,0.7876506024096386,0.680833893745797,0.30593740859900553,0.9472305389221557,0.39016318612347367,0.7342422480777178,1046
108,0.7891566265060241,0.6811028917283121,0.3065223749634396,0.9476047904191617,0.39016318612347367,0.7351297591171682,1048
109,0.7846385542168675,0.6802958977807666,0.30476747587013747,0.9464820359281437,0.39016318612347367,0.732467225998817,1042
110,0.7808734939759037,0.6796234028244789,0.3033050599590524,0.9455464071856288,0.39016318612347367,0.7302484484001912,1037
111,0.7868975903614458,0.6806993947545393,0.30564492541678856,0.9470434131736527,0.39016318612347367,0.7337984925579926,1045
112,0.7838855421686747,0.6801613987895091,0.30447499268792044,0.9462949101796407,0.39016318612347367,0.7320234704790919,1041
113,0.7831325301204819,0.6800268997982515,0.3041825095057034,0.9461077844311377,0.39016318612347367,0.7315797149593667,1040
114,0.7801204819277109,0.6794889038332212,0.30301257677683535,0.9453592814371258,0.39016318612347367,0.729804692880466,1036
115,0.7853915662650602,0.6804303967720242,0.3050599590523545,0.9466691616766467,0.39016318612347367,0.7329109815185422,1043
116,0.7823795180722891,0.679892400806994,0.3038900263234864,0.9459206586826348,0.39016318612347367,0.7311359594396416,1039
117,0.7868975903614458,0.6806993947545393,0.30564492541678856,0.9470434131736527,0.39016318612347367,0.7337984925579926,1045
118,0.7914156626506024,0.6815063887020847,0.3073998245100907,0.9481661676646707,0.39016318612347367,0.7364610256763435,1051
119,0.7801204819277109,0.6794889038332212,0.30301257677683535,0.9453592814371258,0.39016318612347367,0.729804692880466,1036
120,0.7846385542168675,0.6802958977807666,0.30476747587013747,0.9464820359281437,0.39016318612347367,0.732467225998817,1042
121,0.7816265060240963,0.6797579018157364,0.30359754314126935,0.9457335329341318,0.39016318612347367,0.7306922039199164,1038
122,0.7838855421686747,0.6801613987895091,0.30447499268792044,0.9462949101796407,0.39016318612347367,0.7320234704790919,1041
123,0.7808734939759037,0.6796234028244789,0.3033050599590524,0.9455464071856288,0.39016318612347367,0.7302484484001912,1037
124,0.7793674698795181,0.6793544048419636,0.3027200935946183,0.9451721556886228,0.39016318612347367,0.7293609373607408,1035
125,0.7853915662650602,0.6804303967720242,0.3050599590523545,0.9466691616766467,0.39016318612347367,0.7329109815185422,1043
126,0.7868975903614458,0.6806993947545393,0.30564492541678856,0.9470434131736527,0.39016318612347367,0.7337984925579926,1045
127,0.7853915662650602,0.6804303967720242,0.3050599590523545,0.9466691616766467,0.39016318612347367,0.7329109815185422,1043
128,0.7793674698795181,0.6793544048419636,0.3027200935946183,0.9451721556886228,0.39016318612347367,0.7293609373607408,1035
129,0.7831325301204819,0.6800268997982515,0.3041825095057034,0.9461077844311377,0.39016318612347367,0.7315797149593667,1040
130,0.7853915662650602,0.6804303967720242,0.3050599590523545,0.9466691616766467,0.39016318612347367,0.7329109815185422,1043
131,0.7771084337349398,0.678950907868191,0.30184264404796723,0.9446107784431138,0.39016318612347367,0.7280296708015654,1032
132,0.7808734939759037,0.6796234028244789,0.3033050599590524,0.9455464071856288,0.39016318612347367,0.7302484484001912,1037
133,0.7876506024096386,0.680833893745797,0.30593740859900553,0.9472305389221557,0.39016318612347367,0.7342422480777178,1046
134,0.7921686746987951,0.6816408876933423,0.3076923076923077,0.9483532934131736,0.39016318612347367,0.7369047811960687,1052
135,0.7808734939759037,0.6796234028244789,0.3033050599590524,0.9455464071856288,0.39016318612347367,0.7302484484001912,1037
136,0.7793674698795181,0.6793544048419636,0.3027200935946183,0.9451721556886228,0.39016318612347367,0.7293609373607408,1035
137,0.7801204819277109,0.6794889038332212,0.30301257677683535,0.9453592814371258,0.39016318612347367,0.729804692880466,1036
138,0.7838855421686747,0.6801613987895091,0.30447499268792044,0.9462949101796407,0.39016318612347367,0.7320234704790919,1041
139,0.7801204819277109,0.6794889038332212,0.30301257677683535,0.9453592814371258,0.39016318612347367,0.729804692880466,1036
140,0.786144578313253,0.6805648957632818,0.30535244223457153,0.9468562874251497,0.39016318612347367,0.7333547370382674,1044
141,0.7831325301204819,0.6800268997982515,0.3041825095057034,0.9461077844311377,0.39016318612347367,0.7315797149593667,1040
142,0.7853915662650602,0.6804303967720242,0.3050599590523545,0.9466691616766467,0.39016318612347367,0.7329109815185422,1043
143,0.7884036144578314,0.6809683927370545,0.30622989178122256,0.9474176646706587,0.39016318612347367,0.734686003597443,1047
144,0.7846385542168675,0.6802958977807666,0.30476747587013747,0.9464820359281437,0.39016318612347367,0.732467225998817,1042
145,0.7853915662650602,0.6804303967720242,0.3050599590523545,0.9466691616766467,0.39016318612347367,0.7329109815185422,1043
146,0.7838855421686747,0.6801613987895091,0.30447499268792044,0.9462949101796407,0.39016318612347367,0.7320234704790919,1041
147,0.7838855421686747,0.6801613987895091,0.30447499268792044,0.9462949101796407,0.39016318612347367,0.7320234704790919,1041
148,0.7831325301204819,0.6800268997982515,0.3041825095057034,0.9461077844311377,0.39016318612347367,0.7315797149593667,1040
149,0.7868975903614458,0.6806993947545393,0.30564492541678856,0.9470434131736527,0.39016318612347367,0.7337984925579926,1045
150,0.7831325301204819,0.6800268997982515,0.3041825095057034,0.9461077844311377,0.39016318612347367,0.7315797149593667,1040
151,0.7808734939759037,0.6796234028244789,0.3033050599590524,0.9455464071856288,0.39016318612347367,0.7302484484001912,1037
152,0.7808734939759037,0.6796234028244789,0.3033050599590524,0.9455464071856288,0.39016318612347367,0.7302484484001912,1037
153,0.7831325301204819,0.6800268997982515,0.3041825095057034,0.9461077844311377,0.39016318612347367,0.7315797149593667,1040
154,0.7846385542168675,0.6802958977807666,0.30476747587013747,0.9464820359281437,0.39016318612347367,0.732467225998817,1042
155,0.7831325301204819,0.6800268997982515,0.3041825095057034,0.9461077844311377,0.39016318612347367,0.7315797149593667,1040
156,0.7816265060240963,0.6797579018157364,0.30359754314126935,0.9457335329341318,0.39016318612347367,0.7306922039199164,1038
157,0.7846385542168675,0.6802958977807666,0.30476747587013747,0.9464820359281437,0.39016318612347367,0.732467225998817,1042
158,0.7778614457831325,0.6790854068594485,0.30213512723018426,0.9447979041916168,0.39016318612347367,0.7284734263212905,1033
159,0.7816265060240963,0.6797579018157364,0.30359754314126935,0.9457335329341318,0.39016318612347367,0.7306922039199164,1038
160,0.7846385542168675,0.6802958977807666,0.30476747587013747,0.9464820359281437,0.39016318612347367,0.732467225998817,1042
161,0.7831325301204819,0.6800268997982515,0.3041825095057034,0.9461077844311377,0.39016318612347367,0.7315797149593667,1040
162,0.7876506024096386,0.680833893745797,0.30593740859900553,0.9472305389221557,0.39016318612347367,0.7342422480777178,1046
163,0.7876506024096386,0.680833893745797,0.30593740859900553,0.9472305389221557,0.39016318612347367,0.7342422480777178,1046
164,0.7853915662650602,0.6804303967720242,0.3050599590523545,0.9466691616766467,0.39016318612347367,0.7329109815185422,1043
165,0.7823795180722891,0.679892400806994,0.3038900263234864,0.9459206586826348,0.39016318612347367,0.7311359594396416,1039
166,0.7846385542168675,0.6802958977807666,0.30476747587013747,0.9464820359281437,0.39016318612347367,0.732467225998817,1042
167,0.7823795180722891,0.679892400806994,0.3038900263234864,0.9459206586826348,0.39016318612347367,0.7311359594396416,1039
168,0.7831325301204819,0.6800268997982515,0.3041825095057034,0.9461077844311377,0.39016318612347367,0.7315797149593667,1040
169,0.7876506024096386,0.680833893745797,0.30593740859900553,0.9472305389221557,0.39016318612347367,0.7342422480777178,1046
170,0.7793674698795181,0.6793544048419636,0.3027200935946183,0.9451721556886228,0.39016318612347367,0.7293609373607408,1035
171,0.7778614457831325,0.6790854068594485,0.30213512723018426,0.9447979041916168,0.39016318612347367,0.7284734263212905,1033
172,0.7868975903614458,0.6806993947545393,0.30564492541678856,0.9470434131736527,0.39016318612347367,0.7337984925579926,1045
173,0.7823795180722891,0.679892400806994,0.3038900263234864,0.9459206586826348,0.39016318612347367,0.7311359594396416,1039
174,0.7929216867469879,0.6817753866845999,0.30798479087452474,0.9485404191616766,0.39016318612347367,0.7373485367157939,1053
175,0.7831325301204819,0.6800268997982515,0.3041825095057034,0.9461077844311377,0.39016318612347367,0.7315797149593667,1040
176,0.7853915662650602,0.6804303967720242,0.3050599590523545,0.9466691616766467,0.39016318612347367,0.7329109815185422,1043
177,0.7868975903614458,0.6806993947545393,0.30564492541678856,0.9470434131736527,0.39016318612347367,0.7337984925579926,1045
178,0.7823795180722891,0.679892400806994,0.3038900263234864,0.9459206586826348,0.39016318612347367,0.7311359594396416,1039
179,0.7906626506024096,0.6813718897108272,0.30710734132787365,0.9479790419161677,0.39016318612347367,0.7360172701566183,1050
180,0.7846385542168675,0.6802958977807666,0.30476747587013747,0.9464820359281437,0.39016318612347367,0.732467225998817,1042
181,0.7801204819277109,0.6794889038332212,0.30301257677683535,0.9453592814371258,0.39016318612347367,0.729804692880466,1036
182,0.7853915662650602,0.6804303967720242,0.3050599590523545,0.9466691616766467,0.39016318612347367,0.7329109815185422,1043
183,0.7816265060240963,0.6797579018157364,0.30359754314126935,0.9457335329341318,0.39016318612347367,0.7306922039199164,1038
184,0.7853915662650602,0.6804303967720242,0.3050599590523545,0.9466691616766467,0.39016318612347367,0.7329109815185422,1043
185,0.7771084337349398,0.678950907868191,0.30184264404796723,0.9446107784431138,0.39016318612347367,0.7280296708015654,1032
186,0.7838855421686747,0.6801613987895091,0.30447499268792044,0.9462949101796407,0.39016318612347367,0.7320234704790919,1041
187,0.7868975903614458,0.6806993947545393,0.30564492541678856,0.9470434131736527,0.39016318612347367,0.7337984925579926,1045
188,0.7786144578313253,0.6792199058507061,0.3024276104124013,0.9449850299401198,0.39016318612347367,0.7289171818410157,1034
189,0.7838855421686747,0.6801613987895091,0.30447499268792044,0.9462949101796407,0.39016318612347367,0.7320234704790919,1041
190,0.7868975903614458,0.6806993947545393,0.30564492541678856,0.9470434131736527,0.39016318612347367,0.7337984925579926,1045
191,0.7831325301204819,0.6800268997982515,0.3041825095057034,0.9461077844311377,0.39016318612347367,0.7315797149593667,1040
192,0.7846385542168675,0.6802958977807666,0.30476747587013747,0.9464820359281437,0.39016318612347367,0.732467225998817,1042
193,0.7838855421686747,0.6801613987895091,0.30447499268792044,0.9462949101796407,0.39016318612347367,0.7320234704790919,1041
194,0.7891566265060241,0.6811028917283121,0.3065223749634396,0.9476047904191617,0.39016318612347367,0.7351297591171682,1048
195,0.7929216867469879,0.6817753866845999,0.30798479087452474,0.9485404191616766,0.39016318612347367,0.7373485367157939,1053
196,0.7891566265060241,0.6811028917283121,0.3065223749634396,0.9476047904191617,0.39016318612347367,0.7351297591171682,1048
197,0.7838855421686747,0.6801613987895091,0.30447499268792044,0.9462949101796407,0.39016318612347367,0.7320234704790919,1041
198,0.7868975903614458,0.6806993947545393,0.30564492541678856,0.9470434131736527,0.39016318612347367,0.7337984925579926,1045
199,0.7831325301204819,0.6800268997982515,0.3041825095057034,0.9461077844311377,0.39016318612347367,0.7315797149593667,1040
200,0.7786144578313253,0.6792199058507061,0.3024276104124013,0.9449850299401198,0.39016318612347367,0.7289171818410157,1034
201,0.7771084337349398,0.678950907868191,0.30184264404796723,0.9446107784431138,0.39016318612347367,0.7280296708015654,1032
202,0.795933734939759,0.6823133826496302,0.3091547236033928,0.9492889221556886,0.39016318612347367,0.7391235587946946,1057
203,0.7816265060240963,0.6797579018157364,0.30359754314126935,0.9457335329341318,0.39016318612347367,0.7306922039199164,1038
204,0.7801204819277109,0.6794889038332212,0.30301257677683535,0.9453592814371258,0.39016318612347367,0.729804692880466,1036
205,0.7801204819277109,0.6794889038332212,0.30301257677683535,0.9453592814371258,0.39016318612347367,0.729804692880466,1036
206,0.7823795180722891,0.679892400806994,0.3038900263234864,0.9459206586826348,0.39016318612347367,0.7311359594396416,1039
207,0.7801204819277109,0.6794889038332212,0.30301257677683535,0.9453592814371258,0.39016318612347367,0.729804692880466,1036
208,0.7801204819277109,0.6794889038332212,0.30301257677683535,0.9453592814371258,0.39016318612347367,0.729804692880466,1036
209,0.7778614457831325,0.6790854068594485,0.30213512723018426,0.9447979041916168,0.39016318612347367,0.7284734263212905,1033
210,0.7876506024096386,0.680833893745797,0.30593740859900553,0.9472305389221557,0.39016318612347367,0.7342422480777178,1046
211,0.7838855421686747,0.6801613987895091,0.30447499268792044,0.9462949101796407,0.39016318612347367,0.7320234704790919,1041
212,0.7823795180722891,0.679892400806994,0.3038900263234864,0.9459206586826348,0.39016318612347367,0.7311359594396416,1039
213,0.7914156626506024,0.6815063887020847,0.3073998245100907,0.9481661676646707,0.39016318612347367,0.7364610256763435,1051
214,0.7868975903614458,0.6806993947545393,0.30564492541678856,0.9470434131736527,0.39016318612347367,0.7337984925579926,1045
215,0.7868975903614458,0.6806993947545393,0.30564492541678856,0.9470434131736527,0.39016318612347367,0.7337984925579926,1045
216,0.7846385542168675,0.6802958977807666,0.30476747587013747,0.9464820359281437,0.39016318612347367,0.732467225998817,1042
217,0.7816265060240963,0.6797579018157364,0.30359754314126935,0.9457335329341318,0.39016318612347367,0.7306922039199164,1038
218,0.7808734939759037,0.6796234028244789,0.3033050599590524,0.9455464071856288,0.39016318612347367,0.7302484484001912,1037
219,0.7846385542168675,0.6802958977807666,0.30476747587013747,0.9464820359281437,0.39016318612347367,0.732467225998817,1042
220,0.7853915662650602,0.6804303967720242,0.3050599590523545,0.9466691616766467,0.39016318612347367,0.7329109815185422,1043
221,0.7846385542168675,0.6802958977807666,0.30476747587013747,0.9464820359281437,0.39016318612347367,0.732467225998817,1042
222,0.7816265060240963,0.6797579018157364,0.30359754314126935,0.9457335329341318,0.39016318612347367,0.7306922039199164,1038
223,0.7808734939759037,0.6796234028244789,0.3033050599590524,0.9455464071856288,0.39016318612347367,0.7302484484001912,1037
224,0.7831325301204819,0.6800268997982515,0.3041825095057034,0.9461077844311377,0.39016318612347367,0.7315797149593667,1040
225,0.7876506024096386,0.680833893745797,0.30593740859900553,0.9472305389221557,0.39016318612347367,0.7342422480777178,1046
226,0.7884036144578314,0.6809683927370545,0.30622989178122256,0.9474176646706587,0.39016318612347367,0.734686003597443,1047
227,0.7793674698795181,0.6793544048419636,0.3027200935946183,0.9451721556886228,0.39016318612347367,0.7293609373607408,1035
228,0.7936746987951807,0.6819098856758574,0.3082772740567417,0.9487275449101796,0.39016318612347367,0.7377922922355191,1054
229,0.7816265060240963,0.6797579018157364,0.30359754314126935,0.9457335329341318,0.39016318612347367,0.7306922039199164,1038
230,0.7846385542168675,0.6802958977807666,0.30476747587013747,0.9464820359281437,0.39016318612347367,0.732467225998817,1042
231,0.7868975903614458,0.6806993947545393,0.30564492541678856,0.9470434131736527,0.39016318612347367,0.7337984925579926,1045
232,0.7831325301204819,0.6800268997982515,0.3041825095057034,0.9461077844311377,0.39016318612347367,0.7315797149593667,1040
233,0.7831325301204819,0.6800268997982515,0.3041825095057034,0.9461077844311377,0.39016318612347367,0.7315797149593667,1040
234,0.7816265060240963,0.6797579018157364,0.30359754314126935,0.9457335329341318,0.39016318612347367,0.7306922039199164,1038
235,0.7808734939759037,0.6796234028244789,0.3033050599590524,0.9455464071856288,0.39016318612347367,0.7302484484001912,1037
236,0.7838855421686747,0.6801613987895091,0.30447499268792044,0.9462949101796407,0.39016318612347367,0.7320234704790919,1041
237,0.7831325301204819,0.6800268997982515,0.3041825095057034,0.9461077844311377,0.39016318612347367,0.7315797149593667,1040
238,0.7838855421686747,0.6801613987895091,0.30447499268792044,0.9462949101796407,0.39016318612347367,0.7320234704790919,1041
239,0.7793674698795181,0.6793544048419636,0.3027200935946183,0.9451721556886228,0.39016318612347367,0.7293609373607408,1035
240,0.7808734939759037,0.6796234028244789,0.3033050599590524,0.9455464071856288,0.39016318612347367,0.7302484484001912,1037
241,0.7808734939759037,0.6796234028244789,0.3033050599590524,0.9455464071856288,0.39016318612347367,0.7302484484001912,1037
242,0.7801204819277109,0.6794889038332212,0.30301257677683535,0.9453592814371258,0.39016318612347367,0.729804692880466,1036
243,0.7801204819277109,0.6794889038332212,0.30301257677683535,0.9453592814371258,0.39016318612347367,0.729804692880466,1036
244,0.7831325301204819,0.6800268997982515,0.3041825095057034,0.9461077844311377,0.39016318612347367,0.7315797149593667,1040
245,0.7853915662650602,0.6804303967720242,0.3050599590523545,0.9466691616766467,0.39016318612347367,0.7329109815185422,1043
246,0.7831325301204819,0.6800268997982515,0.3041825095057034,0.9461077844311377,0.39016318612347367,0.7315797149593667,1040
247,0.7853915662650602,0.6804303967720242,0.3050599590523545,0.9466691616766467,0.39016318612347367,0.7329109815185422,1043
248,0.7823795180722891,0.679892400806994,0.3038900263234864,0.9459206586826348,0.39016318612347367,0.7311359594396416,1039
249,0.7884036144578314,0.6809683927370545,0.30622989178122256,0.9474176646706587,0.39016318612347367,0.734686003597443,1047
250,0.7823795180722891,0.679892400806994,0.3038900263234864,0.9459206586826348,0.39016318612347367,0.7311359594396416,1039
251,0.7853915662650602,0.6804303967720242,0.3050599590523545,0.9466691616766467,0.39016318612347367,0.7329109815185422,1043
252,0.7906626506024096,0.6813718897108272,0.30710734132787365,0.9479790419161677,0.39016318612347367,0.7360172701566183,1050
253,0.7846385542168675,0.6802958977807666,0.30476747587013747,0.9464820359281437,0.39016318612347367,0.732467225998817,1042
254,0.7793674698795181,0.6793544048419636,0.3027200935946183,0.9451721556886228,0.39016318612347367,0.7293609373607408,1035
255,0.7808734939759037,0.6796234028244789,0.3033050599590524,0.9455464071856288,0.39016318612347367,0.7302484484001912,1037
256,0.7823795180722891,0.679892400806994,0.3038900263234864,0.9459206586826348,0.39016318612347367,0.7311359594396416,1039
257,0.7846385542168675,0.6802958977807666,0.30476747587013747,0.9464820359281437,0.39016318612347367,0.732467225998817,1042
258,0.7891566265060241,0.6811028917283121,0.3065223749634396,0.9476047904191617,0.39016318612347367,0.7351297591171682,1048
259,0.7838855421686747,0.6801613987895091,0.30447499268792044,0.9462949101796407,0.39016318612347367,0.7320234704790919,1041
260,0.7808734939759037,0.6796234028244789,0.3033050599590524,0.9455464071856288,0.39016318612347367,0.7302484484001912,1037
261,0.7816265060240963,0.6797579018157364,0.30359754314126935,0.9457335329341318,0.39016318612347367,0.7306922039199164,1038
262,0.7831325301204819,0.6800268997982515,0.3041825095057034,0.9461077844311377,0.39016318612347367,0.7315797149593667,1040
263,0.7831325301204819,0.6800268997982515,0.3041825095057034,0.9461077844311377,0.39016318612347367,0.7315797149593667,1040
264,0.7868975903614458,0.6806993947545393,0.30564492541678856,0.9470434131736527,0.39016318612347367,0.7337984925579926,1045
265,0.7808734939759037,0.6796234028244789,0.3033050599590524,0.9455464071856288,0.39016318612347367,0.7302484484001912,1037
266,0.7838855421686747,0.6801613987895091,0.30447499268792044,0.9462949101796407,0.39016318612347367,0.7320234704790919,1041
267,0.7899096385542169,0.6812373907195696,0.3068148581456566,0.9477919161676647,0.39016318612347367,0.7355735146368932,1049
268,0.7801204819277109,0.6794889038332212,0.30301257677683535,0.9453592814371258,0.39016318612347367,0.729804692880466,1036
269,0.7929216867469879,0.6817753866845999,0.30798479087452474,0.9485404191616766,0.39016318612347367,0.7373485367157939,1053
270,0.776355421686747,0.6788164088769334,0.3015501608657502,0.9444236526946108,0.39016318612347367,0.7275859152818402,1031
271,0.7823795180722891,0.679892400806994,0.3038900263234864,0.9459206586826348,0.39016318612347367,0.7311359594396416,1039
272,0.7838855421686747,0.6801613987895091,0.30447499268792044,0.9462949101796407,0.39016318612347367,0.7320234704790919,1041
273,0.776355421686747,0.6788164088769334,0.3015501608657502,0.9444236526946108,0.39016318612347367,0.7275859152818402,1031
274,0.7846385542168675,0.6802958977807666,0.30476747587013747,0.9464820359281437,0.39016318612347367,0.732467225998817,1042
275,0.7838855421686747,0.6801613987895091,0.30447499268792044,0.9462949101796407,0.39016318612347367,0.7320234704790919,1041
276,0.7808734939759037,0.6796234028244789,0.3033050599590524,0.9455464071856288,0.39016318612347367,0.7302484484001912,1037
277,0.7876506024096386,0.680833893745797,0.30593740859900553,0.9472305389221557,0.39016318612347367,0.7342422480777178,1046
278,0.7838855421686747,0.6801613987895091,0.30447499268792044,0.9462949101796407,0.39016318612347367,0.7320234704790919,1041
279,0.7884036144578314,0.6809683927370545,0.30622989178122256,0.9474176646706587,0.39016318612347367,0.734686003597443,1047
280,0.7846385542168675,0.6802958977807666,0.30476747587013747,0.9464820359281437,0.39016318612347367,0.732467225998817,1042
281,0.7876506024096386,0.680833893745797,0.30593740859900553,0.9472305389221557,0.39016318612347367,0.7342422480777178,1046
282,0.7884036144578314,0.6809683927370545,0.30622989178122256,0.9474176646706587,0.39016318612347367,0.734686003597443,1047
283,0.7838855421686747,0.6801613987895091,0.30447499268792044,0.9462949101796407,0.39016318612347367,0.7320234704790919,1041
284,0.7891566265060241,0.6811028917283121,0.3065223749634396,0.9476047904191617,0.39016318612347367,0.7351297591171682,1048
285,0.7801204819277109,0.6794889038332212,0.30301257677683535,0.9453592814371258,0.39016318612347367,0.729804692880466,1036
286,0.7853915662650602,0.6804303967720242,0.3050599590523545,0.9466691616766467,0.39016318612347367,0.7329109815185422,1043
287,0.7831325301204819,0.6800268997982515,0.3041825095057034,0.9461077844311377,0.39016318612347367,0.7315797149593667,1040
288,0.7899096385542169,0.6812373907195696,0.3068148581456566,0.9477919161676647,0.39016318612347367,0.7355735146368932,1049
289,0.786144578313253,0.6805648957632818,0.30535244223457153,0.9468562874251497,0.39016318612347367,0.7333547370382674,1044
290,0.786144578313253,0.6805648957632818,0.30535244223457153,0.9468562874251497,0.39016318612347367,0.7333547370382674,1044
291,0.7906626506024096,0.6813718897108272,0.30710734132787365,0.9479790419161677,0.39016318612347367,0.7360172701566183,1050
292,0.7914156626506024,0.6815063887020847,0.3073998245100907,0.9481661676646707,0.39016318612347367,0.7364610256763435,1051
293,0.7793674698795181,0.6793544048419636,0.3027200935946183,0.9451721556886228,0.39016318612347367,0.7293609373607408,1035
294,0.7891566265060241,0.6811028917283121,0.3065223749634396,0.9476047904191617,0.39016318612347367,0.7351297591171682,1048
295,0.7831325301204819,0.6800268997982515,0.3041825095057034,0.9461077844311377,0.39016318612347367,0.7315797149593667,1040
296,0.7884036144578314,0.6809683927370545,0.30622989178122256,0.9474176646706587,0.39016318612347367,0.734686003597443,1047
297,0.7831325301204819,0.6800268997982515,0.3041825095057034,0.9461077844311377,0.39016318612347367,0.7315797149593667,1040
298,0.7929216867469879,0.6817753866845999,0.30798479087452474,0.9485404191616766,0.39016318612347367,0.7373485367157939,1053
299,0.786144578313253,0.6805648957632818,0.30535244223457153,0.9468562874251497,0.39016318612347367,0.7333547370382674,1044
300,0.7801204819277109,0.6794889038332212,0.30301257677683535,0.9453592814371258,0.39016318612347367,0.729804692880466,1036
301,0.7771084337349398,0.678950907868191,0.30184264404796723,0.9446107784431138,0.39016318612347367,0.7280296708015654,1032
302,0.7831325301204819,0.6800268997982515,0.3041825095057034,0.9461077844311377,0.39016318612347367,0.7315797149593667,1040
303,0.7801204819277109,0.6794889038332212,0.30301257677683535,0.9453592814371258,0.39016318612347367,0.729804692880466,1036
304,0.7801204819277109,0.6794889038332212,0.30301257677683535,0.9453592814371258,0.39016318612347367,0.729804692880466,1036
305,0.786144578313253,0.6805648957632818,0.30535244223457153,0.9468562874251497,0.39016318612347367,0.7333547370382674,1044
306,0.7838855421686747,0.6801613987895091,0.30447499268792044,0.9462949101796407,0.39016318612347367,0.7320234704790919,1041
307,0.7853915662650602,0.6804303967720242,0.3050599590523545,0.9466691616766467,0.39016318612347367,0.7329109815185422,1043
308,0.7838855421686747,0.6801613987895091,0.30447499268792044,0.9462949101796407,0.39016318612347367,0.7320234704790919,1041
309,0.7816265060240963,0.6797579018157364,0.30359754314126935,0.9457335329341318,0.39016318612347367,0.7306922039199164,1038
310,0.7808734939759037,0.6796234028244789,0.3033050599590524,0.9455464071856288,0.39016318612347367,0.7302484484001912,1037
311,0.7793674698795181,0.6793544048419636,0.3027200935946183,0.9451721556886228,0.39016318612347367,0.7293609373607408,1035
312,0.7838855421686747,0.6801613987895091,0.30447499268792044,0.9462949101796407,0.39016318612347367,0.7320234704790919,1041
313,0.7884036144578314,0.6809683927370545,0.30622989178122256,0.9474176646706587,0.39016318612347367,0.734686003597443,1047
314,0.7808734939759037,0.6796234028244789,0.3033050599590524,0.9455464071856288,0.39016318612347367,0.7302484484001912,1037
315,0.7868975903614458,0.6806993947545393,0.30564492541678856,0.9470434131736527,0.39016318612347367,0.7337984925579926,1045
316,0.7756024096385542,0.6786819098856759,0.3012576776835332,0.9442365269461078,0.39016318612347367,0.727142159762115,1030
317,0.7838855421686747,0.6801613987895091,0.30447499268792044,0.9462949101796407,0.39016318612347367,0.7320234704790919,1041
318,0.7831325301204819,0.6800268997982515,0.3041825095057034,0.9461077844311377,0.39016318612347367,0.7315797149593667,1040
319,0.7846385542168675,0.6802958977807666,0.30476747587013747,0.9464820359281437,0.39016318612347367,0.732467225998817,1042
320,0.7823795180722891,0.679892400806994,0.3038900263234864,0.9459206586826348,0.39016318612347367,0.7311359594396416,1039
321,0.7891566265060241,0.6811028917283121,0.3065223749634396,0.9476047904191617,0.39016318612347367,0.7351297591171682,1048
322,0.7778614457831325,0.6790854068594485,0.30213512723018426,0.9447979041916168,0.39016318612347367,0.7284734263212905,1033
323,0.7914156626506024,0.6815063887020847,0.3073998245100907,0.9481661676646707,0.39016318612347367,0.7364610256763435,1051
324,0.7884036144578314,0.6809683927370545,0.30622989178122256,0.9474176646706587,0.39016318612347367,0.734686003597443,1047
325,0.7899096385542169,0.6812373907195696,0.3068148581456566,0.9477919161676647,0.39016318612347367,0.7355735146368932,1049
326,0.7846385542168675,0.6802958977807666,0.30476747587013747,0.9464820359281437,0.39016318612347367,0.732467225998817,1042
327,0.7801204819277109,0.6794889038332212,0.30301257677683535,0.9453592814371258,0.39016318612347367,0.729804692880466,1036
328,0.7838855421686747,0.6801613987895091,0.30447499268792044,0.9462949101796407,0.39016318612347367,0.7320234704790919,1041
329,0.7808734939759037,0.6796234028244789,0.3033050599590524,0.9455464071856288,0.39016318612347367,0.7302484484001912,1037
330,0.7838855421686747,0.6801613987895091,0.30447499268792044,0.9462949101796407,0.39016318612347367,0.7320234704790919,1041
331,0.7838855421686747,0.6801613987895091,0.30447499268792044,0.9462949101796407,0.39016318612347367,0.7320234704790919,1041
332,0.7891566265060241,0.6811028917283121,0.3065223749634396,0.9476047904191617,0.39016318612347367,0.7351297591171682,1048
333,0.7823795180722891,0.679892400806994,0.3038900263234864,0.9459206586826348,0.39016318612347367,0.7311359594396416,1039
334,0.7853915662650602,0.6804303967720242,0.3050599590523545,0.9466691616766467,0.39016318612347367,0.7329109815185422,1043
335,0.7801204819277109,0.6794889038332212,0.30301257677683535,0.9453592814371258,0.39016318612347367,0.729804692880466,1036
336,0.7823795180722891,0.679892400806994,0.3038900263234864,0.9459206586826348,0.39016318612347367,0.7311359594396416,1039
337,0.7891566265060241,0.6811028917283121,0.3065223749634396,0.9476047904191617,0.39016318612347367,0.7351297591171682,1048
338,0.7899096385542169,0.6812373907195696,0.3068148581456566,0.9477919161676647,0.39016318612347367,0.7355735146368932,1049
339,0.7921686746987951,0.6816408876933423,0.3076923076923077,0.9483532934131736,0.39016318612347367,0.7369047811960687,1052
340,0.786144578313253,0.6805648957632818,0.30535244223457153,0.9468562874251497,0.39016318612347367,0.7333547370382674,1044
341,0.7884036144578314,0.6809683927370545,0.30622989178122256,0.9474176646706587,0.39016318612347367,0.734686003597443,1047
342,0.7846385542168675,0.6802958977807666,0.30476747587013747,0.9464820359281437,0.39016318612347367,0.732467225998817,1042
343,0.7801204819277109,0.6794889038332212,0.30301257677683535,0.9453592814371258,0.39016318612347367,0.729804692880466,1036
344,0.7853915662650602,0.6804303967720242,0.3050599590523545,0.9466691616766467,0.39016318612347367,0.7329109815185422,1043
345,0.7838855421686747,0.6801613987895091,0.30447499268792044,0.9462949101796407,0.39016318612347367,0.7320234704790919,1041
346,0.7853915662650602,0.6804303967720242,0.3050599590523545,0.9466691616766467,0.39016318612347367,0.7329109815185422,1043
347,0.7846385542168675,0.6802958977807666,0.30476747587013747,0.9464820359281437,0.39016318612347367,0.732467225998817,1042
348,0.7838855421686747,0.6801613987895091,0.30447499268792044,0.9462949101796407,0.39016318612347367,0.7320234704790919,1041
349,0.7801204819277109,0.6794889038332212,0.30301257677683535,0.9453592814371258,0.39016318612347367,0.729804692880466,1036
350,0.7816265060240963,0.6797579018157364,0.30359754314126935,0.9457335329341318,0.39016318612347367,0.7306922039199164,1038
351,0.7786144578313253,0.6792199058507061,0.3024276104124013,0.9449850299401198,0.39016318612347367,0.7289171818410157,1034
352,0.7823795180722891,0.679892400806994,0.3038900263234864,0.9459206586826348,0.39016318612347367,0.7311359594396416,1039
353,0.7831325301204819,0.6800268997982515,0.3041825095057034,0.9461077844311377,0.39016318612347367,0.7315797149593667,1040
354,0.7793674698795181,0.6793544048419636,0.3027200935946183,0.9451721556886228,0.39016318612347367,0.7293609373607408,1035
355,0.7831325301204819,0.6800268997982515,0.3041825095057034,0.9461077844311377,0.39016318612347367,0.7315797149593667,1040
356,0.7876506024096386,0.680833893745797,0.30593740859900553,0.9472305389221557,0.39016318612347367,0.7342422480777178,1046
357,0.7853915662650602,0.6804303967720242,0.3050599590523545,0.9466691616766467,0.39016318612347367,0.7329109815185422,1043
358,0.7846385542168675,0.6802958977807666,0.30476747587013747,0.9464820359281437,0.39016318612347367,0.732467225998817,1042
359,0.7808734939759037,0.6796234028244789,0.3033050599590524,0.9455464071856288,0.39016318612347367,0.7302484484001912,1037
360,0.7816265060240963,0.6797579018157364,0.30359754314126935,0.9457335329341318,0.39016318612347367,0.7306922039199164,1038
361,0.786144578313253,0.6805648957632818,0.30535244223457153,0.9468562874251497,0.39016318612347367,0.7333547370382674,1044
362,0.786144578313253,0.6805648957632818,0.30535244223457153,0.9468562874251497,0.39016318612347367,0.7333547370382674,1044
363,0.7831325301204819,0.6800268997982515,0.3041825095057034,0.9461077844311377,0.39016318612347367,0.7315797149593667,1040
364,0.7876506024096386,0.680833893745797,0.30593740859900553,0.9472305389221557,0.39016318612347367,0.7342422480777178,1046
365,0.7756024096385542,0.6786819098856759,0.3012576776835332,0.9442365269461078,0.39016318612347367,0.727142159762115,1030
366,0.7831325301204819,0.6800268997982515,0.3041825095057034,0.9461077844311377,0.39016318612347367,0.7315797149593667,1040
367,0.7876506024096386,0.680833893745797,0.30593740859900553,0.9472305389221557,0.39016318612347367,0.7342422480777178,1046
368,0.7801204819277109,0.6794889038332212,0.30301257677683535,0.9453592814371258,0.39016318612347367,0.729804692880466,1036
369,0.7884036144578314,0.6809683927370545,0.30622989178122256,0.9474176646706587,0.39016318612347367,0.734686003597443,1047
370,0.7823795180722891,0.679892400806994,0.3038900263234864,0.9459206586826348,0.39016318612347367,0.7311359594396416,1039
371,0.7853915662650602,0.6804303967720242,0.3050599590523545,0.9466691616766467,0.39016318612347367,0.7329109815185422,1043
372,0.7786144578313253,0.6792199058507061,0.3024276104124013,0.9449850299401198,0.39016318612347367,0.7289171818410157,1034
373,0.7838855421686747,0.6801613987895091,0.30447499268792044,0.9462949101796407,0.39016318612347367,0.7320234704790919,1041
374,0.7831325301204819,0.6800268997982515,0.3041825095057034,0.9461077844311377,0.39016318612347367,0.7315797149593667,1040
375,0.7853915662650602,0.6804303967720242,0.3050599590523545,0.9466691616766467,0.39016318612347367,0.7329109815185422,1043
376,0.7771084337349398,0.678950907868191,0.30184264404796723,0.9446107784431138,0.39016318612347367,0.7280296708015654,1032
377,0.7816265060240963,0.6797579018157364,0.30359754314126935,0.9457335329341318,0.39016318612347367,0.7306922039199164,1038
378,0.7823795180722891,0.679892400806994,0.3038900263234864,0.9459206586826348,0.39016318612347367,0.7311359594396416,1039
379,0.7816265060240963,0.6797579018157364,0.30359754314126935,0.9457335329341318,0.39016318612347367,0.7306922039199164,1038
380,0.7831325301204819,0.6800268997982515,0.3041825095057034,0.9461077844311377,0.39016318612347367,0.7315797149593667,1040
381,0.7823795180722891,0.679892400806994,0.3038900263234864,0.9459206586826348,0.39016318612347367,0.7311359594396416,1039
382,0.7899096385542169,0.6812373907195696,0.3068148581456566,0.9477919161676647,0.39016318612347367,0.7355735146368932,1049
383,0.7838855421686747,0.6801613987895091,0.30447499268792044,0.9462949101796407,0.39016318612347367,0.7320234704790919,1041
384,0.7899096385542169,0.6812373907195696,0.3068148581456566,0.9477919161676647,0.39016318612347367,0.7355735146368932,1049
385,0.7808734939759037,0.6796234028244789,0.3033050599590524,0.9455464071856288,0.39016318612347367,0.7302484484001912,1037
386,0.7778614457831325,0.6790854068594485,0.30213512723018426,0.9447979041916168,0.39016318612347367,0.7284734263212905,1033
387,0.7853915662650602,0.6804303967720242,0.3050599590523545,0.9466691616766467,0.39016318612347367,0.7329109815185422,1043
388,0.7823795180722891,0.679892400806994,0.3038900263234864,0.9459206586826348,0.39016318612347367,0.7311359594396416,1039
389,0.7771084337349398,0.678950907868191,0.30184264404796723,0.9446107784431138,0.39016318612347367,0.7280296708015654,1032
390,0.7868975903614458,0.6806993947545393,0.30564492541678856,0.9470434131736527,0.39016318612347367,0.7337984925579926,1045
391,0.7756024096385542,0.6786819098856759,0.3012576776835332,0.9442365269461078,0.39016318612347367,0.727142159762115,1030
392,0.7831325301204819,0.6800268997982515,0.3041825095057034,0.9461077844311377,0.39016318612347367,0.7315797149593667,1040
393,0.7808734939759037,0.6796234028244789,0.3033050599590524,0.9455464071856288,0.39016318612347367,0.7302484484001912,1037
394,0.7846385542168675,0.6802958977807666,0.30476747587013747,0.9464820359281437,0.39016318612347367,0.732467225998817,1042
395,0.786144578313253,0.6805648957632818,0.30535244223457153,0.9468562874251497,0.39016318612347367,0.7333547370382674,1044
396,0.7876506024096386,0.680833893745797,0.30593740859900553,0.9472305389221557,0.39016318612347367,0.7342422480777178,1046
397,0.7868975903614458,0.6806993947545393,0.30564492541678856,0.9470434131736527,0.39016318612347367,0.7337984925579926,1045
398,0.7771084337349398,0.678950907868191,0.30184264404796723,0.9446107784431138,0.39016318612347367,0.7280296708015654,1032
399,0.7786144578313253,0.6792199058507061,0.3024276104124013,0.9449850299401198,0.39016318612347367,0.7289171818410157,1034
400,0.7838855421686747,0.6801613987895091,0.30447499268792044,0.9462949101796407,0.39016318612347367,0.7320234704790919,1041
401,0.7838855421686747,0.6801613987895091,0.30447499268792044,0.9462949101796407,0.39016318612347367,0.7320234704790919,1041
402,0.7876506024096386,0.680833893745797,0.30593740859900553,0.9472305389221557,0.39016318612347367,0.7342422480777178,1046
403,0.7876506024096386,0.680833893745797,0.30593740859900553,0.9472305389221557,0.39016318612347367,0.7342422480777178,1046
404,0.7884036144578314,0.6809683927370545,0.30622989178122256,0.9474176646706587,0.39016318612347367,0.734686003597443,1047
405,0.7838855421686747,0.6801613987895091,0.30447499268792044,0.9462949101796407,0.39016318612347367,0.7320234704790919,1041
406,0.7786144578313253,0.6792199058507061,0.3024276104124013,0.9449850299401198,0.39016318612347367,0.7289171818410157,1034
407,0.7846385542168675,0.6802958977807666,0.30476747587013747,0.9464820359281437,0.39016318612347367,0.732467225998817,1042
408,0.7808734939759037,0.6796234028244789,0.3033050599590524,0.9455464071856288,0.39016318612347367,0.7302484484001912,1037
409,0.7778614457831325,0.6790854068594485,0.30213512723018426,0.9447979041916168,0.39016318612347367,0.7284734263212905,1033
410,0.7778614457831325,0.6790854068594485,0.30213512723018426,0.9447979041916168,0.39016318612347367,0.7284734263212905,1033
411,0.7816265060240963,0.6797579018157364,0.30359754314126935,0.9457335329341318,0.39016318612347367,0.7306922039199164,1038
412,0.7846385542168675,0.6802958977807666,0.30476747587013747,0.9464820359281437,0.39016318612347367,0.732467225998817,1042
413,0.7876506024096386,0.680833893745797,0.30593740859900553,0.9472305389221557,0.39016318612347367,0.7342422480777178,1046
414,0.7868975903614458,0.6806993947545393,0.30564492541678856,0.9470434131736527,0.39016318612347367,0.7337984925579926,1045
415,0.7868975903614458,0.6806993947545393,0.30564492541678856,0.9470434131736527,0.39016318612347367,0.7337984925579926,1045
416,0.7778614457831325,0.6790854068594485,0.30213512723018426,0.9447979041916168,0.39016318612347367,0.7284734263212905,1033
417,0.7823795180722891,0.679892400806994,0.3038900263234864,0.9459206586826348,0.39016318612347367,0.7311359594396416,1039
418,0.7823795180722891,0.679892400806994,0.3038900263234864,0.9459206586826348,0.39016318612347367,0.7311359594396416,1039
419,0.7846385542168675,0.6802958977807666,0.30476747587013747,0.9464820359281437,0.39016318612347367,0.732467225998817,1042
420,0.7838855421686747,0.6801613987895091,0.30447499268792044,0.9462949101796407,0.39016318612347367,0.7320234704790919,1041
421,0.7846385542168675,0.6802958977807666,0.30476747587013747,0.9464820359281437,0.39016318612347367,0.732467225998817,1042
422,0.7831325301204819,0.6800268997982515,0.3041825095057034,0.9461077844311377,0.39016318612347367,0.7315797149593667,1040
423,0.7846385542168675,0.6802958977807666,0.30476747587013747,0.9464820359281437,0.39016318612347367,0.732467225998817,1042
424,0.7846385542168675,0.6802958977807666,0.30476747587013747,0.9464820359281437,0.39016318612347367,0.732467225998817,1042
425,0.7831325301204819,0.6800268997982515,0.3041825095057034,0.9461077844311377,0.39016318612347367,0.7315797149593667,1040
426,0.7823795180722891,0.679892400806994,0.3038900263234864,0.9459206586826348,0.39016318612347367,0.7311359594396416,1039
427,0.7876506024096386,0.680833893745797,0.30593740859900553,0.9472305389221557,0.39016318612347367,0.7342422480777178,1046
428,0.7891566265060241,0.6811028917283121,0.3065223749634396,0.9476047904191617,0.39016318612347367,0.7351297591171682,1048
429,0.786144578313253,0.6805648957632818,0.30535244223457153,0.9468562874251497,0.39016318612347367,0.7333547370382674,1044
430,0.7816265060240963,0.6797579018157364,0.30359754314126935,0.9457335329341318,0.39016318612347367,0.7306922039199164,1038
431,0.7846385542168675,0.6802958977807666,0.30476747587013747,0.9464820359281437,0.39016318612347367,0.732467225998817,1042
432,0.7778614457831325,0.6790854068594485,0.30213512723018426,0.9447979041916168,0.39016318612347367,0.7284734263212905,1033
433,0.786144578313253,0.6805648957632818,0.30535244223457153,0.9468562874251497,0.39016318612347367,0.7333547370382674,1044
434,0.7831325301204819,0.6800268997982515,0.3041825095057034,0.9461077844311377,0.39016318612347367,0.7315797149593667,1040
435,0.7838855421686747,0.6801613987895091,0.30447499268792044,0.9462949101796407,0.39016318612347367,0.7320234704790919,1041
436,0.7831325301204819,0.6800268997982515,0.3041825095057034,0.9461077844311377,0.39016318612347367,0.7315797149593667,1040
437,0.7831325301204819,0.6800268997982515,0.3041825095057034,0.9461077844311377,0.39016318612347367,0.7315797149593667,1040
438,0.7891566265060241,0.6811028917283121,0.3065223749634396,0.9476047904191617,0.39016318612347367,0.7351297591171682,1048
439,0.7838855421686747,0.6801613987895091,0.30447499268792044,0.9462949101796407,0.39016318612347367,0.7320234704790919,1041
440,0.7838855421686747,0.6801613987895091,0.30447499268792044,0.9462949101796407,0.39016318612347367,0.7320234704790919,1041
441,0.7786144578313253,0.6792199058507061,0.3024276104124013,0.9449850299401198,0.39016318612347367,0.7289171818410157,1034
442,0.7846385542168675,0.6802958977807666,0.30476747587013747,0.9464820359281437,0.39016318612347367,0.732467225998817,1042
443,0.7853915662650602,0.6804303967720242,0.3050599590523545,0.9466691616766467,0.39016318612347367,0.7329109815185422,1043
444,0.7876506024096386,0.680833893745797,0.30593740859900553,0.9472305389221557,0.39016318612347367,0.7342422480777178,1046
445,0.7801204819277109,0.6794889038332212,0.30301257677683535,0.9453592814371258,0.39016318612347367,0.729804692880466,1036
446,0.786144578313253,0.6805648957632818,0.30535244223457153,0.9468562874251497,0.39016318612347367,0.7333547370382674,1044
447,0.7816265060240963,0.6797579018157364,0.30359754314126935,0.9457335329341318,0.39016318612347367,0.7306922039199164,1038
448,0.7846385542168675,0.6802958977807666,0.30476747587013747,0.9464820359281437,0.39016318612347367,0.732467225998817,1042
449,0.7838855421686747,0.6801613987895091,0.30447499268792044,0.9462949101796407,0.39016318612347367,0.7320234704790919,1041
450,0.786144578313253,0.6805648957632818,0.30535244223457153,0.9468562874251497,0.39016318612347367,0.7333547370382674,1044
451,0.7838855421686747,0.6801613987895091,0.30447499268792044,0.9462949101796407,0.39016318612347367,0.7320234704790919,1041
452,0.786144578313253,0.6805648957632818,0.30535244223457153,0.9468562874251497,0.39016318612347367,0.7333547370382674,1044
453,0.7823795180722891,0.679892400806994,0.3038900263234864,0.9459206586826348,0.39016318612347367,0.7311359594396416,1039
454,0.7876506024096386,0.680833893745797,0.30593740859900553,0.9472305389221557,0.39016318612347367,0.7342422480777178,1046
455,0.7816265060240963,0.6797579018157364,0.30359754314126935,0.9457335329341318,0.39016318612347367,0.7306922039199164,1038
456,0.7793674698795181,0.6793544048419636,0.3027200935946183,0.9451721556886228,0.39016318612347367,0.7293609373607408,1035
457,0.7808734939759037,0.6796234028244789,0.3033050599590524,0.9455464071856288,0.39016318612347367,0.7302484484001912,1037
458,0.7914156626506024,0.6815063887020847,0.3073998245100907,0.9481661676646707,0.39016318612347367,0.7364610256763435,1051
459,0.7823795180722891,0.679892400806994,0.3038900263234864,0.9459206586826348,0.39016318612347367,0.7311359594396416,1039
460,0.7831325301204819,0.6800268997982515,0.3041825095057034,0.9461077844311377,0.39016318612347367,0.7315797149593667,1040
461,0.7831325301204819,0.6800268997982515,0.3041825095057034,0.9461077844311377,0.39016318612347367,0.7315797149593667,1040
462,0.7876506024096386,0.680833893745797,0.30593740859900553,0.9472305389221557,0.39016318612347367,0.7342422480777178,1046
463,0.7786144578313253,0.6792199058507061,0.3024276104124013,0.9449850299401198,0.39016318612347367,0.7289171818410157,1034
464,0.7853915662650602,0.6804303967720242,0.3050599590523545,0.9466691616766467,0.39016318612347367,0.7329109815185422,1043
465,0.7838855421686747,0.6801613987895091,0.30447499268792044,0.9462949101796407,0.39016318612347367,0.7320234704790919,1041
466,0.7846385542168675,0.6802958977807666,0.30476747587013747,0.9464820359281437,0.39016318612347367,0.732467225998817,1042
467,0.7808734939759037,0.6796234028244789,0.3033050599590524,0.9455464071856288,0.39016318612347367,0.7302484484001912,1037
468,0.786144578313253,0.6805648957632818,0.30535244223457153,0.9468562874251497,0.39016318612347367,0.7333547370382674,1044
469,0.795933734939759,0.6823133826496302,0.3091547236033928,0.9492889221556886,0.39016318612347367,0.7391235587946946,1057
470,0.7853915662650602,0.6804303967720242,0.3050599590523545,0.9466691616766467,0.39016318612347367,0.7329109815185422,1043
471,0.7771084337349398,0.678950907868191,0.30184264404796723,0.9446107784431138,0.39016318612347367,0.7280296708015654,1032
472,0.7838855421686747,0.6801613987895091,0.30447499268792044,0.9462949101796407,0.39016318612347367,0.7320234704790919,1041
473,0.7823795180722891,0.679892400806994,0.3038900263234864,0.9459206586826348,0.39016318612347367,0.7311359594396416,1039
474,0.7838855421686747,0.6801613987895091,0.30447499268792044,0.9462949101796407,0.39016318612347367,0.7320234704790919,1041
475,0.7853915662650602,0.6804303967720242,0.3050599590523545,0.9466691616766467,0.39016318612347367,0.7329109815185422,1043
476,0.7838855421686747,0.6801613987895091,0.30447499268792044,0.9462949101796407,0.39016318612347367,0.7320234704790919,1041
477,0.7884036144578314,0.6809683927370545,0.30622989178122256,0.9474176646706587,0.39016318612347367,0.734686003597443,1047
478,0.7838855421686747,0.6801613987895091,0.30447499268792044,0.9462949101796407,0.39016318612347367,0.7320234704790919,1041
479,0.7831325301204819,0.6800268997982515,0.3041825095057034,0.9461077844311377,0.39016318612347367,0.7315797149593667,1040
480,0.7853915662650602,0.6804303967720242,0.3050599590523545,0.9466691616766467,0.39016318612347367,0.7329109815185422,1043
481,0.7846385542168675,0.6802958977807666,0.30476747587013747,0.9464820359281437,0.39016318612347367,0.732467225998817,1042
482,0.7831325301204819,0.6800268997982515,0.3041825095057034,0.9461077844311377,0.39016318612347367,0.7315797149593667,1040
483,0.7801204819277109,0.6794889038332212,0.30301257677683535,0.9453592814371258,0.39016318612347367,0.729804692880466,1036
484,0.7823795180722891,0.679892400806994,0.3038900263234864,0.9459206586826348,0.39016318612347367,0.7311359594396416,1039
485,0.7853915662650602,0.6804303967720242,0.3050599590523545,0.9466691616766467,0.39016318612347367,0.7329109815185422,1043
486,0.7823795180722891,0.679892400806994,0.3038900263234864,0.9459206586826348,0.39016318612347367,0.7311359594396416,1039
487,0.7808734939759037,0.6796234028244789,0.3033050599590524,0.9455464071856288,0.39016318612347367,0.7302484484001912,1037
488,0.7853915662650602,0.6804303967720242,0.3050599590523545,0.9466691616766467,0.39016318612347367,0.7329109815185422,1043
489,0.7786144578313253,0.6792199058507061,0.3024276104124013,0.9449850299401198,0.39016318612347367,0.7289171818410157,1034
490,0.7906626506024096,0.6813718897108272,0.30710734132787365,0.9479790419161677,0.39016318612347367,0.7360172701566183,1050
491,0.7816265060240963,0.6797579018157364,0.30359754314126935,0.9457335329341318,0.39016318612347367,0.7306922039199164,1038
492,0.7838855421686747,0.6801613987895091,0.30447499268792044,0.9462949101796407,0.39016318612347367,0.7320234704790919,1041
493,0.7846385542168675,0.6802958977807666,0.30476747587013747,0.9464820359281437,0.39016318612347367,0.732467225998817,1042
494,0.7801204819277109,0.6794889038332212,0.30301257677683535,0.9453592814371258,0.39016318612347367,0.729804692880466,1036
495,0.7853915662650602,0.6804303967720242,0.3050599590523545,0.9466691616766467,0.39016318612347367,0.7329109815185422,1043
496,0.7838855421686747,0.6801613987895091,0.30447499268792044,0.9462949101796407,0.39016318612347367,0.7320234704790919,1041
497,0.7876506024096386,0.680833893745797,0.30593740859900553,0.9472305389221557,0.39016318612347367,0.7342422480777178,1046
498,0.7838855421686747,0.6801613987895091,0.30447499268792044,0.9462949101796407,0.39016318612347367,0.7320234704790919,1041
499,0.7838855421686747,0.6801613987895091,0.30447499268792044,0.9462949101796407,0.39016318612347367,0.7320234704790919,1041
500,0.7853915662650602,0.6804303967720242,0.3050599590523545,0.9466691616766467,0.39016318612347367,0.7329109815185422,1043
501,0.7831325301204819,0.6800268997982515,0.3041825095057034,0.9461077844311377,0.39016318612347367,0.7315797149593667,1040
502,0.7838855421686747,0.6801613987895091,0.30447499268792044,0.9462949101796407,0.39016318612347367,0.7320234704790919,1041
503,0.7899096385542169,0.6812373907195696,0.3068148581456566,0.9477919161676647,0.39016318612347367,0.7355735146368932,1049
504,0.7793674698795181,0.6793544048419636,0.3027200935946183,0.9451721556886228,0.39016318612347367,0.7293609373607408,1035
505,0.7816265060240963,0.6797579018157364,0.30359754314126935,0.9457335329341318,0.39016318612347367,0.7306922039199164,1038
506,0.7816265060240963,0.6797579018157364,0.30359754314126935,0.9457335329341318,0.39016318612347367,0.7306922039199164,1038
507,0.7823795180722891,0.679892400806994,0.3038900263234864,0.9459206586826348,0.39016318612347367,0.7311359594396416,1039
508,0.7853915662650602,0.6804303967720242,0.3050599590523545,0.9466691616766467,0.39016318612347367,0.7329109815185422,1043
509,0.786144578313253,0.6805648957632818,0.30535244223457153,0.9468562874251497,0.39016318612347367,0.7333547370382674,1044
510,0.7786144578313253,0.6792199058507061,0.3024276104124013,0.9449850299401198,0.39016318612347367,0.7289171818410157,1034
511,0.7793674698795181,0.6793544048419636,0.3027200935946183,0.9451721556886228,0.39016318612347367,0.7293609373607408,1035
512,0.7914156626506024,0.6815063887020847,0.3073998245100907,0.9481661676646707,0.39016318612347367,0.7364610256763435,1051
513,0.7786144578313253,0.6792199058507061,0.3024276104124013,0.9449850299401198,0.39016318612347367,0.7289171818410157,1034
514,0.7868975903614458,0.6806993947545393,0.30564492541678856,0.9470434131736527,0.39016318612347367,0.7337984925579926,1045
515,0.7853915662650602,0.6804303967720242,0.3050599590523545,0.9466691616766467,0.39016318612347367,0.7329109815185422,1043
516,0.7838855421686747,0.6801613987895091,0.30447499268792044,0.9462949101796407,0.39016318612347367,0.7320234704790919,1041
517,0.7801204819277109,0.6794889038332212,0.30301257677683535,0.9453592814371258,0.39016318612347367,0.729804692880466,1036
518,0.7801204819277109,0.6794889038332212,0.30301257677683535,0.9453592814371258,0.39016318612347367,0.729804692880466,1036
519,0.7801204819277109,0.6794889038332212,0.30301257677683535,0.9453592814371258,0.39016318612347367,0.729804692880466,1036
520,0.7823795180722891,0.679892400806994,0.3038900263234864,0.9459206586826348,0.39016318612347367,0.7311359594396416,1039
521,0.7823795180722891,0.679892400806994,0.3038900263234864,0.9459206586826348,0.39016318612347367,0.7311359594396416,1039
522,0.7823795180722891,0.679892400806994,0.3038900263234864,0.9459206586826348,0.39016318612347367,0.7311359594396416,1039
523,0.7876506024096386,0.680833893745797,0.30593740859900553,0.9472305389221557,0.39016318612347367,0.7342422480777178,1046
524,0.7831325301204819,0.6800268997982515,0.3041825095057034,0.9461077844311377,0.39016318612347367,0.7315797149593667,1040
525,0.7823795180722891,0.679892400806994,0.3038900263234864,0.9459206586826348,0.39016318612347367,0.7311359594396416,1039
526,0.7838855421686747,0.6801613987895091,0.30447499268792044,0.9462949101796407,0.39016318612347367,0.7320234704790919,1041
527,0.7778614457831325,0.6790854068594485,0.30213512723018426,0.9447979041916168,0.39016318612347367,0.7284734263212905,1033
528,0.7793674698795181,0.6793544048419636,0.3027200935946183,0.9451721556886228,0.39016318612347367,0.7293609373607408,1035
529,0.7816265060240963,0.6797579018157364,0.30359754314126935,0.9457335329341318,0.39016318612347367,0.7306922039199164,1038
530,0.7884036144578314,0.6809683927370545,0.30622989178122256,0.9474176646706587,0.39016318612347367,0.734686003597443,1047
531,0.7801204819277109,0.6794889038332212,0.30301257677683535,0.9453592814371258,0.39016318612347367,0.729804692880466,1036
532,0.7868975903614458,0.6806993947545393,0.30564492541678856,0.9470434131736527,0.39016318612347367,0.7337984925579926,1045
533,0.786144578313253,0.6805648957632818,0.30535244223457153,0.9468562874251497,0.39016318612347367,0.7333547370382674,1044
534,0.7771084337349398,0.678950907868191,0.30184264404796723,0.9446107784431138,0.39016318612347367,0.7280296708015654,1032
535,0.7876506024096386,0.680833893745797,0.30593740859900553,0.9472305389221557,0.39016318612347367,0.7342422480777178,1046
536,0.7831325301204819,0.6800268997982515,0.3041825095057034,0.9461077844311377,0.39016318612347367,0.7315797149593667,1040
537,0.7808734939759037,0.6796234028244789,0.3033050599590524,0.9455464071856288,0.39016318612347367,0.7302484484001912,1037
538,0.7891566265060241,0.6811028917283121,0.3065223749634396,0.9476047904191617,0.39016318612347367,0.7351297591171682,1048
539,0.7936746987951807,0.6819098856758574,0.3082772740567417,0.9487275449101796,0.39016318612347367,0.7377922922355191,1054
540,0.786144578313253,0.6805648957632818,0.30535244223457153,0.9468562874251497,0.39016318612347367,0.7333547370382674,1044
541,0.7838855421686747,0.6801613987895091,0.30447499268792044,0.9462949101796407,0.39016318612347367,0.7320234704790919,1041
542,0.7876506024096386,0.680833893745797,0.30593740859900553,0.9472305389221557,0.39016318612347367,0.7342422480777178,1046
543,0.7831325301204819,0.6800268997982515,0.3041825095057034,0.9461077844311377,0.39016318612347367,0.7315797149593667,1040
544,0.7899096385542169,0.6812373907195696,0.3068148581456566,0.9477919161676647,0.39016318612347367,0.7355735146368932,1049
545,0.7808734939759037,0.6796234028244789,0.3033050599590524,0.9455464071856288,0.39016318612347367,0.7302484484001912,1037
546,0.7838855421686747,0.6801613987895091,0.30447499268792044,0.9462949101796407,0.39016318612347367,0.7320234704790919,1041
547,0.7891566265060241,0.6811028917283121,0.3065223749634396,0.9476047904191617,0.39016318612347367,0.7351297591171682,1048
548,0.7808734939759037,0.6796234028244789,0.3033050599590524,0.9455464071856288,0.39016318612347367,0.7302484484001912,1037
549,0.7831325301204819,0.6800268997982515,0.3041825095057034,0.9461077844311377,0.39016318612347367,0.7315797149593667,1040
550,0.7846385542168675,0.6802958977807666,0.30476747587013747,0.9464820359281437,0.39016318612347367,0.732467225998817,1042
551,0.7808734939759037,0.6796234028244789,0.3033050599590524,0.9455464071856288,0.39016318612347367,0.7302484484001912,1037
552,0.7884036144578314,0.6809683927370545,0.30622989178122256,0.9474176646706587,0.39016318612347367,0.734686003597443,1047
553,0.7846385542168675,0.6802958977807666,0.30476747587013747,0.9464820359281437,0.39016318612347367,0.732467225998817,1042
554,0.7853915662650602,0.6804303967720242,0.3050599590523545,0.9466691616766467,0.39016318612347367,0.7329109815185422,1043
555,0.776355421686747,0.6788164088769334,0.3015501608657502,0.9444236526946108,0.39016318612347367,0.7275859152818402,1031
556,0.7771084337349398,0.678950907868191,0.30184264404796723,0.9446107784431138,0.39016318612347367,0.7280296708015654,1032
557,0.7808734939759037,0.6796234028244789,0.3033050599590524,0.9455464071856288,0.39016318612347367,0.7302484484001912,1037
558,0.7853915662650602,0.6804303967720242,0.3050599590523545,0.9466691616766467,0.39016318612347367,0.7329109815185422,1043
559,0.7823795180722891,0.679892400806994,0.3038900263234864,0.9459206586826348,0.39016318612347367,0.7311359594396416,1039
560,0.7808734939759037,0.6796234028244789,0.3033050599590524,0.9455464071856288,0.39016318612347367,0.7302484484001912,1037
561,0.7778614457831325,0.6790854068594485,0.30213512723018426,0.9447979041916168,0.39016318612347367,0.7284734263212905,1033
562,0.7823795180722891,0.679892400806994,0.3038900263234864,0.9459206586826348,0.39016318612347367,0.7311359594396416,1039
563,0.7831325301204819,0.6800268997982515,0.3041825095057034,0.9461077844311377,0.39016318612347367,0.7315797149593667,1040
564,0.7793674698795181,0.6793544048419636,0.3027200935946183,0.9451721556886228,0.39016318612347367,0.7293609373607408,1035
565,0.7868975903614458,0.6806993947545393,0.30564492541678856,0.9470434131736527,0.39016318612347367,0.7337984925579926,1045
566,0.7816265060240963,0.6797579018157364,0.30359754314126935,0.9457335329341318,0.39016318612347367,0.7306922039199164,1038
567,0.7838855421686747,0.6801613987895091,0.30447499268792044,0.9462949101796407,0.39016318612347367,0.7320234704790919,1041
568,0.7801204819277109,0.6794889038332212,0.30301257677683535,0.9453592814371258,0.39016318612347367,0.729804692880466,1036
569,0.7891566265060241,0.6811028917283121,0.3065223749634396,0.9476047904191617,0.39016318612347367,0.7351297591171682,1048
570,0.7831325301204819,0.6800268997982515,0.3041825095057034,0.9461077844311377,0.39016318612347367,0.7315797149593667,1040
571,0.7823795180722891,0.679892400806994,0.3038900263234864,0.9459206586826348,0.39016318612347367,0.7311359594396416,1039
572,0.7868975903614458,0.6806993947545393,0.30564492541678856,0.9470434131736527,0.39016318612347367,0.7337984925579926,1045
573,0.7868975903614458,0.6806993947545393,0.30564492541678856,0.9470434131736527,0.39016318612347367,0.7337984925579926,1045
574,0.7838855421686747,0.6801613987895091,0.30447499268792044,0.9462949101796407,0.39016318612347367,0.7320234704790919,1041
575,0.7831325301204819,0.6800268997982515,0.3041825095057034,0.9461077844311377,0.39016318612347367,0.7315797149593667,1040
576,0.7853915662650602,0.6804303967720242,0.3050599590523545,0.9466691616766467,0.39016318612347367,0.7329109815185422,1043
577,0.7801204819277109,0.6794889038332212,0.30301257677683535,0.9453592814371258,0.39016318612347367,0.729804692880466,1036
578,0.7756024096385542,0.6786819098856759,0.3012576776835332,0.9442365269461078,0.39016318612347367,0.727142159762115,1030
579,0.7823795180722891,0.679892400806994,0.3038900263234864,0.9459206586826348,0.39016318612347367,0.7311359594396416,1039
580,0.7846385542168675,0.6802958977807666,0.30476747587013747,0.9464820359281437,0.39016318612347367,0.732467225998817,1042
581,0.7808734939759037,0.6796234028244789,0.3033050599590524,0.9455464071856288,0.39016318612347367,0.7302484484001912,1037
582,0.7831325301204819,0.6800268997982515,0.3041825095057034,0.9461077844311377,0.39016318612347367,0.7315797149593667,1040
583,0.7838855421686747,0.6801613987895091,0.30447499268792044,0.9462949101796407,0.39016318612347367,0.7320234704790919,1041
584,0.7891566265060241,0.6811028917283121,0.3065223749634396,0.9476047904191617,0.39016318612347367,0.7351297591171682,1048
585,0.7853915662650602,0.6804303967720242,0.3050599590523545,0.9466691616766467,0.39016318612347367,0.7329109815185422,1043
586,0.8012048192771084,0.6832548755884331,0.31120210587891195,0.9505988023952096,0.39016318612347367,0.7422298474327708,1064
587,0.7868975903614458,0.6806993947545393,0.30564492541678856,0.9470434131736527,0.39016318612347367,0.7337984925579926,1045
588,0.7823795180722891,0.679892400806994,0.3038900263234864,0.9459206586826348,0.39016318612347367,0.7311359594396416,1039
589,0.7846385542168675,0.6802958977807666,0.30476747587013747,0.9464820359281437,0.39016318612347367,0.732467225998817,1042
590,0.7808734939759037,0.6796234028244789,0.3033050599590524,0.9455464071856288,0.39016318612347367,0.7302484484001912,1037
591,0.7801204819277109,0.6794889038332212,0.30301257677683535,0.9453592814371258,0.39016318612347367,0.729804692880466,1036
592,0.7838855421686747,0.6801613987895091,0.30447499268792044,0.9462949101796407,0.39016318612347367,0.7320234704790919,1041
593,0.7831325301204819,0.6800268997982515,0.3041825095057034,0.9461077844311377,0.39016318612347367,0.7315797149593667,1040
594,0.7876506024096386,0.680833893745797,0.30593740859900553,0.9472305389221557,0.39016318612347367,0.7342422480777178,1046
595,0.7876506024096386,0.680833893745797,0.30593740859900553,0.9472305389221557,0.39016318612347367,0.7342422480777178,1046
596,0.7838855421686747,0.6801613987895091,0.30447499268792044,0.9462949101796407,0.39016318612347367,0.7320234704790919,1041
597,0.7748493975903614,0.6785474108944183,0.30096519450131615,0.9440494011976048,0.39016318612347367,0.7266984042423899,1029
598,0.7846385542168675,0.6802958977807666,0.30476747587013747,0.9464820359281437,0.39016318612347367,0.732467225998817,1042
599,0.7801204819277109,0.6794889038332212,0.30301257677683535,0.9453592814371258,0.39016318612347367,0.729804692880466,1036
600,0.7891566265060241,0.6811028917283121,0.3065223749634396,0.9476047904191617,0.39016318612347367,0.7351297591171682,1048
601,0.7771084337349398,0.678950907868191,0.30184264404796723,0.9446107784431138,0.39016318612347367,0.7280296708015654,1032
602,0.7823795180722891,0.679892400806994,0.3038900263234864,0.9459206586826348,0.39016318612347367,0.7311359594396416,1039
603,0.7793674698795181,0.6793544048419636,0.3027200935946183,0.9451721556886228,0.39016318612347367,0.7293609373607408,1035
604,0.7884036144578314,0.6809683927370545,0.30622989178122256,0.9474176646706587,0.39016318612347367,0.734686003597443,1047
605,0.7876506024096386,0.680833893745797,0.30593740859900553,0.9472305389221557,0.39016318612347367,0.7342422480777178,1046
606,0.7823795180722891,0.679892400806994,0.3038900263234864,0.9459206586826348,0.39016318612347367,0.7311359594396416,1039
607,0.786144578313253,0.6805648957632818,0.30535244223457153,0.9468562874251497,0.39016318612347367,0.7333547370382674,1044
608,0.7816265060240963,0.6797579018157364,0.30359754314126935,0.9457335329341318,0.39016318612347367,0.7306922039199164,1038
609,0.7876506024096386,0.680833893745797,0.30593740859900553,0.9472305389221557,0.39016318612347367,0.7342422480777178,1046
610,0.7793674698795181,0.6793544048419636,0.3027200935946183,0.9451721556886228,0.39016318612347367,0.7293609373607408,1035
611,0.7801204819277109,0.6794889038332212,0.30301257677683535,0.9453592814371258,0.39016318612347367,0.729804692880466,1036
612,0.7816265060240963,0.6797579018157364,0.30359754314126935,0.9457335329341318,0.39016318612347367,0.7306922039199164,1038
613,0.7816265060240963,0.6797579018157364,0.30359754314126935,0.9457335329341318,0.39016318612347367,0.7306922039199164,1038
614,0.7831325301204819,0.6800268997982515,0.3041825095057034,0.9461077844311377,0.39016318612347367,0.7315797149593667,1040
615,0.7740963855421686,0.6784129119031608,0.3006727113190992,0.9438622754491018,0.39016318612347367,0.7262546487226647,1028
616,0.7816265060240963,0.6797579018157364,0.30359754314126935,0.9457335329341318,0.39016318612347367,0.7306922039199164,1038
617,0.7801204819277109,0.6794889038332212,0.30301257677683535,0.9453592814371258,0.39016318612347367,0.729804692880466,1036
618,0.7831325301204819,0.6800268997982515,0.3041825095057034,0.9461077844311377,0.39016318612347367,0.7315797149593667,1040
619,0.7808734939759037,0.6796234028244789,0.3033050599590524,0.9455464071856288,0.39016318612347367,0.7302484484001912,1037
620,0.7808734939759037,0.6796234028244789,0.3033050599590524,0.9455464071856288,0.39016318612347367,0.7302484484001912,1037
621,0.7846385542168675,0.6802958977807666,0.30476747587013747,0.9464820359281437,0.39016318612347367,0.732467225998817,1042
622,0.7816265060240963,0.6797579018157364,0.30359754314126935,0.9457335329341318,0.39016318612347367,0.7306922039199164,1038
623,0.7891566265060241,0.6811028917283121,0.3065223749634396,0.9476047904191617,0.39016318612347367,0.7351297591171682,1048
624,0.7823795180722891,0.679892400806994,0.3038900263234864,0.9459206586826348,0.39016318612347367,0.7311359594396416,1039
625,0.7921686746987951,0.6816408876933423,0.3076923076923077,0.9483532934131736,0.39016318612347367,0.7369047811960687,1052
626,0.7838855421686747,0.6801613987895091,0.30447499268792044,0.9462949101796407,0.39016318612347367,0.7320234704790919,1041
627,0.7831325301204819,0.6800268997982515,0.3041825095057034,0.9461077844311377,0.39016318612347367,0.7315797149593667,1040
628,0.7838855421686747,0.6801613987895091,0.30447499268792044,0.9462949101796407,0.39016318612347367,0.7320234704790919,1041
629,0.7876506024096386,0.680833893745797,0.30593740859900553,0.9472305389221557,0.39016318612347367,0.7342422480777178,1046
630,0.7884036144578314,0.6809683927370545,0.30622989178122256,0.9474176646706587,0.39016318612347367,0.734686003597443,1047
631,0.7846385542168675,0.6802958977807666,0.30476747587013747,0.9464820359281437,0.39016318612347367,0.732467225998817,1042
632,0.7868975903614458,0.6806993947545393,0.30564492541678856,0.9470434131736527,0.39016318612347367,0.7337984925579926,1045
633,0.7816265060240963,0.6797579018157364,0.30359754314126935,0.9457335329341318,0.39016318612347367,0.7306922039199164,1038
634,0.7838855421686747,0.6801613987895091,0.30447499268792044,0.9462949101796407,0.39016318612347367,0.7320234704790919,1041
635,0.7846385542168675,0.6802958977807666,0.30476747587013747,0.9464820359281437,0.39016318612347367,0.732467225998817,1042
636,0.786144578313253,0.6805648957632818,0.30535244223457153,0.9468562874251497,0.39016318612347367,0.7333547370382674,1044
637,0.7823795180722891,0.679892400806994,0.3038900263234864,0.9459206586826348,0.39016318612347367,0.7311359594396416,1039
638,0.7846385542168675,0.6802958977807666,0.30476747587013747,0.9464820359281437,0.39016318612347367,0.732467225998817,1042
639,0.7853915662650602,0.6804303967720242,0.3050599590523545,0.9466691616766467,0.39016318612347367,0.7329109815185422,1043
640,0.786144578313253,0.6805648957632818,0.30535244223457153,0.9468562874251497,0.39016318612347367,0.7333547370382674,1044
641,0.7876506024096386,0.680833893745797,0.30593740859900553,0.9472305389221557,0.39016318612347367,0.7342422480777178,1046
642,0.7786144578313253,0.6792199058507061,0.3024276104124013,0.9449850299401198,0.39016318612347367,0.7289171818410157,1034
643,0.7808734939759037,0.6796234028244789,0.3033050599590524,0.9455464071856288,0.39016318612347367,0.7302484484001912,1037
644,0.7876506024096386,0.680833893745797,0.30593740859900553,0.9472305389221557,0.39016318612347367,0.7342422480777178,1046
645,0.7838855421686747,0.6801613987895091,0.30447499268792044,0.9462949101796407,0.39016318612347367,0.7320234704790919,1041
646,0.7899096385542169,0.6812373907195696,0.3068148581456566,0.9477919161676647,0.39016318612347367,0.7355735146368932,1049
647,0.7823795180722891,0.679892400806994,0.3038900263234864,0.9459206586826348,0.39016318612347367,0.7311359594396416,1039
648,0.7846385542168675,0.6802958977807666,0.30476747587013747,0.9464820359281437,0.39016318612347367,0.732467225998817,1042
649,0.7876506024096386,0.680833893745797,0.30593740859900553,0.9472305389221557,0.39016318612347367,0.7342422480777178,1046
650,0.7853915662650602,0.6804303967720242,0.3050599590523545,0.9466691616766467,0.39016318612347367,0.7329109815185422,1043
651,0.7846385542168675,0.6802958977807666,0.30476747587013747,0.9464820359281437,0.39016318612347367,0.732467225998817,1042
652,0.7801204819277109,0.6794889038332212,0.30301257677683535,0.9453592814371258,0.39016318612347367,0.729804692880466,1036
653,0.7823795180722891,0.679892400806994,0.3038900263234864,0.9459206586826348,0.39016318612347367,0.7311359594396416,1039
654,0.786144578313253,0.6805648957632818,0.30535244223457153,0.9468562874251497,0.39016318612347367,0.7333547370382674,1044
655,0.7884036144578314,0.6809683927370545,0.30622989178122256,0.9474176646706587,0.39016318612347367,0.734686003597443,1047
656,0.7891566265060241,0.6811028917283121,0.3065223749634396,0.9476047904191617,0.39016318612347367,0.7351297591171682,1048
657,0.7831325301204819,0.6800268997982515,0.3041825095057034,0.9461077844311377,0.39016318612347367,0.7315797149593667,1040
658,0.7868975903614458,0.6806993947545393,0.30564492541678856,0.9470434131736527,0.39016318612347367,0.7337984925579926,1045
659,0.7816265060240963,0.6797579018157364,0.30359754314126935,0.9457335329341318,0.39016318612347367,0.7306922039199164,1038
660,0.7816265060240963,0.6797579018157364,0.30359754314126935,0.9457335329341318,0.39016318612347367,0.7306922039199164,1038
661,0.7816265060240963,0.6797579018157364,0.30359754314126935,0.9457335329341318,0.39016318612347367,0.7306922039199164,1038
662,0.7868975903614458,0.6806993947545393,0.30564492541678856,0.9470434131736527,0.39016318612347367,0.7337984925579926,1045
663,0.7831325301204819,0.6800268997982515,0.3041825095057034,0.9461077844311377,0.39016318612347367,0.7315797149593667,1040
664,0.7808734939759037,0.6796234028244789,0.3033050599590524,0.9455464071856288,0.39016318612347367,0.7302484484001912,1037
665,0.7808734939759037,0.6796234028244789,0.3033050599590524,0.9455464071856288,0.39016318612347367,0.7302484484001912,1037
666,0.7801204819277109,0.6794889038332212,0.30301257677683535,0.9453592814371258,0.39016318612347367,0.729804692880466,1036
667,0.7868975903614458,0.6806993947545393,0.30564492541678856,0.9470434131736527,0.39016318612347367,0.7337984925579926,1045
668,0.7823795180722891,0.679892400806994,0.3038900263234864,0.9459206586826348,0.39016318612347367,0.7311359594396416,1039
669,0.7846385542168675,0.6802958977807666,0.30476747587013747,0.9464820359281437,0.39016318612347367,0.732467225998817,1042
670,0.7853915662650602,0.6804303967720242,0.3050599590523545,0.9466691616766467,0.39016318612347367,0.7329109815185422,1043
671,0.7793674698795181,0.6793544048419636,0.3027200935946183,0.9451721556886228,0.39016318612347367,0.7293609373607408,1035
672,0.7823795180722891,0.679892400806994,0.3038900263234864,0.9459206586826348,0.39016318612347367,0.7311359594396416,1039
673,0.7831325301204819,0.6800268997982515,0.3041825095057034,0.9461077844311377,0.39016318612347367,0.7315797149593667,1040
674,0.7793674698795181,0.6793544048419636,0.3027200935946183,0.9451721556886228,0.39016318612347367,0.7293609373607408,1035
675,0.7786144578313253,0.6792199058507061,0.3024276104124013,0.9449850299401198,0.39016318612347367,0.7289171818410157,1034
676,0.7838855421686747,0.6801613987895091,0.30447499268792044,0.9462949101796407,0.39016318612347367,0.7320234704790919,1041
677,0.7853915662650602,0.6804303967720242,0.3050599590523545,0.9466691616766467,0.39016318612347367,0.7329109815185422,1043
678,0.7823795180722891,0.679892400806994,0.3038900263234864,0.9459206586826348,0.39016318612347367,0.7311359594396416,1039
679,0.7816265060240963,0.6797579018157364,0.30359754314126935,0.9457335329341318,0.39016318612347367,0.7306922039199164,1038
680,0.7853915662650602,0.6804303967720242,0.3050599590523545,0.9466691616766467,0.39016318612347367,0.7329109815185422,1043
681,0.7891566265060241,0.6811028917283121,0.3065223749634396,0.9476047904191617,0.39016318612347367,0.7351297591171682,1048
682,0.7891566265060241,0.6811028917283121,0.3065223749634396,0.9476047904191617,0.39016318612347367,0.7351297591171682,1048
683,0.7748493975903614,0.6785474108944183,0.30096519450131615,0.9440494011976048,0.39016318612347367,0.7266984042423899,1029
684,0.7801204819277109,0.6794889038332212,0.30301257677683535,0.9453592814371258,0.39016318612347367,0.729804692880466,1036
685,0.7793674698795181,0.6793544048419636,0.3027200935946183,0.9451721556886228,0.39016318612347367,0.7293609373607408,1035
686,0.7823795180722891,0.679892400806994,0.3038900263234864,0.9459206586826348,0.39016318612347367,0.7311359594396416,1039
687,0.786144578313253,0.6805648957632818,0.30535244223457153,0.9468562874251497,0.39016318612347367,0.7333547370382674,1044
688,0.7816265060240963,0.6797579018157364,0.30359754314126935,0.9457335329341318,0.39016318612347367,0.7306922039199164,1038
689,0.7771084337349398,0.678950907868191,0.30184264404796723,0.9446107784431138,0.39016318612347367,0.7280296708015654,1032
690,0.7846385542168675,0.6802958977807666,0.30476747587013747,0.9464820359281437,0.39016318612347367,0.732467225998817,1042
691,0.7868975903614458,0.6806993947545393,0.30564492541678856,0.9470434131736527,0.39016318612347367,0.7337984925579926,1045
692,0.7793674698795181,0.6793544048419636,0.3027200935946183,0.9451721556886228,0.39016318612347367,0.7293609373607408,1035
693,0.7816265060240963,0.6797579018157364,0.30359754314126935,0.9457335329341318,0.39016318612347367,0.7306922039199164,1038
694,0.7831325301204819,0.6800268997982515,0.3041825095057034,0.9461077844311377,0.39016318612347367,0.7315797149593667,1040
695,0.7778614457831325,0.6790854068594485,0.30213512723018426,0.9447979041916168,0.39016318612347367,0.7284734263212905,1033
696,0.7884036144578314,0.6809683927370545,0.30622989178122256,0.9474176646706587,0.39016318612347367,0.734686003597443,1047
697,0.7831325301204819,0.6800268997982515,0.3041825095057034,0.9461077844311377,0.39016318612347367,0.7315797149593667,1040
698,0.7853915662650602,0.6804303967720242,0.3050599590523545,0.9466691616766467,0.39016318612347367,0.7329109815185422,1043
699,0.7816265060240963,0.6797579018157364,0.30359754314126935,0.9457335329341318,0.39016318612347367,0.7306922039199164,1038
700,0.7846385542168675,0.6802958977807666,0.30476747587013747,0.9464820359281437,0.39016318612347367,0.732467225998817,1042
701,0.7831325301204819,0.6800268997982515,0.3041825095057034,0.9461077844311377,0.39016318612347367,0.7315797149593667,1040
702,0.7816265060240963,0.6797579018157364,0.30359754314126935,0.9457335329341318,0.39016318612347367,0.7306922039199164,1038
703,0.7831325301204819,0.6800268997982515,0.3041825095057034,0.9461077844311377,0.39016318612347367,0.7315797149593667,1040
704,0.7831325301204819,0.6800268997982515,0.3041825095057034,0.9461077844311377,0.39016318612347367,0.7315797149593667,1040
705,0.7853915662650602,0.6804303967720242,0.3050599590523545,0.9466691616766467,0.39016318612347367,0.7329109815185422,1043
706,0.7921686746987951,0.6816408876933423,0.3076923076923077,0.9483532934131736,0.39016318612347367,0.7369047811960687,1052
707,0.7831325301204819,0.6800268997982515,0.3041825095057034,0.9461077844311377,0.39016318612347367,0.7315797149593667,1040
708,0.786144578313253,0.6805648957632818,0.30535244223457153,0.9468562874251497,0.39016318612347367,0.7333547370382674,1044
709,0.7823795180722891,0.679892400806994,0.3038900263234864,0.9459206586826348,0.39016318612347367,0.7311359594396416,1039
710,0.7876506024096386,0.680833893745797,0.30593740859900553,0.9472305389221557,0.39016318612347367,0.7342422480777178,1046
711,0.7778614457831325,0.6790854068594485,0.30213512723018426,0.9447979041916168,0.39016318612347367,0.7284734263212905,1033
712,0.7868975903614458,0.6806993947545393,0.30564492541678856,0.9470434131736527,0.39016318612347367,0.7337984925579926,1045
713,0.7906626506024096,0.6813718897108272,0.30710734132787365,0.9479790419161677,0.39016318612347367,0.7360172701566183,1050
714,0.786144578313253,0.6805648957632818,0.30535244223457153,0.9468562874251497,0.39016318612347367,0.7333547370382674,1044
715,0.7808734939759037,0.6796234028244789,0.3033050599590524,0.9455464071856288,0.39016318612347367,0.7302484484001912,1037
716,0.786144578313253,0.6805648957632818,0.30535244223457153,0.9468562874251497,0.39016318612347367,0.7333547370382674,1044
717,0.7868975903614458,0.6806993947545393,0.30564492541678856,0.9470434131736527,0.39016318612347367,0.7337984925579926,1045
718,0.7831325301204819,0.6800268997982515,0.3041825095057034,0.9461077844311377,0.39016318612347367,0.7315797149593667,1040
719,0.7853915662650602,0.6804303967720242,0.3050599590523545,0.9466691616766467,0.39016318612347367,0.7329109815185422,1043
720,0.7801204819277109,0.6794889038332212,0.30301257677683535,0.9453592814371258,0.39016318612347367,0.729804692880466,1036
721,0.7718373493975904,0.678009414929388,0.2997952617724481,0.9433008982035929,0.39016318612347367,0.7249233821634893,1025
722,0.7793674698795181,0.6793544048419636,0.3027200935946183,0.9451721556886228,0.39016318612347367,0.7293609373607408,1035
723,0.7884036144578314,0.6809683927370545,0.30622989178122256,0.9474176646706587,0.39016318612347367,0.734686003597443,1047
724,0.7801204819277109,0.6794889038332212,0.30301257677683535,0.9453592814371258,0.39016318612347367,0.729804692880466,1036
725,0.7838855421686747,0.6801613987895091,0.30447499268792044,0.9462949101796407,0.39016318612347367,0.7320234704790919,1041
726,0.786144578313253,0.6805648957632818,0.30535244223457153,0.9468562874251497,0.39016318612347367,0.7333547370382674,1044
727,0.7823795180722891,0.679892400806994,0.3038900263234864,0.9459206586826348,0.39016318612347367,0.7311359594396416,1039
728,0.7876506024096386,0.680833893745797,0.30593740859900553,0.9472305389221557,0.39016318612347367,0.7342422480777178,1046
729,0.7801204819277109,0.6794889038332212,0.30301257677683535,0.9453592814371258,0.39016318612347367,0.729804692880466,1036
730,0.7868975903614458,0.6806993947545393,0.30564492541678856,0.9470434131736527,0.39016318612347367,0.7337984925579926,1045
731,0.7831325301204819,0.6800268997982515,0.3041825095057034,0.9461077844311377,0.39016318612347367,0.7315797149593667,1040
732,0.7944277108433735,0.682044384667115,0.30856975723895874,0.9489146706586826,0.39016318612347367,0.7382360477552443,1055
733,0.7786144578313253,0.6792199058507061,0.3024276104124013,0.9449850299401198,0.39016318612347367,0.7289171818410157,1034
734,0.7838855421686747,0.6801613987895091,0.30447499268792044,0.9462949101796407,0.39016318612347367,0.7320234704790919,1041
735,0.7838855421686747,0.6801613987895091,0.30447499268792044,0.9462949101796407,0.39016318612347367,0.7320234704790919,1041
736,0.7868975903614458,0.6806993947545393,0.30564492541678856,0.9470434131736527,0.39016318612347367,0.7337984925579926,1045
737,0.7846385542168675,0.6802958977807666,0.30476747587013747,0.9464820359281437,0.39016318612347367,0.732467225998817,1042
738,0.786144578313253,0.6805648957632818,0.30535244223457153,0.9468562874251497,0.39016318612347367,0.7333547370382674,1044
739,0.7884036144578314,0.6809683927370545,0.30622989178122256,0.9474176646706587,0.39016318612347367,0.734686003597443,1047
740,0.7831325301204819,0.6800268997982515,0.3041825095057034,0.9461077844311377,0.39016318612347367,0.7315797149593667,1040
741,0.786144578313253,0.6805648957632818,0.30535244223457153,0.9468562874251497,0.39016318612347367,0.7333547370382674,1044
742,0.7771084337349398,0.678950907868191,0.30184264404796723,0.9446107784431138,0.39016318612347367,0.7280296708015654,1032
743,0.7801204819277109,0.6794889038332212,0.30301257677683535,0.9453592814371258,0.39016318612347367,0.729804692880466,1036
744,0.786144578313253,0.6805648957632818,0.30535244223457153,0.9468562874251497,0.39016318612347367,0.7333547370382674,1044
745,0.786144578313253,0.6805648957632818,0.30535244223457153,0.9468562874251497,0.39016318612347367,0.7333547370382674,1044
746,0.7891566265060241,0.6811028917283121,0.3065223749634396,0.9476047904191617,0.39016318612347367,0.7351297591171682,1048
747,0.7876506024096386,0.680833893745797,0.30593740859900553,0.9472305389221557,0.39016318612347367,0.7342422480777178,1046
748,0.7808734939759037,0.6796234028244789,0.3033050599590524,0.9455464071856288,0.39016318612347367,0.7302484484001912,1037
749,0.7868975903614458,0.6806993947545393,0.30564492541678856,0.9470434131736527,0.39016318612347367,0.7337984925579926,1045
750,0.7778614457831325,0.6790854068594485,0.30213512723018426,0.9447979041916168,0.39016318612347367,0.7284734263212905,1033
751,0.7831325301204819,0.6800268997982515,0.3041825095057034,0.9461077844311377,0.39016318612347367,0.7315797149593667,1040
752,0.7793674698795181,0.6793544048419636,0.3027200935946183,0.9451721556886228,0.39016318612347367,0.7293609373607408,1035
753,0.7771084337349398,0.678950907868191,0.30184264404796723,0.9446107784431138,0.39016318612347367,0.7280296708015654,1032
754,0.7823795180722891,0.679892400806994,0.3038900263234864,0.9459206586826348,0.39016318612347367,0.7311359594396416,1039
755,0.7891566265060241,0.6811028917283121,0.3065223749634396,0.9476047904191617,0.39016318612347367,0.7351297591171682,1048
756,0.7838855421686747,0.6801613987895091,0.30447499268792044,0.9462949101796407,0.39016318612347367,0.7320234704790919,1041
757,0.7816265060240963,0.6797579018157364,0.30359754314126935,0.9457335329341318,0.39016318612347367,0.7306922039199164,1038
758,0.7786144578313253,0.6792199058507061,0.3024276104124013,0.9449850299401198,0.39016318612347367,0.7289171818410157,1034
759,0.7891566265060241,0.6811028917283121,0.3065223749634396,0.9476047904191617,0.39016318612347367,0.7351297591171682,1048
760,0.7876506024096386,0.680833893745797,0.30593740859900553,0.9472305389221557,0.39016318612347367,0.7342422480777178,1046
761,0.7793674698795181,0.6793544048419636,0.3027200935946183,0.9451721556886228,0.39016318612347367,0.7293609373607408,1035
762,0.7793674698795181,0.6793544048419636,0.3027200935946183,0.9451721556886228,0.39016318612347367,0.7293609373607408,1035
763,0.7838855421686747,0.6801613987895091,0.30447499268792044,0.9462949101796407,0.39016318612347367,0.7320234704790919,1041
764,0.7868975903614458,0.6806993947545393,0.30564492541678856,0.9470434131736527,0.39016318612347367,0.7337984925579926,1045
765,0.7771084337349398,0.678950907868191,0.30184264404796723,0.9446107784431138,0.39016318612347367,0.7280296708015654,1032
766,0.7853915662650602,0.6804303967720242,0.3050599590523545,0.9466691616766467,0.39016318612347367,0.7329109815185422,1043
767,0.7808734939759037,0.6796234028244789,0.3033050599590524,0.9455464071856288,0.39016318612347367,0.7302484484001912,1037
768,0.786144578313253,0.6805648957632818,0.30535244223457153,0.9468562874251497,0.39016318612347367,0.7333547370382674,1044
769,0.7846385542168675,0.6802958977807666,0.30476747587013747,0.9464820359281437,0.39016318612347367,0.732467225998817,1042
770,0.7831325301204819,0.6800268997982515,0.3041825095057034,0.9461077844311377,0.39016318612347367,0.7315797149593667,1040
771,0.7831325301204819,0.6800268997982515,0.3041825095057034,0.9461077844311377,0.39016318612347367,0.7315797149593667,1040
772,0.7838855421686747,0.6801613987895091,0.30447499268792044,0.9462949101796407,0.39016318612347367,0.7320234704790919,1041
773,0.7876506024096386,0.680833893745797,0.30593740859900553,0.9472305389221557,0.39016318612347367,0.7342422480777178,1046
774,0.7884036144578314,0.6809683927370545,0.30622989178122256,0.9474176646706587,0.39016318612347367,0.734686003597443,1047
775,0.7771084337349398,0.678950907868191,0.30184264404796723,0.9446107784431138,0.39016318612347367,0.7280296708015654,1032
776,0.7884036144578314,0.6809683927370545,0.30622989178122256,0.9474176646706587,0.39016318612347367,0.734686003597443,1047
777,0.786144578313253,0.6805648957632818,0.30535244223457153,0.9468562874251497,0.39016318612347367,0.7333547370382674,1044
778,0.7846385542168675,0.6802958977807666,0.30476747587013747,0.9464820359281437,0.39016318612347367,0.732467225998817,1042
779,0.7838855421686747,0.6801613987895091,0.30447499268792044,0.9462949101796407,0.39016318612347367,0.7320234704790919,1041
780,0.786144578313253,0.6805648957632818,0.30535244223457153,0.9468562874251497,0.39016318612347367,0.7333547370382674,1044
781,0.7831325301204819,0.6800268997982515,0.3041825095057034,0.9461077844311377,0.39016318612347367,0.7315797149593667,1040
782,0.7899096385542169,0.6812373907195696,0.3068148581456566,0.9477919161676647,0.39016318612347367,0.7355735146368932,1049
783,0.7823795180722891,0.679892400806994,0.3038900263234864,0.9459206586826348,0.39016318612347367,0.7311359594396416,1039
784,0.7838855421686747,0.6801613987895091,0.30447499268792044,0.9462949101796407,0.39016318612347367,0.7320234704790919,1041
785,0.7823795180722891,0.679892400806994,0.3038900263234864,0.9459206586826348,0.39016318612347367,0.7311359594396416,1039
786,0.7801204819277109,0.6794889038332212,0.30301257677683535,0.9453592814371258,0.39016318612347367,0.729804692880466,1036
787,0.7831325301204819,0.6800268997982515,0.3041825095057034,0.9461077844311377,0.39016318612347367,0.7315797149593667,1040
788,0.7876506024096386,0.680833893745797,0.30593740859900553,0.9472305389221557,0.39016318612347367,0.7342422480777178,1046
789,0.7831325301204819,0.6800268997982515,0.3041825095057034,0.9461077844311377,0.39016318612347367,0.7315797149593667,1040
790,0.7801204819277109,0.6794889038332212,0.30301257677683535,0.9453592814371258,0.39016318612347367,0.729804692880466,1036
791,0.7816265060240963,0.6797579018157364,0.30359754314126935,0.9457335329341318,0.39016318612347367,0.7306922039199164,1038
792,0.7778614457831325,0.6790854068594485,0.30213512723018426,0.9447979041916168,0.39016318612347367,0.7284734263212905,1033
793,0.7808734939759037,0.6796234028244789,0.3033050599590524,0.9455464071856288,0.39016318612347367,0.7302484484001912,1037
794,0.7853915662650602,0.6804303967720242,0.3050599590523545,0.9466691616766467,0.39016318612347367,0.7329109815185422,1043
795,0.7831325301204819,0.6800268997982515,0.3041825095057034,0.9461077844311377,0.39016318612347367,0.7315797149593667,1040
796,0.7876506024096386,0.680833893745797,0.30593740859900553,0.9472305389221557,0.39016318612347367,0.7342422480777178,1046
797,0.7846385542168675,0.6802958977807666,0.30476747587013747,0.9464820359281437,0.39016318612347367,0.732467225998817,1042
798,0.7846385542168675,0.6802958977807666,0.30476747587013747,0.9464820359281437,0.39016318612347367,0.732467225998817,1042
799,0.7936746987951807,0.6819098856758574,0.3082772740567417,0.9487275449101796,0.39016318612347367,0.7377922922355191,1054
800,0.7816265060240963,0.6797579018157364,0.30359754314126935,0.9457335329341318,0.39016318612347367,0.7306922039199164,1038
801,0.7808734939759037,0.6796234028244789,0.3033050599590524,0.9455464071856288,0.39016318612347367,0.7302484484001912,1037
802,0.7816265060240963,0.6797579018157364,0.30359754314126935,0.9457335329341318,0.39016318612347367,0.7306922039199164,1038
803,0.7823795180722891,0.679892400806994,0.3038900263234864,0.9459206586826348,0.39016318612347367,0.7311359594396416,1039
804,0.7876506024096386,0.680833893745797,0.30593740859900553,0.9472305389221557,0.39016318612347367,0.7342422480777178,1046
805,0.7914156626506024,0.6815063887020847,0.3073998245100907,0.9481661676646707,0.39016318612347367,0.7364610256763435,1051
806,0.7846385542168675,0.6802958977807666,0.30476747587013747,0.9464820359281437,0.39016318612347367,0.732467225998817,1042
807,0.7838855421686747,0.6801613987895091,0.30447499268792044,0.9462949101796407,0.39016318612347367,0.7320234704790919,1041
808,0.7778614457831325,0.6790854068594485,0.30213512723018426,0.9447979041916168,0.39016318612347367,0.7284734263212905,1033
809,0.7771084337349398,0.678950907868191,0.30184264404796723,0.9446107784431138,0.39016318612347367,0.7280296708015654,1032
810,0.786144578313253,0.6805648957632818,0.30535244223457153,0.9468562874251497,0.39016318612347367,0.7333547370382674,1044
811,0.7816265060240963,0.6797579018157364,0.30359754314126935,0.9457335329341318,0.39016318612347367,0.7306922039199164,1038
812,0.7831325301204819,0.6800268997982515,0.3041825095057034,0.9461077844311377,0.39016318612347367,0.7315797149593667,1040
813,0.7838855421686747,0.6801613987895091,0.30447499268792044,0.9462949101796407,0.39016318612347367,0.7320234704790919,1041
814,0.7846385542168675,0.6802958977807666,0.30476747587013747,0.9464820359281437,0.39016318612347367,0.732467225998817,1042
815,0.7831325301204819,0.6800268997982515,0.3041825095057034,0.9461077844311377,0.39016318612347367,0.7315797149593667,1040
816,0.7899096385542169,0.6812373907195696,0.3068148581456566,0.9477919161676647,0.39016318612347367,0.7355735146368932,1049
817,0.7846385542168675,0.6802958977807666,0.30476747587013747,0.9464820359281437,0.39016318612347367,0.732467225998817,1042
818,0.7876506024096386,0.680833893745797,0.30593740859900553,0.9472305389221557,0.39016318612347367,0.7342422480777178,1046
819,0.7838855421686747,0.6801613987895091,0.30447499268792044,0.9462949101796407,0.39016318612347367,0.7320234704790919,1041
820,0.7846385542168675,0.6802958977807666,0.30476747587013747,0.9464820359281437,0.39016318612347367,0.732467225998817,1042
821,0.7801204819277109,0.6794889038332212,0.30301257677683535,0.9453592814371258,0.39016318612347367,0.729804692880466,1036
822,0.7868975903614458,0.6806993947545393,0.30564492541678856,0.9470434131736527,0.39016318612347367,0.7337984925579926,1045
823,0.7786144578313253,0.6792199058507061,0.3024276104124013,0.9449850299401198,0.39016318612347367,0.7289171818410157,1034
824,0.7846385542168675,0.6802958977807666,0.30476747587013747,0.9464820359281437,0.39016318612347367,0.732467225998817,1042
825,0.7853915662650602,0.6804303967720242,0.3050599590523545,0.9466691616766467,0.39016318612347367,0.7329109815185422,1043
826,0.7876506024096386,0.680833893745797,0.30593740859900553,0.9472305389221557,0.39016318612347367,0.7342422480777178,1046
827,0.7786144578313253,0.6792199058507061,0.3024276104124013,0.9449850299401198,0.39016318612347367,0.7289171818410157,1034
828,0.7838855421686747,0.6801613987895091,0.30447499268792044,0.9462949101796407,0.39016318612347367,0.7320234704790919,1041
829,0.786144578313253,0.6805648957632818,0.30535244223457153,0.9468562874251497,0.39016318612347367,0.7333547370382674,1044
830,0.7786144578313253,0.6792199058507061,0.3024276104124013,0.9449850299401198,0.39016318612347367,0.7289171818410157,1034
831,0.7846385542168675,0.6802958977807666,0.30476747587013747,0.9464820359281437,0.39016318612347367,0.732467225998817,1042
832,0.7876506024096386,0.680833893745797,0.30593740859900553,0.9472305389221557,0.39016318612347367,0.7342422480777178,1046
833,0.7838855421686747,0.6801613987895091,0.30447499268792044,0.9462949101796407,0.39016318612347367,0.7320234704790919,1041
834,0.7831325301204819,0.6800268997982515,0.3041825095057034,0.9461077844311377,0.39016318612347367,0.7315797149593667,1040
835,0.7846385542168675,0.6802958977807666,0.30476747587013747,0.9464820359281437,0.39016318612347367,0.732467225998817,1042
836,0.7823795180722891,0.679892400806994,0.3038900263234864,0.9459206586826348,0.39016318612347367,0.7311359594396416,1039
837,0.7846385542168675,0.6802958977807666,0.30476747587013747,0.9464820359281437,0.39016318612347367,0.732467225998817,1042
838,0.786144578313253,0.6805648957632818,0.30535244223457153,0.9468562874251497,0.39016318612347367,0.7333547370382674,1044
839,0.7884036144578314,0.6809683927370545,0.30622989178122256,0.9474176646706587,0.39016318612347367,0.734686003597443,1047
840,0.7816265060240963,0.6797579018157364,0.30359754314126935,0.9457335329341318,0.39016318612347367,0.7306922039199164,1038
841,0.7823795180722891,0.679892400806994,0.3038900263234864,0.9459206586826348,0.39016318612347367,0.7311359594396416,1039
842,0.7876506024096386,0.680833893745797,0.30593740859900553,0.9472305389221557,0.39016318612347367,0.7342422480777178,1046
843,0.7831325301204819,0.6800268997982515,0.3041825095057034,0.9461077844311377,0.39016318612347367,0.7315797149593667,1040
844,0.7816265060240963,0.6797579018157364,0.30359754314126935,0.9457335329341318,0.39016318612347367,0.7306922039199164,1038
845,0.7838855421686747,0.6801613987895091,0.30447499268792044,0.9462949101796407,0.39016318612347367,0.7320234704790919,1041
846,0.7921686746987951,0.6816408876933423,0.3076923076923077,0.9483532934131736,0.39016318612347367,0.7369047811960687,1052
847,0.7831325301204819,0.6800268997982515,0.3041825095057034,0.9461077844311377,0.39016318612347367,0.7315797149593667,1040
848,0.7846385542168675,0.6802958977807666,0.30476747587013747,0.9464820359281437,0.39016318612347367,0.732467225998817,1042
849,0.7876506024096386,0.680833893745797,0.30593740859900553,0.9472305389221557,0.39016318612347367,0.7342422480777178,1046
850,0.7914156626506024,0.6815063887020847,0.3073998245100907,0.9481661676646707,0.39016318612347367,0.7364610256763435,1051
851,0.7868975903614458,0.6806993947545393,0.30564492541678856,0.9470434131736527,0.39016318612347367,0.7337984925579926,1045
852,0.7868975903614458,0.6806993947545393,0.30564492541678856,0.9470434131736527,0.39016318612347367,0.7337984925579926,1045
853,0.7838855421686747,0.6801613987895091,0.30447499268792044,0.9462949101796407,0.39016318612347367,0.7320234704790919,1041
854,0.7838855421686747,0.6801613987895091,0.30447499268792044,0.9462949101796407,0.39016318612347367,0.7320234704790919,1041
855,0.7891566265060241,0.6811028917283121,0.3065223749634396,0.9476047904191617,0.39016318612347367,0.7351297591171682,1048
856,0.7823795180722891,0.679892400806994,0.3038900263234864,0.9459206586826348,0.39016318612347367,0.7311359594396416,1039
857,0.7914156626506024,0.6815063887020847,0.3073998245100907,0.9481661676646707,0.39016318612347367,0.7364610256763435,1051
858,0.7831325301204819,0.6800268997982515,0.3041825095057034,0.9461077844311377,0.39016318612347367,0.7315797149593667,1040
859,0.7801204819277109,0.6794889038332212,0.30301257677683535,0.9453592814371258,0.39016318612347367,0.729804692880466,1036
860,0.7801204819277109,0.6794889038332212,0.30301257677683535,0.9453592814371258,0.39016318612347367,0.729804692880466,1036
861,0.7936746987951807,0.6819098856758574,0.3082772740567417,0.9487275449101796,0.39016318612347367,0.7377922922355191,1054
862,0.7838855421686747,0.6801613987895091,0.30447499268792044,0.9462949101796407,0.39016318612347367,0.7320234704790919,1041
863,0.7823795180722891,0.679892400806994,0.3038900263234864,0.9459206586826348,0.39016318612347367,0.7311359594396416,1039
864,0.7838855421686747,0.6801613987895091,0.30447499268792044,0.9462949101796407,0.39016318612347367,0.7320234704790919,1041
865,0.7868975903614458,0.6806993947545393,0.30564492541678856,0.9470434131736527,0.39016318612347367,0.7337984925579926,1045
866,0.7868975903614458,0.6806993947545393,0.30564492541678856,0.9470434131736527,0.39016318612347367,0.7337984925579926,1045
867,0.7823795180722891,0.679892400806994,0.3038900263234864,0.9459206586826348,0.39016318612347367,0.7311359594396416,1039
868,0.7846385542168675,0.6802958977807666,0.30476747587013747,0.9464820359281437,0.39016318612347367,0.732467225998817,1042
869,0.7906626506024096,0.6813718897108272,0.30710734132787365,0.9479790419161677,0.39016318612347367,0.7360172701566183,1050
870,0.7793674698795181,0.6793544048419636,0.3027200935946183,0.9451721556886228,0.39016318612347367,0.7293609373607408,1035
871,0.7868975903614458,0.6806993947545393,0.30564492541678856,0.9470434131736527,0.39016318612347367,0.7337984925579926,1045
872,0.7838855421686747,0.6801613987895091,0.30447499268792044,0.9462949101796407,0.39016318612347367,0.7320234704790919,1041
873,0.7816265060240963,0.6797579018157364,0.30359754314126935,0.9457335329341318,0.39016318612347367,0.7306922039199164,1038
874,0.7831325301204819,0.6800268997982515,0.3041825095057034,0.9461077844311377,0.39016318612347367,0.7315797149593667,1040
875,0.7831325301204819,0.6800268997982515,0.3041825095057034,0.9461077844311377,0.39016318612347367,0.7315797149593667,1040
876,0.7808734939759037,0.6796234028244789,0.3033050599590524,0.9455464071856288,0.39016318612347367,0.7302484484001912,1037
877,0.7891566265060241,0.6811028917283121,0.3065223749634396,0.9476047904191617,0.39016318612347367,0.7351297591171682,1048
878,0.7808734939759037,0.6796234028244789,0.3033050599590524,0.9455464071856288,0.39016318612347367,0.7302484484001912,1037
879,0.7808734939759037,0.6796234028244789,0.3033050599590524,0.9455464071856288,0.39016318612347367,0.7302484484001912,1037
880,0.7748493975903614,0.6785474108944183,0.30096519450131615,0.9440494011976048,0.39016318612347367,0.7266984042423899,1029
881,0.7793674698795181,0.6793544048419636,0.3027200935946183,0.9451721556886228,0.39016318612347367,0.7293609373607408,1035
882,0.786144578313253,0.6805648957632818,0.30535244223457153,0.9468562874251497,0.39016318612347367,0.7333547370382674,1044
883,0.7853915662650602,0.6804303967720242,0.3050599590523545,0.9466691616766467,0.39016318612347367,0.7329109815185422,1043
884,0.7816265060240963,0.6797579018157364,0.30359754314126935,0.9457335329341318,0.39016318612347367,0.7306922039199164,1038
885,0.786144578313253,0.6805648957632818,0.30535244223457153,0.9468562874251497,0.39016318612347367,0.7333547370382674,1044
886,0.7838855421686747,0.6801613987895091,0.30447499268792044,0.9462949101796407,0.39016318612347367,0.7320234704790919,1041
887,0.7808734939759037,0.6796234028244789,0.3033050599590524,0.9455464071856288,0.39016318612347367,0.7302484484001912,1037
888,0.7816265060240963,0.6797579018157364,0.30359754314126935,0.9457335329341318,0.39016318612347367,0.7306922039199164,1038
889,0.7823795180722891,0.679892400806994,0.3038900263234864,0.9459206586826348,0.39016318612347367,0.7311359594396416,1039
890,0.7778614457831325,0.6790854068594485,0.30213512723018426,0.9447979041916168,0.39016318612347367,0.7284734263212905,1033
891,0.7823795180722891,0.679892400806994,0.3038900263234864,0.9459206586826348,0.39016318612347367,0.7311359594396416,1039
892,0.7808734939759037,0.6796234028244789,0.3033050599590524,0.9455464071856288,0.39016318612347367,0.7302484484001912,1037
893,0.7786144578313253,0.6792199058507061,0.3024276104124013,0.9449850299401198,0.39016318612347367,0.7289171818410157,1034
894,0.7793674698795181,0.6793544048419636,0.3027200935946183,0.9451721556886228,0.39016318612347367,0.7293609373607408,1035
895,0.7884036144578314,0.6809683927370545,0.30622989178122256,0.9474176646706587,0.39016318612347367,0.734686003597443,1047
896,0.7831325301204819,0.6800268997982515,0.3041825095057034,0.9461077844311377,0.39016318612347367,0.7315797149593667,1040
897,0.7831325301204819,0.6800268997982515,0.3041825095057034,0.9461077844311377,0.39016318612347367,0.7315797149593667,1040
898,0.7823795180722891,0.679892400806994,0.3038900263234864,0.9459206586826348,0.39016318612347367,0.7311359594396416,1039
899,0.7868975903614458,0.6806993947545393,0.30564492541678856,0.9470434131736527,0.39016318612347367,0.7337984925579926,1045
900,0.7793674698795181,0.6793544048419636,0.3027200935946183,0.9451721556886228,0.39016318612347367,0.7293609373607408,1035
901,0.7816265060240963,0.6797579018157364,0.30359754314126935,0.9457335329341318,0.39016318612347367,0.7306922039199164,1038
902,0.7838855421686747,0.6801613987895091,0.30447499268792044,0.9462949101796407,0.39016318612347367,0.7320234704790919,1041
903,0.7831325301204819,0.6800268997982515,0.3041825095057034,0.9461077844311377,0.39016318612347367,0.7315797149593667,1040
904,0.7846385542168675,0.6802958977807666,0.30476747587013747,0.9464820359281437,0.39016318612347367,0.732467225998817,1042
905,0.7786144578313253,0.6792199058507061,0.3024276104124013,0.9449850299401198,0.39016318612347367,0.7289171818410157,1034
906,0.7816265060240963,0.6797579018157364,0.30359754314126935,0.9457335329341318,0.39016318612347367,0.7306922039199164,1038
907,0.7891566265060241,0.6811028917283121,0.3065223749634396,0.9476047904191617,0.39016318612347367,0.7351297591171682,1048
908,0.7823795180722891,0.679892400806994,0.3038900263234864,0.9459206586826348,0.39016318612347367,0.7311359594396416,1039
909,0.7846385542168675,0.6802958977807666,0.30476747587013747,0.9464820359281437,0.39016318612347367,0.732467225998817,1042
910,0.7884036144578314,0.6809683927370545,0.30622989178122256,0.9474176646706587,0.39016318612347367,0.734686003597443,1047
911,0.7838855421686747,0.6801613987895091,0.30447499268792044,0.9462949101796407,0.39016318612347367,0.7320234704790919,1041
912,0.786144578313253,0.6805648957632818,0.30535244223457153,0.9468562874251497,0.39016318612347367,0.7333547370382674,1044
913,0.786144578313253,0.6805648957632818,0.30535244223457153,0.9468562874251497,0.39016318612347367,0.7333547370382674,1044
914,0.7884036144578314,0.6809683927370545,0.30622989178122256,0.9474176646706587,0.39016318612347367,0.734686003597443,1047
915,0.7884036144578314,0.6809683927370545,0.30622989178122256,0.9474176646706587,0.39016318612347367,0.734686003597443,1047
916,0.7853915662650602,0.6804303967720242,0.3050599590523545,0.9466691616766467,0.39016318612347367,0.7329109815185422,1043
917,0.7899096385542169,0.6812373907195696,0.3068148581456566,0.9477919161676647,0.39016318612347367,0.7355735146368932,1049
918,0.7801204819277109,0.6794889038332212,0.30301257677683535,0.9453592814371258,0.39016318612347367,0.729804692880466,1036
919,0.7808734939759037,0.6796234028244789,0.3033050599590524,0.9455464071856288,0.39016318612347367,0.7302484484001912,1037
920,0.7793674698795181,0.6793544048419636,0.3027200935946183,0.9451721556886228,0.39016318612347367,0.7293609373607408,1035
921,0.7876506024096386,0.680833893745797,0.30593740859900553,0.9472305389221557,0.39016318612347367,0.7342422480777178,1046
922,0.7831325301204819,0.6800268997982515,0.3041825095057034,0.9461077844311377,0.39016318612347367,0.7315797149593667,1040
923,0.7899096385542169,0.6812373907195696,0.3068148581456566,0.9477919161676647,0.39016318612347367,0.7355735146368932,1049
924,0.7853915662650602,0.6804303967720242,0.3050599590523545,0.9466691616766467,0.39016318612347367,0.7329109815185422,1043
925,0.7853915662650602,0.6804303967720242,0.3050599590523545,0.9466691616766467,0.39016318612347367,0.7329109815185422,1043
926,0.7929216867469879,0.6817753866845999,0.30798479087452474,0.9485404191616766,0.39016318612347367,0.7373485367157939,1053
927,0.7771084337349398,0.678950907868191,0.30184264404796723,0.9446107784431138,0.39016318612347367,0.7280296708015654,1032
928,0.7808734939759037,0.6796234028244789,0.3033050599590524,0.9455464071856288,0.39016318612347367,0.7302484484001912,1037
929,0.7740963855421686,0.6784129119031608,0.3006727113190992,0.9438622754491018,0.39016318612347367,0.7262546487226647,1028
930,0.786144578313253,0.6805648957632818,0.30535244223457153,0.9468562874251497,0.39016318612347367,0.7333547370382674,1044
931,0.7831325301204819,0.6800268997982515,0.3041825095057034,0.9461077844311377,0.39016318612347367,0.7315797149593667,1040
932,0.786144578313253,0.6805648957632818,0.30535244223457153,0.9468562874251497,0.39016318612347367,0.7333547370382674,1044
933,0.7891566265060241,0.6811028917283121,0.3065223749634396,0.9476047904191617,0.39016318612347367,0.7351297591171682,1048
934,0.7876506024096386,0.680833893745797,0.30593740859900553,0.9472305389221557,0.39016318612347367,0.7342422480777178,1046
935,0.7853915662650602,0.6804303967720242,0.3050599590523545,0.9466691616766467,0.39016318612347367,0.7329109815185422,1043
936,0.7846385542168675,0.6802958977807666,0.30476747587013747,0.9464820359281437,0.39016318612347367,0.732467225998817,1042
937,0.7884036144578314,0.6809683927370545,0.30622989178122256,0.9474176646706587,0.39016318612347367,0.734686003597443,1047
938,0.7914156626506024,0.6815063887020847,0.3073998245100907,0.9481661676646707,0.39016318612347367,0.7364610256763435,1051
939,0.7838855421686747,0.6801613987895091,0.30447499268792044,0.9462949101796407,0.39016318612347367,0.7320234704790919,1041
940,0.7876506024096386,0.680833893745797,0.30593740859900553,0.9472305389221557,0.39016318612347367,0.7342422480777178,1046
941,0.7831325301204819,0.6800268997982515,0.3041825095057034,0.9461077844311377,0.39016318612347367,0.7315797149593667,1040
942,0.7838855421686747,0.6801613987895091,0.30447499268792044,0.9462949101796407,0.39016318612347367,0.7320234704790919,1041
943,0.7823795180722891,0.679892400806994,0.3038900263234864,0.9459206586826348,0.39016318612347367,0.7311359594396416,1039
944,0.7816265060240963,0.6797579018157364,0.30359754314126935,0.9457335329341318,0.39016318612347367,0.7306922039199164,1038
945,0.7801204819277109,0.6794889038332212,0.30301257677683535,0.9453592814371258,0.39016318612347367,0.729804692880466,1036
946,0.786144578313253,0.6805648957632818,0.30535244223457153,0.9468562874251497,0.39016318612347367,0.7333547370382674,1044
947,0.7831325301204819,0.6800268997982515,0.3041825095057034,0.9461077844311377,0.39016318612347367,0.7315797149593667,1040
948,0.7801204819277109,0.6794889038332212,0.30301257677683535,0.9453592814371258,0.39016318612347367,0.729804692880466,1036
949,0.7831325301204819,0.6800268997982515,0.3041825095057034,0.9461077844311377,0.39016318612347367,0.7315797149593667,1040
950,0.7906626506024096,0.6813718897108272,0.30710734132787365,0.9479790419161677,0.39016318612347367,0.7360172701566183,1050
951,0.7846385542168675,0.6802958977807666,0.30476747587013747,0.9464820359281437,0.39016318612347367,0.732467225998817,1042
952,0.786144578313253,0.6805648957632818,0.30535244223457153,0.9468562874251497,0.39016318612347367,0.7333547370382674,1044
953,0.7831325301204819,0.6800268997982515,0.3041825095057034,0.9461077844311377,0.39016318612347367,0.7315797149593667,1040
954,0.7831325301204819,0.6800268997982515,0.3041825095057034,0.9461077844311377,0.39016318612347367,0.7315797149593667,1040
955,0.7778614457831325,0.6790854068594485,0.30213512723018426,0.9447979041916168,0.39016318612347367,0.7284734263212905,1033
956,0.7793674698795181,0.6793544048419636,0.3027200935946183,0.9451721556886228,0.39016318612347367,0.7293609373607408,1035
957,0.7846385542168675,0.6802958977807666,0.30476747587013747,0.9464820359281437,0.39016318612347367,0.732467225998817,1042
958,0.786144578313253,0.6805648957632818,0.30535244223457153,0.9468562874251497,0.39016318612347367,0.7333547370382674,1044
959,0.7853915662650602,0.6804303967720242,0.3050599590523545,0.9466691616766467,0.39016318612347367,0.7329109815185422,1043
960,0.7838855421686747,0.6801613987895091,0.30447499268792044,0.9462949101796407,0.39016318612347367,0.7320234704790919,1041
961,0.7876506024096386,0.680833893745797,0.30593740859900553,0.9472305389221557,0.39016318612347367,0.7342422480777178,1046
962,0.7846385542168675,0.6802958977807666,0.30476747587013747,0.9464820359281437,0.39016318612347367,0.732467225998817,1042
963,0.7771084337349398,0.678950907868191,0.30184264404796723,0.9446107784431138,0.39016318612347367,0.7280296708015654,1032
964,0.7853915662650602,0.6804303967720242,0.3050599590523545,0.9466691616766467,0.39016318612347367,0.7329109815185422,1043
965,0.7823795180722891,0.679892400806994,0.3038900263234864,0.9459206586826348,0.39016318612347367,0.7311359594396416,1039
966,0.7816265060240963,0.6797579018157364,0.30359754314126935,0.9457335329341318,0.39016318612347367,0.7306922039199164,1038
967,0.7778614457831325,0.6790854068594485,0.30213512723018426,0.9447979041916168,0.39016318612347367,0.7284734263212905,1033
968,0.7771084337349398,0.678950907868191,0.30184264404796723,0.9446107784431138,0.39016318612347367,0.7280296708015654,1032
969,0.7853915662650602,0.6804303967720242,0.3050599590523545,0.9466691616766467,0.39016318612347367,0.7329109815185422,1043
970,0.7823795180722891,0.679892400806994,0.3038900263234864,0.9459206586826348,0.39016318612347367,0.7311359594396416,1039
971,0.7876506024096386,0.680833893745797,0.30593740859900553,0.9472305389221557,0.39016318612347367,0.7342422480777178,1046
972,0.7846385542168675,0.6802958977807666,0.30476747587013747,0.9464820359281437,0.39016318612347367,0.732467225998817,1042
973,0.7801204819277109,0.6794889038332212,0.30301257677683535,0.9453592814371258,0.39016318612347367,0.729804692880466,1036
974,0.7876506024096386,0.680833893745797,0.30593740859900553,0.9472305389221557,0.39016318612347367,0.7342422480777178,1046
975,0.7808734939759037,0.6796234028244789,0.3033050599590524,0.9455464071856288,0.39016318612347367,0.7302484484001912,1037
976,0.7899096385542169,0.6812373907195696,0.3068148581456566,0.9477919161676647,0.39016318612347367,0.7355735146368932,1049
977,0.7816265060240963,0.6797579018157364,0.30359754314126935,0.9457335329341318,0.39016318612347367,0.7306922039199164,1038
978,0.7884036144578314,0.6809683927370545,0.30622989178122256,0.9474176646706587,0.39016318612347367,0.734686003597443,1047
979,0.7846385542168675,0.6802958977807666,0.30476747587013747,0.9464820359281437,0.39016318612347367,0.732467225998817,1042
980,0.7771084337349398,0.678950907868191,0.30184264404796723,0.9446107784431138,0.39016318612347367,0.7280296708015654,1032
981,0.7906626506024096,0.6813718897108272,0.30710734132787365,0.9479790419161677,0.39016318612347367,0.7360172701566183,1050
982,0.7846385542168675,0.6802958977807666,0.30476747587013747,0.9464820359281437,0.39016318612347367,0.732467225998817,1042
983,0.7793674698795181,0.6793544048419636,0.3027200935946183,0.9451721556886228,0.39016318612347367,0.7293609373607408,1035
984,0.7831325301204819,0.6800268997982515,0.3041825095057034,0.9461077844311377,0.39016318612347367,0.7315797149593667,1040
985,0.7786144578313253,0.6792199058507061,0.3024276104124013,0.9449850299401198,0.39016318612347367,0.7289171818410157,1034
986,0.7884036144578314,0.6809683927370545,0.30622989178122256,0.9474176646706587,0.39016318612347367,0.734686003597443,1047
987,0.786144578313253,0.6805648957632818,0.30535244223457153,0.9468562874251497,0.39016318612347367,0.7333547370382674,1044
988,0.7808734939759037,0.6796234028244789,0.3033050599590524,0.9455464071856288,0.39016318612347367,0.7302484484001912,1037
989,0.7816265060240963,0.6797579018157364,0.30359754314126935,0.9457335329341318,0.39016318612347367,0.7306922039199164,1038
990,0.7793674698795181,0.6793544048419636,0.3027200935946183,0.9451721556886228,0.39016318612347367,0.7293609373607408,1035
991,0.7801204819277109,0.6794889038332212,0.30301257677683535,0.9453592814371258,0.39016318612347367,0.729804692880466,1036
992,0.7868975903614458,0.6806993947545393,0.30564492541678856,0.9470434131736527,0.39016318612347367,0.7337984925579926,1045
993,0.7868975903614458,0.6806993947545393,0.30564492541678856,0.9470434131736527,0.39016318612347367,0.7337984925579926,1045
994,0.786144578313253,0.6805648957632818,0.30535244223457153,0.9468562874251497,0.39016318612347367,0.7333547370382674,1044
995,0.7989457831325302,0.6828513786146604,0.3103246563322609,0.9500374251497006,0.39016318612347367,0.7408985808735953,1061
996,0.7876506024096386,0.680833893745797,0.30593740859900553,0.9472305389221557,0.39016318612347367,0.7342422480777178,1046
997,0.7846385542168675,0.6802958977807666,0.30476747587013747,0.9464820359281437,0.39016318612347367,0.732467225998817,1042
998,0.7868975903614458,0.6806993947545393,0.30564492541678856,0.9470434131736527,0.39016318612347367,0.7337984925579926,1045
999,0.7906626506024096,0.6813718897108272,0.30710734132787365,0.9479790419161677,0.39016318612347367,0.7360172701566183,1050
1000,0.7838855421686747,0.6801613987895091,0.30447499268792044,0.9462949101796407,0.39016318612347367,0.7320234704790919,1041
1001,0.7876506024096386,0.680833893745797,0.30593740859900553,0.9472305389221557,0.39016318612347367,0.7342422480777178,1046
1002,0.7831325301204819,0.6800268997982515,0.3041825095057034,0.9461077844311377,0.39016318612347367,0.7315797149593667,1040
1003,0.7846385542168675,0.6802958977807666,0.30476747587013747,0.9464820359281437,0.39016318612347367,0.732467225998817,1042
1004,0.7808734939759037,0.6796234028244789,0.3033050599590524,0.9455464071856288,0.39016318612347367,0.7302484484001912,1037
1005,0.7816265060240963,0.6797579018157364,0.30359754314126935,0.9457335329341318,0.39016318612347367,0.7306922039199164,1038
1006,0.7831325301204819,0.6800268997982515,0.3041825095057034,0.9461077844311377,0.39016318612347367,0.7315797149593667,1040
1007,0.7778614457831325,0.6790854068594485,0.30213512723018426,0.9447979041916168,0.39016318612347367,0.7284734263212905,1033
1008,0.7793674698795181,0.6793544048419636,0.3027200935946183,0.9451721556886228,0.39016318612347367,0.7293609373607408,1035
1009,0.7816265060240963,0.6797579018157364,0.30359754314126935,0.9457335329341318,0.39016318612347367,0.7306922039199164,1038
1010,0.7778614457831325,0.6790854068594485,0.30213512723018426,0.9447979041916168,0.39016318612347367,0.7284734263212905,1033
1011,0.7884036144578314,0.6809683927370545,0.30622989178122256,0.9474176646706587,0.39016318612347367,0.734686003597443,1047
1012,0.7838855421686747,0.6801613987895091,0.30447499268792044,0.9462949101796407,0.39016318612347367,0.7320234704790919,1041
1013,0.786144578313253,0.6805648957632818,0.30535244223457153,0.9468562874251497,0.39016318612347367,0.7333547370382674,1044
1014,0.7868975903614458,0.6806993947545393,0.30564492541678856,0.9470434131736527,0.39016318612347367,0.7337984925579926,1045
1015,0.7823795180722891,0.679892400806994,0.3038900263234864,0.9459206586826348,0.39016318612347367,0.7311359594396416,1039
1016,0.7808734939759037,0.6796234028244789,0.3033050599590524,0.9455464071856288,0.39016318612347367,0.7302484484001912,1037
1017,0.7823795180722891,0.679892400806994,0.3038900263234864,0.9459206586826348,0.39016318612347367,0.7311359594396416,1039
1018,0.7846385542168675,0.6802958977807666,0.30476747587013747,0.9464820359281437,0.39016318612347367,0.732467225998817,1042
1019,0.7816265060240963,0.6797579018157364,0.30359754314126935,0.9457335329341318,0.39016318612347367,0.7306922039199164,1038
1020,0.7853915662650602,0.6804303967720242,0.3050599590523545,0.9466691616766467,0.39016318612347367,0.7329109815185422,1043
1021,0.7868975903614458,0.6806993947545393,0.30564492541678856,0.9470434131736527,0.39016318612347367,0.7337984925579926,1045
1022,0.7868975903614458,0.6806993947545393,0.30564492541678856,0.9470434131736527,0.39016318612347367,0.7337984925579926,1045
1023,0.7823795180722891,0.679892400806994,0.3038900263234864,0.9459206586826348,0.39016318612347367,0.7311359594396416,1039
1024,0.7884036144578314,0.6809683927370545,0.30622989178122256,0.9474176646706587,0.39016318612347367,0.734686003597443,1047
1025,0.7801204819277109,0.6794889038332212,0.30301257677683535,0.9453592814371258,0.39016318612347367,0.729804692880466,1036
1026,0.7801204819277109,0.6794889038332212,0.30301257677683535,0.9453592814371258,0.39016318612347367,0.729804692880466,1036
1027,0.7808734939759037,0.6796234028244789,0.3033050599590524,0.9455464071856288,0.39016318612347367,0.7302484484001912,1037
1028,0.7891566265060241,0.6811028917283121,0.3065223749634396,0.9476047904191617,0.39016318612347367,0.7351297591171682,1048
1029,0.7831325301204819,0.6800268997982515,0.3041825095057034,0.9461077844311377,0.39016318612347367,0.7315797149593667,1040
1030,0.7936746987951807,0.6819098856758574,0.3082772740567417,0.9487275449101796,0.39016318612347367,0.7377922922355191,1054
1031,0.7868975903614458,0.6806993947545393,0.30564492541678856,0.9470434131736527,0.39016318612347367,0.7337984925579926,1045
1032,0.7846385542168675,0.6802958977807666,0.30476747587013747,0.9464820359281437,0.39016318612347367,0.732467225998817,1042
1033,0.7868975903614458,0.6806993947545393,0.30564492541678856,0.9470434131736527,0.39016318612347367,0.7337984925579926,1045
1034,0.7808734939759037,0.6796234028244789,0.3033050599590524,0.9455464071856288,0.39016318612347367,0.7302484484001912,1037
1035,0.7838855421686747,0.6801613987895091,0.30447499268792044,0.9462949101796407,0.39016318612347367,0.7320234704790919,1041
1036,0.7823795180722891,0.679892400806994,0.3038900263234864,0.9459206586826348,0.39016318612347367,0.7311359594396416,1039
1037,0.786144578313253,0.6805648957632818,0.30535244223457153,0.9468562874251497,0.39016318612347367,0.7333547370382674,1044
1038,0.7853915662650602,0.6804303967720242,0.3050599590523545,0.9466691616766467,0.39016318612347367,0.7329109815185422,1043
1039,0.7786144578313253,0.6792199058507061,0.3024276104124013,0.9449850299401198,0.39016318612347367,0.7289171818410157,1034
1040,0.7801204819277109,0.6794889038332212,0.30301257677683535,0.9453592814371258,0.39016318612347367,0.729804692880466,1036
1041,0.776355421686747,0.6788164088769334,0.3015501608657502,0.9444236526946108,0.39016318612347367,0.7275859152818402,1031
1042,0.7831325301204819,0.6800268997982515,0.3041825095057034,0.9461077844311377,0.39016318612347367,0.7315797149593667,1040
1043,0.7884036144578314,0.6809683927370545,0.30622989178122256,0.9474176646706587,0.39016318612347367,0.734686003597443,1047
1044,0.7831325301204819,0.6800268997982515,0.3041825095057034,0.9461077844311377,0.39016318612347367,0.7315797149593667,1040
1045,0.7853915662650602,0.6804303967720242,0.3050599590523545,0.9466691616766467,0.39016318612347367,0.7329109815185422,1043
1046,0.7868975903614458,0.6806993947545393,0.30564492541678856,0.9470434131736527,0.39016318612347367,0.7337984925579926,1045
1047,0.7823795180722891,0.679892400806994,0.3038900263234864,0.9459206586826348,0.39016318612347367,0.7311359594396416,1039
1048,0.7793674698795181,0.6793544048419636,0.3027200935946183,0.9451721556886228,0.39016318612347367,0.7293609373607408,1035
1049,0.7786144578313253,0.6792199058507061,0.3024276104124013,0.9449850299401198,0.39016318612347367,0.7289171818410157,1034
1050,0.7868975903614458,0.6806993947545393,0.30564492541678856,0.9470434131736527,0.39016318612347367,0.7337984925579926,1045
1051,0.7846385542168675,0.6802958977807666,0.30476747587013747,0.9464820359281437,0.39016318612347367,0.732467225998817,1042
1052,0.7778614457831325,0.6790854068594485,0.30213512723018426,0.9447979041916168,0.39016318612347367,0.7284734263212905,1033
1053,0.7823795180722891,0.679892400806994,0.3038900263234864,0.9459206586826348,0.39016318612347367,0.7311359594396416,1039
1054,0.7801204819277109,0.6794889038332212,0.30301257677683535,0.9453592814371258,0.39016318612347367,0.729804692880466,1036
1055,0.7929216867469879,0.6817753866845999,0.30798479087452474,0.9485404191616766,0.39016318612347367,0.7373485367157939,1053
1056,0.7786144578313253,0.6792199058507061,0.3024276104124013,0.9449850299401198,0.39016318612347367,0.7289171818410157,1034
1057,0.7838855421686747,0.6801613987895091,0.30447499268792044,0.9462949101796407,0.39016318612347367,0.7320234704790919,1041
1058,0.7816265060240963,0.6797579018157364,0.30359754314126935,0.9457335329341318,0.39016318612347367,0.7306922039199164,1038
1059,0.7793674698795181,0.6793544048419636,0.3027200935946183,0.9451721556886228,0.39016318612347367,0.7293609373607408,1035
1060,0.7838855421686747,0.6801613987895091,0.30447499268792044,0.9462949101796407,0.39016318612347367,0.7320234704790919,1041
1061,0.7823795180722891,0.679892400806994,0.3038900263234864,0.9459206586826348,0.39016318612347367,0.7311359594396416,1039
1062,0.7823795180722891,0.679892400806994,0.3038900263234864,0.9459206586826348,0.39016318612347367,0.7311359594396416,1039
1063,0.776355421686747,0.6788164088769334,0.3015501608657502,0.9444236526946108,0.39016318612347367,0.7275859152818402,1031
1064,0.7801204819277109,0.6794889038332212,0.30301257677683535,0.9453592814371258,0.39016318612347367,0.729804692880466,1036
1065,0.7816265060240963,0.6797579018157364,0.30359754314126935,0.9457335329341318,0.39016318612347367,0.7306922039199164,1038
1066,0.7778614457831325,0.6790854068594485,0.30213512723018426,0.9447979041916168,0.39016318612347367,0.7284734263212905,1033
1067,0.7823795180722891,0.679892400806994,0.3038900263234864,0.9459206586826348,0.39016318612347367,0.7311359594396416,1039
1068,0.7846385542168675,0.6802958977807666,0.30476747587013747,0.9464820359281437,0.39016318612347367,0.732467225998817,1042
1069,0.776355421686747,0.6788164088769334,0.3015501608657502,0.9444236526946108,0.39016318612347367,0.7275859152818402,1031
1070,0.7868975903614458,0.6806993947545393,0.30564492541678856,0.9470434131736527,0.39016318612347367,0.7337984925579926,1045
1071,0.786144578313253,0.6805648957632818,0.30535244223457153,0.9468562874251497,0.39016318612347367,0.7333547370382674,1044
1072,0.7771084337349398,0.678950907868191,0.30184264404796723,0.9446107784431138,0.39016318612347367,0.7280296708015654,1032
1073,0.7846385542168675,0.6802958977807666,0.30476747587013747,0.9464820359281437,0.39016318612347367,0.732467225998817,1042
1074,0.7801204819277109,0.6794889038332212,0.30301257677683535,0.9453592814371258,0.39016318612347367,0.729804692880466,1036
1075,0.7853915662650602,0.6804303967720242,0.3050599590523545,0.9466691616766467,0.39016318612347367,0.7329109815185422,1043
1076,0.7816265060240963,0.6797579018157364,0.30359754314126935,0.9457335329341318,0.39016318612347367,0.7306922039199164,1038
1077,0.7868975903614458,0.6806993947545393,0.30564492541678856,0.9470434131736527,0.39016318612347367,0.7337984925579926,1045
1078,0.7786144578313253,0.6792199058507061,0.3024276104124013,0.9449850299401198,0.39016318612347367,0.7289171818410157,1034
1079,0.7838855421686747,0.6801613987895091,0.30447499268792044,0.9462949101796407,0.39016318612347367,0.7320234704790919,1041
1080,0.7906626506024096,0.6813718897108272,0.30710734132787365,0.9479790419161677,0.39016318612347367,0.7360172701566183,1050
1081,0.7853915662650602,0.6804303967720242,0.3050599590523545,0.9466691616766467,0.39016318612347367,0.7329109815185422,1043
1082,0.7891566265060241,0.6811028917283121,0.3065223749634396,0.9476047904191617,0.39016318612347367,0.7351297591171682,1048
1083,0.7786144578313253,0.6792199058507061,0.3024276104124013,0.9449850299401198,0.39016318612347367,0.7289171818410157,1034
1084,0.786144578313253,0.6805648957632818,0.30535244223457153,0.9468562874251497,0.39016318612347367,0.7333547370382674,1044
1085,0.7831325301204819,0.6800268997982515,0.3041825095057034,0.9461077844311377,0.39016318612347367,0.7315797149593667,1040
1086,0.7884036144578314,0.6809683927370545,0.30622989178122256,0.9474176646706587,0.39016318612347367,0.734686003597443,1047
1087,0.7868975903614458,0.6806993947545393,0.30564492541678856,0.9470434131736527,0.39016318612347367,0.7337984925579926,1045
1088,0.7838855421686747,0.6801613987895091,0.30447499268792044,0.9462949101796407,0.39016318612347367,0.7320234704790919,1041
1089,0.7823795180722891,0.679892400806994,0.3038900263234864,0.9459206586826348,0.39016318612347367,0.7311359594396416,1039
1090,0.7816265060240963,0.6797579018157364,0.30359754314126935,0.9457335329341318,0.39016318612347367,0.7306922039199164,1038
1091,0.7831325301204819,0.6800268997982515,0.3041825095057034,0.9461077844311377,0.39016318612347367,0.7315797149593667,1040
1092,0.7929216867469879,0.6817753866845999,0.30798479087452474,0.9485404191616766,0.39016318612347367,0.7373485367157939,1053
1093,0.7906626506024096,0.6813718897108272,0.30710734132787365,0.9479790419161677,0.39016318612347367,0.7360172701566183,1050
1094,0.7808734939759037,0.6796234028244789,0.3033050599590524,0.9455464071856288,0.39016318612347367,0.7302484484001912,1037
1095,0.7838855421686747,0.6801613987895091,0.30447499268792044,0.9462949101796407,0.39016318612347367,0.7320234704790919,1041
1096,0.7876506024096386,0.680833893745797,0.30593740859900553,0.9472305389221557,0.39016318612347367,0.7342422480777178,1046
1097,0.7838855421686747,0.6801613987895091,0.30447499268792044,0.9462949101796407,0.39016318612347367,0.7320234704790919,1041
1098,0.7838855421686747,0.6801613987895091,0.30447499268792044,0.9462949101796407,0.39016318612347367,0.7320234704790919,1041
1099,0.7831325301204819,0.6800268997982515,0.3041825095057034,0.9461077844311377,0.39016318612347367,0.7315797149593667,1040
1100,0.7853915662650602,0.6804303967720242,0.3050599590523545,0.9466691616766467,0.39016318612347367,0.7329109815185422,1043
1101,0.7816265060240963,0.6797579018157364,0.30359754314126935,0.9457335329341318,0.39016318612347367,0.7306922039199164,1038
1102,0.7831325301204819,0.6800268997982515,0.3041825095057034,0.9461077844311377,0.39016318612347367,0.7315797149593667,1040
1103,0.7929216867469879,0.6817753866845999,0.30798479087452474,0.9485404191616766,0.39016318612347367,0.7373485367157939,1053
1104,0.7808734939759037,0.6796234028244789,0.3033050599590524,0.9455464071856288,0.39016318612347367,0.7302484484001912,1037
1105,0.7793674698795181,0.6793544048419636,0.3027200935946183,0.9451721556886228,0.39016318612347367,0.7293609373607408,1035
1106,0.7823795180722891,0.679892400806994,0.3038900263234864,0.9459206586826348,0.39016318612347367,0.7311359594396416,1039
1107,0.7808734939759037,0.6796234028244789,0.3033050599590524,0.9455464071856288,0.39016318612347367,0.7302484484001912,1037
1108,0.7786144578313253,0.6792199058507061,0.3024276104124013,0.9449850299401198,0.39016318612347367,0.7289171818410157,1034
1109,0.7823795180722891,0.679892400806994,0.3038900263234864,0.9459206586826348,0.39016318612347367,0.7311359594396416,1039
1110,0.7778614457831325,0.6790854068594485,0.30213512723018426,0.9447979041916168,0.39016318612347367,0.7284734263212905,1033
1111,0.7808734939759037,0.6796234028244789,0.3033050599590524,0.9455464071856288,0.39016318612347367,0.7302484484001912,1037
1112,0.7853915662650602,0.6804303967720242,0.3050599590523545,0.9466691616766467,0.39016318612347367,0.7329109815185422,1043
1113,0.7801204819277109,0.6794889038332212,0.30301257677683535,0.9453592814371258,0.39016318612347367,0.729804692880466,1036
1114,0.7899096385542169,0.6812373907195696,0.3068148581456566,0.9477919161676647,0.39016318612347367,0.7355735146368932,1049
1115,0.7808734939759037,0.6796234028244789,0.3033050599590524,0.9455464071856288,0.39016318612347367,0.7302484484001912,1037
1116,0.7868975903614458,0.6806993947545393,0.30564492541678856,0.9470434131736527,0.39016318612347367,0.7337984925579926,1045
1117,0.7853915662650602,0.6804303967720242,0.3050599590523545,0.9466691616766467,0.39016318612347367,0.7329109815185422,1043
1118,0.7801204819277109,0.6794889038332212,0.30301257677683535,0.9453592814371258,0.39016318612347367,0.729804692880466,1036
1119,0.7899096385542169,0.6812373907195696,0.3068148581456566,0.9477919161676647,0.39016318612347367,0.7355735146368932,1049
1120,0.7853915662650602,0.6804303967720242,0.3050599590523545,0.9466691616766467,0.39016318612347367,0.7329109815185422,1043
1121,0.7786144578313253,0.6792199058507061,0.3024276104124013,0.9449850299401198,0.39016318612347367,0.7289171818410157,1034
1122,0.7868975903614458,0.6806993947545393,0.30564492541678856,0.9470434131736527,0.39016318612347367,0.7337984925579926,1045
1123,0.7853915662650602,0.6804303967720242,0.3050599590523545,0.9466691616766467,0.39016318612347367,0.7329109815185422,1043
1124,0.7823795180722891,0.679892400806994,0.3038900263234864,0.9459206586826348,0.39016318612347367,0.7311359594396416,1039
1125,0.7831325301204819,0.6800268997982515,0.3041825095057034,0.9461077844311377,0.39016318612347367,0.7315797149593667,1040
1126,0.7808734939759037,0.6796234028244789,0.3033050599590524,0.9455464071856288,0.39016318612347367,0.7302484484001912,1037
1127,0.7868975903614458,0.6806993947545393,0.30564492541678856,0.9470434131736527,0.39016318612347367,0.7337984925579926,1045
1128,0.7808734939759037,0.6796234028244789,0.3033050599590524,0.9455464071856288,0.39016318612347367,0.7302484484001912,1037
1129,0.7831325301204819,0.6800268997982515,0.3041825095057034,0.9461077844311377,0.39016318612347367,0.7315797149593667,1040
1130,0.7838855421686747,0.6801613987895091,0.30447499268792044,0.9462949101796407,0.39016318612347367,0.7320234704790919,1041
1131,0.786144578313253,0.6805648957632818,0.30535244223457153,0.9468562874251497,0.39016318612347367,0.7333547370382674,1044
1132,0.7801204819277109,0.6794889038332212,0.30301257677683535,0.9453592814371258,0.39016318612347367,0.729804692880466,1036
1133,0.7853915662650602,0.6804303967720242,0.3050599590523545,0.9466691616766467,0.39016318612347367,0.7329109815185422,1043
1134,0.7838855421686747,0.6801613987895091,0.30447499268792044,0.9462949101796407,0.39016318612347367,0.7320234704790919,1041
1135,0.7838855421686747,0.6801613987895091,0.30447499268792044,0.9462949101796407,0.39016318612347367,0.7320234704790919,1041
1136,0.7853915662650602,0.6804303967720242,0.3050599590523545,0.9466691616766467,0.39016318612347367,0.7329109815185422,1043
1137,0.7846385542168675,0.6802958977807666,0.30476747587013747,0.9464820359281437,0.39016318612347367,0.732467225998817,1042
1138,0.7891566265060241,0.6811028917283121,0.3065223749634396,0.9476047904191617,0.39016318612347367,0.7351297591171682,1048
1139,0.7831325301204819,0.6800268997982515,0.3041825095057034,0.9461077844311377,0.39016318612347367,0.7315797149593667,1040
1140,0.7884036144578314,0.6809683927370545,0.30622989178122256,0.9474176646706587,0.39016318612347367,0.734686003597443,1047
1141,0.7876506024096386,0.680833893745797,0.30593740859900553,0.9472305389221557,0.39016318612347367,0.7342422480777178,1046
1142,0.7838855421686747,0.6801613987895091,0.30447499268792044,0.9462949101796407,0.39016318612347367,0.7320234704790919,1041
1143,0.7853915662650602,0.6804303967720242,0.3050599590523545,0.9466691616766467,0.39016318612347367,0.7329109815185422,1043
1144,0.7838855421686747,0.6801613987895091,0.30447499268792044,0.9462949101796407,0.39016318612347367,0.7320234704790919,1041
1145,0.7868975903614458,0.6806993947545393,0.30564492541678856,0.9470434131736527,0.39016318612347367,0.7337984925579926,1045
1146,0.7891566265060241,0.6811028917283121,0.3065223749634396,0.9476047904191617,0.39016318612347367,0.7351297591171682,1048
1147,0.7891566265060241,0.6811028917283121,0.3065223749634396,0.9476047904191617,0.39016318612347367,0.7351297591171682,1048
1148,0.7846385542168675,0.6802958977807666,0.30476747587013747,0.9464820359281437,0.39016318612347367,0.732467225998817,1042
1149,0.7808734939759037,0.6796234028244789,0.3033050599590524,0.9455464071856288,0.39016318612347367,0.7302484484001912,1037
1150,0.7808734939759037,0.6796234028244789,0.3033050599590524,0.9455464071856288,0.39016318612347367,0.7302484484001912,1037
1151,0.7846385542168675,0.6802958977807666,0.30476747587013747,0.9464820359281437,0.39016318612347367,0.732467225998817,1042
1152,0.7808734939759037,0.6796234028244789,0.3033050599590524,0.9455464071856288,0.39016318612347367,0.7302484484001912,1037
1153,0.7838855421686747,0.6801613987895091,0.30447499268792044,0.9462949101796407,0.39016318612347367,0.7320234704790919,1041
1154,0.7838855421686747,0.6801613987895091,0.30447499268792044,0.9462949101796407,0.39016318612347367,0.7320234704790919,1041
1155,0.7868975903614458,0.6806993947545393,0.30564492541678856,0.9470434131736527,0.39016318612347367,0.7337984925579926,1045
1156,0.786144578313253,0.6805648957632818,0.30535244223457153,0.9468562874251497,0.39016318612347367,0.7333547370382674,1044
1157,0.7823795180722891,0.679892400806994,0.3038900263234864,0.9459206586826348,0.39016318612347367,0.7311359594396416,1039
1158,0.7771084337349398,0.678950907868191,0.30184264404796723,0.9446107784431138,0.39016318612347367,0.7280296708015654,1032
1159,0.7884036144578314,0.6809683927370545,0.30622989178122256,0.9474176646706587,0.39016318612347367,0.734686003597443,1047
1160,0.7793674698795181,0.6793544048419636,0.3027200935946183,0.9451721556886228,0.39016318612347367,0.7293609373607408,1035
1161,0.7914156626506024,0.6815063887020847,0.3073998245100907,0.9481661676646707,0.39016318612347367,0.7364610256763435,1051
1162,0.7838855421686747,0.6801613987895091,0.30447499268792044,0.9462949101796407,0.39016318612347367,0.7320234704790919,1041
1163,0.7868975903614458,0.6806993947545393,0.30564492541678856,0.9470434131736527,0.39016318612347367,0.7337984925579926,1045
1164,0.7838855421686747,0.6801613987895091,0.30447499268792044,0.9462949101796407,0.39016318612347367,0.7320234704790919,1041
1165,0.7823795180722891,0.679892400806994,0.3038900263234864,0.9459206586826348,0.39016318612347367,0.7311359594396416,1039
1166,0.7846385542168675,0.6802958977807666,0.30476747587013747,0.9464820359281437,0.39016318612347367,0.732467225998817,1042
1167,0.7838855421686747,0.6801613987895091,0.30447499268792044,0.9462949101796407,0.39016318612347367,0.7320234704790919,1041
1168,0.7876506024096386,0.680833893745797,0.30593740859900553,0.9472305389221557,0.39016318612347367,0.7342422480777178,1046
1169,0.7876506024096386,0.680833893745797,0.30593740859900553,0.9472305389221557,0.39016318612347367,0.7342422480777178,1046
1170,0.7816265060240963,0.6797579018157364,0.30359754314126935,0.9457335329341318,0.39016318612347367,0.7306922039199164,1038
1171,0.7853915662650602,0.6804303967720242,0.3050599590523545,0.9466691616766467,0.39016318612347367,0.7329109815185422,1043
1172,0.7808734939759037,0.6796234028244789,0.3033050599590524,0.9455464071856288,0.39016318612347367,0.7302484484001912,1037
1173,0.7831325301204819,0.6800268997982515,0.3041825095057034,0.9461077844311377,0.39016318612347367,0.7315797149593667,1040
1174,0.7778614457831325,0.6790854068594485,0.30213512723018426,0.9447979041916168,0.39016318612347367,0.7284734263212905,1033
1175,0.7823795180722891,0.679892400806994,0.3038900263234864,0.9459206586826348,0.39016318612347367,0.7311359594396416,1039
1176,0.7771084337349398,0.678950907868191,0.30184264404796723,0.9446107784431138,0.39016318612347367,0.7280296708015654,1032
1177,0.7801204819277109,0.6794889038332212,0.30301257677683535,0.9453592814371258,0.39016318612347367,0.729804692880466,1036
1178,0.7816265060240963,0.6797579018157364,0.30359754314126935,0.9457335329341318,0.39016318612347367,0.7306922039199164,1038
1179,0.7846385542168675,0.6802958977807666,0.30476747587013747,0.9464820359281437,0.39016318612347367,0.732467225998817,1042
1180,0.7914156626506024,0.6815063887020847,0.3073998245100907,0.9481661676646707,0.39016318612347367,0.7364610256763435,1051
1181,0.7816265060240963,0.6797579018157364,0.30359754314126935,0.9457335329341318,0.39016318612347367,0.7306922039199164,1038
1182,0.7823795180722891,0.679892400806994,0.3038900263234864,0.9459206586826348,0.39016318612347367,0.7311359594396416,1039
1183,0.786144578313253,0.6805648957632818,0.30535244223457153,0.9468562874251497,0.39016318612347367,0.7333547370382674,1044
1184,0.7801204819277109,0.6794889038332212,0.30301257677683535,0.9453592814371258,0.39016318612347367,0.729804692880466,1036
1185,0.7816265060240963,0.6797579018157364,0.30359754314126935,0.9457335329341318,0.39016318612347367,0.7306922039199164,1038
1186,0.7853915662650602,0.6804303967720242,0.3050599590523545,0.9466691616766467,0.39016318612347367,0.7329109815185422,1043
1187,0.7868975903614458,0.6806993947545393,0.30564492541678856,0.9470434131736527,0.39016318612347367,0.7337984925579926,1045
1188,0.7838855421686747,0.6801613987895091,0.30447499268792044,0.9462949101796407,0.39016318612347367,0.7320234704790919,1041
1189,0.7823795180722891,0.679892400806994,0.3038900263234864,0.9459206586826348,0.39016318612347367,0.7311359594396416,1039
1190,0.7823795180722891,0.679892400806994,0.3038900263234864,0.9459206586826348,0.39016318612347367,0.7311359594396416,1039
1191,0.7778614457831325,0.6790854068594485,0.30213512723018426,0.9447979041916168,0.39016318612347367,0.7284734263212905,1033
1192,0.7831325301204819,0.6800268997982515,0.3041825095057034,0.9461077844311377,0.39016318612347367,0.7315797149593667,1040
1193,0.7876506024096386,0.680833893745797,0.30593740859900553,0.9472305389221557,0.39016318612347367,0.7342422480777178,1046
1194,0.7793674698795181,0.6793544048419636,0.3027200935946183,0.9451721556886228,0.39016318612347367,0.7293609373607408,1035
1195,0.7808734939759037,0.6796234028244789,0.3033050599590524,0.9455464071856288,0.39016318612347367,0.7302484484001912,1037
1196,0.7823795180722891,0.679892400806994,0.3038900263234864,0.9459206586826348,0.39016318612347367,0.7311359594396416,1039
1197,0.7778614457831325,0.6790854068594485,0.30213512723018426,0.9447979041916168,0.39016318612347367,0.7284734263212905,1033
1198,0.7853915662650602,0.6804303967720242,0.3050599590523545,0.9466691616766467,0.39016318612347367,0.7329109815185422,1043
1199,0.7868975903614458,0.6806993947545393,0.30564492541678856,0.9470434131736527,0.39016318612347367,0.7337984925579926,1045
1200,0.7914156626506024,0.6815063887020847,0.3073998245100907,0.9481661676646707,0.39016318612347367,0.7364610256763435,1051
1201,0.7793674698795181,0.6793544048419636,0.3027200935946183,0.9451721556886228,0.39016318612347367,0.7293609373607408,1035
1202,0.7853915662650602,0.6804303967720242,0.3050599590523545,0.9466691616766467,0.39016318612347367,0.7329109815185422,1043
1203,0.7846385542168675,0.6802958977807666,0.30476747587013747,0.9464820359281437,0.39016318612347367,0.732467225998817,1042
1204,0.7801204819277109,0.6794889038332212,0.30301257677683535,0.9453592814371258,0.39016318612347367,0.729804692880466,1036
1205,0.7831325301204819,0.6800268997982515,0.3041825095057034,0.9461077844311377,0.39016318612347367,0.7315797149593667,1040
1206,0.7838855421686747,0.6801613987895091,0.30447499268792044,0.9462949101796407,0.39016318612347367,0.7320234704790919,1041
1207,0.7786144578313253,0.6792199058507061,0.3024276104124013,0.9449850299401198,0.39016318612347367,0.7289171818410157,1034
1208,0.7868975903614458,0.6806993947545393,0.30564492541678856,0.9470434131736527,0.39016318612347367,0.7337984925579926,1045
1209,0.7831325301204819,0.6800268997982515,0.3041825095057034,0.9461077844311377,0.39016318612347367,0.7315797149593667,1040
1210,0.7846385542168675,0.6802958977807666,0.30476747587013747,0.9464820359281437,0.39016318612347367,0.732467225998817,1042
1211,0.7786144578313253,0.6792199058507061,0.3024276104124013,0.9449850299401198,0.39016318612347367,0.7289171818410157,1034
1212,0.786144578313253,0.6805648957632818,0.30535244223457153,0.9468562874251497,0.39016318612347367,0.7333547370382674,1044
1213,0.7823795180722891,0.679892400806994,0.3038900263234864,0.9459206586826348,0.39016318612347367,0.7311359594396416,1039
1214,0.7906626506024096,0.6813718897108272,0.30710734132787365,0.9479790419161677,0.39016318612347367,0.7360172701566183,1050
1215,0.7831325301204819,0.6800268997982515,0.3041825095057034,0.9461077844311377,0.39016318612347367,0.7315797149593667,1040
1216,0.7793674698795181,0.6793544048419636,0.3027200935946183,0.9451721556886228,0.39016318612347367,0.7293609373607408,1035
1217,0.786144578313253,0.6805648957632818,0.30535244223457153,0.9468562874251497,0.39016318612347367,0.7333547370382674,1044
1218,0.7853915662650602,0.6804303967720242,0.3050599590523545,0.9466691616766467,0.39016318612347367,0.7329109815185422,1043
1219,0.7823795180722891,0.679892400806994,0.3038900263234864,0.9459206586826348,0.39016318612347367,0.7311359594396416,1039
1220,0.7891566265060241,0.6811028917283121,0.3065223749634396,0.9476047904191617,0.39016318612347367,0.7351297591171682,1048
1221,0.7816265060240963,0.6797579018157364,0.30359754314126935,0.9457335329341318,0.39016318612347367,0.7306922039199164,1038
1222,0.7853915662650602,0.6804303967720242,0.3050599590523545,0.9466691616766467,0.39016318612347367,0.7329109815185422,1043
1223,0.7831325301204819,0.6800268997982515,0.3041825095057034,0.9461077844311377,0.39016318612347367,0.7315797149593667,1040
1224,0.7838855421686747,0.6801613987895091,0.30447499268792044,0.9462949101796407,0.39016318612347367,0.7320234704790919,1041
1225,0.7846385542168675,0.6802958977807666,0.30476747587013747,0.9464820359281437,0.39016318612347367,0.732467225998817,1042
1226,0.7876506024096386,0.680833893745797,0.30593740859900553,0.9472305389221557,0.39016318612347367,0.7342422480777178,1046
1227,0.7793674698795181,0.6793544048419636,0.3027200935946183,0.9451721556886228,0.39016318612347367,0.7293609373607408,1035
1228,0.7868975903614458,0.6806993947545393,0.30564492541678856,0.9470434131736527,0.39016318612347367,0.7337984925579926,1045
1229,0.7831325301204819,0.6800268997982515,0.3041825095057034,0.9461077844311377,0.39016318612347367,0.7315797149593667,1040
1230,0.7823795180722891,0.679892400806994,0.3038900263234864,0.9459206586826348,0.39016318612347367,0.7311359594396416,1039
1231,0.7906626506024096,0.6813718897108272,0.30710734132787365,0.9479790419161677,0.39016318612347367,0.7360172701566183,1050
1232,0.7838855421686747,0.6801613987895091,0.30447499268792044,0.9462949101796407,0.39016318612347367,0.7320234704790919,1041
1233,0.7891566265060241,0.6811028917283121,0.3065223749634396,0.9476047904191617,0.39016318612347367,0.7351297591171682,1048
1234,0.786144578313253,0.6805648957632818,0.30535244223457153,0.9468562874251497,0.39016318612347367,0.7333547370382674,1044
1235,0.7868975903614458,0.6806993947545393,0.30564492541678856,0.9470434131736527,0.39016318612347367,0.7337984925579926,1045
1236,0.7838855421686747,0.6801613987895091,0.30447499268792044,0.9462949101796407,0.39016318612347367,0.7320234704790919,1041
1237,0.7868975903614458,0.6806993947545393,0.30564492541678856,0.9470434131736527,0.39016318612347367,0.7337984925579926,1045
1238,0.7823795180722891,0.679892400806994,0.3038900263234864,0.9459206586826348,0.39016318612347367,0.7311359594396416,1039
1239,0.7846385542168675,0.6802958977807666,0.30476747587013747,0.9464820359281437,0.39016318612347367,0.732467225998817,1042
1240,0.7868975903614458,0.6806993947545393,0.30564492541678856,0.9470434131736527,0.39016318612347367,0.7337984925579926,1045
1241,0.7846385542168675,0.6802958977807666,0.30476747587013747,0.9464820359281437,0.39016318612347367,0.732467225998817,1042
1242,0.7831325301204819,0.6800268997982515,0.3041825095057034,0.9461077844311377,0.39016318612347367,0.7315797149593667,1040
1243,0.7838855421686747,0.6801613987895091,0.30447499268792044,0.9462949101796407,0.39016318612347367,0.7320234704790919,1041
1244,0.7816265060240963,0.6797579018157364,0.30359754314126935,0.9457335329341318,0.39016318612347367,0.7306922039199164,1038
1245,0.7838855421686747,0.6801613987895091,0.30447499268792044,0.9462949101796407,0.39016318612347367,0.7320234704790919,1041
1246,0.7846385542168675,0.6802958977807666,0.30476747587013747,0.9464820359281437,0.39016318612347367,0.732467225998817,1042
1247,0.7884036144578314,0.6809683927370545,0.30622989178122256,0.9474176646706587,0.39016318612347367,0.734686003597443,1047
1248,0.7876506024096386,0.680833893745797,0.30593740859900553,0.9472305389221557,0.39016318612347367,0.7342422480777178,1046
1249,0.7846385542168675,0.6802958977807666,0.30476747587013747,0.9464820359281437,0.39016318612347367,0.732467225998817,1042
1250,0.7891566265060241,0.6811028917283121,0.3065223749634396,0.9476047904191617,0.39016318612347367,0.7351297591171682,1048
1251,0.7816265060240963,0.6797579018157364,0.30359754314126935,0.9457335329341318,0.39016318612347367,0.7306922039199164,1038
1252,0.7808734939759037,0.6796234028244789,0.3033050599590524,0.9455464071856288,0.39016318612347367,0.7302484484001912,1037
1253,0.7853915662650602,0.6804303967720242,0.3050599590523545,0.9466691616766467,0.39016318612347367,0.7329109815185422,1043
1254,0.7838855421686747,0.6801613987895091,0.30447499268792044,0.9462949101796407,0.39016318612347367,0.7320234704790919,1041
1255,0.7816265060240963,0.6797579018157364,0.30359754314126935,0.9457335329341318,0.39016318612347367,0.7306922039199164,1038
1256,0.7778614457831325,0.6790854068594485,0.30213512723018426,0.9447979041916168,0.39016318612347367,0.7284734263212905,1033
1257,0.7853915662650602,0.6804303967720242,0.3050599590523545,0.9466691616766467,0.39016318612347367,0.7329109815185422,1043
1258,0.7853915662650602,0.6804303967720242,0.3050599590523545,0.9466691616766467,0.39016318612347367,0.7329109815185422,1043
1259,0.7853915662650602,0.6804303967720242,0.3050599590523545,0.9466691616766467,0.39016318612347367,0.7329109815185422,1043
1260,0.7853915662650602,0.6804303967720242,0.3050599590523545,0.9466691616766467,0.39016318612347367,0.7329109815185422,1043
1261,0.7801204819277109,0.6794889038332212,0.30301257677683535,0.9453592814371258,0.39016318612347367,0.729804692880466,1036
1262,0.7808734939759037,0.6796234028244789,0.3033050599590524,0.9455464071856288,0.39016318612347367,0.7302484484001912,1037
1263,0.7801204819277109,0.6794889038332212,0.30301257677683535,0.9453592814371258,0.39016318612347367,0.729804692880466,1036
1264,0.7914156626506024,0.6815063887020847,0.3073998245100907,0.9481661676646707,0.39016318612347367,0.7364610256763435,1051
1265,0.7831325301204819,0.6800268997982515,0.3041825095057034,0.9461077844311377,0.39016318612347367,0.7315797149593667,1040
1266,0.7868975903614458,0.6806993947545393,0.30564492541678856,0.9470434131736527,0.39016318612347367,0.7337984925579926,1045
1267,0.7816265060240963,0.6797579018157364,0.30359754314126935,0.9457335329341318,0.39016318612347367,0.7306922039199164,1038
1268,0.7808734939759037,0.6796234028244789,0.3033050599590524,0.9455464071856288,0.39016318612347367,0.7302484484001912,1037
1269,0.786144578313253,0.6805648957632818,0.30535244223457153,0.9468562874251497,0.39016318612347367,0.7333547370382674,1044
1270,0.7801204819277109,0.6794889038332212,0.30301257677683535,0.9453592814371258,0.39016318612347367,0.729804692880466,1036
1271,0.7816265060240963,0.6797579018157364,0.30359754314126935,0.9457335329341318,0.39016318612347367,0.7306922039199164,1038
1272,0.7793674698795181,0.6793544048419636,0.3027200935946183,0.9451721556886228,0.39016318612347367,0.7293609373607408,1035
1273,0.7846385542168675,0.6802958977807666,0.30476747587013747,0.9464820359281437,0.39016318612347367,0.732467225998817,1042
1274,0.7801204819277109,0.6794889038332212,0.30301257677683535,0.9453592814371258,0.39016318612347367,0.729804692880466,1036
1275,0.7846385542168675,0.6802958977807666,0.30476747587013747,0.9464820359281437,0.39016318612347367,0.732467225998817,1042
1276,0.7838855421686747,0.6801613987895091,0.30447499268792044,0.9462949101796407,0.39016318612347367,0.7320234704790919,1041
1277,0.7853915662650602,0.6804303967720242,0.3050599590523545,0.9466691616766467,0.39016318612347367,0.7329109815185422,1043
1278,0.7771084337349398,0.678950907868191,0.30184264404796723,0.9446107784431138,0.39016318612347367,0.7280296708015654,1032
1279,0.7876506024096386,0.680833893745797,0.30593740859900553,0.9472305389221557,0.39016318612347367,0.7342422480777178,1046
1280,0.7816265060240963,0.6797579018157364,0.30359754314126935,0.9457335329341318,0.39016318612347367,0.7306922039199164,1038
1281,0.7808734939759037,0.6796234028244789,0.3033050599590524,0.9455464071856288,0.39016318612347367,0.7302484484001912,1037
1282,0.7786144578313253,0.6792199058507061,0.3024276104124013,0.9449850299401198,0.39016318612347367,0.7289171818410157,1034
1283,0.7853915662650602,0.6804303967720242,0.3050599590523545,0.9466691616766467,0.39016318612347367,0.7329109815185422,1043
1284,0.7846385542168675,0.6802958977807666,0.30476747587013747,0.9464820359281437,0.39016318612347367,0.732467225998817,1042
1285,0.7853915662650602,0.6804303967720242,0.3050599590523545,0.9466691616766467,0.39016318612347367,0.7329109815185422,1043
1286,0.7853915662650602,0.6804303967720242,0.3050599590523545,0.9466691616766467,0.39016318612347367,0.7329109815185422,1043
1287,0.7831325301204819,0.6800268997982515,0.3041825095057034,0.9461077844311377,0.39016318612347367,0.7315797149593667,1040
1288,0.7876506024096386,0.680833893745797,0.30593740859900553,0.9472305389221557,0.39016318612347367,0.7342422480777178,1046
1289,0.7801204819277109,0.6794889038332212,0.30301257677683535,0.9453592814371258,0.39016318612347367,0.729804692880466,1036
1290,0.7831325301204819,0.6800268997982515,0.3041825095057034,0.9461077844311377,0.39016318612347367,0.7315797149593667,1040
1291,0.7906626506024096,0.6813718897108272,0.30710734132787365,0.9479790419161677,0.39016318612347367,0.7360172701566183,1050
1292,0.7899096385542169,0.6812373907195696,0.3068148581456566,0.9477919161676647,0.39016318612347367,0.7355735146368932,1049
1293,0.7816265060240963,0.6797579018157364,0.30359754314126935,0.9457335329341318,0.39016318612347367,0.7306922039199164,1038
1294,0.7846385542168675,0.6802958977807666,0.30476747587013747,0.9464820359281437,0.39016318612347367,0.732467225998817,1042
1295,0.7838855421686747,0.6801613987895091,0.30447499268792044,0.9462949101796407,0.39016318612347367,0.7320234704790919,1041
1296,0.7771084337349398,0.678950907868191,0.30184264404796723,0.9446107784431138,0.39016318612347367,0.7280296708015654,1032
1297,0.7838855421686747,0.6801613987895091,0.30447499268792044,0.9462949101796407,0.39016318612347367,0.7320234704790919,1041
1298,0.7891566265060241,0.6811028917283121,0.3065223749634396,0.9476047904191617,0.39016318612347367,0.7351297591171682,1048
1299,0.7823795180722891,0.679892400806994,0.3038900263234864,0.9459206586826348,0.39016318612347367,0.7311359594396416,1039
1300,0.7876506024096386,0.680833893745797,0.30593740859900553,0.9472305389221557,0.39016318612347367,0.7342422480777178,1046
1301,0.7816265060240963,0.6797579018157364,0.30359754314126935,0.9457335329341318,0.39016318612347367,0.7306922039199164,1038
1302,0.7831325301204819,0.6800268997982515,0.3041825095057034,0.9461077844311377,0.39016318612347367,0.7315797149593667,1040
1303,0.7831325301204819,0.6800268997982515,0.3041825095057034,0.9461077844311377,0.39016318612347367,0.7315797149593667,1040
1304,0.7823795180722891,0.679892400806994,0.3038900263234864,0.9459206586826348,0.39016318612347367,0.7311359594396416,1039
1305,0.786144578313253,0.6805648957632818,0.30535244223457153,0.9468562874251497,0.39016318612347367,0.7333547370382674,1044
1306,0.786144578313253,0.6805648957632818,0.30535244223457153,0.9468562874251497,0.39016318612347367,0.7333547370382674,1044
1307,0.7748493975903614,0.6785474108944183,0.30096519450131615,0.9440494011976048,0.39016318612347367,0.7266984042423899,1029
1308,0.7853915662650602,0.6804303967720242,0.3050599590523545,0.9466691616766467,0.39016318612347367,0.7329109815185422,1043
1309,0.7876506024096386,0.680833893745797,0.30593740859900553,0.9472305389221557,0.39016318612347367,0.7342422480777178,1046
1310,0.7831325301204819,0.6800268997982515,0.3041825095057034,0.9461077844311377,0.39016318612347367,0.7315797149593667,1040
1311,0.786144578313253,0.6805648957632818,0.30535244223457153,0.9468562874251497,0.39016318612347367,0.7333547370382674,1044
1312,0.7838855421686747,0.6801613987895091,0.30447499268792044,0.9462949101796407,0.39016318612347367,0.7320234704790919,1041
1313,0.7929216867469879,0.6817753866845999,0.30798479087452474,0.9485404191616766,0.39016318612347367,0.7373485367157939,1053
1314,0.786144578313253,0.6805648957632818,0.30535244223457153,0.9468562874251497,0.39016318612347367,0.7333547370382674,1044
1315,0.7816265060240963,0.6797579018157364,0.30359754314126935,0.9457335329341318,0.39016318612347367,0.7306922039199164,1038
1316,0.7846385542168675,0.6802958977807666,0.30476747587013747,0.9464820359281437,0.39016318612347367,0.732467225998817,1042
1317,0.7831325301204819,0.6800268997982515,0.3041825095057034,0.9461077844311377,0.39016318612347367,0.7315797149593667,1040
1318,0.7868975903614458,0.6806993947545393,0.30564492541678856,0.9470434131736527,0.39016318612347367,0.7337984925579926,1045
1319,0.7748493975903614,0.6785474108944183,0.30096519450131615,0.9440494011976048,0.39016318612347367,0.7266984042423899,1029
1320,0.7793674698795181,0.6793544048419636,0.3027200935946183,0.9451721556886228,0.39016318612347367,0.7293609373607408,1035
1321,0.7914156626506024,0.6815063887020847,0.3073998245100907,0.9481661676646707,0.39016318612347367,0.7364610256763435,1051
1322,0.7823795180722891,0.679892400806994,0.3038900263234864,0.9459206586826348,0.39016318612347367,0.7311359594396416,1039
1323,0.7876506024096386,0.680833893745797,0.30593740859900553,0.9472305389221557,0.39016318612347367,0.7342422480777178,1046
1324,0.7868975903614458,0.6806993947545393,0.30564492541678856,0.9470434131736527,0.39016318612347367,0.7337984925579926,1045
1325,0.7853915662650602,0.6804303967720242,0.3050599590523545,0.9466691616766467,0.39016318612347367,0.7329109815185422,1043
1326,0.786144578313253,0.6805648957632818,0.30535244223457153,0.9468562874251497,0.39016318612347367,0.7333547370382674,1044
1327,0.7801204819277109,0.6794889038332212,0.30301257677683535,0.9453592814371258,0.39016318612347367,0.729804692880466,1036
1328,0.7831325301204819,0.6800268997982515,0.3041825095057034,0.9461077844311377,0.39016318612347367,0.7315797149593667,1040
1329,0.7846385542168675,0.6802958977807666,0.30476747587013747,0.9464820359281437,0.39016318612347367,0.732467225998817,1042
1330,0.7846385542168675,0.6802958977807666,0.30476747587013747,0.9464820359281437,0.39016318612347367,0.732467225998817,1042
1331,0.776355421686747,0.6788164088769334,0.3015501608657502,0.9444236526946108,0.39016318612347367,0.7275859152818402,1031
1332,0.786144578313253,0.6805648957632818,0.30535244223457153,0.9468562874251497,0.39016318612347367,0.7333547370382674,1044
1333,0.7838855421686747,0.6801613987895091,0.30447499268792044,0.9462949101796407,0.39016318612347367,0.7320234704790919,1041
1334,0.7816265060240963,0.6797579018157364,0.30359754314126935,0.9457335329341318,0.39016318612347367,0.7306922039199164,1038
1335,0.7823795180722891,0.679892400806994,0.3038900263234864,0.9459206586826348,0.39016318612347367,0.7311359594396416,1039
1336,0.7838855421686747,0.6801613987895091,0.30447499268792044,0.9462949101796407,0.39016318612347367,0.7320234704790919,1041
1337,0.7823795180722891,0.679892400806994,0.3038900263234864,0.9459206586826348,0.39016318612347367,0.7311359594396416,1039
1338,0.786144578313253,0.6805648957632818,0.30535244223457153,0.9468562874251497,0.39016318612347367,0.7333547370382674,1044
1339,0.7823795180722891,0.679892400806994,0.3038900263234864,0.9459206586826348,0.39016318612347367,0.7311359594396416,1039
1340,0.7823795180722891,0.679892400806994,0.3038900263234864,0.9459206586826348,0.39016318612347367,0.7311359594396416,1039
1341,0.7846385542168675,0.6802958977807666,0.30476747587013747,0.9464820359281437,0.39016318612347367,0.732467225998817,1042
1342,0.7808734939759037,0.6796234028244789,0.3033050599590524,0.9455464071856288,0.39016318612347367,0.7302484484001912,1037
1343,0.7823795180722891,0.679892400806994,0.3038900263234864,0.9459206586826348,0.39016318612347367,0.7311359594396416,1039
1344,0.7816265060240963,0.6797579018157364,0.30359754314126935,0.9457335329341318,0.39016318612347367,0.7306922039199164,1038
1345,0.7831325301204819,0.6800268997982515,0.3041825095057034,0.9461077844311377,0.39016318612347367,0.7315797149593667,1040
1346,0.7831325301204819,0.6800268997982515,0.3041825095057034,0.9461077844311377,0.39016318612347367,0.7315797149593667,1040
1347,0.7808734939759037,0.6796234028244789,0.3033050599590524,0.9455464071856288,0.39016318612347367,0.7302484484001912,1037
1348,0.7884036144578314,0.6809683927370545,0.30622989178122256,0.9474176646706587,0.39016318612347367,0.734686003597443,1047
1349,0.7853915662650602,0.6804303967720242,0.3050599590523545,0.9466691616766467,0.39016318612347367,0.7329109815185422,1043
1350,0.7831325301204819,0.6800268997982515,0.3041825095057034,0.9461077844311377,0.39016318612347367,0.7315797149593667,1040
1351,0.7899096385542169,0.6812373907195696,0.3068148581456566,0.9477919161676647,0.39016318612347367,0.7355735146368932,1049
1352,0.7831325301204819,0.6800268997982515,0.3041825095057034,0.9461077844311377,0.39016318612347367,0.7315797149593667,1040
1353,0.7801204819277109,0.6794889038332212,0.30301257677683535,0.9453592814371258,0.39016318612347367,0.729804692880466,1036
1354,0.7899096385542169,0.6812373907195696,0.3068148581456566,0.9477919161676647,0.39016318612347367,0.7355735146368932,1049
1355,0.786144578313253,0.6805648957632818,0.30535244223457153,0.9468562874251497,0.39016318612347367,0.7333547370382674,1044
1356,0.7899096385542169,0.6812373907195696,0.3068148581456566,0.9477919161676647,0.39016318612347367,0.7355735146368932,1049
1357,0.7884036144578314,0.6809683927370545,0.30622989178122256,0.9474176646706587,0.39016318612347367,0.734686003597443,1047
1358,0.7891566265060241,0.6811028917283121,0.3065223749634396,0.9476047904191617,0.39016318612347367,0.7351297591171682,1048
1359,0.7808734939759037,0.6796234028244789,0.3033050599590524,0.9455464071856288,0.39016318612347367,0.7302484484001912,1037
1360,0.7868975903614458,0.6806993947545393,0.30564492541678856,0.9470434131736527,0.39016318612347367,0.7337984925579926,1045
1361,0.7884036144578314,0.6809683927370545,0.30622989178122256,0.9474176646706587,0.39016318612347367,0.734686003597443,1047
1362,0.7838855421686747,0.6801613987895091,0.30447499268792044,0.9462949101796407,0.39016318612347367,0.7320234704790919,1041
1363,0.7808734939759037,0.6796234028244789,0.3033050599590524,0.9455464071856288,0.39016318612347367,0.7302484484001912,1037
1364,0.7793674698795181,0.6793544048419636,0.3027200935946183,0.9451721556886228,0.39016318612347367,0.7293609373607408,1035
1365,0.7838855421686747,0.6801613987895091,0.30447499268792044,0.9462949101796407,0.39016318612347367,0.7320234704790919,1041
1366,0.7868975903614458,0.6806993947545393,0.30564492541678856,0.9470434131736527,0.39016318612347367,0.7337984925579926,1045
1367,0.7793674698795181,0.6793544048419636,0.3027200935946183,0.9451721556886228,0.39016318612347367,0.7293609373607408,1035
1368,0.786144578313253,0.6805648957632818,0.30535244223457153,0.9468562874251497,0.39016318612347367,0.7333547370382674,1044
1369,0.7778614457831325,0.6790854068594485,0.30213512723018426,0.9447979041916168,0.39016318612347367,0.7284734263212905,1033
1370,0.7868975903614458,0.6806993947545393,0.30564492541678856,0.9470434131736527,0.39016318612347367,0.7337984925579926,1045
1371,0.7793674698795181,0.6793544048419636,0.3027200935946183,0.9451721556886228,0.39016318612347367,0.7293609373607408,1035
1372,0.7786144578313253,0.6792199058507061,0.3024276104124013,0.9449850299401198,0.39016318612347367,0.7289171818410157,1034
1373,0.7771084337349398,0.678950907868191,0.30184264404796723,0.9446107784431138,0.39016318612347367,0.7280296708015654,1032
1374,0.7808734939759037,0.6796234028244789,0.3033050599590524,0.9455464071856288,0.39016318612347367,0.7302484484001912,1037
1375,0.7906626506024096,0.6813718897108272,0.30710734132787365,0.9479790419161677,0.39016318612347367,0.7360172701566183,1050
1376,0.7846385542168675,0.6802958977807666,0.30476747587013747,0.9464820359281437,0.39016318612347367,0.732467225998817,1042
1377,0.7816265060240963,0.6797579018157364,0.30359754314126935,0.9457335329341318,0.39016318612347367,0.7306922039199164,1038
1378,0.7801204819277109,0.6794889038332212,0.30301257677683535,0.9453592814371258,0.39016318612347367,0.729804692880466,1036
1379,0.7853915662650602,0.6804303967720242,0.3050599590523545,0.9466691616766467,0.39016318612347367,0.7329109815185422,1043
1380,0.7756024096385542,0.6786819098856759,0.3012576776835332,0.9442365269461078,0.39016318612347367,0.727142159762115,1030
1381,0.7899096385542169,0.6812373907195696,0.3068148581456566,0.9477919161676647,0.39016318612347367,0.7355735146368932,1049
1382,0.7891566265060241,0.6811028917283121,0.3065223749634396,0.9476047904191617,0.39016318612347367,0.7351297591171682,1048
1383,0.7823795180722891,0.679892400806994,0.3038900263234864,0.9459206586826348,0.39016318612347367,0.7311359594396416,1039
1384,0.7846385542168675,0.6802958977807666,0.30476747587013747,0.9464820359281437,0.39016318612347367,0.732467225998817,1042
1385,0.7823795180722891,0.679892400806994,0.3038900263234864,0.9459206586826348,0.39016318612347367,0.7311359594396416,1039
1386,0.7778614457831325,0.6790854068594485,0.30213512723018426,0.9447979041916168,0.39016318612347367,0.7284734263212905,1033
1387,0.7831325301204819,0.6800268997982515,0.3041825095057034,0.9461077844311377,0.39016318612347367,0.7315797149593667,1040
1388,0.7868975903614458,0.6806993947545393,0.30564492541678856,0.9470434131736527,0.39016318612347367,0.7337984925579926,1045
1389,0.7786144578313253,0.6792199058507061,0.3024276104124013,0.9449850299401198,0.39016318612347367,0.7289171818410157,1034
1390,0.7816265060240963,0.6797579018157364,0.30359754314126935,0.9457335329341318,0.39016318612347367,0.7306922039199164,1038
1391,0.7823795180722891,0.679892400806994,0.3038900263234864,0.9459206586826348,0.39016318612347367,0.7311359594396416,1039
1392,0.7816265060240963,0.6797579018157364,0.30359754314126935,0.9457335329341318,0.39016318612347367,0.7306922039199164,1038
1393,0.7816265060240963,0.6797579018157364,0.30359754314126935,0.9457335329341318,0.39016318612347367,0.7306922039199164,1038
1394,0.7831325301204819,0.6800268997982515,0.3041825095057034,0.9461077844311377,0.39016318612347367,0.7315797149593667,1040
1395,0.7853915662650602,0.6804303967720242,0.3050599590523545,0.9466691616766467,0.39016318612347367,0.7329109815185422,1043
1396,0.7801204819277109,0.6794889038332212,0.30301257677683535,0.9453592814371258,0.39016318612347367,0.729804692880466,1036
1397,0.7808734939759037,0.6796234028244789,0.3033050599590524,0.9455464071856288,0.39016318612347367,0.7302484484001912,1037
1398,0.7816265060240963,0.6797579018157364,0.30359754314126935,0.9457335329341318,0.39016318612347367,0.7306922039199164,1038
1399,0.7831325301204819,0.6800268997982515,0.3041825095057034,0.9461077844311377,0.39016318612347367,0.7315797149593667,1040
1400,0.776355421686747,0.6788164088769334,0.3015501608657502,0.9444236526946108,0.39016318612347367,0.7275859152818402,1031
1401,0.7831325301204819,0.6800268997982515,0.3041825095057034,0.9461077844311377,0.39016318612347367,0.7315797149593667,1040
1402,0.7921686746987951,0.6816408876933423,0.3076923076923077,0.9483532934131736,0.39016318612347367,0.7369047811960687,1052
1403,0.7891566265060241,0.6811028917283121,0.3065223749634396,0.9476047904191617,0.39016318612347367,0.7351297591171682,1048
1404,0.7823795180722891,0.679892400806994,0.3038900263234864,0.9459206586826348,0.39016318612347367,0.7311359594396416,1039
1405,0.7823795180722891,0.679892400806994,0.3038900263234864,0.9459206586826348,0.39016318612347367,0.7311359594396416,1039
1406,0.7891566265060241,0.6811028917283121,0.3065223749634396,0.9476047904191617,0.39016318612347367,0.7351297591171682,1048
1407,0.7816265060240963,0.6797579018157364,0.30359754314126935,0.9457335329341318,0.39016318612347367,0.7306922039199164,1038
1408,0.7801204819277109,0.6794889038332212,0.30301257677683535,0.9453592814371258,0.39016318612347367,0.729804692880466,1036
1409,0.7816265060240963,0.6797579018157364,0.30359754314126935,0.9457335329341318,0.39016318612347367,0.7306922039199164,1038
1410,0.7853915662650602,0.6804303967720242,0.3050599590523545,0.9466691616766467,0.39016318612347367,0.7329109815185422,1043
1411,0.7868975903614458,0.6806993947545393,0.30564492541678856,0.9470434131736527,0.39016318612347367,0.7337984925579926,1045
1412,0.7831325301204819,0.6800268997982515,0.3041825095057034,0.9461077844311377,0.39016318612347367,0.7315797149593667,1040
1413,0.7786144578313253,0.6792199058507061,0.3024276104124013,0.9449850299401198,0.39016318612347367,0.7289171818410157,1034
1414,0.7756024096385542,0.6786819098856759,0.3012576776835332,0.9442365269461078,0.39016318612347367,0.727142159762115,1030
1415,0.7914156626506024,0.6815063887020847,0.3073998245100907,0.9481661676646707,0.39016318612347367,0.7364610256763435,1051
1416,0.7793674698795181,0.6793544048419636,0.3027200935946183,0.9451721556886228,0.39016318612347367,0.7293609373607408,1035
1417,0.7786144578313253,0.6792199058507061,0.3024276104124013,0.9449850299401198,0.39016318612347367,0.7289171818410157,1034
1418,0.7846385542168675,0.6802958977807666,0.30476747587013747,0.9464820359281437,0.39016318612347367,0.732467225998817,1042
1419,0.7846385542168675,0.6802958977807666,0.30476747587013747,0.9464820359281437,0.39016318612347367,0.732467225998817,1042
1420,0.7846385542168675,0.6802958977807666,0.30476747587013747,0.9464820359281437,0.39016318612347367,0.732467225998817,1042
1421,0.7808734939759037,0.6796234028244789,0.3033050599590524,0.9455464071856288,0.39016318612347367,0.7302484484001912,1037
1422,0.7816265060240963,0.6797579018157364,0.30359754314126935,0.9457335329341318,0.39016318612347367,0.7306922039199164,1038
1423,0.7838855421686747,0.6801613987895091,0.30447499268792044,0.9462949101796407,0.39016318612347367,0.7320234704790919,1041
1424,0.7823795180722891,0.679892400806994,0.3038900263234864,0.9459206586826348,0.39016318612347367,0.7311359594396416,1039
1425,0.7846385542168675,0.6802958977807666,0.30476747587013747,0.9464820359281437,0.39016318612347367,0.732467225998817,1042
1426,0.7838855421686747,0.6801613987895091,0.30447499268792044,0.9462949101796407,0.39016318612347367,0.7320234704790919,1041
1427,0.7853915662650602,0.6804303967720242,0.3050599590523545,0.9466691616766467,0.39016318612347367,0.7329109815185422,1043
1428,0.786144578313253,0.6805648957632818,0.30535244223457153,0.9468562874251497,0.39016318612347367,0.7333547370382674,1044
1429,0.786144578313253,0.6805648957632818,0.30535244223457153,0.9468562874251497,0.39016318612347367,0.7333547370382674,1044
1430,0.7899096385542169,0.6812373907195696,0.3068148581456566,0.9477919161676647,0.39016318612347367,0.7355735146368932,1049
1431,0.7808734939759037,0.6796234028244789,0.3033050599590524,0.9455464071856288,0.39016318612347367,0.7302484484001912,1037
1432,0.7816265060240963,0.6797579018157364,0.30359754314126935,0.9457335329341318,0.39016318612347367,0.7306922039199164,1038
1433,0.7831325301204819,0.6800268997982515,0.3041825095057034,0.9461077844311377,0.39016318612347367,0.7315797149593667,1040
1434,0.7831325301204819,0.6800268997982515,0.3041825095057034,0.9461077844311377,0.39016318612347367,0.7315797149593667,1040
1435,0.7808734939759037,0.6796234028244789,0.3033050599590524,0.9455464071856288,0.39016318612347367,0.7302484484001912,1037
1436,0.7853915662650602,0.6804303967720242,0.3050599590523545,0.9466691616766467,0.39016318612347367,0.7329109815185422,1043
1437,0.7831325301204819,0.6800268997982515,0.3041825095057034,0.9461077844311377,0.39016318612347367,0.7315797149593667,1040
1438,0.786144578313253,0.6805648957632818,0.30535244223457153,0.9468562874251497,0.39016318612347367,0.7333547370382674,1044
1439,0.7868975903614458,0.6806993947545393,0.30564492541678856,0.9470434131736527,0.39016318612347367,0.7337984925579926,1045
1440,0.7778614457831325,0.6790854068594485,0.30213512723018426,0.9447979041916168,0.39016318612347367,0.7284734263212905,1033
1441,0.7929216867469879,0.6817753866845999,0.30798479087452474,0.9485404191616766,0.39016318612347367,0.7373485367157939,1053
1442,0.7786144578313253,0.6792199058507061,0.3024276104124013,0.9449850299401198,0.39016318612347367,0.7289171818410157,1034
1443,0.7853915662650602,0.6804303967720242,0.3050599590523545,0.9466691616766467,0.39016318612347367,0.7329109815185422,1043
1444,0.7906626506024096,0.6813718897108272,0.30710734132787365,0.9479790419161677,0.39016318612347367,0.7360172701566183,1050
1445,0.7853915662650602,0.6804303967720242,0.3050599590523545,0.9466691616766467,0.39016318612347367,0.7329109815185422,1043
1446,0.7876506024096386,0.680833893745797,0.30593740859900553,0.9472305389221557,0.39016318612347367,0.7342422480777178,1046
1447,0.7831325301204819,0.6800268997982515,0.3041825095057034,0.9461077844311377,0.39016318612347367,0.7315797149593667,1040
1448,0.7831325301204819,0.6800268997982515,0.3041825095057034,0.9461077844311377,0.39016318612347367,0.7315797149593667,1040
1449,0.7823795180722891,0.679892400806994,0.3038900263234864,0.9459206586826348,0.39016318612347367,0.7311359594396416,1039
1450,0.7831325301204819,0.6800268997982515,0.3041825095057034,0.9461077844311377,0.39016318612347367,0.7315797149593667,1040
1451,0.7816265060240963,0.6797579018157364,0.30359754314126935,0.9457335329341318,0.39016318612347367,0.7306922039199164,1038
1452,0.786144578313253,0.6805648957632818,0.30535244223457153,0.9468562874251497,0.39016318612347367,0.7333547370382674,1044
1453,0.7838855421686747,0.6801613987895091,0.30447499268792044,0.9462949101796407,0.39016318612347367,0.7320234704790919,1041
1454,0.7831325301204819,0.6800268997982515,0.3041825095057034,0.9461077844311377,0.39016318612347367,0.7315797149593667,1040
1455,0.7906626506024096,0.6813718897108272,0.30710734132787365,0.9479790419161677,0.39016318612347367,0.7360172701566183,1050
1456,0.7868975903614458,0.6806993947545393,0.30564492541678856,0.9470434131736527,0.39016318612347367,0.7337984925579926,1045
1457,0.7801204819277109,0.6794889038332212,0.30301257677683535,0.9453592814371258,0.39016318612347367,0.729804692880466,1036
1458,0.7823795180722891,0.679892400806994,0.3038900263234864,0.9459206586826348,0.39016318612347367,0.7311359594396416,1039
1459,0.7846385542168675,0.6802958977807666,0.30476747587013747,0.9464820359281437,0.39016318612347367,0.732467225998817,1042
1460,0.7823795180722891,0.679892400806994,0.3038900263234864,0.9459206586826348,0.39016318612347367,0.7311359594396416,1039
1461,0.776355421686747,0.6788164088769334,0.3015501608657502,0.9444236526946108,0.39016318612347367,0.7275859152818402,1031
1462,0.7808734939759037,0.6796234028244789,0.3033050599590524,0.9455464071856288,0.39016318612347367,0.7302484484001912,1037
1463,0.786144578313253,0.6805648957632818,0.30535244223457153,0.9468562874251497,0.39016318612347367,0.7333547370382674,1044
1464,0.7771084337349398,0.678950907868191,0.30184264404796723,0.9446107784431138,0.39016318612347367,0.7280296708015654,1032
1465,0.7846385542168675,0.6802958977807666,0.30476747587013747,0.9464820359281437,0.39016318612347367,0.732467225998817,1042
1466,0.7816265060240963,0.6797579018157364,0.30359754314126935,0.9457335329341318,0.39016318612347367,0.7306922039199164,1038
1467,0.7823795180722891,0.679892400806994,0.3038900263234864,0.9459206586826348,0.39016318612347367,0.7311359594396416,1039
1468,0.7778614457831325,0.6790854068594485,0.30213512723018426,0.9447979041916168,0.39016318612347367,0.7284734263212905,1033
1469,0.7906626506024096,0.6813718897108272,0.30710734132787365,0.9479790419161677,0.39016318612347367,0.7360172701566183,1050
1470,0.7831325301204819,0.6800268997982515,0.3041825095057034,0.9461077844311377,0.39016318612347367,0.7315797149593667,1040
1471,0.7876506024096386,0.680833893745797,0.30593740859900553,0.9472305389221557,0.39016318612347367,0.7342422480777178,1046
1472,0.7846385542168675,0.6802958977807666,0.30476747587013747,0.9464820359281437,0.39016318612347367,0.732467225998817,1042
1473,0.7786144578313253,0.6792199058507061,0.3024276104124013,0.9449850299401198,0.39016318612347367,0.7289171818410157,1034
1474,0.7868975903614458,0.6806993947545393,0.30564492541678856,0.9470434131736527,0.39016318612347367,0.7337984925579926,1045
1475,0.7868975903614458,0.6806993947545393,0.30564492541678856,0.9470434131736527,0.39016318612347367,0.7337984925579926,1045
1476,0.7891566265060241,0.6811028917283121,0.3065223749634396,0.9476047904191617,0.39016318612347367,0.7351297591171682,1048
1477,0.7823795180722891,0.679892400806994,0.3038900263234864,0.9459206586826348,0.39016318612347367,0.7311359594396416,1039
1478,0.7876506024096386,0.680833893745797,0.30593740859900553,0.9472305389221557,0.39016318612347367,0.7342422480777178,1046
1479,0.7808734939759037,0.6796234028244789,0.3033050599590524,0.9455464071856288,0.39016318612347367,0.7302484484001912,1037
1480,0.7853915662650602,0.6804303967720242,0.3050599590523545,0.9466691616766467,0.39016318612347367,0.7329109815185422,1043
1481,0.7906626506024096,0.6813718897108272,0.30710734132787365,0.9479790419161677,0.39016318612347367,0.7360172701566183,1050
1482,0.7868975903614458,0.6806993947545393,0.30564492541678856,0.9470434131736527,0.39016318612347367,0.7337984925579926,1045
1483,0.7899096385542169,0.6812373907195696,0.3068148581456566,0.9477919161676647,0.39016318612347367,0.7355735146368932,1049
1484,0.7846385542168675,0.6802958977807666,0.30476747587013747,0.9464820359281437,0.39016318612347367,0.732467225998817,1042
1485,0.7846385542168675,0.6802958977807666,0.30476747587013747,0.9464820359281437,0.39016318612347367,0.732467225998817,1042
1486,0.7838855421686747,0.6801613987895091,0.30447499268792044,0.9462949101796407,0.39016318612347367,0.7320234704790919,1041
1487,0.7838855421686747,0.6801613987895091,0.30447499268792044,0.9462949101796407,0.39016318612347367,0.7320234704790919,1041
1488,0.7884036144578314,0.6809683927370545,0.30622989178122256,0.9474176646706587,0.39016318612347367,0.734686003597443,1047
1489,0.7876506024096386,0.680833893745797,0.30593740859900553,0.9472305389221557,0.39016318612347367,0.7342422480777178,1046
1490,0.7816265060240963,0.6797579018157364,0.30359754314126935,0.9457335329341318,0.39016318612347367,0.7306922039199164,1038
1491,0.7868975903614458,0.6806993947545393,0.30564492541678856,0.9470434131736527,0.39016318612347367,0.7337984925579926,1045
1492,0.7778614457831325,0.6790854068594485,0.30213512723018426,0.9447979041916168,0.39016318612347367,0.7284734263212905,1033
1493,0.786144578313253,0.6805648957632818,0.30535244223457153,0.9468562874251497,0.39016318612347367,0.7333547370382674,1044
1494,0.7778614457831325,0.6790854068594485,0.30213512723018426,0.9447979041916168,0.39016318612347367,0.7284734263212905,1033
1495,0.7801204819277109,0.6794889038332212,0.30301257677683535,0.9453592814371258,0.39016318612347367,0.729804692880466,1036
1496,0.7786144578313253,0.6792199058507061,0.3024276104124013,0.9449850299401198,0.39016318612347367,0.7289171818410157,1034
1497,0.7853915662650602,0.6804303967720242,0.3050599590523545,0.9466691616766467,0.39016318612347367,0.7329109815185422,1043
1498,0.7808734939759037,0.6796234028244789,0.3033050599590524,0.9455464071856288,0.39016318612347367,0.7302484484001912,1037
1499,0.7846385542168675,0.6802958977807666,0.30476747587013747,0.9464820359281437,0.39016318612347367,0.732467225998817,1042
1500,0.7853915662650602,0.6804303967720242,0.3050599590523545,0.9466691616766467,0.39016318612347367,0.7329109815185422,1043
1501,0.7868975903614458,0.6806993947545393,0.30564492541678856,0.9470434131736527,0.39016318612347367,0.7337984925579926,1045
1502,0.7816265060240963,0.6797579018157364,0.30359754314126935,0.9457335329341318,0.39016318612347367,0.7306922039199164,1038
1503,0.7823795180722891,0.679892400806994,0.3038900263234864,0.9459206586826348,0.39016318612347367,0.7311359594396416,1039
1504,0.7846385542168675,0.6802958977807666,0.30476747587013747,0.9464820359281437,0.39016318612347367,0.732467225998817,1042
1505,0.7868975903614458,0.6806993947545393,0.30564492541678856,0.9470434131736527,0.39016318612347367,0.7337984925579926,1045
1506,0.7831325301204819,0.6800268997982515,0.3041825095057034,0.9461077844311377,0.39016318612347367,0.7315797149593667,1040
1507,0.7801204819277109,0.6794889038332212,0.30301257677683535,0.9453592814371258,0.39016318612347367,0.729804692880466,1036
1508,0.7808734939759037,0.6796234028244789,0.3033050599590524,0.9455464071856288,0.39016318612347367,0.7302484484001912,1037
1509,0.7816265060240963,0.6797579018157364,0.30359754314126935,0.9457335329341318,0.39016318612347367,0.7306922039199164,1038
1510,0.7786144578313253,0.6792199058507061,0.3024276104124013,0.9449850299401198,0.39016318612347367,0.7289171818410157,1034
1511,0.7853915662650602,0.6804303967720242,0.3050599590523545,0.9466691616766467,0.39016318612347367,0.7329109815185422,1043
1512,0.7838855421686747,0.6801613987895091,0.30447499268792044,0.9462949101796407,0.39016318612347367,0.7320234704790919,1041
1513,0.786144578313253,0.6805648957632818,0.30535244223457153,0.9468562874251497,0.39016318612347367,0.7333547370382674,1044
1514,0.7801204819277109,0.6794889038332212,0.30301257677683535,0.9453592814371258,0.39016318612347367,0.729804692880466,1036
1515,0.7838855421686747,0.6801613987895091,0.30447499268792044,0.9462949101796407,0.39016318612347367,0.7320234704790919,1041
1516,0.786144578313253,0.6805648957632818,0.30535244223457153,0.9468562874251497,0.39016318612347367,0.7333547370382674,1044
1517,0.7831325301204819,0.6800268997982515,0.3041825095057034,0.9461077844311377,0.39016318612347367,0.7315797149593667,1040
1518,0.7831325301204819,0.6800268997982515,0.3041825095057034,0.9461077844311377,0.39016318612347367,0.7315797149593667,1040
1519,0.786144578313253,0.6805648957632818,0.30535244223457153,0.9468562874251497,0.39016318612347367,0.7333547370382674,1044
1520,0.7831325301204819,0.6800268997982515,0.3041825095057034,0.9461077844311377,0.39016318612347367,0.7315797149593667,1040
1521,0.7876506024096386,0.680833893745797,0.30593740859900553,0.9472305389221557,0.39016318612347367,0.7342422480777178,1046
1522,0.7876506024096386,0.680833893745797,0.30593740859900553,0.9472305389221557,0.39016318612347367,0.7342422480777178,1046
1523,0.7853915662650602,0.6804303967720242,0.3050599590523545,0.9466691616766467,0.39016318612347367,0.7329109815185422,1043
1524,0.7808734939759037,0.6796234028244789,0.3033050599590524,0.9455464071856288,0.39016318612347367,0.7302484484001912,1037
1525,0.7808734939759037,0.6796234028244789,0.3033050599590524,0.9455464071856288,0.39016318612347367,0.7302484484001912,1037
1526,0.7786144578313253,0.6792199058507061,0.3024276104124013,0.9449850299401198,0.39016318612347367,0.7289171818410157,1034
1527,0.7838855421686747,0.6801613987895091,0.30447499268792044,0.9462949101796407,0.39016318612347367,0.7320234704790919,1041
1528,0.786144578313253,0.6805648957632818,0.30535244223457153,0.9468562874251497,0.39016318612347367,0.7333547370382674,1044
1529,0.7831325301204819,0.6800268997982515,0.3041825095057034,0.9461077844311377,0.39016318612347367,0.7315797149593667,1040
1530,0.7823795180722891,0.679892400806994,0.3038900263234864,0.9459206586826348,0.39016318612347367,0.7311359594396416,1039
1531,0.7831325301204819,0.6800268997982515,0.3041825095057034,0.9461077844311377,0.39016318612347367,0.7315797149593667,1040
1532,0.7823795180722891,0.679892400806994,0.3038900263234864,0.9459206586826348,0.39016318612347367,0.7311359594396416,1039
1533,0.7884036144578314,0.6809683927370545,0.30622989178122256,0.9474176646706587,0.39016318612347367,0.734686003597443,1047
1534,0.7771084337349398,0.678950907868191,0.30184264404796723,0.9446107784431138,0.39016318612347367,0.7280296708015654,1032
1535,0.7868975903614458,0.6806993947545393,0.30564492541678856,0.9470434131736527,0.39016318612347367,0.7337984925579926,1045
1536,0.7793674698795181,0.6793544048419636,0.3027200935946183,0.9451721556886228,0.39016318612347367,0.7293609373607408,1035
1537,0.7838855421686747,0.6801613987895091,0.30447499268792044,0.9462949101796407,0.39016318612347367,0.7320234704790919,1041
1538,0.7816265060240963,0.6797579018157364,0.30359754314126935,0.9457335329341318,0.39016318612347367,0.7306922039199164,1038
1539,0.7823795180722891,0.679892400806994,0.3038900263234864,0.9459206586826348,0.39016318612347367,0.7311359594396416,1039
1540,0.7838855421686747,0.6801613987895091,0.30447499268792044,0.9462949101796407,0.39016318612347367,0.7320234704790919,1041
1541,0.7906626506024096,0.6813718897108272,0.30710734132787365,0.9479790419161677,0.39016318612347367,0.7360172701566183,1050
1542,0.7853915662650602,0.6804303967720242,0.3050599590523545,0.9466691616766467,0.39016318612347367,0.7329109815185422,1043
1543,0.7838855421686747,0.6801613987895091,0.30447499268792044,0.9462949101796407,0.39016318612347367,0.7320234704790919,1041
1544,0.7831325301204819,0.6800268997982515,0.3041825095057034,0.9461077844311377,0.39016318612347367,0.7315797149593667,1040
1545,0.7838855421686747,0.6801613987895091,0.30447499268792044,0.9462949101796407,0.39016318612347367,0.7320234704790919,1041
1546,0.7808734939759037,0.6796234028244789,0.3033050599590524,0.9455464071856288,0.39016318612347367,0.7302484484001912,1037
1547,0.7831325301204819,0.6800268997982515,0.3041825095057034,0.9461077844311377,0.39016318612347367,0.7315797149593667,1040
1548,0.7801204819277109,0.6794889038332212,0.30301257677683535,0.9453592814371258,0.39016318612347367,0.729804692880466,1036
1549,0.7786144578313253,0.6792199058507061,0.3024276104124013,0.9449850299401198,0.39016318612347367,0.7289171818410157,1034
1550,0.7816265060240963,0.6797579018157364,0.30359754314126935,0.9457335329341318,0.39016318612347367,0.7306922039199164,1038
1551,0.786144578313253,0.6805648957632818,0.30535244223457153,0.9468562874251497,0.39016318612347367,0.7333547370382674,1044
1552,0.7891566265060241,0.6811028917283121,0.3065223749634396,0.9476047904191617,0.39016318612347367,0.7351297591171682,1048
1553,0.7808734939759037,0.6796234028244789,0.3033050599590524,0.9455464071856288,0.39016318612347367,0.7302484484001912,1037
1554,0.7808734939759037,0.6796234028244789,0.3033050599590524,0.9455464071856288,0.39016318612347367,0.7302484484001912,1037
1555,0.7884036144578314,0.6809683927370545,0.30622989178122256,0.9474176646706587,0.39016318612347367,0.734686003597443,1047
1556,0.7816265060240963,0.6797579018157364,0.30359754314126935,0.9457335329341318,0.39016318612347367,0.7306922039199164,1038
1557,0.7831325301204819,0.6800268997982515,0.3041825095057034,0.9461077844311377,0.39016318612347367,0.7315797149593667,1040
1558,0.7831325301204819,0.6800268997982515,0.3041825095057034,0.9461077844311377,0.39016318612347367,0.7315797149593667,1040
1559,0.7876506024096386,0.680833893745797,0.30593740859900553,0.9472305389221557,0.39016318612347367,0.7342422480777178,1046
1560,0.7891566265060241,0.6811028917283121,0.3065223749634396,0.9476047904191617,0.39016318612347367,0.7351297591171682,1048
1561,0.7884036144578314,0.6809683927370545,0.30622989178122256,0.9474176646706587,0.39016318612347367,0.734686003597443,1047
1562,0.7936746987951807,0.6819098856758574,0.3082772740567417,0.9487275449101796,0.39016318612347367,0.7377922922355191,1054
1563,0.7801204819277109,0.6794889038332212,0.30301257677683535,0.9453592814371258,0.39016318612347367,0.729804692880466,1036
1564,0.7853915662650602,0.6804303967720242,0.3050599590523545,0.9466691616766467,0.39016318612347367,0.7329109815185422,1043
1565,0.7778614457831325,0.6790854068594485,0.30213512723018426,0.9447979041916168,0.39016318612347367,0.7284734263212905,1033
1566,0.7838855421686747,0.6801613987895091,0.30447499268792044,0.9462949101796407,0.39016318612347367,0.7320234704790919,1041
1567,0.7884036144578314,0.6809683927370545,0.30622989178122256,0.9474176646706587,0.39016318612347367,0.734686003597443,1047
1568,0.7868975903614458,0.6806993947545393,0.30564492541678856,0.9470434131736527,0.39016318612347367,0.7337984925579926,1045
1569,0.7846385542168675,0.6802958977807666,0.30476747587013747,0.9464820359281437,0.39016318612347367,0.732467225998817,1042
1570,0.7891566265060241,0.6811028917283121,0.3065223749634396,0.9476047904191617,0.39016318612347367,0.7351297591171682,1048
1571,0.7831325301204819,0.6800268997982515,0.3041825095057034,0.9461077844311377,0.39016318612347367,0.7315797149593667,1040
1572,0.7906626506024096,0.6813718897108272,0.30710734132787365,0.9479790419161677,0.39016318612347367,0.7360172701566183,1050
1573,0.7831325301204819,0.6800268997982515,0.3041825095057034,0.9461077844311377,0.39016318612347367,0.7315797149593667,1040
1574,0.7853915662650602,0.6804303967720242,0.3050599590523545,0.9466691616766467,0.39016318612347367,0.7329109815185422,1043
1575,0.786144578313253,0.6805648957632818,0.30535244223457153,0.9468562874251497,0.39016318612347367,0.7333547370382674,1044
1576,0.7778614457831325,0.6790854068594485,0.30213512723018426,0.9447979041916168,0.39016318612347367,0.7284734263212905,1033
1577,0.7853915662650602,0.6804303967720242,0.3050599590523545,0.9466691616766467,0.39016318612347367,0.7329109815185422,1043
1578,0.7740963855421686,0.6784129119031608,0.3006727113190992,0.9438622754491018,0.39016318612347367,0.7262546487226647,1028
1579,0.7936746987951807,0.6819098856758574,0.3082772740567417,0.9487275449101796,0.39016318612347367,0.7377922922355191,1054
1580,0.7884036144578314,0.6809683927370545,0.30622989178122256,0.9474176646706587,0.39016318612347367,0.734686003597443,1047
1581,0.7838855421686747,0.6801613987895091,0.30447499268792044,0.9462949101796407,0.39016318612347367,0.7320234704790919,1041
1582,0.7823795180722891,0.679892400806994,0.3038900263234864,0.9459206586826348,0.39016318612347367,0.7311359594396416,1039
1583,0.786144578313253,0.6805648957632818,0.30535244223457153,0.9468562874251497,0.39016318612347367,0.7333547370382674,1044
1584,0.7853915662650602,0.6804303967720242,0.3050599590523545,0.9466691616766467,0.39016318612347367,0.7329109815185422,1043
1585,0.7786144578313253,0.6792199058507061,0.3024276104124013,0.9449850299401198,0.39016318612347367,0.7289171818410157,1034
1586,0.7838855421686747,0.6801613987895091,0.30447499268792044,0.9462949101796407,0.39016318612347367,0.7320234704790919,1041
1587,0.7876506024096386,0.680833893745797,0.30593740859900553,0.9472305389221557,0.39016318612347367,0.7342422480777178,1046
1588,0.7793674698795181,0.6793544048419636,0.3027200935946183,0.9451721556886228,0.39016318612347367,0.7293609373607408,1035
1589,0.7808734939759037,0.6796234028244789,0.3033050599590524,0.9455464071856288,0.39016318612347367,0.7302484484001912,1037
1590,0.7831325301204819,0.6800268997982515,0.3041825095057034,0.9461077844311377,0.39016318612347367,0.7315797149593667,1040
1591,0.7853915662650602,0.6804303967720242,0.3050599590523545,0.9466691616766467,0.39016318612347367,0.7329109815185422,1043
1592,0.7838855421686747,0.6801613987895091,0.30447499268792044,0.9462949101796407,0.39016318612347367,0.7320234704790919,1041
1593,0.7853915662650602,0.6804303967720242,0.3050599590523545,0.9466691616766467,0.39016318612347367,0.7329109815185422,1043
1594,0.7853915662650602,0.6804303967720242,0.3050599590523545,0.9466691616766467,0.39016318612347367,0.7329109815185422,1043
1595,0.7853915662650602,0.6804303967720242,0.3050599590523545,0.9466691616766467,0.39016318612347367,0.7329109815185422,1043
1596,0.7831325301204819,0.6800268997982515,0.3041825095057034,0.9461077844311377,0.39016318612347367,0.7315797149593667,1040
1597,0.7823795180722891,0.679892400806994,0.3038900263234864,0.9459206586826348,0.39016318612347367,0.7311359594396416,1039
1598,0.7846385542168675,0.6802958977807666,0.30476747587013747,0.9464820359281437,0.39016318612347367,0.732467225998817,1042
1599,0.7846385542168675,0.6802958977807666,0.30476747587013747,0.9464820359281437,0.39016318612347367,0.732467225998817,1042
1600,0.7838855421686747,0.6801613987895091,0.30447499268792044,0.9462949101796407,0.39016318612347367,0.7320234704790919,1041
1601,0.7793674698795181,0.6793544048419636,0.3027200935946183,0.9451721556886228,0.39016318612347367,0.7293609373607408,1035
1602,0.7771084337349398,0.678950907868191,0.30184264404796723,0.9446107784431138,0.39016318612347367,0.7280296708015654,1032
1603,0.7876506024096386,0.680833893745797,0.30593740859900553,0.9472305389221557,0.39016318612347367,0.7342422480777178,1046
1604,0.7793674698795181,0.6793544048419636,0.3027200935946183,0.9451721556886228,0.39016318612347367,0.7293609373607408,1035
1605,0.7868975903614458,0.6806993947545393,0.30564492541678856,0.9470434131736527,0.39016318612347367,0.7337984925579926,1045
1606,0.7816265060240963,0.6797579018157364,0.30359754314126935,0.9457335329341318,0.39016318612347367,0.7306922039199164,1038
1607,0.7838855421686747,0.6801613987895091,0.30447499268792044,0.9462949101796407,0.39016318612347367,0.7320234704790919,1041
1608,0.7846385542168675,0.6802958977807666,0.30476747587013747,0.9464820359281437,0.39016318612347367,0.732467225998817,1042
1609,0.7876506024096386,0.680833893745797,0.30593740859900553,0.9472305389221557,0.39016318612347367,0.7342422480777178,1046
1610,0.7816265060240963,0.6797579018157364,0.30359754314126935,0.9457335329341318,0.39016318612347367,0.7306922039199164,1038
1611,0.7771084337349398,0.678950907868191,0.30184264404796723,0.9446107784431138,0.39016318612347367,0.7280296708015654,1032
1612,0.7823795180722891,0.679892400806994,0.3038900263234864,0.9459206586826348,0.39016318612347367,0.7311359594396416,1039
1613,0.7853915662650602,0.6804303967720242,0.3050599590523545,0.9466691616766467,0.39016318612347367,0.7329109815185422,1043
1614,0.7899096385542169,0.6812373907195696,0.3068148581456566,0.9477919161676647,0.39016318612347367,0.7355735146368932,1049
1615,0.7816265060240963,0.6797579018157364,0.30359754314126935,0.9457335329341318,0.39016318612347367,0.7306922039199164,1038
1616,0.7816265060240963,0.6797579018157364,0.30359754314126935,0.9457335329341318,0.39016318612347367,0.7306922039199164,1038
1617,0.7906626506024096,0.6813718897108272,0.30710734132787365,0.9479790419161677,0.39016318612347367,0.7360172701566183,1050
1618,0.7771084337349398,0.678950907868191,0.30184264404796723,0.9446107784431138,0.39016318612347367,0.7280296708015654,1032
1619,0.7853915662650602,0.6804303967720242,0.3050599590523545,0.9466691616766467,0.39016318612347367,0.7329109815185422,1043
1620,0.7891566265060241,0.6811028917283121,0.3065223749634396,0.9476047904191617,0.39016318612347367,0.7351297591171682,1048
1621,0.7793674698795181,0.6793544048419636,0.3027200935946183,0.9451721556886228,0.39016318612347367,0.7293609373607408,1035
1622,0.7868975903614458,0.6806993947545393,0.30564492541678856,0.9470434131736527,0.39016318612347367,0.7337984925579926,1045
1623,0.7816265060240963,0.6797579018157364,0.30359754314126935,0.9457335329341318,0.39016318612347367,0.7306922039199164,1038
1624,0.7786144578313253,0.6792199058507061,0.3024276104124013,0.9449850299401198,0.39016318612347367,0.7289171818410157,1034
1625,0.7831325301204819,0.6800268997982515,0.3041825095057034,0.9461077844311377,0.39016318612347367,0.7315797149593667,1040
1626,0.7816265060240963,0.6797579018157364,0.30359754314126935,0.9457335329341318,0.39016318612347367,0.7306922039199164,1038
1627,0.7846385542168675,0.6802958977807666,0.30476747587013747,0.9464820359281437,0.39016318612347367,0.732467225998817,1042
1628,0.7816265060240963,0.6797579018157364,0.30359754314126935,0.9457335329341318,0.39016318612347367,0.7306922039199164,1038
1629,0.7808734939759037,0.6796234028244789,0.3033050599590524,0.9455464071856288,0.39016318612347367,0.7302484484001912,1037
1630,0.7884036144578314,0.6809683927370545,0.30622989178122256,0.9474176646706587,0.39016318612347367,0.734686003597443,1047
1631,0.7823795180722891,0.679892400806994,0.3038900263234864,0.9459206586826348,0.39016318612347367,0.7311359594396416,1039
1632,0.7838855421686747,0.6801613987895091,0.30447499268792044,0.9462949101796407,0.39016318612347367,0.7320234704790919,1041
1633,0.786144578313253,0.6805648957632818,0.30535244223457153,0.9468562874251497,0.39016318612347367,0.7333547370382674,1044
1634,0.7808734939759037,0.6796234028244789,0.3033050599590524,0.9455464071856288,0.39016318612347367,0.7302484484001912,1037
1635,0.7786144578313253,0.6792199058507061,0.3024276104124013,0.9449850299401198,0.39016318612347367,0.7289171818410157,1034
1636,0.7876506024096386,0.680833893745797,0.30593740859900553,0.9472305389221557,0.39016318612347367,0.7342422480777178,1046
1637,0.786144578313253,0.6805648957632818,0.30535244223457153,0.9468562874251497,0.39016318612347367,0.7333547370382674,1044
1638,0.7838855421686747,0.6801613987895091,0.30447499268792044,0.9462949101796407,0.39016318612347367,0.7320234704790919,1041
1639,0.7793674698795181,0.6793544048419636,0.3027200935946183,0.9451721556886228,0.39016318612347367,0.7293609373607408,1035
1640,0.7801204819277109,0.6794889038332212,0.30301257677683535,0.9453592814371258,0.39016318612347367,0.729804692880466,1036
1641,0.7786144578313253,0.6792199058507061,0.3024276104124013,0.9449850299401198,0.39016318612347367,0.7289171818410157,1034
1642,0.7816265060240963,0.6797579018157364,0.30359754314126935,0.9457335329341318,0.39016318612347367,0.7306922039199164,1038
1643,0.7831325301204819,0.6800268997982515,0.3041825095057034,0.9461077844311377,0.39016318612347367,0.7315797149593667,1040
1644,0.7793674698795181,0.6793544048419636,0.3027200935946183,0.9451721556886228,0.39016318612347367,0.7293609373607408,1035
1645,0.7831325301204819,0.6800268997982515,0.3041825095057034,0.9461077844311377,0.39016318612347367,0.7315797149593667,1040
1646,0.7868975903614458,0.6806993947545393,0.30564492541678856,0.9470434131736527,0.39016318612347367,0.7337984925579926,1045
1647,0.7778614457831325,0.6790854068594485,0.30213512723018426,0.9447979041916168,0.39016318612347367,0.7284734263212905,1033
1648,0.7884036144578314,0.6809683927370545,0.30622989178122256,0.9474176646706587,0.39016318612347367,0.734686003597443,1047
1649,0.7831325301204819,0.6800268997982515,0.3041825095057034,0.9461077844311377,0.39016318612347367,0.7315797149593667,1040
1650,0.7838855421686747,0.6801613987895091,0.30447499268792044,0.9462949101796407,0.39016318612347367,0.7320234704790919,1041
1651,0.7853915662650602,0.6804303967720242,0.3050599590523545,0.9466691616766467,0.39016318612347367,0.7329109815185422,1043
1652,0.7838855421686747,0.6801613987895091,0.30447499268792044,0.9462949101796407,0.39016318612347367,0.7320234704790919,1041
1653,0.7838855421686747,0.6801613987895091,0.30447499268792044,0.9462949101796407,0.39016318612347367,0.7320234704790919,1041
1654,0.7756024096385542,0.6786819098856759,0.3012576776835332,0.9442365269461078,0.39016318612347367,0.727142159762115,1030
1655,0.7838855421686747,0.6801613987895091,0.30447499268792044,0.9462949101796407,0.39016318612347367,0.7320234704790919,1041
1656,0.7906626506024096,0.6813718897108272,0.30710734132787365,0.9479790419161677,0.39016318612347367,0.7360172701566183,1050
1657,0.7929216867469879,0.6817753866845999,0.30798479087452474,0.9485404191616766,0.39016318612347367,0.7373485367157939,1053
1658,0.7831325301204819,0.6800268997982515,0.3041825095057034,0.9461077844311377,0.39016318612347367,0.7315797149593667,1040
1659,0.7876506024096386,0.680833893745797,0.30593740859900553,0.9472305389221557,0.39016318612347367,0.7342422480777178,1046
1660,0.7823795180722891,0.679892400806994,0.3038900263234864,0.9459206586826348,0.39016318612347367,0.7311359594396416,1039
1661,0.7846385542168675,0.6802958977807666,0.30476747587013747,0.9464820359281437,0.39016318612347367,0.732467225998817,1042
1662,0.7853915662650602,0.6804303967720242,0.3050599590523545,0.9466691616766467,0.39016318612347367,0.7329109815185422,1043
1663,0.7921686746987951,0.6816408876933423,0.3076923076923077,0.9483532934131736,0.39016318612347367,0.7369047811960687,1052
1664,0.7831325301204819,0.6800268997982515,0.3041825095057034,0.9461077844311377,0.39016318612347367,0.7315797149593667,1040
1665,0.7868975903614458,0.6806993947545393,0.30564492541678856,0.9470434131736527,0.39016318612347367,0.7337984925579926,1045
1666,0.786144578313253,0.6805648957632818,0.30535244223457153,0.9468562874251497,0.39016318612347367,0.7333547370382674,1044
1667,0.7823795180722891,0.679892400806994,0.3038900263234864,0.9459206586826348,0.39016318612347367,0.7311359594396416,1039
1668,0.7793674698795181,0.6793544048419636,0.3027200935946183,0.9451721556886228,0.39016318612347367,0.7293609373607408,1035
1669,0.7793674698795181,0.6793544048419636,0.3027200935946183,0.9451721556886228,0.39016318612347367,0.7293609373607408,1035
1670,0.7884036144578314,0.6809683927370545,0.30622989178122256,0.9474176646706587,0.39016318612347367,0.734686003597443,1047
1671,0.7838855421686747,0.6801613987895091,0.30447499268792044,0.9462949101796407,0.39016318612347367,0.7320234704790919,1041
1672,0.7793674698795181,0.6793544048419636,0.3027200935946183,0.9451721556886228,0.39016318612347367,0.7293609373607408,1035
1673,0.7801204819277109,0.6794889038332212,0.30301257677683535,0.9453592814371258,0.39016318612347367,0.729804692880466,1036
1674,0.7831325301204819,0.6800268997982515,0.3041825095057034,0.9461077844311377,0.39016318612347367,0.7315797149593667,1040
1675,0.7831325301204819,0.6800268997982515,0.3041825095057034,0.9461077844311377,0.39016318612347367,0.7315797149593667,1040
1676,0.7838855421686747,0.6801613987895091,0.30447499268792044,0.9462949101796407,0.39016318612347367,0.7320234704790919,1041
1677,0.7801204819277109,0.6794889038332212,0.30301257677683535,0.9453592814371258,0.39016318612347367,0.729804692880466,1036
1678,0.7846385542168675,0.6802958977807666,0.30476747587013747,0.9464820359281437,0.39016318612347367,0.732467225998817,1042
1679,0.7816265060240963,0.6797579018157364,0.30359754314126935,0.9457335329341318,0.39016318612347367,0.7306922039199164,1038
1680,0.7793674698795181,0.6793544048419636,0.3027200935946183,0.9451721556886228,0.39016318612347367,0.7293609373607408,1035
1681,0.7831325301204819,0.6800268997982515,0.3041825095057034,0.9461077844311377,0.39016318612347367,0.7315797149593667,1040
1682,0.786144578313253,0.6805648957632818,0.30535244223457153,0.9468562874251497,0.39016318612347367,0.7333547370382674,1044
1683,0.7816265060240963,0.6797579018157364,0.30359754314126935,0.9457335329341318,0.39016318612347367,0.7306922039199164,1038
1684,0.7846385542168675,0.6802958977807666,0.30476747587013747,0.9464820359281437,0.39016318612347367,0.732467225998817,1042
1685,0.7816265060240963,0.6797579018157364,0.30359754314126935,0.9457335329341318,0.39016318612347367,0.7306922039199164,1038
1686,0.7884036144578314,0.6809683927370545,0.30622989178122256,0.9474176646706587,0.39016318612347367,0.734686003597443,1047
1687,0.7823795180722891,0.679892400806994,0.3038900263234864,0.9459206586826348,0.39016318612347367,0.7311359594396416,1039
1688,0.7966867469879518,0.6824478816408877,0.30944720678560983,0.9494760479041916,0.39016318612347367,0.7395673143144197,1058
1689,0.7838855421686747,0.6801613987895091,0.30447499268792044,0.9462949101796407,0.39016318612347367,0.7320234704790919,1041
1690,0.7868975903614458,0.6806993947545393,0.30564492541678856,0.9470434131736527,0.39016318612347367,0.7337984925579926,1045
1691,0.7816265060240963,0.6797579018157364,0.30359754314126935,0.9457335329341318,0.39016318612347367,0.7306922039199164,1038
1692,0.7801204819277109,0.6794889038332212,0.30301257677683535,0.9453592814371258,0.39016318612347367,0.729804692880466,1036
1693,0.7801204819277109,0.6794889038332212,0.30301257677683535,0.9453592814371258,0.39016318612347367,0.729804692880466,1036
1694,0.7808734939759037,0.6796234028244789,0.3033050599590524,0.9455464071856288,0.39016318612347367,0.7302484484001912,1037
1695,0.7921686746987951,0.6816408876933423,0.3076923076923077,0.9483532934131736,0.39016318612347367,0.7369047811960687,1052
1696,0.7801204819277109,0.6794889038332212,0.30301257677683535,0.9453592814371258,0.39016318612347367,0.729804692880466,1036
1697,0.7906626506024096,0.6813718897108272,0.30710734132787365,0.9479790419161677,0.39016318612347367,0.7360172701566183,1050
1698,0.786144578313253,0.6805648957632818,0.30535244223457153,0.9468562874251497,0.39016318612347367,0.7333547370382674,1044
1699,0.7823795180722891,0.679892400806994,0.3038900263234864,0.9459206586826348,0.39016318612347367,0.7311359594396416,1039
1700,0.776355421686747,0.6788164088769334,0.3015501608657502,0.9444236526946108,0.39016318612347367,0.7275859152818402,1031
1701,0.786144578313253,0.6805648957632818,0.30535244223457153,0.9468562874251497,0.39016318612347367,0.7333547370382674,1044
1702,0.7853915662650602,0.6804303967720242,0.3050599590523545,0.9466691616766467,0.39016318612347367,0.7329109815185422,1043
1703,0.776355421686747,0.6788164088769334,0.3015501608657502,0.9444236526946108,0.39016318612347367,0.7275859152818402,1031
1704,0.7801204819277109,0.6794889038332212,0.30301257677683535,0.9453592814371258,0.39016318612347367,0.729804692880466,1036
1705,0.7808734939759037,0.6796234028244789,0.3033050599590524,0.9455464071856288,0.39016318612347367,0.7302484484001912,1037
1706,0.7823795180722891,0.679892400806994,0.3038900263234864,0.9459206586826348,0.39016318612347367,0.7311359594396416,1039
1707,0.7786144578313253,0.6792199058507061,0.3024276104124013,0.9449850299401198,0.39016318612347367,0.7289171818410157,1034
1708,0.7801204819277109,0.6794889038332212,0.30301257677683535,0.9453592814371258,0.39016318612347367,0.729804692880466,1036
1709,0.786144578313253,0.6805648957632818,0.30535244223457153,0.9468562874251497,0.39016318612347367,0.7333547370382674,1044
1710,0.7808734939759037,0.6796234028244789,0.3033050599590524,0.9455464071856288,0.39016318612347367,0.7302484484001912,1037
1711,0.7936746987951807,0.6819098856758574,0.3082772740567417,0.9487275449101796,0.39016318612347367,0.7377922922355191,1054
1712,0.7801204819277109,0.6794889038332212,0.30301257677683535,0.9453592814371258,0.39016318612347367,0.729804692880466,1036
1713,0.7786144578313253,0.6792199058507061,0.3024276104124013,0.9449850299401198,0.39016318612347367,0.7289171818410157,1034
1714,0.7786144578313253,0.6792199058507061,0.3024276104124013,0.9449850299401198,0.39016318612347367,0.7289171818410157,1034
1715,0.7831325301204819,0.6800268997982515,0.3041825095057034,0.9461077844311377,0.39016318612347367,0.7315797149593667,1040
1716,0.7899096385542169,0.6812373907195696,0.3068148581456566,0.9477919161676647,0.39016318612347367,0.7355735146368932,1049
1717,0.7884036144578314,0.6809683927370545,0.30622989178122256,0.9474176646706587,0.39016318612347367,0.734686003597443,1047
1718,0.7801204819277109,0.6794889038332212,0.30301257677683535,0.9453592814371258,0.39016318612347367,0.729804692880466,1036
1719,0.7808734939759037,0.6796234028244789,0.3033050599590524,0.9455464071856288,0.39016318612347367,0.7302484484001912,1037
1720,0.7801204819277109,0.6794889038332212,0.30301257677683535,0.9453592814371258,0.39016318612347367,0.729804692880466,1036
1721,0.7868975903614458,0.6806993947545393,0.30564492541678856,0.9470434131736527,0.39016318612347367,0.7337984925579926,1045
1722,0.7808734939759037,0.6796234028244789,0.3033050599590524,0.9455464071856288,0.39016318612347367,0.7302484484001912,1037
1723,0.7838855421686747,0.6801613987895091,0.30447499268792044,0.9462949101796407,0.39016318612347367,0.7320234704790919,1041
1724,0.7816265060240963,0.6797579018157364,0.30359754314126935,0.9457335329341318,0.39016318612347367,0.7306922039199164,1038
1725,0.7823795180722891,0.679892400806994,0.3038900263234864,0.9459206586826348,0.39016318612347367,0.7311359594396416,1039
1726,0.7801204819277109,0.6794889038332212,0.30301257677683535,0.9453592814371258,0.39016318612347367,0.729804692880466,1036
1727,0.7793674698795181,0.6793544048419636,0.3027200935946183,0.9451721556886228,0.39016318612347367,0.7293609373607408,1035
1728,0.7793674698795181,0.6793544048419636,0.3027200935946183,0.9451721556886228,0.39016318612347367,0.7293609373607408,1035
1729,0.7823795180722891,0.679892400806994,0.3038900263234864,0.9459206586826348,0.39016318612347367,0.7311359594396416,1039
1730,0.7823795180722891,0.679892400806994,0.3038900263234864,0.9459206586826348,0.39016318612347367,0.7311359594396416,1039
1731,0.7868975903614458,0.6806993947545393,0.30564492541678856,0.9470434131736527,0.39016318612347367,0.7337984925579926,1045
1732,0.7801204819277109,0.6794889038332212,0.30301257677683535,0.9453592814371258,0.39016318612347367,0.729804692880466,1036
1733,0.776355421686747,0.6788164088769334,0.3015501608657502,0.9444236526946108,0.39016318612347367,0.7275859152818402,1031
1734,0.7868975903614458,0.6806993947545393,0.30564492541678856,0.9470434131736527,0.39016318612347367,0.7337984925579926,1045
1735,0.7786144578313253,0.6792199058507061,0.3024276104124013,0.9449850299401198,0.39016318612347367,0.7289171818410157,1034
1736,0.786144578313253,0.6805648957632818,0.30535244223457153,0.9468562874251497,0.39016318612347367,0.7333547370382674,1044
1737,0.7816265060240963,0.6797579018157364,0.30359754314126935,0.9457335329341318,0.39016318612347367,0.7306922039199164,1038
1738,0.7868975903614458,0.6806993947545393,0.30564492541678856,0.9470434131736527,0.39016318612347367,0.7337984925579926,1045
1739,0.7778614457831325,0.6790854068594485,0.30213512723018426,0.9447979041916168,0.39016318612347367,0.7284734263212905,1033
1740,0.7801204819277109,0.6794889038332212,0.30301257677683535,0.9453592814371258,0.39016318612347367,0.729804692880466,1036
1741,0.7868975903614458,0.6806993947545393,0.30564492541678856,0.9470434131736527,0.39016318612347367,0.7337984925579926,1045
1742,0.786144578313253,0.6805648957632818,0.30535244223457153,0.9468562874251497,0.39016318612347367,0.7333547370382674,1044
1743,0.7876506024096386,0.680833893745797,0.30593740859900553,0.9472305389221557,0.39016318612347367,0.7342422480777178,1046
1744,0.7876506024096386,0.680833893745797,0.30593740859900553,0.9472305389221557,0.39016318612347367,0.7342422480777178,1046
1745,0.7876506024096386,0.680833893745797,0.30593740859900553,0.9472305389221557,0.39016318612347367,0.7342422480777178,1046
1746,0.7831325301204819,0.6800268997982515,0.3041825095057034,0.9461077844311377,0.39016318612347367,0.7315797149593667,1040
1747,0.7853915662650602,0.6804303967720242,0.3050599590523545,0.9466691616766467,0.39016318612347367,0.7329109815185422,1043
1748,0.7823795180722891,0.679892400806994,0.3038900263234864,0.9459206586826348,0.39016318612347367,0.7311359594396416,1039
1749,0.7899096385542169,0.6812373907195696,0.3068148581456566,0.9477919161676647,0.39016318612347367,0.7355735146368932,1049
1750,0.7838855421686747,0.6801613987895091,0.30447499268792044,0.9462949101796407,0.39016318612347367,0.7320234704790919,1041
1751,0.7793674698795181,0.6793544048419636,0.3027200935946183,0.9451721556886228,0.39016318612347367,0.7293609373607408,1035
1752,0.7853915662650602,0.6804303967720242,0.3050599590523545,0.9466691616766467,0.39016318612347367,0.7329109815185422,1043
1753,0.7853915662650602,0.6804303967720242,0.3050599590523545,0.9466691616766467,0.39016318612347367,0.7329109815185422,1043
1754,0.7801204819277109,0.6794889038332212,0.30301257677683535,0.9453592814371258,0.39016318612347367,0.729804692880466,1036
1755,0.786144578313253,0.6805648957632818,0.30535244223457153,0.9468562874251497,0.39016318612347367,0.7333547370382674,1044
1756,0.7801204819277109,0.6794889038332212,0.30301257677683535,0.9453592814371258,0.39016318612347367,0.729804692880466,1036
1757,0.7899096385542169,0.6812373907195696,0.3068148581456566,0.9477919161676647,0.39016318612347367,0.7355735146368932,1049
1758,0.7868975903614458,0.6806993947545393,0.30564492541678856,0.9470434131736527,0.39016318612347367,0.7337984925579926,1045
1759,0.7801204819277109,0.6794889038332212,0.30301257677683535,0.9453592814371258,0.39016318612347367,0.729804692880466,1036
1760,0.7823795180722891,0.679892400806994,0.3038900263234864,0.9459206586826348,0.39016318612347367,0.7311359594396416,1039
1761,0.7868975903614458,0.6806993947545393,0.30564492541678856,0.9470434131736527,0.39016318612347367,0.7337984925579926,1045
1762,0.7884036144578314,0.6809683927370545,0.30622989178122256,0.9474176646706587,0.39016318612347367,0.734686003597443,1047
1763,0.7816265060240963,0.6797579018157364,0.30359754314126935,0.9457335329341318,0.39016318612347367,0.7306922039199164,1038
1764,0.7816265060240963,0.6797579018157364,0.30359754314126935,0.9457335329341318,0.39016318612347367,0.7306922039199164,1038
1765,0.7808734939759037,0.6796234028244789,0.3033050599590524,0.9455464071856288,0.39016318612347367,0.7302484484001912,1037
1766,0.7816265060240963,0.6797579018157364,0.30359754314126935,0.9457335329341318,0.39016318612347367,0.7306922039199164,1038
1767,0.7823795180722891,0.679892400806994,0.3038900263234864,0.9459206586826348,0.39016318612347367,0.7311359594396416,1039
1768,0.7816265060240963,0.6797579018157364,0.30359754314126935,0.9457335329341318,0.39016318612347367,0.7306922039199164,1038
1769,0.7868975903614458,0.6806993947545393,0.30564492541678856,0.9470434131736527,0.39016318612347367,0.7337984925579926,1045
1770,0.7846385542168675,0.6802958977807666,0.30476747587013747,0.9464820359281437,0.39016318612347367,0.732467225998817,1042
1771,0.7899096385542169,0.6812373907195696,0.3068148581456566,0.9477919161676647,0.39016318612347367,0.7355735146368932,1049
1772,0.7868975903614458,0.6806993947545393,0.30564492541678856,0.9470434131736527,0.39016318612347367,0.7337984925579926,1045
1773,0.7831325301204819,0.6800268997982515,0.3041825095057034,0.9461077844311377,0.39016318612347367,0.7315797149593667,1040
1774,0.7853915662650602,0.6804303967720242,0.3050599590523545,0.9466691616766467,0.39016318612347367,0.7329109815185422,1043
1775,0.7846385542168675,0.6802958977807666,0.30476747587013747,0.9464820359281437,0.39016318612347367,0.732467225998817,1042
1776,0.7884036144578314,0.6809683927370545,0.30622989178122256,0.9474176646706587,0.39016318612347367,0.734686003597443,1047
1777,0.7868975903614458,0.6806993947545393,0.30564492541678856,0.9470434131736527,0.39016318612347367,0.7337984925579926,1045
1778,0.7899096385542169,0.6812373907195696,0.3068148581456566,0.9477919161676647,0.39016318612347367,0.7355735146368932,1049
1779,0.7868975903614458,0.6806993947545393,0.30564492541678856,0.9470434131736527,0.39016318612347367,0.7337984925579926,1045
1780,0.7891566265060241,0.6811028917283121,0.3065223749634396,0.9476047904191617,0.39016318612347367,0.7351297591171682,1048
1781,0.7831325301204819,0.6800268997982515,0.3041825095057034,0.9461077844311377,0.39016318612347367,0.7315797149593667,1040
1782,0.7808734939759037,0.6796234028244789,0.3033050599590524,0.9455464071856288,0.39016318612347367,0.7302484484001912,1037
1783,0.7831325301204819,0.6800268997982515,0.3041825095057034,0.9461077844311377,0.39016318612347367,0.7315797149593667,1040
1784,0.7846385542168675,0.6802958977807666,0.30476747587013747,0.9464820359281437,0.39016318612347367,0.732467225998817,1042
1785,0.7808734939759037,0.6796234028244789,0.3033050599590524,0.9455464071856288,0.39016318612347367,0.7302484484001912,1037
1786,0.7793674698795181,0.6793544048419636,0.3027200935946183,0.9451721556886228,0.39016318612347367,0.7293609373607408,1035
1787,0.7838855421686747,0.6801613987895091,0.30447499268792044,0.9462949101796407,0.39016318612347367,0.7320234704790919,1041
1788,0.7816265060240963,0.6797579018157364,0.30359754314126935,0.9457335329341318,0.39016318612347367,0.7306922039199164,1038
1789,0.786144578313253,0.6805648957632818,0.30535244223457153,0.9468562874251497,0.39016318612347367,0.7333547370382674,1044
1790,0.786144578313253,0.6805648957632818,0.30535244223457153,0.9468562874251497,0.39016318612347367,0.7333547370382674,1044
1791,0.7899096385542169,0.6812373907195696,0.3068148581456566,0.9477919161676647,0.39016318612347367,0.7355735146368932,1049
1792,0.7868975903614458,0.6806993947545393,0.30564492541678856,0.9470434131736527,0.39016318612347367,0.7337984925579926,1045
1793,0.7816265060240963,0.6797579018157364,0.30359754314126935,0.9457335329341318,0.39016318612347367,0.7306922039199164,1038
1794,0.786144578313253,0.6805648957632818,0.30535244223457153,0.9468562874251497,0.39016318612347367,0.7333547370382674,1044
1795,0.786144578313253,0.6805648957632818,0.30535244223457153,0.9468562874251497,0.39016318612347367,0.7333547370382674,1044
1796,0.7816265060240963,0.6797579018157364,0.30359754314126935,0.9457335329341318,0.39016318612347367,0.7306922039199164,1038
1797,0.7808734939759037,0.6796234028244789,0.3033050599590524,0.9455464071856288,0.39016318612347367,0.7302484484001912,1037
1798,0.7891566265060241,0.6811028917283121,0.3065223749634396,0.9476047904191617,0.39016318612347367,0.7351297591171682,1048
1799,0.7846385542168675,0.6802958977807666,0.30476747587013747,0.9464820359281437,0.39016318612347367,0.732467225998817,1042
1800,0.7823795180722891,0.679892400806994,0.3038900263234864,0.9459206586826348,0.39016318612347367,0.7311359594396416,1039
1801,0.7801204819277109,0.6794889038332212,0.30301257677683535,0.9453592814371258,0.39016318612347367,0.729804692880466,1036
1802,0.7868975903614458,0.6806993947545393,0.30564492541678856,0.9470434131736527,0.39016318612347367,0.7337984925579926,1045
1803,0.7853915662650602,0.6804303967720242,0.3050599590523545,0.9466691616766467,0.39016318612347367,0.7329109815185422,1043
1804,0.7808734939759037,0.6796234028244789,0.3033050599590524,0.9455464071856288,0.39016318612347367,0.7302484484001912,1037
1805,0.7801204819277109,0.6794889038332212,0.30301257677683535,0.9453592814371258,0.39016318612347367,0.729804692880466,1036
1806,0.7838855421686747,0.6801613987895091,0.30447499268792044,0.9462949101796407,0.39016318612347367,0.7320234704790919,1041
1807,0.7891566265060241,0.6811028917283121,0.3065223749634396,0.9476047904191617,0.39016318612347367,0.7351297591171682,1048
1808,0.786144578313253,0.6805648957632818,0.30535244223457153,0.9468562874251497,0.39016318612347367,0.7333547370382674,1044
1809,0.7868975903614458,0.6806993947545393,0.30564492541678856,0.9470434131736527,0.39016318612347367,0.7337984925579926,1045
1810,0.7884036144578314,0.6809683927370545,0.30622989178122256,0.9474176646706587,0.39016318612347367,0.734686003597443,1047
1811,0.7778614457831325,0.6790854068594485,0.30213512723018426,0.9447979041916168,0.39016318612347367,0.7284734263212905,1033
1812,0.776355421686747,0.6788164088769334,0.3015501608657502,0.9444236526946108,0.39016318612347367,0.7275859152818402,1031
1813,0.7838855421686747,0.6801613987895091,0.30447499268792044,0.9462949101796407,0.39016318612347367,0.7320234704790919,1041
1814,0.7793674698795181,0.6793544048419636,0.3027200935946183,0.9451721556886228,0.39016318612347367,0.7293609373607408,1035
1815,0.7899096385542169,0.6812373907195696,0.3068148581456566,0.9477919161676647,0.39016318612347367,0.7355735146368932,1049
1816,0.7884036144578314,0.6809683927370545,0.30622989178122256,0.9474176646706587,0.39016318612347367,0.734686003597443,1047
1817,0.7756024096385542,0.6786819098856759,0.3012576776835332,0.9442365269461078,0.39016318612347367,0.727142159762115,1030
1818,0.7846385542168675,0.6802958977807666,0.30476747587013747,0.9464820359281437,0.39016318612347367,0.732467225998817,1042
1819,0.7823795180722891,0.679892400806994,0.3038900263234864,0.9459206586826348,0.39016318612347367,0.7311359594396416,1039
1820,0.7891566265060241,0.6811028917283121,0.3065223749634396,0.9476047904191617,0.39016318612347367,0.7351297591171682,1048
1821,0.7868975903614458,0.6806993947545393,0.30564492541678856,0.9470434131736527,0.39016318612347367,0.7337984925579926,1045
1822,0.7816265060240963,0.6797579018157364,0.30359754314126935,0.9457335329341318,0.39016318612347367,0.7306922039199164,1038
1823,0.7756024096385542,0.6786819098856759,0.3012576776835332,0.9442365269461078,0.39016318612347367,0.727142159762115,1030
1824,0.7838855421686747,0.6801613987895091,0.30447499268792044,0.9462949101796407,0.39016318612347367,0.7320234704790919,1041
1825,0.7801204819277109,0.6794889038332212,0.30301257677683535,0.9453592814371258,0.39016318612347367,0.729804692880466,1036
1826,0.7838855421686747,0.6801613987895091,0.30447499268792044,0.9462949101796407,0.39016318612347367,0.7320234704790919,1041
1827,0.7793674698795181,0.6793544048419636,0.3027200935946183,0.9451721556886228,0.39016318612347367,0.7293609373607408,1035
1828,0.7838855421686747,0.6801613987895091,0.30447499268792044,0.9462949101796407,0.39016318612347367,0.7320234704790919,1041
1829,0.786144578313253,0.6805648957632818,0.30535244223457153,0.9468562874251497,0.39016318612347367,0.7333547370382674,1044
1830,0.7823795180722891,0.679892400806994,0.3038900263234864,0.9459206586826348,0.39016318612347367,0.7311359594396416,1039
1831,0.7778614457831325,0.6790854068594485,0.30213512723018426,0.9447979041916168,0.39016318612347367,0.7284734263212905,1033
1832,0.7778614457831325,0.6790854068594485,0.30213512723018426,0.9447979041916168,0.39016318612347367,0.7284734263212905,1033
1833,0.7876506024096386,0.680833893745797,0.30593740859900553,0.9472305389221557,0.39016318612347367,0.7342422480777178,1046
1834,0.7808734939759037,0.6796234028244789,0.3033050599590524,0.9455464071856288,0.39016318612347367,0.7302484484001912,1037
1835,0.7816265060240963,0.6797579018157364,0.30359754314126935,0.9457335329341318,0.39016318612347367,0.7306922039199164,1038
1836,0.7891566265060241,0.6811028917283121,0.3065223749634396,0.9476047904191617,0.39016318612347367,0.7351297591171682,1048
1837,0.7868975903614458,0.6806993947545393,0.30564492541678856,0.9470434131736527,0.39016318612347367,0.7337984925579926,1045
1838,0.7801204819277109,0.6794889038332212,0.30301257677683535,0.9453592814371258,0.39016318612347367,0.729804692880466,1036
1839,0.786144578313253,0.6805648957632818,0.30535244223457153,0.9468562874251497,0.39016318612347367,0.7333547370382674,1044
1840,0.7853915662650602,0.6804303967720242,0.3050599590523545,0.9466691616766467,0.39016318612347367,0.7329109815185422,1043
1841,0.786144578313253,0.6805648957632818,0.30535244223457153,0.9468562874251497,0.39016318612347367,0.7333547370382674,1044
1842,0.7831325301204819,0.6800268997982515,0.3041825095057034,0.9461077844311377,0.39016318612347367,0.7315797149593667,1040
1843,0.786144578313253,0.6805648957632818,0.30535244223457153,0.9468562874251497,0.39016318612347367,0.7333547370382674,1044
1844,0.7823795180722891,0.679892400806994,0.3038900263234864,0.9459206586826348,0.39016318612347367,0.7311359594396416,1039
1845,0.7884036144578314,0.6809683927370545,0.30622989178122256,0.9474176646706587,0.39016318612347367,0.734686003597443,1047
1846,0.7838855421686747,0.6801613987895091,0.30447499268792044,0.9462949101796407,0.39016318612347367,0.7320234704790919,1041
1847,0.7884036144578314,0.6809683927370545,0.30622989178122256,0.9474176646706587,0.39016318612347367,0.734686003597443,1047
1848,0.7846385542168675,0.6802958977807666,0.30476747587013747,0.9464820359281437,0.39016318612347367,0.732467225998817,1042
1849,0.7921686746987951,0.6816408876933423,0.3076923076923077,0.9483532934131736,0.39016318612347367,0.7369047811960687,1052
1850,0.7823795180722891,0.679892400806994,0.3038900263234864,0.9459206586826348,0.39016318612347367,0.7311359594396416,1039
1851,0.7868975903614458,0.6806993947545393,0.30564492541678856,0.9470434131736527,0.39016318612347367,0.7337984925579926,1045
1852,0.786144578313253,0.6805648957632818,0.30535244223457153,0.9468562874251497,0.39016318612347367,0.7333547370382674,1044
1853,0.7793674698795181,0.6793544048419636,0.3027200935946183,0.9451721556886228,0.39016318612347367,0.7293609373607408,1035
1854,0.7831325301204819,0.6800268997982515,0.3041825095057034,0.9461077844311377,0.39016318612347367,0.7315797149593667,1040
1855,0.7808734939759037,0.6796234028244789,0.3033050599590524,0.9455464071856288,0.39016318612347367,0.7302484484001912,1037
1856,0.7891566265060241,0.6811028917283121,0.3065223749634396,0.9476047904191617,0.39016318612347367,0.7351297591171682,1048
1857,0.7786144578313253,0.6792199058507061,0.3024276104124013,0.9449850299401198,0.39016318612347367,0.7289171818410157,1034
1858,0.7816265060240963,0.6797579018157364,0.30359754314126935,0.9457335329341318,0.39016318612347367,0.7306922039199164,1038
1859,0.7793674698795181,0.6793544048419636,0.3027200935946183,0.9451721556886228,0.39016318612347367,0.7293609373607408,1035
1860,0.7838855421686747,0.6801613987895091,0.30447499268792044,0.9462949101796407,0.39016318612347367,0.7320234704790919,1041
1861,0.7808734939759037,0.6796234028244789,0.3033050599590524,0.9455464071856288,0.39016318612347367,0.7302484484001912,1037
1862,0.7823795180722891,0.679892400806994,0.3038900263234864,0.9459206586826348,0.39016318612347367,0.7311359594396416,1039
1863,0.7884036144578314,0.6809683927370545,0.30622989178122256,0.9474176646706587,0.39016318612347367,0.734686003597443,1047
1864,0.7831325301204819,0.6800268997982515,0.3041825095057034,0.9461077844311377,0.39016318612347367,0.7315797149593667,1040
1865,0.776355421686747,0.6788164088769334,0.3015501608657502,0.9444236526946108,0.39016318612347367,0.7275859152818402,1031
1866,0.7793674698795181,0.6793544048419636,0.3027200935946183,0.9451721556886228,0.39016318612347367,0.7293609373607408,1035
1867,0.7831325301204819,0.6800268997982515,0.3041825095057034,0.9461077844311377,0.39016318612347367,0.7315797149593667,1040
1868,0.7891566265060241,0.6811028917283121,0.3065223749634396,0.9476047904191617,0.39016318612347367,0.7351297591171682,1048
1869,0.7838855421686747,0.6801613987895091,0.30447499268792044,0.9462949101796407,0.39016318612347367,0.7320234704790919,1041
1870,0.7808734939759037,0.6796234028244789,0.3033050599590524,0.9455464071856288,0.39016318612347367,0.7302484484001912,1037
1871,0.7891566265060241,0.6811028917283121,0.3065223749634396,0.9476047904191617,0.39016318612347367,0.7351297591171682,1048
1872,0.7808734939759037,0.6796234028244789,0.3033050599590524,0.9455464071856288,0.39016318612347367,0.7302484484001912,1037
1873,0.7831325301204819,0.6800268997982515,0.3041825095057034,0.9461077844311377,0.39016318612347367,0.7315797149593667,1040
1874,0.776355421686747,0.6788164088769334,0.3015501608657502,0.9444236526946108,0.39016318612347367,0.7275859152818402,1031
1875,0.7816265060240963,0.6797579018157364,0.30359754314126935,0.9457335329341318,0.39016318612347367,0.7306922039199164,1038
1876,0.7823795180722891,0.679892400806994,0.3038900263234864,0.9459206586826348,0.39016318612347367,0.7311359594396416,1039
1877,0.7808734939759037,0.6796234028244789,0.3033050599590524,0.9455464071856288,0.39016318612347367,0.7302484484001912,1037
1878,0.7793674698795181,0.6793544048419636,0.3027200935946183,0.9451721556886228,0.39016318612347367,0.7293609373607408,1035
1879,0.7853915662650602,0.6804303967720242,0.3050599590523545,0.9466691616766467,0.39016318612347367,0.7329109815185422,1043
1880,0.7838855421686747,0.6801613987895091,0.30447499268792044,0.9462949101796407,0.39016318612347367,0.7320234704790919,1041
1881,0.7816265060240963,0.6797579018157364,0.30359754314126935,0.9457335329341318,0.39016318612347367,0.7306922039199164,1038
1882,0.7868975903614458,0.6806993947545393,0.30564492541678856,0.9470434131736527,0.39016318612347367,0.7337984925579926,1045
1883,0.7884036144578314,0.6809683927370545,0.30622989178122256,0.9474176646706587,0.39016318612347367,0.734686003597443,1047
1884,0.7876506024096386,0.680833893745797,0.30593740859900553,0.9472305389221557,0.39016318612347367,0.7342422480777178,1046
1885,0.7816265060240963,0.6797579018157364,0.30359754314126935,0.9457335329341318,0.39016318612347367,0.7306922039199164,1038
1886,0.7786144578313253,0.6792199058507061,0.3024276104124013,0.9449850299401198,0.39016318612347367,0.7289171818410157,1034
1887,0.7921686746987951,0.6816408876933423,0.3076923076923077,0.9483532934131736,0.39016318612347367,0.7369047811960687,1052
1888,0.7808734939759037,0.6796234028244789,0.3033050599590524,0.9455464071856288,0.39016318612347367,0.7302484484001912,1037
1889,0.7808734939759037,0.6796234028244789,0.3033050599590524,0.9455464071856288,0.39016318612347367,0.7302484484001912,1037
1890,0.7778614457831325,0.6790854068594485,0.30213512723018426,0.9447979041916168,0.39016318612347367,0.7284734263212905,1033
1891,0.7846385542168675,0.6802958977807666,0.30476747587013747,0.9464820359281437,0.39016318612347367,0.732467225998817,1042
1892,0.7823795180722891,0.679892400806994,0.3038900263234864,0.9459206586826348,0.39016318612347367,0.7311359594396416,1039
1893,0.7838855421686747,0.6801613987895091,0.30447499268792044,0.9462949101796407,0.39016318612347367,0.7320234704790919,1041
1894,0.7808734939759037,0.6796234028244789,0.3033050599590524,0.9455464071856288,0.39016318612347367,0.7302484484001912,1037
1895,0.7793674698795181,0.6793544048419636,0.3027200935946183,0.9451721556886228,0.39016318612347367,0.7293609373607408,1035
1896,0.7733433734939759,0.6782784129119032,0.30038022813688214,0.9436751497005988,0.39016318612347367,0.7258108932029395,1027
1897,0.786144578313253,0.6805648957632818,0.30535244223457153,0.9468562874251497,0.39016318612347367,0.7333547370382674,1044
1898,0.7801204819277109,0.6794889038332212,0.30301257677683535,0.9453592814371258,0.39016318612347367,0.729804692880466,1036
1899,0.7846385542168675,0.6802958977807666,0.30476747587013747,0.9464820359281437,0.39016318612347367,0.732467225998817,1042
1900,0.7846385542168675,0.6802958977807666,0.30476747587013747,0.9464820359281437,0.39016318612347367,0.732467225998817,1042
1901,0.7808734939759037,0.6796234028244789,0.3033050599590524,0.9455464071856288,0.39016318612347367,0.7302484484001912,1037
1902,0.7846385542168675,0.6802958977807666,0.30476747587013747,0.9464820359281437,0.39016318612347367,0.732467225998817,1042
1903,0.7808734939759037,0.6796234028244789,0.3033050599590524,0.9455464071856288,0.39016318612347367,0.7302484484001912,1037
1904,0.7823795180722891,0.679892400806994,0.3038900263234864,0.9459206586826348,0.39016318612347367,0.7311359594396416,1039
1905,0.7853915662650602,0.6804303967720242,0.3050599590523545,0.9466691616766467,0.39016318612347367,0.7329109815185422,1043
1906,0.7868975903614458,0.6806993947545393,0.30564492541678856,0.9470434131736527,0.39016318612347367,0.7337984925579926,1045
1907,0.7816265060240963,0.6797579018157364,0.30359754314126935,0.9457335329341318,0.39016318612347367,0.7306922039199164,1038
1908,0.7914156626506024,0.6815063887020847,0.3073998245100907,0.9481661676646707,0.39016318612347367,0.7364610256763435,1051
1909,0.7846385542168675,0.6802958977807666,0.30476747587013747,0.9464820359281437,0.39016318612347367,0.732467225998817,1042
1910,0.7853915662650602,0.6804303967720242,0.3050599590523545,0.9466691616766467,0.39016318612347367,0.7329109815185422,1043
1911,0.776355421686747,0.6788164088769334,0.3015501608657502,0.9444236526946108,0.39016318612347367,0.7275859152818402,1031
1912,0.7899096385542169,0.6812373907195696,0.3068148581456566,0.9477919161676647,0.39016318612347367,0.7355735146368932,1049
1913,0.7838855421686747,0.6801613987895091,0.30447499268792044,0.9462949101796407,0.39016318612347367,0.7320234704790919,1041
1914,0.7899096385542169,0.6812373907195696,0.3068148581456566,0.9477919161676647,0.39016318612347367,0.7355735146368932,1049
1915,0.7853915662650602,0.6804303967720242,0.3050599590523545,0.9466691616766467,0.39016318612347367,0.7329109815185422,1043
1916,0.7876506024096386,0.680833893745797,0.30593740859900553,0.9472305389221557,0.39016318612347367,0.7342422480777178,1046
1917,0.7853915662650602,0.6804303967720242,0.3050599590523545,0.9466691616766467,0.39016318612347367,0.7329109815185422,1043
1918,0.7853915662650602,0.6804303967720242,0.3050599590523545,0.9466691616766467,0.39016318612347367,0.7329109815185422,1043
1919,0.7853915662650602,0.6804303967720242,0.3050599590523545,0.9466691616766467,0.39016318612347367,0.7329109815185422,1043
1920,0.7816265060240963,0.6797579018157364,0.30359754314126935,0.9457335329341318,0.39016318612347367,0.7306922039199164,1038
1921,0.7838855421686747,0.6801613987895091,0.30447499268792044,0.9462949101796407,0.39016318612347367,0.7320234704790919,1041
1922,0.795933734939759,0.6823133826496302,0.3091547236033928,0.9492889221556886,0.39016318612347367,0.7391235587946946,1057
1923,0.7838855421686747,0.6801613987895091,0.30447499268792044,0.9462949101796407,0.39016318612347367,0.7320234704790919,1041
1924,0.7853915662650602,0.6804303967720242,0.3050599590523545,0.9466691616766467,0.39016318612347367,0.7329109815185422,1043
1925,0.7816265060240963,0.6797579018157364,0.30359754314126935,0.9457335329341318,0.39016318612347367,0.7306922039199164,1038
1926,0.7853915662650602,0.6804303967720242,0.3050599590523545,0.9466691616766467,0.39016318612347367,0.7329109815185422,1043
1927,0.7921686746987951,0.6816408876933423,0.3076923076923077,0.9483532934131736,0.39016318612347367,0.7369047811960687,1052
1928,0.7838855421686747,0.6801613987895091,0.30447499268792044,0.9462949101796407,0.39016318612347367,0.7320234704790919,1041
1929,0.7831325301204819,0.6800268997982515,0.3041825095057034,0.9461077844311377,0.39016318612347367,0.7315797149593667,1040
1930,0.7823795180722891,0.679892400806994,0.3038900263234864,0.9459206586826348,0.39016318612347367,0.7311359594396416,1039
1931,0.7808734939759037,0.6796234028244789,0.3033050599590524,0.9455464071856288,0.39016318612347367,0.7302484484001912,1037
1932,0.7884036144578314,0.6809683927370545,0.30622989178122256,0.9474176646706587,0.39016318612347367,0.734686003597443,1047
1933,0.7816265060240963,0.6797579018157364,0.30359754314126935,0.9457335329341318,0.39016318612347367,0.7306922039199164,1038
1934,0.7876506024096386,0.680833893745797,0.30593740859900553,0.9472305389221557,0.39016318612347367,0.7342422480777178,1046
1935,0.786144578313253,0.6805648957632818,0.30535244223457153,0.9468562874251497,0.39016318612347367,0.7333547370382674,1044
1936,0.7853915662650602,0.6804303967720242,0.3050599590523545,0.9466691616766467,0.39016318612347367,0.7329109815185422,1043
1937,0.7853915662650602,0.6804303967720242,0.3050599590523545,0.9466691616766467,0.39016318612347367,0.7329109815185422,1043
1938,0.7876506024096386,0.680833893745797,0.30593740859900553,0.9472305389221557,0.39016318612347367,0.7342422480777178,1046
1939,0.7846385542168675,0.6802958977807666,0.30476747587013747,0.9464820359281437,0.39016318612347367,0.732467225998817,1042
1940,0.7801204819277109,0.6794889038332212,0.30301257677683535,0.9453592814371258,0.39016318612347367,0.729804692880466,1036
1941,0.7816265060240963,0.6797579018157364,0.30359754314126935,0.9457335329341318,0.39016318612347367,0.7306922039199164,1038
1942,0.7853915662650602,0.6804303967720242,0.3050599590523545,0.9466691616766467,0.39016318612347367,0.7329109815185422,1043
1943,0.7891566265060241,0.6811028917283121,0.3065223749634396,0.9476047904191617,0.39016318612347367,0.7351297591171682,1048
1944,0.7778614457831325,0.6790854068594485,0.30213512723018426,0.9447979041916168,0.39016318612347367,0.7284734263212905,1033
1945,0.7823795180722891,0.679892400806994,0.3038900263234864,0.9459206586826348,0.39016318612347367,0.7311359594396416,1039
1946,0.7771084337349398,0.678950907868191,0.30184264404796723,0.9446107784431138,0.39016318612347367,0.7280296708015654,1032
1947,0.7853915662650602,0.6804303967720242,0.3050599590523545,0.9466691616766467,0.39016318612347367,0.7329109815185422,1043
1948,0.7838855421686747,0.6801613987895091,0.30447499268792044,0.9462949101796407,0.39016318612347367,0.7320234704790919,1041
1949,0.7853915662650602,0.6804303967720242,0.3050599590523545,0.9466691616766467,0.39016318612347367,0.7329109815185422,1043
1950,0.7831325301204819,0.6800268997982515,0.3041825095057034,0.9461077844311377,0.39016318612347367,0.7315797149593667,1040
1951,0.776355421686747,0.6788164088769334,0.3015501608657502,0.9444236526946108,0.39016318612347367,0.7275859152818402,1031
1952,0.7831325301204819,0.6800268997982515,0.3041825095057034,0.9461077844311377,0.39016318612347367,0.7315797149593667,1040
1953,0.7808734939759037,0.6796234028244789,0.3033050599590524,0.9455464071856288,0.39016318612347367,0.7302484484001912,1037
1954,0.7823795180722891,0.679892400806994,0.3038900263234864,0.9459206586826348,0.39016318612347367,0.7311359594396416,1039
1955,0.7786144578313253,0.6792199058507061,0.3024276104124013,0.9449850299401198,0.39016318612347367,0.7289171818410157,1034
1956,0.7838855421686747,0.6801613987895091,0.30447499268792044,0.9462949101796407,0.39016318612347367,0.7320234704790919,1041
1957,0.7816265060240963,0.6797579018157364,0.30359754314126935,0.9457335329341318,0.39016318612347367,0.7306922039199164,1038
1958,0.7899096385542169,0.6812373907195696,0.3068148581456566,0.9477919161676647,0.39016318612347367,0.7355735146368932,1049
1959,0.7876506024096386,0.680833893745797,0.30593740859900553,0.9472305389221557,0.39016318612347367,0.7342422480777178,1046
1960,0.7846385542168675,0.6802958977807666,0.30476747587013747,0.9464820359281437,0.39016318612347367,0.732467225998817,1042
1961,0.7899096385542169,0.6812373907195696,0.3068148581456566,0.9477919161676647,0.39016318612347367,0.7355735146368932,1049
1962,0.786144578313253,0.6805648957632818,0.30535244223457153,0.9468562874251497,0.39016318612347367,0.7333547370382674,1044
1963,0.786144578313253,0.6805648957632818,0.30535244223457153,0.9468562874251497,0.39016318612347367,0.7333547370382674,1044
1964,0.7846385542168675,0.6802958977807666,0.30476747587013747,0.9464820359281437,0.39016318612347367,0.732467225998817,1042
1965,0.7868975903614458,0.6806993947545393,0.30564492541678856,0.9470434131736527,0.39016318612347367,0.7337984925579926,1045
1966,0.7823795180722891,0.679892400806994,0.3038900263234864,0.9459206586826348,0.39016318612347367,0.7311359594396416,1039
1967,0.7891566265060241,0.6811028917283121,0.3065223749634396,0.9476047904191617,0.39016318612347367,0.7351297591171682,1048
1968,0.7868975903614458,0.6806993947545393,0.30564492541678856,0.9470434131736527,0.39016318612347367,0.7337984925579926,1045
1969,0.7808734939759037,0.6796234028244789,0.3033050599590524,0.9455464071856288,0.39016318612347367,0.7302484484001912,1037
1970,0.7816265060240963,0.6797579018157364,0.30359754314126935,0.9457335329341318,0.39016318612347367,0.7306922039199164,1038
1971,0.7808734939759037,0.6796234028244789,0.3033050599590524,0.9455464071856288,0.39016318612347367,0.7302484484001912,1037
1972,0.7816265060240963,0.6797579018157364,0.30359754314126935,0.9457335329341318,0.39016318612347367,0.7306922039199164,1038
1973,0.7876506024096386,0.680833893745797,0.30593740859900553,0.9472305389221557,0.39016318612347367,0.7342422480777178,1046
1974,0.7816265060240963,0.6797579018157364,0.30359754314126935,0.9457335329341318,0.39016318612347367,0.7306922039199164,1038
1975,0.7808734939759037,0.6796234028244789,0.3033050599590524,0.9455464071856288,0.39016318612347367,0.7302484484001912,1037
1976,0.7838855421686747,0.6801613987895091,0.30447499268792044,0.9462949101796407,0.39016318612347367,0.7320234704790919,1041
1977,0.786144578313253,0.6805648957632818,0.30535244223457153,0.9468562874251497,0.39016318612347367,0.7333547370382674,1044
1978,0.7786144578313253,0.6792199058507061,0.3024276104124013,0.9449850299401198,0.39016318612347367,0.7289171818410157,1034
1979,0.786144578313253,0.6805648957632818,0.30535244223457153,0.9468562874251497,0.39016318612347367,0.7333547370382674,1044
1980,0.786144578313253,0.6805648957632818,0.30535244223457153,0.9468562874251497,0.39016318612347367,0.7333547370382674,1044
1981,0.7801204819277109,0.6794889038332212,0.30301257677683535,0.9453592814371258,0.39016318612347367,0.729804692880466,1036
1982,0.7831325301204819,0.6800268997982515,0.3041825095057034,0.9461077844311377,0.39016318612347367,0.7315797149593667,1040
1983,0.7801204819277109,0.6794889038332212,0.30301257677683535,0.9453592814371258,0.39016318612347367,0.729804692880466,1036
1984,0.7786144578313253,0.6792199058507061,0.3024276104124013,0.9449850299401198,0.39016318612347367,0.7289171818410157,1034
1985,0.786144578313253,0.6805648957632818,0.30535244223457153,0.9468562874251497,0.39016318612347367,0.7333547370382674,1044
1986,0.7891566265060241,0.6811028917283121,0.3065223749634396,0.9476047904191617,0.39016318612347367,0.7351297591171682,1048
1987,0.7808734939759037,0.6796234028244789,0.3033050599590524,0.9455464071856288,0.39016318612347367,0.7302484484001912,1037
1988,0.7786144578313253,0.6792199058507061,0.3024276104124013,0.9449850299401198,0.39016318612347367,0.7289171818410157,1034
1989,0.7816265060240963,0.6797579018157364,0.30359754314126935,0.9457335329341318,0.39016318612347367,0.7306922039199164,1038
1990,0.786144578313253,0.6805648957632818,0.30535244223457153,0.9468562874251497,0.39016318612347367,0.7333547370382674,1044
1991,0.7786144578313253,0.6792199058507061,0.3024276104124013,0.9449850299401198,0.39016318612347367,0.7289171818410157,1034
1992,0.7786144578313253,0.6792199058507061,0.3024276104124013,0.9449850299401198,0.39016318612347367,0.7289171818410157,1034
1993,0.7808734939759037,0.6796234028244789,0.3033050599590524,0.9455464071856288,0.39016318612347367,0.7302484484001912,1037
1994,0.7816265060240963,0.6797579018157364,0.30359754314126935,0.9457335329341318,0.39016318612347367,0.7306922039199164,1038
1995,0.7831325301204819,0.6800268997982515,0.3041825095057034,0.9461077844311377,0.39016318612347367,0.7315797149593667,1040
1996,0.7831325301204819,0.6800268997982515,0.3041825095057034,0.9461077844311377,0.39016318612347367,0.7315797149593667,1040
1997,0.7778614457831325,0.6790854068594485,0.30213512723018426,0.9447979041916168,0.39016318612347367,0.7284734263212905,1033
1998,0.7823795180722891,0.679892400806994,0.3038900263234864,0.9459206586826348,0.39016318612347367,0.7311359594396416,1039
1999,0.7868975903614458,0.6806993947545393,0.30564492541678856,0.9470434131736527,0.39016318612347367,0.7337984925579926,1045
2000,0.7793674698795181,0.6793544048419636,0.3027200935946183,0.9451721556886228,0.39016318612347367,0.7293609373607408,1035
2001,0.7891566265060241,0.6811028917283121,0.3065223749634396,0.9476047904191617,0.39016318612347367,0.7351297591171682,1048
2002,0.7838855421686747,0.6801613987895091,0.30447499268792044,0.9462949101796407,0.39016318612347367,0.7320234704790919,1041
2003,0.7793674698795181,0.6793544048419636,0.3027200935946183,0.9451721556886228,0.39016318612347367,0.7293609373607408,1035
2004,0.7808734939759037,0.6796234028244789,0.3033050599590524,0.9455464071856288,0.39016318612347367,0.7302484484001912,1037
2005,0.7778614457831325,0.6790854068594485,0.30213512723018426,0.9447979041916168,0.39016318612347367,0.7284734263212905,1033
2006,0.7823795180722891,0.679892400806994,0.3038900263234864,0.9459206586826348,0.39016318612347367,0.7311359594396416,1039
2007,0.7823795180722891,0.679892400806994,0.3038900263234864,0.9459206586826348,0.39016318612347367,0.7311359594396416,1039
2008,0.7816265060240963,0.6797579018157364,0.30359754314126935,0.9457335329341318,0.39016318612347367,0.7306922039199164,1038
2009,0.776355421686747,0.6788164088769334,0.3015501608657502,0.9444236526946108,0.39016318612347367,0.7275859152818402,1031
2010,0.7899096385542169,0.6812373907195696,0.3068148581456566,0.9477919161676647,0.39016318612347367,0.7355735146368932,1049
2011,0.7868975903614458,0.6806993947545393,0.30564492541678856,0.9470434131736527,0.39016318612347367,0.7337984925579926,1045
2012,0.7801204819277109,0.6794889038332212,0.30301257677683535,0.9453592814371258,0.39016318612347367,0.729804692880466,1036
2013,0.7891566265060241,0.6811028917283121,0.3065223749634396,0.9476047904191617,0.39016318612347367,0.7351297591171682,1048
2014,0.7748493975903614,0.6785474108944183,0.30096519450131615,0.9440494011976048,0.39016318612347367,0.7266984042423899,1029
2015,0.7816265060240963,0.6797579018157364,0.30359754314126935,0.9457335329341318,0.39016318612347367,0.7306922039199164,1038
2016,0.7801204819277109,0.6794889038332212,0.30301257677683535,0.9453592814371258,0.39016318612347367,0.729804692880466,1036
2017,0.7793674698795181,0.6793544048419636,0.3027200935946183,0.9451721556886228,0.39016318612347367,0.7293609373607408,1035
2018,0.7793674698795181,0.6793544048419636,0.3027200935946183,0.9451721556886228,0.39016318612347367,0.7293609373607408,1035
2019,0.7884036144578314,0.6809683927370545,0.30622989178122256,0.9474176646706587,0.39016318612347367,0.734686003597443,1047
2020,0.7838855421686747,0.6801613987895091,0.30447499268792044,0.9462949101796407,0.39016318612347367,0.7320234704790919,1041
2021,0.7891566265060241,0.6811028917283121,0.3065223749634396,0.9476047904191617,0.39016318612347367,0.7351297591171682,1048
2022,0.7868975903614458,0.6806993947545393,0.30564492541678856,0.9470434131736527,0.39016318612347367,0.7337984925579926,1045
2023,0.7876506024096386,0.680833893745797,0.30593740859900553,0.9472305389221557,0.39016318612347367,0.7342422480777178,1046
2024,0.7808734939759037,0.6796234028244789,0.3033050599590524,0.9455464071856288,0.39016318612347367,0.7302484484001912,1037
2025,0.7831325301204819,0.6800268997982515,0.3041825095057034,0.9461077844311377,0.39016318612347367,0.7315797149593667,1040
2026,0.7793674698795181,0.6793544048419636,0.3027200935946183,0.9451721556886228,0.39016318612347367,0.7293609373607408,1035
2027,0.7808734939759037,0.6796234028244789,0.3033050599590524,0.9455464071856288,0.39016318612347367,0.7302484484001912,1037
2028,0.7816265060240963,0.6797579018157364,0.30359754314126935,0.9457335329341318,0.39016318612347367,0.7306922039199164,1038
2029,0.776355421686747,0.6788164088769334,0.3015501608657502,0.9444236526946108,0.39016318612347367,0.7275859152818402,1031
2030,0.786144578313253,0.6805648957632818,0.30535244223457153,0.9468562874251497,0.39016318612347367,0.7333547370382674,1044
2031,0.7846385542168675,0.6802958977807666,0.30476747587013747,0.9464820359281437,0.39016318612347367,0.732467225998817,1042
2032,0.7831325301204819,0.6800268997982515,0.3041825095057034,0.9461077844311377,0.39016318612347367,0.7315797149593667,1040
2033,0.7884036144578314,0.6809683927370545,0.30622989178122256,0.9474176646706587,0.39016318612347367,0.734686003597443,1047
2034,0.7816265060240963,0.6797579018157364,0.30359754314126935,0.9457335329341318,0.39016318612347367,0.7306922039199164,1038
2035,0.7771084337349398,0.678950907868191,0.30184264404796723,0.9446107784431138,0.39016318612347367,0.7280296708015654,1032
2036,0.7838855421686747,0.6801613987895091,0.30447499268792044,0.9462949101796407,0.39016318612347367,0.7320234704790919,1041
2037,0.7801204819277109,0.6794889038332212,0.30301257677683535,0.9453592814371258,0.39016318612347367,0.729804692880466,1036
2038,0.7853915662650602,0.6804303967720242,0.3050599590523545,0.9466691616766467,0.39016318612347367,0.7329109815185422,1043
2039,0.7936746987951807,0.6819098856758574,0.3082772740567417,0.9487275449101796,0.39016318612347367,0.7377922922355191,1054
2040,0.7876506024096386,0.680833893745797,0.30593740859900553,0.9472305389221557,0.39016318612347367,0.7342422480777178,1046
2041,0.7906626506024096,0.6813718897108272,0.30710734132787365,0.9479790419161677,0.39016318612347367,0.7360172701566183,1050
2042,0.7838855421686747,0.6801613987895091,0.30447499268792044,0.9462949101796407,0.39016318612347367,0.7320234704790919,1041
2043,0.7846385542168675,0.6802958977807666,0.30476747587013747,0.9464820359281437,0.39016318612347367,0.732467225998817,1042
2044,0.7808734939759037,0.6796234028244789,0.3033050599590524,0.9455464071856288,0.39016318612347367,0.7302484484001912,1037
2045,0.7891566265060241,0.6811028917283121,0.3065223749634396,0.9476047904191617,0.39016318612347367,0.7351297591171682,1048
2046,0.7868975903614458,0.6806993947545393,0.30564492541678856,0.9470434131736527,0.39016318612347367,0.7337984925579926,1045
2047,0.7838855421686747,0.6801613987895091,0.30447499268792044,0.9462949101796407,0.39016318612347367,0.7320234704790919,1041
2048,0.7876506024096386,0.680833893745797,0.30593740859900553,0.9472305389221557,0.39016318612347367,0.7342422480777178,1046
2049,0.7838855421686747,0.6801613987895091,0.30447499268792044,0.9462949101796407,0.39016318612347367,0.7320234704790919,1041
2050,0.7891566265060241,0.6811028917283121,0.3065223749634396,0.9476047904191617,0.39016318612347367,0.7351297591171682,1048
2051,0.7786144578313253,0.6792199058507061,0.3024276104124013,0.9449850299401198,0.39016318612347367,0.7289171818410157,1034
2052,0.7808734939759037,0.6796234028244789,0.3033050599590524,0.9455464071856288,0.39016318612347367,0.7302484484001912,1037
2053,0.7838855421686747,0.6801613987895091,0.30447499268792044,0.9462949101796407,0.39016318612347367,0.7320234704790919,1041
2054,0.7936746987951807,0.6819098856758574,0.3082772740567417,0.9487275449101796,0.39016318612347367,0.7377922922355191,1054
2055,0.7899096385542169,0.6812373907195696,0.3068148581456566,0.9477919161676647,0.39016318612347367,0.7355735146368932,1049
2056,0.7808734939759037,0.6796234028244789,0.3033050599590524,0.9455464071856288,0.39016318612347367,0.7302484484001912,1037
2057,0.7868975903614458,0.6806993947545393,0.30564492541678856,0.9470434131736527,0.39016318612347367,0.7337984925579926,1045
2058,0.7778614457831325,0.6790854068594485,0.30213512723018426,0.9447979041916168,0.39016318612347367,0.7284734263212905,1033
2059,0.7853915662650602,0.6804303967720242,0.3050599590523545,0.9466691616766467,0.39016318612347367,0.7329109815185422,1043
2060,0.7831325301204819,0.6800268997982515,0.3041825095057034,0.9461077844311377,0.39016318612347367,0.7315797149593667,1040
2061,0.7808734939759037,0.6796234028244789,0.3033050599590524,0.9455464071856288,0.39016318612347367,0.7302484484001912,1037
2062,0.7808734939759037,0.6796234028244789,0.3033050599590524,0.9455464071856288,0.39016318612347367,0.7302484484001912,1037
2063,0.7838855421686747,0.6801613987895091,0.30447499268792044,0.9462949101796407,0.39016318612347367,0.7320234704790919,1041
2064,0.7816265060240963,0.6797579018157364,0.30359754314126935,0.9457335329341318,0.39016318612347367,0.7306922039199164,1038
2065,0.7846385542168675,0.6802958977807666,0.30476747587013747,0.9464820359281437,0.39016318612347367,0.732467225998817,1042
2066,0.786144578313253,0.6805648957632818,0.30535244223457153,0.9468562874251497,0.39016318612347367,0.7333547370382674,1044
2067,0.7838855421686747,0.6801613987895091,0.30447499268792044,0.9462949101796407,0.39016318612347367,0.7320234704790919,1041
2068,0.7831325301204819,0.6800268997982515,0.3041825095057034,0.9461077844311377,0.39016318612347367,0.7315797149593667,1040
2069,0.7951807228915663,0.6821788836583725,0.30886224042117577,0.9491017964071856,0.39016318612347367,0.7386798032749694,1056
2070,0.7786144578313253,0.6792199058507061,0.3024276104124013,0.9449850299401198,0.39016318612347367,0.7289171818410157,1034
2071,0.786144578313253,0.6805648957632818,0.30535244223457153,0.9468562874251497,0.39016318612347367,0.7333547370382674,1044
2072,0.7846385542168675,0.6802958977807666,0.30476747587013747,0.9464820359281437,0.39016318612347367,0.732467225998817,1042
2073,0.7823795180722891,0.679892400806994,0.3038900263234864,0.9459206586826348,0.39016318612347367,0.7311359594396416,1039
2074,0.776355421686747,0.6788164088769334,0.3015501608657502,0.9444236526946108,0.39016318612347367,0.7275859152818402,1031
2075,0.7816265060240963,0.6797579018157364,0.30359754314126935,0.9457335329341318,0.39016318612347367,0.7306922039199164,1038
2076,0.7816265060240963,0.6797579018157364,0.30359754314126935,0.9457335329341318,0.39016318612347367,0.7306922039199164,1038
2077,0.7786144578313253,0.6792199058507061,0.3024276104124013,0.9449850299401198,0.39016318612347367,0.7289171818410157,1034
2078,0.7838855421686747,0.6801613987895091,0.30447499268792044,0.9462949101796407,0.39016318612347367,0.7320234704790919,1041
2079,0.7846385542168675,0.6802958977807666,0.30476747587013747,0.9464820359281437,0.39016318612347367,0.732467225998817,1042
2080,0.7868975903614458,0.6806993947545393,0.30564492541678856,0.9470434131736527,0.39016318612347367,0.7337984925579926,1045
2081,0.7823795180722891,0.679892400806994,0.3038900263234864,0.9459206586826348,0.39016318612347367,0.7311359594396416,1039
2082,0.7801204819277109,0.6794889038332212,0.30301257677683535,0.9453592814371258,0.39016318612347367,0.729804692880466,1036
2083,0.7846385542168675,0.6802958977807666,0.30476747587013747,0.9464820359281437,0.39016318612347367,0.732467225998817,1042
2084,0.7748493975903614,0.6785474108944183,0.30096519450131615,0.9440494011976048,0.39016318612347367,0.7266984042423899,1029
2085,0.7921686746987951,0.6816408876933423,0.3076923076923077,0.9483532934131736,0.39016318612347367,0.7369047811960687,1052
2086,0.7868975903614458,0.6806993947545393,0.30564492541678856,0.9470434131736527,0.39016318612347367,0.7337984925579926,1045
2087,0.7786144578313253,0.6792199058507061,0.3024276104124013,0.9449850299401198,0.39016318612347367,0.7289171818410157,1034
2088,0.7808734939759037,0.6796234028244789,0.3033050599590524,0.9455464071856288,0.39016318612347367,0.7302484484001912,1037
2089,0.7823795180722891,0.679892400806994,0.3038900263234864,0.9459206586826348,0.39016318612347367,0.7311359594396416,1039
2090,0.7786144578313253,0.6792199058507061,0.3024276104124013,0.9449850299401198,0.39016318612347367,0.7289171818410157,1034
2091,0.7868975903614458,0.6806993947545393,0.30564492541678856,0.9470434131736527,0.39016318612347367,0.7337984925579926,1045
2092,0.786144578313253,0.6805648957632818,0.30535244223457153,0.9468562874251497,0.39016318612347367,0.7333547370382674,1044
2093,0.7846385542168675,0.6802958977807666,0.30476747587013747,0.9464820359281437,0.39016318612347367,0.732467225998817,1042
2094,0.7831325301204819,0.6800268997982515,0.3041825095057034,0.9461077844311377,0.39016318612347367,0.7315797149593667,1040
2095,0.7853915662650602,0.6804303967720242,0.3050599590523545,0.9466691616766467,0.39016318612347367,0.7329109815185422,1043
2096,0.7868975903614458,0.6806993947545393,0.30564492541678856,0.9470434131736527,0.39016318612347367,0.7337984925579926,1045
2097,0.7876506024096386,0.680833893745797,0.30593740859900553,0.9472305389221557,0.39016318612347367,0.7342422480777178,1046
2098,0.786144578313253,0.6805648957632818,0.30535244223457153,0.9468562874251497,0.39016318612347367,0.7333547370382674,1044
2099,0.7801204819277109,0.6794889038332212,0.30301257677683535,0.9453592814371258,0.39016318612347367,0.729804692880466,1036
2100,0.7823795180722891,0.679892400806994,0.3038900263234864,0.9459206586826348,0.39016318612347367,0.7311359594396416,1039
2101,0.7846385542168675,0.6802958977807666,0.30476747587013747,0.9464820359281437,0.39016318612347367,0.732467225998817,1042
2102,0.786144578313253,0.6805648957632818,0.30535244223457153,0.9468562874251497,0.39016318612347367,0.7333547370382674,1044
2103,0.7891566265060241,0.6811028917283121,0.3065223749634396,0.9476047904191617,0.39016318612347367,0.7351297591171682,1048
2104,0.7884036144578314,0.6809683927370545,0.30622989178122256,0.9474176646706587,0.39016318612347367,0.734686003597443,1047
2105,0.7801204819277109,0.6794889038332212,0.30301257677683535,0.9453592814371258,0.39016318612347367,0.729804692880466,1036
2106,0.7838855421686747,0.6801613987895091,0.30447499268792044,0.9462949101796407,0.39016318612347367,0.7320234704790919,1041
2107,0.7816265060240963,0.6797579018157364,0.30359754314126935,0.9457335329341318,0.39016318612347367,0.7306922039199164,1038
2108,0.7846385542168675,0.6802958977807666,0.30476747587013747,0.9464820359281437,0.39016318612347367,0.732467225998817,1042
2109,0.7868975903614458,0.6806993947545393,0.30564492541678856,0.9470434131736527,0.39016318612347367,0.7337984925579926,1045
2110,0.7853915662650602,0.6804303967720242,0.3050599590523545,0.9466691616766467,0.39016318612347367,0.7329109815185422,1043
2111,0.7981927710843374,0.6827168796234028,0.3100321731500439,0.9498502994011976,0.39016318612347367,0.7404548253538701,1060
2112,0.7846385542168675,0.6802958977807666,0.30476747587013747,0.9464820359281437,0.39016318612347367,0.732467225998817,1042
2113,0.7771084337349398,0.678950907868191,0.30184264404796723,0.9446107784431138,0.39016318612347367,0.7280296708015654,1032
2114,0.786144578313253,0.6805648957632818,0.30535244223457153,0.9468562874251497,0.39016318612347367,0.7333547370382674,1044
2115,0.7778614457831325,0.6790854068594485,0.30213512723018426,0.9447979041916168,0.39016318612347367,0.7284734263212905,1033
2116,0.7846385542168675,0.6802958977807666,0.30476747587013747,0.9464820359281437,0.39016318612347367,0.732467225998817,1042
2117,0.7838855421686747,0.6801613987895091,0.30447499268792044,0.9462949101796407,0.39016318612347367,0.7320234704790919,1041
2118,0.7816265060240963,0.6797579018157364,0.30359754314126935,0.9457335329341318,0.39016318612347367,0.7306922039199164,1038
2119,0.7853915662650602,0.6804303967720242,0.3050599590523545,0.9466691616766467,0.39016318612347367,0.7329109815185422,1043
2120,0.7846385542168675,0.6802958977807666,0.30476747587013747,0.9464820359281437,0.39016318612347367,0.732467225998817,1042
2121,0.7786144578313253,0.6792199058507061,0.3024276104124013,0.9449850299401198,0.39016318612347367,0.7289171818410157,1034
2122,0.7771084337349398,0.678950907868191,0.30184264404796723,0.9446107784431138,0.39016318612347367,0.7280296708015654,1032
2123,0.7868975903614458,0.6806993947545393,0.30564492541678856,0.9470434131736527,0.39016318612347367,0.7337984925579926,1045
2124,0.7846385542168675,0.6802958977807666,0.30476747587013747,0.9464820359281437,0.39016318612347367,0.732467225998817,1042
2125,0.7801204819277109,0.6794889038332212,0.30301257677683535,0.9453592814371258,0.39016318612347367,0.729804692880466,1036
2126,0.7801204819277109,0.6794889038332212,0.30301257677683535,0.9453592814371258,0.39016318612347367,0.729804692880466,1036
2127,0.7853915662650602,0.6804303967720242,0.3050599590523545,0.9466691616766467,0.39016318612347367,0.7329109815185422,1043
2128,0.7876506024096386,0.680833893745797,0.30593740859900553,0.9472305389221557,0.39016318612347367,0.7342422480777178,1046
2129,0.7808734939759037,0.6796234028244789,0.3033050599590524,0.9455464071856288,0.39016318612347367,0.7302484484001912,1037
2130,0.7838855421686747,0.6801613987895091,0.30447499268792044,0.9462949101796407,0.39016318612347367,0.7320234704790919,1041
2131,0.7868975903614458,0.6806993947545393,0.30564492541678856,0.9470434131736527,0.39016318612347367,0.7337984925579926,1045
2132,0.7838855421686747,0.6801613987895091,0.30447499268792044,0.9462949101796407,0.39016318612347367,0.7320234704790919,1041
2133,0.7816265060240963,0.6797579018157364,0.30359754314126935,0.9457335329341318,0.39016318612347367,0.7306922039199164,1038
2134,0.7831325301204819,0.6800268997982515,0.3041825095057034,0.9461077844311377,0.39016318612347367,0.7315797149593667,1040
2135,0.7831325301204819,0.6800268997982515,0.3041825095057034,0.9461077844311377,0.39016318612347367,0.7315797149593667,1040
2136,0.7831325301204819,0.6800268997982515,0.3041825095057034,0.9461077844311377,0.39016318612347367,0.7315797149593667,1040
2137,0.7853915662650602,0.6804303967720242,0.3050599590523545,0.9466691616766467,0.39016318612347367,0.7329109815185422,1043
2138,0.7846385542168675,0.6802958977807666,0.30476747587013747,0.9464820359281437,0.39016318612347367,0.732467225998817,1042
2139,0.776355421686747,0.6788164088769334,0.3015501608657502,0.9444236526946108,0.39016318612347367,0.7275859152818402,1031
2140,0.7823795180722891,0.679892400806994,0.3038900263234864,0.9459206586826348,0.39016318612347367,0.7311359594396416,1039
2141,0.7808734939759037,0.6796234028244789,0.3033050599590524,0.9455464071856288,0.39016318612347367,0.7302484484001912,1037
2142,0.7831325301204819,0.6800268997982515,0.3041825095057034,0.9461077844311377,0.39016318612347367,0.7315797149593667,1040
2143,0.7876506024096386,0.680833893745797,0.30593740859900553,0.9472305389221557,0.39016318612347367,0.7342422480777178,1046
2144,0.7816265060240963,0.6797579018157364,0.30359754314126935,0.9457335329341318,0.39016318612347367,0.7306922039199164,1038
2145,0.7808734939759037,0.6796234028244789,0.3033050599590524,0.9455464071856288,0.39016318612347367,0.7302484484001912,1037
2146,0.7838855421686747,0.6801613987895091,0.30447499268792044,0.9462949101796407,0.39016318612347367,0.7320234704790919,1041
2147,0.7808734939759037,0.6796234028244789,0.3033050599590524,0.9455464071856288,0.39016318612347367,0.7302484484001912,1037
2148,0.7808734939759037,0.6796234028244789,0.3033050599590524,0.9455464071856288,0.39016318612347367,0.7302484484001912,1037
2149,0.786144578313253,0.6805648957632818,0.30535244223457153,0.9468562874251497,0.39016318612347367,0.7333547370382674,1044
2150,0.7868975903614458,0.6806993947545393,0.30564492541678856,0.9470434131736527,0.39016318612347367,0.7337984925579926,1045
2151,0.7838855421686747,0.6801613987895091,0.30447499268792044,0.9462949101796407,0.39016318612347367,0.7320234704790919,1041
2152,0.7838855421686747,0.6801613987895091,0.30447499268792044,0.9462949101796407,0.39016318612347367,0.7320234704790919,1041
2153,0.7793674698795181,0.6793544048419636,0.3027200935946183,0.9451721556886228,0.39016318612347367,0.7293609373607408,1035
2154,0.7831325301204819,0.6800268997982515,0.3041825095057034,0.9461077844311377,0.39016318612347367,0.7315797149593667,1040
2155,0.7823795180722891,0.679892400806994,0.3038900263234864,0.9459206586826348,0.39016318612347367,0.7311359594396416,1039
2156,0.7786144578313253,0.6792199058507061,0.3024276104124013,0.9449850299401198,0.39016318612347367,0.7289171818410157,1034
2157,0.7853915662650602,0.6804303967720242,0.3050599590523545,0.9466691616766467,0.39016318612347367,0.7329109815185422,1043
2158,0.7831325301204819,0.6800268997982515,0.3041825095057034,0.9461077844311377,0.39016318612347367,0.7315797149593667,1040
2159,0.7846385542168675,0.6802958977807666,0.30476747587013747,0.9464820359281437,0.39016318612347367,0.732467225998817,1042
2160,0.7868975903614458,0.6806993947545393,0.30564492541678856,0.9470434131736527,0.39016318612347367,0.7337984925579926,1045
2161,0.7778614457831325,0.6790854068594485,0.30213512723018426,0.9447979041916168,0.39016318612347367,0.7284734263212905,1033
2162,0.7823795180722891,0.679892400806994,0.3038900263234864,0.9459206586826348,0.39016318612347367,0.7311359594396416,1039
2163,0.7846385542168675,0.6802958977807666,0.30476747587013747,0.9464820359281437,0.39016318612347367,0.732467225998817,1042
2164,0.7846385542168675,0.6802958977807666,0.30476747587013747,0.9464820359281437,0.39016318612347367,0.732467225998817,1042
2165,0.7771084337349398,0.678950907868191,0.30184264404796723,0.9446107784431138,0.39016318612347367,0.7280296708015654,1032
2166,0.7868975903614458,0.6806993947545393,0.30564492541678856,0.9470434131736527,0.39016318612347367,0.7337984925579926,1045
2167,0.7823795180722891,0.679892400806994,0.3038900263234864,0.9459206586826348,0.39016318612347367,0.7311359594396416,1039
2168,0.7793674698795181,0.6793544048419636,0.3027200935946183,0.9451721556886228,0.39016318612347367,0.7293609373607408,1035
2169,0.7853915662650602,0.6804303967720242,0.3050599590523545,0.9466691616766467,0.39016318612347367,0.7329109815185422,1043
2170,0.7808734939759037,0.6796234028244789,0.3033050599590524,0.9455464071856288,0.39016318612347367,0.7302484484001912,1037
2171,0.7793674698795181,0.6793544048419636,0.3027200935946183,0.9451721556886228,0.39016318612347367,0.7293609373607408,1035
2172,0.7816265060240963,0.6797579018157364,0.30359754314126935,0.9457335329341318,0.39016318612347367,0.7306922039199164,1038
2173,0.7838855421686747,0.6801613987895091,0.30447499268792044,0.9462949101796407,0.39016318612347367,0.7320234704790919,1041
2174,0.7831325301204819,0.6800268997982515,0.3041825095057034,0.9461077844311377,0.39016318612347367,0.7315797149593667,1040
2175,0.7771084337349398,0.678950907868191,0.30184264404796723,0.9446107784431138,0.39016318612347367,0.7280296708015654,1032
2176,0.7816265060240963,0.6797579018157364,0.30359754314126935,0.9457335329341318,0.39016318612347367,0.7306922039199164,1038
2177,0.7823795180722891,0.679892400806994,0.3038900263234864,0.9459206586826348,0.39016318612347367,0.7311359594396416,1039
2178,0.7884036144578314,0.6809683927370545,0.30622989178122256,0.9474176646706587,0.39016318612347367,0.734686003597443,1047
2179,0.7838855421686747,0.6801613987895091,0.30447499268792044,0.9462949101796407,0.39016318612347367,0.7320234704790919,1041
2180,0.7853915662650602,0.6804303967720242,0.3050599590523545,0.9466691616766467,0.39016318612347367,0.7329109815185422,1043
2181,0.7891566265060241,0.6811028917283121,0.3065223749634396,0.9476047904191617,0.39016318612347367,0.7351297591171682,1048
2182,0.7823795180722891,0.679892400806994,0.3038900263234864,0.9459206586826348,0.39016318612347367,0.7311359594396416,1039
2183,0.7838855421686747,0.6801613987895091,0.30447499268792044,0.9462949101796407,0.39016318612347367,0.7320234704790919,1041
2184,0.7876506024096386,0.680833893745797,0.30593740859900553,0.9472305389221557,0.39016318612347367,0.7342422480777178,1046
2185,0.7846385542168675,0.6802958977807666,0.30476747587013747,0.9464820359281437,0.39016318612347367,0.732467225998817,1042
2186,0.7816265060240963,0.6797579018157364,0.30359754314126935,0.9457335329341318,0.39016318612347367,0.7306922039199164,1038
2187,0.7808734939759037,0.6796234028244789,0.3033050599590524,0.9455464071856288,0.39016318612347367,0.7302484484001912,1037
2188,0.7816265060240963,0.6797579018157364,0.30359754314126935,0.9457335329341318,0.39016318612347367,0.7306922039199164,1038
2189,0.7793674698795181,0.6793544048419636,0.3027200935946183,0.9451721556886228,0.39016318612347367,0.7293609373607408,1035
2190,0.7808734939759037,0.6796234028244789,0.3033050599590524,0.9455464071856288,0.39016318612347367,0.7302484484001912,1037
2191,0.7846385542168675,0.6802958977807666,0.30476747587013747,0.9464820359281437,0.39016318612347367,0.732467225998817,1042
2192,0.7823795180722891,0.679892400806994,0.3038900263234864,0.9459206586826348,0.39016318612347367,0.7311359594396416,1039
2193,0.7876506024096386,0.680833893745797,0.30593740859900553,0.9472305389221557,0.39016318612347367,0.7342422480777178,1046
2194,0.7884036144578314,0.6809683927370545,0.30622989178122256,0.9474176646706587,0.39016318612347367,0.734686003597443,1047
2195,0.7853915662650602,0.6804303967720242,0.3050599590523545,0.9466691616766467,0.39016318612347367,0.7329109815185422,1043
2196,0.7816265060240963,0.6797579018157364,0.30359754314126935,0.9457335329341318,0.39016318612347367,0.7306922039199164,1038
2197,0.7929216867469879,0.6817753866845999,0.30798479087452474,0.9485404191616766,0.39016318612347367,0.7373485367157939,1053
2198,0.786144578313253,0.6805648957632818,0.30535244223457153,0.9468562874251497,0.39016318612347367,0.7333547370382674,1044
2199,0.7846385542168675,0.6802958977807666,0.30476747587013747,0.9464820359281437,0.39016318612347367,0.732467225998817,1042
2200,0.7838855421686747,0.6801613987895091,0.30447499268792044,0.9462949101796407,0.39016318612347367,0.7320234704790919,1041
2201,0.7816265060240963,0.6797579018157364,0.30359754314126935,0.9457335329341318,0.39016318612347367,0.7306922039199164,1038
2202,0.7793674698795181,0.6793544048419636,0.3027200935946183,0.9451721556886228,0.39016318612347367,0.7293609373607408,1035
2203,0.7846385542168675,0.6802958977807666,0.30476747587013747,0.9464820359281437,0.39016318612347367,0.732467225998817,1042
2204,0.7816265060240963,0.6797579018157364,0.30359754314126935,0.9457335329341318,0.39016318612347367,0.7306922039199164,1038
2205,0.7831325301204819,0.6800268997982515,0.3041825095057034,0.9461077844311377,0.39016318612347367,0.7315797149593667,1040
2206,0.7838855421686747,0.6801613987895091,0.30447499268792044,0.9462949101796407,0.39016318612347367,0.7320234704790919,1041
2207,0.7921686746987951,0.6816408876933423,0.3076923076923077,0.9483532934131736,0.39016318612347367,0.7369047811960687,1052
2208,0.7838855421686747,0.6801613987895091,0.30447499268792044,0.9462949101796407,0.39016318612347367,0.7320234704790919,1041
2209,0.7936746987951807,0.6819098856758574,0.3082772740567417,0.9487275449101796,0.39016318612347367,0.7377922922355191,1054
2210,0.7884036144578314,0.6809683927370545,0.30622989178122256,0.9474176646706587,0.39016318612347367,0.734686003597443,1047
2211,0.7823795180722891,0.679892400806994,0.3038900263234864,0.9459206586826348,0.39016318612347367,0.7311359594396416,1039
2212,0.786144578313253,0.6805648957632818,0.30535244223457153,0.9468562874251497,0.39016318612347367,0.7333547370382674,1044
2213,0.7816265060240963,0.6797579018157364,0.30359754314126935,0.9457335329341318,0.39016318612347367,0.7306922039199164,1038
2214,0.7838855421686747,0.6801613987895091,0.30447499268792044,0.9462949101796407,0.39016318612347367,0.7320234704790919,1041
2215,0.786144578313253,0.6805648957632818,0.30535244223457153,0.9468562874251497,0.39016318612347367,0.7333547370382674,1044
2216,0.7771084337349398,0.678950907868191,0.30184264404796723,0.9446107784431138,0.39016318612347367,0.7280296708015654,1032
2217,0.7816265060240963,0.6797579018157364,0.30359754314126935,0.9457335329341318,0.39016318612347367,0.7306922039199164,1038
2218,0.7838855421686747,0.6801613987895091,0.30447499268792044,0.9462949101796407,0.39016318612347367,0.7320234704790919,1041
2219,0.7846385542168675,0.6802958977807666,0.30476747587013747,0.9464820359281437,0.39016318612347367,0.732467225998817,1042
2220,0.786144578313253,0.6805648957632818,0.30535244223457153,0.9468562874251497,0.39016318612347367,0.7333547370382674,1044
2221,0.7793674698795181,0.6793544048419636,0.3027200935946183,0.9451721556886228,0.39016318612347367,0.7293609373607408,1035
2222,0.7838855421686747,0.6801613987895091,0.30447499268792044,0.9462949101796407,0.39016318612347367,0.7320234704790919,1041
2223,0.7801204819277109,0.6794889038332212,0.30301257677683535,0.9453592814371258,0.39016318612347367,0.729804692880466,1036
2224,0.7816265060240963,0.6797579018157364,0.30359754314126935,0.9457335329341318,0.39016318612347367,0.7306922039199164,1038
2225,0.7801204819277109,0.6794889038332212,0.30301257677683535,0.9453592814371258,0.39016318612347367,0.729804692880466,1036
2226,0.7838855421686747,0.6801613987895091,0.30447499268792044,0.9462949101796407,0.39016318612347367,0.7320234704790919,1041
2227,0.7823795180722891,0.679892400806994,0.3038900263234864,0.9459206586826348,0.39016318612347367,0.7311359594396416,1039
2228,0.7884036144578314,0.6809683927370545,0.30622989178122256,0.9474176646706587,0.39016318612347367,0.734686003597443,1047
2229,0.7831325301204819,0.6800268997982515,0.3041825095057034,0.9461077844311377,0.39016318612347367,0.7315797149593667,1040
2230,0.7816265060240963,0.6797579018157364,0.30359754314126935,0.9457335329341318,0.39016318612347367,0.7306922039199164,1038
2231,0.7801204819277109,0.6794889038332212,0.30301257677683535,0.9453592814371258,0.39016318612347367,0.729804692880466,1036
2232,0.7786144578313253,0.6792199058507061,0.3024276104124013,0.9449850299401198,0.39016318612347367,0.7289171818410157,1034
2233,0.7846385542168675,0.6802958977807666,0.30476747587013747,0.9464820359281437,0.39016318612347367,0.732467225998817,1042
2234,0.786144578313253,0.6805648957632818,0.30535244223457153,0.9468562874251497,0.39016318612347367,0.7333547370382674,1044
2235,0.7868975903614458,0.6806993947545393,0.30564492541678856,0.9470434131736527,0.39016318612347367,0.7337984925579926,1045
2236,0.7823795180722891,0.679892400806994,0.3038900263234864,0.9459206586826348,0.39016318612347367,0.7311359594396416,1039
2237,0.786144578313253,0.6805648957632818,0.30535244223457153,0.9468562874251497,0.39016318612347367,0.7333547370382674,1044
2238,0.7838855421686747,0.6801613987895091,0.30447499268792044,0.9462949101796407,0.39016318612347367,0.7320234704790919,1041
2239,0.7838855421686747,0.6801613987895091,0.30447499268792044,0.9462949101796407,0.39016318612347367,0.7320234704790919,1041
2240,0.7838855421686747,0.6801613987895091,0.30447499268792044,0.9462949101796407,0.39016318612347367,0.7320234704790919,1041
2241,0.7853915662650602,0.6804303967720242,0.3050599590523545,0.9466691616766467,0.39016318612347367,0.7329109815185422,1043
2242,0.7914156626506024,0.6815063887020847,0.3073998245100907,0.9481661676646707,0.39016318612347367,0.7364610256763435,1051
2243,0.7853915662650602,0.6804303967720242,0.3050599590523545,0.9466691616766467,0.39016318612347367,0.7329109815185422,1043
2244,0.7876506024096386,0.680833893745797,0.30593740859900553,0.9472305389221557,0.39016318612347367,0.7342422480777178,1046
2245,0.7891566265060241,0.6811028917283121,0.3065223749634396,0.9476047904191617,0.39016318612347367,0.7351297591171682,1048
2246,0.7846385542168675,0.6802958977807666,0.30476747587013747,0.9464820359281437,0.39016318612347367,0.732467225998817,1042
2247,0.7831325301204819,0.6800268997982515,0.3041825095057034,0.9461077844311377,0.39016318612347367,0.7315797149593667,1040
2248,0.7786144578313253,0.6792199058507061,0.3024276104124013,0.9449850299401198,0.39016318612347367,0.7289171818410157,1034
2249,0.7868975903614458,0.6806993947545393,0.30564492541678856,0.9470434131736527,0.39016318612347367,0.7337984925579926,1045
2250,0.7823795180722891,0.679892400806994,0.3038900263234864,0.9459206586826348,0.39016318612347367,0.7311359594396416,1039
2251,0.786144578313253,0.6805648957632818,0.30535244223457153,0.9468562874251497,0.39016318612347367,0.7333547370382674,1044
2252,0.7831325301204819,0.6800268997982515,0.3041825095057034,0.9461077844311377,0.39016318612347367,0.7315797149593667,1040
2253,0.7868975903614458,0.6806993947545393,0.30564492541678856,0.9470434131736527,0.39016318612347367,0.7337984925579926,1045
2254,0.7823795180722891,0.679892400806994,0.3038900263234864,0.9459206586826348,0.39016318612347367,0.7311359594396416,1039
2255,0.7846385542168675,0.6802958977807666,0.30476747587013747,0.9464820359281437,0.39016318612347367,0.732467225998817,1042
2256,0.7801204819277109,0.6794889038332212,0.30301257677683535,0.9453592814371258,0.39016318612347367,0.729804692880466,1036
2257,0.7868975903614458,0.6806993947545393,0.30564492541678856,0.9470434131736527,0.39016318612347367,0.7337984925579926,1045
2258,0.7748493975903614,0.6785474108944183,0.30096519450131615,0.9440494011976048,0.39016318612347367,0.7266984042423899,1029
2259,0.7853915662650602,0.6804303967720242,0.3050599590523545,0.9466691616766467,0.39016318612347367,0.7329109815185422,1043
2260,0.7876506024096386,0.680833893745797,0.30593740859900553,0.9472305389221557,0.39016318612347367,0.7342422480777178,1046
2261,0.7816265060240963,0.6797579018157364,0.30359754314126935,0.9457335329341318,0.39016318612347367,0.7306922039199164,1038
2262,0.7906626506024096,0.6813718897108272,0.30710734132787365,0.9479790419161677,0.39016318612347367,0.7360172701566183,1050
2263,0.7846385542168675,0.6802958977807666,0.30476747587013747,0.9464820359281437,0.39016318612347367,0.732467225998817,1042
2264,0.7808734939759037,0.6796234028244789,0.3033050599590524,0.9455464071856288,0.39016318612347367,0.7302484484001912,1037
2265,0.7786144578313253,0.6792199058507061,0.3024276104124013,0.9449850299401198,0.39016318612347367,0.7289171818410157,1034
2266,0.7823795180722891,0.679892400806994,0.3038900263234864,0.9459206586826348,0.39016318612347367,0.7311359594396416,1039
2267,0.7846385542168675,0.6802958977807666,0.30476747587013747,0.9464820359281437,0.39016318612347367,0.732467225998817,1042
2268,0.7853915662650602,0.6804303967720242,0.3050599590523545,0.9466691616766467,0.39016318612347367,0.7329109815185422,1043
2269,0.7853915662650602,0.6804303967720242,0.3050599590523545,0.9466691616766467,0.39016318612347367,0.7329109815185422,1043
2270,0.7853915662650602,0.6804303967720242,0.3050599590523545,0.9466691616766467,0.39016318612347367,0.7329109815185422,1043
2271,0.7823795180722891,0.679892400806994,0.3038900263234864,0.9459206586826348,0.39016318612347367,0.7311359594396416,1039
2272,0.7831325301204819,0.6800268997982515,0.3041825095057034,0.9461077844311377,0.39016318612347367,0.7315797149593667,1040
2273,0.7876506024096386,0.680833893745797,0.30593740859900553,0.9472305389221557,0.39016318612347367,0.7342422480777178,1046
2274,0.7831325301204819,0.6800268997982515,0.3041825095057034,0.9461077844311377,0.39016318612347367,0.7315797149593667,1040
2275,0.7838855421686747,0.6801613987895091,0.30447499268792044,0.9462949101796407,0.39016318612347367,0.7320234704790919,1041
2276,0.7853915662650602,0.6804303967720242,0.3050599590523545,0.9466691616766467,0.39016318612347367,0.7329109815185422,1043
2277,0.7884036144578314,0.6809683927370545,0.30622989178122256,0.9474176646706587,0.39016318612347367,0.734686003597443,1047
2278,0.7884036144578314,0.6809683927370545,0.30622989178122256,0.9474176646706587,0.39016318612347367,0.734686003597443,1047
2279,0.7838855421686747,0.6801613987895091,0.30447499268792044,0.9462949101796407,0.39016318612347367,0.7320234704790919,1041
2280,0.7853915662650602,0.6804303967720242,0.3050599590523545,0.9466691616766467,0.39016318612347367,0.7329109815185422,1043
2281,0.7831325301204819,0.6800268997982515,0.3041825095057034,0.9461077844311377,0.39016318612347367,0.7315797149593667,1040
2282,0.7816265060240963,0.6797579018157364,0.30359754314126935,0.9457335329341318,0.39016318612347367,0.7306922039199164,1038
2283,0.7838855421686747,0.6801613987895091,0.30447499268792044,0.9462949101796407,0.39016318612347367,0.7320234704790919,1041
2284,0.7808734939759037,0.6796234028244789,0.3033050599590524,0.9455464071856288,0.39016318612347367,0.7302484484001912,1037
2285,0.7831325301204819,0.6800268997982515,0.3041825095057034,0.9461077844311377,0.39016318612347367,0.7315797149593667,1040
2286,0.7838855421686747,0.6801613987895091,0.30447499268792044,0.9462949101796407,0.39016318612347367,0.7320234704790919,1041
2287,0.7816265060240963,0.6797579018157364,0.30359754314126935,0.9457335329341318,0.39016318612347367,0.7306922039199164,1038
2288,0.7786144578313253,0.6792199058507061,0.3024276104124013,0.9449850299401198,0.39016318612347367,0.7289171818410157,1034
2289,0.7831325301204819,0.6800268997982515,0.3041825095057034,0.9461077844311377,0.39016318612347367,0.7315797149593667,1040
2290,0.7899096385542169,0.6812373907195696,0.3068148581456566,0.9477919161676647,0.39016318612347367,0.7355735146368932,1049
2291,0.7868975903614458,0.6806993947545393,0.30564492541678856,0.9470434131736527,0.39016318612347367,0.7337984925579926,1045
2292,0.7876506024096386,0.680833893745797,0.30593740859900553,0.9472305389221557,0.39016318612347367,0.7342422480777178,1046
2293,0.7891566265060241,0.6811028917283121,0.3065223749634396,0.9476047904191617,0.39016318612347367,0.7351297591171682,1048
2294,0.7808734939759037,0.6796234028244789,0.3033050599590524,0.9455464071856288,0.39016318612347367,0.7302484484001912,1037
2295,0.7853915662650602,0.6804303967720242,0.3050599590523545,0.9466691616766467,0.39016318612347367,0.7329109815185422,1043
2296,0.7786144578313253,0.6792199058507061,0.3024276104124013,0.9449850299401198,0.39016318612347367,0.7289171818410157,1034
2297,0.7853915662650602,0.6804303967720242,0.3050599590523545,0.9466691616766467,0.39016318612347367,0.7329109815185422,1043
2298,0.786144578313253,0.6805648957632818,0.30535244223457153,0.9468562874251497,0.39016318612347367,0.7333547370382674,1044
2299,0.7816265060240963,0.6797579018157364,0.30359754314126935,0.9457335329341318,0.39016318612347367,0.7306922039199164,1038
2300,0.7801204819277109,0.6794889038332212,0.30301257677683535,0.9453592814371258,0.39016318612347367,0.729804692880466,1036
2301,0.7884036144578314,0.6809683927370545,0.30622989178122256,0.9474176646706587,0.39016318612347367,0.734686003597443,1047
2302,0.7816265060240963,0.6797579018157364,0.30359754314126935,0.9457335329341318,0.39016318612347367,0.7306922039199164,1038
2303,0.7816265060240963,0.6797579018157364,0.30359754314126935,0.9457335329341318,0.39016318612347367,0.7306922039199164,1038
2304,0.7891566265060241,0.6811028917283121,0.3065223749634396,0.9476047904191617,0.39016318612347367,0.7351297591171682,1048
2305,0.7846385542168675,0.6802958977807666,0.30476747587013747,0.9464820359281437,0.39016318612347367,0.732467225998817,1042
2306,0.7786144578313253,0.6792199058507061,0.3024276104124013,0.9449850299401198,0.39016318612347367,0.7289171818410157,1034
2307,0.786144578313253,0.6805648957632818,0.30535244223457153,0.9468562874251497,0.39016318612347367,0.7333547370382674,1044
2308,0.7831325301204819,0.6800268997982515,0.3041825095057034,0.9461077844311377,0.39016318612347367,0.7315797149593667,1040
2309,0.7831325301204819,0.6800268997982515,0.3041825095057034,0.9461077844311377,0.39016318612347367,0.7315797149593667,1040
2310,0.7846385542168675,0.6802958977807666,0.30476747587013747,0.9464820359281437,0.39016318612347367,0.732467225998817,1042
2311,0.7816265060240963,0.6797579018157364,0.30359754314126935,0.9457335329341318,0.39016318612347367,0.7306922039199164,1038
2312,0.7786144578313253,0.6792199058507061,0.3024276104124013,0.9449850299401198,0.39016318612347367,0.7289171818410157,1034
2313,0.7816265060240963,0.6797579018157364,0.30359754314126935,0.9457335329341318,0.39016318612347367,0.7306922039199164,1038
2314,0.7771084337349398,0.678950907868191,0.30184264404796723,0.9446107784431138,0.39016318612347367,0.7280296708015654,1032
2315,0.7838855421686747,0.6801613987895091,0.30447499268792044,0.9462949101796407,0.39016318612347367,0.7320234704790919,1041
2316,0.7823795180722891,0.679892400806994,0.3038900263234864,0.9459206586826348,0.39016318612347367,0.7311359594396416,1039
2317,0.7876506024096386,0.680833893745797,0.30593740859900553,0.9472305389221557,0.39016318612347367,0.7342422480777178,1046
2318,0.7921686746987951,0.6816408876933423,0.3076923076923077,0.9483532934131736,0.39016318612347367,0.7369047811960687,1052
2319,0.7838855421686747,0.6801613987895091,0.30447499268792044,0.9462949101796407,0.39016318612347367,0.7320234704790919,1041
2320,0.7891566265060241,0.6811028917283121,0.3065223749634396,0.9476047904191617,0.39016318612347367,0.7351297591171682,1048
2321,0.7838855421686747,0.6801613987895091,0.30447499268792044,0.9462949101796407,0.39016318612347367,0.7320234704790919,1041
2322,0.7801204819277109,0.6794889038332212,0.30301257677683535,0.9453592814371258,0.39016318612347367,0.729804692880466,1036
2323,0.7853915662650602,0.6804303967720242,0.3050599590523545,0.9466691616766467,0.39016318612347367,0.7329109815185422,1043
2324,0.7868975903614458,0.6806993947545393,0.30564492541678856,0.9470434131736527,0.39016318612347367,0.7337984925579926,1045
2325,0.7831325301204819,0.6800268997982515,0.3041825095057034,0.9461077844311377,0.39016318612347367,0.7315797149593667,1040
2326,0.7846385542168675,0.6802958977807666,0.30476747587013747,0.9464820359281437,0.39016318612347367,0.732467225998817,1042
2327,0.7838855421686747,0.6801613987895091,0.30447499268792044,0.9462949101796407,0.39016318612347367,0.7320234704790919,1041
2328,0.7816265060240963,0.6797579018157364,0.30359754314126935,0.9457335329341318,0.39016318612347367,0.7306922039199164,1038
2329,0.7793674698795181,0.6793544048419636,0.3027200935946183,0.9451721556886228,0.39016318612347367,0.7293609373607408,1035
2330,0.786144578313253,0.6805648957632818,0.30535244223457153,0.9468562874251497,0.39016318612347367,0.7333547370382674,1044
2331,0.7914156626506024,0.6815063887020847,0.3073998245100907,0.9481661676646707,0.39016318612347367,0.7364610256763435,1051
2332,0.7808734939759037,0.6796234028244789,0.3033050599590524,0.9455464071856288,0.39016318612347367,0.7302484484001912,1037
2333,0.7786144578313253,0.6792199058507061,0.3024276104124013,0.9449850299401198,0.39016318612347367,0.7289171818410157,1034
2334,0.776355421686747,0.6788164088769334,0.3015501608657502,0.9444236526946108,0.39016318612347367,0.7275859152818402,1031
2335,0.7816265060240963,0.6797579018157364,0.30359754314126935,0.9457335329341318,0.39016318612347367,0.7306922039199164,1038
2336,0.7823795180722891,0.679892400806994,0.3038900263234864,0.9459206586826348,0.39016318612347367,0.7311359594396416,1039
2337,0.7831325301204819,0.6800268997982515,0.3041825095057034,0.9461077844311377,0.39016318612347367,0.7315797149593667,1040
2338,0.7831325301204819,0.6800268997982515,0.3041825095057034,0.9461077844311377,0.39016318612347367,0.7315797149593667,1040
2339,0.7793674698795181,0.6793544048419636,0.3027200935946183,0.9451721556886228,0.39016318612347367,0.7293609373607408,1035
2340,0.7868975903614458,0.6806993947545393,0.30564492541678856,0.9470434131736527,0.39016318612347367,0.7337984925579926,1045
2341,0.7906626506024096,0.6813718897108272,0.30710734132787365,0.9479790419161677,0.39016318612347367,0.7360172701566183,1050
2342,0.7801204819277109,0.6794889038332212,0.30301257677683535,0.9453592814371258,0.39016318612347367,0.729804692880466,1036
2343,0.7816265060240963,0.6797579018157364,0.30359754314126935,0.9457335329341318,0.39016318612347367,0.7306922039199164,1038
2344,0.7906626506024096,0.6813718897108272,0.30710734132787365,0.9479790419161677,0.39016318612347367,0.7360172701566183,1050
2345,0.7884036144578314,0.6809683927370545,0.30622989178122256,0.9474176646706587,0.39016318612347367,0.734686003597443,1047
2346,0.7831325301204819,0.6800268997982515,0.3041825095057034,0.9461077844311377,0.39016318612347367,0.7315797149593667,1040
2347,0.7801204819277109,0.6794889038332212,0.30301257677683535,0.9453592814371258,0.39016318612347367,0.729804692880466,1036
2348,0.7823795180722891,0.679892400806994,0.3038900263234864,0.9459206586826348,0.39016318612347367,0.7311359594396416,1039
2349,0.7853915662650602,0.6804303967720242,0.3050599590523545,0.9466691616766467,0.39016318612347367,0.7329109815185422,1043
2350,0.7838855421686747,0.6801613987895091,0.30447499268792044,0.9462949101796407,0.39016318612347367,0.7320234704790919,1041
2351,0.7793674698795181,0.6793544048419636,0.3027200935946183,0.9451721556886228,0.39016318612347367,0.7293609373607408,1035
2352,0.7853915662650602,0.6804303967720242,0.3050599590523545,0.9466691616766467,0.39016318612347367,0.7329109815185422,1043
2353,0.7801204819277109,0.6794889038332212,0.30301257677683535,0.9453592814371258,0.39016318612347367,0.729804692880466,1036
2354,0.7831325301204819,0.6800268997982515,0.3041825095057034,0.9461077844311377,0.39016318612347367,0.7315797149593667,1040
2355,0.7801204819277109,0.6794889038332212,0.30301257677683535,0.9453592814371258,0.39016318612347367,0.729804692880466,1036
2356,0.7884036144578314,0.6809683927370545,0.30622989178122256,0.9474176646706587,0.39016318612347367,0.734686003597443,1047
2357,0.7899096385542169,0.6812373907195696,0.3068148581456566,0.9477919161676647,0.39016318612347367,0.7355735146368932,1049
2358,0.7816265060240963,0.6797579018157364,0.30359754314126935,0.9457335329341318,0.39016318612347367,0.7306922039199164,1038
2359,0.7801204819277109,0.6794889038332212,0.30301257677683535,0.9453592814371258,0.39016318612347367,0.729804692880466,1036
2360,0.7816265060240963,0.6797579018157364,0.30359754314126935,0.9457335329341318,0.39016318612347367,0.7306922039199164,1038
2361,0.7838855421686747,0.6801613987895091,0.30447499268792044,0.9462949101796407,0.39016318612347367,0.7320234704790919,1041
2362,0.7816265060240963,0.6797579018157364,0.30359754314126935,0.9457335329341318,0.39016318612347367,0.7306922039199164,1038
2363,0.7816265060240963,0.6797579018157364,0.30359754314126935,0.9457335329341318,0.39016318612347367,0.7306922039199164,1038
2364,0.7838855421686747,0.6801613987895091,0.30447499268792044,0.9462949101796407,0.39016318612347367,0.7320234704790919,1041
2365,0.7838855421686747,0.6801613987895091,0.30447499268792044,0.9462949101796407,0.39016318612347367,0.7320234704790919,1041
2366,0.7846385542168675,0.6802958977807666,0.30476747587013747,0.9464820359281437,0.39016318612347367,0.732467225998817,1042
2367,0.795933734939759,0.6823133826496302,0.3091547236033928,0.9492889221556886,0.39016318612347367,0.7391235587946946,1057
2368,0.7816265060240963,0.6797579018157364,0.30359754314126935,0.9457335329341318,0.39016318612347367,0.7306922039199164,1038
2369,0.7838855421686747,0.6801613987895091,0.30447499268792044,0.9462949101796407,0.39016318612347367,0.7320234704790919,1041
2370,0.7801204819277109,0.6794889038332212,0.30301257677683535,0.9453592814371258,0.39016318612347367,0.729804692880466,1036
2371,0.7823795180722891,0.679892400806994,0.3038900263234864,0.9459206586826348,0.39016318612347367,0.7311359594396416,1039
2372,0.7778614457831325,0.6790854068594485,0.30213512723018426,0.9447979041916168,0.39016318612347367,0.7284734263212905,1033
2373,0.7899096385542169,0.6812373907195696,0.3068148581456566,0.9477919161676647,0.39016318612347367,0.7355735146368932,1049
2374,0.786144578313253,0.6805648957632818,0.30535244223457153,0.9468562874251497,0.39016318612347367,0.7333547370382674,1044
2375,0.7778614457831325,0.6790854068594485,0.30213512723018426,0.9447979041916168,0.39016318612347367,0.7284734263212905,1033
2376,0.7793674698795181,0.6793544048419636,0.3027200935946183,0.9451721556886228,0.39016318612347367,0.7293609373607408,1035
2377,0.786144578313253,0.6805648957632818,0.30535244223457153,0.9468562874251497,0.39016318612347367,0.7333547370382674,1044
2378,0.7868975903614458,0.6806993947545393,0.30564492541678856,0.9470434131736527,0.39016318612347367,0.7337984925579926,1045
2379,0.7876506024096386,0.680833893745797,0.30593740859900553,0.9472305389221557,0.39016318612347367,0.7342422480777178,1046
2380,0.7868975903614458,0.6806993947545393,0.30564492541678856,0.9470434131736527,0.39016318612347367,0.7337984925579926,1045
2381,0.7906626506024096,0.6813718897108272,0.30710734132787365,0.9479790419161677,0.39016318612347367,0.7360172701566183,1050
2382,0.7793674698795181,0.6793544048419636,0.3027200935946183,0.9451721556886228,0.39016318612347367,0.7293609373607408,1035
2383,0.7816265060240963,0.6797579018157364,0.30359754314126935,0.9457335329341318,0.39016318612347367,0.7306922039199164,1038
2384,0.7899096385542169,0.6812373907195696,0.3068148581456566,0.9477919161676647,0.39016318612347367,0.7355735146368932,1049
2385,0.7899096385542169,0.6812373907195696,0.3068148581456566,0.9477919161676647,0.39016318612347367,0.7355735146368932,1049
2386,0.7823795180722891,0.679892400806994,0.3038900263234864,0.9459206586826348,0.39016318612347367,0.7311359594396416,1039
2387,0.7846385542168675,0.6802958977807666,0.30476747587013747,0.9464820359281437,0.39016318612347367,0.732467225998817,1042
2388,0.7846385542168675,0.6802958977807666,0.30476747587013747,0.9464820359281437,0.39016318612347367,0.732467225998817,1042
2389,0.7808734939759037,0.6796234028244789,0.3033050599590524,0.9455464071856288,0.39016318612347367,0.7302484484001912,1037
2390,0.7831325301204819,0.6800268997982515,0.3041825095057034,0.9461077844311377,0.39016318612347367,0.7315797149593667,1040
2391,0.7801204819277109,0.6794889038332212,0.30301257677683535,0.9453592814371258,0.39016318612347367,0.729804692880466,1036
2392,0.7838855421686747,0.6801613987895091,0.30447499268792044,0.9462949101796407,0.39016318612347367,0.7320234704790919,1041
2393,0.7899096385542169,0.6812373907195696,0.3068148581456566,0.9477919161676647,0.39016318612347367,0.7355735146368932,1049
2394,0.7876506024096386,0.680833893745797,0.30593740859900553,0.9472305389221557,0.39016318612347367,0.7342422480777178,1046
2395,0.7808734939759037,0.6796234028244789,0.3033050599590524,0.9455464071856288,0.39016318612347367,0.7302484484001912,1037
2396,0.7846385542168675,0.6802958977807666,0.30476747587013747,0.9464820359281437,0.39016318612347367,0.732467225998817,1042
2397,0.7801204819277109,0.6794889038332212,0.30301257677683535,0.9453592814371258,0.39016318612347367,0.729804692880466,1036
2398,0.7906626506024096,0.6813718897108272,0.30710734132787365,0.9479790419161677,0.39016318612347367,0.7360172701566183,1050
2399,0.7876506024096386,0.680833893745797,0.30593740859900553,0.9472305389221557,0.39016318612347367,0.7342422480777178,1046
2400,0.7906626506024096,0.6813718897108272,0.30710734132787365,0.9479790419161677,0.39016318612347367,0.7360172701566183,1050
2401,0.7831325301204819,0.6800268997982515,0.3041825095057034,0.9461077844311377,0.39016318612347367,0.7315797149593667,1040
2402,0.7831325301204819,0.6800268997982515,0.3041825095057034,0.9461077844311377,0.39016318612347367,0.7315797149593667,1040
2403,0.7868975903614458,0.6806993947545393,0.30564492541678856,0.9470434131736527,0.39016318612347367,0.7337984925579926,1045
2404,0.7793674698795181,0.6793544048419636,0.3027200935946183,0.9451721556886228,0.39016318612347367,0.7293609373607408,1035
2405,0.7801204819277109,0.6794889038332212,0.30301257677683535,0.9453592814371258,0.39016318612347367,0.729804692880466,1036
2406,0.7846385542168675,0.6802958977807666,0.30476747587013747,0.9464820359281437,0.39016318612347367,0.732467225998817,1042
2407,0.7846385542168675,0.6802958977807666,0.30476747587013747,0.9464820359281437,0.39016318612347367,0.732467225998817,1042
2408,0.7831325301204819,0.6800268997982515,0.3041825095057034,0.9461077844311377,0.39016318612347367,0.7315797149593667,1040
2409,0.7846385542168675,0.6802958977807666,0.30476747587013747,0.9464820359281437,0.39016318612347367,0.732467225998817,1042
2410,0.7816265060240963,0.6797579018157364,0.30359754314126935,0.9457335329341318,0.39016318612347367,0.7306922039199164,1038
2411,0.7816265060240963,0.6797579018157364,0.30359754314126935,0.9457335329341318,0.39016318612347367,0.7306922039199164,1038
2412,0.7868975903614458,0.6806993947545393,0.30564492541678856,0.9470434131736527,0.39016318612347367,0.7337984925579926,1045
2413,0.7929216867469879,0.6817753866845999,0.30798479087452474,0.9485404191616766,0.39016318612347367,0.7373485367157939,1053
2414,0.776355421686747,0.6788164088769334,0.3015501608657502,0.9444236526946108,0.39016318612347367,0.7275859152818402,1031
2415,0.7853915662650602,0.6804303967720242,0.3050599590523545,0.9466691616766467,0.39016318612347367,0.7329109815185422,1043
2416,0.7846385542168675,0.6802958977807666,0.30476747587013747,0.9464820359281437,0.39016318612347367,0.732467225998817,1042
2417,0.786144578313253,0.6805648957632818,0.30535244223457153,0.9468562874251497,0.39016318612347367,0.7333547370382674,1044
2418,0.7816265060240963,0.6797579018157364,0.30359754314126935,0.9457335329341318,0.39016318612347367,0.7306922039199164,1038
2419,0.7853915662650602,0.6804303967720242,0.3050599590523545,0.9466691616766467,0.39016318612347367,0.7329109815185422,1043
2420,0.786144578313253,0.6805648957632818,0.30535244223457153,0.9468562874251497,0.39016318612347367,0.7333547370382674,1044
2421,0.7868975903614458,0.6806993947545393,0.30564492541678856,0.9470434131736527,0.39016318612347367,0.7337984925579926,1045
2422,0.7876506024096386,0.680833893745797,0.30593740859900553,0.9472305389221557,0.39016318612347367,0.7342422480777178,1046
2423,0.7838855421686747,0.6801613987895091,0.30447499268792044,0.9462949101796407,0.39016318612347367,0.7320234704790919,1041
2424,0.7838855421686747,0.6801613987895091,0.30447499268792044,0.9462949101796407,0.39016318612347367,0.7320234704790919,1041
2425,0.7853915662650602,0.6804303967720242,0.3050599590523545,0.9466691616766467,0.39016318612347367,0.7329109815185422,1043
2426,0.7846385542168675,0.6802958977807666,0.30476747587013747,0.9464820359281437,0.39016318612347367,0.732467225998817,1042
2427,0.776355421686747,0.6788164088769334,0.3015501608657502,0.9444236526946108,0.39016318612347367,0.7275859152818402,1031
2428,0.7823795180722891,0.679892400806994,0.3038900263234864,0.9459206586826348,0.39016318612347367,0.7311359594396416,1039
2429,0.7891566265060241,0.6811028917283121,0.3065223749634396,0.9476047904191617,0.39016318612347367,0.7351297591171682,1048
2430,0.7793674698795181,0.6793544048419636,0.3027200935946183,0.9451721556886228,0.39016318612347367,0.7293609373607408,1035
2431,0.7793674698795181,0.6793544048419636,0.3027200935946183,0.9451721556886228,0.39016318612347367,0.7293609373607408,1035
2432,0.7808734939759037,0.6796234028244789,0.3033050599590524,0.9455464071856288,0.39016318612347367,0.7302484484001912,1037
2433,0.786144578313253,0.6805648957632818,0.30535244223457153,0.9468562874251497,0.39016318612347367,0.7333547370382674,1044
2434,0.7748493975903614,0.6785474108944183,0.30096519450131615,0.9440494011976048,0.39016318612347367,0.7266984042423899,1029
2435,0.7838855421686747,0.6801613987895091,0.30447499268792044,0.9462949101796407,0.39016318612347367,0.7320234704790919,1041
2436,0.7868975903614458,0.6806993947545393,0.30564492541678856,0.9470434131736527,0.39016318612347367,0.7337984925579926,1045
2437,0.795933734939759,0.6823133826496302,0.3091547236033928,0.9492889221556886,0.39016318612347367,0.7391235587946946,1057
2438,0.7793674698795181,0.6793544048419636,0.3027200935946183,0.9451721556886228,0.39016318612347367,0.7293609373607408,1035
2439,0.7816265060240963,0.6797579018157364,0.30359754314126935,0.9457335329341318,0.39016318612347367,0.7306922039199164,1038
2440,0.7853915662650602,0.6804303967720242,0.3050599590523545,0.9466691616766467,0.39016318612347367,0.7329109815185422,1043
2441,0.7801204819277109,0.6794889038332212,0.30301257677683535,0.9453592814371258,0.39016318612347367,0.729804692880466,1036
2442,0.7853915662650602,0.6804303967720242,0.3050599590523545,0.9466691616766467,0.39016318612347367,0.7329109815185422,1043
2443,0.7793674698795181,0.6793544048419636,0.3027200935946183,0.9451721556886228,0.39016318612347367,0.7293609373607408,1035
2444,0.776355421686747,0.6788164088769334,0.3015501608657502,0.9444236526946108,0.39016318612347367,0.7275859152818402,1031
2445,0.7831325301204819,0.6800268997982515,0.3041825095057034,0.9461077844311377,0.39016318612347367,0.7315797149593667,1040
2446,0.7801204819277109,0.6794889038332212,0.30301257677683535,0.9453592814371258,0.39016318612347367,0.729804692880466,1036
2447,0.7823795180722891,0.679892400806994,0.3038900263234864,0.9459206586826348,0.39016318612347367,0.7311359594396416,1039
2448,0.7808734939759037,0.6796234028244789,0.3033050599590524,0.9455464071856288,0.39016318612347367,0.7302484484001912,1037
2449,0.7831325301204819,0.6800268997982515,0.3041825095057034,0.9461077844311377,0.39016318612347367,0.7315797149593667,1040
2450,0.7876506024096386,0.680833893745797,0.30593740859900553,0.9472305389221557,0.39016318612347367,0.7342422480777178,1046
2451,0.7906626506024096,0.6813718897108272,0.30710734132787365,0.9479790419161677,0.39016318612347367,0.7360172701566183,1050
2452,0.7801204819277109,0.6794889038332212,0.30301257677683535,0.9453592814371258,0.39016318612347367,0.729804692880466,1036
2453,0.7786144578313253,0.6792199058507061,0.3024276104124013,0.9449850299401198,0.39016318612347367,0.7289171818410157,1034
2454,0.7899096385542169,0.6812373907195696,0.3068148581456566,0.9477919161676647,0.39016318612347367,0.7355735146368932,1049
2455,0.7801204819277109,0.6794889038332212,0.30301257677683535,0.9453592814371258,0.39016318612347367,0.729804692880466,1036
2456,0.7808734939759037,0.6796234028244789,0.3033050599590524,0.9455464071856288,0.39016318612347367,0.7302484484001912,1037
2457,0.7748493975903614,0.6785474108944183,0.30096519450131615,0.9440494011976048,0.39016318612347367,0.7266984042423899,1029
2458,0.7786144578313253,0.6792199058507061,0.3024276104124013,0.9449850299401198,0.39016318612347367,0.7289171818410157,1034
2459,0.7831325301204819,0.6800268997982515,0.3041825095057034,0.9461077844311377,0.39016318612347367,0.7315797149593667,1040
2460,0.7808734939759037,0.6796234028244789,0.3033050599590524,0.9455464071856288,0.39016318612347367,0.7302484484001912,1037
2461,0.7816265060240963,0.6797579018157364,0.30359754314126935,0.9457335329341318,0.39016318612347367,0.7306922039199164,1038
2462,0.7816265060240963,0.6797579018157364,0.30359754314126935,0.9457335329341318,0.39016318612347367,0.7306922039199164,1038
2463,0.7853915662650602,0.6804303967720242,0.3050599590523545,0.9466691616766467,0.39016318612347367,0.7329109815185422,1043
2464,0.7808734939759037,0.6796234028244789,0.3033050599590524,0.9455464071856288,0.39016318612347367,0.7302484484001912,1037
2465,0.7808734939759037,0.6796234028244789,0.3033050599590524,0.9455464071856288,0.39016318612347367,0.7302484484001912,1037
2466,0.7771084337349398,0.678950907868191,0.30184264404796723,0.9446107784431138,0.39016318612347367,0.7280296708015654,1032
2467,0.7808734939759037,0.6796234028244789,0.3033050599590524,0.9455464071856288,0.39016318612347367,0.7302484484001912,1037
2468,0.7914156626506024,0.6815063887020847,0.3073998245100907,0.9481661676646707,0.39016318612347367,0.7364610256763435,1051
2469,0.7914156626506024,0.6815063887020847,0.3073998245100907,0.9481661676646707,0.39016318612347367,0.7364610256763435,1051
2470,0.7778614457831325,0.6790854068594485,0.30213512723018426,0.9447979041916168,0.39016318612347367,0.7284734263212905,1033
2471,0.7853915662650602,0.6804303967720242,0.3050599590523545,0.9466691616766467,0.39016318612347367,0.7329109815185422,1043
2472,0.7853915662650602,0.6804303967720242,0.3050599590523545,0.9466691616766467,0.39016318612347367,0.7329109815185422,1043
2473,0.786144578313253,0.6805648957632818,0.30535244223457153,0.9468562874251497,0.39016318612347367,0.7333547370382674,1044
2474,0.7846385542168675,0.6802958977807666,0.30476747587013747,0.9464820359281437,0.39016318612347367,0.732467225998817,1042
2475,0.7831325301204819,0.6800268997982515,0.3041825095057034,0.9461077844311377,0.39016318612347367,0.7315797149593667,1040
2476,0.7808734939759037,0.6796234028244789,0.3033050599590524,0.9455464071856288,0.39016318612347367,0.7302484484001912,1037
2477,0.7838855421686747,0.6801613987895091,0.30447499268792044,0.9462949101796407,0.39016318612347367,0.7320234704790919,1041
2478,0.7801204819277109,0.6794889038332212,0.30301257677683535,0.9453592814371258,0.39016318612347367,0.729804692880466,1036
2479,0.7823795180722891,0.679892400806994,0.3038900263234864,0.9459206586826348,0.39016318612347367,0.7311359594396416,1039
2480,0.7801204819277109,0.6794889038332212,0.30301257677683535,0.9453592814371258,0.39016318612347367,0.729804692880466,1036
2481,0.7831325301204819,0.6800268997982515,0.3041825095057034,0.9461077844311377,0.39016318612347367,0.7315797149593667,1040
2482,0.7868975903614458,0.6806993947545393,0.30564492541678856,0.9470434131736527,0.39016318612347367,0.7337984925579926,1045
2483,0.7838855421686747,0.6801613987895091,0.30447499268792044,0.9462949101796407,0.39016318612347367,0.7320234704790919,1041
2484,0.7831325301204819,0.6800268997982515,0.3041825095057034,0.9461077844311377,0.39016318612347367,0.7315797149593667,1040
2485,0.7823795180722891,0.679892400806994,0.3038900263234864,0.9459206586826348,0.39016318612347367,0.7311359594396416,1039
2486,0.7853915662650602,0.6804303967720242,0.3050599590523545,0.9466691616766467,0.39016318612347367,0.7329109815185422,1043
2487,0.7801204819277109,0.6794889038332212,0.30301257677683535,0.9453592814371258,0.39016318612347367,0.729804692880466,1036
2488,0.7884036144578314,0.6809683927370545,0.30622989178122256,0.9474176646706587,0.39016318612347367,0.734686003597443,1047
2489,0.7823795180722891,0.679892400806994,0.3038900263234864,0.9459206586826348,0.39016318612347367,0.7311359594396416,1039
2490,0.7823795180722891,0.679892400806994,0.3038900263234864,0.9459206586826348,0.39016318612347367,0.7311359594396416,1039
2491,0.786144578313253,0.6805648957632818,0.30535244223457153,0.9468562874251497,0.39016318612347367,0.7333547370382674,1044
2492,0.7801204819277109,0.6794889038332212,0.30301257677683535,0.9453592814371258,0.39016318612347367,0.729804692880466,1036
2493,0.7756024096385542,0.6786819098856759,0.3012576776835332,0.9442365269461078,0.39016318612347367,0.727142159762115,1030
2494,0.776355421686747,0.6788164088769334,0.3015501608657502,0.9444236526946108,0.39016318612347367,0.7275859152818402,1031
2495,0.7846385542168675,0.6802958977807666,0.30476747587013747,0.9464820359281437,0.39016318612347367,0.732467225998817,1042
2496,0.7853915662650602,0.6804303967720242,0.3050599590523545,0.9466691616766467,0.39016318612347367,0.7329109815185422,1043
2497,0.7831325301204819,0.6800268997982515,0.3041825095057034,0.9461077844311377,0.39016318612347367,0.7315797149593667,1040
2498,0.7838855421686747,0.6801613987895091,0.30447499268792044,0.9462949101796407,0.39016318612347367,0.7320234704790919,1041
2499,0.7838855421686747,0.6801613987895091,0.30447499268792044,0.9462949101796407,0.39016318612347367,0.7320234704790919,1041
2500,0.7884036144578314,0.6809683927370545,0.30622989178122256,0.9474176646706587,0.39016318612347367,0.734686003597443,1047
2501,0.7801204819277109,0.6794889038332212,0.30301257677683535,0.9453592814371258,0.39016318612347367,0.729804692880466,1036
2502,0.7831325301204819,0.6800268997982515,0.3041825095057034,0.9461077844311377,0.39016318612347367,0.7315797149593667,1040
2503,0.7899096385542169,0.6812373907195696,0.3068148581456566,0.9477919161676647,0.39016318612347367,0.7355735146368932,1049
2504,0.786144578313253,0.6805648957632818,0.30535244223457153,0.9468562874251497,0.39016318612347367,0.7333547370382674,1044
2505,0.7823795180722891,0.679892400806994,0.3038900263234864,0.9459206586826348,0.39016318612347367,0.7311359594396416,1039
2506,0.7838855421686747,0.6801613987895091,0.30447499268792044,0.9462949101796407,0.39016318612347367,0.7320234704790919,1041
2507,0.7816265060240963,0.6797579018157364,0.30359754314126935,0.9457335329341318,0.39016318612347367,0.7306922039199164,1038
2508,0.7816265060240963,0.6797579018157364,0.30359754314126935,0.9457335329341318,0.39016318612347367,0.7306922039199164,1038
2509,0.7831325301204819,0.6800268997982515,0.3041825095057034,0.9461077844311377,0.39016318612347367,0.7315797149593667,1040
2510,0.7853915662650602,0.6804303967720242,0.3050599590523545,0.9466691616766467,0.39016318612347367,0.7329109815185422,1043
2511,0.7831325301204819,0.6800268997982515,0.3041825095057034,0.9461077844311377,0.39016318612347367,0.7315797149593667,1040
2512,0.7823795180722891,0.679892400806994,0.3038900263234864,0.9459206586826348,0.39016318612347367,0.7311359594396416,1039
2513,0.7853915662650602,0.6804303967720242,0.3050599590523545,0.9466691616766467,0.39016318612347367,0.7329109815185422,1043
2514,0.7876506024096386,0.680833893745797,0.30593740859900553,0.9472305389221557,0.39016318612347367,0.7342422480777178,1046
2515,0.7884036144578314,0.6809683927370545,0.30622989178122256,0.9474176646706587,0.39016318612347367,0.734686003597443,1047
2516,0.7831325301204819,0.6800268997982515,0.3041825095057034,0.9461077844311377,0.39016318612347367,0.7315797149593667,1040
2517,0.7786144578313253,0.6792199058507061,0.3024276104124013,0.9449850299401198,0.39016318612347367,0.7289171818410157,1034
2518,0.786144578313253,0.6805648957632818,0.30535244223457153,0.9468562874251497,0.39016318612347367,0.7333547370382674,1044
2519,0.7808734939759037,0.6796234028244789,0.3033050599590524,0.9455464071856288,0.39016318612347367,0.7302484484001912,1037
2520,0.7838855421686747,0.6801613987895091,0.30447499268792044,0.9462949101796407,0.39016318612347367,0.7320234704790919,1041
2521,0.7771084337349398,0.678950907868191,0.30184264404796723,0.9446107784431138,0.39016318612347367,0.7280296708015654,1032
2522,0.7823795180722891,0.679892400806994,0.3038900263234864,0.9459206586826348,0.39016318612347367,0.7311359594396416,1039
2523,0.7808734939759037,0.6796234028244789,0.3033050599590524,0.9455464071856288,0.39016318612347367,0.7302484484001912,1037
2524,0.7884036144578314,0.6809683927370545,0.30622989178122256,0.9474176646706587,0.39016318612347367,0.734686003597443,1047
2525,0.7793674698795181,0.6793544048419636,0.3027200935946183,0.9451721556886228,0.39016318612347367,0.7293609373607408,1035
2526,0.7831325301204819,0.6800268997982515,0.3041825095057034,0.9461077844311377,0.39016318612347367,0.7315797149593667,1040
2527,0.7868975903614458,0.6806993947545393,0.30564492541678856,0.9470434131736527,0.39016318612347367,0.7337984925579926,1045
2528,0.7868975903614458,0.6806993947545393,0.30564492541678856,0.9470434131736527,0.39016318612347367,0.7337984925579926,1045
2529,0.7876506024096386,0.680833893745797,0.30593740859900553,0.9472305389221557,0.39016318612347367,0.7342422480777178,1046
2530,0.7801204819277109,0.6794889038332212,0.30301257677683535,0.9453592814371258,0.39016318612347367,0.729804692880466,1036
2531,0.7823795180722891,0.679892400806994,0.3038900263234864,0.9459206586826348,0.39016318612347367,0.7311359594396416,1039
2532,0.7831325301204819,0.6800268997982515,0.3041825095057034,0.9461077844311377,0.39016318612347367,0.7315797149593667,1040
2533,0.7838855421686747,0.6801613987895091,0.30447499268792044,0.9462949101796407,0.39016318612347367,0.7320234704790919,1041
2534,0.786144578313253,0.6805648957632818,0.30535244223457153,0.9468562874251497,0.39016318612347367,0.7333547370382674,1044
2535,0.7853915662650602,0.6804303967720242,0.3050599590523545,0.9466691616766467,0.39016318612347367,0.7329109815185422,1043
2536,0.7884036144578314,0.6809683927370545,0.30622989178122256,0.9474176646706587,0.39016318612347367,0.734686003597443,1047
2537,0.7853915662650602,0.6804303967720242,0.3050599590523545,0.9466691616766467,0.39016318612347367,0.7329109815185422,1043
2538,0.7831325301204819,0.6800268997982515,0.3041825095057034,0.9461077844311377,0.39016318612347367,0.7315797149593667,1040
2539,0.7801204819277109,0.6794889038332212,0.30301257677683535,0.9453592814371258,0.39016318612347367,0.729804692880466,1036
2540,0.7823795180722891,0.679892400806994,0.3038900263234864,0.9459206586826348,0.39016318612347367,0.7311359594396416,1039
2541,0.7846385542168675,0.6802958977807666,0.30476747587013747,0.9464820359281437,0.39016318612347367,0.732467225998817,1042
2542,0.7831325301204819,0.6800268997982515,0.3041825095057034,0.9461077844311377,0.39016318612347367,0.7315797149593667,1040
2543,0.7823795180722891,0.679892400806994,0.3038900263234864,0.9459206586826348,0.39016318612347367,0.7311359594396416,1039
2544,0.7853915662650602,0.6804303967720242,0.3050599590523545,0.9466691616766467,0.39016318612347367,0.7329109815185422,1043
2545,0.7906626506024096,0.6813718897108272,0.30710734132787365,0.9479790419161677,0.39016318612347367,0.7360172701566183,1050
2546,0.7831325301204819,0.6800268997982515,0.3041825095057034,0.9461077844311377,0.39016318612347367,0.7315797149593667,1040
2547,0.7868975903614458,0.6806993947545393,0.30564492541678856,0.9470434131736527,0.39016318612347367,0.7337984925579926,1045
2548,0.7771084337349398,0.678950907868191,0.30184264404796723,0.9446107784431138,0.39016318612347367,0.7280296708015654,1032
2549,0.7876506024096386,0.680833893745797,0.30593740859900553,0.9472305389221557,0.39016318612347367,0.7342422480777178,1046
2550,0.7846385542168675,0.6802958977807666,0.30476747587013747,0.9464820359281437,0.39016318612347367,0.732467225998817,1042
2551,0.7838855421686747,0.6801613987895091,0.30447499268792044,0.9462949101796407,0.39016318612347367,0.7320234704790919,1041
2552,0.7816265060240963,0.6797579018157364,0.30359754314126935,0.9457335329341318,0.39016318612347367,0.7306922039199164,1038
2553,0.7808734939759037,0.6796234028244789,0.3033050599590524,0.9455464071856288,0.39016318612347367,0.7302484484001912,1037
2554,0.786144578313253,0.6805648957632818,0.30535244223457153,0.9468562874251497,0.39016318612347367,0.7333547370382674,1044
2555,0.7936746987951807,0.6819098856758574,0.3082772740567417,0.9487275449101796,0.39016318612347367,0.7377922922355191,1054
2556,0.7914156626506024,0.6815063887020847,0.3073998245100907,0.9481661676646707,0.39016318612347367,0.7364610256763435,1051
2557,0.786144578313253,0.6805648957632818,0.30535244223457153,0.9468562874251497,0.39016318612347367,0.7333547370382674,1044
2558,0.7831325301204819,0.6800268997982515,0.3041825095057034,0.9461077844311377,0.39016318612347367,0.7315797149593667,1040
2559,0.7876506024096386,0.680833893745797,0.30593740859900553,0.9472305389221557,0.39016318612347367,0.7342422480777178,1046
2560,0.7823795180722891,0.679892400806994,0.3038900263234864,0.9459206586826348,0.39016318612347367,0.7311359594396416,1039
2561,0.7899096385542169,0.6812373907195696,0.3068148581456566,0.9477919161676647,0.39016318612347367,0.7355735146368932,1049
2562,0.7831325301204819,0.6800268997982515,0.3041825095057034,0.9461077844311377,0.39016318612347367,0.7315797149593667,1040
2563,0.7831325301204819,0.6800268997982515,0.3041825095057034,0.9461077844311377,0.39016318612347367,0.7315797149593667,1040
2564,0.7846385542168675,0.6802958977807666,0.30476747587013747,0.9464820359281437,0.39016318612347367,0.732467225998817,1042
2565,0.7891566265060241,0.6811028917283121,0.3065223749634396,0.9476047904191617,0.39016318612347367,0.7351297591171682,1048
2566,0.786144578313253,0.6805648957632818,0.30535244223457153,0.9468562874251497,0.39016318612347367,0.7333547370382674,1044
2567,0.7801204819277109,0.6794889038332212,0.30301257677683535,0.9453592814371258,0.39016318612347367,0.729804692880466,1036
2568,0.7831325301204819,0.6800268997982515,0.3041825095057034,0.9461077844311377,0.39016318612347367,0.7315797149593667,1040
2569,0.7793674698795181,0.6793544048419636,0.3027200935946183,0.9451721556886228,0.39016318612347367,0.7293609373607408,1035
2570,0.7868975903614458,0.6806993947545393,0.30564492541678856,0.9470434131736527,0.39016318612347367,0.7337984925579926,1045
2571,0.7786144578313253,0.6792199058507061,0.3024276104124013,0.9449850299401198,0.39016318612347367,0.7289171818410157,1034
2572,0.7778614457831325,0.6790854068594485,0.30213512723018426,0.9447979041916168,0.39016318612347367,0.7284734263212905,1033
2573,0.7816265060240963,0.6797579018157364,0.30359754314126935,0.9457335329341318,0.39016318612347367,0.7306922039199164,1038
2574,0.7801204819277109,0.6794889038332212,0.30301257677683535,0.9453592814371258,0.39016318612347367,0.729804692880466,1036
2575,0.7891566265060241,0.6811028917283121,0.3065223749634396,0.9476047904191617,0.39016318612347367,0.7351297591171682,1048
2576,0.7838855421686747,0.6801613987895091,0.30447499268792044,0.9462949101796407,0.39016318612347367,0.7320234704790919,1041
2577,0.7884036144578314,0.6809683927370545,0.30622989178122256,0.9474176646706587,0.39016318612347367,0.734686003597443,1047
2578,0.7808734939759037,0.6796234028244789,0.3033050599590524,0.9455464071856288,0.39016318612347367,0.7302484484001912,1037
2579,0.7808734939759037,0.6796234028244789,0.3033050599590524,0.9455464071856288,0.39016318612347367,0.7302484484001912,1037
2580,0.7884036144578314,0.6809683927370545,0.30622989178122256,0.9474176646706587,0.39016318612347367,0.734686003597443,1047
2581,0.7846385542168675,0.6802958977807666,0.30476747587013747,0.9464820359281437,0.39016318612347367,0.732467225998817,1042
2582,0.7868975903614458,0.6806993947545393,0.30564492541678856,0.9470434131736527,0.39016318612347367,0.7337984925579926,1045
2583,0.776355421686747,0.6788164088769334,0.3015501608657502,0.9444236526946108,0.39016318612347367,0.7275859152818402,1031
2584,0.7853915662650602,0.6804303967720242,0.3050599590523545,0.9466691616766467,0.39016318612347367,0.7329109815185422,1043
2585,0.7914156626506024,0.6815063887020847,0.3073998245100907,0.9481661676646707,0.39016318612347367,0.7364610256763435,1051
2586,0.7876506024096386,0.680833893745797,0.30593740859900553,0.9472305389221557,0.39016318612347367,0.7342422480777178,1046
2587,0.7816265060240963,0.6797579018157364,0.30359754314126935,0.9457335329341318,0.39016318612347367,0.7306922039199164,1038
2588,0.786144578313253,0.6805648957632818,0.30535244223457153,0.9468562874251497,0.39016318612347367,0.7333547370382674,1044
2589,0.7891566265060241,0.6811028917283121,0.3065223749634396,0.9476047904191617,0.39016318612347367,0.7351297591171682,1048
2590,0.7876506024096386,0.680833893745797,0.30593740859900553,0.9472305389221557,0.39016318612347367,0.7342422480777178,1046
2591,0.7816265060240963,0.6797579018157364,0.30359754314126935,0.9457335329341318,0.39016318612347367,0.7306922039199164,1038
2592,0.7793674698795181,0.6793544048419636,0.3027200935946183,0.9451721556886228,0.39016318612347367,0.7293609373607408,1035
2593,0.7801204819277109,0.6794889038332212,0.30301257677683535,0.9453592814371258,0.39016318612347367,0.729804692880466,1036
2594,0.7853915662650602,0.6804303967720242,0.3050599590523545,0.9466691616766467,0.39016318612347367,0.7329109815185422,1043
2595,0.7816265060240963,0.6797579018157364,0.30359754314126935,0.9457335329341318,0.39016318612347367,0.7306922039199164,1038
2596,0.7816265060240963,0.6797579018157364,0.30359754314126935,0.9457335329341318,0.39016318612347367,0.7306922039199164,1038
2597,0.7801204819277109,0.6794889038332212,0.30301257677683535,0.9453592814371258,0.39016318612347367,0.729804692880466,1036
2598,0.7846385542168675,0.6802958977807666,0.30476747587013747,0.9464820359281437,0.39016318612347367,0.732467225998817,1042
2599,0.786144578313253,0.6805648957632818,0.30535244223457153,0.9468562874251497,0.39016318612347367,0.7333547370382674,1044
2600,0.7801204819277109,0.6794889038332212,0.30301257677683535,0.9453592814371258,0.39016318612347367,0.729804692880466,1036
2601,0.7846385542168675,0.6802958977807666,0.30476747587013747,0.9464820359281437,0.39016318612347367,0.732467225998817,1042
2602,0.7838855421686747,0.6801613987895091,0.30447499268792044,0.9462949101796407,0.39016318612347367,0.7320234704790919,1041
2603,0.7816265060240963,0.6797579018157364,0.30359754314126935,0.9457335329341318,0.39016318612347367,0.7306922039199164,1038
2604,0.7786144578313253,0.6792199058507061,0.3024276104124013,0.9449850299401198,0.39016318612347367,0.7289171818410157,1034
2605,0.7808734939759037,0.6796234028244789,0.3033050599590524,0.9455464071856288,0.39016318612347367,0.7302484484001912,1037
2606,0.7831325301204819,0.6800268997982515,0.3041825095057034,0.9461077844311377,0.39016318612347367,0.7315797149593667,1040
2607,0.7846385542168675,0.6802958977807666,0.30476747587013747,0.9464820359281437,0.39016318612347367,0.732467225998817,1042
2608,0.786144578313253,0.6805648957632818,0.30535244223457153,0.9468562874251497,0.39016318612347367,0.7333547370382674,1044
2609,0.7793674698795181,0.6793544048419636,0.3027200935946183,0.9451721556886228,0.39016318612347367,0.7293609373607408,1035
2610,0.7868975903614458,0.6806993947545393,0.30564492541678856,0.9470434131736527,0.39016318612347367,0.7337984925579926,1045
2611,0.7838855421686747,0.6801613987895091,0.30447499268792044,0.9462949101796407,0.39016318612347367,0.7320234704790919,1041
2612,0.7951807228915663,0.6821788836583725,0.30886224042117577,0.9491017964071856,0.39016318612347367,0.7386798032749694,1056
2613,0.7838855421686747,0.6801613987895091,0.30447499268792044,0.9462949101796407,0.39016318612347367,0.7320234704790919,1041
2614,0.786144578313253,0.6805648957632818,0.30535244223457153,0.9468562874251497,0.39016318612347367,0.7333547370382674,1044
2615,0.7846385542168675,0.6802958977807666,0.30476747587013747,0.9464820359281437,0.39016318612347367,0.732467225998817,1042
2616,0.7801204819277109,0.6794889038332212,0.30301257677683535,0.9453592814371258,0.39016318612347367,0.729804692880466,1036
2617,0.7808734939759037,0.6796234028244789,0.3033050599590524,0.9455464071856288,0.39016318612347367,0.7302484484001912,1037
2618,0.7831325301204819,0.6800268997982515,0.3041825095057034,0.9461077844311377,0.39016318612347367,0.7315797149593667,1040
2619,0.7846385542168675,0.6802958977807666,0.30476747587013747,0.9464820359281437,0.39016318612347367,0.732467225998817,1042
2620,0.7823795180722891,0.679892400806994,0.3038900263234864,0.9459206586826348,0.39016318612347367,0.7311359594396416,1039
2621,0.7831325301204819,0.6800268997982515,0.3041825095057034,0.9461077844311377,0.39016318612347367,0.7315797149593667,1040
2622,0.7793674698795181,0.6793544048419636,0.3027200935946183,0.9451721556886228,0.39016318612347367,0.7293609373607408,1035
2623,0.7793674698795181,0.6793544048419636,0.3027200935946183,0.9451721556886228,0.39016318612347367,0.7293609373607408,1035
2624,0.7771084337349398,0.678950907868191,0.30184264404796723,0.9446107784431138,0.39016318612347367,0.7280296708015654,1032
2625,0.7906626506024096,0.6813718897108272,0.30710734132787365,0.9479790419161677,0.39016318612347367,0.7360172701566183,1050
2626,0.7816265060240963,0.6797579018157364,0.30359754314126935,0.9457335329341318,0.39016318612347367,0.7306922039199164,1038
2627,0.7838855421686747,0.6801613987895091,0.30447499268792044,0.9462949101796407,0.39016318612347367,0.7320234704790919,1041
2628,0.7793674698795181,0.6793544048419636,0.3027200935946183,0.9451721556886228,0.39016318612347367,0.7293609373607408,1035
2629,0.7771084337349398,0.678950907868191,0.30184264404796723,0.9446107784431138,0.39016318612347367,0.7280296708015654,1032
2630,0.7801204819277109,0.6794889038332212,0.30301257677683535,0.9453592814371258,0.39016318612347367,0.729804692880466,1036
2631,0.7853915662650602,0.6804303967720242,0.3050599590523545,0.9466691616766467,0.39016318612347367,0.7329109815185422,1043
2632,0.786144578313253,0.6805648957632818,0.30535244223457153,0.9468562874251497,0.39016318612347367,0.7333547370382674,1044
2633,0.7838855421686747,0.6801613987895091,0.30447499268792044,0.9462949101796407,0.39016318612347367,0.7320234704790919,1041
2634,0.7823795180722891,0.679892400806994,0.3038900263234864,0.9459206586826348,0.39016318612347367,0.7311359594396416,1039
2635,0.7838855421686747,0.6801613987895091,0.30447499268792044,0.9462949101796407,0.39016318612347367,0.7320234704790919,1041
2636,0.7853915662650602,0.6804303967720242,0.3050599590523545,0.9466691616766467,0.39016318612347367,0.7329109815185422,1043
2637,0.786144578313253,0.6805648957632818,0.30535244223457153,0.9468562874251497,0.39016318612347367,0.7333547370382674,1044
2638,0.7808734939759037,0.6796234028244789,0.3033050599590524,0.9455464071856288,0.39016318612347367,0.7302484484001912,1037
2639,0.7838855421686747,0.6801613987895091,0.30447499268792044,0.9462949101796407,0.39016318612347367,0.7320234704790919,1041
2640,0.7786144578313253,0.6792199058507061,0.3024276104124013,0.9449850299401198,0.39016318612347367,0.7289171818410157,1034
2641,0.7831325301204819,0.6800268997982515,0.3041825095057034,0.9461077844311377,0.39016318612347367,0.7315797149593667,1040
2642,0.7868975903614458,0.6806993947545393,0.30564492541678856,0.9470434131736527,0.39016318612347367,0.7337984925579926,1045
2643,0.7884036144578314,0.6809683927370545,0.30622989178122256,0.9474176646706587,0.39016318612347367,0.734686003597443,1047
2644,0.7786144578313253,0.6792199058507061,0.3024276104124013,0.9449850299401198,0.39016318612347367,0.7289171818410157,1034
2645,0.7853915662650602,0.6804303967720242,0.3050599590523545,0.9466691616766467,0.39016318612347367,0.7329109815185422,1043
2646,0.7868975903614458,0.6806993947545393,0.30564492541678856,0.9470434131736527,0.39016318612347367,0.7337984925579926,1045
2647,0.7801204819277109,0.6794889038332212,0.30301257677683535,0.9453592814371258,0.39016318612347367,0.729804692880466,1036
2648,0.776355421686747,0.6788164088769334,0.3015501608657502,0.9444236526946108,0.39016318612347367,0.7275859152818402,1031
2649,0.7853915662650602,0.6804303967720242,0.3050599590523545,0.9466691616766467,0.39016318612347367,0.7329109815185422,1043
2650,0.7823795180722891,0.679892400806994,0.3038900263234864,0.9459206586826348,0.39016318612347367,0.7311359594396416,1039
2651,0.7816265060240963,0.6797579018157364,0.30359754314126935,0.9457335329341318,0.39016318612347367,0.7306922039199164,1038
2652,0.7816265060240963,0.6797579018157364,0.30359754314126935,0.9457335329341318,0.39016318612347367,0.7306922039199164,1038
2653,0.7944277108433735,0.682044384667115,0.30856975723895874,0.9489146706586826,0.39016318612347367,0.7382360477552443,1055
2654,0.7846385542168675,0.6802958977807666,0.30476747587013747,0.9464820359281437,0.39016318612347367,0.732467225998817,1042
2655,0.7808734939759037,0.6796234028244789,0.3033050599590524,0.9455464071856288,0.39016318612347367,0.7302484484001912,1037
2656,0.7808734939759037,0.6796234028244789,0.3033050599590524,0.9455464071856288,0.39016318612347367,0.7302484484001912,1037
2657,0.7823795180722891,0.679892400806994,0.3038900263234864,0.9459206586826348,0.39016318612347367,0.7311359594396416,1039
2658,0.7868975903614458,0.6806993947545393,0.30564492541678856,0.9470434131736527,0.39016318612347367,0.7337984925579926,1045
2659,0.7853915662650602,0.6804303967720242,0.3050599590523545,0.9466691616766467,0.39016318612347367,0.7329109815185422,1043
2660,0.7808734939759037,0.6796234028244789,0.3033050599590524,0.9455464071856288,0.39016318612347367,0.7302484484001912,1037
2661,0.7816265060240963,0.6797579018157364,0.30359754314126935,0.9457335329341318,0.39016318612347367,0.7306922039199164,1038
2662,0.7816265060240963,0.6797579018157364,0.30359754314126935,0.9457335329341318,0.39016318612347367,0.7306922039199164,1038
2663,0.7816265060240963,0.6797579018157364,0.30359754314126935,0.9457335329341318,0.39016318612347367,0.7306922039199164,1038
2664,0.7846385542168675,0.6802958977807666,0.30476747587013747,0.9464820359281437,0.39016318612347367,0.732467225998817,1042
2665,0.7816265060240963,0.6797579018157364,0.30359754314126935,0.9457335329341318,0.39016318612347367,0.7306922039199164,1038
2666,0.7838855421686747,0.6801613987895091,0.30447499268792044,0.9462949101796407,0.39016318612347367,0.7320234704790919,1041
2667,0.7816265060240963,0.6797579018157364,0.30359754314126935,0.9457335329341318,0.39016318612347367,0.7306922039199164,1038
2668,0.7740963855421686,0.6784129119031608,0.3006727113190992,0.9438622754491018,0.39016318612347367,0.7262546487226647,1028
2669,0.7838855421686747,0.6801613987895091,0.30447499268792044,0.9462949101796407,0.39016318612347367,0.7320234704790919,1041
2670,0.7853915662650602,0.6804303967720242,0.3050599590523545,0.9466691616766467,0.39016318612347367,0.7329109815185422,1043
2671,0.7831325301204819,0.6800268997982515,0.3041825095057034,0.9461077844311377,0.39016318612347367,0.7315797149593667,1040
2672,0.7846385542168675,0.6802958977807666,0.30476747587013747,0.9464820359281437,0.39016318612347367,0.732467225998817,1042
2673,0.7831325301204819,0.6800268997982515,0.3041825095057034,0.9461077844311377,0.39016318612347367,0.7315797149593667,1040
2674,0.7808734939759037,0.6796234028244789,0.3033050599590524,0.9455464071856288,0.39016318612347367,0.7302484484001912,1037
2675,0.7793674698795181,0.6793544048419636,0.3027200935946183,0.9451721556886228,0.39016318612347367,0.7293609373607408,1035
2676,0.7801204819277109,0.6794889038332212,0.30301257677683535,0.9453592814371258,0.39016318612347367,0.729804692880466,1036
2677,0.7899096385542169,0.6812373907195696,0.3068148581456566,0.9477919161676647,0.39016318612347367,0.7355735146368932,1049
2678,0.7838855421686747,0.6801613987895091,0.30447499268792044,0.9462949101796407,0.39016318612347367,0.7320234704790919,1041
2679,0.7838855421686747,0.6801613987895091,0.30447499268792044,0.9462949101796407,0.39016318612347367,0.7320234704790919,1041
2680,0.7786144578313253,0.6792199058507061,0.3024276104124013,0.9449850299401198,0.39016318612347367,0.7289171818410157,1034
2681,0.7831325301204819,0.6800268997982515,0.3041825095057034,0.9461077844311377,0.39016318612347367,0.7315797149593667,1040
2682,0.7884036144578314,0.6809683927370545,0.30622989178122256,0.9474176646706587,0.39016318612347367,0.734686003597443,1047
2683,0.7868975903614458,0.6806993947545393,0.30564492541678856,0.9470434131736527,0.39016318612347367,0.7337984925579926,1045
2684,0.7914156626506024,0.6815063887020847,0.3073998245100907,0.9481661676646707,0.39016318612347367,0.7364610256763435,1051
2685,0.7786144578313253,0.6792199058507061,0.3024276104124013,0.9449850299401198,0.39016318612347367,0.7289171818410157,1034
2686,0.7823795180722891,0.679892400806994,0.3038900263234864,0.9459206586826348,0.39016318612347367,0.7311359594396416,1039
2687,0.7823795180722891,0.679892400806994,0.3038900263234864,0.9459206586826348,0.39016318612347367,0.7311359594396416,1039
2688,0.7831325301204819,0.6800268997982515,0.3041825095057034,0.9461077844311377,0.39016318612347367,0.7315797149593667,1040
2689,0.7793674698795181,0.6793544048419636,0.3027200935946183,0.9451721556886228,0.39016318612347367,0.7293609373607408,1035
2690,0.7846385542168675,0.6802958977807666,0.30476747587013747,0.9464820359281437,0.39016318612347367,0.732467225998817,1042
2691,0.7876506024096386,0.680833893745797,0.30593740859900553,0.9472305389221557,0.39016318612347367,0.7342422480777178,1046
2692,0.7816265060240963,0.6797579018157364,0.30359754314126935,0.9457335329341318,0.39016318612347367,0.7306922039199164,1038
2693,0.7816265060240963,0.6797579018157364,0.30359754314126935,0.9457335329341318,0.39016318612347367,0.7306922039199164,1038
2694,0.7793674698795181,0.6793544048419636,0.3027200935946183,0.9451721556886228,0.39016318612347367,0.7293609373607408,1035
2695,0.7921686746987951,0.6816408876933423,0.3076923076923077,0.9483532934131736,0.39016318612347367,0.7369047811960687,1052
2696,0.7801204819277109,0.6794889038332212,0.30301257677683535,0.9453592814371258,0.39016318612347367,0.729804692880466,1036
2697,0.7793674698795181,0.6793544048419636,0.3027200935946183,0.9451721556886228,0.39016318612347367,0.7293609373607408,1035
2698,0.7793674698795181,0.6793544048419636,0.3027200935946183,0.9451721556886228,0.39016318612347367,0.7293609373607408,1035
2699,0.7846385542168675,0.6802958977807666,0.30476747587013747,0.9464820359281437,0.39016318612347367,0.732467225998817,1042
2700,0.7831325301204819,0.6800268997982515,0.3041825095057034,0.9461077844311377,0.39016318612347367,0.7315797149593667,1040
2701,0.7846385542168675,0.6802958977807666,0.30476747587013747,0.9464820359281437,0.39016318612347367,0.732467225998817,1042
2702,0.7846385542168675,0.6802958977807666,0.30476747587013747,0.9464820359281437,0.39016318612347367,0.732467225998817,1042
2703,0.7793674698795181,0.6793544048419636,0.3027200935946183,0.9451721556886228,0.39016318612347367,0.7293609373607408,1035
2704,0.7831325301204819,0.6800268997982515,0.3041825095057034,0.9461077844311377,0.39016318612347367,0.7315797149593667,1040
2705,0.7823795180722891,0.679892400806994,0.3038900263234864,0.9459206586826348,0.39016318612347367,0.7311359594396416,1039
2706,0.7801204819277109,0.6794889038332212,0.30301257677683535,0.9453592814371258,0.39016318612347367,0.729804692880466,1036
2707,0.7808734939759037,0.6796234028244789,0.3033050599590524,0.9455464071856288,0.39016318612347367,0.7302484484001912,1037
2708,0.7823795180722891,0.679892400806994,0.3038900263234864,0.9459206586826348,0.39016318612347367,0.7311359594396416,1039
2709,0.7921686746987951,0.6816408876933423,0.3076923076923077,0.9483532934131736,0.39016318612347367,0.7369047811960687,1052
2710,0.7831325301204819,0.6800268997982515,0.3041825095057034,0.9461077844311377,0.39016318612347367,0.7315797149593667,1040
2711,0.7831325301204819,0.6800268997982515,0.3041825095057034,0.9461077844311377,0.39016318612347367,0.7315797149593667,1040
2712,0.7793674698795181,0.6793544048419636,0.3027200935946183,0.9451721556886228,0.39016318612347367,0.7293609373607408,1035
2713,0.7823795180722891,0.679892400806994,0.3038900263234864,0.9459206586826348,0.39016318612347367,0.7311359594396416,1039
2714,0.7793674698795181,0.6793544048419636,0.3027200935946183,0.9451721556886228,0.39016318612347367,0.7293609373607408,1035
2715,0.7801204819277109,0.6794889038332212,0.30301257677683535,0.9453592814371258,0.39016318612347367,0.729804692880466,1036
2716,0.7891566265060241,0.6811028917283121,0.3065223749634396,0.9476047904191617,0.39016318612347367,0.7351297591171682,1048
2717,0.7748493975903614,0.6785474108944183,0.30096519450131615,0.9440494011976048,0.39016318612347367,0.7266984042423899,1029
2718,0.7853915662650602,0.6804303967720242,0.3050599590523545,0.9466691616766467,0.39016318612347367,0.7329109815185422,1043
2719,0.7823795180722891,0.679892400806994,0.3038900263234864,0.9459206586826348,0.39016318612347367,0.7311359594396416,1039
2720,0.7868975903614458,0.6806993947545393,0.30564492541678856,0.9470434131736527,0.39016318612347367,0.7337984925579926,1045
2721,0.7899096385542169,0.6812373907195696,0.3068148581456566,0.9477919161676647,0.39016318612347367,0.7355735146368932,1049
2722,0.7846385542168675,0.6802958977807666,0.30476747587013747,0.9464820359281437,0.39016318612347367,0.732467225998817,1042
2723,0.7876506024096386,0.680833893745797,0.30593740859900553,0.9472305389221557,0.39016318612347367,0.7342422480777178,1046
2724,0.7823795180722891,0.679892400806994,0.3038900263234864,0.9459206586826348,0.39016318612347367,0.7311359594396416,1039
2725,0.7831325301204819,0.6800268997982515,0.3041825095057034,0.9461077844311377,0.39016318612347367,0.7315797149593667,1040
2726,0.7838855421686747,0.6801613987895091,0.30447499268792044,0.9462949101796407,0.39016318612347367,0.7320234704790919,1041
2727,0.7793674698795181,0.6793544048419636,0.3027200935946183,0.9451721556886228,0.39016318612347367,0.7293609373607408,1035
2728,0.7816265060240963,0.6797579018157364,0.30359754314126935,0.9457335329341318,0.39016318612347367,0.7306922039199164,1038
2729,0.7876506024096386,0.680833893745797,0.30593740859900553,0.9472305389221557,0.39016318612347367,0.7342422480777178,1046
2730,0.7846385542168675,0.6802958977807666,0.30476747587013747,0.9464820359281437,0.39016318612347367,0.732467225998817,1042
2731,0.7846385542168675,0.6802958977807666,0.30476747587013747,0.9464820359281437,0.39016318612347367,0.732467225998817,1042
2732,0.786144578313253,0.6805648957632818,0.30535244223457153,0.9468562874251497,0.39016318612347367,0.7333547370382674,1044
2733,0.7823795180722891,0.679892400806994,0.3038900263234864,0.9459206586826348,0.39016318612347367,0.7311359594396416,1039
2734,0.7823795180722891,0.679892400806994,0.3038900263234864,0.9459206586826348,0.39016318612347367,0.7311359594396416,1039
2735,0.7838855421686747,0.6801613987895091,0.30447499268792044,0.9462949101796407,0.39016318612347367,0.7320234704790919,1041
2736,0.7846385542168675,0.6802958977807666,0.30476747587013747,0.9464820359281437,0.39016318612347367,0.732467225998817,1042
2737,0.7831325301204819,0.6800268997982515,0.3041825095057034,0.9461077844311377,0.39016318612347367,0.7315797149593667,1040
2738,0.7816265060240963,0.6797579018157364,0.30359754314126935,0.9457335329341318,0.39016318612347367,0.7306922039199164,1038
2739,0.7876506024096386,0.680833893745797,0.30593740859900553,0.9472305389221557,0.39016318612347367,0.7342422480777178,1046
2740,0.7899096385542169,0.6812373907195696,0.3068148581456566,0.9477919161676647,0.39016318612347367,0.7355735146368932,1049
2741,0.7838855421686747,0.6801613987895091,0.30447499268792044,0.9462949101796407,0.39016318612347367,0.7320234704790919,1041
2742,0.7808734939759037,0.6796234028244789,0.3033050599590524,0.9455464071856288,0.39016318612347367,0.7302484484001912,1037
2743,0.7823795180722891,0.679892400806994,0.3038900263234864,0.9459206586826348,0.39016318612347367,0.7311359594396416,1039
2744,0.7891566265060241,0.6811028917283121,0.3065223749634396,0.9476047904191617,0.39016318612347367,0.7351297591171682,1048
2745,0.7801204819277109,0.6794889038332212,0.30301257677683535,0.9453592814371258,0.39016318612347367,0.729804692880466,1036
2746,0.7899096385542169,0.6812373907195696,0.3068148581456566,0.9477919161676647,0.39016318612347367,0.7355735146368932,1049
2747,0.7838855421686747,0.6801613987895091,0.30447499268792044,0.9462949101796407,0.39016318612347367,0.7320234704790919,1041
2748,0.7808734939759037,0.6796234028244789,0.3033050599590524,0.9455464071856288,0.39016318612347367,0.7302484484001912,1037
2749,0.7808734939759037,0.6796234028244789,0.3033050599590524,0.9455464071856288,0.39016318612347367,0.7302484484001912,1037
2750,0.7816265060240963,0.6797579018157364,0.30359754314126935,0.9457335329341318,0.39016318612347367,0.7306922039199164,1038
2751,0.7868975903614458,0.6806993947545393,0.30564492541678856,0.9470434131736527,0.39016318612347367,0.7337984925579926,1045
2752,0.7808734939759037,0.6796234028244789,0.3033050599590524,0.9455464071856288,0.39016318612347367,0.7302484484001912,1037
2753,0.7906626506024096,0.6813718897108272,0.30710734132787365,0.9479790419161677,0.39016318612347367,0.7360172701566183,1050
2754,0.7846385542168675,0.6802958977807666,0.30476747587013747,0.9464820359281437,0.39016318612347367,0.732467225998817,1042
2755,0.7921686746987951,0.6816408876933423,0.3076923076923077,0.9483532934131736,0.39016318612347367,0.7369047811960687,1052
2756,0.7808734939759037,0.6796234028244789,0.3033050599590524,0.9455464071856288,0.39016318612347367,0.7302484484001912,1037
2757,0.7786144578313253,0.6792199058507061,0.3024276104124013,0.9449850299401198,0.39016318612347367,0.7289171818410157,1034
2758,0.7853915662650602,0.6804303967720242,0.3050599590523545,0.9466691616766467,0.39016318612347367,0.7329109815185422,1043
2759,0.7853915662650602,0.6804303967720242,0.3050599590523545,0.9466691616766467,0.39016318612347367,0.7329109815185422,1043
2760,0.7816265060240963,0.6797579018157364,0.30359754314126935,0.9457335329341318,0.39016318612347367,0.7306922039199164,1038
2761,0.7831325301204819,0.6800268997982515,0.3041825095057034,0.9461077844311377,0.39016318612347367,0.7315797149593667,1040
2762,0.786144578313253,0.6805648957632818,0.30535244223457153,0.9468562874251497,0.39016318612347367,0.7333547370382674,1044
2763,0.786144578313253,0.6805648957632818,0.30535244223457153,0.9468562874251497,0.39016318612347367,0.7333547370382674,1044
2764,0.7914156626506024,0.6815063887020847,0.3073998245100907,0.9481661676646707,0.39016318612347367,0.7364610256763435,1051
2765,0.7838855421686747,0.6801613987895091,0.30447499268792044,0.9462949101796407,0.39016318612347367,0.7320234704790919,1041
2766,0.7801204819277109,0.6794889038332212,0.30301257677683535,0.9453592814371258,0.39016318612347367,0.729804692880466,1036
2767,0.7823795180722891,0.679892400806994,0.3038900263234864,0.9459206586826348,0.39016318612347367,0.7311359594396416,1039
2768,0.7838855421686747,0.6801613987895091,0.30447499268792044,0.9462949101796407,0.39016318612347367,0.7320234704790919,1041
2769,0.7808734939759037,0.6796234028244789,0.3033050599590524,0.9455464071856288,0.39016318612347367,0.7302484484001912,1037
2770,0.7838855421686747,0.6801613987895091,0.30447499268792044,0.9462949101796407,0.39016318612347367,0.7320234704790919,1041
2771,0.7884036144578314,0.6809683927370545,0.30622989178122256,0.9474176646706587,0.39016318612347367,0.734686003597443,1047
2772,0.7884036144578314,0.6809683927370545,0.30622989178122256,0.9474176646706587,0.39016318612347367,0.734686003597443,1047
2773,0.7853915662650602,0.6804303967720242,0.3050599590523545,0.9466691616766467,0.39016318612347367,0.7329109815185422,1043
2774,0.7838855421686747,0.6801613987895091,0.30447499268792044,0.9462949101796407,0.39016318612347367,0.7320234704790919,1041
2775,0.7846385542168675,0.6802958977807666,0.30476747587013747,0.9464820359281437,0.39016318612347367,0.732467225998817,1042
2776,0.7876506024096386,0.680833893745797,0.30593740859900553,0.9472305389221557,0.39016318612347367,0.7342422480777178,1046
2777,0.7808734939759037,0.6796234028244789,0.3033050599590524,0.9455464071856288,0.39016318612347367,0.7302484484001912,1037
2778,0.7831325301204819,0.6800268997982515,0.3041825095057034,0.9461077844311377,0.39016318612347367,0.7315797149593667,1040
2779,0.7823795180722891,0.679892400806994,0.3038900263234864,0.9459206586826348,0.39016318612347367,0.7311359594396416,1039
2780,0.7831325301204819,0.6800268997982515,0.3041825095057034,0.9461077844311377,0.39016318612347367,0.7315797149593667,1040
2781,0.7846385542168675,0.6802958977807666,0.30476747587013747,0.9464820359281437,0.39016318612347367,0.732467225998817,1042
2782,0.7786144578313253,0.6792199058507061,0.3024276104124013,0.9449850299401198,0.39016318612347367,0.7289171818410157,1034
2783,0.7816265060240963,0.6797579018157364,0.30359754314126935,0.9457335329341318,0.39016318612347367,0.7306922039199164,1038
2784,0.7786144578313253,0.6792199058507061,0.3024276104124013,0.9449850299401198,0.39016318612347367,0.7289171818410157,1034
2785,0.7771084337349398,0.678950907868191,0.30184264404796723,0.9446107784431138,0.39016318612347367,0.7280296708015654,1032
2786,0.7756024096385542,0.6786819098856759,0.3012576776835332,0.9442365269461078,0.39016318612347367,0.727142159762115,1030
2787,0.7801204819277109,0.6794889038332212,0.30301257677683535,0.9453592814371258,0.39016318612347367,0.729804692880466,1036
2788,0.7921686746987951,0.6816408876933423,0.3076923076923077,0.9483532934131736,0.39016318612347367,0.7369047811960687,1052
2789,0.7808734939759037,0.6796234028244789,0.3033050599590524,0.9455464071856288,0.39016318612347367,0.7302484484001912,1037
2790,0.776355421686747,0.6788164088769334,0.3015501608657502,0.9444236526946108,0.39016318612347367,0.7275859152818402,1031
2791,0.7793674698795181,0.6793544048419636,0.3027200935946183,0.9451721556886228,0.39016318612347367,0.7293609373607408,1035
2792,0.7876506024096386,0.680833893745797,0.30593740859900553,0.9472305389221557,0.39016318612347367,0.7342422480777178,1046
2793,0.7868975903614458,0.6806993947545393,0.30564492541678856,0.9470434131736527,0.39016318612347367,0.7337984925579926,1045
2794,0.7838855421686747,0.6801613987895091,0.30447499268792044,0.9462949101796407,0.39016318612347367,0.7320234704790919,1041
2795,0.7838855421686747,0.6801613987895091,0.30447499268792044,0.9462949101796407,0.39016318612347367,0.7320234704790919,1041
2796,0.7868975903614458,0.6806993947545393,0.30564492541678856,0.9470434131736527,0.39016318612347367,0.7337984925579926,1045
2797,0.7740963855421686,0.6784129119031608,0.3006727113190992,0.9438622754491018,0.39016318612347367,0.7262546487226647,1028
2798,0.7876506024096386,0.680833893745797,0.30593740859900553,0.9472305389221557,0.39016318612347367,0.7342422480777178,1046
2799,0.7831325301204819,0.6800268997982515,0.3041825095057034,0.9461077844311377,0.39016318612347367,0.7315797149593667,1040
2800,0.7823795180722891,0.679892400806994,0.3038900263234864,0.9459206586826348,0.39016318612347367,0.7311359594396416,1039
2801,0.7853915662650602,0.6804303967720242,0.3050599590523545,0.9466691616766467,0.39016318612347367,0.7329109815185422,1043
2802,0.7808734939759037,0.6796234028244789,0.3033050599590524,0.9455464071856288,0.39016318612347367,0.7302484484001912,1037
2803,0.7778614457831325,0.6790854068594485,0.30213512723018426,0.9447979041916168,0.39016318612347367,0.7284734263212905,1033
2804,0.7876506024096386,0.680833893745797,0.30593740859900553,0.9472305389221557,0.39016318612347367,0.7342422480777178,1046
2805,0.7868975903614458,0.6806993947545393,0.30564492541678856,0.9470434131736527,0.39016318612347367,0.7337984925579926,1045
2806,0.7831325301204819,0.6800268997982515,0.3041825095057034,0.9461077844311377,0.39016318612347367,0.7315797149593667,1040
2807,0.7838855421686747,0.6801613987895091,0.30447499268792044,0.9462949101796407,0.39016318612347367,0.7320234704790919,1041
2808,0.7884036144578314,0.6809683927370545,0.30622989178122256,0.9474176646706587,0.39016318612347367,0.734686003597443,1047
2809,0.7831325301204819,0.6800268997982515,0.3041825095057034,0.9461077844311377,0.39016318612347367,0.7315797149593667,1040
2810,0.7808734939759037,0.6796234028244789,0.3033050599590524,0.9455464071856288,0.39016318612347367,0.7302484484001912,1037
2811,0.7816265060240963,0.6797579018157364,0.30359754314126935,0.9457335329341318,0.39016318612347367,0.7306922039199164,1038
2812,0.7853915662650602,0.6804303967720242,0.3050599590523545,0.9466691616766467,0.39016318612347367,0.7329109815185422,1043
2813,0.7853915662650602,0.6804303967720242,0.3050599590523545,0.9466691616766467,0.39016318612347367,0.7329109815185422,1043
2814,0.7801204819277109,0.6794889038332212,0.30301257677683535,0.9453592814371258,0.39016318612347367,0.729804692880466,1036
2815,0.7816265060240963,0.6797579018157364,0.30359754314126935,0.9457335329341318,0.39016318612347367,0.7306922039199164,1038
2816,0.7899096385542169,0.6812373907195696,0.3068148581456566,0.9477919161676647,0.39016318612347367,0.7355735146368932,1049
2817,0.7823795180722891,0.679892400806994,0.3038900263234864,0.9459206586826348,0.39016318612347367,0.7311359594396416,1039
2818,0.7831325301204819,0.6800268997982515,0.3041825095057034,0.9461077844311377,0.39016318612347367,0.7315797149593667,1040
2819,0.7816265060240963,0.6797579018157364,0.30359754314126935,0.9457335329341318,0.39016318612347367,0.7306922039199164,1038
2820,0.7868975903614458,0.6806993947545393,0.30564492541678856,0.9470434131736527,0.39016318612347367,0.7337984925579926,1045
2821,0.7808734939759037,0.6796234028244789,0.3033050599590524,0.9455464071856288,0.39016318612347367,0.7302484484001912,1037
2822,0.7793674698795181,0.6793544048419636,0.3027200935946183,0.9451721556886228,0.39016318612347367,0.7293609373607408,1035
2823,0.7846385542168675,0.6802958977807666,0.30476747587013747,0.9464820359281437,0.39016318612347367,0.732467225998817,1042
2824,0.7838855421686747,0.6801613987895091,0.30447499268792044,0.9462949101796407,0.39016318612347367,0.7320234704790919,1041
2825,0.7823795180722891,0.679892400806994,0.3038900263234864,0.9459206586826348,0.39016318612347367,0.7311359594396416,1039
2826,0.7823795180722891,0.679892400806994,0.3038900263234864,0.9459206586826348,0.39016318612347367,0.7311359594396416,1039
2827,0.7853915662650602,0.6804303967720242,0.3050599590523545,0.9466691616766467,0.39016318612347367,0.7329109815185422,1043
2828,0.7876506024096386,0.680833893745797,0.30593740859900553,0.9472305389221557,0.39016318612347367,0.7342422480777178,1046
2829,0.7823795180722891,0.679892400806994,0.3038900263234864,0.9459206586826348,0.39016318612347367,0.7311359594396416,1039
2830,0.7899096385542169,0.6812373907195696,0.3068148581456566,0.9477919161676647,0.39016318612347367,0.7355735146368932,1049
2831,0.7899096385542169,0.6812373907195696,0.3068148581456566,0.9477919161676647,0.39016318612347367,0.7355735146368932,1049
2832,0.7846385542168675,0.6802958977807666,0.30476747587013747,0.9464820359281437,0.39016318612347367,0.732467225998817,1042
2833,0.7838855421686747,0.6801613987895091,0.30447499268792044,0.9462949101796407,0.39016318612347367,0.7320234704790919,1041
2834,0.7876506024096386,0.680833893745797,0.30593740859900553,0.9472305389221557,0.39016318612347367,0.7342422480777178,1046
2835,0.7853915662650602,0.6804303967720242,0.3050599590523545,0.9466691616766467,0.39016318612347367,0.7329109815185422,1043
2836,0.7831325301204819,0.6800268997982515,0.3041825095057034,0.9461077844311377,0.39016318612347367,0.7315797149593667,1040
2837,0.7921686746987951,0.6816408876933423,0.3076923076923077,0.9483532934131736,0.39016318612347367,0.7369047811960687,1052
2838,0.7853915662650602,0.6804303967720242,0.3050599590523545,0.9466691616766467,0.39016318612347367,0.7329109815185422,1043
2839,0.7786144578313253,0.6792199058507061,0.3024276104124013,0.9449850299401198,0.39016318612347367,0.7289171818410157,1034
2840,0.7853915662650602,0.6804303967720242,0.3050599590523545,0.9466691616766467,0.39016318612347367,0.7329109815185422,1043
2841,0.7868975903614458,0.6806993947545393,0.30564492541678856,0.9470434131736527,0.39016318612347367,0.7337984925579926,1045
2842,0.7853915662650602,0.6804303967720242,0.3050599590523545,0.9466691616766467,0.39016318612347367,0.7329109815185422,1043
2843,0.7816265060240963,0.6797579018157364,0.30359754314126935,0.9457335329341318,0.39016318612347367,0.7306922039199164,1038
2844,0.7899096385542169,0.6812373907195696,0.3068148581456566,0.9477919161676647,0.39016318612347367,0.7355735146368932,1049
2845,0.7823795180722891,0.679892400806994,0.3038900263234864,0.9459206586826348,0.39016318612347367,0.7311359594396416,1039
2846,0.7793674698795181,0.6793544048419636,0.3027200935946183,0.9451721556886228,0.39016318612347367,0.7293609373607408,1035
2847,0.7846385542168675,0.6802958977807666,0.30476747587013747,0.9464820359281437,0.39016318612347367,0.732467225998817,1042
2848,0.7876506024096386,0.680833893745797,0.30593740859900553,0.9472305389221557,0.39016318612347367,0.7342422480777178,1046
2849,0.7868975903614458,0.6806993947545393,0.30564492541678856,0.9470434131736527,0.39016318612347367,0.7337984925579926,1045
2850,0.7876506024096386,0.680833893745797,0.30593740859900553,0.9472305389221557,0.39016318612347367,0.7342422480777178,1046
2851,0.7823795180722891,0.679892400806994,0.3038900263234864,0.9459206586826348,0.39016318612347367,0.7311359594396416,1039
2852,0.7891566265060241,0.6811028917283121,0.3065223749634396,0.9476047904191617,0.39016318612347367,0.7351297591171682,1048
2853,0.7793674698795181,0.6793544048419636,0.3027200935946183,0.9451721556886228,0.39016318612347367,0.7293609373607408,1035
2854,0.7801204819277109,0.6794889038332212,0.30301257677683535,0.9453592814371258,0.39016318612347367,0.729804692880466,1036
2855,0.7816265060240963,0.6797579018157364,0.30359754314126935,0.9457335329341318,0.39016318612347367,0.7306922039199164,1038
2856,0.7846385542168675,0.6802958977807666,0.30476747587013747,0.9464820359281437,0.39016318612347367,0.732467225998817,1042
2857,0.7876506024096386,0.680833893745797,0.30593740859900553,0.9472305389221557,0.39016318612347367,0.7342422480777178,1046
2858,0.7823795180722891,0.679892400806994,0.3038900263234864,0.9459206586826348,0.39016318612347367,0.7311359594396416,1039
2859,0.786144578313253,0.6805648957632818,0.30535244223457153,0.9468562874251497,0.39016318612347367,0.7333547370382674,1044
2860,0.7846385542168675,0.6802958977807666,0.30476747587013747,0.9464820359281437,0.39016318612347367,0.732467225998817,1042
2861,0.7816265060240963,0.6797579018157364,0.30359754314126935,0.9457335329341318,0.39016318612347367,0.7306922039199164,1038
2862,0.7846385542168675,0.6802958977807666,0.30476747587013747,0.9464820359281437,0.39016318612347367,0.732467225998817,1042
2863,0.7808734939759037,0.6796234028244789,0.3033050599590524,0.9455464071856288,0.39016318612347367,0.7302484484001912,1037
2864,0.7853915662650602,0.6804303967720242,0.3050599590523545,0.9466691616766467,0.39016318612347367,0.7329109815185422,1043
2865,0.7846385542168675,0.6802958977807666,0.30476747587013747,0.9464820359281437,0.39016318612347367,0.732467225998817,1042
2866,0.7868975903614458,0.6806993947545393,0.30564492541678856,0.9470434131736527,0.39016318612347367,0.7337984925579926,1045
2867,0.786144578313253,0.6805648957632818,0.30535244223457153,0.9468562874251497,0.39016318612347367,0.7333547370382674,1044
2868,0.7816265060240963,0.6797579018157364,0.30359754314126935,0.9457335329341318,0.39016318612347367,0.7306922039199164,1038
2869,0.7808734939759037,0.6796234028244789,0.3033050599590524,0.9455464071856288,0.39016318612347367,0.7302484484001912,1037
2870,0.7838855421686747,0.6801613987895091,0.30447499268792044,0.9462949101796407,0.39016318612347367,0.7320234704790919,1041
2871,0.7816265060240963,0.6797579018157364,0.30359754314126935,0.9457335329341318,0.39016318612347367,0.7306922039199164,1038
2872,0.7831325301204819,0.6800268997982515,0.3041825095057034,0.9461077844311377,0.39016318612347367,0.7315797149593667,1040
2873,0.7808734939759037,0.6796234028244789,0.3033050599590524,0.9455464071856288,0.39016318612347367,0.7302484484001912,1037
2874,0.786144578313253,0.6805648957632818,0.30535244223457153,0.9468562874251497,0.39016318612347367,0.7333547370382674,1044
2875,0.7846385542168675,0.6802958977807666,0.30476747587013747,0.9464820359281437,0.39016318612347367,0.732467225998817,1042
2876,0.7853915662650602,0.6804303967720242,0.3050599590523545,0.9466691616766467,0.39016318612347367,0.7329109815185422,1043
2877,0.7786144578313253,0.6792199058507061,0.3024276104124013,0.9449850299401198,0.39016318612347367,0.7289171818410157,1034
2878,0.7891566265060241,0.6811028917283121,0.3065223749634396,0.9476047904191617,0.39016318612347367,0.7351297591171682,1048
2879,0.786144578313253,0.6805648957632818,0.30535244223457153,0.9468562874251497,0.39016318612347367,0.7333547370382674,1044
2880,0.7831325301204819,0.6800268997982515,0.3041825095057034,0.9461077844311377,0.39016318612347367,0.7315797149593667,1040
2881,0.7884036144578314,0.6809683927370545,0.30622989178122256,0.9474176646706587,0.39016318612347367,0.734686003597443,1047
2882,0.7838855421686747,0.6801613987895091,0.30447499268792044,0.9462949101796407,0.39016318612347367,0.7320234704790919,1041
2883,0.7899096385542169,0.6812373907195696,0.3068148581456566,0.9477919161676647,0.39016318612347367,0.7355735146368932,1049
2884,0.7876506024096386,0.680833893745797,0.30593740859900553,0.9472305389221557,0.39016318612347367,0.7342422480777178,1046
2885,0.7891566265060241,0.6811028917283121,0.3065223749634396,0.9476047904191617,0.39016318612347367,0.7351297591171682,1048
2886,0.7831325301204819,0.6800268997982515,0.3041825095057034,0.9461077844311377,0.39016318612347367,0.7315797149593667,1040
2887,0.7846385542168675,0.6802958977807666,0.30476747587013747,0.9464820359281437,0.39016318612347367,0.732467225998817,1042
2888,0.7808734939759037,0.6796234028244789,0.3033050599590524,0.9455464071856288,0.39016318612347367,0.7302484484001912,1037
2889,0.7853915662650602,0.6804303967720242,0.3050599590523545,0.9466691616766467,0.39016318612347367,0.7329109815185422,1043
2890,0.7816265060240963,0.6797579018157364,0.30359754314126935,0.9457335329341318,0.39016318612347367,0.7306922039199164,1038
2891,0.7884036144578314,0.6809683927370545,0.30622989178122256,0.9474176646706587,0.39016318612347367,0.734686003597443,1047
2892,0.7853915662650602,0.6804303967720242,0.3050599590523545,0.9466691616766467,0.39016318612347367,0.7329109815185422,1043
2893,0.7838855421686747,0.6801613987895091,0.30447499268792044,0.9462949101796407,0.39016318612347367,0.7320234704790919,1041
2894,0.7891566265060241,0.6811028917283121,0.3065223749634396,0.9476047904191617,0.39016318612347367,0.7351297591171682,1048
2895,0.7831325301204819,0.6800268997982515,0.3041825095057034,0.9461077844311377,0.39016318612347367,0.7315797149593667,1040
2896,0.7831325301204819,0.6800268997982515,0.3041825095057034,0.9461077844311377,0.39016318612347367,0.7315797149593667,1040
2897,0.7846385542168675,0.6802958977807666,0.30476747587013747,0.9464820359281437,0.39016318612347367,0.732467225998817,1042
2898,0.786144578313253,0.6805648957632818,0.30535244223457153,0.9468562874251497,0.39016318612347367,0.7333547370382674,1044
2899,0.7831325301204819,0.6800268997982515,0.3041825095057034,0.9461077844311377,0.39016318612347367,0.7315797149593667,1040
2900,0.776355421686747,0.6788164088769334,0.3015501608657502,0.9444236526946108,0.39016318612347367,0.7275859152818402,1031
2901,0.7748493975903614,0.6785474108944183,0.30096519450131615,0.9440494011976048,0.39016318612347367,0.7266984042423899,1029
2902,0.7816265060240963,0.6797579018157364,0.30359754314126935,0.9457335329341318,0.39016318612347367,0.7306922039199164,1038
2903,0.7823795180722891,0.679892400806994,0.3038900263234864,0.9459206586826348,0.39016318612347367,0.7311359594396416,1039
2904,0.7771084337349398,0.678950907868191,0.30184264404796723,0.9446107784431138,0.39016318612347367,0.7280296708015654,1032
2905,0.7786144578313253,0.6792199058507061,0.3024276104124013,0.9449850299401198,0.39016318612347367,0.7289171818410157,1034
2906,0.7853915662650602,0.6804303967720242,0.3050599590523545,0.9466691616766467,0.39016318612347367,0.7329109815185422,1043
2907,0.7838855421686747,0.6801613987895091,0.30447499268792044,0.9462949101796407,0.39016318612347367,0.7320234704790919,1041
2908,0.7846385542168675,0.6802958977807666,0.30476747587013747,0.9464820359281437,0.39016318612347367,0.732467225998817,1042
2909,0.7771084337349398,0.678950907868191,0.30184264404796723,0.9446107784431138,0.39016318612347367,0.7280296708015654,1032
2910,0.776355421686747,0.6788164088769334,0.3015501608657502,0.9444236526946108,0.39016318612347367,0.7275859152818402,1031
2911,0.7778614457831325,0.6790854068594485,0.30213512723018426,0.9447979041916168,0.39016318612347367,0.7284734263212905,1033
2912,0.7793674698795181,0.6793544048419636,0.3027200935946183,0.9451721556886228,0.39016318612347367,0.7293609373607408,1035
2913,0.7831325301204819,0.6800268997982515,0.3041825095057034,0.9461077844311377,0.39016318612347367,0.7315797149593667,1040
2914,0.7793674698795181,0.6793544048419636,0.3027200935946183,0.9451721556886228,0.39016318612347367,0.7293609373607408,1035
2915,0.7823795180722891,0.679892400806994,0.3038900263234864,0.9459206586826348,0.39016318612347367,0.7311359594396416,1039
2916,0.7891566265060241,0.6811028917283121,0.3065223749634396,0.9476047904191617,0.39016318612347367,0.7351297591171682,1048
2917,0.7816265060240963,0.6797579018157364,0.30359754314126935,0.9457335329341318,0.39016318612347367,0.7306922039199164,1038
2918,0.7778614457831325,0.6790854068594485,0.30213512723018426,0.9447979041916168,0.39016318612347367,0.7284734263212905,1033
2919,0.7831325301204819,0.6800268997982515,0.3041825095057034,0.9461077844311377,0.39016318612347367,0.7315797149593667,1040
2920,0.7816265060240963,0.6797579018157364,0.30359754314126935,0.9457335329341318,0.39016318612347367,0.7306922039199164,1038
2921,0.7899096385542169,0.6812373907195696,0.3068148581456566,0.9477919161676647,0.39016318612347367,0.7355735146368932,1049
2922,0.7838855421686747,0.6801613987895091,0.30447499268792044,0.9462949101796407,0.39016318612347367,0.7320234704790919,1041
2923,0.7801204819277109,0.6794889038332212,0.30301257677683535,0.9453592814371258,0.39016318612347367,0.729804692880466,1036
2924,0.7853915662650602,0.6804303967720242,0.3050599590523545,0.9466691616766467,0.39016318612347367,0.7329109815185422,1043
2925,0.7891566265060241,0.6811028917283121,0.3065223749634396,0.9476047904191617,0.39016318612347367,0.7351297591171682,1048
2926,0.7876506024096386,0.680833893745797,0.30593740859900553,0.9472305389221557,0.39016318612347367,0.7342422480777178,1046
2927,0.7884036144578314,0.6809683927370545,0.30622989178122256,0.9474176646706587,0.39016318612347367,0.734686003597443,1047
2928,0.7846385542168675,0.6802958977807666,0.30476747587013747,0.9464820359281437,0.39016318612347367,0.732467225998817,1042
2929,0.7831325301204819,0.6800268997982515,0.3041825095057034,0.9461077844311377,0.39016318612347367,0.7315797149593667,1040
2930,0.7846385542168675,0.6802958977807666,0.30476747587013747,0.9464820359281437,0.39016318612347367,0.732467225998817,1042
2931,0.7816265060240963,0.6797579018157364,0.30359754314126935,0.9457335329341318,0.39016318612347367,0.7306922039199164,1038
2932,0.7853915662650602,0.6804303967720242,0.3050599590523545,0.9466691616766467,0.39016318612347367,0.7329109815185422,1043
2933,0.7801204819277109,0.6794889038332212,0.30301257677683535,0.9453592814371258,0.39016318612347367,0.729804692880466,1036
2934,0.7876506024096386,0.680833893745797,0.30593740859900553,0.9472305389221557,0.39016318612347367,0.7342422480777178,1046
2935,0.786144578313253,0.6805648957632818,0.30535244223457153,0.9468562874251497,0.39016318612347367,0.7333547370382674,1044
2936,0.7876506024096386,0.680833893745797,0.30593740859900553,0.9472305389221557,0.39016318612347367,0.7342422480777178,1046
2937,0.7838855421686747,0.6801613987895091,0.30447499268792044,0.9462949101796407,0.39016318612347367,0.7320234704790919,1041
2938,0.7816265060240963,0.6797579018157364,0.30359754314126935,0.9457335329341318,0.39016318612347367,0.7306922039199164,1038
2939,0.7801204819277109,0.6794889038332212,0.30301257677683535,0.9453592814371258,0.39016318612347367,0.729804692880466,1036
2940,0.7891566265060241,0.6811028917283121,0.3065223749634396,0.9476047904191617,0.39016318612347367,0.7351297591171682,1048
2941,0.7823795180722891,0.679892400806994,0.3038900263234864,0.9459206586826348,0.39016318612347367,0.7311359594396416,1039
2942,0.7823795180722891,0.679892400806994,0.3038900263234864,0.9459206586826348,0.39016318612347367,0.7311359594396416,1039
2943,0.7808734939759037,0.6796234028244789,0.3033050599590524,0.9455464071856288,0.39016318612347367,0.7302484484001912,1037
2944,0.7876506024096386,0.680833893745797,0.30593740859900553,0.9472305389221557,0.39016318612347367,0.7342422480777178,1046
2945,0.7891566265060241,0.6811028917283121,0.3065223749634396,0.9476047904191617,0.39016318612347367,0.7351297591171682,1048
2946,0.7853915662650602,0.6804303967720242,0.3050599590523545,0.9466691616766467,0.39016318612347367,0.7329109815185422,1043
2947,0.7884036144578314,0.6809683927370545,0.30622989178122256,0.9474176646706587,0.39016318612347367,0.734686003597443,1047
2948,0.7899096385542169,0.6812373907195696,0.3068148581456566,0.9477919161676647,0.39016318612347367,0.7355735146368932,1049
2949,0.7801204819277109,0.6794889038332212,0.30301257677683535,0.9453592814371258,0.39016318612347367,0.729804692880466,1036
2950,0.7929216867469879,0.6817753866845999,0.30798479087452474,0.9485404191616766,0.39016318612347367,0.7373485367157939,1053
2951,0.7778614457831325,0.6790854068594485,0.30213512723018426,0.9447979041916168,0.39016318612347367,0.7284734263212905,1033
2952,0.7846385542168675,0.6802958977807666,0.30476747587013747,0.9464820359281437,0.39016318612347367,0.732467225998817,1042
2953,0.7793674698795181,0.6793544048419636,0.3027200935946183,0.9451721556886228,0.39016318612347367,0.7293609373607408,1035
2954,0.7838855421686747,0.6801613987895091,0.30447499268792044,0.9462949101796407,0.39016318612347367,0.7320234704790919,1041
2955,0.7846385542168675,0.6802958977807666,0.30476747587013747,0.9464820359281437,0.39016318612347367,0.732467225998817,1042
2956,0.7853915662650602,0.6804303967720242,0.3050599590523545,0.9466691616766467,0.39016318612347367,0.7329109815185422,1043
2957,0.7808734939759037,0.6796234028244789,0.3033050599590524,0.9455464071856288,0.39016318612347367,0.7302484484001912,1037
2958,0.7884036144578314,0.6809683927370545,0.30622989178122256,0.9474176646706587,0.39016318612347367,0.734686003597443,1047
2959,0.7884036144578314,0.6809683927370545,0.30622989178122256,0.9474176646706587,0.39016318612347367,0.734686003597443,1047
2960,0.7786144578313253,0.6792199058507061,0.3024276104124013,0.9449850299401198,0.39016318612347367,0.7289171818410157,1034
2961,0.7808734939759037,0.6796234028244789,0.3033050599590524,0.9455464071856288,0.39016318612347367,0.7302484484001912,1037
2962,0.7786144578313253,0.6792199058507061,0.3024276104124013,0.9449850299401198,0.39016318612347367,0.7289171818410157,1034
2963,0.7868975903614458,0.6806993947545393,0.30564492541678856,0.9470434131736527,0.39016318612347367,0.7337984925579926,1045
2964,0.7868975903614458,0.6806993947545393,0.30564492541678856,0.9470434131736527,0.39016318612347367,0.7337984925579926,1045
2965,0.7816265060240963,0.6797579018157364,0.30359754314126935,0.9457335329341318,0.39016318612347367,0.7306922039199164,1038
2966,0.7823795180722891,0.679892400806994,0.3038900263234864,0.9459206586826348,0.39016318612347367,0.7311359594396416,1039
2967,0.7853915662650602,0.6804303967720242,0.3050599590523545,0.9466691616766467,0.39016318612347367,0.7329109815185422,1043
2968,0.7816265060240963,0.6797579018157364,0.30359754314126935,0.9457335329341318,0.39016318612347367,0.7306922039199164,1038
2969,0.7786144578313253,0.6792199058507061,0.3024276104124013,0.9449850299401198,0.39016318612347367,0.7289171818410157,1034
2970,0.7786144578313253,0.6792199058507061,0.3024276104124013,0.9449850299401198,0.39016318612347367,0.7289171818410157,1034
2971,0.7823795180722891,0.679892400806994,0.3038900263234864,0.9459206586826348,0.39016318612347367,0.7311359594396416,1039
2972,0.7853915662650602,0.6804303967720242,0.3050599590523545,0.9466691616766467,0.39016318612347367,0.7329109815185422,1043
2973,0.7846385542168675,0.6802958977807666,0.30476747587013747,0.9464820359281437,0.39016318612347367,0.732467225998817,1042
2974,0.7884036144578314,0.6809683927370545,0.30622989178122256,0.9474176646706587,0.39016318612347367,0.734686003597443,1047
2975,0.776355421686747,0.6788164088769334,0.3015501608657502,0.9444236526946108,0.39016318612347367,0.7275859152818402,1031
2976,0.7868975903614458,0.6806993947545393,0.30564492541678856,0.9470434131736527,0.39016318612347367,0.7337984925579926,1045
2977,0.7801204819277109,0.6794889038332212,0.30301257677683535,0.9453592814371258,0.39016318612347367,0.729804692880466,1036
2978,0.7899096385542169,0.6812373907195696,0.3068148581456566,0.9477919161676647,0.39016318612347367,0.7355735146368932,1049
2979,0.7831325301204819,0.6800268997982515,0.3041825095057034,0.9461077844311377,0.39016318612347367,0.7315797149593667,1040
2980,0.7846385542168675,0.6802958977807666,0.30476747587013747,0.9464820359281437,0.39016318612347367,0.732467225998817,1042
2981,0.7823795180722891,0.679892400806994,0.3038900263234864,0.9459206586826348,0.39016318612347367,0.7311359594396416,1039
2982,0.7831325301204819,0.6800268997982515,0.3041825095057034,0.9461077844311377,0.39016318612347367,0.7315797149593667,1040
2983,0.7853915662650602,0.6804303967720242,0.3050599590523545,0.9466691616766467,0.39016318612347367,0.7329109815185422,1043
2984,0.7748493975903614,0.6785474108944183,0.30096519450131615,0.9440494011976048,0.39016318612347367,0.7266984042423899,1029
2985,0.7876506024096386,0.680833893745797,0.30593740859900553,0.9472305389221557,0.39016318612347367,0.7342422480777178,1046
2986,0.7771084337349398,0.678950907868191,0.30184264404796723,0.9446107784431138,0.39016318612347367,0.7280296708015654,1032
2987,0.7838855421686747,0.6801613987895091,0.30447499268792044,0.9462949101796407,0.39016318612347367,0.7320234704790919,1041
2988,0.786144578313253,0.6805648957632818,0.30535244223457153,0.9468562874251497,0.39016318612347367,0.7333547370382674,1044
2989,0.786144578313253,0.6805648957632818,0.30535244223457153,0.9468562874251497,0.39016318612347367,0.7333547370382674,1044
2990,0.7891566265060241,0.6811028917283121,0.3065223749634396,0.9476047904191617,0.39016318612347367,0.7351297591171682,1048
2991,0.7831325301204819,0.6800268997982515,0.3041825095057034,0.9461077844311377,0.39016318612347367,0.7315797149593667,1040
2992,0.7831325301204819,0.6800268997982515,0.3041825095057034,0.9461077844311377,0.39016318612347367,0.7315797149593667,1040
2993,0.7793674698795181,0.6793544048419636,0.3027200935946183,0.9451721556886228,0.39016318612347367,0.7293609373607408,1035
2994,0.7823795180722891,0.679892400806994,0.3038900263234864,0.9459206586826348,0.39016318612347367,0.7311359594396416,1039
2995,0.7853915662650602,0.6804303967720242,0.3050599590523545,0.9466691616766467,0.39016318612347367,0.7329109815185422,1043
2996,0.7808734939759037,0.6796234028244789,0.3033050599590524,0.9455464071856288,0.39016318612347367,0.7302484484001912,1037
2997,0.7868975903614458,0.6806993947545393,0.30564492541678856,0.9470434131736527,0.39016318612347367,0.7337984925579926,1045
2998,0.7831325301204819,0.6800268997982515,0.3041825095057034,0.9461077844311377,0.39016318612347367,0.7315797149593667,1040
2999,0.7853915662650602,0.6804303967720242,0.3050599590523545,0.9466691616766467,0.39016318612347367,0.7329109815185422,1043
3000,0.786144578313253,0.6805648957632818,0.30535244223457153,0.9468562874251497,0.39016318612347367,0.7333547370382674,1044
3001,0.7884036144578314,0.6809683927370545,0.30622989178122256,0.9474176646706587,0.39016318612347367,0.734686003597443,1047
3002,0.786144578313253,0.6805648957632818,0.30535244223457153,0.9468562874251497,0.39016318612347367,0.7333547370382674,1044
3003,0.7823795180722891,0.679892400806994,0.3038900263234864,0.9459206586826348,0.39016318612347367,0.7311359594396416,1039
3004,0.7801204819277109,0.6794889038332212,0.30301257677683535,0.9453592814371258,0.39016318612347367,0.729804692880466,1036
3005,0.7853915662650602,0.6804303967720242,0.3050599590523545,0.9466691616766467,0.39016318612347367,0.7329109815185422,1043
3006,0.7876506024096386,0.680833893745797,0.30593740859900553,0.9472305389221557,0.39016318612347367,0.7342422480777178,1046
3007,0.7740963855421686,0.6784129119031608,0.3006727113190992,0.9438622754491018,0.39016318612347367,0.7262546487226647,1028
3008,0.7748493975903614,0.6785474108944183,0.30096519450131615,0.9440494011976048,0.39016318612347367,0.7266984042423899,1029
3009,0.7906626506024096,0.6813718897108272,0.30710734132787365,0.9479790419161677,0.39016318612347367,0.7360172701566183,1050
3010,0.7831325301204819,0.6800268997982515,0.3041825095057034,0.9461077844311377,0.39016318612347367,0.7315797149593667,1040
3011,0.786144578313253,0.6805648957632818,0.30535244223457153,0.9468562874251497,0.39016318612347367,0.7333547370382674,1044
3012,0.7831325301204819,0.6800268997982515,0.3041825095057034,0.9461077844311377,0.39016318612347367,0.7315797149593667,1040
3013,0.7929216867469879,0.6817753866845999,0.30798479087452474,0.9485404191616766,0.39016318612347367,0.7373485367157939,1053
3014,0.7816265060240963,0.6797579018157364,0.30359754314126935,0.9457335329341318,0.39016318612347367,0.7306922039199164,1038
3015,0.7816265060240963,0.6797579018157364,0.30359754314126935,0.9457335329341318,0.39016318612347367,0.7306922039199164,1038
3016,0.7831325301204819,0.6800268997982515,0.3041825095057034,0.9461077844311377,0.39016318612347367,0.7315797149593667,1040
3017,0.7846385542168675,0.6802958977807666,0.30476747587013747,0.9464820359281437,0.39016318612347367,0.732467225998817,1042
3018,0.7816265060240963,0.6797579018157364,0.30359754314126935,0.9457335329341318,0.39016318612347367,0.7306922039199164,1038
3019,0.7838855421686747,0.6801613987895091,0.30447499268792044,0.9462949101796407,0.39016318612347367,0.7320234704790919,1041
3020,0.7921686746987951,0.6816408876933423,0.3076923076923077,0.9483532934131736,0.39016318612347367,0.7369047811960687,1052
3021,0.786144578313253,0.6805648957632818,0.30535244223457153,0.9468562874251497,0.39016318612347367,0.7333547370382674,1044
3022,0.7838855421686747,0.6801613987895091,0.30447499268792044,0.9462949101796407,0.39016318612347367,0.7320234704790919,1041
3023,0.7823795180722891,0.679892400806994,0.3038900263234864,0.9459206586826348,0.39016318612347367,0.7311359594396416,1039
3024,0.7846385542168675,0.6802958977807666,0.30476747587013747,0.9464820359281437,0.39016318612347367,0.732467225998817,1042
3025,0.7868975903614458,0.6806993947545393,0.30564492541678856,0.9470434131736527,0.39016318612347367,0.7337984925579926,1045
3026,0.7838855421686747,0.6801613987895091,0.30447499268792044,0.9462949101796407,0.39016318612347367,0.7320234704790919,1041
3027,0.7808734939759037,0.6796234028244789,0.3033050599590524,0.9455464071856288,0.39016318612347367,0.7302484484001912,1037
3028,0.7816265060240963,0.6797579018157364,0.30359754314126935,0.9457335329341318,0.39016318612347367,0.7306922039199164,1038
3029,0.7846385542168675,0.6802958977807666,0.30476747587013747,0.9464820359281437,0.39016318612347367,0.732467225998817,1042
3030,0.7816265060240963,0.6797579018157364,0.30359754314126935,0.9457335329341318,0.39016318612347367,0.7306922039199164,1038
3031,0.7808734939759037,0.6796234028244789,0.3033050599590524,0.9455464071856288,0.39016318612347367,0.7302484484001912,1037
3032,0.7853915662650602,0.6804303967720242,0.3050599590523545,0.9466691616766467,0.39016318612347367,0.7329109815185422,1043
3033,0.7823795180722891,0.679892400806994,0.3038900263234864,0.9459206586826348,0.39016318612347367,0.7311359594396416,1039
3034,0.7808734939759037,0.6796234028244789,0.3033050599590524,0.9455464071856288,0.39016318612347367,0.7302484484001912,1037
3035,0.776355421686747,0.6788164088769334,0.3015501608657502,0.9444236526946108,0.39016318612347367,0.7275859152818402,1031
3036,0.7876506024096386,0.680833893745797,0.30593740859900553,0.9472305389221557,0.39016318612347367,0.7342422480777178,1046
3037,0.7808734939759037,0.6796234028244789,0.3033050599590524,0.9455464071856288,0.39016318612347367,0.7302484484001912,1037
3038,0.7899096385542169,0.6812373907195696,0.3068148581456566,0.9477919161676647,0.39016318612347367,0.7355735146368932,1049
3039,0.7868975903614458,0.6806993947545393,0.30564492541678856,0.9470434131736527,0.39016318612347367,0.7337984925579926,1045
3040,0.7831325301204819,0.6800268997982515,0.3041825095057034,0.9461077844311377,0.39016318612347367,0.7315797149593667,1040
3041,0.7778614457831325,0.6790854068594485,0.30213512723018426,0.9447979041916168,0.39016318612347367,0.7284734263212905,1033
3042,0.7846385542168675,0.6802958977807666,0.30476747587013747,0.9464820359281437,0.39016318612347367,0.732467225998817,1042
3043,0.7853915662650602,0.6804303967720242,0.3050599590523545,0.9466691616766467,0.39016318612347367,0.7329109815185422,1043
3044,0.7846385542168675,0.6802958977807666,0.30476747587013747,0.9464820359281437,0.39016318612347367,0.732467225998817,1042
3045,0.7808734939759037,0.6796234028244789,0.3033050599590524,0.9455464071856288,0.39016318612347367,0.7302484484001912,1037
3046,0.7823795180722891,0.679892400806994,0.3038900263234864,0.9459206586826348,0.39016318612347367,0.7311359594396416,1039
3047,0.7914156626506024,0.6815063887020847,0.3073998245100907,0.9481661676646707,0.39016318612347367,0.7364610256763435,1051
3048,0.7899096385542169,0.6812373907195696,0.3068148581456566,0.9477919161676647,0.39016318612347367,0.7355735146368932,1049
3049,0.7823795180722891,0.679892400806994,0.3038900263234864,0.9459206586826348,0.39016318612347367,0.7311359594396416,1039
3050,0.7808734939759037,0.6796234028244789,0.3033050599590524,0.9455464071856288,0.39016318612347367,0.7302484484001912,1037
3051,0.7831325301204819,0.6800268997982515,0.3041825095057034,0.9461077844311377,0.39016318612347367,0.7315797149593667,1040
3052,0.786144578313253,0.6805648957632818,0.30535244223457153,0.9468562874251497,0.39016318612347367,0.7333547370382674,1044
3053,0.786144578313253,0.6805648957632818,0.30535244223457153,0.9468562874251497,0.39016318612347367,0.7333547370382674,1044
3054,0.7884036144578314,0.6809683927370545,0.30622989178122256,0.9474176646706587,0.39016318612347367,0.734686003597443,1047
3055,0.7771084337349398,0.678950907868191,0.30184264404796723,0.9446107784431138,0.39016318612347367,0.7280296708015654,1032
3056,0.7838855421686747,0.6801613987895091,0.30447499268792044,0.9462949101796407,0.39016318612347367,0.7320234704790919,1041
3057,0.786144578313253,0.6805648957632818,0.30535244223457153,0.9468562874251497,0.39016318612347367,0.7333547370382674,1044
3058,0.7823795180722891,0.679892400806994,0.3038900263234864,0.9459206586826348,0.39016318612347367,0.7311359594396416,1039
3059,0.7906626506024096,0.6813718897108272,0.30710734132787365,0.9479790419161677,0.39016318612347367,0.7360172701566183,1050
3060,0.7846385542168675,0.6802958977807666,0.30476747587013747,0.9464820359281437,0.39016318612347367,0.732467225998817,1042
3061,0.7838855421686747,0.6801613987895091,0.30447499268792044,0.9462949101796407,0.39016318612347367,0.7320234704790919,1041
3062,0.776355421686747,0.6788164088769334,0.3015501608657502,0.9444236526946108,0.39016318612347367,0.7275859152818402,1031
3063,0.7846385542168675,0.6802958977807666,0.30476747587013747,0.9464820359281437,0.39016318612347367,0.732467225998817,1042
3064,0.7853915662650602,0.6804303967720242,0.3050599590523545,0.9466691616766467,0.39016318612347367,0.7329109815185422,1043
3065,0.7846385542168675,0.6802958977807666,0.30476747587013747,0.9464820359281437,0.39016318612347367,0.732467225998817,1042
3066,0.7868975903614458,0.6806993947545393,0.30564492541678856,0.9470434131736527,0.39016318612347367,0.7337984925579926,1045
3067,0.786144578313253,0.6805648957632818,0.30535244223457153,0.9468562874251497,0.39016318612347367,0.7333547370382674,1044
3068,0.7884036144578314,0.6809683927370545,0.30622989178122256,0.9474176646706587,0.39016318612347367,0.734686003597443,1047
3069,0.7831325301204819,0.6800268997982515,0.3041825095057034,0.9461077844311377,0.39016318612347367,0.7315797149593667,1040
3070,0.7831325301204819,0.6800268997982515,0.3041825095057034,0.9461077844311377,0.39016318612347367,0.7315797149593667,1040
3071,0.7778614457831325,0.6790854068594485,0.30213512723018426,0.9447979041916168,0.39016318612347367,0.7284734263212905,1033
3072,0.7838855421686747,0.6801613987895091,0.30447499268792044,0.9462949101796407,0.39016318612347367,0.7320234704790919,1041
3073,0.7831325301204819,0.6800268997982515,0.3041825095057034,0.9461077844311377,0.39016318612347367,0.7315797149593667,1040
3074,0.7808734939759037,0.6796234028244789,0.3033050599590524,0.9455464071856288,0.39016318612347367,0.7302484484001912,1037
3075,0.7771084337349398,0.678950907868191,0.30184264404796723,0.9446107784431138,0.39016318612347367,0.7280296708015654,1032
3076,0.7823795180722891,0.679892400806994,0.3038900263234864,0.9459206586826348,0.39016318612347367,0.7311359594396416,1039
3077,0.7853915662650602,0.6804303967720242,0.3050599590523545,0.9466691616766467,0.39016318612347367,0.7329109815185422,1043
3078,0.7823795180722891,0.679892400806994,0.3038900263234864,0.9459206586826348,0.39016318612347367,0.7311359594396416,1039
3079,0.7876506024096386,0.680833893745797,0.30593740859900553,0.9472305389221557,0.39016318612347367,0.7342422480777178,1046
3080,0.7793674698795181,0.6793544048419636,0.3027200935946183,0.9451721556886228,0.39016318612347367,0.7293609373607408,1035
3081,0.776355421686747,0.6788164088769334,0.3015501608657502,0.9444236526946108,0.39016318612347367,0.7275859152818402,1031
3082,0.7786144578313253,0.6792199058507061,0.3024276104124013,0.9449850299401198,0.39016318612347367,0.7289171818410157,1034
3083,0.7823795180722891,0.679892400806994,0.3038900263234864,0.9459206586826348,0.39016318612347367,0.7311359594396416,1039
3084,0.7853915662650602,0.6804303967720242,0.3050599590523545,0.9466691616766467,0.39016318612347367,0.7329109815185422,1043
3085,0.7831325301204819,0.6800268997982515,0.3041825095057034,0.9461077844311377,0.39016318612347367,0.7315797149593667,1040
3086,0.7808734939759037,0.6796234028244789,0.3033050599590524,0.9455464071856288,0.39016318612347367,0.7302484484001912,1037
3087,0.7846385542168675,0.6802958977807666,0.30476747587013747,0.9464820359281437,0.39016318612347367,0.732467225998817,1042
3088,0.7838855421686747,0.6801613987895091,0.30447499268792044,0.9462949101796407,0.39016318612347367,0.7320234704790919,1041
3089,0.7816265060240963,0.6797579018157364,0.30359754314126935,0.9457335329341318,0.39016318612347367,0.7306922039199164,1038
3090,0.7816265060240963,0.6797579018157364,0.30359754314126935,0.9457335329341318,0.39016318612347367,0.7306922039199164,1038
3091,0.7914156626506024,0.6815063887020847,0.3073998245100907,0.9481661676646707,0.39016318612347367,0.7364610256763435,1051
3092,0.786144578313253,0.6805648957632818,0.30535244223457153,0.9468562874251497,0.39016318612347367,0.7333547370382674,1044
3093,0.7816265060240963,0.6797579018157364,0.30359754314126935,0.9457335329341318,0.39016318612347367,0.7306922039199164,1038
3094,0.786144578313253,0.6805648957632818,0.30535244223457153,0.9468562874251497,0.39016318612347367,0.7333547370382674,1044
3095,0.7801204819277109,0.6794889038332212,0.30301257677683535,0.9453592814371258,0.39016318612347367,0.729804692880466,1036
3096,0.7876506024096386,0.680833893745797,0.30593740859900553,0.9472305389221557,0.39016318612347367,0.7342422480777178,1046
3097,0.7853915662650602,0.6804303967720242,0.3050599590523545,0.9466691616766467,0.39016318612347367,0.7329109815185422,1043
3098,0.7801204819277109,0.6794889038332212,0.30301257677683535,0.9453592814371258,0.39016318612347367,0.729804692880466,1036
3099,0.7876506024096386,0.680833893745797,0.30593740859900553,0.9472305389221557,0.39016318612347367,0.7342422480777178,1046
3100,0.7786144578313253,0.6792199058507061,0.3024276104124013,0.9449850299401198,0.39016318612347367,0.7289171818410157,1034
3101,0.7808734939759037,0.6796234028244789,0.3033050599590524,0.9455464071856288,0.39016318612347367,0.7302484484001912,1037
3102,0.7838855421686747,0.6801613987895091,0.30447499268792044,0.9462949101796407,0.39016318612347367,0.7320234704790919,1041
3103,0.7771084337349398,0.678950907868191,0.30184264404796723,0.9446107784431138,0.39016318612347367,0.7280296708015654,1032
3104,0.776355421686747,0.6788164088769334,0.3015501608657502,0.9444236526946108,0.39016318612347367,0.7275859152818402,1031
3105,0.7778614457831325,0.6790854068594485,0.30213512723018426,0.9447979041916168,0.39016318612347367,0.7284734263212905,1033
3106,0.7808734939759037,0.6796234028244789,0.3033050599590524,0.9455464071856288,0.39016318612347367,0.7302484484001912,1037
3107,0.7853915662650602,0.6804303967720242,0.3050599590523545,0.9466691616766467,0.39016318612347367,0.7329109815185422,1043
3108,0.786144578313253,0.6805648957632818,0.30535244223457153,0.9468562874251497,0.39016318612347367,0.7333547370382674,1044
3109,0.7868975903614458,0.6806993947545393,0.30564492541678856,0.9470434131736527,0.39016318612347367,0.7337984925579926,1045
3110,0.7868975903614458,0.6806993947545393,0.30564492541678856,0.9470434131736527,0.39016318612347367,0.7337984925579926,1045
3111,0.7831325301204819,0.6800268997982515,0.3041825095057034,0.9461077844311377,0.39016318612347367,0.7315797149593667,1040
3112,0.7831325301204819,0.6800268997982515,0.3041825095057034,0.9461077844311377,0.39016318612347367,0.7315797149593667,1040
3113,0.7868975903614458,0.6806993947545393,0.30564492541678856,0.9470434131736527,0.39016318612347367,0.7337984925579926,1045
3114,0.7831325301204819,0.6800268997982515,0.3041825095057034,0.9461077844311377,0.39016318612347367,0.7315797149593667,1040
3115,0.7823795180722891,0.679892400806994,0.3038900263234864,0.9459206586826348,0.39016318612347367,0.7311359594396416,1039
3116,0.7786144578313253,0.6792199058507061,0.3024276104124013,0.9449850299401198,0.39016318612347367,0.7289171818410157,1034
3117,0.7846385542168675,0.6802958977807666,0.30476747587013747,0.9464820359281437,0.39016318612347367,0.732467225998817,1042
3118,0.7891566265060241,0.6811028917283121,0.3065223749634396,0.9476047904191617,0.39016318612347367,0.7351297591171682,1048
3119,0.7778614457831325,0.6790854068594485,0.30213512723018426,0.9447979041916168,0.39016318612347367,0.7284734263212905,1033
3120,0.776355421686747,0.6788164088769334,0.3015501608657502,0.9444236526946108,0.39016318612347367,0.7275859152818402,1031
3121,0.7823795180722891,0.679892400806994,0.3038900263234864,0.9459206586826348,0.39016318612347367,0.7311359594396416,1039
3122,0.7808734939759037,0.6796234028244789,0.3033050599590524,0.9455464071856288,0.39016318612347367,0.7302484484001912,1037
3123,0.7808734939759037,0.6796234028244789,0.3033050599590524,0.9455464071856288,0.39016318612347367,0.7302484484001912,1037
3124,0.7876506024096386,0.680833893745797,0.30593740859900553,0.9472305389221557,0.39016318612347367,0.7342422480777178,1046
3125,0.7876506024096386,0.680833893745797,0.30593740859900553,0.9472305389221557,0.39016318612347367,0.7342422480777178,1046
3126,0.7816265060240963,0.6797579018157364,0.30359754314126935,0.9457335329341318,0.39016318612347367,0.7306922039199164,1038
3127,0.7831325301204819,0.6800268997982515,0.3041825095057034,0.9461077844311377,0.39016318612347367,0.7315797149593667,1040
3128,0.7771084337349398,0.678950907868191,0.30184264404796723,0.9446107784431138,0.39016318612347367,0.7280296708015654,1032
3129,0.7808734939759037,0.6796234028244789,0.3033050599590524,0.9455464071856288,0.39016318612347367,0.7302484484001912,1037
3130,0.7868975903614458,0.6806993947545393,0.30564492541678856,0.9470434131736527,0.39016318612347367,0.7337984925579926,1045
3131,0.7853915662650602,0.6804303967720242,0.3050599590523545,0.9466691616766467,0.39016318612347367,0.7329109815185422,1043
3132,0.7868975903614458,0.6806993947545393,0.30564492541678856,0.9470434131736527,0.39016318612347367,0.7337984925579926,1045
3133,0.7793674698795181,0.6793544048419636,0.3027200935946183,0.9451721556886228,0.39016318612347367,0.7293609373607408,1035
3134,0.7793674698795181,0.6793544048419636,0.3027200935946183,0.9451721556886228,0.39016318612347367,0.7293609373607408,1035
3135,0.7899096385542169,0.6812373907195696,0.3068148581456566,0.9477919161676647,0.39016318612347367,0.7355735146368932,1049
3136,0.7921686746987951,0.6816408876933423,0.3076923076923077,0.9483532934131736,0.39016318612347367,0.7369047811960687,1052
3137,0.7823795180722891,0.679892400806994,0.3038900263234864,0.9459206586826348,0.39016318612347367,0.7311359594396416,1039
3138,0.7793674698795181,0.6793544048419636,0.3027200935946183,0.9451721556886228,0.39016318612347367,0.7293609373607408,1035
3139,0.7853915662650602,0.6804303967720242,0.3050599590523545,0.9466691616766467,0.39016318612347367,0.7329109815185422,1043
3140,0.7838855421686747,0.6801613987895091,0.30447499268792044,0.9462949101796407,0.39016318612347367,0.7320234704790919,1041
3141,0.7808734939759037,0.6796234028244789,0.3033050599590524,0.9455464071856288,0.39016318612347367,0.7302484484001912,1037
3142,0.7831325301204819,0.6800268997982515,0.3041825095057034,0.9461077844311377,0.39016318612347367,0.7315797149593667,1040
3143,0.7884036144578314,0.6809683927370545,0.30622989178122256,0.9474176646706587,0.39016318612347367,0.734686003597443,1047
3144,0.7853915662650602,0.6804303967720242,0.3050599590523545,0.9466691616766467,0.39016318612347367,0.7329109815185422,1043
3145,0.7808734939759037,0.6796234028244789,0.3033050599590524,0.9455464071856288,0.39016318612347367,0.7302484484001912,1037
3146,0.786144578313253,0.6805648957632818,0.30535244223457153,0.9468562874251497,0.39016318612347367,0.7333547370382674,1044
3147,0.786144578313253,0.6805648957632818,0.30535244223457153,0.9468562874251497,0.39016318612347367,0.7333547370382674,1044
3148,0.7853915662650602,0.6804303967720242,0.3050599590523545,0.9466691616766467,0.39016318612347367,0.7329109815185422,1043
3149,0.7853915662650602,0.6804303967720242,0.3050599590523545,0.9466691616766467,0.39016318612347367,0.7329109815185422,1043
3150,0.7801204819277109,0.6794889038332212,0.30301257677683535,0.9453592814371258,0.39016318612347367,0.729804692880466,1036
3151,0.786144578313253,0.6805648957632818,0.30535244223457153,0.9468562874251497,0.39016318612347367,0.7333547370382674,1044
3152,0.7846385542168675,0.6802958977807666,0.30476747587013747,0.9464820359281437,0.39016318612347367,0.732467225998817,1042
3153,0.7831325301204819,0.6800268997982515,0.3041825095057034,0.9461077844311377,0.39016318612347367,0.7315797149593667,1040
3154,0.786144578313253,0.6805648957632818,0.30535244223457153,0.9468562874251497,0.39016318612347367,0.7333547370382674,1044
3155,0.7778614457831325,0.6790854068594485,0.30213512723018426,0.9447979041916168,0.39016318612347367,0.7284734263212905,1033
3156,0.786144578313253,0.6805648957632818,0.30535244223457153,0.9468562874251497,0.39016318612347367,0.7333547370382674,1044
3157,0.786144578313253,0.6805648957632818,0.30535244223457153,0.9468562874251497,0.39016318612347367,0.7333547370382674,1044
3158,0.7793674698795181,0.6793544048419636,0.3027200935946183,0.9451721556886228,0.39016318612347367,0.7293609373607408,1035
3159,0.7868975903614458,0.6806993947545393,0.30564492541678856,0.9470434131736527,0.39016318612347367,0.7337984925579926,1045
3160,0.7816265060240963,0.6797579018157364,0.30359754314126935,0.9457335329341318,0.39016318612347367,0.7306922039199164,1038
3161,0.7816265060240963,0.6797579018157364,0.30359754314126935,0.9457335329341318,0.39016318612347367,0.7306922039199164,1038
3162,0.7838855421686747,0.6801613987895091,0.30447499268792044,0.9462949101796407,0.39016318612347367,0.7320234704790919,1041
3163,0.7816265060240963,0.6797579018157364,0.30359754314126935,0.9457335329341318,0.39016318612347367,0.7306922039199164,1038
3164,0.7831325301204819,0.6800268997982515,0.3041825095057034,0.9461077844311377,0.39016318612347367,0.7315797149593667,1040
3165,0.7899096385542169,0.6812373907195696,0.3068148581456566,0.9477919161676647,0.39016318612347367,0.7355735146368932,1049
3166,0.7831325301204819,0.6800268997982515,0.3041825095057034,0.9461077844311377,0.39016318612347367,0.7315797149593667,1040
3167,0.7808734939759037,0.6796234028244789,0.3033050599590524,0.9455464071856288,0.39016318612347367,0.7302484484001912,1037
3168,0.7801204819277109,0.6794889038332212,0.30301257677683535,0.9453592814371258,0.39016318612347367,0.729804692880466,1036
3169,0.7853915662650602,0.6804303967720242,0.3050599590523545,0.9466691616766467,0.39016318612347367,0.7329109815185422,1043
3170,0.7853915662650602,0.6804303967720242,0.3050599590523545,0.9466691616766467,0.39016318612347367,0.7329109815185422,1043
3171,0.7868975903614458,0.6806993947545393,0.30564492541678856,0.9470434131736527,0.39016318612347367,0.7337984925579926,1045
3172,0.7929216867469879,0.6817753866845999,0.30798479087452474,0.9485404191616766,0.39016318612347367,0.7373485367157939,1053
3173,0.7884036144578314,0.6809683927370545,0.30622989178122256,0.9474176646706587,0.39016318612347367,0.734686003597443,1047
3174,0.7823795180722891,0.679892400806994,0.3038900263234864,0.9459206586826348,0.39016318612347367,0.7311359594396416,1039
3175,0.786144578313253,0.6805648957632818,0.30535244223457153,0.9468562874251497,0.39016318612347367,0.7333547370382674,1044
3176,0.7823795180722891,0.679892400806994,0.3038900263234864,0.9459206586826348,0.39016318612347367,0.7311359594396416,1039
3177,0.7868975903614458,0.6806993947545393,0.30564492541678856,0.9470434131736527,0.39016318612347367,0.7337984925579926,1045
3178,0.7778614457831325,0.6790854068594485,0.30213512723018426,0.9447979041916168,0.39016318612347367,0.7284734263212905,1033
3179,0.7808734939759037,0.6796234028244789,0.3033050599590524,0.9455464071856288,0.39016318612347367,0.7302484484001912,1037
3180,0.7838855421686747,0.6801613987895091,0.30447499268792044,0.9462949101796407,0.39016318612347367,0.7320234704790919,1041
3181,0.7778614457831325,0.6790854068594485,0.30213512723018426,0.9447979041916168,0.39016318612347367,0.7284734263212905,1033
3182,0.7838855421686747,0.6801613987895091,0.30447499268792044,0.9462949101796407,0.39016318612347367,0.7320234704790919,1041
3183,0.7816265060240963,0.6797579018157364,0.30359754314126935,0.9457335329341318,0.39016318612347367,0.7306922039199164,1038
3184,0.7793674698795181,0.6793544048419636,0.3027200935946183,0.9451721556886228,0.39016318612347367,0.7293609373607408,1035
3185,0.7876506024096386,0.680833893745797,0.30593740859900553,0.9472305389221557,0.39016318612347367,0.7342422480777178,1046
3186,0.7831325301204819,0.6800268997982515,0.3041825095057034,0.9461077844311377,0.39016318612347367,0.7315797149593667,1040
3187,0.7846385542168675,0.6802958977807666,0.30476747587013747,0.9464820359281437,0.39016318612347367,0.732467225998817,1042
3188,0.7831325301204819,0.6800268997982515,0.3041825095057034,0.9461077844311377,0.39016318612347367,0.7315797149593667,1040
3189,0.7823795180722891,0.679892400806994,0.3038900263234864,0.9459206586826348,0.39016318612347367,0.7311359594396416,1039
3190,0.786144578313253,0.6805648957632818,0.30535244223457153,0.9468562874251497,0.39016318612347367,0.7333547370382674,1044
3191,0.7876506024096386,0.680833893745797,0.30593740859900553,0.9472305389221557,0.39016318612347367,0.7342422480777178,1046
3192,0.7801204819277109,0.6794889038332212,0.30301257677683535,0.9453592814371258,0.39016318612347367,0.729804692880466,1036
3193,0.7778614457831325,0.6790854068594485,0.30213512723018426,0.9447979041916168,0.39016318612347367,0.7284734263212905,1033
3194,0.7899096385542169,0.6812373907195696,0.3068148581456566,0.9477919161676647,0.39016318612347367,0.7355735146368932,1049
3195,0.7801204819277109,0.6794889038332212,0.30301257677683535,0.9453592814371258,0.39016318612347367,0.729804692880466,1036
3196,0.7884036144578314,0.6809683927370545,0.30622989178122256,0.9474176646706587,0.39016318612347367,0.734686003597443,1047
3197,0.7816265060240963,0.6797579018157364,0.30359754314126935,0.9457335329341318,0.39016318612347367,0.7306922039199164,1038
3198,0.7831325301204819,0.6800268997982515,0.3041825095057034,0.9461077844311377,0.39016318612347367,0.7315797149593667,1040
3199,0.7816265060240963,0.6797579018157364,0.30359754314126935,0.9457335329341318,0.39016318612347367,0.7306922039199164,1038
3200,0.7853915662650602,0.6804303967720242,0.3050599590523545,0.9466691616766467,0.39016318612347367,0.7329109815185422,1043
3201,0.7823795180722891,0.679892400806994,0.3038900263234864,0.9459206586826348,0.39016318612347367,0.7311359594396416,1039
3202,0.7831325301204819,0.6800268997982515,0.3041825095057034,0.9461077844311377,0.39016318612347367,0.7315797149593667,1040
3203,0.7891566265060241,0.6811028917283121,0.3065223749634396,0.9476047904191617,0.39016318612347367,0.7351297591171682,1048
3204,0.7823795180722891,0.679892400806994,0.3038900263234864,0.9459206586826348,0.39016318612347367,0.7311359594396416,1039
3205,0.7914156626506024,0.6815063887020847,0.3073998245100907,0.9481661676646707,0.39016318612347367,0.7364610256763435,1051
3206,0.7914156626506024,0.6815063887020847,0.3073998245100907,0.9481661676646707,0.39016318612347367,0.7364610256763435,1051
3207,0.7823795180722891,0.679892400806994,0.3038900263234864,0.9459206586826348,0.39016318612347367,0.7311359594396416,1039
3208,0.7884036144578314,0.6809683927370545,0.30622989178122256,0.9474176646706587,0.39016318612347367,0.734686003597443,1047
3209,0.7801204819277109,0.6794889038332212,0.30301257677683535,0.9453592814371258,0.39016318612347367,0.729804692880466,1036
3210,0.7876506024096386,0.680833893745797,0.30593740859900553,0.9472305389221557,0.39016318612347367,0.7342422480777178,1046
3211,0.7891566265060241,0.6811028917283121,0.3065223749634396,0.9476047904191617,0.39016318612347367,0.7351297591171682,1048
3212,0.7846385542168675,0.6802958977807666,0.30476747587013747,0.9464820359281437,0.39016318612347367,0.732467225998817,1042
3213,0.7876506024096386,0.680833893745797,0.30593740859900553,0.9472305389221557,0.39016318612347367,0.7342422480777178,1046
3214,0.7801204819277109,0.6794889038332212,0.30301257677683535,0.9453592814371258,0.39016318612347367,0.729804692880466,1036
3215,0.7831325301204819,0.6800268997982515,0.3041825095057034,0.9461077844311377,0.39016318612347367,0.7315797149593667,1040
3216,0.7801204819277109,0.6794889038332212,0.30301257677683535,0.9453592814371258,0.39016318612347367,0.729804692880466,1036
3217,0.7793674698795181,0.6793544048419636,0.3027200935946183,0.9451721556886228,0.39016318612347367,0.7293609373607408,1035
3218,0.776355421686747,0.6788164088769334,0.3015501608657502,0.9444236526946108,0.39016318612347367,0.7275859152818402,1031
3219,0.7838855421686747,0.6801613987895091,0.30447499268792044,0.9462949101796407,0.39016318612347367,0.7320234704790919,1041
3220,0.7801204819277109,0.6794889038332212,0.30301257677683535,0.9453592814371258,0.39016318612347367,0.729804692880466,1036
3221,0.7838855421686747,0.6801613987895091,0.30447499268792044,0.9462949101796407,0.39016318612347367,0.7320234704790919,1041
3222,0.7816265060240963,0.6797579018157364,0.30359754314126935,0.9457335329341318,0.39016318612347367,0.7306922039199164,1038
3223,0.7876506024096386,0.680833893745797,0.30593740859900553,0.9472305389221557,0.39016318612347367,0.7342422480777178,1046
3224,0.7801204819277109,0.6794889038332212,0.30301257677683535,0.9453592814371258,0.39016318612347367,0.729804692880466,1036
3225,0.7838855421686747,0.6801613987895091,0.30447499268792044,0.9462949101796407,0.39016318612347367,0.7320234704790919,1041
3226,0.7868975903614458,0.6806993947545393,0.30564492541678856,0.9470434131736527,0.39016318612347367,0.7337984925579926,1045
3227,0.7868975903614458,0.6806993947545393,0.30564492541678856,0.9470434131736527,0.39016318612347367,0.7337984925579926,1045
3228,0.7891566265060241,0.6811028917283121,0.3065223749634396,0.9476047904191617,0.39016318612347367,0.7351297591171682,1048
3229,0.7846385542168675,0.6802958977807666,0.30476747587013747,0.9464820359281437,0.39016318612347367,0.732467225998817,1042
3230,0.7823795180722891,0.679892400806994,0.3038900263234864,0.9459206586826348,0.39016318612347367,0.7311359594396416,1039
3231,0.7771084337349398,0.678950907868191,0.30184264404796723,0.9446107784431138,0.39016318612347367,0.7280296708015654,1032
3232,0.7868975903614458,0.6806993947545393,0.30564492541678856,0.9470434131736527,0.39016318612347367,0.7337984925579926,1045
3233,0.7831325301204819,0.6800268997982515,0.3041825095057034,0.9461077844311377,0.39016318612347367,0.7315797149593667,1040
3234,0.7823795180722891,0.679892400806994,0.3038900263234864,0.9459206586826348,0.39016318612347367,0.7311359594396416,1039
3235,0.7801204819277109,0.6794889038332212,0.30301257677683535,0.9453592814371258,0.39016318612347367,0.729804692880466,1036
3236,0.7816265060240963,0.6797579018157364,0.30359754314126935,0.9457335329341318,0.39016318612347367,0.7306922039199164,1038
3237,0.7793674698795181,0.6793544048419636,0.3027200935946183,0.9451721556886228,0.39016318612347367,0.7293609373607408,1035
3238,0.7838855421686747,0.6801613987895091,0.30447499268792044,0.9462949101796407,0.39016318612347367,0.7320234704790919,1041
3239,0.7853915662650602,0.6804303967720242,0.3050599590523545,0.9466691616766467,0.39016318612347367,0.7329109815185422,1043
3240,0.7838855421686747,0.6801613987895091,0.30447499268792044,0.9462949101796407,0.39016318612347367,0.7320234704790919,1041
3241,0.7838855421686747,0.6801613987895091,0.30447499268792044,0.9462949101796407,0.39016318612347367,0.7320234704790919,1041
3242,0.786144578313253,0.6805648957632818,0.30535244223457153,0.9468562874251497,0.39016318612347367,0.7333547370382674,1044
3243,0.7846385542168675,0.6802958977807666,0.30476747587013747,0.9464820359281437,0.39016318612347367,0.732467225998817,1042
3244,0.7756024096385542,0.6786819098856759,0.3012576776835332,0.9442365269461078,0.39016318612347367,0.727142159762115,1030
3245,0.7771084337349398,0.678950907868191,0.30184264404796723,0.9446107784431138,0.39016318612347367,0.7280296708015654,1032
3246,0.7816265060240963,0.6797579018157364,0.30359754314126935,0.9457335329341318,0.39016318612347367,0.7306922039199164,1038
3247,0.7816265060240963,0.6797579018157364,0.30359754314126935,0.9457335329341318,0.39016318612347367,0.7306922039199164,1038
3248,0.7846385542168675,0.6802958977807666,0.30476747587013747,0.9464820359281437,0.39016318612347367,0.732467225998817,1042
3249,0.786144578313253,0.6805648957632818,0.30535244223457153,0.9468562874251497,0.39016318612347367,0.7333547370382674,1044
3250,0.7778614457831325,0.6790854068594485,0.30213512723018426,0.9447979041916168,0.39016318612347367,0.7284734263212905,1033
3251,0.7808734939759037,0.6796234028244789,0.3033050599590524,0.9455464071856288,0.39016318612347367,0.7302484484001912,1037
3252,0.7868975903614458,0.6806993947545393,0.30564492541678856,0.9470434131736527,0.39016318612347367,0.7337984925579926,1045
3253,0.786144578313253,0.6805648957632818,0.30535244223457153,0.9468562874251497,0.39016318612347367,0.7333547370382674,1044
3254,0.7808734939759037,0.6796234028244789,0.3033050599590524,0.9455464071856288,0.39016318612347367,0.7302484484001912,1037
3255,0.7921686746987951,0.6816408876933423,0.3076923076923077,0.9483532934131736,0.39016318612347367,0.7369047811960687,1052
3256,0.7801204819277109,0.6794889038332212,0.30301257677683535,0.9453592814371258,0.39016318612347367,0.729804692880466,1036
3257,0.7853915662650602,0.6804303967720242,0.3050599590523545,0.9466691616766467,0.39016318612347367,0.7329109815185422,1043
3258,0.7831325301204819,0.6800268997982515,0.3041825095057034,0.9461077844311377,0.39016318612347367,0.7315797149593667,1040
3259,0.7853915662650602,0.6804303967720242,0.3050599590523545,0.9466691616766467,0.39016318612347367,0.7329109815185422,1043
3260,0.7823795180722891,0.679892400806994,0.3038900263234864,0.9459206586826348,0.39016318612347367,0.7311359594396416,1039
3261,0.7823795180722891,0.679892400806994,0.3038900263234864,0.9459206586826348,0.39016318612347367,0.7311359594396416,1039
3262,0.7846385542168675,0.6802958977807666,0.30476747587013747,0.9464820359281437,0.39016318612347367,0.732467225998817,1042
3263,0.7816265060240963,0.6797579018157364,0.30359754314126935,0.9457335329341318,0.39016318612347367,0.7306922039199164,1038
3264,0.7853915662650602,0.6804303967720242,0.3050599590523545,0.9466691616766467,0.39016318612347367,0.7329109815185422,1043
3265,0.7808734939759037,0.6796234028244789,0.3033050599590524,0.9455464071856288,0.39016318612347367,0.7302484484001912,1037
3266,0.7816265060240963,0.6797579018157364,0.30359754314126935,0.9457335329341318,0.39016318612347367,0.7306922039199164,1038
3267,0.7816265060240963,0.6797579018157364,0.30359754314126935,0.9457335329341318,0.39016318612347367,0.7306922039199164,1038
3268,0.7816265060240963,0.6797579018157364,0.30359754314126935,0.9457335329341318,0.39016318612347367,0.7306922039199164,1038
3269,0.7853915662650602,0.6804303967720242,0.3050599590523545,0.9466691616766467,0.39016318612347367,0.7329109815185422,1043
3270,0.7778614457831325,0.6790854068594485,0.30213512723018426,0.9447979041916168,0.39016318612347367,0.7284734263212905,1033
3271,0.7823795180722891,0.679892400806994,0.3038900263234864,0.9459206586826348,0.39016318612347367,0.7311359594396416,1039
3272,0.786144578313253,0.6805648957632818,0.30535244223457153,0.9468562874251497,0.39016318612347367,0.7333547370382674,1044
3273,0.7884036144578314,0.6809683927370545,0.30622989178122256,0.9474176646706587,0.39016318612347367,0.734686003597443,1047
3274,0.776355421686747,0.6788164088769334,0.3015501608657502,0.9444236526946108,0.39016318612347367,0.7275859152818402,1031
3275,0.7831325301204819,0.6800268997982515,0.3041825095057034,0.9461077844311377,0.39016318612347367,0.7315797149593667,1040
3276,0.7823795180722891,0.679892400806994,0.3038900263234864,0.9459206586826348,0.39016318612347367,0.7311359594396416,1039
3277,0.7838855421686747,0.6801613987895091,0.30447499268792044,0.9462949101796407,0.39016318612347367,0.7320234704790919,1041
3278,0.7846385542168675,0.6802958977807666,0.30476747587013747,0.9464820359281437,0.39016318612347367,0.732467225998817,1042
3279,0.7838855421686747,0.6801613987895091,0.30447499268792044,0.9462949101796407,0.39016318612347367,0.7320234704790919,1041
3280,0.7868975903614458,0.6806993947545393,0.30564492541678856,0.9470434131736527,0.39016318612347367,0.7337984925579926,1045
3281,0.7786144578313253,0.6792199058507061,0.3024276104124013,0.9449850299401198,0.39016318612347367,0.7289171818410157,1034
3282,0.7838855421686747,0.6801613987895091,0.30447499268792044,0.9462949101796407,0.39016318612347367,0.7320234704790919,1041
3283,0.7838855421686747,0.6801613987895091,0.30447499268792044,0.9462949101796407,0.39016318612347367,0.7320234704790919,1041
3284,0.776355421686747,0.6788164088769334,0.3015501608657502,0.9444236526946108,0.39016318612347367,0.7275859152818402,1031
3285,0.7786144578313253,0.6792199058507061,0.3024276104124013,0.9449850299401198,0.39016318612347367,0.7289171818410157,1034
3286,0.7808734939759037,0.6796234028244789,0.3033050599590524,0.9455464071856288,0.39016318612347367,0.7302484484001912,1037
3287,0.7846385542168675,0.6802958977807666,0.30476747587013747,0.9464820359281437,0.39016318612347367,0.732467225998817,1042
3288,0.7793674698795181,0.6793544048419636,0.3027200935946183,0.9451721556886228,0.39016318612347367,0.7293609373607408,1035
3289,0.7801204819277109,0.6794889038332212,0.30301257677683535,0.9453592814371258,0.39016318612347367,0.729804692880466,1036
3290,0.7868975903614458,0.6806993947545393,0.30564492541678856,0.9470434131736527,0.39016318612347367,0.7337984925579926,1045
3291,0.7816265060240963,0.6797579018157364,0.30359754314126935,0.9457335329341318,0.39016318612347367,0.7306922039199164,1038
3292,0.7831325301204819,0.6800268997982515,0.3041825095057034,0.9461077844311377,0.39016318612347367,0.7315797149593667,1040
3293,0.786144578313253,0.6805648957632818,0.30535244223457153,0.9468562874251497,0.39016318612347367,0.7333547370382674,1044
3294,0.7808734939759037,0.6796234028244789,0.3033050599590524,0.9455464071856288,0.39016318612347367,0.7302484484001912,1037
3295,0.7816265060240963,0.6797579018157364,0.30359754314126935,0.9457335329341318,0.39016318612347367,0.7306922039199164,1038
3296,0.7808734939759037,0.6796234028244789,0.3033050599590524,0.9455464071856288,0.39016318612347367,0.7302484484001912,1037
3297,0.7823795180722891,0.679892400806994,0.3038900263234864,0.9459206586826348,0.39016318612347367,0.7311359594396416,1039
3298,0.7831325301204819,0.6800268997982515,0.3041825095057034,0.9461077844311377,0.39016318612347367,0.7315797149593667,1040
3299,0.7853915662650602,0.6804303967720242,0.3050599590523545,0.9466691616766467,0.39016318612347367,0.7329109815185422,1043
3300,0.7846385542168675,0.6802958977807666,0.30476747587013747,0.9464820359281437,0.39016318612347367,0.732467225998817,1042
3301,0.7823795180722891,0.679892400806994,0.3038900263234864,0.9459206586826348,0.39016318612347367,0.7311359594396416,1039
3302,0.7801204819277109,0.6794889038332212,0.30301257677683535,0.9453592814371258,0.39016318612347367,0.729804692880466,1036
3303,0.7891566265060241,0.6811028917283121,0.3065223749634396,0.9476047904191617,0.39016318612347367,0.7351297591171682,1048
3304,0.7846385542168675,0.6802958977807666,0.30476747587013747,0.9464820359281437,0.39016318612347367,0.732467225998817,1042
3305,0.7786144578313253,0.6792199058507061,0.3024276104124013,0.9449850299401198,0.39016318612347367,0.7289171818410157,1034
3306,0.7891566265060241,0.6811028917283121,0.3065223749634396,0.9476047904191617,0.39016318612347367,0.7351297591171682,1048
3307,0.7853915662650602,0.6804303967720242,0.3050599590523545,0.9466691616766467,0.39016318612347367,0.7329109815185422,1043
3308,0.7801204819277109,0.6794889038332212,0.30301257677683535,0.9453592814371258,0.39016318612347367,0.729804692880466,1036
3309,0.7838855421686747,0.6801613987895091,0.30447499268792044,0.9462949101796407,0.39016318612347367,0.7320234704790919,1041
3310,0.7816265060240963,0.6797579018157364,0.30359754314126935,0.9457335329341318,0.39016318612347367,0.7306922039199164,1038
3311,0.7838855421686747,0.6801613987895091,0.30447499268792044,0.9462949101796407,0.39016318612347367,0.7320234704790919,1041
3312,0.7906626506024096,0.6813718897108272,0.30710734132787365,0.9479790419161677,0.39016318612347367,0.7360172701566183,1050
3313,0.7914156626506024,0.6815063887020847,0.3073998245100907,0.9481661676646707,0.39016318612347367,0.7364610256763435,1051
3314,0.7823795180722891,0.679892400806994,0.3038900263234864,0.9459206586826348,0.39016318612347367,0.7311359594396416,1039
3315,0.7846385542168675,0.6802958977807666,0.30476747587013747,0.9464820359281437,0.39016318612347367,0.732467225998817,1042
3316,0.7838855421686747,0.6801613987895091,0.30447499268792044,0.9462949101796407,0.39016318612347367,0.7320234704790919,1041
3317,0.7853915662650602,0.6804303967720242,0.3050599590523545,0.9466691616766467,0.39016318612347367,0.7329109815185422,1043
3318,0.7831325301204819,0.6800268997982515,0.3041825095057034,0.9461077844311377,0.39016318612347367,0.7315797149593667,1040
3319,0.7816265060240963,0.6797579018157364,0.30359754314126935,0.9457335329341318,0.39016318612347367,0.7306922039199164,1038
3320,0.7725903614457831,0.6781439139206455,0.3000877449546651,0.9434880239520959,0.39016318612347367,0.7253671376832143,1026
3321,0.7876506024096386,0.680833893745797,0.30593740859900553,0.9472305389221557,0.39016318612347367,0.7342422480777178,1046
3322,0.7816265060240963,0.6797579018157364,0.30359754314126935,0.9457335329341318,0.39016318612347367,0.7306922039199164,1038
3323,0.7831325301204819,0.6800268997982515,0.3041825095057034,0.9461077844311377,0.39016318612347367,0.7315797149593667,1040
3324,0.7786144578313253,0.6792199058507061,0.3024276104124013,0.9449850299401198,0.39016318612347367,0.7289171818410157,1034
3325,0.7868975903614458,0.6806993947545393,0.30564492541678856,0.9470434131736527,0.39016318612347367,0.7337984925579926,1045
3326,0.7838855421686747,0.6801613987895091,0.30447499268792044,0.9462949101796407,0.39016318612347367,0.7320234704790919,1041
3327,0.7816265060240963,0.6797579018157364,0.30359754314126935,0.9457335329341318,0.39016318612347367,0.7306922039199164,1038
3328,0.786144578313253,0.6805648957632818,0.30535244223457153,0.9468562874251497,0.39016318612347367,0.7333547370382674,1044
3329,0.7838855421686747,0.6801613987895091,0.30447499268792044,0.9462949101796407,0.39016318612347367,0.7320234704790919,1041
3330,0.7831325301204819,0.6800268997982515,0.3041825095057034,0.9461077844311377,0.39016318612347367,0.7315797149593667,1040
3331,0.7823795180722891,0.679892400806994,0.3038900263234864,0.9459206586826348,0.39016318612347367,0.7311359594396416,1039
3332,0.7853915662650602,0.6804303967720242,0.3050599590523545,0.9466691616766467,0.39016318612347367,0.7329109815185422,1043
3333,0.7786144578313253,0.6792199058507061,0.3024276104124013,0.9449850299401198,0.39016318612347367,0.7289171818410157,1034
3334,0.7868975903614458,0.6806993947545393,0.30564492541678856,0.9470434131736527,0.39016318612347367,0.7337984925579926,1045
3335,0.7808734939759037,0.6796234028244789,0.3033050599590524,0.9455464071856288,0.39016318612347367,0.7302484484001912,1037
3336,0.7816265060240963,0.6797579018157364,0.30359754314126935,0.9457335329341318,0.39016318612347367,0.7306922039199164,1038
3337,0.786144578313253,0.6805648957632818,0.30535244223457153,0.9468562874251497,0.39016318612347367,0.7333547370382674,1044
3338,0.7801204819277109,0.6794889038332212,0.30301257677683535,0.9453592814371258,0.39016318612347367,0.729804692880466,1036
3339,0.7846385542168675,0.6802958977807666,0.30476747587013747,0.9464820359281437,0.39016318612347367,0.732467225998817,1042
3340,0.7816265060240963,0.6797579018157364,0.30359754314126935,0.9457335329341318,0.39016318612347367,0.7306922039199164,1038
3341,0.7823795180722891,0.679892400806994,0.3038900263234864,0.9459206586826348,0.39016318612347367,0.7311359594396416,1039
3342,0.7801204819277109,0.6794889038332212,0.30301257677683535,0.9453592814371258,0.39016318612347367,0.729804692880466,1036
3343,0.7838855421686747,0.6801613987895091,0.30447499268792044,0.9462949101796407,0.39016318612347367,0.7320234704790919,1041
3344,0.7793674698795181,0.6793544048419636,0.3027200935946183,0.9451721556886228,0.39016318612347367,0.7293609373607408,1035
3345,0.7846385542168675,0.6802958977807666,0.30476747587013747,0.9464820359281437,0.39016318612347367,0.732467225998817,1042
3346,0.7823795180722891,0.679892400806994,0.3038900263234864,0.9459206586826348,0.39016318612347367,0.7311359594396416,1039
3347,0.7831325301204819,0.6800268997982515,0.3041825095057034,0.9461077844311377,0.39016318612347367,0.7315797149593667,1040
3348,0.7868975903614458,0.6806993947545393,0.30564492541678856,0.9470434131736527,0.39016318612347367,0.7337984925579926,1045
3349,0.7823795180722891,0.679892400806994,0.3038900263234864,0.9459206586826348,0.39016318612347367,0.7311359594396416,1039
3350,0.7816265060240963,0.6797579018157364,0.30359754314126935,0.9457335329341318,0.39016318612347367,0.7306922039199164,1038
3351,0.7846385542168675,0.6802958977807666,0.30476747587013747,0.9464820359281437,0.39016318612347367,0.732467225998817,1042
3352,0.7846385542168675,0.6802958977807666,0.30476747587013747,0.9464820359281437,0.39016318612347367,0.732467225998817,1042
3353,0.7906626506024096,0.6813718897108272,0.30710734132787365,0.9479790419161677,0.39016318612347367,0.7360172701566183,1050
3354,0.7853915662650602,0.6804303967720242,0.3050599590523545,0.9466691616766467,0.39016318612347367,0.7329109815185422,1043
3355,0.7831325301204819,0.6800268997982515,0.3041825095057034,0.9461077844311377,0.39016318612347367,0.7315797149593667,1040
3356,0.7868975903614458,0.6806993947545393,0.30564492541678856,0.9470434131736527,0.39016318612347367,0.7337984925579926,1045
3357,0.7899096385542169,0.6812373907195696,0.3068148581456566,0.9477919161676647,0.39016318612347367,0.7355735146368932,1049
3358,0.7801204819277109,0.6794889038332212,0.30301257677683535,0.9453592814371258,0.39016318612347367,0.729804692880466,1036
3359,0.7816265060240963,0.6797579018157364,0.30359754314126935,0.9457335329341318,0.39016318612347367,0.7306922039199164,1038
3360,0.786144578313253,0.6805648957632818,0.30535244223457153,0.9468562874251497,0.39016318612347367,0.7333547370382674,1044
3361,0.7921686746987951,0.6816408876933423,0.3076923076923077,0.9483532934131736,0.39016318612347367,0.7369047811960687,1052
3362,0.7831325301204819,0.6800268997982515,0.3041825095057034,0.9461077844311377,0.39016318612347367,0.7315797149593667,1040
3363,0.7838855421686747,0.6801613987895091,0.30447499268792044,0.9462949101796407,0.39016318612347367,0.7320234704790919,1041
3364,0.7816265060240963,0.6797579018157364,0.30359754314126935,0.9457335329341318,0.39016318612347367,0.7306922039199164,1038
3365,0.7921686746987951,0.6816408876933423,0.3076923076923077,0.9483532934131736,0.39016318612347367,0.7369047811960687,1052
3366,0.776355421686747,0.6788164088769334,0.3015501608657502,0.9444236526946108,0.39016318612347367,0.7275859152818402,1031
3367,0.7816265060240963,0.6797579018157364,0.30359754314126935,0.9457335329341318,0.39016318612347367,0.7306922039199164,1038
3368,0.7838855421686747,0.6801613987895091,0.30447499268792044,0.9462949101796407,0.39016318612347367,0.7320234704790919,1041
3369,0.7891566265060241,0.6811028917283121,0.3065223749634396,0.9476047904191617,0.39016318612347367,0.7351297591171682,1048
3370,0.7801204819277109,0.6794889038332212,0.30301257677683535,0.9453592814371258,0.39016318612347367,0.729804692880466,1036
3371,0.7816265060240963,0.6797579018157364,0.30359754314126935,0.9457335329341318,0.39016318612347367,0.7306922039199164,1038
3372,0.7868975903614458,0.6806993947545393,0.30564492541678856,0.9470434131736527,0.39016318612347367,0.7337984925579926,1045
3373,0.7853915662650602,0.6804303967720242,0.3050599590523545,0.9466691616766467,0.39016318612347367,0.7329109815185422,1043
3374,0.786144578313253,0.6805648957632818,0.30535244223457153,0.9468562874251497,0.39016318612347367,0.7333547370382674,1044
3375,0.7831325301204819,0.6800268997982515,0.3041825095057034,0.9461077844311377,0.39016318612347367,0.7315797149593667,1040
3376,0.7771084337349398,0.678950907868191,0.30184264404796723,0.9446107784431138,0.39016318612347367,0.7280296708015654,1032
3377,0.7808734939759037,0.6796234028244789,0.3033050599590524,0.9455464071856288,0.39016318612347367,0.7302484484001912,1037
3378,0.7808734939759037,0.6796234028244789,0.3033050599590524,0.9455464071856288,0.39016318612347367,0.7302484484001912,1037
3379,0.7868975903614458,0.6806993947545393,0.30564492541678856,0.9470434131736527,0.39016318612347367,0.7337984925579926,1045
3380,0.7884036144578314,0.6809683927370545,0.30622989178122256,0.9474176646706587,0.39016318612347367,0.734686003597443,1047
3381,0.7876506024096386,0.680833893745797,0.30593740859900553,0.9472305389221557,0.39016318612347367,0.7342422480777178,1046
3382,0.7756024096385542,0.6786819098856759,0.3012576776835332,0.9442365269461078,0.39016318612347367,0.727142159762115,1030
3383,0.7906626506024096,0.6813718897108272,0.30710734132787365,0.9479790419161677,0.39016318612347367,0.7360172701566183,1050
3384,0.7838855421686747,0.6801613987895091,0.30447499268792044,0.9462949101796407,0.39016318612347367,0.7320234704790919,1041
3385,0.7891566265060241,0.6811028917283121,0.3065223749634396,0.9476047904191617,0.39016318612347367,0.7351297591171682,1048
3386,0.7801204819277109,0.6794889038332212,0.30301257677683535,0.9453592814371258,0.39016318612347367,0.729804692880466,1036
3387,0.7771084337349398,0.678950907868191,0.30184264404796723,0.9446107784431138,0.39016318612347367,0.7280296708015654,1032
3388,0.7756024096385542,0.6786819098856759,0.3012576776835332,0.9442365269461078,0.39016318612347367,0.727142159762115,1030
3389,0.7906626506024096,0.6813718897108272,0.30710734132787365,0.9479790419161677,0.39016318612347367,0.7360172701566183,1050
3390,0.7838855421686747,0.6801613987895091,0.30447499268792044,0.9462949101796407,0.39016318612347367,0.7320234704790919,1041
3391,0.7876506024096386,0.680833893745797,0.30593740859900553,0.9472305389221557,0.39016318612347367,0.7342422480777178,1046
3392,0.7868975903614458,0.6806993947545393,0.30564492541678856,0.9470434131736527,0.39016318612347367,0.7337984925579926,1045
3393,0.7816265060240963,0.6797579018157364,0.30359754314126935,0.9457335329341318,0.39016318612347367,0.7306922039199164,1038
3394,0.7868975903614458,0.6806993947545393,0.30564492541678856,0.9470434131736527,0.39016318612347367,0.7337984925579926,1045
3395,0.7846385542168675,0.6802958977807666,0.30476747587013747,0.9464820359281437,0.39016318612347367,0.732467225998817,1042
3396,0.7853915662650602,0.6804303967720242,0.3050599590523545,0.9466691616766467,0.39016318612347367,0.7329109815185422,1043
3397,0.7823795180722891,0.679892400806994,0.3038900263234864,0.9459206586826348,0.39016318612347367,0.7311359594396416,1039
3398,0.7868975903614458,0.6806993947545393,0.30564492541678856,0.9470434131736527,0.39016318612347367,0.7337984925579926,1045
3399,0.7838855421686747,0.6801613987895091,0.30447499268792044,0.9462949101796407,0.39016318612347367,0.7320234704790919,1041
3400,0.7816265060240963,0.6797579018157364,0.30359754314126935,0.9457335329341318,0.39016318612347367,0.7306922039199164,1038
3401,0.7899096385542169,0.6812373907195696,0.3068148581456566,0.9477919161676647,0.39016318612347367,0.7355735146368932,1049
3402,0.7868975903614458,0.6806993947545393,0.30564492541678856,0.9470434131736527,0.39016318612347367,0.7337984925579926,1045
3403,0.7884036144578314,0.6809683927370545,0.30622989178122256,0.9474176646706587,0.39016318612347367,0.734686003597443,1047
3404,0.7838855421686747,0.6801613987895091,0.30447499268792044,0.9462949101796407,0.39016318612347367,0.7320234704790919,1041
3405,0.7899096385542169,0.6812373907195696,0.3068148581456566,0.9477919161676647,0.39016318612347367,0.7355735146368932,1049
3406,0.7868975903614458,0.6806993947545393,0.30564492541678856,0.9470434131736527,0.39016318612347367,0.7337984925579926,1045
3407,0.7936746987951807,0.6819098856758574,0.3082772740567417,0.9487275449101796,0.39016318612347367,0.7377922922355191,1054
3408,0.786144578313253,0.6805648957632818,0.30535244223457153,0.9468562874251497,0.39016318612347367,0.7333547370382674,1044
3409,0.7899096385542169,0.6812373907195696,0.3068148581456566,0.9477919161676647,0.39016318612347367,0.7355735146368932,1049
3410,0.7778614457831325,0.6790854068594485,0.30213512723018426,0.9447979041916168,0.39016318612347367,0.7284734263212905,1033
3411,0.7876506024096386,0.680833893745797,0.30593740859900553,0.9472305389221557,0.39016318612347367,0.7342422480777178,1046
3412,0.786144578313253,0.6805648957632818,0.30535244223457153,0.9468562874251497,0.39016318612347367,0.7333547370382674,1044
3413,0.7793674698795181,0.6793544048419636,0.3027200935946183,0.9451721556886228,0.39016318612347367,0.7293609373607408,1035
3414,0.7823795180722891,0.679892400806994,0.3038900263234864,0.9459206586826348,0.39016318612347367,0.7311359594396416,1039
3415,0.7831325301204819,0.6800268997982515,0.3041825095057034,0.9461077844311377,0.39016318612347367,0.7315797149593667,1040
3416,0.7914156626506024,0.6815063887020847,0.3073998245100907,0.9481661676646707,0.39016318612347367,0.7364610256763435,1051
3417,0.7816265060240963,0.6797579018157364,0.30359754314126935,0.9457335329341318,0.39016318612347367,0.7306922039199164,1038
3418,0.7823795180722891,0.679892400806994,0.3038900263234864,0.9459206586826348,0.39016318612347367,0.7311359594396416,1039
3419,0.786144578313253,0.6805648957632818,0.30535244223457153,0.9468562874251497,0.39016318612347367,0.7333547370382674,1044
3420,0.7876506024096386,0.680833893745797,0.30593740859900553,0.9472305389221557,0.39016318612347367,0.7342422480777178,1046
3421,0.7868975903614458,0.6806993947545393,0.30564492541678856,0.9470434131736527,0.39016318612347367,0.7337984925579926,1045
3422,0.7846385542168675,0.6802958977807666,0.30476747587013747,0.9464820359281437,0.39016318612347367,0.732467225998817,1042
3423,0.7853915662650602,0.6804303967720242,0.3050599590523545,0.9466691616766467,0.39016318612347367,0.7329109815185422,1043
3424,0.7808734939759037,0.6796234028244789,0.3033050599590524,0.9455464071856288,0.39016318612347367,0.7302484484001912,1037
3425,0.7823795180722891,0.679892400806994,0.3038900263234864,0.9459206586826348,0.39016318612347367,0.7311359594396416,1039
3426,0.7846385542168675,0.6802958977807666,0.30476747587013747,0.9464820359281437,0.39016318612347367,0.732467225998817,1042
3427,0.7846385542168675,0.6802958977807666,0.30476747587013747,0.9464820359281437,0.39016318612347367,0.732467225998817,1042
3428,0.7816265060240963,0.6797579018157364,0.30359754314126935,0.9457335329341318,0.39016318612347367,0.7306922039199164,1038
3429,0.7868975903614458,0.6806993947545393,0.30564492541678856,0.9470434131736527,0.39016318612347367,0.7337984925579926,1045
3430,0.7808734939759037,0.6796234028244789,0.3033050599590524,0.9455464071856288,0.39016318612347367,0.7302484484001912,1037
3431,0.7831325301204819,0.6800268997982515,0.3041825095057034,0.9461077844311377,0.39016318612347367,0.7315797149593667,1040
3432,0.7838855421686747,0.6801613987895091,0.30447499268792044,0.9462949101796407,0.39016318612347367,0.7320234704790919,1041
3433,0.7838855421686747,0.6801613987895091,0.30447499268792044,0.9462949101796407,0.39016318612347367,0.7320234704790919,1041
3434,0.7868975903614458,0.6806993947545393,0.30564492541678856,0.9470434131736527,0.39016318612347367,0.7337984925579926,1045
3435,0.7868975903614458,0.6806993947545393,0.30564492541678856,0.9470434131736527,0.39016318612347367,0.7337984925579926,1045
3436,0.7868975903614458,0.6806993947545393,0.30564492541678856,0.9470434131736527,0.39016318612347367,0.7337984925579926,1045
3437,0.7823795180722891,0.679892400806994,0.3038900263234864,0.9459206586826348,0.39016318612347367,0.7311359594396416,1039
3438,0.786144578313253,0.6805648957632818,0.30535244223457153,0.9468562874251497,0.39016318612347367,0.7333547370382674,1044
3439,0.786144578313253,0.6805648957632818,0.30535244223457153,0.9468562874251497,0.39016318612347367,0.7333547370382674,1044
3440,0.7831325301204819,0.6800268997982515,0.3041825095057034,0.9461077844311377,0.39016318612347367,0.7315797149593667,1040
3441,0.7801204819277109,0.6794889038332212,0.30301257677683535,0.9453592814371258,0.39016318612347367,0.729804692880466,1036
3442,0.7838855421686747,0.6801613987895091,0.30447499268792044,0.9462949101796407,0.39016318612347367,0.7320234704790919,1041
3443,0.7853915662650602,0.6804303967720242,0.3050599590523545,0.9466691616766467,0.39016318612347367,0.7329109815185422,1043
3444,0.7823795180722891,0.679892400806994,0.3038900263234864,0.9459206586826348,0.39016318612347367,0.7311359594396416,1039
3445,0.7786144578313253,0.6792199058507061,0.3024276104124013,0.9449850299401198,0.39016318612347367,0.7289171818410157,1034
3446,0.7899096385542169,0.6812373907195696,0.3068148581456566,0.9477919161676647,0.39016318612347367,0.7355735146368932,1049
3447,0.7831325301204819,0.6800268997982515,0.3041825095057034,0.9461077844311377,0.39016318612347367,0.7315797149593667,1040
3448,0.786144578313253,0.6805648957632818,0.30535244223457153,0.9468562874251497,0.39016318612347367,0.7333547370382674,1044
3449,0.7868975903614458,0.6806993947545393,0.30564492541678856,0.9470434131736527,0.39016318612347367,0.7337984925579926,1045
3450,0.786144578313253,0.6805648957632818,0.30535244223457153,0.9468562874251497,0.39016318612347367,0.7333547370382674,1044
3451,0.7831325301204819,0.6800268997982515,0.3041825095057034,0.9461077844311377,0.39016318612347367,0.7315797149593667,1040
3452,0.7793674698795181,0.6793544048419636,0.3027200935946183,0.9451721556886228,0.39016318612347367,0.7293609373607408,1035
3453,0.7816265060240963,0.6797579018157364,0.30359754314126935,0.9457335329341318,0.39016318612347367,0.7306922039199164,1038
3454,0.7831325301204819,0.6800268997982515,0.3041825095057034,0.9461077844311377,0.39016318612347367,0.7315797149593667,1040
3455,0.7846385542168675,0.6802958977807666,0.30476747587013747,0.9464820359281437,0.39016318612347367,0.732467225998817,1042
3456,0.7831325301204819,0.6800268997982515,0.3041825095057034,0.9461077844311377,0.39016318612347367,0.7315797149593667,1040
3457,0.7801204819277109,0.6794889038332212,0.30301257677683535,0.9453592814371258,0.39016318612347367,0.729804692880466,1036
3458,0.7868975903614458,0.6806993947545393,0.30564492541678856,0.9470434131736527,0.39016318612347367,0.7337984925579926,1045
3459,0.7838855421686747,0.6801613987895091,0.30447499268792044,0.9462949101796407,0.39016318612347367,0.7320234704790919,1041
3460,0.7801204819277109,0.6794889038332212,0.30301257677683535,0.9453592814371258,0.39016318612347367,0.729804692880466,1036
3461,0.7838855421686747,0.6801613987895091,0.30447499268792044,0.9462949101796407,0.39016318612347367,0.7320234704790919,1041
3462,0.7831325301204819,0.6800268997982515,0.3041825095057034,0.9461077844311377,0.39016318612347367,0.7315797149593667,1040
3463,0.7876506024096386,0.680833893745797,0.30593740859900553,0.9472305389221557,0.39016318612347367,0.7342422480777178,1046
3464,0.786144578313253,0.6805648957632818,0.30535244223457153,0.9468562874251497,0.39016318612347367,0.7333547370382674,1044
3465,0.776355421686747,0.6788164088769334,0.3015501608657502,0.9444236526946108,0.39016318612347367,0.7275859152818402,1031
3466,0.7853915662650602,0.6804303967720242,0.3050599590523545,0.9466691616766467,0.39016318612347367,0.7329109815185422,1043
3467,0.7853915662650602,0.6804303967720242,0.3050599590523545,0.9466691616766467,0.39016318612347367,0.7329109815185422,1043
3468,0.7838855421686747,0.6801613987895091,0.30447499268792044,0.9462949101796407,0.39016318612347367,0.7320234704790919,1041
3469,0.7868975903614458,0.6806993947545393,0.30564492541678856,0.9470434131736527,0.39016318612347367,0.7337984925579926,1045
3470,0.7884036144578314,0.6809683927370545,0.30622989178122256,0.9474176646706587,0.39016318612347367,0.734686003597443,1047
3471,0.7793674698795181,0.6793544048419636,0.3027200935946183,0.9451721556886228,0.39016318612347367,0.7293609373607408,1035
3472,0.7868975903614458,0.6806993947545393,0.30564492541678856,0.9470434131736527,0.39016318612347367,0.7337984925579926,1045
3473,0.7816265060240963,0.6797579018157364,0.30359754314126935,0.9457335329341318,0.39016318612347367,0.7306922039199164,1038
3474,0.7823795180722891,0.679892400806994,0.3038900263234864,0.9459206586826348,0.39016318612347367,0.7311359594396416,1039
3475,0.795933734939759,0.6823133826496302,0.3091547236033928,0.9492889221556886,0.39016318612347367,0.7391235587946946,1057
3476,0.7838855421686747,0.6801613987895091,0.30447499268792044,0.9462949101796407,0.39016318612347367,0.7320234704790919,1041
3477,0.7838855421686747,0.6801613987895091,0.30447499268792044,0.9462949101796407,0.39016318612347367,0.7320234704790919,1041
3478,0.786144578313253,0.6805648957632818,0.30535244223457153,0.9468562874251497,0.39016318612347367,0.7333547370382674,1044
3479,0.7853915662650602,0.6804303967720242,0.3050599590523545,0.9466691616766467,0.39016318612347367,0.7329109815185422,1043
3480,0.7838855421686747,0.6801613987895091,0.30447499268792044,0.9462949101796407,0.39016318612347367,0.7320234704790919,1041
3481,0.7846385542168675,0.6802958977807666,0.30476747587013747,0.9464820359281437,0.39016318612347367,0.732467225998817,1042
3482,0.7838855421686747,0.6801613987895091,0.30447499268792044,0.9462949101796407,0.39016318612347367,0.7320234704790919,1041
3483,0.7868975903614458,0.6806993947545393,0.30564492541678856,0.9470434131736527,0.39016318612347367,0.7337984925579926,1045
3484,0.7831325301204819,0.6800268997982515,0.3041825095057034,0.9461077844311377,0.39016318612347367,0.7315797149593667,1040
3485,0.7838855421686747,0.6801613987895091,0.30447499268792044,0.9462949101796407,0.39016318612347367,0.7320234704790919,1041
3486,0.7816265060240963,0.6797579018157364,0.30359754314126935,0.9457335329341318,0.39016318612347367,0.7306922039199164,1038
3487,0.7831325301204819,0.6800268997982515,0.3041825095057034,0.9461077844311377,0.39016318612347367,0.7315797149593667,1040
3488,0.7823795180722891,0.679892400806994,0.3038900263234864,0.9459206586826348,0.39016318612347367,0.7311359594396416,1039
3489,0.786144578313253,0.6805648957632818,0.30535244223457153,0.9468562874251497,0.39016318612347367,0.7333547370382674,1044
3490,0.7831325301204819,0.6800268997982515,0.3041825095057034,0.9461077844311377,0.39016318612347367,0.7315797149593667,1040
3491,0.7838855421686747,0.6801613987895091,0.30447499268792044,0.9462949101796407,0.39016318612347367,0.7320234704790919,1041
3492,0.7801204819277109,0.6794889038332212,0.30301257677683535,0.9453592814371258,0.39016318612347367,0.729804692880466,1036
3493,0.7816265060240963,0.6797579018157364,0.30359754314126935,0.9457335329341318,0.39016318612347367,0.7306922039199164,1038
3494,0.786144578313253,0.6805648957632818,0.30535244223457153,0.9468562874251497,0.39016318612347367,0.7333547370382674,1044
3495,0.7868975903614458,0.6806993947545393,0.30564492541678856,0.9470434131736527,0.39016318612347367,0.7337984925579926,1045
3496,0.7876506024096386,0.680833893745797,0.30593740859900553,0.9472305389221557,0.39016318612347367,0.7342422480777178,1046
3497,0.7846385542168675,0.6802958977807666,0.30476747587013747,0.9464820359281437,0.39016318612347367,0.732467225998817,1042
3498,0.7884036144578314,0.6809683927370545,0.30622989178122256,0.9474176646706587,0.39016318612347367,0.734686003597443,1047
3499,0.7786144578313253,0.6792199058507061,0.3024276104124013,0.9449850299401198,0.39016318612347367,0.7289171818410157,1034
3500,0.7816265060240963,0.6797579018157364,0.30359754314126935,0.9457335329341318,0.39016318612347367,0.7306922039199164,1038
3501,0.7801204819277109,0.6794889038332212,0.30301257677683535,0.9453592814371258,0.39016318612347367,0.729804692880466,1036
3502,0.7831325301204819,0.6800268997982515,0.3041825095057034,0.9461077844311377,0.39016318612347367,0.7315797149593667,1040
3503,0.7846385542168675,0.6802958977807666,0.30476747587013747,0.9464820359281437,0.39016318612347367,0.732467225998817,1042
3504,0.7778614457831325,0.6790854068594485,0.30213512723018426,0.9447979041916168,0.39016318612347367,0.7284734263212905,1033
3505,0.7838855421686747,0.6801613987895091,0.30447499268792044,0.9462949101796407,0.39016318612347367,0.7320234704790919,1041
3506,0.7868975903614458,0.6806993947545393,0.30564492541678856,0.9470434131736527,0.39016318612347367,0.7337984925579926,1045
3507,0.7816265060240963,0.6797579018157364,0.30359754314126935,0.9457335329341318,0.39016318612347367,0.7306922039199164,1038
3508,0.7816265060240963,0.6797579018157364,0.30359754314126935,0.9457335329341318,0.39016318612347367,0.7306922039199164,1038
3509,0.7868975903614458,0.6806993947545393,0.30564492541678856,0.9470434131736527,0.39016318612347367,0.7337984925579926,1045
3510,0.786144578313253,0.6805648957632818,0.30535244223457153,0.9468562874251497,0.39016318612347367,0.7333547370382674,1044
3511,0.7838855421686747,0.6801613987895091,0.30447499268792044,0.9462949101796407,0.39016318612347367,0.7320234704790919,1041
3512,0.7951807228915663,0.6821788836583725,0.30886224042117577,0.9491017964071856,0.39016318612347367,0.7386798032749694,1056
3513,0.7786144578313253,0.6792199058507061,0.3024276104124013,0.9449850299401198,0.39016318612347367,0.7289171818410157,1034
3514,0.7884036144578314,0.6809683927370545,0.30622989178122256,0.9474176646706587,0.39016318612347367,0.734686003597443,1047
3515,0.7808734939759037,0.6796234028244789,0.3033050599590524,0.9455464071856288,0.39016318612347367,0.7302484484001912,1037
3516,0.7786144578313253,0.6792199058507061,0.3024276104124013,0.9449850299401198,0.39016318612347367,0.7289171818410157,1034
3517,0.7823795180722891,0.679892400806994,0.3038900263234864,0.9459206586826348,0.39016318612347367,0.7311359594396416,1039
3518,0.7808734939759037,0.6796234028244789,0.3033050599590524,0.9455464071856288,0.39016318612347367,0.7302484484001912,1037
3519,0.786144578313253,0.6805648957632818,0.30535244223457153,0.9468562874251497,0.39016318612347367,0.7333547370382674,1044
3520,0.7846385542168675,0.6802958977807666,0.30476747587013747,0.9464820359281437,0.39016318612347367,0.732467225998817,1042
3521,0.7838855421686747,0.6801613987895091,0.30447499268792044,0.9462949101796407,0.39016318612347367,0.7320234704790919,1041
3522,0.7816265060240963,0.6797579018157364,0.30359754314126935,0.9457335329341318,0.39016318612347367,0.7306922039199164,1038
3523,0.7823795180722891,0.679892400806994,0.3038900263234864,0.9459206586826348,0.39016318612347367,0.7311359594396416,1039
3524,0.7808734939759037,0.6796234028244789,0.3033050599590524,0.9455464071856288,0.39016318612347367,0.7302484484001912,1037
3525,0.786144578313253,0.6805648957632818,0.30535244223457153,0.9468562874251497,0.39016318612347367,0.7333547370382674,1044
3526,0.7823795180722891,0.679892400806994,0.3038900263234864,0.9459206586826348,0.39016318612347367,0.7311359594396416,1039
3527,0.7816265060240963,0.6797579018157364,0.30359754314126935,0.9457335329341318,0.39016318612347367,0.7306922039199164,1038
3528,0.7853915662650602,0.6804303967720242,0.3050599590523545,0.9466691616766467,0.39016318612347367,0.7329109815185422,1043
3529,0.7831325301204819,0.6800268997982515,0.3041825095057034,0.9461077844311377,0.39016318612347367,0.7315797149593667,1040
3530,0.7876506024096386,0.680833893745797,0.30593740859900553,0.9472305389221557,0.39016318612347367,0.7342422480777178,1046
3531,0.7801204819277109,0.6794889038332212,0.30301257677683535,0.9453592814371258,0.39016318612347367,0.729804692880466,1036
3532,0.7771084337349398,0.678950907868191,0.30184264404796723,0.9446107784431138,0.39016318612347367,0.7280296708015654,1032
3533,0.7823795180722891,0.679892400806994,0.3038900263234864,0.9459206586826348,0.39016318612347367,0.7311359594396416,1039
3534,0.7793674698795181,0.6793544048419636,0.3027200935946183,0.9451721556886228,0.39016318612347367,0.7293609373607408,1035
3535,0.7778614457831325,0.6790854068594485,0.30213512723018426,0.9447979041916168,0.39016318612347367,0.7284734263212905,1033
3536,0.7801204819277109,0.6794889038332212,0.30301257677683535,0.9453592814371258,0.39016318612347367,0.729804692880466,1036
3537,0.7831325301204819,0.6800268997982515,0.3041825095057034,0.9461077844311377,0.39016318612347367,0.7315797149593667,1040
3538,0.7838855421686747,0.6801613987895091,0.30447499268792044,0.9462949101796407,0.39016318612347367,0.7320234704790919,1041
3539,0.7891566265060241,0.6811028917283121,0.3065223749634396,0.9476047904191617,0.39016318612347367,0.7351297591171682,1048
3540,0.7793674698795181,0.6793544048419636,0.3027200935946183,0.9451721556886228,0.39016318612347367,0.7293609373607408,1035
3541,0.7831325301204819,0.6800268997982515,0.3041825095057034,0.9461077844311377,0.39016318612347367,0.7315797149593667,1040
3542,0.786144578313253,0.6805648957632818,0.30535244223457153,0.9468562874251497,0.39016318612347367,0.7333547370382674,1044
3543,0.7838855421686747,0.6801613987895091,0.30447499268792044,0.9462949101796407,0.39016318612347367,0.7320234704790919,1041
3544,0.7831325301204819,0.6800268997982515,0.3041825095057034,0.9461077844311377,0.39016318612347367,0.7315797149593667,1040
3545,0.7838855421686747,0.6801613987895091,0.30447499268792044,0.9462949101796407,0.39016318612347367,0.7320234704790919,1041
3546,0.7838855421686747,0.6801613987895091,0.30447499268792044,0.9462949101796407,0.39016318612347367,0.7320234704790919,1041
3547,0.7853915662650602,0.6804303967720242,0.3050599590523545,0.9466691616766467,0.39016318612347367,0.7329109815185422,1043
3548,0.7884036144578314,0.6809683927370545,0.30622989178122256,0.9474176646706587,0.39016318612347367,0.734686003597443,1047
3549,0.7793674698795181,0.6793544048419636,0.3027200935946183,0.9451721556886228,0.39016318612347367,0.7293609373607408,1035
3550,0.7853915662650602,0.6804303967720242,0.3050599590523545,0.9466691616766467,0.39016318612347367,0.7329109815185422,1043
3551,0.7838855421686747,0.6801613987895091,0.30447499268792044,0.9462949101796407,0.39016318612347367,0.7320234704790919,1041
3552,0.786144578313253,0.6805648957632818,0.30535244223457153,0.9468562874251497,0.39016318612347367,0.7333547370382674,1044
3553,0.786144578313253,0.6805648957632818,0.30535244223457153,0.9468562874251497,0.39016318612347367,0.7333547370382674,1044
3554,0.7899096385542169,0.6812373907195696,0.3068148581456566,0.9477919161676647,0.39016318612347367,0.7355735146368932,1049
3555,0.7846385542168675,0.6802958977807666,0.30476747587013747,0.9464820359281437,0.39016318612347367,0.732467225998817,1042
3556,0.7884036144578314,0.6809683927370545,0.30622989178122256,0.9474176646706587,0.39016318612347367,0.734686003597443,1047
3557,0.7801204819277109,0.6794889038332212,0.30301257677683535,0.9453592814371258,0.39016318612347367,0.729804692880466,1036
3558,0.7793674698795181,0.6793544048419636,0.3027200935946183,0.9451721556886228,0.39016318612347367,0.7293609373607408,1035
3559,0.7808734939759037,0.6796234028244789,0.3033050599590524,0.9455464071856288,0.39016318612347367,0.7302484484001912,1037
3560,0.7876506024096386,0.680833893745797,0.30593740859900553,0.9472305389221557,0.39016318612347367,0.7342422480777178,1046
3561,0.7801204819277109,0.6794889038332212,0.30301257677683535,0.9453592814371258,0.39016318612347367,0.729804692880466,1036
3562,0.7778614457831325,0.6790854068594485,0.30213512723018426,0.9447979041916168,0.39016318612347367,0.7284734263212905,1033
3563,0.7838855421686747,0.6801613987895091,0.30447499268792044,0.9462949101796407,0.39016318612347367,0.7320234704790919,1041
3564,0.7876506024096386,0.680833893745797,0.30593740859900553,0.9472305389221557,0.39016318612347367,0.7342422480777178,1046
3565,0.7816265060240963,0.6797579018157364,0.30359754314126935,0.9457335329341318,0.39016318612347367,0.7306922039199164,1038
3566,0.7838855421686747,0.6801613987895091,0.30447499268792044,0.9462949101796407,0.39016318612347367,0.7320234704790919,1041
3567,0.7846385542168675,0.6802958977807666,0.30476747587013747,0.9464820359281437,0.39016318612347367,0.732467225998817,1042
3568,0.7899096385542169,0.6812373907195696,0.3068148581456566,0.9477919161676647,0.39016318612347367,0.7355735146368932,1049
3569,0.7756024096385542,0.6786819098856759,0.3012576776835332,0.9442365269461078,0.39016318612347367,0.727142159762115,1030
3570,0.7831325301204819,0.6800268997982515,0.3041825095057034,0.9461077844311377,0.39016318612347367,0.7315797149593667,1040
3571,0.7831325301204819,0.6800268997982515,0.3041825095057034,0.9461077844311377,0.39016318612347367,0.7315797149593667,1040
3572,0.7868975903614458,0.6806993947545393,0.30564492541678856,0.9470434131736527,0.39016318612347367,0.7337984925579926,1045
3573,0.7793674698795181,0.6793544048419636,0.3027200935946183,0.9451721556886228,0.39016318612347367,0.7293609373607408,1035
3574,0.7816265060240963,0.6797579018157364,0.30359754314126935,0.9457335329341318,0.39016318612347367,0.7306922039199164,1038
3575,0.7884036144578314,0.6809683927370545,0.30622989178122256,0.9474176646706587,0.39016318612347367,0.734686003597443,1047
3576,0.7801204819277109,0.6794889038332212,0.30301257677683535,0.9453592814371258,0.39016318612347367,0.729804692880466,1036
3577,0.7838855421686747,0.6801613987895091,0.30447499268792044,0.9462949101796407,0.39016318612347367,0.7320234704790919,1041
3578,0.7823795180722891,0.679892400806994,0.3038900263234864,0.9459206586826348,0.39016318612347367,0.7311359594396416,1039
3579,0.7801204819277109,0.6794889038332212,0.30301257677683535,0.9453592814371258,0.39016318612347367,0.729804692880466,1036
3580,0.786144578313253,0.6805648957632818,0.30535244223457153,0.9468562874251497,0.39016318612347367,0.7333547370382674,1044
3581,0.7899096385542169,0.6812373907195696,0.3068148581456566,0.9477919161676647,0.39016318612347367,0.7355735146368932,1049
3582,0.7808734939759037,0.6796234028244789,0.3033050599590524,0.9455464071856288,0.39016318612347367,0.7302484484001912,1037
3583,0.7853915662650602,0.6804303967720242,0.3050599590523545,0.9466691616766467,0.39016318612347367,0.7329109815185422,1043
3584,0.7868975903614458,0.6806993947545393,0.30564492541678856,0.9470434131736527,0.39016318612347367,0.7337984925579926,1045
3585,0.7786144578313253,0.6792199058507061,0.3024276104124013,0.9449850299401198,0.39016318612347367,0.7289171818410157,1034
3586,0.7884036144578314,0.6809683927370545,0.30622989178122256,0.9474176646706587,0.39016318612347367,0.734686003597443,1047
3587,0.7936746987951807,0.6819098856758574,0.3082772740567417,0.9487275449101796,0.39016318612347367,0.7377922922355191,1054
3588,0.7816265060240963,0.6797579018157364,0.30359754314126935,0.9457335329341318,0.39016318612347367,0.7306922039199164,1038
3589,0.7793674698795181,0.6793544048419636,0.3027200935946183,0.9451721556886228,0.39016318612347367,0.7293609373607408,1035
3590,0.7853915662650602,0.6804303967720242,0.3050599590523545,0.9466691616766467,0.39016318612347367,0.7329109815185422,1043
3591,0.7838855421686747,0.6801613987895091,0.30447499268792044,0.9462949101796407,0.39016318612347367,0.7320234704790919,1041
3592,0.7816265060240963,0.6797579018157364,0.30359754314126935,0.9457335329341318,0.39016318612347367,0.7306922039199164,1038
3593,0.7838855421686747,0.6801613987895091,0.30447499268792044,0.9462949101796407,0.39016318612347367,0.7320234704790919,1041
3594,0.7846385542168675,0.6802958977807666,0.30476747587013747,0.9464820359281437,0.39016318612347367,0.732467225998817,1042
3595,0.7891566265060241,0.6811028917283121,0.3065223749634396,0.9476047904191617,0.39016318612347367,0.7351297591171682,1048
3596,0.7816265060240963,0.6797579018157364,0.30359754314126935,0.9457335329341318,0.39016318612347367,0.7306922039199164,1038
3597,0.7823795180722891,0.679892400806994,0.3038900263234864,0.9459206586826348,0.39016318612347367,0.7311359594396416,1039
3598,0.7831325301204819,0.6800268997982515,0.3041825095057034,0.9461077844311377,0.39016318612347367,0.7315797149593667,1040
3599,0.7876506024096386,0.680833893745797,0.30593740859900553,0.9472305389221557,0.39016318612347367,0.7342422480777178,1046
3600,0.7816265060240963,0.6797579018157364,0.30359754314126935,0.9457335329341318,0.39016318612347367,0.7306922039199164,1038
3601,0.7808734939759037,0.6796234028244789,0.3033050599590524,0.9455464071856288,0.39016318612347367,0.7302484484001912,1037
3602,0.7853915662650602,0.6804303967720242,0.3050599590523545,0.9466691616766467,0.39016318612347367,0.7329109815185422,1043
3603,0.7771084337349398,0.678950907868191,0.30184264404796723,0.9446107784431138,0.39016318612347367,0.7280296708015654,1032
3604,0.786144578313253,0.6805648957632818,0.30535244223457153,0.9468562874251497,0.39016318612347367,0.7333547370382674,1044
3605,0.7831325301204819,0.6800268997982515,0.3041825095057034,0.9461077844311377,0.39016318612347367,0.7315797149593667,1040
3606,0.7756024096385542,0.6786819098856759,0.3012576776835332,0.9442365269461078,0.39016318612347367,0.727142159762115,1030
3607,0.7748493975903614,0.6785474108944183,0.30096519450131615,0.9440494011976048,0.39016318612347367,0.7266984042423899,1029
3608,0.7793674698795181,0.6793544048419636,0.3027200935946183,0.9451721556886228,0.39016318612347367,0.7293609373607408,1035
3609,0.7801204819277109,0.6794889038332212,0.30301257677683535,0.9453592814371258,0.39016318612347367,0.729804692880466,1036
3610,0.786144578313253,0.6805648957632818,0.30535244223457153,0.9468562874251497,0.39016318612347367,0.7333547370382674,1044
3611,0.7823795180722891,0.679892400806994,0.3038900263234864,0.9459206586826348,0.39016318612347367,0.7311359594396416,1039
3612,0.7778614457831325,0.6790854068594485,0.30213512723018426,0.9447979041916168,0.39016318612347367,0.7284734263212905,1033
3613,0.7838855421686747,0.6801613987895091,0.30447499268792044,0.9462949101796407,0.39016318612347367,0.7320234704790919,1041
3614,0.7801204819277109,0.6794889038332212,0.30301257677683535,0.9453592814371258,0.39016318612347367,0.729804692880466,1036
3615,0.7786144578313253,0.6792199058507061,0.3024276104124013,0.9449850299401198,0.39016318612347367,0.7289171818410157,1034
3616,0.7793674698795181,0.6793544048419636,0.3027200935946183,0.9451721556886228,0.39016318612347367,0.7293609373607408,1035
3617,0.7778614457831325,0.6790854068594485,0.30213512723018426,0.9447979041916168,0.39016318612347367,0.7284734263212905,1033
3618,0.7838855421686747,0.6801613987895091,0.30447499268792044,0.9462949101796407,0.39016318612347367,0.7320234704790919,1041
3619,0.7748493975903614,0.6785474108944183,0.30096519450131615,0.9440494011976048,0.39016318612347367,0.7266984042423899,1029
3620,0.7906626506024096,0.6813718897108272,0.30710734132787365,0.9479790419161677,0.39016318612347367,0.7360172701566183,1050
3621,0.7838855421686747,0.6801613987895091,0.30447499268792044,0.9462949101796407,0.39016318612347367,0.7320234704790919,1041
3622,0.7891566265060241,0.6811028917283121,0.3065223749634396,0.9476047904191617,0.39016318612347367,0.7351297591171682,1048
3623,0.7868975903614458,0.6806993947545393,0.30564492541678856,0.9470434131736527,0.39016318612347367,0.7337984925579926,1045
3624,0.786144578313253,0.6805648957632818,0.30535244223457153,0.9468562874251497,0.39016318612347367,0.7333547370382674,1044
3625,0.7786144578313253,0.6792199058507061,0.3024276104124013,0.9449850299401198,0.39016318612347367,0.7289171818410157,1034
3626,0.7771084337349398,0.678950907868191,0.30184264404796723,0.9446107784431138,0.39016318612347367,0.7280296708015654,1032
3627,0.7914156626506024,0.6815063887020847,0.3073998245100907,0.9481661676646707,0.39016318612347367,0.7364610256763435,1051
3628,0.7868975903614458,0.6806993947545393,0.30564492541678856,0.9470434131736527,0.39016318612347367,0.7337984925579926,1045
3629,0.7868975903614458,0.6806993947545393,0.30564492541678856,0.9470434131736527,0.39016318612347367,0.7337984925579926,1045
3630,0.7823795180722891,0.679892400806994,0.3038900263234864,0.9459206586826348,0.39016318612347367,0.7311359594396416,1039
3631,0.7853915662650602,0.6804303967720242,0.3050599590523545,0.9466691616766467,0.39016318612347367,0.7329109815185422,1043
3632,0.7808734939759037,0.6796234028244789,0.3033050599590524,0.9455464071856288,0.39016318612347367,0.7302484484001912,1037
3633,0.7891566265060241,0.6811028917283121,0.3065223749634396,0.9476047904191617,0.39016318612347367,0.7351297591171682,1048
3634,0.7876506024096386,0.680833893745797,0.30593740859900553,0.9472305389221557,0.39016318612347367,0.7342422480777178,1046
3635,0.7838855421686747,0.6801613987895091,0.30447499268792044,0.9462949101796407,0.39016318612347367,0.7320234704790919,1041
3636,0.7808734939759037,0.6796234028244789,0.3033050599590524,0.9455464071856288,0.39016318612347367,0.7302484484001912,1037
3637,0.7906626506024096,0.6813718897108272,0.30710734132787365,0.9479790419161677,0.39016318612347367,0.7360172701566183,1050
3638,0.7808734939759037,0.6796234028244789,0.3033050599590524,0.9455464071856288,0.39016318612347367,0.7302484484001912,1037
3639,0.7853915662650602,0.6804303967720242,0.3050599590523545,0.9466691616766467,0.39016318612347367,0.7329109815185422,1043
3640,0.7801204819277109,0.6794889038332212,0.30301257677683535,0.9453592814371258,0.39016318612347367,0.729804692880466,1036
3641,0.7816265060240963,0.6797579018157364,0.30359754314126935,0.9457335329341318,0.39016318612347367,0.7306922039199164,1038
3642,0.7771084337349398,0.678950907868191,0.30184264404796723,0.9446107784431138,0.39016318612347367,0.7280296708015654,1032
3643,0.7823795180722891,0.679892400806994,0.3038900263234864,0.9459206586826348,0.39016318612347367,0.7311359594396416,1039
3644,0.7831325301204819,0.6800268997982515,0.3041825095057034,0.9461077844311377,0.39016318612347367,0.7315797149593667,1040
3645,0.7801204819277109,0.6794889038332212,0.30301257677683535,0.9453592814371258,0.39016318612347367,0.729804692880466,1036
3646,0.7891566265060241,0.6811028917283121,0.3065223749634396,0.9476047904191617,0.39016318612347367,0.7351297591171682,1048
3647,0.786144578313253,0.6805648957632818,0.30535244223457153,0.9468562874251497,0.39016318612347367,0.7333547370382674,1044
3648,0.7846385542168675,0.6802958977807666,0.30476747587013747,0.9464820359281437,0.39016318612347367,0.732467225998817,1042
3649,0.7838855421686747,0.6801613987895091,0.30447499268792044,0.9462949101796407,0.39016318612347367,0.7320234704790919,1041
3650,0.7838855421686747,0.6801613987895091,0.30447499268792044,0.9462949101796407,0.39016318612347367,0.7320234704790919,1041
3651,0.7884036144578314,0.6809683927370545,0.30622989178122256,0.9474176646706587,0.39016318612347367,0.734686003597443,1047
3652,0.786144578313253,0.6805648957632818,0.30535244223457153,0.9468562874251497,0.39016318612347367,0.7333547370382674,1044
3653,0.7846385542168675,0.6802958977807666,0.30476747587013747,0.9464820359281437,0.39016318612347367,0.732467225998817,1042
3654,0.7793674698795181,0.6793544048419636,0.3027200935946183,0.9451721556886228,0.39016318612347367,0.7293609373607408,1035
3655,0.7846385542168675,0.6802958977807666,0.30476747587013747,0.9464820359281437,0.39016318612347367,0.732467225998817,1042
3656,0.7831325301204819,0.6800268997982515,0.3041825095057034,0.9461077844311377,0.39016318612347367,0.7315797149593667,1040
3657,0.7914156626506024,0.6815063887020847,0.3073998245100907,0.9481661676646707,0.39016318612347367,0.7364610256763435,1051
3658,0.7914156626506024,0.6815063887020847,0.3073998245100907,0.9481661676646707,0.39016318612347367,0.7364610256763435,1051
3659,0.7906626506024096,0.6813718897108272,0.30710734132787365,0.9479790419161677,0.39016318612347367,0.7360172701566183,1050
3660,0.7778614457831325,0.6790854068594485,0.30213512723018426,0.9447979041916168,0.39016318612347367,0.7284734263212905,1033
3661,0.7816265060240963,0.6797579018157364,0.30359754314126935,0.9457335329341318,0.39016318612347367,0.7306922039199164,1038
3662,0.7823795180722891,0.679892400806994,0.3038900263234864,0.9459206586826348,0.39016318612347367,0.7311359594396416,1039
3663,0.7853915662650602,0.6804303967720242,0.3050599590523545,0.9466691616766467,0.39016318612347367,0.7329109815185422,1043
3664,0.7831325301204819,0.6800268997982515,0.3041825095057034,0.9461077844311377,0.39016318612347367,0.7315797149593667,1040
3665,0.7816265060240963,0.6797579018157364,0.30359754314126935,0.9457335329341318,0.39016318612347367,0.7306922039199164,1038
3666,0.786144578313253,0.6805648957632818,0.30535244223457153,0.9468562874251497,0.39016318612347367,0.7333547370382674,1044
3667,0.7823795180722891,0.679892400806994,0.3038900263234864,0.9459206586826348,0.39016318612347367,0.7311359594396416,1039
3668,0.7891566265060241,0.6811028917283121,0.3065223749634396,0.9476047904191617,0.39016318612347367,0.7351297591171682,1048
3669,0.7838855421686747,0.6801613987895091,0.30447499268792044,0.9462949101796407,0.39016318612347367,0.7320234704790919,1041
3670,0.7831325301204819,0.6800268997982515,0.3041825095057034,0.9461077844311377,0.39016318612347367,0.7315797149593667,1040
3671,0.7838855421686747,0.6801613987895091,0.30447499268792044,0.9462949101796407,0.39016318612347367,0.7320234704790919,1041
3672,0.786144578313253,0.6805648957632818,0.30535244223457153,0.9468562874251497,0.39016318612347367,0.7333547370382674,1044
3673,0.7846385542168675,0.6802958977807666,0.30476747587013747,0.9464820359281437,0.39016318612347367,0.732467225998817,1042
3674,0.7816265060240963,0.6797579018157364,0.30359754314126935,0.9457335329341318,0.39016318612347367,0.7306922039199164,1038
3675,0.7906626506024096,0.6813718897108272,0.30710734132787365,0.9479790419161677,0.39016318612347367,0.7360172701566183,1050
3676,0.7914156626506024,0.6815063887020847,0.3073998245100907,0.9481661676646707,0.39016318612347367,0.7364610256763435,1051
3677,0.7801204819277109,0.6794889038332212,0.30301257677683535,0.9453592814371258,0.39016318612347367,0.729804692880466,1036
3678,0.7846385542168675,0.6802958977807666,0.30476747587013747,0.9464820359281437,0.39016318612347367,0.732467225998817,1042
3679,0.7831325301204819,0.6800268997982515,0.3041825095057034,0.9461077844311377,0.39016318612347367,0.7315797149593667,1040
3680,0.7876506024096386,0.680833893745797,0.30593740859900553,0.9472305389221557,0.39016318612347367,0.7342422480777178,1046
3681,0.7771084337349398,0.678950907868191,0.30184264404796723,0.9446107784431138,0.39016318612347367,0.7280296708015654,1032
3682,0.7808734939759037,0.6796234028244789,0.3033050599590524,0.9455464071856288,0.39016318612347367,0.7302484484001912,1037
3683,0.7838855421686747,0.6801613987895091,0.30447499268792044,0.9462949101796407,0.39016318612347367,0.7320234704790919,1041
3684,0.7876506024096386,0.680833893745797,0.30593740859900553,0.9472305389221557,0.39016318612347367,0.7342422480777178,1046
3685,0.7808734939759037,0.6796234028244789,0.3033050599590524,0.9455464071856288,0.39016318612347367,0.7302484484001912,1037
3686,0.7823795180722891,0.679892400806994,0.3038900263234864,0.9459206586826348,0.39016318612347367,0.7311359594396416,1039
3687,0.7838855421686747,0.6801613987895091,0.30447499268792044,0.9462949101796407,0.39016318612347367,0.7320234704790919,1041
3688,0.7899096385542169,0.6812373907195696,0.3068148581456566,0.9477919161676647,0.39016318612347367,0.7355735146368932,1049
3689,0.7876506024096386,0.680833893745797,0.30593740859900553,0.9472305389221557,0.39016318612347367,0.7342422480777178,1046
3690,0.7846385542168675,0.6802958977807666,0.30476747587013747,0.9464820359281437,0.39016318612347367,0.732467225998817,1042
3691,0.7853915662650602,0.6804303967720242,0.3050599590523545,0.9466691616766467,0.39016318612347367,0.7329109815185422,1043
3692,0.7868975903614458,0.6806993947545393,0.30564492541678856,0.9470434131736527,0.39016318612347367,0.7337984925579926,1045
3693,0.786144578313253,0.6805648957632818,0.30535244223457153,0.9468562874251497,0.39016318612347367,0.7333547370382674,1044
3694,0.7868975903614458,0.6806993947545393,0.30564492541678856,0.9470434131736527,0.39016318612347367,0.7337984925579926,1045
3695,0.7808734939759037,0.6796234028244789,0.3033050599590524,0.9455464071856288,0.39016318612347367,0.7302484484001912,1037
3696,0.7816265060240963,0.6797579018157364,0.30359754314126935,0.9457335329341318,0.39016318612347367,0.7306922039199164,1038
3697,0.7846385542168675,0.6802958977807666,0.30476747587013747,0.9464820359281437,0.39016318612347367,0.732467225998817,1042
3698,0.7838855421686747,0.6801613987895091,0.30447499268792044,0.9462949101796407,0.39016318612347367,0.7320234704790919,1041
3699,0.7838855421686747,0.6801613987895091,0.30447499268792044,0.9462949101796407,0.39016318612347367,0.7320234704790919,1041
3700,0.7823795180722891,0.679892400806994,0.3038900263234864,0.9459206586826348,0.39016318612347367,0.7311359594396416,1039
3701,0.786144578313253,0.6805648957632818,0.30535244223457153,0.9468562874251497,0.39016318612347367,0.7333547370382674,1044
3702,0.7823795180722891,0.679892400806994,0.3038900263234864,0.9459206586826348,0.39016318612347367,0.7311359594396416,1039
3703,0.7846385542168675,0.6802958977807666,0.30476747587013747,0.9464820359281437,0.39016318612347367,0.732467225998817,1042
3704,0.776355421686747,0.6788164088769334,0.3015501608657502,0.9444236526946108,0.39016318612347367,0.7275859152818402,1031
3705,0.7868975903614458,0.6806993947545393,0.30564492541678856,0.9470434131736527,0.39016318612347367,0.7337984925579926,1045
3706,0.7899096385542169,0.6812373907195696,0.3068148581456566,0.9477919161676647,0.39016318612347367,0.7355735146368932,1049
3707,0.7823795180722891,0.679892400806994,0.3038900263234864,0.9459206586826348,0.39016318612347367,0.7311359594396416,1039
3708,0.7786144578313253,0.6792199058507061,0.3024276104124013,0.9449850299401198,0.39016318612347367,0.7289171818410157,1034
3709,0.7831325301204819,0.6800268997982515,0.3041825095057034,0.9461077844311377,0.39016318612347367,0.7315797149593667,1040
3710,0.7899096385542169,0.6812373907195696,0.3068148581456566,0.9477919161676647,0.39016318612347367,0.7355735146368932,1049
3711,0.7838855421686747,0.6801613987895091,0.30447499268792044,0.9462949101796407,0.39016318612347367,0.7320234704790919,1041
3712,0.7876506024096386,0.680833893745797,0.30593740859900553,0.9472305389221557,0.39016318612347367,0.7342422480777178,1046
3713,0.7816265060240963,0.6797579018157364,0.30359754314126935,0.9457335329341318,0.39016318612347367,0.7306922039199164,1038
3714,0.7823795180722891,0.679892400806994,0.3038900263234864,0.9459206586826348,0.39016318612347367,0.7311359594396416,1039
3715,0.7884036144578314,0.6809683927370545,0.30622989178122256,0.9474176646706587,0.39016318612347367,0.734686003597443,1047
3716,0.7816265060240963,0.6797579018157364,0.30359754314126935,0.9457335329341318,0.39016318612347367,0.7306922039199164,1038
3717,0.7884036144578314,0.6809683927370545,0.30622989178122256,0.9474176646706587,0.39016318612347367,0.734686003597443,1047
3718,0.7801204819277109,0.6794889038332212,0.30301257677683535,0.9453592814371258,0.39016318612347367,0.729804692880466,1036
3719,0.7853915662650602,0.6804303967720242,0.3050599590523545,0.9466691616766467,0.39016318612347367,0.7329109815185422,1043
3720,0.7801204819277109,0.6794889038332212,0.30301257677683535,0.9453592814371258,0.39016318612347367,0.729804692880466,1036
3721,0.7801204819277109,0.6794889038332212,0.30301257677683535,0.9453592814371258,0.39016318612347367,0.729804692880466,1036
3722,0.7823795180722891,0.679892400806994,0.3038900263234864,0.9459206586826348,0.39016318612347367,0.7311359594396416,1039
3723,0.7808734939759037,0.6796234028244789,0.3033050599590524,0.9455464071856288,0.39016318612347367,0.7302484484001912,1037
3724,0.7846385542168675,0.6802958977807666,0.30476747587013747,0.9464820359281437,0.39016318612347367,0.732467225998817,1042
3725,0.7808734939759037,0.6796234028244789,0.3033050599590524,0.9455464071856288,0.39016318612347367,0.7302484484001912,1037
3726,0.7808734939759037,0.6796234028244789,0.3033050599590524,0.9455464071856288,0.39016318612347367,0.7302484484001912,1037
3727,0.7823795180722891,0.679892400806994,0.3038900263234864,0.9459206586826348,0.39016318612347367,0.7311359594396416,1039
3728,0.7816265060240963,0.6797579018157364,0.30359754314126935,0.9457335329341318,0.39016318612347367,0.7306922039199164,1038
3729,0.7823795180722891,0.679892400806994,0.3038900263234864,0.9459206586826348,0.39016318612347367,0.7311359594396416,1039
3730,0.786144578313253,0.6805648957632818,0.30535244223457153,0.9468562874251497,0.39016318612347367,0.7333547370382674,1044
3731,0.7793674698795181,0.6793544048419636,0.3027200935946183,0.9451721556886228,0.39016318612347367,0.7293609373607408,1035
3732,0.7868975903614458,0.6806993947545393,0.30564492541678856,0.9470434131736527,0.39016318612347367,0.7337984925579926,1045
3733,0.7853915662650602,0.6804303967720242,0.3050599590523545,0.9466691616766467,0.39016318612347367,0.7329109815185422,1043
3734,0.7853915662650602,0.6804303967720242,0.3050599590523545,0.9466691616766467,0.39016318612347367,0.7329109815185422,1043
3735,0.7838855421686747,0.6801613987895091,0.30447499268792044,0.9462949101796407,0.39016318612347367,0.7320234704790919,1041
3736,0.7778614457831325,0.6790854068594485,0.30213512723018426,0.9447979041916168,0.39016318612347367,0.7284734263212905,1033
3737,0.7846385542168675,0.6802958977807666,0.30476747587013747,0.9464820359281437,0.39016318612347367,0.732467225998817,1042
3738,0.7778614457831325,0.6790854068594485,0.30213512723018426,0.9447979041916168,0.39016318612347367,0.7284734263212905,1033
3739,0.7816265060240963,0.6797579018157364,0.30359754314126935,0.9457335329341318,0.39016318612347367,0.7306922039199164,1038
3740,0.7748493975903614,0.6785474108944183,0.30096519450131615,0.9440494011976048,0.39016318612347367,0.7266984042423899,1029
3741,0.7823795180722891,0.679892400806994,0.3038900263234864,0.9459206586826348,0.39016318612347367,0.7311359594396416,1039
3742,0.7868975903614458,0.6806993947545393,0.30564492541678856,0.9470434131736527,0.39016318612347367,0.7337984925579926,1045
3743,0.7846385542168675,0.6802958977807666,0.30476747587013747,0.9464820359281437,0.39016318612347367,0.732467225998817,1042
3744,0.7816265060240963,0.6797579018157364,0.30359754314126935,0.9457335329341318,0.39016318612347367,0.7306922039199164,1038
3745,0.7778614457831325,0.6790854068594485,0.30213512723018426,0.9447979041916168,0.39016318612347367,0.7284734263212905,1033
3746,0.7801204819277109,0.6794889038332212,0.30301257677683535,0.9453592814371258,0.39016318612347367,0.729804692880466,1036
3747,0.7853915662650602,0.6804303967720242,0.3050599590523545,0.9466691616766467,0.39016318612347367,0.7329109815185422,1043
3748,0.7853915662650602,0.6804303967720242,0.3050599590523545,0.9466691616766467,0.39016318612347367,0.7329109815185422,1043
3749,0.7808734939759037,0.6796234028244789,0.3033050599590524,0.9455464071856288,0.39016318612347367,0.7302484484001912,1037
3750,0.7891566265060241,0.6811028917283121,0.3065223749634396,0.9476047904191617,0.39016318612347367,0.7351297591171682,1048
3751,0.7884036144578314,0.6809683927370545,0.30622989178122256,0.9474176646706587,0.39016318612347367,0.734686003597443,1047
3752,0.7816265060240963,0.6797579018157364,0.30359754314126935,0.9457335329341318,0.39016318612347367,0.7306922039199164,1038
3753,0.7816265060240963,0.6797579018157364,0.30359754314126935,0.9457335329341318,0.39016318612347367,0.7306922039199164,1038
3754,0.786144578313253,0.6805648957632818,0.30535244223457153,0.9468562874251497,0.39016318612347367,0.7333547370382674,1044
3755,0.7831325301204819,0.6800268997982515,0.3041825095057034,0.9461077844311377,0.39016318612347367,0.7315797149593667,1040
3756,0.7801204819277109,0.6794889038332212,0.30301257677683535,0.9453592814371258,0.39016318612347367,0.729804692880466,1036
3757,0.7838855421686747,0.6801613987895091,0.30447499268792044,0.9462949101796407,0.39016318612347367,0.7320234704790919,1041
3758,0.7853915662650602,0.6804303967720242,0.3050599590523545,0.9466691616766467,0.39016318612347367,0.7329109815185422,1043
3759,0.7853915662650602,0.6804303967720242,0.3050599590523545,0.9466691616766467,0.39016318612347367,0.7329109815185422,1043
3760,0.7876506024096386,0.680833893745797,0.30593740859900553,0.9472305389221557,0.39016318612347367,0.7342422480777178,1046
3761,0.7786144578313253,0.6792199058507061,0.3024276104124013,0.9449850299401198,0.39016318612347367,0.7289171818410157,1034
3762,0.7778614457831325,0.6790854068594485,0.30213512723018426,0.9447979041916168,0.39016318612347367,0.7284734263212905,1033
3763,0.7846385542168675,0.6802958977807666,0.30476747587013747,0.9464820359281437,0.39016318612347367,0.732467225998817,1042
3764,0.7876506024096386,0.680833893745797,0.30593740859900553,0.9472305389221557,0.39016318612347367,0.7342422480777178,1046
3765,0.7838855421686747,0.6801613987895091,0.30447499268792044,0.9462949101796407,0.39016318612347367,0.7320234704790919,1041
3766,0.7793674698795181,0.6793544048419636,0.3027200935946183,0.9451721556886228,0.39016318612347367,0.7293609373607408,1035
3767,0.7906626506024096,0.6813718897108272,0.30710734132787365,0.9479790419161677,0.39016318612347367,0.7360172701566183,1050
3768,0.7823795180722891,0.679892400806994,0.3038900263234864,0.9459206586826348,0.39016318612347367,0.7311359594396416,1039
3769,0.7816265060240963,0.6797579018157364,0.30359754314126935,0.9457335329341318,0.39016318612347367,0.7306922039199164,1038
3770,0.7853915662650602,0.6804303967720242,0.3050599590523545,0.9466691616766467,0.39016318612347367,0.7329109815185422,1043
3771,0.7823795180722891,0.679892400806994,0.3038900263234864,0.9459206586826348,0.39016318612347367,0.7311359594396416,1039
3772,0.7838855421686747,0.6801613987895091,0.30447499268792044,0.9462949101796407,0.39016318612347367,0.7320234704790919,1041
3773,0.7838855421686747,0.6801613987895091,0.30447499268792044,0.9462949101796407,0.39016318612347367,0.7320234704790919,1041
3774,0.7823795180722891,0.679892400806994,0.3038900263234864,0.9459206586826348,0.39016318612347367,0.7311359594396416,1039
3775,0.7786144578313253,0.6792199058507061,0.3024276104124013,0.9449850299401198,0.39016318612347367,0.7289171818410157,1034
3776,0.7808734939759037,0.6796234028244789,0.3033050599590524,0.9455464071856288,0.39016318612347367,0.7302484484001912,1037
3777,0.7778614457831325,0.6790854068594485,0.30213512723018426,0.9447979041916168,0.39016318612347367,0.7284734263212905,1033
3778,0.7831325301204819,0.6800268997982515,0.3041825095057034,0.9461077844311377,0.39016318612347367,0.7315797149593667,1040
3779,0.7853915662650602,0.6804303967720242,0.3050599590523545,0.9466691616766467,0.39016318612347367,0.7329109815185422,1043
3780,0.7816265060240963,0.6797579018157364,0.30359754314126935,0.9457335329341318,0.39016318612347367,0.7306922039199164,1038
3781,0.7786144578313253,0.6792199058507061,0.3024276104124013,0.9449850299401198,0.39016318612347367,0.7289171818410157,1034
3782,0.7816265060240963,0.6797579018157364,0.30359754314126935,0.9457335329341318,0.39016318612347367,0.7306922039199164,1038
3783,0.7876506024096386,0.680833893745797,0.30593740859900553,0.9472305389221557,0.39016318612347367,0.7342422480777178,1046
3784,0.7823795180722891,0.679892400806994,0.3038900263234864,0.9459206586826348,0.39016318612347367,0.7311359594396416,1039
3785,0.7846385542168675,0.6802958977807666,0.30476747587013747,0.9464820359281437,0.39016318612347367,0.732467225998817,1042
3786,0.7808734939759037,0.6796234028244789,0.3033050599590524,0.9455464071856288,0.39016318612347367,0.7302484484001912,1037
3787,0.7838855421686747,0.6801613987895091,0.30447499268792044,0.9462949101796407,0.39016318612347367,0.7320234704790919,1041
3788,0.786144578313253,0.6805648957632818,0.30535244223457153,0.9468562874251497,0.39016318612347367,0.7333547370382674,1044
3789,0.7891566265060241,0.6811028917283121,0.3065223749634396,0.9476047904191617,0.39016318612347367,0.7351297591171682,1048
3790,0.7816265060240963,0.6797579018157364,0.30359754314126935,0.9457335329341318,0.39016318612347367,0.7306922039199164,1038
3791,0.7816265060240963,0.6797579018157364,0.30359754314126935,0.9457335329341318,0.39016318612347367,0.7306922039199164,1038
3792,0.7793674698795181,0.6793544048419636,0.3027200935946183,0.9451721556886228,0.39016318612347367,0.7293609373607408,1035
3793,0.7838855421686747,0.6801613987895091,0.30447499268792044,0.9462949101796407,0.39016318612347367,0.7320234704790919,1041
3794,0.7793674698795181,0.6793544048419636,0.3027200935946183,0.9451721556886228,0.39016318612347367,0.7293609373607408,1035
3795,0.7906626506024096,0.6813718897108272,0.30710734132787365,0.9479790419161677,0.39016318612347367,0.7360172701566183,1050
3796,0.7823795180722891,0.679892400806994,0.3038900263234864,0.9459206586826348,0.39016318612347367,0.7311359594396416,1039
3797,0.7831325301204819,0.6800268997982515,0.3041825095057034,0.9461077844311377,0.39016318612347367,0.7315797149593667,1040
3798,0.7831325301204819,0.6800268997982515,0.3041825095057034,0.9461077844311377,0.39016318612347367,0.7315797149593667,1040
3799,0.7846385542168675,0.6802958977807666,0.30476747587013747,0.9464820359281437,0.39016318612347367,0.732467225998817,1042
3800,0.7808734939759037,0.6796234028244789,0.3033050599590524,0.9455464071856288,0.39016318612347367,0.7302484484001912,1037
3801,0.7853915662650602,0.6804303967720242,0.3050599590523545,0.9466691616766467,0.39016318612347367,0.7329109815185422,1043
3802,0.7884036144578314,0.6809683927370545,0.30622989178122256,0.9474176646706587,0.39016318612347367,0.734686003597443,1047
3803,0.7831325301204819,0.6800268997982515,0.3041825095057034,0.9461077844311377,0.39016318612347367,0.7315797149593667,1040
3804,0.7801204819277109,0.6794889038332212,0.30301257677683535,0.9453592814371258,0.39016318612347367,0.729804692880466,1036
3805,0.7816265060240963,0.6797579018157364,0.30359754314126935,0.9457335329341318,0.39016318612347367,0.7306922039199164,1038
3806,0.7853915662650602,0.6804303967720242,0.3050599590523545,0.9466691616766467,0.39016318612347367,0.7329109815185422,1043
3807,0.7786144578313253,0.6792199058507061,0.3024276104124013,0.9449850299401198,0.39016318612347367,0.7289171818410157,1034
3808,0.7808734939759037,0.6796234028244789,0.3033050599590524,0.9455464071856288,0.39016318612347367,0.7302484484001912,1037
3809,0.786144578313253,0.6805648957632818,0.30535244223457153,0.9468562874251497,0.39016318612347367,0.7333547370382674,1044
3810,0.7868975903614458,0.6806993947545393,0.30564492541678856,0.9470434131736527,0.39016318612347367,0.7337984925579926,1045
3811,0.7816265060240963,0.6797579018157364,0.30359754314126935,0.9457335329341318,0.39016318612347367,0.7306922039199164,1038
3812,0.7891566265060241,0.6811028917283121,0.3065223749634396,0.9476047904191617,0.39016318612347367,0.7351297591171682,1048
3813,0.7831325301204819,0.6800268997982515,0.3041825095057034,0.9461077844311377,0.39016318612347367,0.7315797149593667,1040
3814,0.786144578313253,0.6805648957632818,0.30535244223457153,0.9468562874251497,0.39016318612347367,0.7333547370382674,1044
3815,0.7899096385542169,0.6812373907195696,0.3068148581456566,0.9477919161676647,0.39016318612347367,0.7355735146368932,1049
3816,0.7801204819277109,0.6794889038332212,0.30301257677683535,0.9453592814371258,0.39016318612347367,0.729804692880466,1036
3817,0.7816265060240963,0.6797579018157364,0.30359754314126935,0.9457335329341318,0.39016318612347367,0.7306922039199164,1038
3818,0.7816265060240963,0.6797579018157364,0.30359754314126935,0.9457335329341318,0.39016318612347367,0.7306922039199164,1038
3819,0.7801204819277109,0.6794889038332212,0.30301257677683535,0.9453592814371258,0.39016318612347367,0.729804692880466,1036
3820,0.7801204819277109,0.6794889038332212,0.30301257677683535,0.9453592814371258,0.39016318612347367,0.729804692880466,1036
3821,0.7868975903614458,0.6806993947545393,0.30564492541678856,0.9470434131736527,0.39016318612347367,0.7337984925579926,1045
3822,0.7793674698795181,0.6793544048419636,0.3027200935946183,0.9451721556886228,0.39016318612347367,0.7293609373607408,1035
3823,0.786144578313253,0.6805648957632818,0.30535244223457153,0.9468562874251497,0.39016318612347367,0.7333547370382674,1044
3824,0.7876506024096386,0.680833893745797,0.30593740859900553,0.9472305389221557,0.39016318612347367,0.7342422480777178,1046
3825,0.7793674698795181,0.6793544048419636,0.3027200935946183,0.9451721556886228,0.39016318612347367,0.7293609373607408,1035
3826,0.7793674698795181,0.6793544048419636,0.3027200935946183,0.9451721556886228,0.39016318612347367,0.7293609373607408,1035
3827,0.7868975903614458,0.6806993947545393,0.30564492541678856,0.9470434131736527,0.39016318612347367,0.7337984925579926,1045
3828,0.7876506024096386,0.680833893745797,0.30593740859900553,0.9472305389221557,0.39016318612347367,0.7342422480777178,1046
3829,0.7891566265060241,0.6811028917283121,0.3065223749634396,0.9476047904191617,0.39016318612347367,0.7351297591171682,1048
3830,0.7914156626506024,0.6815063887020847,0.3073998245100907,0.9481661676646707,0.39016318612347367,0.7364610256763435,1051
3831,0.7853915662650602,0.6804303967720242,0.3050599590523545,0.9466691616766467,0.39016318612347367,0.7329109815185422,1043
3832,0.7831325301204819,0.6800268997982515,0.3041825095057034,0.9461077844311377,0.39016318612347367,0.7315797149593667,1040
3833,0.7838855421686747,0.6801613987895091,0.30447499268792044,0.9462949101796407,0.39016318612347367,0.7320234704790919,1041
3834,0.7748493975903614,0.6785474108944183,0.30096519450131615,0.9440494011976048,0.39016318612347367,0.7266984042423899,1029
3835,0.7823795180722891,0.679892400806994,0.3038900263234864,0.9459206586826348,0.39016318612347367,0.7311359594396416,1039
3836,0.7831325301204819,0.6800268997982515,0.3041825095057034,0.9461077844311377,0.39016318612347367,0.7315797149593667,1040
3837,0.7846385542168675,0.6802958977807666,0.30476747587013747,0.9464820359281437,0.39016318612347367,0.732467225998817,1042
3838,0.786144578313253,0.6805648957632818,0.30535244223457153,0.9468562874251497,0.39016318612347367,0.7333547370382674,1044
3839,0.7899096385542169,0.6812373907195696,0.3068148581456566,0.9477919161676647,0.39016318612347367,0.7355735146368932,1049
3840,0.7823795180722891,0.679892400806994,0.3038900263234864,0.9459206586826348,0.39016318612347367,0.7311359594396416,1039
3841,0.7838855421686747,0.6801613987895091,0.30447499268792044,0.9462949101796407,0.39016318612347367,0.7320234704790919,1041
3842,0.7936746987951807,0.6819098856758574,0.3082772740567417,0.9487275449101796,0.39016318612347367,0.7377922922355191,1054
3843,0.7868975903614458,0.6806993947545393,0.30564492541678856,0.9470434131736527,0.39016318612347367,0.7337984925579926,1045
3844,0.7838855421686747,0.6801613987895091,0.30447499268792044,0.9462949101796407,0.39016318612347367,0.7320234704790919,1041
3845,0.7771084337349398,0.678950907868191,0.30184264404796723,0.9446107784431138,0.39016318612347367,0.7280296708015654,1032
3846,0.786144578313253,0.6805648957632818,0.30535244223457153,0.9468562874251497,0.39016318612347367,0.7333547370382674,1044
3847,0.7801204819277109,0.6794889038332212,0.30301257677683535,0.9453592814371258,0.39016318612347367,0.729804692880466,1036
3848,0.7831325301204819,0.6800268997982515,0.3041825095057034,0.9461077844311377,0.39016318612347367,0.7315797149593667,1040
3849,0.7801204819277109,0.6794889038332212,0.30301257677683535,0.9453592814371258,0.39016318612347367,0.729804692880466,1036
3850,0.7808734939759037,0.6796234028244789,0.3033050599590524,0.9455464071856288,0.39016318612347367,0.7302484484001912,1037
3851,0.7816265060240963,0.6797579018157364,0.30359754314126935,0.9457335329341318,0.39016318612347367,0.7306922039199164,1038
3852,0.7793674698795181,0.6793544048419636,0.3027200935946183,0.9451721556886228,0.39016318612347367,0.7293609373607408,1035
3853,0.7801204819277109,0.6794889038332212,0.30301257677683535,0.9453592814371258,0.39016318612347367,0.729804692880466,1036
3854,0.7816265060240963,0.6797579018157364,0.30359754314126935,0.9457335329341318,0.39016318612347367,0.7306922039199164,1038
3855,0.7823795180722891,0.679892400806994,0.3038900263234864,0.9459206586826348,0.39016318612347367,0.7311359594396416,1039
3856,0.7808734939759037,0.6796234028244789,0.3033050599590524,0.9455464071856288,0.39016318612347367,0.7302484484001912,1037
3857,0.7816265060240963,0.6797579018157364,0.30359754314126935,0.9457335329341318,0.39016318612347367,0.7306922039199164,1038
3858,0.7891566265060241,0.6811028917283121,0.3065223749634396,0.9476047904191617,0.39016318612347367,0.7351297591171682,1048
3859,0.7876506024096386,0.680833893745797,0.30593740859900553,0.9472305389221557,0.39016318612347367,0.7342422480777178,1046
3860,0.7801204819277109,0.6794889038332212,0.30301257677683535,0.9453592814371258,0.39016318612347367,0.729804692880466,1036
3861,0.7808734939759037,0.6796234028244789,0.3033050599590524,0.9455464071856288,0.39016318612347367,0.7302484484001912,1037
3862,0.7831325301204819,0.6800268997982515,0.3041825095057034,0.9461077844311377,0.39016318612347367,0.7315797149593667,1040
3863,0.786144578313253,0.6805648957632818,0.30535244223457153,0.9468562874251497,0.39016318612347367,0.7333547370382674,1044
3864,0.7838855421686747,0.6801613987895091,0.30447499268792044,0.9462949101796407,0.39016318612347367,0.7320234704790919,1041
3865,0.7876506024096386,0.680833893745797,0.30593740859900553,0.9472305389221557,0.39016318612347367,0.7342422480777178,1046
3866,0.7846385542168675,0.6802958977807666,0.30476747587013747,0.9464820359281437,0.39016318612347367,0.732467225998817,1042
3867,0.786144578313253,0.6805648957632818,0.30535244223457153,0.9468562874251497,0.39016318612347367,0.7333547370382674,1044
3868,0.7808734939759037,0.6796234028244789,0.3033050599590524,0.9455464071856288,0.39016318612347367,0.7302484484001912,1037
3869,0.7808734939759037,0.6796234028244789,0.3033050599590524,0.9455464071856288,0.39016318612347367,0.7302484484001912,1037
3870,0.7838855421686747,0.6801613987895091,0.30447499268792044,0.9462949101796407,0.39016318612347367,0.7320234704790919,1041
3871,0.7808734939759037,0.6796234028244789,0.3033050599590524,0.9455464071856288,0.39016318612347367,0.7302484484001912,1037
3872,0.7823795180722891,0.679892400806994,0.3038900263234864,0.9459206586826348,0.39016318612347367,0.7311359594396416,1039
3873,0.7816265060240963,0.6797579018157364,0.30359754314126935,0.9457335329341318,0.39016318612347367,0.7306922039199164,1038
3874,0.7831325301204819,0.6800268997982515,0.3041825095057034,0.9461077844311377,0.39016318612347367,0.7315797149593667,1040
3875,0.7906626506024096,0.6813718897108272,0.30710734132787365,0.9479790419161677,0.39016318612347367,0.7360172701566183,1050
3876,0.7876506024096386,0.680833893745797,0.30593740859900553,0.9472305389221557,0.39016318612347367,0.7342422480777178,1046
3877,0.7846385542168675,0.6802958977807666,0.30476747587013747,0.9464820359281437,0.39016318612347367,0.732467225998817,1042
3878,0.7808734939759037,0.6796234028244789,0.3033050599590524,0.9455464071856288,0.39016318612347367,0.7302484484001912,1037
3879,0.7906626506024096,0.6813718897108272,0.30710734132787365,0.9479790419161677,0.39016318612347367,0.7360172701566183,1050
3880,0.7876506024096386,0.680833893745797,0.30593740859900553,0.9472305389221557,0.39016318612347367,0.7342422480777178,1046
3881,0.7831325301204819,0.6800268997982515,0.3041825095057034,0.9461077844311377,0.39016318612347367,0.7315797149593667,1040
3882,0.7868975903614458,0.6806993947545393,0.30564492541678856,0.9470434131736527,0.39016318612347367,0.7337984925579926,1045
3883,0.7823795180722891,0.679892400806994,0.3038900263234864,0.9459206586826348,0.39016318612347367,0.7311359594396416,1039
3884,0.7846385542168675,0.6802958977807666,0.30476747587013747,0.9464820359281437,0.39016318612347367,0.732467225998817,1042
3885,0.7831325301204819,0.6800268997982515,0.3041825095057034,0.9461077844311377,0.39016318612347367,0.7315797149593667,1040
3886,0.7816265060240963,0.6797579018157364,0.30359754314126935,0.9457335329341318,0.39016318612347367,0.7306922039199164,1038
3887,0.7914156626506024,0.6815063887020847,0.3073998245100907,0.9481661676646707,0.39016318612347367,0.7364610256763435,1051
3888,0.786144578313253,0.6805648957632818,0.30535244223457153,0.9468562874251497,0.39016318612347367,0.7333547370382674,1044
3889,0.7891566265060241,0.6811028917283121,0.3065223749634396,0.9476047904191617,0.39016318612347367,0.7351297591171682,1048
3890,0.786144578313253,0.6805648957632818,0.30535244223457153,0.9468562874251497,0.39016318612347367,0.7333547370382674,1044
3891,0.7838855421686747,0.6801613987895091,0.30447499268792044,0.9462949101796407,0.39016318612347367,0.7320234704790919,1041
3892,0.7816265060240963,0.6797579018157364,0.30359754314126935,0.9457335329341318,0.39016318612347367,0.7306922039199164,1038
3893,0.7786144578313253,0.6792199058507061,0.3024276104124013,0.9449850299401198,0.39016318612347367,0.7289171818410157,1034
3894,0.7891566265060241,0.6811028917283121,0.3065223749634396,0.9476047904191617,0.39016318612347367,0.7351297591171682,1048
3895,0.7801204819277109,0.6794889038332212,0.30301257677683535,0.9453592814371258,0.39016318612347367,0.729804692880466,1036
3896,0.7936746987951807,0.6819098856758574,0.3082772740567417,0.9487275449101796,0.39016318612347367,0.7377922922355191,1054
3897,0.7823795180722891,0.679892400806994,0.3038900263234864,0.9459206586826348,0.39016318612347367,0.7311359594396416,1039
3898,0.786144578313253,0.6805648957632818,0.30535244223457153,0.9468562874251497,0.39016318612347367,0.7333547370382674,1044
3899,0.7816265060240963,0.6797579018157364,0.30359754314126935,0.9457335329341318,0.39016318612347367,0.7306922039199164,1038
3900,0.7816265060240963,0.6797579018157364,0.30359754314126935,0.9457335329341318,0.39016318612347367,0.7306922039199164,1038
3901,0.7868975903614458,0.6806993947545393,0.30564492541678856,0.9470434131736527,0.39016318612347367,0.7337984925579926,1045
3902,0.7771084337349398,0.678950907868191,0.30184264404796723,0.9446107784431138,0.39016318612347367,0.7280296708015654,1032
3903,0.7876506024096386,0.680833893745797,0.30593740859900553,0.9472305389221557,0.39016318612347367,0.7342422480777178,1046
3904,0.786144578313253,0.6805648957632818,0.30535244223457153,0.9468562874251497,0.39016318612347367,0.7333547370382674,1044
3905,0.7838855421686747,0.6801613987895091,0.30447499268792044,0.9462949101796407,0.39016318612347367,0.7320234704790919,1041
3906,0.7823795180722891,0.679892400806994,0.3038900263234864,0.9459206586826348,0.39016318612347367,0.7311359594396416,1039
3907,0.7808734939759037,0.6796234028244789,0.3033050599590524,0.9455464071856288,0.39016318612347367,0.7302484484001912,1037
3908,0.7899096385542169,0.6812373907195696,0.3068148581456566,0.9477919161676647,0.39016318612347367,0.7355735146368932,1049
3909,0.7793674698795181,0.6793544048419636,0.3027200935946183,0.9451721556886228,0.39016318612347367,0.7293609373607408,1035
3910,0.786144578313253,0.6805648957632818,0.30535244223457153,0.9468562874251497,0.39016318612347367,0.7333547370382674,1044
3911,0.7793674698795181,0.6793544048419636,0.3027200935946183,0.9451721556886228,0.39016318612347367,0.7293609373607408,1035
3912,0.7793674698795181,0.6793544048419636,0.3027200935946183,0.9451721556886228,0.39016318612347367,0.7293609373607408,1035
3913,0.7853915662650602,0.6804303967720242,0.3050599590523545,0.9466691616766467,0.39016318612347367,0.7329109815185422,1043
3914,0.7853915662650602,0.6804303967720242,0.3050599590523545,0.9466691616766467,0.39016318612347367,0.7329109815185422,1043
3915,0.7838855421686747,0.6801613987895091,0.30447499268792044,0.9462949101796407,0.39016318612347367,0.7320234704790919,1041
3916,0.7838855421686747,0.6801613987895091,0.30447499268792044,0.9462949101796407,0.39016318612347367,0.7320234704790919,1041
3917,0.7816265060240963,0.6797579018157364,0.30359754314126935,0.9457335329341318,0.39016318612347367,0.7306922039199164,1038
3918,0.7816265060240963,0.6797579018157364,0.30359754314126935,0.9457335329341318,0.39016318612347367,0.7306922039199164,1038
3919,0.7853915662650602,0.6804303967720242,0.3050599590523545,0.9466691616766467,0.39016318612347367,0.7329109815185422,1043
3920,0.7891566265060241,0.6811028917283121,0.3065223749634396,0.9476047904191617,0.39016318612347367,0.7351297591171682,1048
3921,0.7944277108433735,0.682044384667115,0.30856975723895874,0.9489146706586826,0.39016318612347367,0.7382360477552443,1055
3922,0.7846385542168675,0.6802958977807666,0.30476747587013747,0.9464820359281437,0.39016318612347367,0.732467225998817,1042
3923,0.7786144578313253,0.6792199058507061,0.3024276104124013,0.9449850299401198,0.39016318612347367,0.7289171818410157,1034
3924,0.7816265060240963,0.6797579018157364,0.30359754314126935,0.9457335329341318,0.39016318612347367,0.7306922039199164,1038
3925,0.7853915662650602,0.6804303967720242,0.3050599590523545,0.9466691616766467,0.39016318612347367,0.7329109815185422,1043
3926,0.7891566265060241,0.6811028917283121,0.3065223749634396,0.9476047904191617,0.39016318612347367,0.7351297591171682,1048
3927,0.786144578313253,0.6805648957632818,0.30535244223457153,0.9468562874251497,0.39016318612347367,0.7333547370382674,1044
3928,0.7823795180722891,0.679892400806994,0.3038900263234864,0.9459206586826348,0.39016318612347367,0.7311359594396416,1039
3929,0.7801204819277109,0.6794889038332212,0.30301257677683535,0.9453592814371258,0.39016318612347367,0.729804692880466,1036
3930,0.7801204819277109,0.6794889038332212,0.30301257677683535,0.9453592814371258,0.39016318612347367,0.729804692880466,1036
3931,0.7793674698795181,0.6793544048419636,0.3027200935946183,0.9451721556886228,0.39016318612347367,0.7293609373607408,1035
3932,0.7891566265060241,0.6811028917283121,0.3065223749634396,0.9476047904191617,0.39016318612347367,0.7351297591171682,1048
3933,0.786144578313253,0.6805648957632818,0.30535244223457153,0.9468562874251497,0.39016318612347367,0.7333547370382674,1044
3934,0.786144578313253,0.6805648957632818,0.30535244223457153,0.9468562874251497,0.39016318612347367,0.7333547370382674,1044
3935,0.7831325301204819,0.6800268997982515,0.3041825095057034,0.9461077844311377,0.39016318612347367,0.7315797149593667,1040
3936,0.7838855421686747,0.6801613987895091,0.30447499268792044,0.9462949101796407,0.39016318612347367,0.7320234704790919,1041
3937,0.7868975903614458,0.6806993947545393,0.30564492541678856,0.9470434131736527,0.39016318612347367,0.7337984925579926,1045
3938,0.7808734939759037,0.6796234028244789,0.3033050599590524,0.9455464071856288,0.39016318612347367,0.7302484484001912,1037
3939,0.7846385542168675,0.6802958977807666,0.30476747587013747,0.9464820359281437,0.39016318612347367,0.732467225998817,1042
3940,0.7801204819277109,0.6794889038332212,0.30301257677683535,0.9453592814371258,0.39016318612347367,0.729804692880466,1036
3941,0.7816265060240963,0.6797579018157364,0.30359754314126935,0.9457335329341318,0.39016318612347367,0.7306922039199164,1038
3942,0.7793674698795181,0.6793544048419636,0.3027200935946183,0.9451721556886228,0.39016318612347367,0.7293609373607408,1035
3943,0.7808734939759037,0.6796234028244789,0.3033050599590524,0.9455464071856288,0.39016318612347367,0.7302484484001912,1037
3944,0.786144578313253,0.6805648957632818,0.30535244223457153,0.9468562874251497,0.39016318612347367,0.7333547370382674,1044
3945,0.7808734939759037,0.6796234028244789,0.3033050599590524,0.9455464071856288,0.39016318612347367,0.7302484484001912,1037
3946,0.7778614457831325,0.6790854068594485,0.30213512723018426,0.9447979041916168,0.39016318612347367,0.7284734263212905,1033
3947,0.7793674698795181,0.6793544048419636,0.3027200935946183,0.9451721556886228,0.39016318612347367,0.7293609373607408,1035
3948,0.7884036144578314,0.6809683927370545,0.30622989178122256,0.9474176646706587,0.39016318612347367,0.734686003597443,1047
3949,0.7816265060240963,0.6797579018157364,0.30359754314126935,0.9457335329341318,0.39016318612347367,0.7306922039199164,1038
3950,0.7838855421686747,0.6801613987895091,0.30447499268792044,0.9462949101796407,0.39016318612347367,0.7320234704790919,1041
3951,0.7846385542168675,0.6802958977807666,0.30476747587013747,0.9464820359281437,0.39016318612347367,0.732467225998817,1042
3952,0.7891566265060241,0.6811028917283121,0.3065223749634396,0.9476047904191617,0.39016318612347367,0.7351297591171682,1048
3953,0.7808734939759037,0.6796234028244789,0.3033050599590524,0.9455464071856288,0.39016318612347367,0.7302484484001912,1037
3954,0.7808734939759037,0.6796234028244789,0.3033050599590524,0.9455464071856288,0.39016318612347367,0.7302484484001912,1037
3955,0.7808734939759037,0.6796234028244789,0.3033050599590524,0.9455464071856288,0.39016318612347367,0.7302484484001912,1037
3956,0.7786144578313253,0.6792199058507061,0.3024276104124013,0.9449850299401198,0.39016318612347367,0.7289171818410157,1034
3957,0.7823795180722891,0.679892400806994,0.3038900263234864,0.9459206586826348,0.39016318612347367,0.7311359594396416,1039
3958,0.7846385542168675,0.6802958977807666,0.30476747587013747,0.9464820359281437,0.39016318612347367,0.732467225998817,1042
3959,0.7786144578313253,0.6792199058507061,0.3024276104124013,0.9449850299401198,0.39016318612347367,0.7289171818410157,1034
3960,0.7786144578313253,0.6792199058507061,0.3024276104124013,0.9449850299401198,0.39016318612347367,0.7289171818410157,1034
3961,0.7838855421686747,0.6801613987895091,0.30447499268792044,0.9462949101796407,0.39016318612347367,0.7320234704790919,1041
3962,0.7846385542168675,0.6802958977807666,0.30476747587013747,0.9464820359281437,0.39016318612347367,0.732467225998817,1042
3963,0.7853915662650602,0.6804303967720242,0.3050599590523545,0.9466691616766467,0.39016318612347367,0.7329109815185422,1043
3964,0.7778614457831325,0.6790854068594485,0.30213512723018426,0.9447979041916168,0.39016318612347367,0.7284734263212905,1033
3965,0.7793674698795181,0.6793544048419636,0.3027200935946183,0.9451721556886228,0.39016318612347367,0.7293609373607408,1035
3966,0.7868975903614458,0.6806993947545393,0.30564492541678856,0.9470434131736527,0.39016318612347367,0.7337984925579926,1045
3967,0.7914156626506024,0.6815063887020847,0.3073998245100907,0.9481661676646707,0.39016318612347367,0.7364610256763435,1051
3968,0.7846385542168675,0.6802958977807666,0.30476747587013747,0.9464820359281437,0.39016318612347367,0.732467225998817,1042
3969,0.7891566265060241,0.6811028917283121,0.3065223749634396,0.9476047904191617,0.39016318612347367,0.7351297591171682,1048
3970,0.7801204819277109,0.6794889038332212,0.30301257677683535,0.9453592814371258,0.39016318612347367,0.729804692880466,1036
3971,0.786144578313253,0.6805648957632818,0.30535244223457153,0.9468562874251497,0.39016318612347367,0.7333547370382674,1044
3972,0.7823795180722891,0.679892400806994,0.3038900263234864,0.9459206586826348,0.39016318612347367,0.7311359594396416,1039
3973,0.7823795180722891,0.679892400806994,0.3038900263234864,0.9459206586826348,0.39016318612347367,0.7311359594396416,1039
3974,0.7823795180722891,0.679892400806994,0.3038900263234864,0.9459206586826348,0.39016318612347367,0.7311359594396416,1039
3975,0.7808734939759037,0.6796234028244789,0.3033050599590524,0.9455464071856288,0.39016318612347367,0.7302484484001912,1037
3976,0.7876506024096386,0.680833893745797,0.30593740859900553,0.9472305389221557,0.39016318612347367,0.7342422480777178,1046
3977,0.7771084337349398,0.678950907868191,0.30184264404796723,0.9446107784431138,0.39016318612347367,0.7280296708015654,1032
3978,0.7816265060240963,0.6797579018157364,0.30359754314126935,0.9457335329341318,0.39016318612347367,0.7306922039199164,1038
3979,0.7823795180722891,0.679892400806994,0.3038900263234864,0.9459206586826348,0.39016318612347367,0.7311359594396416,1039
3980,0.7831325301204819,0.6800268997982515,0.3041825095057034,0.9461077844311377,0.39016318612347367,0.7315797149593667,1040
3981,0.7868975903614458,0.6806993947545393,0.30564492541678856,0.9470434131736527,0.39016318612347367,0.7337984925579926,1045
3982,0.7846385542168675,0.6802958977807666,0.30476747587013747,0.9464820359281437,0.39016318612347367,0.732467225998817,1042
3983,0.7846385542168675,0.6802958977807666,0.30476747587013747,0.9464820359281437,0.39016318612347367,0.732467225998817,1042
3984,0.7868975903614458,0.6806993947545393,0.30564492541678856,0.9470434131736527,0.39016318612347367,0.7337984925579926,1045
3985,0.7816265060240963,0.6797579018157364,0.30359754314126935,0.9457335329341318,0.39016318612347367,0.7306922039199164,1038
3986,0.7801204819277109,0.6794889038332212,0.30301257677683535,0.9453592814371258,0.39016318612347367,0.729804692880466,1036
3987,0.7823795180722891,0.679892400806994,0.3038900263234864,0.9459206586826348,0.39016318612347367,0.7311359594396416,1039
3988,0.7816265060240963,0.6797579018157364,0.30359754314126935,0.9457335329341318,0.39016318612347367,0.7306922039199164,1038
3989,0.7823795180722891,0.679892400806994,0.3038900263234864,0.9459206586826348,0.39016318612347367,0.7311359594396416,1039
3990,0.7906626506024096,0.6813718897108272,0.30710734132787365,0.9479790419161677,0.39016318612347367,0.7360172701566183,1050
3991,0.7899096385542169,0.6812373907195696,0.3068148581456566,0.9477919161676647,0.39016318612347367,0.7355735146368932,1049
3992,0.7793674698795181,0.6793544048419636,0.3027200935946183,0.9451721556886228,0.39016318612347367,0.7293609373607408,1035
3993,0.7838855421686747,0.6801613987895091,0.30447499268792044,0.9462949101796407,0.39016318612347367,0.7320234704790919,1041
3994,0.7808734939759037,0.6796234028244789,0.3033050599590524,0.9455464071856288,0.39016318612347367,0.7302484484001912,1037
3995,0.7838855421686747,0.6801613987895091,0.30447499268792044,0.9462949101796407,0.39016318612347367,0.7320234704790919,1041
3996,0.786144578313253,0.6805648957632818,0.30535244223457153,0.9468562874251497,0.39016318612347367,0.7333547370382674,1044
3997,0.7808734939759037,0.6796234028244789,0.3033050599590524,0.9455464071856288,0.39016318612347367,0.7302484484001912,1037
3998,0.7876506024096386,0.680833893745797,0.30593740859900553,0.9472305389221557,0.39016318612347367,0.7342422480777178,1046
3999,0.7884036144578314,0.6809683927370545,0.30622989178122256,0.9474176646706587,0.39016318612347367,0.734686003597443,1047
4000,0.7838855421686747,0.6801613987895091,0.30447499268792044,0.9462949101796407,0.39016318612347367,0.7320234704790919,1041
4001,0.7846385542168675,0.6802958977807666,0.30476747587013747,0.9464820359281437,0.39016318612347367,0.732467225998817,1042
4002,0.7846385542168675,0.6802958977807666,0.30476747587013747,0.9464820359281437,0.39016318612347367,0.732467225998817,1042
4003,0.7831325301204819,0.6800268997982515,0.3041825095057034,0.9461077844311377,0.39016318612347367,0.7315797149593667,1040
4004,0.7868975903614458,0.6806993947545393,0.30564492541678856,0.9470434131736527,0.39016318612347367,0.7337984925579926,1045
4005,0.7853915662650602,0.6804303967720242,0.3050599590523545,0.9466691616766467,0.39016318612347367,0.7329109815185422,1043
4006,0.7884036144578314,0.6809683927370545,0.30622989178122256,0.9474176646706587,0.39016318612347367,0.734686003597443,1047
4007,0.7906626506024096,0.6813718897108272,0.30710734132787365,0.9479790419161677,0.39016318612347367,0.7360172701566183,1050
4008,0.7884036144578314,0.6809683927370545,0.30622989178122256,0.9474176646706587,0.39016318612347367,0.734686003597443,1047
4009,0.7831325301204819,0.6800268997982515,0.3041825095057034,0.9461077844311377,0.39016318612347367,0.7315797149593667,1040
4010,0.7899096385542169,0.6812373907195696,0.3068148581456566,0.9477919161676647,0.39016318612347367,0.7355735146368932,1049
4011,0.7831325301204819,0.6800268997982515,0.3041825095057034,0.9461077844311377,0.39016318612347367,0.7315797149593667,1040
4012,0.7831325301204819,0.6800268997982515,0.3041825095057034,0.9461077844311377,0.39016318612347367,0.7315797149593667,1040
4013,0.7816265060240963,0.6797579018157364,0.30359754314126935,0.9457335329341318,0.39016318612347367,0.7306922039199164,1038
4014,0.7838855421686747,0.6801613987895091,0.30447499268792044,0.9462949101796407,0.39016318612347367,0.7320234704790919,1041
4015,0.7801204819277109,0.6794889038332212,0.30301257677683535,0.9453592814371258,0.39016318612347367,0.729804692880466,1036
4016,0.7868975903614458,0.6806993947545393,0.30564492541678856,0.9470434131736527,0.39016318612347367,0.7337984925579926,1045
4017,0.7778614457831325,0.6790854068594485,0.30213512723018426,0.9447979041916168,0.39016318612347367,0.7284734263212905,1033
4018,0.7831325301204819,0.6800268997982515,0.3041825095057034,0.9461077844311377,0.39016318612347367,0.7315797149593667,1040
4019,0.7853915662650602,0.6804303967720242,0.3050599590523545,0.9466691616766467,0.39016318612347367,0.7329109815185422,1043
4020,0.7808734939759037,0.6796234028244789,0.3033050599590524,0.9455464071856288,0.39016318612347367,0.7302484484001912,1037
4021,0.7793674698795181,0.6793544048419636,0.3027200935946183,0.9451721556886228,0.39016318612347367,0.7293609373607408,1035
4022,0.7846385542168675,0.6802958977807666,0.30476747587013747,0.9464820359281437,0.39016318612347367,0.732467225998817,1042
4023,0.7778614457831325,0.6790854068594485,0.30213512723018426,0.9447979041916168,0.39016318612347367,0.7284734263212905,1033
4024,0.7823795180722891,0.679892400806994,0.3038900263234864,0.9459206586826348,0.39016318612347367,0.7311359594396416,1039
4025,0.786144578313253,0.6805648957632818,0.30535244223457153,0.9468562874251497,0.39016318612347367,0.7333547370382674,1044
4026,0.7786144578313253,0.6792199058507061,0.3024276104124013,0.9449850299401198,0.39016318612347367,0.7289171818410157,1034
4027,0.7884036144578314,0.6809683927370545,0.30622989178122256,0.9474176646706587,0.39016318612347367,0.734686003597443,1047
4028,0.7816265060240963,0.6797579018157364,0.30359754314126935,0.9457335329341318,0.39016318612347367,0.7306922039199164,1038
4029,0.7786144578313253,0.6792199058507061,0.3024276104124013,0.9449850299401198,0.39016318612347367,0.7289171818410157,1034
4030,0.7801204819277109,0.6794889038332212,0.30301257677683535,0.9453592814371258,0.39016318612347367,0.729804692880466,1036
4031,0.7838855421686747,0.6801613987895091,0.30447499268792044,0.9462949101796407,0.39016318612347367,0.7320234704790919,1041
4032,0.7876506024096386,0.680833893745797,0.30593740859900553,0.9472305389221557,0.39016318612347367,0.7342422480777178,1046
4033,0.7884036144578314,0.6809683927370545,0.30622989178122256,0.9474176646706587,0.39016318612347367,0.734686003597443,1047
4034,0.7823795180722891,0.679892400806994,0.3038900263234864,0.9459206586826348,0.39016318612347367,0.7311359594396416,1039
4035,0.7808734939759037,0.6796234028244789,0.3033050599590524,0.9455464071856288,0.39016318612347367,0.7302484484001912,1037
4036,0.7831325301204819,0.6800268997982515,0.3041825095057034,0.9461077844311377,0.39016318612347367,0.7315797149593667,1040
4037,0.786144578313253,0.6805648957632818,0.30535244223457153,0.9468562874251497,0.39016318612347367,0.7333547370382674,1044
4038,0.7808734939759037,0.6796234028244789,0.3033050599590524,0.9455464071856288,0.39016318612347367,0.7302484484001912,1037
4039,0.7808734939759037,0.6796234028244789,0.3033050599590524,0.9455464071856288,0.39016318612347367,0.7302484484001912,1037
4040,0.7816265060240963,0.6797579018157364,0.30359754314126935,0.9457335329341318,0.39016318612347367,0.7306922039199164,1038
4041,0.7906626506024096,0.6813718897108272,0.30710734132787365,0.9479790419161677,0.39016318612347367,0.7360172701566183,1050
4042,0.7906626506024096,0.6813718897108272,0.30710734132787365,0.9479790419161677,0.39016318612347367,0.7360172701566183,1050
4043,0.7846385542168675,0.6802958977807666,0.30476747587013747,0.9464820359281437,0.39016318612347367,0.732467225998817,1042
4044,0.7793674698795181,0.6793544048419636,0.3027200935946183,0.9451721556886228,0.39016318612347367,0.7293609373607408,1035
4045,0.7838855421686747,0.6801613987895091,0.30447499268792044,0.9462949101796407,0.39016318612347367,0.7320234704790919,1041
4046,0.7906626506024096,0.6813718897108272,0.30710734132787365,0.9479790419161677,0.39016318612347367,0.7360172701566183,1050
4047,0.7801204819277109,0.6794889038332212,0.30301257677683535,0.9453592814371258,0.39016318612347367,0.729804692880466,1036
4048,0.7846385542168675,0.6802958977807666,0.30476747587013747,0.9464820359281437,0.39016318612347367,0.732467225998817,1042
4049,0.7740963855421686,0.6784129119031608,0.3006727113190992,0.9438622754491018,0.39016318612347367,0.7262546487226647,1028
4050,0.7778614457831325,0.6790854068594485,0.30213512723018426,0.9447979041916168,0.39016318612347367,0.7284734263212905,1033
4051,0.7846385542168675,0.6802958977807666,0.30476747587013747,0.9464820359281437,0.39016318612347367,0.732467225998817,1042
4052,0.7846385542168675,0.6802958977807666,0.30476747587013747,0.9464820359281437,0.39016318612347367,0.732467225998817,1042
4053,0.7838855421686747,0.6801613987895091,0.30447499268792044,0.9462949101796407,0.39016318612347367,0.7320234704790919,1041
4054,0.7816265060240963,0.6797579018157364,0.30359754314126935,0.9457335329341318,0.39016318612347367,0.7306922039199164,1038
4055,0.7906626506024096,0.6813718897108272,0.30710734132787365,0.9479790419161677,0.39016318612347367,0.7360172701566183,1050
4056,0.7899096385542169,0.6812373907195696,0.3068148581456566,0.9477919161676647,0.39016318612347367,0.7355735146368932,1049
4057,0.7876506024096386,0.680833893745797,0.30593740859900553,0.9472305389221557,0.39016318612347367,0.7342422480777178,1046
4058,0.7876506024096386,0.680833893745797,0.30593740859900553,0.9472305389221557,0.39016318612347367,0.7342422480777178,1046
4059,0.7868975903614458,0.6806993947545393,0.30564492541678856,0.9470434131736527,0.39016318612347367,0.7337984925579926,1045
4060,0.7801204819277109,0.6794889038332212,0.30301257677683535,0.9453592814371258,0.39016318612347367,0.729804692880466,1036
4061,0.786144578313253,0.6805648957632818,0.30535244223457153,0.9468562874251497,0.39016318612347367,0.7333547370382674,1044
4062,0.7853915662650602,0.6804303967720242,0.3050599590523545,0.9466691616766467,0.39016318612347367,0.7329109815185422,1043
4063,0.7868975903614458,0.6806993947545393,0.30564492541678856,0.9470434131736527,0.39016318612347367,0.7337984925579926,1045
4064,0.7786144578313253,0.6792199058507061,0.3024276104124013,0.9449850299401198,0.39016318612347367,0.7289171818410157,1034
4065,0.7868975903614458,0.6806993947545393,0.30564492541678856,0.9470434131736527,0.39016318612347367,0.7337984925579926,1045
4066,0.7816265060240963,0.6797579018157364,0.30359754314126935,0.9457335329341318,0.39016318612347367,0.7306922039199164,1038
4067,0.7853915662650602,0.6804303967720242,0.3050599590523545,0.9466691616766467,0.39016318612347367,0.7329109815185422,1043
4068,0.7891566265060241,0.6811028917283121,0.3065223749634396,0.9476047904191617,0.39016318612347367,0.7351297591171682,1048
4069,0.7793674698795181,0.6793544048419636,0.3027200935946183,0.9451721556886228,0.39016318612347367,0.7293609373607408,1035
4070,0.7756024096385542,0.6786819098856759,0.3012576776835332,0.9442365269461078,0.39016318612347367,0.727142159762115,1030
4071,0.7876506024096386,0.680833893745797,0.30593740859900553,0.9472305389221557,0.39016318612347367,0.7342422480777178,1046
4072,0.7853915662650602,0.6804303967720242,0.3050599590523545,0.9466691616766467,0.39016318612347367,0.7329109815185422,1043
4073,0.7846385542168675,0.6802958977807666,0.30476747587013747,0.9464820359281437,0.39016318612347367,0.732467225998817,1042
4074,0.7846385542168675,0.6802958977807666,0.30476747587013747,0.9464820359281437,0.39016318612347367,0.732467225998817,1042
4075,0.7823795180722891,0.679892400806994,0.3038900263234864,0.9459206586826348,0.39016318612347367,0.7311359594396416,1039
4076,0.7906626506024096,0.6813718897108272,0.30710734132787365,0.9479790419161677,0.39016318612347367,0.7360172701566183,1050
4077,0.786144578313253,0.6805648957632818,0.30535244223457153,0.9468562874251497,0.39016318612347367,0.7333547370382674,1044
4078,0.7831325301204819,0.6800268997982515,0.3041825095057034,0.9461077844311377,0.39016318612347367,0.7315797149593667,1040
4079,0.7786144578313253,0.6792199058507061,0.3024276104124013,0.9449850299401198,0.39016318612347367,0.7289171818410157,1034
4080,0.786144578313253,0.6805648957632818,0.30535244223457153,0.9468562874251497,0.39016318612347367,0.7333547370382674,1044
4081,0.7801204819277109,0.6794889038332212,0.30301257677683535,0.9453592814371258,0.39016318612347367,0.729804692880466,1036
4082,0.7838855421686747,0.6801613987895091,0.30447499268792044,0.9462949101796407,0.39016318612347367,0.7320234704790919,1041
4083,0.7838855421686747,0.6801613987895091,0.30447499268792044,0.9462949101796407,0.39016318612347367,0.7320234704790919,1041
4084,0.7831325301204819,0.6800268997982515,0.3041825095057034,0.9461077844311377,0.39016318612347367,0.7315797149593667,1040
4085,0.7838855421686747,0.6801613987895091,0.30447499268792044,0.9462949101796407,0.39016318612347367,0.7320234704790919,1041
4086,0.7846385542168675,0.6802958977807666,0.30476747587013747,0.9464820359281437,0.39016318612347367,0.732467225998817,1042
4087,0.7823795180722891,0.679892400806994,0.3038900263234864,0.9459206586826348,0.39016318612347367,0.7311359594396416,1039
4088,0.7846385542168675,0.6802958977807666,0.30476747587013747,0.9464820359281437,0.39016318612347367,0.732467225998817,1042
4089,0.7831325301204819,0.6800268997982515,0.3041825095057034,0.9461077844311377,0.39016318612347367,0.7315797149593667,1040
4090,0.7786144578313253,0.6792199058507061,0.3024276104124013,0.9449850299401198,0.39016318612347367,0.7289171818410157,1034
4091,0.7816265060240963,0.6797579018157364,0.30359754314126935,0.9457335329341318,0.39016318612347367,0.7306922039199164,1038
4092,0.786144578313253,0.6805648957632818,0.30535244223457153,0.9468562874251497,0.39016318612347367,0.7333547370382674,1044
4093,0.7868975903614458,0.6806993947545393,0.30564492541678856,0.9470434131736527,0.39016318612347367,0.7337984925579926,1045
4094,0.7891566265060241,0.6811028917283121,0.3065223749634396,0.9476047904191617,0.39016318612347367,0.7351297591171682,1048
4095,0.7868975903614458,0.6806993947545393,0.30564492541678856,0.9470434131736527,0.39016318612347367,0.7337984925579926,1045
4096,0.7838855421686747,0.6801613987895091,0.30447499268792044,0.9462949101796407,0.39016318612347367,0.7320234704790919,1041
4097,0.786144578313253,0.6805648957632818,0.30535244223457153,0.9468562874251497,0.39016318612347367,0.7333547370382674,1044
4098,0.7906626506024096,0.6813718897108272,0.30710734132787365,0.9479790419161677,0.39016318612347367,0.7360172701566183,1050
4099,0.7808734939759037,0.6796234028244789,0.3033050599590524,0.9455464071856288,0.39016318612347367,0.7302484484001912,1037
4100,0.7786144578313253,0.6792199058507061,0.3024276104124013,0.9449850299401198,0.39016318612347367,0.7289171818410157,1034
4101,0.7808734939759037,0.6796234028244789,0.3033050599590524,0.9455464071856288,0.39016318612347367,0.7302484484001912,1037
4102,0.7831325301204819,0.6800268997982515,0.3041825095057034,0.9461077844311377,0.39016318612347367,0.7315797149593667,1040
4103,0.7899096385542169,0.6812373907195696,0.3068148581456566,0.9477919161676647,0.39016318612347367,0.7355735146368932,1049
4104,0.7838855421686747,0.6801613987895091,0.30447499268792044,0.9462949101796407,0.39016318612347367,0.7320234704790919,1041
4105,0.7876506024096386,0.680833893745797,0.30593740859900553,0.9472305389221557,0.39016318612347367,0.7342422480777178,1046
4106,0.7876506024096386,0.680833893745797,0.30593740859900553,0.9472305389221557,0.39016318612347367,0.7342422480777178,1046
4107,0.7838855421686747,0.6801613987895091,0.30447499268792044,0.9462949101796407,0.39016318612347367,0.7320234704790919,1041
4108,0.7748493975903614,0.6785474108944183,0.30096519450131615,0.9440494011976048,0.39016318612347367,0.7266984042423899,1029
4109,0.7853915662650602,0.6804303967720242,0.3050599590523545,0.9466691616766467,0.39016318612347367,0.7329109815185422,1043
4110,0.7823795180722891,0.679892400806994,0.3038900263234864,0.9459206586826348,0.39016318612347367,0.7311359594396416,1039
4111,0.7831325301204819,0.6800268997982515,0.3041825095057034,0.9461077844311377,0.39016318612347367,0.7315797149593667,1040
4112,0.7823795180722891,0.679892400806994,0.3038900263234864,0.9459206586826348,0.39016318612347367,0.7311359594396416,1039
4113,0.7838855421686747,0.6801613987895091,0.30447499268792044,0.9462949101796407,0.39016318612347367,0.7320234704790919,1041
4114,0.7853915662650602,0.6804303967720242,0.3050599590523545,0.9466691616766467,0.39016318612347367,0.7329109815185422,1043
4115,0.7838855421686747,0.6801613987895091,0.30447499268792044,0.9462949101796407,0.39016318612347367,0.7320234704790919,1041
4116,0.7808734939759037,0.6796234028244789,0.3033050599590524,0.9455464071856288,0.39016318612347367,0.7302484484001912,1037
4117,0.7884036144578314,0.6809683927370545,0.30622989178122256,0.9474176646706587,0.39016318612347367,0.734686003597443,1047
4118,0.7876506024096386,0.680833893745797,0.30593740859900553,0.9472305389221557,0.39016318612347367,0.7342422480777178,1046
4119,0.7816265060240963,0.6797579018157364,0.30359754314126935,0.9457335329341318,0.39016318612347367,0.7306922039199164,1038
4120,0.7786144578313253,0.6792199058507061,0.3024276104124013,0.9449850299401198,0.39016318612347367,0.7289171818410157,1034
4121,0.7808734939759037,0.6796234028244789,0.3033050599590524,0.9455464071856288,0.39016318612347367,0.7302484484001912,1037
4122,0.7838855421686747,0.6801613987895091,0.30447499268792044,0.9462949101796407,0.39016318612347367,0.7320234704790919,1041
4123,0.7853915662650602,0.6804303967720242,0.3050599590523545,0.9466691616766467,0.39016318612347367,0.7329109815185422,1043
4124,0.7891566265060241,0.6811028917283121,0.3065223749634396,0.9476047904191617,0.39016318612347367,0.7351297591171682,1048
4125,0.7816265060240963,0.6797579018157364,0.30359754314126935,0.9457335329341318,0.39016318612347367,0.7306922039199164,1038
4126,0.7808734939759037,0.6796234028244789,0.3033050599590524,0.9455464071856288,0.39016318612347367,0.7302484484001912,1037
4127,0.7808734939759037,0.6796234028244789,0.3033050599590524,0.9455464071856288,0.39016318612347367,0.7302484484001912,1037
4128,0.7868975903614458,0.6806993947545393,0.30564492541678856,0.9470434131736527,0.39016318612347367,0.7337984925579926,1045
4129,0.7801204819277109,0.6794889038332212,0.30301257677683535,0.9453592814371258,0.39016318612347367,0.729804692880466,1036
4130,0.7853915662650602,0.6804303967720242,0.3050599590523545,0.9466691616766467,0.39016318612347367,0.7329109815185422,1043
4131,0.7884036144578314,0.6809683927370545,0.30622989178122256,0.9474176646706587,0.39016318612347367,0.734686003597443,1047
4132,0.7831325301204819,0.6800268997982515,0.3041825095057034,0.9461077844311377,0.39016318612347367,0.7315797149593667,1040
4133,0.7786144578313253,0.6792199058507061,0.3024276104124013,0.9449850299401198,0.39016318612347367,0.7289171818410157,1034
4134,0.7921686746987951,0.6816408876933423,0.3076923076923077,0.9483532934131736,0.39016318612347367,0.7369047811960687,1052
4135,0.7808734939759037,0.6796234028244789,0.3033050599590524,0.9455464071856288,0.39016318612347367,0.7302484484001912,1037
4136,0.7786144578313253,0.6792199058507061,0.3024276104124013,0.9449850299401198,0.39016318612347367,0.7289171818410157,1034
4137,0.7891566265060241,0.6811028917283121,0.3065223749634396,0.9476047904191617,0.39016318612347367,0.7351297591171682,1048
4138,0.7823795180722891,0.679892400806994,0.3038900263234864,0.9459206586826348,0.39016318612347367,0.7311359594396416,1039
4139,0.7808734939759037,0.6796234028244789,0.3033050599590524,0.9455464071856288,0.39016318612347367,0.7302484484001912,1037
4140,0.7801204819277109,0.6794889038332212,0.30301257677683535,0.9453592814371258,0.39016318612347367,0.729804692880466,1036
4141,0.7914156626506024,0.6815063887020847,0.3073998245100907,0.9481661676646707,0.39016318612347367,0.7364610256763435,1051
4142,0.7778614457831325,0.6790854068594485,0.30213512723018426,0.9447979041916168,0.39016318612347367,0.7284734263212905,1033
4143,0.7801204819277109,0.6794889038332212,0.30301257677683535,0.9453592814371258,0.39016318612347367,0.729804692880466,1036
4144,0.7876506024096386,0.680833893745797,0.30593740859900553,0.9472305389221557,0.39016318612347367,0.7342422480777178,1046
4145,0.7816265060240963,0.6797579018157364,0.30359754314126935,0.9457335329341318,0.39016318612347367,0.7306922039199164,1038
4146,0.7838855421686747,0.6801613987895091,0.30447499268792044,0.9462949101796407,0.39016318612347367,0.7320234704790919,1041
4147,0.7816265060240963,0.6797579018157364,0.30359754314126935,0.9457335329341318,0.39016318612347367,0.7306922039199164,1038
4148,0.7853915662650602,0.6804303967720242,0.3050599590523545,0.9466691616766467,0.39016318612347367,0.7329109815185422,1043
4149,0.7808734939759037,0.6796234028244789,0.3033050599590524,0.9455464071856288,0.39016318612347367,0.7302484484001912,1037
4150,0.7793674698795181,0.6793544048419636,0.3027200935946183,0.9451721556886228,0.39016318612347367,0.7293609373607408,1035
4151,0.7838855421686747,0.6801613987895091,0.30447499268792044,0.9462949101796407,0.39016318612347367,0.7320234704790919,1041
4152,0.7853915662650602,0.6804303967720242,0.3050599590523545,0.9466691616766467,0.39016318612347367,0.7329109815185422,1043
4153,0.7831325301204819,0.6800268997982515,0.3041825095057034,0.9461077844311377,0.39016318612347367,0.7315797149593667,1040
4154,0.7823795180722891,0.679892400806994,0.3038900263234864,0.9459206586826348,0.39016318612347367,0.7311359594396416,1039
4155,0.7846385542168675,0.6802958977807666,0.30476747587013747,0.9464820359281437,0.39016318612347367,0.732467225998817,1042
4156,0.7778614457831325,0.6790854068594485,0.30213512723018426,0.9447979041916168,0.39016318612347367,0.7284734263212905,1033
4157,0.7868975903614458,0.6806993947545393,0.30564492541678856,0.9470434131736527,0.39016318612347367,0.7337984925579926,1045
4158,0.7868975903614458,0.6806993947545393,0.30564492541678856,0.9470434131736527,0.39016318612347367,0.7337984925579926,1045
4159,0.7808734939759037,0.6796234028244789,0.3033050599590524,0.9455464071856288,0.39016318612347367,0.7302484484001912,1037
4160,0.7853915662650602,0.6804303967720242,0.3050599590523545,0.9466691616766467,0.39016318612347367,0.7329109815185422,1043
4161,0.7808734939759037,0.6796234028244789,0.3033050599590524,0.9455464071856288,0.39016318612347367,0.7302484484001912,1037
4162,0.786144578313253,0.6805648957632818,0.30535244223457153,0.9468562874251497,0.39016318612347367,0.7333547370382674,1044
4163,0.7831325301204819,0.6800268997982515,0.3041825095057034,0.9461077844311377,0.39016318612347367,0.7315797149593667,1040
4164,0.7831325301204819,0.6800268997982515,0.3041825095057034,0.9461077844311377,0.39016318612347367,0.7315797149593667,1040
4165,0.7846385542168675,0.6802958977807666,0.30476747587013747,0.9464820359281437,0.39016318612347367,0.732467225998817,1042
4166,0.7831325301204819,0.6800268997982515,0.3041825095057034,0.9461077844311377,0.39016318612347367,0.7315797149593667,1040
4167,0.7838855421686747,0.6801613987895091,0.30447499268792044,0.9462949101796407,0.39016318612347367,0.7320234704790919,1041
4168,0.7823795180722891,0.679892400806994,0.3038900263234864,0.9459206586826348,0.39016318612347367,0.7311359594396416,1039
4169,0.7801204819277109,0.6794889038332212,0.30301257677683535,0.9453592814371258,0.39016318612347367,0.729804692880466,1036
4170,0.7823795180722891,0.679892400806994,0.3038900263234864,0.9459206586826348,0.39016318612347367,0.7311359594396416,1039
4171,0.7853915662650602,0.6804303967720242,0.3050599590523545,0.9466691616766467,0.39016318612347367,0.7329109815185422,1043
4172,0.7823795180722891,0.679892400806994,0.3038900263234864,0.9459206586826348,0.39016318612347367,0.7311359594396416,1039
4173,0.7884036144578314,0.6809683927370545,0.30622989178122256,0.9474176646706587,0.39016318612347367,0.734686003597443,1047
4174,0.786144578313253,0.6805648957632818,0.30535244223457153,0.9468562874251497,0.39016318612347367,0.7333547370382674,1044
4175,0.7846385542168675,0.6802958977807666,0.30476747587013747,0.9464820359281437,0.39016318612347367,0.732467225998817,1042
4176,0.7793674698795181,0.6793544048419636,0.3027200935946183,0.9451721556886228,0.39016318612347367,0.7293609373607408,1035
4177,0.7838855421686747,0.6801613987895091,0.30447499268792044,0.9462949101796407,0.39016318612347367,0.7320234704790919,1041
4178,0.7853915662650602,0.6804303967720242,0.3050599590523545,0.9466691616766467,0.39016318612347367,0.7329109815185422,1043
4179,0.7846385542168675,0.6802958977807666,0.30476747587013747,0.9464820359281437,0.39016318612347367,0.732467225998817,1042
4180,0.7838855421686747,0.6801613987895091,0.30447499268792044,0.9462949101796407,0.39016318612347367,0.7320234704790919,1041
4181,0.7853915662650602,0.6804303967720242,0.3050599590523545,0.9466691616766467,0.39016318612347367,0.7329109815185422,1043
4182,0.7853915662650602,0.6804303967720242,0.3050599590523545,0.9466691616766467,0.39016318612347367,0.7329109815185422,1043
4183,0.7801204819277109,0.6794889038332212,0.30301257677683535,0.9453592814371258,0.39016318612347367,0.729804692880466,1036
4184,0.7801204819277109,0.6794889038332212,0.30301257677683535,0.9453592814371258,0.39016318612347367,0.729804692880466,1036
4185,0.7884036144578314,0.6809683927370545,0.30622989178122256,0.9474176646706587,0.39016318612347367,0.734686003597443,1047
4186,0.7816265060240963,0.6797579018157364,0.30359754314126935,0.9457335329341318,0.39016318612347367,0.7306922039199164,1038
4187,0.7853915662650602,0.6804303967720242,0.3050599590523545,0.9466691616766467,0.39016318612347367,0.7329109815185422,1043
4188,0.7786144578313253,0.6792199058507061,0.3024276104124013,0.9449850299401198,0.39016318612347367,0.7289171818410157,1034
4189,0.7756024096385542,0.6786819098856759,0.3012576776835332,0.9442365269461078,0.39016318612347367,0.727142159762115,1030
4190,0.7876506024096386,0.680833893745797,0.30593740859900553,0.9472305389221557,0.39016318612347367,0.7342422480777178,1046
4191,0.7876506024096386,0.680833893745797,0.30593740859900553,0.9472305389221557,0.39016318612347367,0.7342422480777178,1046
4192,0.7831325301204819,0.6800268997982515,0.3041825095057034,0.9461077844311377,0.39016318612347367,0.7315797149593667,1040
4193,0.7823795180722891,0.679892400806994,0.3038900263234864,0.9459206586826348,0.39016318612347367,0.7311359594396416,1039
4194,0.7891566265060241,0.6811028917283121,0.3065223749634396,0.9476047904191617,0.39016318612347367,0.7351297591171682,1048
4195,0.7831325301204819,0.6800268997982515,0.3041825095057034,0.9461077844311377,0.39016318612347367,0.7315797149593667,1040
4196,0.7786144578313253,0.6792199058507061,0.3024276104124013,0.9449850299401198,0.39016318612347367,0.7289171818410157,1034
4197,0.7914156626506024,0.6815063887020847,0.3073998245100907,0.9481661676646707,0.39016318612347367,0.7364610256763435,1051
4198,0.786144578313253,0.6805648957632818,0.30535244223457153,0.9468562874251497,0.39016318612347367,0.7333547370382674,1044
4199,0.786144578313253,0.6805648957632818,0.30535244223457153,0.9468562874251497,0.39016318612347367,0.7333547370382674,1044
4200,0.7868975903614458,0.6806993947545393,0.30564492541678856,0.9470434131736527,0.39016318612347367,0.7337984925579926,1045
4201,0.7823795180722891,0.679892400806994,0.3038900263234864,0.9459206586826348,0.39016318612347367,0.7311359594396416,1039
4202,0.7823795180722891,0.679892400806994,0.3038900263234864,0.9459206586826348,0.39016318612347367,0.7311359594396416,1039
4203,0.7838855421686747,0.6801613987895091,0.30447499268792044,0.9462949101796407,0.39016318612347367,0.7320234704790919,1041
4204,0.7846385542168675,0.6802958977807666,0.30476747587013747,0.9464820359281437,0.39016318612347367,0.732467225998817,1042
4205,0.7868975903614458,0.6806993947545393,0.30564492541678856,0.9470434131736527,0.39016318612347367,0.7337984925579926,1045
4206,0.7793674698795181,0.6793544048419636,0.3027200935946183,0.9451721556886228,0.39016318612347367,0.7293609373607408,1035
4207,0.7853915662650602,0.6804303967720242,0.3050599590523545,0.9466691616766467,0.39016318612347367,0.7329109815185422,1043
4208,0.7816265060240963,0.6797579018157364,0.30359754314126935,0.9457335329341318,0.39016318612347367,0.7306922039199164,1038
4209,0.7846385542168675,0.6802958977807666,0.30476747587013747,0.9464820359281437,0.39016318612347367,0.732467225998817,1042
4210,0.7884036144578314,0.6809683927370545,0.30622989178122256,0.9474176646706587,0.39016318612347367,0.734686003597443,1047
4211,0.7853915662650602,0.6804303967720242,0.3050599590523545,0.9466691616766467,0.39016318612347367,0.7329109815185422,1043
4212,0.7808734939759037,0.6796234028244789,0.3033050599590524,0.9455464071856288,0.39016318612347367,0.7302484484001912,1037
4213,0.7748493975903614,0.6785474108944183,0.30096519450131615,0.9440494011976048,0.39016318612347367,0.7266984042423899,1029
4214,0.7846385542168675,0.6802958977807666,0.30476747587013747,0.9464820359281437,0.39016318612347367,0.732467225998817,1042
4215,0.7838855421686747,0.6801613987895091,0.30447499268792044,0.9462949101796407,0.39016318612347367,0.7320234704790919,1041
4216,0.7793674698795181,0.6793544048419636,0.3027200935946183,0.9451721556886228,0.39016318612347367,0.7293609373607408,1035
4217,0.7823795180722891,0.679892400806994,0.3038900263234864,0.9459206586826348,0.39016318612347367,0.7311359594396416,1039
4218,0.7823795180722891,0.679892400806994,0.3038900263234864,0.9459206586826348,0.39016318612347367,0.7311359594396416,1039
4219,0.7891566265060241,0.6811028917283121,0.3065223749634396,0.9476047904191617,0.39016318612347367,0.7351297591171682,1048
4220,0.7906626506024096,0.6813718897108272,0.30710734132787365,0.9479790419161677,0.39016318612347367,0.7360172701566183,1050
4221,0.7823795180722891,0.679892400806994,0.3038900263234864,0.9459206586826348,0.39016318612347367,0.7311359594396416,1039
4222,0.7838855421686747,0.6801613987895091,0.30447499268792044,0.9462949101796407,0.39016318612347367,0.7320234704790919,1041
4223,0.7793674698795181,0.6793544048419636,0.3027200935946183,0.9451721556886228,0.39016318612347367,0.7293609373607408,1035
4224,0.7838855421686747,0.6801613987895091,0.30447499268792044,0.9462949101796407,0.39016318612347367,0.7320234704790919,1041
4225,0.7868975903614458,0.6806993947545393,0.30564492541678856,0.9470434131736527,0.39016318612347367,0.7337984925579926,1045
4226,0.7884036144578314,0.6809683927370545,0.30622989178122256,0.9474176646706587,0.39016318612347367,0.734686003597443,1047
4227,0.7876506024096386,0.680833893745797,0.30593740859900553,0.9472305389221557,0.39016318612347367,0.7342422480777178,1046
4228,0.7816265060240963,0.6797579018157364,0.30359754314126935,0.9457335329341318,0.39016318612347367,0.7306922039199164,1038
4229,0.7831325301204819,0.6800268997982515,0.3041825095057034,0.9461077844311377,0.39016318612347367,0.7315797149593667,1040
4230,0.7801204819277109,0.6794889038332212,0.30301257677683535,0.9453592814371258,0.39016318612347367,0.729804692880466,1036
4231,0.7816265060240963,0.6797579018157364,0.30359754314126935,0.9457335329341318,0.39016318612347367,0.7306922039199164,1038
4232,0.7823795180722891,0.679892400806994,0.3038900263234864,0.9459206586826348,0.39016318612347367,0.7311359594396416,1039
4233,0.7853915662650602,0.6804303967720242,0.3050599590523545,0.9466691616766467,0.39016318612347367,0.7329109815185422,1043
4234,0.7831325301204819,0.6800268997982515,0.3041825095057034,0.9461077844311377,0.39016318612347367,0.7315797149593667,1040
4235,0.7801204819277109,0.6794889038332212,0.30301257677683535,0.9453592814371258,0.39016318612347367,0.729804692880466,1036
4236,0.7838855421686747,0.6801613987895091,0.30447499268792044,0.9462949101796407,0.39016318612347367,0.7320234704790919,1041
4237,0.786144578313253,0.6805648957632818,0.30535244223457153,0.9468562874251497,0.39016318612347367,0.7333547370382674,1044
4238,0.7786144578313253,0.6792199058507061,0.3024276104124013,0.9449850299401198,0.39016318612347367,0.7289171818410157,1034
4239,0.7846385542168675,0.6802958977807666,0.30476747587013747,0.9464820359281437,0.39016318612347367,0.732467225998817,1042
4240,0.7808734939759037,0.6796234028244789,0.3033050599590524,0.9455464071856288,0.39016318612347367,0.7302484484001912,1037
4241,0.7793674698795181,0.6793544048419636,0.3027200935946183,0.9451721556886228,0.39016318612347367,0.7293609373607408,1035
4242,0.786144578313253,0.6805648957632818,0.30535244223457153,0.9468562874251497,0.39016318612347367,0.7333547370382674,1044
4243,0.7823795180722891,0.679892400806994,0.3038900263234864,0.9459206586826348,0.39016318612347367,0.7311359594396416,1039
4244,0.7823795180722891,0.679892400806994,0.3038900263234864,0.9459206586826348,0.39016318612347367,0.7311359594396416,1039
4245,0.7823795180722891,0.679892400806994,0.3038900263234864,0.9459206586826348,0.39016318612347367,0.7311359594396416,1039
4246,0.7831325301204819,0.6800268997982515,0.3041825095057034,0.9461077844311377,0.39016318612347367,0.7315797149593667,1040
4247,0.7816265060240963,0.6797579018157364,0.30359754314126935,0.9457335329341318,0.39016318612347367,0.7306922039199164,1038
4248,0.7771084337349398,0.678950907868191,0.30184264404796723,0.9446107784431138,0.39016318612347367,0.7280296708015654,1032
4249,0.7801204819277109,0.6794889038332212,0.30301257677683535,0.9453592814371258,0.39016318612347367,0.729804692880466,1036
4250,0.786144578313253,0.6805648957632818,0.30535244223457153,0.9468562874251497,0.39016318612347367,0.7333547370382674,1044
4251,0.7823795180722891,0.679892400806994,0.3038900263234864,0.9459206586826348,0.39016318612347367,0.7311359594396416,1039
4252,0.7771084337349398,0.678950907868191,0.30184264404796723,0.9446107784431138,0.39016318612347367,0.7280296708015654,1032
4253,0.7823795180722891,0.679892400806994,0.3038900263234864,0.9459206586826348,0.39016318612347367,0.7311359594396416,1039
4254,0.7846385542168675,0.6802958977807666,0.30476747587013747,0.9464820359281437,0.39016318612347367,0.732467225998817,1042
4255,0.7786144578313253,0.6792199058507061,0.3024276104124013,0.9449850299401198,0.39016318612347367,0.7289171818410157,1034
4256,0.7846385542168675,0.6802958977807666,0.30476747587013747,0.9464820359281437,0.39016318612347367,0.732467225998817,1042
4257,0.7831325301204819,0.6800268997982515,0.3041825095057034,0.9461077844311377,0.39016318612347367,0.7315797149593667,1040
4258,0.7823795180722891,0.679892400806994,0.3038900263234864,0.9459206586826348,0.39016318612347367,0.7311359594396416,1039
4259,0.7778614457831325,0.6790854068594485,0.30213512723018426,0.9447979041916168,0.39016318612347367,0.7284734263212905,1033
4260,0.7884036144578314,0.6809683927370545,0.30622989178122256,0.9474176646706587,0.39016318612347367,0.734686003597443,1047
4261,0.7884036144578314,0.6809683927370545,0.30622989178122256,0.9474176646706587,0.39016318612347367,0.734686003597443,1047
4262,0.7823795180722891,0.679892400806994,0.3038900263234864,0.9459206586826348,0.39016318612347367,0.7311359594396416,1039
4263,0.7831325301204819,0.6800268997982515,0.3041825095057034,0.9461077844311377,0.39016318612347367,0.7315797149593667,1040
4264,0.786144578313253,0.6805648957632818,0.30535244223457153,0.9468562874251497,0.39016318612347367,0.7333547370382674,1044
4265,0.7846385542168675,0.6802958977807666,0.30476747587013747,0.9464820359281437,0.39016318612347367,0.732467225998817,1042
4266,0.7823795180722891,0.679892400806994,0.3038900263234864,0.9459206586826348,0.39016318612347367,0.7311359594396416,1039
4267,0.7876506024096386,0.680833893745797,0.30593740859900553,0.9472305389221557,0.39016318612347367,0.7342422480777178,1046
4268,0.786144578313253,0.6805648957632818,0.30535244223457153,0.9468562874251497,0.39016318612347367,0.7333547370382674,1044
4269,0.7823795180722891,0.679892400806994,0.3038900263234864,0.9459206586826348,0.39016318612347367,0.7311359594396416,1039
4270,0.7853915662650602,0.6804303967720242,0.3050599590523545,0.9466691616766467,0.39016318612347367,0.7329109815185422,1043
4271,0.7816265060240963,0.6797579018157364,0.30359754314126935,0.9457335329341318,0.39016318612347367,0.7306922039199164,1038
4272,0.7838855421686747,0.6801613987895091,0.30447499268792044,0.9462949101796407,0.39016318612347367,0.7320234704790919,1041
4273,0.7853915662650602,0.6804303967720242,0.3050599590523545,0.9466691616766467,0.39016318612347367,0.7329109815185422,1043
4274,0.7801204819277109,0.6794889038332212,0.30301257677683535,0.9453592814371258,0.39016318612347367,0.729804692880466,1036
4275,0.786144578313253,0.6805648957632818,0.30535244223457153,0.9468562874251497,0.39016318612347367,0.7333547370382674,1044
4276,0.7853915662650602,0.6804303967720242,0.3050599590523545,0.9466691616766467,0.39016318612347367,0.7329109815185422,1043
4277,0.7876506024096386,0.680833893745797,0.30593740859900553,0.9472305389221557,0.39016318612347367,0.7342422480777178,1046
4278,0.7868975903614458,0.6806993947545393,0.30564492541678856,0.9470434131736527,0.39016318612347367,0.7337984925579926,1045
4279,0.7786144578313253,0.6792199058507061,0.3024276104124013,0.9449850299401198,0.39016318612347367,0.7289171818410157,1034
4280,0.7786144578313253,0.6792199058507061,0.3024276104124013,0.9449850299401198,0.39016318612347367,0.7289171818410157,1034
4281,0.7801204819277109,0.6794889038332212,0.30301257677683535,0.9453592814371258,0.39016318612347367,0.729804692880466,1036
4282,0.7891566265060241,0.6811028917283121,0.3065223749634396,0.9476047904191617,0.39016318612347367,0.7351297591171682,1048
4283,0.7801204819277109,0.6794889038332212,0.30301257677683535,0.9453592814371258,0.39016318612347367,0.729804692880466,1036
4284,0.7853915662650602,0.6804303967720242,0.3050599590523545,0.9466691616766467,0.39016318612347367,0.7329109815185422,1043
4285,0.7786144578313253,0.6792199058507061,0.3024276104124013,0.9449850299401198,0.39016318612347367,0.7289171818410157,1034
4286,0.7906626506024096,0.6813718897108272,0.30710734132787365,0.9479790419161677,0.39016318612347367,0.7360172701566183,1050
4287,0.786144578313253,0.6805648957632818,0.30535244223457153,0.9468562874251497,0.39016318612347367,0.7333547370382674,1044
4288,0.7876506024096386,0.680833893745797,0.30593740859900553,0.9472305389221557,0.39016318612347367,0.7342422480777178,1046
4289,0.7846385542168675,0.6802958977807666,0.30476747587013747,0.9464820359281437,0.39016318612347367,0.732467225998817,1042
4290,0.7823795180722891,0.679892400806994,0.3038900263234864,0.9459206586826348,0.39016318612347367,0.7311359594396416,1039
4291,0.786144578313253,0.6805648957632818,0.30535244223457153,0.9468562874251497,0.39016318612347367,0.7333547370382674,1044
4292,0.7756024096385542,0.6786819098856759,0.3012576776835332,0.9442365269461078,0.39016318612347367,0.727142159762115,1030
4293,0.7868975903614458,0.6806993947545393,0.30564492541678856,0.9470434131736527,0.39016318612347367,0.7337984925579926,1045
4294,0.7823795180722891,0.679892400806994,0.3038900263234864,0.9459206586826348,0.39016318612347367,0.7311359594396416,1039
4295,0.7823795180722891,0.679892400806994,0.3038900263234864,0.9459206586826348,0.39016318612347367,0.7311359594396416,1039
4296,0.7808734939759037,0.6796234028244789,0.3033050599590524,0.9455464071856288,0.39016318612347367,0.7302484484001912,1037
4297,0.7831325301204819,0.6800268997982515,0.3041825095057034,0.9461077844311377,0.39016318612347367,0.7315797149593667,1040
4298,0.7846385542168675,0.6802958977807666,0.30476747587013747,0.9464820359281437,0.39016318612347367,0.732467225998817,1042
4299,0.7786144578313253,0.6792199058507061,0.3024276104124013,0.9449850299401198,0.39016318612347367,0.7289171818410157,1034
4300,0.7884036144578314,0.6809683927370545,0.30622989178122256,0.9474176646706587,0.39016318612347367,0.734686003597443,1047
4301,0.7831325301204819,0.6800268997982515,0.3041825095057034,0.9461077844311377,0.39016318612347367,0.7315797149593667,1040
4302,0.786144578313253,0.6805648957632818,0.30535244223457153,0.9468562874251497,0.39016318612347367,0.7333547370382674,1044
4303,0.7823795180722891,0.679892400806994,0.3038900263234864,0.9459206586826348,0.39016318612347367,0.7311359594396416,1039
4304,0.7771084337349398,0.678950907868191,0.30184264404796723,0.9446107784431138,0.39016318612347367,0.7280296708015654,1032
4305,0.7808734939759037,0.6796234028244789,0.3033050599590524,0.9455464071856288,0.39016318612347367,0.7302484484001912,1037
4306,0.7793674698795181,0.6793544048419636,0.3027200935946183,0.9451721556886228,0.39016318612347367,0.7293609373607408,1035
4307,0.786144578313253,0.6805648957632818,0.30535244223457153,0.9468562874251497,0.39016318612347367,0.7333547370382674,1044
4308,0.7838855421686747,0.6801613987895091,0.30447499268792044,0.9462949101796407,0.39016318612347367,0.7320234704790919,1041
4309,0.7846385542168675,0.6802958977807666,0.30476747587013747,0.9464820359281437,0.39016318612347367,0.732467225998817,1042
4310,0.7831325301204819,0.6800268997982515,0.3041825095057034,0.9461077844311377,0.39016318612347367,0.7315797149593667,1040
4311,0.7808734939759037,0.6796234028244789,0.3033050599590524,0.9455464071856288,0.39016318612347367,0.7302484484001912,1037
4312,0.7846385542168675,0.6802958977807666,0.30476747587013747,0.9464820359281437,0.39016318612347367,0.732467225998817,1042
4313,0.7846385542168675,0.6802958977807666,0.30476747587013747,0.9464820359281437,0.39016318612347367,0.732467225998817,1042
4314,0.7838855421686747,0.6801613987895091,0.30447499268792044,0.9462949101796407,0.39016318612347367,0.7320234704790919,1041
4315,0.7853915662650602,0.6804303967720242,0.3050599590523545,0.9466691616766467,0.39016318612347367,0.7329109815185422,1043
4316,0.7823795180722891,0.679892400806994,0.3038900263234864,0.9459206586826348,0.39016318612347367,0.7311359594396416,1039
4317,0.7831325301204819,0.6800268997982515,0.3041825095057034,0.9461077844311377,0.39016318612347367,0.7315797149593667,1040
4318,0.7846385542168675,0.6802958977807666,0.30476747587013747,0.9464820359281437,0.39016318612347367,0.732467225998817,1042
4319,0.7801204819277109,0.6794889038332212,0.30301257677683535,0.9453592814371258,0.39016318612347367,0.729804692880466,1036
4320,0.7868975903614458,0.6806993947545393,0.30564492541678856,0.9470434131736527,0.39016318612347367,0.7337984925579926,1045
4321,0.7846385542168675,0.6802958977807666,0.30476747587013747,0.9464820359281437,0.39016318612347367,0.732467225998817,1042
4322,0.7793674698795181,0.6793544048419636,0.3027200935946183,0.9451721556886228,0.39016318612347367,0.7293609373607408,1035
4323,0.7808734939759037,0.6796234028244789,0.3033050599590524,0.9455464071856288,0.39016318612347367,0.7302484484001912,1037
4324,0.7838855421686747,0.6801613987895091,0.30447499268792044,0.9462949101796407,0.39016318612347367,0.7320234704790919,1041
4325,0.7884036144578314,0.6809683927370545,0.30622989178122256,0.9474176646706587,0.39016318612347367,0.734686003597443,1047
4326,0.7853915662650602,0.6804303967720242,0.3050599590523545,0.9466691616766467,0.39016318612347367,0.7329109815185422,1043
4327,0.7853915662650602,0.6804303967720242,0.3050599590523545,0.9466691616766467,0.39016318612347367,0.7329109815185422,1043
4328,0.7868975903614458,0.6806993947545393,0.30564492541678856,0.9470434131736527,0.39016318612347367,0.7337984925579926,1045
4329,0.7816265060240963,0.6797579018157364,0.30359754314126935,0.9457335329341318,0.39016318612347367,0.7306922039199164,1038
4330,0.7823795180722891,0.679892400806994,0.3038900263234864,0.9459206586826348,0.39016318612347367,0.7311359594396416,1039
4331,0.7846385542168675,0.6802958977807666,0.30476747587013747,0.9464820359281437,0.39016318612347367,0.732467225998817,1042
4332,0.7793674698795181,0.6793544048419636,0.3027200935946183,0.9451721556886228,0.39016318612347367,0.7293609373607408,1035
4333,0.7831325301204819,0.6800268997982515,0.3041825095057034,0.9461077844311377,0.39016318612347367,0.7315797149593667,1040
4334,0.7838855421686747,0.6801613987895091,0.30447499268792044,0.9462949101796407,0.39016318612347367,0.7320234704790919,1041
4335,0.7823795180722891,0.679892400806994,0.3038900263234864,0.9459206586826348,0.39016318612347367,0.7311359594396416,1039
4336,0.7801204819277109,0.6794889038332212,0.30301257677683535,0.9453592814371258,0.39016318612347367,0.729804692880466,1036
4337,0.7838855421686747,0.6801613987895091,0.30447499268792044,0.9462949101796407,0.39016318612347367,0.7320234704790919,1041
4338,0.7951807228915663,0.6821788836583725,0.30886224042117577,0.9491017964071856,0.39016318612347367,0.7386798032749694,1056
4339,0.7846385542168675,0.6802958977807666,0.30476747587013747,0.9464820359281437,0.39016318612347367,0.732467225998817,1042
4340,0.7876506024096386,0.680833893745797,0.30593740859900553,0.9472305389221557,0.39016318612347367,0.7342422480777178,1046
4341,0.7921686746987951,0.6816408876933423,0.3076923076923077,0.9483532934131736,0.39016318612347367,0.7369047811960687,1052
4342,0.7868975903614458,0.6806993947545393,0.30564492541678856,0.9470434131736527,0.39016318612347367,0.7337984925579926,1045
4343,0.7853915662650602,0.6804303967720242,0.3050599590523545,0.9466691616766467,0.39016318612347367,0.7329109815185422,1043
4344,0.7778614457831325,0.6790854068594485,0.30213512723018426,0.9447979041916168,0.39016318612347367,0.7284734263212905,1033
4345,0.7876506024096386,0.680833893745797,0.30593740859900553,0.9472305389221557,0.39016318612347367,0.7342422480777178,1046
4346,0.7853915662650602,0.6804303967720242,0.3050599590523545,0.9466691616766467,0.39016318612347367,0.7329109815185422,1043
4347,0.7771084337349398,0.678950907868191,0.30184264404796723,0.9446107784431138,0.39016318612347367,0.7280296708015654,1032
4348,0.7853915662650602,0.6804303967720242,0.3050599590523545,0.9466691616766467,0.39016318612347367,0.7329109815185422,1043
4349,0.7816265060240963,0.6797579018157364,0.30359754314126935,0.9457335329341318,0.39016318612347367,0.7306922039199164,1038
4350,0.7816265060240963,0.6797579018157364,0.30359754314126935,0.9457335329341318,0.39016318612347367,0.7306922039199164,1038
4351,0.7891566265060241,0.6811028917283121,0.3065223749634396,0.9476047904191617,0.39016318612347367,0.7351297591171682,1048
4352,0.7846385542168675,0.6802958977807666,0.30476747587013747,0.9464820359281437,0.39016318612347367,0.732467225998817,1042
4353,0.7816265060240963,0.6797579018157364,0.30359754314126935,0.9457335329341318,0.39016318612347367,0.7306922039199164,1038
4354,0.7823795180722891,0.679892400806994,0.3038900263234864,0.9459206586826348,0.39016318612347367,0.7311359594396416,1039
4355,0.7868975903614458,0.6806993947545393,0.30564492541678856,0.9470434131736527,0.39016318612347367,0.7337984925579926,1045
4356,0.7816265060240963,0.6797579018157364,0.30359754314126935,0.9457335329341318,0.39016318612347367,0.7306922039199164,1038
4357,0.7876506024096386,0.680833893745797,0.30593740859900553,0.9472305389221557,0.39016318612347367,0.7342422480777178,1046
4358,0.7801204819277109,0.6794889038332212,0.30301257677683535,0.9453592814371258,0.39016318612347367,0.729804692880466,1036
4359,0.7831325301204819,0.6800268997982515,0.3041825095057034,0.9461077844311377,0.39016318612347367,0.7315797149593667,1040
4360,0.7838855421686747,0.6801613987895091,0.30447499268792044,0.9462949101796407,0.39016318612347367,0.7320234704790919,1041
4361,0.7846385542168675,0.6802958977807666,0.30476747587013747,0.9464820359281437,0.39016318612347367,0.732467225998817,1042
4362,0.7838855421686747,0.6801613987895091,0.30447499268792044,0.9462949101796407,0.39016318612347367,0.7320234704790919,1041
4363,0.7793674698795181,0.6793544048419636,0.3027200935946183,0.9451721556886228,0.39016318612347367,0.7293609373607408,1035
4364,0.7801204819277109,0.6794889038332212,0.30301257677683535,0.9453592814371258,0.39016318612347367,0.729804692880466,1036
4365,0.7801204819277109,0.6794889038332212,0.30301257677683535,0.9453592814371258,0.39016318612347367,0.729804692880466,1036
4366,0.7771084337349398,0.678950907868191,0.30184264404796723,0.9446107784431138,0.39016318612347367,0.7280296708015654,1032
4367,0.7823795180722891,0.679892400806994,0.3038900263234864,0.9459206586826348,0.39016318612347367,0.7311359594396416,1039
4368,0.7853915662650602,0.6804303967720242,0.3050599590523545,0.9466691616766467,0.39016318612347367,0.7329109815185422,1043
4369,0.7808734939759037,0.6796234028244789,0.3033050599590524,0.9455464071856288,0.39016318612347367,0.7302484484001912,1037
4370,0.786144578313253,0.6805648957632818,0.30535244223457153,0.9468562874251497,0.39016318612347367,0.7333547370382674,1044
4371,0.7891566265060241,0.6811028917283121,0.3065223749634396,0.9476047904191617,0.39016318612347367,0.7351297591171682,1048
4372,0.7793674698795181,0.6793544048419636,0.3027200935946183,0.9451721556886228,0.39016318612347367,0.7293609373607408,1035
4373,0.7876506024096386,0.680833893745797,0.30593740859900553,0.9472305389221557,0.39016318612347367,0.7342422480777178,1046
4374,0.7838855421686747,0.6801613987895091,0.30447499268792044,0.9462949101796407,0.39016318612347367,0.7320234704790919,1041
4375,0.7868975903614458,0.6806993947545393,0.30564492541678856,0.9470434131736527,0.39016318612347367,0.7337984925579926,1045
4376,0.7831325301204819,0.6800268997982515,0.3041825095057034,0.9461077844311377,0.39016318612347367,0.7315797149593667,1040
4377,0.7808734939759037,0.6796234028244789,0.3033050599590524,0.9455464071856288,0.39016318612347367,0.7302484484001912,1037
4378,0.7838855421686747,0.6801613987895091,0.30447499268792044,0.9462949101796407,0.39016318612347367,0.7320234704790919,1041
4379,0.7823795180722891,0.679892400806994,0.3038900263234864,0.9459206586826348,0.39016318612347367,0.7311359594396416,1039
4380,0.7823795180722891,0.679892400806994,0.3038900263234864,0.9459206586826348,0.39016318612347367,0.7311359594396416,1039
4381,0.786144578313253,0.6805648957632818,0.30535244223457153,0.9468562874251497,0.39016318612347367,0.7333547370382674,1044
4382,0.7899096385542169,0.6812373907195696,0.3068148581456566,0.9477919161676647,0.39016318612347367,0.7355735146368932,1049
4383,0.7823795180722891,0.679892400806994,0.3038900263234864,0.9459206586826348,0.39016318612347367,0.7311359594396416,1039
4384,0.7808734939759037,0.6796234028244789,0.3033050599590524,0.9455464071856288,0.39016318612347367,0.7302484484001912,1037
4385,0.7801204819277109,0.6794889038332212,0.30301257677683535,0.9453592814371258,0.39016318612347367,0.729804692880466,1036
4386,0.786144578313253,0.6805648957632818,0.30535244223457153,0.9468562874251497,0.39016318612347367,0.7333547370382674,1044
4387,0.7838855421686747,0.6801613987895091,0.30447499268792044,0.9462949101796407,0.39016318612347367,0.7320234704790919,1041
4388,0.7786144578313253,0.6792199058507061,0.3024276104124013,0.9449850299401198,0.39016318612347367,0.7289171818410157,1034
4389,0.7823795180722891,0.679892400806994,0.3038900263234864,0.9459206586826348,0.39016318612347367,0.7311359594396416,1039
4390,0.786144578313253,0.6805648957632818,0.30535244223457153,0.9468562874251497,0.39016318612347367,0.7333547370382674,1044
4391,0.7786144578313253,0.6792199058507061,0.3024276104124013,0.9449850299401198,0.39016318612347367,0.7289171818410157,1034
4392,0.7846385542168675,0.6802958977807666,0.30476747587013747,0.9464820359281437,0.39016318612347367,0.732467225998817,1042
4393,0.7846385542168675,0.6802958977807666,0.30476747587013747,0.9464820359281437,0.39016318612347367,0.732467225998817,1042
4394,0.7838855421686747,0.6801613987895091,0.30447499268792044,0.9462949101796407,0.39016318612347367,0.7320234704790919,1041
4395,0.7853915662650602,0.6804303967720242,0.3050599590523545,0.9466691616766467,0.39016318612347367,0.7329109815185422,1043
4396,0.7823795180722891,0.679892400806994,0.3038900263234864,0.9459206586826348,0.39016318612347367,0.7311359594396416,1039
4397,0.7801204819277109,0.6794889038332212,0.30301257677683535,0.9453592814371258,0.39016318612347367,0.729804692880466,1036
4398,0.7951807228915663,0.6821788836583725,0.30886224042117577,0.9491017964071856,0.39016318612347367,0.7386798032749694,1056
4399,0.7884036144578314,0.6809683927370545,0.30622989178122256,0.9474176646706587,0.39016318612347367,0.734686003597443,1047
4400,0.7838855421686747,0.6801613987895091,0.30447499268792044,0.9462949101796407,0.39016318612347367,0.7320234704790919,1041
4401,0.7793674698795181,0.6793544048419636,0.3027200935946183,0.9451721556886228,0.39016318612347367,0.7293609373607408,1035
4402,0.7816265060240963,0.6797579018157364,0.30359754314126935,0.9457335329341318,0.39016318612347367,0.7306922039199164,1038
4403,0.7823795180722891,0.679892400806994,0.3038900263234864,0.9459206586826348,0.39016318612347367,0.7311359594396416,1039
4404,0.786144578313253,0.6805648957632818,0.30535244223457153,0.9468562874251497,0.39016318612347367,0.7333547370382674,1044
4405,0.7853915662650602,0.6804303967720242,0.3050599590523545,0.9466691616766467,0.39016318612347367,0.7329109815185422,1043
4406,0.7808734939759037,0.6796234028244789,0.3033050599590524,0.9455464071856288,0.39016318612347367,0.7302484484001912,1037
4407,0.7853915662650602,0.6804303967720242,0.3050599590523545,0.9466691616766467,0.39016318612347367,0.7329109815185422,1043
4408,0.7831325301204819,0.6800268997982515,0.3041825095057034,0.9461077844311377,0.39016318612347367,0.7315797149593667,1040
4409,0.7816265060240963,0.6797579018157364,0.30359754314126935,0.9457335329341318,0.39016318612347367,0.7306922039199164,1038
4410,0.7838855421686747,0.6801613987895091,0.30447499268792044,0.9462949101796407,0.39016318612347367,0.7320234704790919,1041
4411,0.7808734939759037,0.6796234028244789,0.3033050599590524,0.9455464071856288,0.39016318612347367,0.7302484484001912,1037
4412,0.7853915662650602,0.6804303967720242,0.3050599590523545,0.9466691616766467,0.39016318612347367,0.7329109815185422,1043
4413,0.7838855421686747,0.6801613987895091,0.30447499268792044,0.9462949101796407,0.39016318612347367,0.7320234704790919,1041
4414,0.7876506024096386,0.680833893745797,0.30593740859900553,0.9472305389221557,0.39016318612347367,0.7342422480777178,1046
4415,0.7816265060240963,0.6797579018157364,0.30359754314126935,0.9457335329341318,0.39016318612347367,0.7306922039199164,1038
4416,0.786144578313253,0.6805648957632818,0.30535244223457153,0.9468562874251497,0.39016318612347367,0.7333547370382674,1044
4417,0.7891566265060241,0.6811028917283121,0.3065223749634396,0.9476047904191617,0.39016318612347367,0.7351297591171682,1048
4418,0.7831325301204819,0.6800268997982515,0.3041825095057034,0.9461077844311377,0.39016318612347367,0.7315797149593667,1040
4419,0.7816265060240963,0.6797579018157364,0.30359754314126935,0.9457335329341318,0.39016318612347367,0.7306922039199164,1038
4420,0.7823795180722891,0.679892400806994,0.3038900263234864,0.9459206586826348,0.39016318612347367,0.7311359594396416,1039
4421,0.7846385542168675,0.6802958977807666,0.30476747587013747,0.9464820359281437,0.39016318612347367,0.732467225998817,1042
4422,0.7853915662650602,0.6804303967720242,0.3050599590523545,0.9466691616766467,0.39016318612347367,0.7329109815185422,1043
4423,0.7823795180722891,0.679892400806994,0.3038900263234864,0.9459206586826348,0.39016318612347367,0.7311359594396416,1039
4424,0.7914156626506024,0.6815063887020847,0.3073998245100907,0.9481661676646707,0.39016318612347367,0.7364610256763435,1051
4425,0.7771084337349398,0.678950907868191,0.30184264404796723,0.9446107784431138,0.39016318612347367,0.7280296708015654,1032
4426,0.7831325301204819,0.6800268997982515,0.3041825095057034,0.9461077844311377,0.39016318612347367,0.7315797149593667,1040
4427,0.7868975903614458,0.6806993947545393,0.30564492541678856,0.9470434131736527,0.39016318612347367,0.7337984925579926,1045
4428,0.7793674698795181,0.6793544048419636,0.3027200935946183,0.9451721556886228,0.39016318612347367,0.7293609373607408,1035
4429,0.7823795180722891,0.679892400806994,0.3038900263234864,0.9459206586826348,0.39016318612347367,0.7311359594396416,1039
4430,0.7853915662650602,0.6804303967720242,0.3050599590523545,0.9466691616766467,0.39016318612347367,0.7329109815185422,1043
4431,0.7831325301204819,0.6800268997982515,0.3041825095057034,0.9461077844311377,0.39016318612347367,0.7315797149593667,1040
4432,0.7816265060240963,0.6797579018157364,0.30359754314126935,0.9457335329341318,0.39016318612347367,0.7306922039199164,1038
4433,0.7914156626506024,0.6815063887020847,0.3073998245100907,0.9481661676646707,0.39016318612347367,0.7364610256763435,1051
4434,0.7816265060240963,0.6797579018157364,0.30359754314126935,0.9457335329341318,0.39016318612347367,0.7306922039199164,1038
4435,0.786144578313253,0.6805648957632818,0.30535244223457153,0.9468562874251497,0.39016318612347367,0.7333547370382674,1044
4436,0.7838855421686747,0.6801613987895091,0.30447499268792044,0.9462949101796407,0.39016318612347367,0.7320234704790919,1041
4437,0.7778614457831325,0.6790854068594485,0.30213512723018426,0.9447979041916168,0.39016318612347367,0.7284734263212905,1033
4438,0.7801204819277109,0.6794889038332212,0.30301257677683535,0.9453592814371258,0.39016318612347367,0.729804692880466,1036
4439,0.7786144578313253,0.6792199058507061,0.3024276104124013,0.9449850299401198,0.39016318612347367,0.7289171818410157,1034
4440,0.7831325301204819,0.6800268997982515,0.3041825095057034,0.9461077844311377,0.39016318612347367,0.7315797149593667,1040
4441,0.7838855421686747,0.6801613987895091,0.30447499268792044,0.9462949101796407,0.39016318612347367,0.7320234704790919,1041
4442,0.7748493975903614,0.6785474108944183,0.30096519450131615,0.9440494011976048,0.39016318612347367,0.7266984042423899,1029
4443,0.7876506024096386,0.680833893745797,0.30593740859900553,0.9472305389221557,0.39016318612347367,0.7342422480777178,1046
4444,0.7823795180722891,0.679892400806994,0.3038900263234864,0.9459206586826348,0.39016318612347367,0.7311359594396416,1039
4445,0.7853915662650602,0.6804303967720242,0.3050599590523545,0.9466691616766467,0.39016318612347367,0.7329109815185422,1043
4446,0.7853915662650602,0.6804303967720242,0.3050599590523545,0.9466691616766467,0.39016318612347367,0.7329109815185422,1043
4447,0.7868975903614458,0.6806993947545393,0.30564492541678856,0.9470434131736527,0.39016318612347367,0.7337984925579926,1045
4448,0.7853915662650602,0.6804303967720242,0.3050599590523545,0.9466691616766467,0.39016318612347367,0.7329109815185422,1043
4449,0.7808734939759037,0.6796234028244789,0.3033050599590524,0.9455464071856288,0.39016318612347367,0.7302484484001912,1037
4450,0.7831325301204819,0.6800268997982515,0.3041825095057034,0.9461077844311377,0.39016318612347367,0.7315797149593667,1040
4451,0.7786144578313253,0.6792199058507061,0.3024276104124013,0.9449850299401198,0.39016318612347367,0.7289171818410157,1034
4452,0.7801204819277109,0.6794889038332212,0.30301257677683535,0.9453592814371258,0.39016318612347367,0.729804692880466,1036
4453,0.7838855421686747,0.6801613987895091,0.30447499268792044,0.9462949101796407,0.39016318612347367,0.7320234704790919,1041
4454,0.7846385542168675,0.6802958977807666,0.30476747587013747,0.9464820359281437,0.39016318612347367,0.732467225998817,1042
4455,0.7808734939759037,0.6796234028244789,0.3033050599590524,0.9455464071856288,0.39016318612347367,0.7302484484001912,1037
4456,0.7786144578313253,0.6792199058507061,0.3024276104124013,0.9449850299401198,0.39016318612347367,0.7289171818410157,1034
4457,0.7823795180722891,0.679892400806994,0.3038900263234864,0.9459206586826348,0.39016318612347367,0.7311359594396416,1039
4458,0.7846385542168675,0.6802958977807666,0.30476747587013747,0.9464820359281437,0.39016318612347367,0.732467225998817,1042
4459,0.7786144578313253,0.6792199058507061,0.3024276104124013,0.9449850299401198,0.39016318612347367,0.7289171818410157,1034
4460,0.7831325301204819,0.6800268997982515,0.3041825095057034,0.9461077844311377,0.39016318612347367,0.7315797149593667,1040
4461,0.7823795180722891,0.679892400806994,0.3038900263234864,0.9459206586826348,0.39016318612347367,0.7311359594396416,1039
4462,0.7808734939759037,0.6796234028244789,0.3033050599590524,0.9455464071856288,0.39016318612347367,0.7302484484001912,1037
4463,0.7831325301204819,0.6800268997982515,0.3041825095057034,0.9461077844311377,0.39016318612347367,0.7315797149593667,1040
4464,0.7823795180722891,0.679892400806994,0.3038900263234864,0.9459206586826348,0.39016318612347367,0.7311359594396416,1039
4465,0.7778614457831325,0.6790854068594485,0.30213512723018426,0.9447979041916168,0.39016318612347367,0.7284734263212905,1033
4466,0.7899096385542169,0.6812373907195696,0.3068148581456566,0.9477919161676647,0.39016318612347367,0.7355735146368932,1049
4467,0.7853915662650602,0.6804303967720242,0.3050599590523545,0.9466691616766467,0.39016318612347367,0.7329109815185422,1043
4468,0.7831325301204819,0.6800268997982515,0.3041825095057034,0.9461077844311377,0.39016318612347367,0.7315797149593667,1040
4469,0.7853915662650602,0.6804303967720242,0.3050599590523545,0.9466691616766467,0.39016318612347367,0.7329109815185422,1043
4470,0.7891566265060241,0.6811028917283121,0.3065223749634396,0.9476047904191617,0.39016318612347367,0.7351297591171682,1048
4471,0.7891566265060241,0.6811028917283121,0.3065223749634396,0.9476047904191617,0.39016318612347367,0.7351297591171682,1048
4472,0.7831325301204819,0.6800268997982515,0.3041825095057034,0.9461077844311377,0.39016318612347367,0.7315797149593667,1040
4473,0.7914156626506024,0.6815063887020847,0.3073998245100907,0.9481661676646707,0.39016318612347367,0.7364610256763435,1051
4474,0.7853915662650602,0.6804303967720242,0.3050599590523545,0.9466691616766467,0.39016318612347367,0.7329109815185422,1043
4475,0.7838855421686747,0.6801613987895091,0.30447499268792044,0.9462949101796407,0.39016318612347367,0.7320234704790919,1041
4476,0.776355421686747,0.6788164088769334,0.3015501608657502,0.9444236526946108,0.39016318612347367,0.7275859152818402,1031
4477,0.7846385542168675,0.6802958977807666,0.30476747587013747,0.9464820359281437,0.39016318612347367,0.732467225998817,1042
4478,0.7876506024096386,0.680833893745797,0.30593740859900553,0.9472305389221557,0.39016318612347367,0.7342422480777178,1046
4479,0.7778614457831325,0.6790854068594485,0.30213512723018426,0.9447979041916168,0.39016318612347367,0.7284734263212905,1033
4480,0.7846385542168675,0.6802958977807666,0.30476747587013747,0.9464820359281437,0.39016318612347367,0.732467225998817,1042
4481,0.7846385542168675,0.6802958977807666,0.30476747587013747,0.9464820359281437,0.39016318612347367,0.732467225998817,1042
4482,0.7808734939759037,0.6796234028244789,0.3033050599590524,0.9455464071856288,0.39016318612347367,0.7302484484001912,1037
4483,0.7853915662650602,0.6804303967720242,0.3050599590523545,0.9466691616766467,0.39016318612347367,0.7329109815185422,1043
4484,0.7868975903614458,0.6806993947545393,0.30564492541678856,0.9470434131736527,0.39016318612347367,0.7337984925579926,1045
4485,0.7823795180722891,0.679892400806994,0.3038900263234864,0.9459206586826348,0.39016318612347367,0.7311359594396416,1039
4486,0.7876506024096386,0.680833893745797,0.30593740859900553,0.9472305389221557,0.39016318612347367,0.7342422480777178,1046
4487,0.7808734939759037,0.6796234028244789,0.3033050599590524,0.9455464071856288,0.39016318612347367,0.7302484484001912,1037
4488,0.7816265060240963,0.6797579018157364,0.30359754314126935,0.9457335329341318,0.39016318612347367,0.7306922039199164,1038
4489,0.7884036144578314,0.6809683927370545,0.30622989178122256,0.9474176646706587,0.39016318612347367,0.734686003597443,1047
4490,0.7868975903614458,0.6806993947545393,0.30564492541678856,0.9470434131736527,0.39016318612347367,0.7337984925579926,1045
4491,0.7853915662650602,0.6804303967720242,0.3050599590523545,0.9466691616766467,0.39016318612347367,0.7329109815185422,1043
4492,0.7816265060240963,0.6797579018157364,0.30359754314126935,0.9457335329341318,0.39016318612347367,0.7306922039199164,1038
4493,0.7831325301204819,0.6800268997982515,0.3041825095057034,0.9461077844311377,0.39016318612347367,0.7315797149593667,1040
4494,0.7823795180722891,0.679892400806994,0.3038900263234864,0.9459206586826348,0.39016318612347367,0.7311359594396416,1039
4495,0.7906626506024096,0.6813718897108272,0.30710734132787365,0.9479790419161677,0.39016318612347367,0.7360172701566183,1050
4496,0.7853915662650602,0.6804303967720242,0.3050599590523545,0.9466691616766467,0.39016318612347367,0.7329109815185422,1043
4497,0.7823795180722891,0.679892400806994,0.3038900263234864,0.9459206586826348,0.39016318612347367,0.7311359594396416,1039
4498,0.7899096385542169,0.6812373907195696,0.3068148581456566,0.9477919161676647,0.39016318612347367,0.7355735146368932,1049
4499,0.786144578313253,0.6805648957632818,0.30535244223457153,0.9468562874251497,0.39016318612347367,0.7333547370382674,1044
4500,0.7831325301204819,0.6800268997982515,0.3041825095057034,0.9461077844311377,0.39016318612347367,0.7315797149593667,1040
4501,0.7816265060240963,0.6797579018157364,0.30359754314126935,0.9457335329341318,0.39016318612347367,0.7306922039199164,1038
4502,0.7801204819277109,0.6794889038332212,0.30301257677683535,0.9453592814371258,0.39016318612347367,0.729804692880466,1036
4503,0.7748493975903614,0.6785474108944183,0.30096519450131615,0.9440494011976048,0.39016318612347367,0.7266984042423899,1029
4504,0.7801204819277109,0.6794889038332212,0.30301257677683535,0.9453592814371258,0.39016318612347367,0.729804692880466,1036
4505,0.7801204819277109,0.6794889038332212,0.30301257677683535,0.9453592814371258,0.39016318612347367,0.729804692880466,1036
4506,0.7801204819277109,0.6794889038332212,0.30301257677683535,0.9453592814371258,0.39016318612347367,0.729804692880466,1036
4507,0.7838855421686747,0.6801613987895091,0.30447499268792044,0.9462949101796407,0.39016318612347367,0.7320234704790919,1041
4508,0.7846385542168675,0.6802958977807666,0.30476747587013747,0.9464820359281437,0.39016318612347367,0.732467225998817,1042
4509,0.7793674698795181,0.6793544048419636,0.3027200935946183,0.9451721556886228,0.39016318612347367,0.7293609373607408,1035
4510,0.7846385542168675,0.6802958977807666,0.30476747587013747,0.9464820359281437,0.39016318612347367,0.732467225998817,1042
4511,0.7846385542168675,0.6802958977807666,0.30476747587013747,0.9464820359281437,0.39016318612347367,0.732467225998817,1042
4512,0.7831325301204819,0.6800268997982515,0.3041825095057034,0.9461077844311377,0.39016318612347367,0.7315797149593667,1040
4513,0.7838855421686747,0.6801613987895091,0.30447499268792044,0.9462949101796407,0.39016318612347367,0.7320234704790919,1041
4514,0.786144578313253,0.6805648957632818,0.30535244223457153,0.9468562874251497,0.39016318612347367,0.7333547370382674,1044
4515,0.7891566265060241,0.6811028917283121,0.3065223749634396,0.9476047904191617,0.39016318612347367,0.7351297591171682,1048
4516,0.7823795180722891,0.679892400806994,0.3038900263234864,0.9459206586826348,0.39016318612347367,0.7311359594396416,1039
4517,0.7846385542168675,0.6802958977807666,0.30476747587013747,0.9464820359281437,0.39016318612347367,0.732467225998817,1042
4518,0.7793674698795181,0.6793544048419636,0.3027200935946183,0.9451721556886228,0.39016318612347367,0.7293609373607408,1035
4519,0.7846385542168675,0.6802958977807666,0.30476747587013747,0.9464820359281437,0.39016318612347367,0.732467225998817,1042
4520,0.786144578313253,0.6805648957632818,0.30535244223457153,0.9468562874251497,0.39016318612347367,0.7333547370382674,1044
4521,0.7868975903614458,0.6806993947545393,0.30564492541678856,0.9470434131736527,0.39016318612347367,0.7337984925579926,1045
4522,0.7853915662650602,0.6804303967720242,0.3050599590523545,0.9466691616766467,0.39016318612347367,0.7329109815185422,1043
4523,0.7808734939759037,0.6796234028244789,0.3033050599590524,0.9455464071856288,0.39016318612347367,0.7302484484001912,1037
4524,0.7868975903614458,0.6806993947545393,0.30564492541678856,0.9470434131736527,0.39016318612347367,0.7337984925579926,1045
4525,0.7816265060240963,0.6797579018157364,0.30359754314126935,0.9457335329341318,0.39016318612347367,0.7306922039199164,1038
4526,0.7823795180722891,0.679892400806994,0.3038900263234864,0.9459206586826348,0.39016318612347367,0.7311359594396416,1039
4527,0.7846385542168675,0.6802958977807666,0.30476747587013747,0.9464820359281437,0.39016318612347367,0.732467225998817,1042
4528,0.7816265060240963,0.6797579018157364,0.30359754314126935,0.9457335329341318,0.39016318612347367,0.7306922039199164,1038
4529,0.7884036144578314,0.6809683927370545,0.30622989178122256,0.9474176646706587,0.39016318612347367,0.734686003597443,1047
4530,0.7801204819277109,0.6794889038332212,0.30301257677683535,0.9453592814371258,0.39016318612347367,0.729804692880466,1036
4531,0.7906626506024096,0.6813718897108272,0.30710734132787365,0.9479790419161677,0.39016318612347367,0.7360172701566183,1050
4532,0.7808734939759037,0.6796234028244789,0.3033050599590524,0.9455464071856288,0.39016318612347367,0.7302484484001912,1037
4533,0.7884036144578314,0.6809683927370545,0.30622989178122256,0.9474176646706587,0.39016318612347367,0.734686003597443,1047
4534,0.7838855421686747,0.6801613987895091,0.30447499268792044,0.9462949101796407,0.39016318612347367,0.7320234704790919,1041
4535,0.7838855421686747,0.6801613987895091,0.30447499268792044,0.9462949101796407,0.39016318612347367,0.7320234704790919,1041
4536,0.7793674698795181,0.6793544048419636,0.3027200935946183,0.9451721556886228,0.39016318612347367,0.7293609373607408,1035
4537,0.7838855421686747,0.6801613987895091,0.30447499268792044,0.9462949101796407,0.39016318612347367,0.7320234704790919,1041
4538,0.776355421686747,0.6788164088769334,0.3015501608657502,0.9444236526946108,0.39016318612347367,0.7275859152818402,1031
4539,0.7846385542168675,0.6802958977807666,0.30476747587013747,0.9464820359281437,0.39016318612347367,0.732467225998817,1042
4540,0.7846385542168675,0.6802958977807666,0.30476747587013747,0.9464820359281437,0.39016318612347367,0.732467225998817,1042
4541,0.7838855421686747,0.6801613987895091,0.30447499268792044,0.9462949101796407,0.39016318612347367,0.7320234704790919,1041
4542,0.7853915662650602,0.6804303967720242,0.3050599590523545,0.9466691616766467,0.39016318612347367,0.7329109815185422,1043
4543,0.7921686746987951,0.6816408876933423,0.3076923076923077,0.9483532934131736,0.39016318612347367,0.7369047811960687,1052
4544,0.7808734939759037,0.6796234028244789,0.3033050599590524,0.9455464071856288,0.39016318612347367,0.7302484484001912,1037
4545,0.7853915662650602,0.6804303967720242,0.3050599590523545,0.9466691616766467,0.39016318612347367,0.7329109815185422,1043
4546,0.7816265060240963,0.6797579018157364,0.30359754314126935,0.9457335329341318,0.39016318612347367,0.7306922039199164,1038
4547,0.7801204819277109,0.6794889038332212,0.30301257677683535,0.9453592814371258,0.39016318612347367,0.729804692880466,1036
4548,0.7808734939759037,0.6796234028244789,0.3033050599590524,0.9455464071856288,0.39016318612347367,0.7302484484001912,1037
4549,0.7816265060240963,0.6797579018157364,0.30359754314126935,0.9457335329341318,0.39016318612347367,0.7306922039199164,1038
4550,0.7838855421686747,0.6801613987895091,0.30447499268792044,0.9462949101796407,0.39016318612347367,0.7320234704790919,1041
4551,0.7831325301204819,0.6800268997982515,0.3041825095057034,0.9461077844311377,0.39016318612347367,0.7315797149593667,1040
4552,0.7808734939759037,0.6796234028244789,0.3033050599590524,0.9455464071856288,0.39016318612347367,0.7302484484001912,1037
4553,0.7846385542168675,0.6802958977807666,0.30476747587013747,0.9464820359281437,0.39016318612347367,0.732467225998817,1042
4554,0.7808734939759037,0.6796234028244789,0.3033050599590524,0.9455464071856288,0.39016318612347367,0.7302484484001912,1037
4555,0.7823795180722891,0.679892400806994,0.3038900263234864,0.9459206586826348,0.39016318612347367,0.7311359594396416,1039
4556,0.7853915662650602,0.6804303967720242,0.3050599590523545,0.9466691616766467,0.39016318612347367,0.7329109815185422,1043
4557,0.7838855421686747,0.6801613987895091,0.30447499268792044,0.9462949101796407,0.39016318612347367,0.7320234704790919,1041
4558,0.7710843373493976,0.6778749159381304,0.29950277859023106,0.9431137724550899,0.39016318612347367,0.7244796266437641,1024
4559,0.7838855421686747,0.6801613987895091,0.30447499268792044,0.9462949101796407,0.39016318612347367,0.7320234704790919,1041
4560,0.7891566265060241,0.6811028917283121,0.3065223749634396,0.9476047904191617,0.39016318612347367,0.7351297591171682,1048
4561,0.7853915662650602,0.6804303967720242,0.3050599590523545,0.9466691616766467,0.39016318612347367,0.7329109815185422,1043
4562,0.7838855421686747,0.6801613987895091,0.30447499268792044,0.9462949101796407,0.39016318612347367,0.7320234704790919,1041
4563,0.7793674698795181,0.6793544048419636,0.3027200935946183,0.9451721556886228,0.39016318612347367,0.7293609373607408,1035
4564,0.7816265060240963,0.6797579018157364,0.30359754314126935,0.9457335329341318,0.39016318612347367,0.7306922039199164,1038
4565,0.7884036144578314,0.6809683927370545,0.30622989178122256,0.9474176646706587,0.39016318612347367,0.734686003597443,1047
4566,0.7823795180722891,0.679892400806994,0.3038900263234864,0.9459206586826348,0.39016318612347367,0.7311359594396416,1039
4567,0.7808734939759037,0.6796234028244789,0.3033050599590524,0.9455464071856288,0.39016318612347367,0.7302484484001912,1037
4568,0.7831325301204819,0.6800268997982515,0.3041825095057034,0.9461077844311377,0.39016318612347367,0.7315797149593667,1040
4569,0.7846385542168675,0.6802958977807666,0.30476747587013747,0.9464820359281437,0.39016318612347367,0.732467225998817,1042
4570,0.7868975903614458,0.6806993947545393,0.30564492541678856,0.9470434131736527,0.39016318612347367,0.7337984925579926,1045
4571,0.7921686746987951,0.6816408876933423,0.3076923076923077,0.9483532934131736,0.39016318612347367,0.7369047811960687,1052
4572,0.7831325301204819,0.6800268997982515,0.3041825095057034,0.9461077844311377,0.39016318612347367,0.7315797149593667,1040
4573,0.7838855421686747,0.6801613987895091,0.30447499268792044,0.9462949101796407,0.39016318612347367,0.7320234704790919,1041
4574,0.7899096385542169,0.6812373907195696,0.3068148581456566,0.9477919161676647,0.39016318612347367,0.7355735146368932,1049
4575,0.7801204819277109,0.6794889038332212,0.30301257677683535,0.9453592814371258,0.39016318612347367,0.729804692880466,1036
4576,0.7891566265060241,0.6811028917283121,0.3065223749634396,0.9476047904191617,0.39016318612347367,0.7351297591171682,1048
4577,0.786144578313253,0.6805648957632818,0.30535244223457153,0.9468562874251497,0.39016318612347367,0.7333547370382674,1044
4578,0.7838855421686747,0.6801613987895091,0.30447499268792044,0.9462949101796407,0.39016318612347367,0.7320234704790919,1041
4579,0.7846385542168675,0.6802958977807666,0.30476747587013747,0.9464820359281437,0.39016318612347367,0.732467225998817,1042
4580,0.7929216867469879,0.6817753866845999,0.30798479087452474,0.9485404191616766,0.39016318612347367,0.7373485367157939,1053
4581,0.7823795180722891,0.679892400806994,0.3038900263234864,0.9459206586826348,0.39016318612347367,0.7311359594396416,1039
4582,0.7816265060240963,0.6797579018157364,0.30359754314126935,0.9457335329341318,0.39016318612347367,0.7306922039199164,1038
4583,0.7778614457831325,0.6790854068594485,0.30213512723018426,0.9447979041916168,0.39016318612347367,0.7284734263212905,1033
4584,0.7929216867469879,0.6817753866845999,0.30798479087452474,0.9485404191616766,0.39016318612347367,0.7373485367157939,1053
4585,0.7838855421686747,0.6801613987895091,0.30447499268792044,0.9462949101796407,0.39016318612347367,0.7320234704790919,1041
4586,0.786144578313253,0.6805648957632818,0.30535244223457153,0.9468562874251497,0.39016318612347367,0.7333547370382674,1044
4587,0.7816265060240963,0.6797579018157364,0.30359754314126935,0.9457335329341318,0.39016318612347367,0.7306922039199164,1038
4588,0.7793674698795181,0.6793544048419636,0.3027200935946183,0.9451721556886228,0.39016318612347367,0.7293609373607408,1035
4589,0.7823795180722891,0.679892400806994,0.3038900263234864,0.9459206586826348,0.39016318612347367,0.7311359594396416,1039
4590,0.7771084337349398,0.678950907868191,0.30184264404796723,0.9446107784431138,0.39016318612347367,0.7280296708015654,1032
4591,0.7838855421686747,0.6801613987895091,0.30447499268792044,0.9462949101796407,0.39016318612347367,0.7320234704790919,1041
4592,0.7823795180722891,0.679892400806994,0.3038900263234864,0.9459206586826348,0.39016318612347367,0.7311359594396416,1039
4593,0.7838855421686747,0.6801613987895091,0.30447499268792044,0.9462949101796407,0.39016318612347367,0.7320234704790919,1041
4594,0.786144578313253,0.6805648957632818,0.30535244223457153,0.9468562874251497,0.39016318612347367,0.7333547370382674,1044
4595,0.7899096385542169,0.6812373907195696,0.3068148581456566,0.9477919161676647,0.39016318612347367,0.7355735146368932,1049
4596,0.7838855421686747,0.6801613987895091,0.30447499268792044,0.9462949101796407,0.39016318612347367,0.7320234704790919,1041
4597,0.7846385542168675,0.6802958977807666,0.30476747587013747,0.9464820359281437,0.39016318612347367,0.732467225998817,1042
4598,0.7899096385542169,0.6812373907195696,0.3068148581456566,0.9477919161676647,0.39016318612347367,0.7355735146368932,1049
4599,0.7786144578313253,0.6792199058507061,0.3024276104124013,0.9449850299401198,0.39016318612347367,0.7289171818410157,1034
4600,0.7868975903614458,0.6806993947545393,0.30564492541678856,0.9470434131736527,0.39016318612347367,0.7337984925579926,1045
4601,0.7891566265060241,0.6811028917283121,0.3065223749634396,0.9476047904191617,0.39016318612347367,0.7351297591171682,1048
4602,0.7816265060240963,0.6797579018157364,0.30359754314126935,0.9457335329341318,0.39016318612347367,0.7306922039199164,1038
4603,0.7876506024096386,0.680833893745797,0.30593740859900553,0.9472305389221557,0.39016318612347367,0.7342422480777178,1046
4604,0.7823795180722891,0.679892400806994,0.3038900263234864,0.9459206586826348,0.39016318612347367,0.7311359594396416,1039
4605,0.7771084337349398,0.678950907868191,0.30184264404796723,0.9446107784431138,0.39016318612347367,0.7280296708015654,1032
4606,0.7816265060240963,0.6797579018157364,0.30359754314126935,0.9457335329341318,0.39016318612347367,0.7306922039199164,1038
4607,0.786144578313253,0.6805648957632818,0.30535244223457153,0.9468562874251497,0.39016318612347367,0.7333547370382674,1044
4608,0.7853915662650602,0.6804303967720242,0.3050599590523545,0.9466691616766467,0.39016318612347367,0.7329109815185422,1043
4609,0.786144578313253,0.6805648957632818,0.30535244223457153,0.9468562874251497,0.39016318612347367,0.7333547370382674,1044
4610,0.7808734939759037,0.6796234028244789,0.3033050599590524,0.9455464071856288,0.39016318612347367,0.7302484484001912,1037
4611,0.7846385542168675,0.6802958977807666,0.30476747587013747,0.9464820359281437,0.39016318612347367,0.732467225998817,1042
4612,0.7853915662650602,0.6804303967720242,0.3050599590523545,0.9466691616766467,0.39016318612347367,0.7329109815185422,1043
4613,0.7831325301204819,0.6800268997982515,0.3041825095057034,0.9461077844311377,0.39016318612347367,0.7315797149593667,1040
4614,0.7868975903614458,0.6806993947545393,0.30564492541678856,0.9470434131736527,0.39016318612347367,0.7337984925579926,1045
4615,0.7846385542168675,0.6802958977807666,0.30476747587013747,0.9464820359281437,0.39016318612347367,0.732467225998817,1042
4616,0.7778614457831325,0.6790854068594485,0.30213512723018426,0.9447979041916168,0.39016318612347367,0.7284734263212905,1033
4617,0.7868975903614458,0.6806993947545393,0.30564492541678856,0.9470434131736527,0.39016318612347367,0.7337984925579926,1045
4618,0.7846385542168675,0.6802958977807666,0.30476747587013747,0.9464820359281437,0.39016318612347367,0.732467225998817,1042
4619,0.7831325301204819,0.6800268997982515,0.3041825095057034,0.9461077844311377,0.39016318612347367,0.7315797149593667,1040
4620,0.786144578313253,0.6805648957632818,0.30535244223457153,0.9468562874251497,0.39016318612347367,0.7333547370382674,1044
4621,0.7838855421686747,0.6801613987895091,0.30447499268792044,0.9462949101796407,0.39016318612347367,0.7320234704790919,1041
4622,0.7801204819277109,0.6794889038332212,0.30301257677683535,0.9453592814371258,0.39016318612347367,0.729804692880466,1036
4623,0.7853915662650602,0.6804303967720242,0.3050599590523545,0.9466691616766467,0.39016318612347367,0.7329109815185422,1043
4624,0.7823795180722891,0.679892400806994,0.3038900263234864,0.9459206586826348,0.39016318612347367,0.7311359594396416,1039
4625,0.7816265060240963,0.6797579018157364,0.30359754314126935,0.9457335329341318,0.39016318612347367,0.7306922039199164,1038
4626,0.7816265060240963,0.6797579018157364,0.30359754314126935,0.9457335329341318,0.39016318612347367,0.7306922039199164,1038
4627,0.7921686746987951,0.6816408876933423,0.3076923076923077,0.9483532934131736,0.39016318612347367,0.7369047811960687,1052
4628,0.7801204819277109,0.6794889038332212,0.30301257677683535,0.9453592814371258,0.39016318612347367,0.729804692880466,1036
4629,0.7853915662650602,0.6804303967720242,0.3050599590523545,0.9466691616766467,0.39016318612347367,0.7329109815185422,1043
4630,0.7876506024096386,0.680833893745797,0.30593740859900553,0.9472305389221557,0.39016318612347367,0.7342422480777178,1046
4631,0.7868975903614458,0.6806993947545393,0.30564492541678856,0.9470434131736527,0.39016318612347367,0.7337984925579926,1045
4632,0.7891566265060241,0.6811028917283121,0.3065223749634396,0.9476047904191617,0.39016318612347367,0.7351297591171682,1048
4633,0.7816265060240963,0.6797579018157364,0.30359754314126935,0.9457335329341318,0.39016318612347367,0.7306922039199164,1038
4634,0.7771084337349398,0.678950907868191,0.30184264404796723,0.9446107784431138,0.39016318612347367,0.7280296708015654,1032
4635,0.7816265060240963,0.6797579018157364,0.30359754314126935,0.9457335329341318,0.39016318612347367,0.7306922039199164,1038
4636,0.7748493975903614,0.6785474108944183,0.30096519450131615,0.9440494011976048,0.39016318612347367,0.7266984042423899,1029
4637,0.7831325301204819,0.6800268997982515,0.3041825095057034,0.9461077844311377,0.39016318612347367,0.7315797149593667,1040
4638,0.7771084337349398,0.678950907868191,0.30184264404796723,0.9446107784431138,0.39016318612347367,0.7280296708015654,1032
4639,0.7786144578313253,0.6792199058507061,0.3024276104124013,0.9449850299401198,0.39016318612347367,0.7289171818410157,1034
4640,0.7868975903614458,0.6806993947545393,0.30564492541678856,0.9470434131736527,0.39016318612347367,0.7337984925579926,1045
4641,0.7816265060240963,0.6797579018157364,0.30359754314126935,0.9457335329341318,0.39016318612347367,0.7306922039199164,1038
4642,0.7891566265060241,0.6811028917283121,0.3065223749634396,0.9476047904191617,0.39016318612347367,0.7351297591171682,1048
4643,0.7891566265060241,0.6811028917283121,0.3065223749634396,0.9476047904191617,0.39016318612347367,0.7351297591171682,1048
4644,0.7876506024096386,0.680833893745797,0.30593740859900553,0.9472305389221557,0.39016318612347367,0.7342422480777178,1046
4645,0.7801204819277109,0.6794889038332212,0.30301257677683535,0.9453592814371258,0.39016318612347367,0.729804692880466,1036
4646,0.7838855421686747,0.6801613987895091,0.30447499268792044,0.9462949101796407,0.39016318612347367,0.7320234704790919,1041
4647,0.7793674698795181,0.6793544048419636,0.3027200935946183,0.9451721556886228,0.39016318612347367,0.7293609373607408,1035
4648,0.7831325301204819,0.6800268997982515,0.3041825095057034,0.9461077844311377,0.39016318612347367,0.7315797149593667,1040
4649,0.7771084337349398,0.678950907868191,0.30184264404796723,0.9446107784431138,0.39016318612347367,0.7280296708015654,1032
4650,0.7808734939759037,0.6796234028244789,0.3033050599590524,0.9455464071856288,0.39016318612347367,0.7302484484001912,1037
4651,0.7838855421686747,0.6801613987895091,0.30447499268792044,0.9462949101796407,0.39016318612347367,0.7320234704790919,1041
4652,0.7891566265060241,0.6811028917283121,0.3065223749634396,0.9476047904191617,0.39016318612347367,0.7351297591171682,1048
4653,0.7816265060240963,0.6797579018157364,0.30359754314126935,0.9457335329341318,0.39016318612347367,0.7306922039199164,1038
4654,0.7891566265060241,0.6811028917283121,0.3065223749634396,0.9476047904191617,0.39016318612347367,0.7351297591171682,1048
4655,0.7891566265060241,0.6811028917283121,0.3065223749634396,0.9476047904191617,0.39016318612347367,0.7351297591171682,1048
4656,0.7846385542168675,0.6802958977807666,0.30476747587013747,0.9464820359281437,0.39016318612347367,0.732467225998817,1042
4657,0.7793674698795181,0.6793544048419636,0.3027200935946183,0.9451721556886228,0.39016318612347367,0.7293609373607408,1035
4658,0.7876506024096386,0.680833893745797,0.30593740859900553,0.9472305389221557,0.39016318612347367,0.7342422480777178,1046
4659,0.7823795180722891,0.679892400806994,0.3038900263234864,0.9459206586826348,0.39016318612347367,0.7311359594396416,1039
4660,0.7816265060240963,0.6797579018157364,0.30359754314126935,0.9457335329341318,0.39016318612347367,0.7306922039199164,1038
4661,0.7823795180722891,0.679892400806994,0.3038900263234864,0.9459206586826348,0.39016318612347367,0.7311359594396416,1039
4662,0.7816265060240963,0.6797579018157364,0.30359754314126935,0.9457335329341318,0.39016318612347367,0.7306922039199164,1038
4663,0.7793674698795181,0.6793544048419636,0.3027200935946183,0.9451721556886228,0.39016318612347367,0.7293609373607408,1035
4664,0.7793674698795181,0.6793544048419636,0.3027200935946183,0.9451721556886228,0.39016318612347367,0.7293609373607408,1035
4665,0.7853915662650602,0.6804303967720242,0.3050599590523545,0.9466691616766467,0.39016318612347367,0.7329109815185422,1043
4666,0.7868975903614458,0.6806993947545393,0.30564492541678856,0.9470434131736527,0.39016318612347367,0.7337984925579926,1045
4667,0.7906626506024096,0.6813718897108272,0.30710734132787365,0.9479790419161677,0.39016318612347367,0.7360172701566183,1050
4668,0.7831325301204819,0.6800268997982515,0.3041825095057034,0.9461077844311377,0.39016318612347367,0.7315797149593667,1040
4669,0.7846385542168675,0.6802958977807666,0.30476747587013747,0.9464820359281437,0.39016318612347367,0.732467225998817,1042
4670,0.7846385542168675,0.6802958977807666,0.30476747587013747,0.9464820359281437,0.39016318612347367,0.732467225998817,1042
4671,0.7816265060240963,0.6797579018157364,0.30359754314126935,0.9457335329341318,0.39016318612347367,0.7306922039199164,1038
4672,0.7846385542168675,0.6802958977807666,0.30476747587013747,0.9464820359281437,0.39016318612347367,0.732467225998817,1042
4673,0.7846385542168675,0.6802958977807666,0.30476747587013747,0.9464820359281437,0.39016318612347367,0.732467225998817,1042
4674,0.7786144578313253,0.6792199058507061,0.3024276104124013,0.9449850299401198,0.39016318612347367,0.7289171818410157,1034
4675,0.776355421686747,0.6788164088769334,0.3015501608657502,0.9444236526946108,0.39016318612347367,0.7275859152818402,1031
4676,0.7793674698795181,0.6793544048419636,0.3027200935946183,0.9451721556886228,0.39016318612347367,0.7293609373607408,1035
4677,0.7831325301204819,0.6800268997982515,0.3041825095057034,0.9461077844311377,0.39016318612347367,0.7315797149593667,1040
4678,0.7793674698795181,0.6793544048419636,0.3027200935946183,0.9451721556886228,0.39016318612347367,0.7293609373607408,1035
4679,0.7921686746987951,0.6816408876933423,0.3076923076923077,0.9483532934131736,0.39016318612347367,0.7369047811960687,1052
4680,0.7831325301204819,0.6800268997982515,0.3041825095057034,0.9461077844311377,0.39016318612347367,0.7315797149593667,1040
4681,0.7801204819277109,0.6794889038332212,0.30301257677683535,0.9453592814371258,0.39016318612347367,0.729804692880466,1036
4682,0.7838855421686747,0.6801613987895091,0.30447499268792044,0.9462949101796407,0.39016318612347367,0.7320234704790919,1041
4683,0.7846385542168675,0.6802958977807666,0.30476747587013747,0.9464820359281437,0.39016318612347367,0.732467225998817,1042
4684,0.786144578313253,0.6805648957632818,0.30535244223457153,0.9468562874251497,0.39016318612347367,0.7333547370382674,1044
4685,0.7778614457831325,0.6790854068594485,0.30213512723018426,0.9447979041916168,0.39016318612347367,0.7284734263212905,1033
4686,0.7831325301204819,0.6800268997982515,0.3041825095057034,0.9461077844311377,0.39016318612347367,0.7315797149593667,1040
4687,0.7801204819277109,0.6794889038332212,0.30301257677683535,0.9453592814371258,0.39016318612347367,0.729804692880466,1036
4688,0.7831325301204819,0.6800268997982515,0.3041825095057034,0.9461077844311377,0.39016318612347367,0.7315797149593667,1040
4689,0.7868975903614458,0.6806993947545393,0.30564492541678856,0.9470434131736527,0.39016318612347367,0.7337984925579926,1045
4690,0.7808734939759037,0.6796234028244789,0.3033050599590524,0.9455464071856288,0.39016318612347367,0.7302484484001912,1037
4691,0.7831325301204819,0.6800268997982515,0.3041825095057034,0.9461077844311377,0.39016318612347367,0.7315797149593667,1040
4692,0.7838855421686747,0.6801613987895091,0.30447499268792044,0.9462949101796407,0.39016318612347367,0.7320234704790919,1041
4693,0.7823795180722891,0.679892400806994,0.3038900263234864,0.9459206586826348,0.39016318612347367,0.7311359594396416,1039
4694,0.7823795180722891,0.679892400806994,0.3038900263234864,0.9459206586826348,0.39016318612347367,0.7311359594396416,1039
4695,0.7816265060240963,0.6797579018157364,0.30359754314126935,0.9457335329341318,0.39016318612347367,0.7306922039199164,1038
4696,0.786144578313253,0.6805648957632818,0.30535244223457153,0.9468562874251497,0.39016318612347367,0.7333547370382674,1044
4697,0.7823795180722891,0.679892400806994,0.3038900263234864,0.9459206586826348,0.39016318612347367,0.7311359594396416,1039
4698,0.7801204819277109,0.6794889038332212,0.30301257677683535,0.9453592814371258,0.39016318612347367,0.729804692880466,1036
4699,0.7853915662650602,0.6804303967720242,0.3050599590523545,0.9466691616766467,0.39016318612347367,0.7329109815185422,1043
4700,0.7816265060240963,0.6797579018157364,0.30359754314126935,0.9457335329341318,0.39016318612347367,0.7306922039199164,1038
4701,0.7868975903614458,0.6806993947545393,0.30564492541678856,0.9470434131736527,0.39016318612347367,0.7337984925579926,1045
4702,0.7891566265060241,0.6811028917283121,0.3065223749634396,0.9476047904191617,0.39016318612347367,0.7351297591171682,1048
4703,0.7808734939759037,0.6796234028244789,0.3033050599590524,0.9455464071856288,0.39016318612347367,0.7302484484001912,1037
4704,0.7786144578313253,0.6792199058507061,0.3024276104124013,0.9449850299401198,0.39016318612347367,0.7289171818410157,1034
4705,0.7868975903614458,0.6806993947545393,0.30564492541678856,0.9470434131736527,0.39016318612347367,0.7337984925579926,1045
4706,0.7846385542168675,0.6802958977807666,0.30476747587013747,0.9464820359281437,0.39016318612347367,0.732467225998817,1042
4707,0.7853915662650602,0.6804303967720242,0.3050599590523545,0.9466691616766467,0.39016318612347367,0.7329109815185422,1043
4708,0.7853915662650602,0.6804303967720242,0.3050599590523545,0.9466691616766467,0.39016318612347367,0.7329109815185422,1043
4709,0.7838855421686747,0.6801613987895091,0.30447499268792044,0.9462949101796407,0.39016318612347367,0.7320234704790919,1041
4710,0.7838855421686747,0.6801613987895091,0.30447499268792044,0.9462949101796407,0.39016318612347367,0.7320234704790919,1041
4711,0.7801204819277109,0.6794889038332212,0.30301257677683535,0.9453592814371258,0.39016318612347367,0.729804692880466,1036
4712,0.7853915662650602,0.6804303967720242,0.3050599590523545,0.9466691616766467,0.39016318612347367,0.7329109815185422,1043
4713,0.7831325301204819,0.6800268997982515,0.3041825095057034,0.9461077844311377,0.39016318612347367,0.7315797149593667,1040
4714,0.7921686746987951,0.6816408876933423,0.3076923076923077,0.9483532934131736,0.39016318612347367,0.7369047811960687,1052
4715,0.7823795180722891,0.679892400806994,0.3038900263234864,0.9459206586826348,0.39016318612347367,0.7311359594396416,1039
4716,0.7838855421686747,0.6801613987895091,0.30447499268792044,0.9462949101796407,0.39016318612347367,0.7320234704790919,1041
4717,0.7823795180722891,0.679892400806994,0.3038900263234864,0.9459206586826348,0.39016318612347367,0.7311359594396416,1039
4718,0.7853915662650602,0.6804303967720242,0.3050599590523545,0.9466691616766467,0.39016318612347367,0.7329109815185422,1043
4719,0.7891566265060241,0.6811028917283121,0.3065223749634396,0.9476047904191617,0.39016318612347367,0.7351297591171682,1048
4720,0.786144578313253,0.6805648957632818,0.30535244223457153,0.9468562874251497,0.39016318612347367,0.7333547370382674,1044
4721,0.7868975903614458,0.6806993947545393,0.30564492541678856,0.9470434131736527,0.39016318612347367,0.7337984925579926,1045
4722,0.7868975903614458,0.6806993947545393,0.30564492541678856,0.9470434131736527,0.39016318612347367,0.7337984925579926,1045
4723,0.7801204819277109,0.6794889038332212,0.30301257677683535,0.9453592814371258,0.39016318612347367,0.729804692880466,1036
4724,0.7771084337349398,0.678950907868191,0.30184264404796723,0.9446107784431138,0.39016318612347367,0.7280296708015654,1032
4725,0.7786144578313253,0.6792199058507061,0.3024276104124013,0.9449850299401198,0.39016318612347367,0.7289171818410157,1034
4726,0.7868975903614458,0.6806993947545393,0.30564492541678856,0.9470434131736527,0.39016318612347367,0.7337984925579926,1045
4727,0.786144578313253,0.6805648957632818,0.30535244223457153,0.9468562874251497,0.39016318612347367,0.7333547370382674,1044
4728,0.7823795180722891,0.679892400806994,0.3038900263234864,0.9459206586826348,0.39016318612347367,0.7311359594396416,1039
4729,0.7899096385542169,0.6812373907195696,0.3068148581456566,0.9477919161676647,0.39016318612347367,0.7355735146368932,1049
4730,0.7921686746987951,0.6816408876933423,0.3076923076923077,0.9483532934131736,0.39016318612347367,0.7369047811960687,1052
4731,0.786144578313253,0.6805648957632818,0.30535244223457153,0.9468562874251497,0.39016318612347367,0.7333547370382674,1044
4732,0.7921686746987951,0.6816408876933423,0.3076923076923077,0.9483532934131736,0.39016318612347367,0.7369047811960687,1052
4733,0.7846385542168675,0.6802958977807666,0.30476747587013747,0.9464820359281437,0.39016318612347367,0.732467225998817,1042
4734,0.7899096385542169,0.6812373907195696,0.3068148581456566,0.9477919161676647,0.39016318612347367,0.7355735146368932,1049
4735,0.7868975903614458,0.6806993947545393,0.30564492541678856,0.9470434131736527,0.39016318612347367,0.7337984925579926,1045
4736,0.7868975903614458,0.6806993947545393,0.30564492541678856,0.9470434131736527,0.39016318612347367,0.7337984925579926,1045
4737,0.7846385542168675,0.6802958977807666,0.30476747587013747,0.9464820359281437,0.39016318612347367,0.732467225998817,1042
4738,0.7884036144578314,0.6809683927370545,0.30622989178122256,0.9474176646706587,0.39016318612347367,0.734686003597443,1047
4739,0.7884036144578314,0.6809683927370545,0.30622989178122256,0.9474176646706587,0.39016318612347367,0.734686003597443,1047
4740,0.7808734939759037,0.6796234028244789,0.3033050599590524,0.9455464071856288,0.39016318612347367,0.7302484484001912,1037
4741,0.7876506024096386,0.680833893745797,0.30593740859900553,0.9472305389221557,0.39016318612347367,0.7342422480777178,1046
4742,0.786144578313253,0.6805648957632818,0.30535244223457153,0.9468562874251497,0.39016318612347367,0.7333547370382674,1044
4743,0.7891566265060241,0.6811028917283121,0.3065223749634396,0.9476047904191617,0.39016318612347367,0.7351297591171682,1048
4744,0.7876506024096386,0.680833893745797,0.30593740859900553,0.9472305389221557,0.39016318612347367,0.7342422480777178,1046
4745,0.7876506024096386,0.680833893745797,0.30593740859900553,0.9472305389221557,0.39016318612347367,0.7342422480777178,1046
4746,0.7786144578313253,0.6792199058507061,0.3024276104124013,0.9449850299401198,0.39016318612347367,0.7289171818410157,1034
4747,0.7853915662650602,0.6804303967720242,0.3050599590523545,0.9466691616766467,0.39016318612347367,0.7329109815185422,1043
4748,0.7838855421686747,0.6801613987895091,0.30447499268792044,0.9462949101796407,0.39016318612347367,0.7320234704790919,1041
4749,0.7853915662650602,0.6804303967720242,0.3050599590523545,0.9466691616766467,0.39016318612347367,0.7329109815185422,1043
4750,0.7838855421686747,0.6801613987895091,0.30447499268792044,0.9462949101796407,0.39016318612347367,0.7320234704790919,1041
4751,0.7816265060240963,0.6797579018157364,0.30359754314126935,0.9457335329341318,0.39016318612347367,0.7306922039199164,1038
4752,0.7914156626506024,0.6815063887020847,0.3073998245100907,0.9481661676646707,0.39016318612347367,0.7364610256763435,1051
4753,0.7884036144578314,0.6809683927370545,0.30622989178122256,0.9474176646706587,0.39016318612347367,0.734686003597443,1047
4754,0.7823795180722891,0.679892400806994,0.3038900263234864,0.9459206586826348,0.39016318612347367,0.7311359594396416,1039
4755,0.7793674698795181,0.6793544048419636,0.3027200935946183,0.9451721556886228,0.39016318612347367,0.7293609373607408,1035
4756,0.786144578313253,0.6805648957632818,0.30535244223457153,0.9468562874251497,0.39016318612347367,0.7333547370382674,1044
4757,0.7884036144578314,0.6809683927370545,0.30622989178122256,0.9474176646706587,0.39016318612347367,0.734686003597443,1047
4758,0.7808734939759037,0.6796234028244789,0.3033050599590524,0.9455464071856288,0.39016318612347367,0.7302484484001912,1037
4759,0.7876506024096386,0.680833893745797,0.30593740859900553,0.9472305389221557,0.39016318612347367,0.7342422480777178,1046
4760,0.7838855421686747,0.6801613987895091,0.30447499268792044,0.9462949101796407,0.39016318612347367,0.7320234704790919,1041
4761,0.7823795180722891,0.679892400806994,0.3038900263234864,0.9459206586826348,0.39016318612347367,0.7311359594396416,1039
4762,0.7838855421686747,0.6801613987895091,0.30447499268792044,0.9462949101796407,0.39016318612347367,0.7320234704790919,1041
4763,0.7868975903614458,0.6806993947545393,0.30564492541678856,0.9470434131736527,0.39016318612347367,0.7337984925579926,1045
4764,0.7876506024096386,0.680833893745797,0.30593740859900553,0.9472305389221557,0.39016318612347367,0.7342422480777178,1046
4765,0.7816265060240963,0.6797579018157364,0.30359754314126935,0.9457335329341318,0.39016318612347367,0.7306922039199164,1038
4766,0.786144578313253,0.6805648957632818,0.30535244223457153,0.9468562874251497,0.39016318612347367,0.7333547370382674,1044
4767,0.7808734939759037,0.6796234028244789,0.3033050599590524,0.9455464071856288,0.39016318612347367,0.7302484484001912,1037
4768,0.7771084337349398,0.678950907868191,0.30184264404796723,0.9446107784431138,0.39016318612347367,0.7280296708015654,1032
4769,0.7808734939759037,0.6796234028244789,0.3033050599590524,0.9455464071856288,0.39016318612347367,0.7302484484001912,1037
4770,0.7884036144578314,0.6809683927370545,0.30622989178122256,0.9474176646706587,0.39016318612347367,0.734686003597443,1047
4771,0.7899096385542169,0.6812373907195696,0.3068148581456566,0.9477919161676647,0.39016318612347367,0.7355735146368932,1049
4772,0.7868975903614458,0.6806993947545393,0.30564492541678856,0.9470434131736527,0.39016318612347367,0.7337984925579926,1045
4773,0.7786144578313253,0.6792199058507061,0.3024276104124013,0.9449850299401198,0.39016318612347367,0.7289171818410157,1034
4774,0.7853915662650602,0.6804303967720242,0.3050599590523545,0.9466691616766467,0.39016318612347367,0.7329109815185422,1043
4775,0.7891566265060241,0.6811028917283121,0.3065223749634396,0.9476047904191617,0.39016318612347367,0.7351297591171682,1048
4776,0.7808734939759037,0.6796234028244789,0.3033050599590524,0.9455464071856288,0.39016318612347367,0.7302484484001912,1037
4777,0.7831325301204819,0.6800268997982515,0.3041825095057034,0.9461077844311377,0.39016318612347367,0.7315797149593667,1040
4778,0.786144578313253,0.6805648957632818,0.30535244223457153,0.9468562874251497,0.39016318612347367,0.7333547370382674,1044
4779,0.7771084337349398,0.678950907868191,0.30184264404796723,0.9446107784431138,0.39016318612347367,0.7280296708015654,1032
4780,0.7801204819277109,0.6794889038332212,0.30301257677683535,0.9453592814371258,0.39016318612347367,0.729804692880466,1036
4781,0.7823795180722891,0.679892400806994,0.3038900263234864,0.9459206586826348,0.39016318612347367,0.7311359594396416,1039
4782,0.7808734939759037,0.6796234028244789,0.3033050599590524,0.9455464071856288,0.39016318612347367,0.7302484484001912,1037
4783,0.7808734939759037,0.6796234028244789,0.3033050599590524,0.9455464071856288,0.39016318612347367,0.7302484484001912,1037
4784,0.7786144578313253,0.6792199058507061,0.3024276104124013,0.9449850299401198,0.39016318612347367,0.7289171818410157,1034
4785,0.7884036144578314,0.6809683927370545,0.30622989178122256,0.9474176646706587,0.39016318612347367,0.734686003597443,1047
4786,0.7853915662650602,0.6804303967720242,0.3050599590523545,0.9466691616766467,0.39016318612347367,0.7329109815185422,1043
4787,0.7884036144578314,0.6809683927370545,0.30622989178122256,0.9474176646706587,0.39016318612347367,0.734686003597443,1047
4788,0.7838855421686747,0.6801613987895091,0.30447499268792044,0.9462949101796407,0.39016318612347367,0.7320234704790919,1041
4789,0.7884036144578314,0.6809683927370545,0.30622989178122256,0.9474176646706587,0.39016318612347367,0.734686003597443,1047
4790,0.7778614457831325,0.6790854068594485,0.30213512723018426,0.9447979041916168,0.39016318612347367,0.7284734263212905,1033
4791,0.7876506024096386,0.680833893745797,0.30593740859900553,0.9472305389221557,0.39016318612347367,0.7342422480777178,1046
4792,0.7853915662650602,0.6804303967720242,0.3050599590523545,0.9466691616766467,0.39016318612347367,0.7329109815185422,1043
4793,0.7808734939759037,0.6796234028244789,0.3033050599590524,0.9455464071856288,0.39016318612347367,0.7302484484001912,1037
4794,0.7884036144578314,0.6809683927370545,0.30622989178122256,0.9474176646706587,0.39016318612347367,0.734686003597443,1047
4795,0.7771084337349398,0.678950907868191,0.30184264404796723,0.9446107784431138,0.39016318612347367,0.7280296708015654,1032
4796,0.7816265060240963,0.6797579018157364,0.30359754314126935,0.9457335329341318,0.39016318612347367,0.7306922039199164,1038
4797,0.7838855421686747,0.6801613987895091,0.30447499268792044,0.9462949101796407,0.39016318612347367,0.7320234704790919,1041
4798,0.786144578313253,0.6805648957632818,0.30535244223457153,0.9468562874251497,0.39016318612347367,0.7333547370382674,1044
4799,0.7884036144578314,0.6809683927370545,0.30622989178122256,0.9474176646706587,0.39016318612347367,0.734686003597443,1047
4800,0.7853915662650602,0.6804303967720242,0.3050599590523545,0.9466691616766467,0.39016318612347367,0.7329109815185422,1043
4801,0.7831325301204819,0.6800268997982515,0.3041825095057034,0.9461077844311377,0.39016318612347367,0.7315797149593667,1040
4802,0.7823795180722891,0.679892400806994,0.3038900263234864,0.9459206586826348,0.39016318612347367,0.7311359594396416,1039
4803,0.7793674698795181,0.6793544048419636,0.3027200935946183,0.9451721556886228,0.39016318612347367,0.7293609373607408,1035
4804,0.7846385542168675,0.6802958977807666,0.30476747587013747,0.9464820359281437,0.39016318612347367,0.732467225998817,1042
4805,0.7876506024096386,0.680833893745797,0.30593740859900553,0.9472305389221557,0.39016318612347367,0.7342422480777178,1046
4806,0.7838855421686747,0.6801613987895091,0.30447499268792044,0.9462949101796407,0.39016318612347367,0.7320234704790919,1041
4807,0.7823795180722891,0.679892400806994,0.3038900263234864,0.9459206586826348,0.39016318612347367,0.7311359594396416,1039
4808,0.7846385542168675,0.6802958977807666,0.30476747587013747,0.9464820359281437,0.39016318612347367,0.732467225998817,1042
4809,0.7816265060240963,0.6797579018157364,0.30359754314126935,0.9457335329341318,0.39016318612347367,0.7306922039199164,1038
4810,0.7838855421686747,0.6801613987895091,0.30447499268792044,0.9462949101796407,0.39016318612347367,0.7320234704790919,1041
4811,0.7876506024096386,0.680833893745797,0.30593740859900553,0.9472305389221557,0.39016318612347367,0.7342422480777178,1046
4812,0.7786144578313253,0.6792199058507061,0.3024276104124013,0.9449850299401198,0.39016318612347367,0.7289171818410157,1034
4813,0.7816265060240963,0.6797579018157364,0.30359754314126935,0.9457335329341318,0.39016318612347367,0.7306922039199164,1038
4814,0.7846385542168675,0.6802958977807666,0.30476747587013747,0.9464820359281437,0.39016318612347367,0.732467225998817,1042
4815,0.7823795180722891,0.679892400806994,0.3038900263234864,0.9459206586826348,0.39016318612347367,0.7311359594396416,1039
4816,0.7778614457831325,0.6790854068594485,0.30213512723018426,0.9447979041916168,0.39016318612347367,0.7284734263212905,1033
4817,0.7921686746987951,0.6816408876933423,0.3076923076923077,0.9483532934131736,0.39016318612347367,0.7369047811960687,1052
4818,0.7853915662650602,0.6804303967720242,0.3050599590523545,0.9466691616766467,0.39016318612347367,0.7329109815185422,1043
4819,0.7891566265060241,0.6811028917283121,0.3065223749634396,0.9476047904191617,0.39016318612347367,0.7351297591171682,1048
4820,0.7868975903614458,0.6806993947545393,0.30564492541678856,0.9470434131736527,0.39016318612347367,0.7337984925579926,1045
4821,0.7801204819277109,0.6794889038332212,0.30301257677683535,0.9453592814371258,0.39016318612347367,0.729804692880466,1036
4822,0.7906626506024096,0.6813718897108272,0.30710734132787365,0.9479790419161677,0.39016318612347367,0.7360172701566183,1050
4823,0.7906626506024096,0.6813718897108272,0.30710734132787365,0.9479790419161677,0.39016318612347367,0.7360172701566183,1050
4824,0.7868975903614458,0.6806993947545393,0.30564492541678856,0.9470434131736527,0.39016318612347367,0.7337984925579926,1045
4825,0.7868975903614458,0.6806993947545393,0.30564492541678856,0.9470434131736527,0.39016318612347367,0.7337984925579926,1045
4826,0.7891566265060241,0.6811028917283121,0.3065223749634396,0.9476047904191617,0.39016318612347367,0.7351297591171682,1048
4827,0.7786144578313253,0.6792199058507061,0.3024276104124013,0.9449850299401198,0.39016318612347367,0.7289171818410157,1034
4828,0.7808734939759037,0.6796234028244789,0.3033050599590524,0.9455464071856288,0.39016318612347367,0.7302484484001912,1037
4829,0.7868975903614458,0.6806993947545393,0.30564492541678856,0.9470434131736527,0.39016318612347367,0.7337984925579926,1045
4830,0.7778614457831325,0.6790854068594485,0.30213512723018426,0.9447979041916168,0.39016318612347367,0.7284734263212905,1033
4831,0.7906626506024096,0.6813718897108272,0.30710734132787365,0.9479790419161677,0.39016318612347367,0.7360172701566183,1050
4832,0.7838855421686747,0.6801613987895091,0.30447499268792044,0.9462949101796407,0.39016318612347367,0.7320234704790919,1041
4833,0.7838855421686747,0.6801613987895091,0.30447499268792044,0.9462949101796407,0.39016318612347367,0.7320234704790919,1041
4834,0.7823795180722891,0.679892400806994,0.3038900263234864,0.9459206586826348,0.39016318612347367,0.7311359594396416,1039
4835,0.7808734939759037,0.6796234028244789,0.3033050599590524,0.9455464071856288,0.39016318612347367,0.7302484484001912,1037
4836,0.7801204819277109,0.6794889038332212,0.30301257677683535,0.9453592814371258,0.39016318612347367,0.729804692880466,1036
4837,0.7801204819277109,0.6794889038332212,0.30301257677683535,0.9453592814371258,0.39016318612347367,0.729804692880466,1036
4838,0.7838855421686747,0.6801613987895091,0.30447499268792044,0.9462949101796407,0.39016318612347367,0.7320234704790919,1041
4839,0.7823795180722891,0.679892400806994,0.3038900263234864,0.9459206586826348,0.39016318612347367,0.7311359594396416,1039
4840,0.7816265060240963,0.6797579018157364,0.30359754314126935,0.9457335329341318,0.39016318612347367,0.7306922039199164,1038
4841,0.7816265060240963,0.6797579018157364,0.30359754314126935,0.9457335329341318,0.39016318612347367,0.7306922039199164,1038
4842,0.7876506024096386,0.680833893745797,0.30593740859900553,0.9472305389221557,0.39016318612347367,0.7342422480777178,1046
4843,0.7823795180722891,0.679892400806994,0.3038900263234864,0.9459206586826348,0.39016318612347367,0.7311359594396416,1039
4844,0.7831325301204819,0.6800268997982515,0.3041825095057034,0.9461077844311377,0.39016318612347367,0.7315797149593667,1040
4845,0.7831325301204819,0.6800268997982515,0.3041825095057034,0.9461077844311377,0.39016318612347367,0.7315797149593667,1040
4846,0.7914156626506024,0.6815063887020847,0.3073998245100907,0.9481661676646707,0.39016318612347367,0.7364610256763435,1051
4847,0.7868975903614458,0.6806993947545393,0.30564492541678856,0.9470434131736527,0.39016318612347367,0.7337984925579926,1045
4848,0.7876506024096386,0.680833893745797,0.30593740859900553,0.9472305389221557,0.39016318612347367,0.7342422480777178,1046
4849,0.7831325301204819,0.6800268997982515,0.3041825095057034,0.9461077844311377,0.39016318612347367,0.7315797149593667,1040
4850,0.7808734939759037,0.6796234028244789,0.3033050599590524,0.9455464071856288,0.39016318612347367,0.7302484484001912,1037
4851,0.7884036144578314,0.6809683927370545,0.30622989178122256,0.9474176646706587,0.39016318612347367,0.734686003597443,1047
4852,0.7838855421686747,0.6801613987895091,0.30447499268792044,0.9462949101796407,0.39016318612347367,0.7320234704790919,1041
4853,0.7876506024096386,0.680833893745797,0.30593740859900553,0.9472305389221557,0.39016318612347367,0.7342422480777178,1046
4854,0.786144578313253,0.6805648957632818,0.30535244223457153,0.9468562874251497,0.39016318612347367,0.7333547370382674,1044
4855,0.786144578313253,0.6805648957632818,0.30535244223457153,0.9468562874251497,0.39016318612347367,0.7333547370382674,1044
4856,0.7786144578313253,0.6792199058507061,0.3024276104124013,0.9449850299401198,0.39016318612347367,0.7289171818410157,1034
4857,0.7891566265060241,0.6811028917283121,0.3065223749634396,0.9476047904191617,0.39016318612347367,0.7351297591171682,1048
4858,0.7793674698795181,0.6793544048419636,0.3027200935946183,0.9451721556886228,0.39016318612347367,0.7293609373607408,1035
4859,0.7816265060240963,0.6797579018157364,0.30359754314126935,0.9457335329341318,0.39016318612347367,0.7306922039199164,1038
4860,0.7823795180722891,0.679892400806994,0.3038900263234864,0.9459206586826348,0.39016318612347367,0.7311359594396416,1039
4861,0.7838855421686747,0.6801613987895091,0.30447499268792044,0.9462949101796407,0.39016318612347367,0.7320234704790919,1041
4862,0.7831325301204819,0.6800268997982515,0.3041825095057034,0.9461077844311377,0.39016318612347367,0.7315797149593667,1040
4863,0.7899096385542169,0.6812373907195696,0.3068148581456566,0.9477919161676647,0.39016318612347367,0.7355735146368932,1049
4864,0.7868975903614458,0.6806993947545393,0.30564492541678856,0.9470434131736527,0.39016318612347367,0.7337984925579926,1045
4865,0.7868975903614458,0.6806993947545393,0.30564492541678856,0.9470434131736527,0.39016318612347367,0.7337984925579926,1045
4866,0.7929216867469879,0.6817753866845999,0.30798479087452474,0.9485404191616766,0.39016318612347367,0.7373485367157939,1053
4867,0.7778614457831325,0.6790854068594485,0.30213512723018426,0.9447979041916168,0.39016318612347367,0.7284734263212905,1033
4868,0.7816265060240963,0.6797579018157364,0.30359754314126935,0.9457335329341318,0.39016318612347367,0.7306922039199164,1038
4869,0.7793674698795181,0.6793544048419636,0.3027200935946183,0.9451721556886228,0.39016318612347367,0.7293609373607408,1035
4870,0.7831325301204819,0.6800268997982515,0.3041825095057034,0.9461077844311377,0.39016318612347367,0.7315797149593667,1040
4871,0.7808734939759037,0.6796234028244789,0.3033050599590524,0.9455464071856288,0.39016318612347367,0.7302484484001912,1037
4872,0.7778614457831325,0.6790854068594485,0.30213512723018426,0.9447979041916168,0.39016318612347367,0.7284734263212905,1033
4873,0.7808734939759037,0.6796234028244789,0.3033050599590524,0.9455464071856288,0.39016318612347367,0.7302484484001912,1037
4874,0.7838855421686747,0.6801613987895091,0.30447499268792044,0.9462949101796407,0.39016318612347367,0.7320234704790919,1041
4875,0.786144578313253,0.6805648957632818,0.30535244223457153,0.9468562874251497,0.39016318612347367,0.7333547370382674,1044
4876,0.7838855421686747,0.6801613987895091,0.30447499268792044,0.9462949101796407,0.39016318612347367,0.7320234704790919,1041
4877,0.7801204819277109,0.6794889038332212,0.30301257677683535,0.9453592814371258,0.39016318612347367,0.729804692880466,1036
4878,0.7793674698795181,0.6793544048419636,0.3027200935946183,0.9451721556886228,0.39016318612347367,0.7293609373607408,1035
4879,0.7831325301204819,0.6800268997982515,0.3041825095057034,0.9461077844311377,0.39016318612347367,0.7315797149593667,1040
4880,0.7823795180722891,0.679892400806994,0.3038900263234864,0.9459206586826348,0.39016318612347367,0.7311359594396416,1039
4881,0.7891566265060241,0.6811028917283121,0.3065223749634396,0.9476047904191617,0.39016318612347367,0.7351297591171682,1048
4882,0.7853915662650602,0.6804303967720242,0.3050599590523545,0.9466691616766467,0.39016318612347367,0.7329109815185422,1043
4883,0.7801204819277109,0.6794889038332212,0.30301257677683535,0.9453592814371258,0.39016318612347367,0.729804692880466,1036
4884,0.7838855421686747,0.6801613987895091,0.30447499268792044,0.9462949101796407,0.39016318612347367,0.7320234704790919,1041
4885,0.7831325301204819,0.6800268997982515,0.3041825095057034,0.9461077844311377,0.39016318612347367,0.7315797149593667,1040
4886,0.7816265060240963,0.6797579018157364,0.30359754314126935,0.9457335329341318,0.39016318612347367,0.7306922039199164,1038
4887,0.7793674698795181,0.6793544048419636,0.3027200935946183,0.9451721556886228,0.39016318612347367,0.7293609373607408,1035
4888,0.7831325301204819,0.6800268997982515,0.3041825095057034,0.9461077844311377,0.39016318612347367,0.7315797149593667,1040
4889,0.7831325301204819,0.6800268997982515,0.3041825095057034,0.9461077844311377,0.39016318612347367,0.7315797149593667,1040
4890,0.7823795180722891,0.679892400806994,0.3038900263234864,0.9459206586826348,0.39016318612347367,0.7311359594396416,1039
4891,0.7831325301204819,0.6800268997982515,0.3041825095057034,0.9461077844311377,0.39016318612347367,0.7315797149593667,1040
4892,0.7816265060240963,0.6797579018157364,0.30359754314126935,0.9457335329341318,0.39016318612347367,0.7306922039199164,1038
4893,0.7793674698795181,0.6793544048419636,0.3027200935946183,0.9451721556886228,0.39016318612347367,0.7293609373607408,1035
4894,0.7808734939759037,0.6796234028244789,0.3033050599590524,0.9455464071856288,0.39016318612347367,0.7302484484001912,1037
4895,0.7846385542168675,0.6802958977807666,0.30476747587013747,0.9464820359281437,0.39016318612347367,0.732467225998817,1042
4896,0.7808734939759037,0.6796234028244789,0.3033050599590524,0.9455464071856288,0.39016318612347367,0.7302484484001912,1037
4897,0.7816265060240963,0.6797579018157364,0.30359754314126935,0.9457335329341318,0.39016318612347367,0.7306922039199164,1038
4898,0.7801204819277109,0.6794889038332212,0.30301257677683535,0.9453592814371258,0.39016318612347367,0.729804692880466,1036
4899,0.7868975903614458,0.6806993947545393,0.30564492541678856,0.9470434131736527,0.39016318612347367,0.7337984925579926,1045
4900,0.786144578313253,0.6805648957632818,0.30535244223457153,0.9468562874251497,0.39016318612347367,0.7333547370382674,1044
4901,0.7816265060240963,0.6797579018157364,0.30359754314126935,0.9457335329341318,0.39016318612347367,0.7306922039199164,1038
4902,0.7793674698795181,0.6793544048419636,0.3027200935946183,0.9451721556886228,0.39016318612347367,0.7293609373607408,1035
4903,0.7831325301204819,0.6800268997982515,0.3041825095057034,0.9461077844311377,0.39016318612347367,0.7315797149593667,1040
4904,0.7808734939759037,0.6796234028244789,0.3033050599590524,0.9455464071856288,0.39016318612347367,0.7302484484001912,1037
4905,0.7853915662650602,0.6804303967720242,0.3050599590523545,0.9466691616766467,0.39016318612347367,0.7329109815185422,1043
4906,0.7823795180722891,0.679892400806994,0.3038900263234864,0.9459206586826348,0.39016318612347367,0.7311359594396416,1039
4907,0.7876506024096386,0.680833893745797,0.30593740859900553,0.9472305389221557,0.39016318612347367,0.7342422480777178,1046
4908,0.7793674698795181,0.6793544048419636,0.3027200935946183,0.9451721556886228,0.39016318612347367,0.7293609373607408,1035
4909,0.7846385542168675,0.6802958977807666,0.30476747587013747,0.9464820359281437,0.39016318612347367,0.732467225998817,1042
4910,0.7831325301204819,0.6800268997982515,0.3041825095057034,0.9461077844311377,0.39016318612347367,0.7315797149593667,1040
4911,0.7838855421686747,0.6801613987895091,0.30447499268792044,0.9462949101796407,0.39016318612347367,0.7320234704790919,1041
4912,0.7838855421686747,0.6801613987895091,0.30447499268792044,0.9462949101796407,0.39016318612347367,0.7320234704790919,1041
4913,0.7838855421686747,0.6801613987895091,0.30447499268792044,0.9462949101796407,0.39016318612347367,0.7320234704790919,1041
4914,0.7838855421686747,0.6801613987895091,0.30447499268792044,0.9462949101796407,0.39016318612347367,0.7320234704790919,1041
4915,0.786144578313253,0.6805648957632818,0.30535244223457153,0.9468562874251497,0.39016318612347367,0.7333547370382674,1044
4916,0.7786144578313253,0.6792199058507061,0.3024276104124013,0.9449850299401198,0.39016318612347367,0.7289171818410157,1034
4917,0.7846385542168675,0.6802958977807666,0.30476747587013747,0.9464820359281437,0.39016318612347367,0.732467225998817,1042
4918,0.7816265060240963,0.6797579018157364,0.30359754314126935,0.9457335329341318,0.39016318612347367,0.7306922039199164,1038
4919,0.786144578313253,0.6805648957632818,0.30535244223457153,0.9468562874251497,0.39016318612347367,0.7333547370382674,1044
4920,0.7786144578313253,0.6792199058507061,0.3024276104124013,0.9449850299401198,0.39016318612347367,0.7289171818410157,1034
4921,0.7831325301204819,0.6800268997982515,0.3041825095057034,0.9461077844311377,0.39016318612347367,0.7315797149593667,1040
4922,0.7801204819277109,0.6794889038332212,0.30301257677683535,0.9453592814371258,0.39016318612347367,0.729804692880466,1036
4923,0.7838855421686747,0.6801613987895091,0.30447499268792044,0.9462949101796407,0.39016318612347367,0.7320234704790919,1041
4924,0.7823795180722891,0.679892400806994,0.3038900263234864,0.9459206586826348,0.39016318612347367,0.7311359594396416,1039
4925,0.7838855421686747,0.6801613987895091,0.30447499268792044,0.9462949101796407,0.39016318612347367,0.7320234704790919,1041
4926,0.7838855421686747,0.6801613987895091,0.30447499268792044,0.9462949101796407,0.39016318612347367,0.7320234704790919,1041
4927,0.7876506024096386,0.680833893745797,0.30593740859900553,0.9472305389221557,0.39016318612347367,0.7342422480777178,1046
4928,0.7846385542168675,0.6802958977807666,0.30476747587013747,0.9464820359281437,0.39016318612347367,0.732467225998817,1042
4929,0.7853915662650602,0.6804303967720242,0.3050599590523545,0.9466691616766467,0.39016318612347367,0.7329109815185422,1043
4930,0.7831325301204819,0.6800268997982515,0.3041825095057034,0.9461077844311377,0.39016318612347367,0.7315797149593667,1040
4931,0.7831325301204819,0.6800268997982515,0.3041825095057034,0.9461077844311377,0.39016318612347367,0.7315797149593667,1040
4932,0.7876506024096386,0.680833893745797,0.30593740859900553,0.9472305389221557,0.39016318612347367,0.7342422480777178,1046
4933,0.7838855421686747,0.6801613987895091,0.30447499268792044,0.9462949101796407,0.39016318612347367,0.7320234704790919,1041
4934,0.7786144578313253,0.6792199058507061,0.3024276104124013,0.9449850299401198,0.39016318612347367,0.7289171818410157,1034
4935,0.7853915662650602,0.6804303967720242,0.3050599590523545,0.9466691616766467,0.39016318612347367,0.7329109815185422,1043
4936,0.7838855421686747,0.6801613987895091,0.30447499268792044,0.9462949101796407,0.39016318612347367,0.7320234704790919,1041
4937,0.7801204819277109,0.6794889038332212,0.30301257677683535,0.9453592814371258,0.39016318612347367,0.729804692880466,1036
4938,0.7838855421686747,0.6801613987895091,0.30447499268792044,0.9462949101796407,0.39016318612347367,0.7320234704790919,1041
4939,0.786144578313253,0.6805648957632818,0.30535244223457153,0.9468562874251497,0.39016318612347367,0.7333547370382674,1044
4940,0.7868975903614458,0.6806993947545393,0.30564492541678856,0.9470434131736527,0.39016318612347367,0.7337984925579926,1045
4941,0.7853915662650602,0.6804303967720242,0.3050599590523545,0.9466691616766467,0.39016318612347367,0.7329109815185422,1043
4942,0.7884036144578314,0.6809683927370545,0.30622989178122256,0.9474176646706587,0.39016318612347367,0.734686003597443,1047
4943,0.7838855421686747,0.6801613987895091,0.30447499268792044,0.9462949101796407,0.39016318612347367,0.7320234704790919,1041
4944,0.7778614457831325,0.6790854068594485,0.30213512723018426,0.9447979041916168,0.39016318612347367,0.7284734263212905,1033
4945,0.7816265060240963,0.6797579018157364,0.30359754314126935,0.9457335329341318,0.39016318612347367,0.7306922039199164,1038
4946,0.7778614457831325,0.6790854068594485,0.30213512723018426,0.9447979041916168,0.39016318612347367,0.7284734263212905,1033
4947,0.786144578313253,0.6805648957632818,0.30535244223457153,0.9468562874251497,0.39016318612347367,0.7333547370382674,1044
4948,0.7876506024096386,0.680833893745797,0.30593740859900553,0.9472305389221557,0.39016318612347367,0.7342422480777178,1046
4949,0.7876506024096386,0.680833893745797,0.30593740859900553,0.9472305389221557,0.39016318612347367,0.7342422480777178,1046
4950,0.7831325301204819,0.6800268997982515,0.3041825095057034,0.9461077844311377,0.39016318612347367,0.7315797149593667,1040
4951,0.7831325301204819,0.6800268997982515,0.3041825095057034,0.9461077844311377,0.39016318612347367,0.7315797149593667,1040
4952,0.7838855421686747,0.6801613987895091,0.30447499268792044,0.9462949101796407,0.39016318612347367,0.7320234704790919,1041
4953,0.7793674698795181,0.6793544048419636,0.3027200935946183,0.9451721556886228,0.39016318612347367,0.7293609373607408,1035
4954,0.7793674698795181,0.6793544048419636,0.3027200935946183,0.9451721556886228,0.39016318612347367,0.7293609373607408,1035
4955,0.7823795180722891,0.679892400806994,0.3038900263234864,0.9459206586826348,0.39016318612347367,0.7311359594396416,1039
4956,0.7801204819277109,0.6794889038332212,0.30301257677683535,0.9453592814371258,0.39016318612347367,0.729804692880466,1036
4957,0.7838855421686747,0.6801613987895091,0.30447499268792044,0.9462949101796407,0.39016318612347367,0.7320234704790919,1041
4958,0.7868975903614458,0.6806993947545393,0.30564492541678856,0.9470434131736527,0.39016318612347367,0.7337984925579926,1045
4959,0.7853915662650602,0.6804303967720242,0.3050599590523545,0.9466691616766467,0.39016318612347367,0.7329109815185422,1043
4960,0.7793674698795181,0.6793544048419636,0.3027200935946183,0.9451721556886228,0.39016318612347367,0.7293609373607408,1035
4961,0.7906626506024096,0.6813718897108272,0.30710734132787365,0.9479790419161677,0.39016318612347367,0.7360172701566183,1050
4962,0.7808734939759037,0.6796234028244789,0.3033050599590524,0.9455464071856288,0.39016318612347367,0.7302484484001912,1037
4963,0.7846385542168675,0.6802958977807666,0.30476747587013747,0.9464820359281437,0.39016318612347367,0.732467225998817,1042
4964,0.7868975903614458,0.6806993947545393,0.30564492541678856,0.9470434131736527,0.39016318612347367,0.7337984925579926,1045
4965,0.7838855421686747,0.6801613987895091,0.30447499268792044,0.9462949101796407,0.39016318612347367,0.7320234704790919,1041
4966,0.7846385542168675,0.6802958977807666,0.30476747587013747,0.9464820359281437,0.39016318612347367,0.732467225998817,1042
4967,0.7823795180722891,0.679892400806994,0.3038900263234864,0.9459206586826348,0.39016318612347367,0.7311359594396416,1039
4968,0.7808734939759037,0.6796234028244789,0.3033050599590524,0.9455464071856288,0.39016318612347367,0.7302484484001912,1037
4969,0.7793674698795181,0.6793544048419636,0.3027200935946183,0.9451721556886228,0.39016318612347367,0.7293609373607408,1035
4970,0.7838855421686747,0.6801613987895091,0.30447499268792044,0.9462949101796407,0.39016318612347367,0.7320234704790919,1041
4971,0.7808734939759037,0.6796234028244789,0.3033050599590524,0.9455464071856288,0.39016318612347367,0.7302484484001912,1037
4972,0.7816265060240963,0.6797579018157364,0.30359754314126935,0.9457335329341318,0.39016318612347367,0.7306922039199164,1038
4973,0.786144578313253,0.6805648957632818,0.30535244223457153,0.9468562874251497,0.39016318612347367,0.7333547370382674,1044
4974,0.7823795180722891,0.679892400806994,0.3038900263234864,0.9459206586826348,0.39016318612347367,0.7311359594396416,1039
4975,0.7808734939759037,0.6796234028244789,0.3033050599590524,0.9455464071856288,0.39016318612347367,0.7302484484001912,1037
4976,0.7831325301204819,0.6800268997982515,0.3041825095057034,0.9461077844311377,0.39016318612347367,0.7315797149593667,1040
4977,0.7778614457831325,0.6790854068594485,0.30213512723018426,0.9447979041916168,0.39016318612347367,0.7284734263212905,1033
4978,0.7846385542168675,0.6802958977807666,0.30476747587013747,0.9464820359281437,0.39016318612347367,0.732467225998817,1042
4979,0.7853915662650602,0.6804303967720242,0.3050599590523545,0.9466691616766467,0.39016318612347367,0.7329109815185422,1043
4980,0.7868975903614458,0.6806993947545393,0.30564492541678856,0.9470434131736527,0.39016318612347367,0.7337984925579926,1045
4981,0.7823795180722891,0.679892400806994,0.3038900263234864,0.9459206586826348,0.39016318612347367,0.7311359594396416,1039
4982,0.7786144578313253,0.6792199058507061,0.3024276104124013,0.9449850299401198,0.39016318612347367,0.7289171818410157,1034
4983,0.7838855421686747,0.6801613987895091,0.30447499268792044,0.9462949101796407,0.39016318612347367,0.7320234704790919,1041
4984,0.7823795180722891,0.679892400806994,0.3038900263234864,0.9459206586826348,0.39016318612347367,0.7311359594396416,1039
4985,0.7838855421686747,0.6801613987895091,0.30447499268792044,0.9462949101796407,0.39016318612347367,0.7320234704790919,1041
4986,0.7876506024096386,0.680833893745797,0.30593740859900553,0.9472305389221557,0.39016318612347367,0.7342422480777178,1046
4987,0.7876506024096386,0.680833893745797,0.30593740859900553,0.9472305389221557,0.39016318612347367,0.7342422480777178,1046
4988,0.7816265060240963,0.6797579018157364,0.30359754314126935,0.9457335329341318,0.39016318612347367,0.7306922039199164,1038
4989,0.786144578313253,0.6805648957632818,0.30535244223457153,0.9468562874251497,0.39016318612347367,0.7333547370382674,1044
4990,0.7793674698795181,0.6793544048419636,0.3027200935946183,0.9451721556886228,0.39016318612347367,0.7293609373607408,1035
4991,0.7921686746987951,0.6816408876933423,0.3076923076923077,0.9483532934131736,0.39016318612347367,0.7369047811960687,1052
4992,0.7853915662650602,0.6804303967720242,0.3050599590523545,0.9466691616766467,0.39016318612347367,0.7329109815185422,1043
4993,0.7846385542168675,0.6802958977807666,0.30476747587013747,0.9464820359281437,0.39016318612347367,0.732467225998817,1042
4994,0.7838855421686747,0.6801613987895091,0.30447499268792044,0.9462949101796407,0.39016318612347367,0.7320234704790919,1041
4995,0.7793674698795181,0.6793544048419636,0.3027200935946183,0.9451721556886228,0.39016318612347367,0.7293609373607408,1035
4996,0.786144578313253,0.6805648957632818,0.30535244223457153,0.9468562874251497,0.39016318612347367,0.7333547370382674,1044
4997,0.7853915662650602,0.6804303967720242,0.3050599590523545,0.9466691616766467,0.39016318612347367,0.7329109815185422,1043
4998,0.7816265060240963,0.6797579018157364,0.30359754314126935,0.9457335329341318,0.39016318612347367,0.7306922039199164,1038
4999,0.7899096385542169,0.6812373907195696,0.3068148581456566,0.9477919161676647,0.39016318612347367,0.7355735146368932,1049
5000,0.7846385542168675,0.6802958977807666,0.30476747587013747,0.9464820359281437,0.39016318612347367,0.732467225998817,1042
