trial,unsafe_selected,total_regret
1,750,41.569369236698755
2,751,41.971951819763454
3,720,40.195288796646786
4,717,40.282676394476056
5,765,42.37339320870261
6,703,39.30517524678429
7,748,41.56195345873179
8,741,40.69142354595931
9,749,41.51571314198369
10,738,41.1115892588275
11,746,42.38543836846784
12,765,42.30069296873819
13,749,41.99526727148999
14,745,41.77839118787372
15,734,41.10465573150173
16,732,40.87551974797766
17,743,41.7070146463326
18,737,40.97163132176547
19,742,41.50834047818884
20,740,41.22054931128936
21,723,40.440931966329735
22,740,41.62988276055752
23,739,40.78829036414206
24,738,41.53325483116381
25,742,41.31463655930111
26,760,42.847512705170175
27,739,41.34614174007023
28,736,40.81091927439282
29,734,40.51332760245966
30,726,40.56975465223088
31,736,41.82717216049365
32,777,43.4944290156421
33,751,41.81468352319195
34,765,42.55617935665209
35,735,40.409716479419295
36,729,41.10998038400882
37,758,42.00106486031049
38,726,40.86462284631049
39,743,41.81564164131239
40,749,41.82103651522922
41,717,39.64641937928767
42,757,41.705624726474625
43,725,40.506046899936905
44,747,41.3656751174239
45,725,39.98088462389719
46,749,41.93061134813153
47,734,41.56464218786296
48,722,39.837467175522434
49,749,41.63291641146249
50,740,41.12663702073914
51,740,41.970174310679205
52,749,40.86642091119593
53,749,41.9813242897587
54,752,42.05586790362238
55,740,41.27489743411424
56,748,41.026762098762056
57,762,42.89915307339278
58,733,41.03177257769632
59,745,41.05068896117149
60,733,40.40847081476409
61,733,40.64193683720075
62,771,42.854177424530754
63,751,41.68873496405141
64,729,40.93077013179312
65,738,41.37382086545033
66,751,42.21828597777678
67,744,41.88184848600965
68,748,41.72707655315858
69,744,41.225404780480766
70,740,41.6120336160984
71,739,41.79384234303849
72,720,39.81366059030023
73,731,40.56831464068568
74,740,41.697886748024466
75,735,41.040581569777366
76,739,41.505921672681424
77,725,40.6489288907562
78,727,41.27582521628504
79,747,41.46476019500193
80,746,41.16975325557734
81,748,42.066538033324484
82,747,40.553769310961954
83,734,41.6179957206247
84,740,41.902469354164054
85,743,40.89442459803075
86,769,43.400935657411964
87,720,40.13515870370659
88,750,41.510320847985234
89,749,42.11879538392937
90,716,41.17416872057453
91,778,43.68148306846352
92,720,40.74613742750658
93,732,40.082946314592974
94,745,41.85284634341868
95,736,41.1070982088527
96,746,41.749630710162776
97,720,39.91233716408754
98,748,41.95324604843135
99,727,41.6985747012999
100,755,41.581149666212006
101,731,41.01234893686859
102,762,43.53510787869212
103,748,41.48288235711388
104,716,40.17775179652617
105,735,40.85895376440164
106,724,40.49326591595774
107,777,43.48736574166857
108,755,42.15202317518066
109,752,41.748968502371866
110,759,42.46179949910217
111,753,41.905360033038264
112,757,42.30750272080161
113,732,41.00713940195077
114,749,42.05655634469669
115,751,41.52268029348333
116,730,40.11236433564323
117,746,41.523395375499376
118,743,41.64511743393981
119,736,40.96952273865396
120,739,41.3960910896122
121,761,42.886963574841715
122,739,41.03422542404518
123,745,41.47943906510583
124,772,42.32198162476994
125,732,40.81765408319411
126,752,42.11808547107862
127,737,41.19560435716726
128,767,43.222228325488196
129,746,41.17648474869686
130,746,42.04686568271581
131,751,42.28361727614823
132,738,41.26054915848236
133,772,43.56811172134537
134,732,41.174472347535165
135,747,42.36561724704512
136,743,41.98664693886704
137,732,40.7162262087748
138,716,40.2406931239562
139,749,41.87704199209659
140,766,42.08347561930134
141,730,40.47702303606866
142,731,41.20043053152719
143,734,40.67687948373533
144,755,42.994327431835636
145,734,41.42222260667577
146,713,40.088941627768776
147,746,42.12841892917655
148,753,41.93112216697416
149,727,40.2669908831001
150,734,41.23687629087282
151,726,40.88072516126832
152,741,41.35452579213674
153,753,41.99574767667096
154,739,41.45177915862336
155,746,41.81811914031069
156,737,41.26566219955132
157,768,42.98398157793232
158,745,41.095791029759454
159,745,41.25336030249245
160,747,41.745401048937616
161,755,42.89094939670643
162,746,41.171821969720625
163,740,40.74866049920832
164,756,43.14811466124064
165,745,41.90448190143122
166,719,41.38651787416122
167,747,42.41142940614358
168,732,40.10934596264865
169,756,42.46683417130679
170,739,41.473584161479565
171,734,40.96689359598537
172,742,41.622604842032416
173,752,41.353238949933974
174,722,41.444997930992876
175,734,40.61102101578096
176,756,41.467773362459766
177,751,41.75563247415875
178,717,39.98912335008025
179,745,41.729904405386705
180,739,41.5078235330297
181,740,41.73297098595801
182,750,41.89955246150735
183,737,41.09240598130874
184,737,41.36000546242695
185,749,41.97019262155538
186,750,41.626444887591894
187,755,42.125723250128225
188,762,42.442542681810345
189,750,42.28362184444052
190,704,38.74708106991605
191,745,41.97138075328334
192,725,40.18953639438564
193,704,39.06054265747266
194,750,42.09881120470179
195,766,43.333707712757736
196,752,42.19997648403176
197,753,42.27074034999683
198,723,40.07061564311199
199,744,41.497020240725824
200,740,40.86703534655267
201,754,42.206483768024164
202,752,42.47387963629222
203,759,42.36392728235445
204,738,41.057517040614094
205,756,42.29483059197572
206,753,41.97491604705668
207,727,40.4512567465818
208,765,42.11833974856889
209,729,40.66058963311094
210,734,40.842216982765024
211,746,40.89013017975111
212,741,41.2267934321413
213,727,40.82017342926783
214,721,41.03006986435998
215,744,41.65678249317629
216,752,42.30601945258797
217,747,42.09338189385522
218,752,42.151637341328666
219,761,42.52370632563549
220,744,41.43581895504692
221,740,41.5435490340647
222,741,41.17724347080527
223,745,41.47330429074009
224,737,41.00077374827422
225,736,41.07462867515047
226,728,40.527853541920464
227,758,42.48270587025041
228,722,40.07917587378132
229,751,41.96517608859696
230,731,40.98764867698504
231,733,41.044047406332616
232,739,42.052758973641446
233,747,41.0988199422439
234,746,41.974393600589345
235,744,41.637542824559574
236,741,41.73191816468775
237,761,41.967196978649284
238,766,43.14154375237972
239,753,42.13449635296557
240,746,41.55756149090958
241,720,40.401161841765216
242,763,42.45022525500681
243,761,43.08187536957303
244,757,42.03342843472553
245,726,40.17370381985945
246,721,40.426081394142855
247,725,41.0483012771237
248,741,42.01153300273976
249,743,41.455069524383944
250,753,42.57893962109643
251,761,42.32004335913014
252,741,41.33764547992964
253,764,43.15578769551924
254,767,43.02125810450909
255,752,41.89612612342467
256,738,40.7151716197864
257,745,41.72590313310919
258,744,41.189576719149116
259,748,42.35217988043056
260,732,41.32028211944618
261,739,41.107541388438065
262,733,40.65144230476891
263,702,39.462159468088466
264,769,43.607861187207945
265,724,40.8190086407737
266,733,40.355124716778356
267,751,42.80851155219244
268,719,40.1237167683303
269,743,40.81277402216436
270,763,42.336898649200506
271,746,41.10571253183644
272,740,41.64448556795218
273,763,42.3720284029512
274,757,41.7789877163231
275,739,41.50913551134972
276,733,41.51305755064393
277,734,41.507453126502696
278,736,40.936389533694076
279,725,41.14913132435082
280,777,43.50621172853123
281,748,42.69253959918315
282,747,41.79096910364599
283,752,42.631785114887215
284,760,41.99503191622324
285,761,43.19280186029893
286,739,40.21708203343592
287,747,42.57209424502434
288,714,39.51596540932477
289,742,41.36019883613366
290,747,41.579573002985775
291,733,40.3773359632855
292,733,40.95384947639931
293,743,42.04463428734886
294,757,42.21316295076559
295,727,40.665168353839164
296,754,42.459204858632106
297,749,40.79814479652161
298,713,39.8422190166962
299,748,41.884700420775914
300,749,41.746845443012596
301,753,41.32611816473565
302,748,42.29755275887728
303,738,41.717594968305775
304,734,41.093559254333755
305,781,43.34307249620949
306,733,40.53723453556544
307,744,41.99436312397576
308,757,42.30270983259935
309,738,40.950118719376334
310,706,39.68603202145411
311,738,40.78247776796309
312,735,41.02172069272379
313,740,41.86638834794313
314,745,41.59846774433676
315,711,39.68330778046902
316,763,43.191934236134244
317,757,43.298200577645765
318,758,42.337092365788294
319,730,41.23816970448647
320,753,42.82316020338132
321,747,43.11705224560813
322,728,40.69710360197491
323,744,42.11679189854143
324,757,42.05517256604678
325,743,40.73377659663119
326,743,41.60880727756233
327,768,43.61344162120447
328,763,42.52768052379366
329,755,41.18758269785481
330,715,39.72294912854936
331,744,42.42566961345814
332,737,40.68544023447891
333,736,40.599725339884024
334,747,42.496773196433324
335,744,41.483273753796375
336,756,42.03326209179106
337,710,39.99101568882208
338,744,41.42872761717881
339,750,41.95452803000944
340,749,41.51383921366917
341,760,42.8278677538943
342,746,42.22883785775945
343,772,42.77367811861387
344,742,41.07579601449467
345,742,41.46754032841793
346,740,41.421644915616746
347,736,41.45762652935712
348,742,41.83622443947517
349,755,43.36367818560398
350,756,43.05144868657867
351,740,41.59558691898837
352,743,41.791119018592596
353,756,41.988843737827104
354,731,40.77508890039661
355,763,42.93508711112951
356,756,43.30173934561557
357,758,41.83573583966103
358,738,41.07485434197975
359,748,41.0367036412953
360,739,41.58656649038691
361,743,41.22679839896485
362,757,41.66963749355511
363,741,42.169361599337634
364,730,40.160177338933224
365,732,41.70210932329734
366,745,41.999907023717086
367,726,40.64653473205475
368,727,40.00617132766923
369,744,41.3336446125454
370,747,41.95038701246388
371,725,40.491135107575055
372,735,41.48904393945251
373,764,42.75538781825148
374,736,41.283059427872786
375,739,41.23014333942006
376,779,43.62184086375246
377,763,42.68712602321475
378,735,40.71730808007814
379,757,42.666484391111034
380,736,41.63831978326056
381,744,41.547245386106134
382,755,42.03658972484878
383,751,41.955279698192136
384,772,43.432810328556535
385,738,41.19797912802968
386,758,42.365329970400985
387,732,40.05634695484312
388,745,41.83245484579119
389,733,40.74827837716011
390,739,40.833057695138834
391,740,41.128738556281775
392,746,41.43840187840312
393,752,42.43425984399923
394,752,41.63296421531615
395,751,41.97753219606286
396,707,38.930884044602536
397,760,42.29649497085911
398,732,40.81307395687848
399,735,41.072771913109555
400,713,40.24605953192655
401,733,40.91328927598612
402,739,41.49913007331423
403,741,41.4732336483442
404,732,41.24664616518037
405,727,41.150269598868206
406,721,39.997878193984235
407,728,40.44954429604477
408,753,42.837493310385156
409,735,40.55343092507216
410,761,42.93301501834371
411,751,41.66778319850449
412,741,40.65338784914883
413,743,41.41511416901582
414,725,39.84656902976437
415,752,41.873431741566925
416,761,42.86976894225472
417,733,40.7057438781274
418,730,40.90571700474648
419,737,40.15317425234279
420,734,41.34433239454599
421,720,39.86625966443235
422,757,42.16183293202416
423,748,41.773609928249506
424,746,41.96277932714289
425,730,40.40226140928298
426,728,40.950300617438735
427,758,42.41972331769727
428,738,41.17770231739379
429,742,41.48944062896128
430,758,42.449449524535986
431,734,42.030914082634574
432,755,42.20893440242551
433,759,43.003970220298754
434,722,39.87580651011183
435,711,39.212548013053365
436,736,40.70525185780955
437,730,40.683766148022265
438,743,41.76482078965509
439,748,41.962409260854336
440,737,40.61645492266126
441,766,42.53199518240928
442,761,42.49160284503023
443,734,41.08369493862926
444,772,43.81025777874173
445,734,40.95544842061083
446,733,40.70540440439126
447,735,40.63524042653487
448,747,41.75609878402426
449,762,42.376639293534524
450,735,41.263384525700424
451,734,40.76682102623697
452,741,41.445081071703015
453,745,42.19697082294587
454,747,41.62603297214259
455,736,40.86946689680351
456,773,44.146208589991616
457,734,41.022213595376044
458,747,40.89645894581005
459,757,42.15822164719924
460,748,41.693036076658494
461,751,41.837690500126534
462,756,42.70002873813368
463,707,38.493397359428535
464,770,42.91631705899431
465,761,43.07179669387396
466,756,41.91703109285632
467,771,43.27719627167988
468,744,41.61464225669339
469,751,42.23537704957685
470,751,42.22851858652857
471,712,39.803453188980804
472,729,40.74504182386852
473,734,41.34428871419013
474,723,40.34367718281689
475,772,42.671016334339356
476,740,42.10399498857589
477,744,42.45499035839675
478,730,40.999445298438985
479,743,41.07097376546401
480,732,41.407076983676376
481,754,42.52671538018841
482,731,40.1434824589805
483,725,40.538091517433855
484,750,41.67285950701043
485,730,40.07397097951755
486,758,42.07193220921042
487,741,41.26723459934441
488,727,40.26569543008061
489,746,41.234425010835444
490,751,42.519154805095845
491,725,41.14240694848251
492,751,41.725150649631466
493,742,41.84952498516922
494,757,42.51576791469624
495,773,42.682730413993745
496,733,41.48883981154003
497,752,42.28978937670764
498,734,41.380807363898526
499,729,40.81867467725771
500,763,42.54906775134074
501,740,41.371581723026
502,739,41.1473229813614
503,752,42.811714393624314
504,746,41.18296512648566
505,749,41.5718426731375
506,749,42.36240241399512
507,754,41.43808894376326
508,762,42.600973113056305
509,750,42.44479458107647
510,742,41.270038259327556
511,736,40.92170374083184
512,763,42.411660450514816
513,717,40.246958628852546
514,729,41.135043110731615
515,747,42.26011040275621
516,746,41.48501338890467
517,766,41.56809189184296
518,730,40.668085552623104
519,734,40.97160608189075
520,749,42.49388009133265
521,749,41.235209236356354
522,736,40.880794187310244
523,737,40.41156287755645
524,738,41.49813705947962
525,750,41.65637048985731
526,718,40.3582617374624
527,748,42.14266114166629
528,748,42.72876870130903
529,746,41.8361797059829
530,743,42.311699625992695
531,756,42.16321289247888
532,735,40.93387972702923
533,748,41.37254054797226
534,726,40.076119171022604
535,759,42.41143212615588
536,758,42.28044478100541
537,725,40.86918378569028
538,731,40.690273841009386
539,750,42.01416265474314
540,758,42.46114624538824
541,754,41.320747409068815
542,746,41.15063919519567
543,735,40.73332048141425
544,740,42.316338161521365
545,757,41.39304664790691
546,736,41.263894052336504
547,765,43.13116473278909
548,753,42.29159649771535
549,732,40.42269081505582
550,751,41.758279341337534
551,733,41.4960330538806
552,765,42.47849553482525
553,754,42.17989559716658
554,752,41.360730309353166
555,714,39.86343571985562
556,727,40.76418811752094
557,755,42.67598897807556
558,767,42.67513030602698
559,763,41.95091121292233
560,734,41.51249337278276
561,726,40.42838494834361
562,716,39.764957157077106
563,753,41.11388941379454
564,731,40.71155594369202
565,744,41.63848235015166
566,728,40.3274545378362
567,758,42.344360317243115
568,759,42.734205134325805
569,744,42.121534362356435
570,762,42.298857988403796
571,742,41.11440820334446
572,779,43.87146065324612
573,742,42.04612265199188
574,746,41.49190123365064
575,746,42.115915050657456
576,747,41.885246238446875
577,759,42.515746980263245
578,756,41.272680279360856
579,750,41.77423062169037
580,744,41.48172836259335
581,743,42.39905600713222
582,737,41.53955890768729
583,757,41.99195236833076
584,742,41.17620849265201
585,740,41.03509771745579
586,763,42.88517450721961
587,731,40.42709220345634
588,749,41.75854253658807
589,740,41.472803580655615
590,743,40.81170444146864
591,742,41.02252741209547
592,751,42.09594624413051
593,761,42.73929865319437
594,725,41.305912548318744
595,715,41.003849132922475
596,753,41.93275707127241
597,746,41.530617510737024
598,738,41.82321862584607
599,748,41.86232816296471
600,760,42.35448857363106
601,744,41.725336340367555
602,731,40.31093701403992
603,749,41.937078036925385
604,760,42.04908640163554
605,734,41.31862771166283
606,743,41.28903802320507
607,739,42.176886698720395
608,723,39.71321980835306
609,750,41.86906591533507
610,768,42.619236959339375
611,712,40.3975783730562
612,749,41.97597152625073
613,753,41.77208762108559
614,746,42.34655123880266
615,754,42.45353008182395
616,750,42.13412702444136
617,739,41.260710266676696
618,744,41.403826560766454
619,742,41.04954907827003
620,756,42.06814242705917
621,733,40.860601835150824
622,751,42.06154737466253
623,737,41.23841682508584
624,749,42.67890525028341
625,739,41.308921181954084
626,751,42.0050712219811
627,740,40.44400161211997
628,751,41.36622144369659
629,760,42.68734481211433
630,757,42.539651075903976
631,735,41.0878723673663
632,764,42.859105211804916
633,742,41.604434074476316
634,723,40.91603256198072
635,738,40.524564493154045
636,733,41.15417337204113
637,737,41.63395258566969
638,732,40.7006539376448
639,770,43.049323887591385
640,746,41.76922848373612
641,745,41.07432118720822
642,731,39.98975373242913
643,767,42.83713229308858
644,730,41.28760175346062
645,774,43.90549970498179
646,745,41.660539622735655
647,753,41.73477108901554
648,758,41.9450583384116
649,758,42.05022526103478
650,753,41.89739121182408
651,737,40.77246558017825
652,711,40.10367797509625
653,738,41.077545532905226
654,750,42.00557257633207
655,756,42.76178289112838
656,758,42.509656681938104
657,736,40.63310877850739
658,754,42.387243694388715
659,761,42.397393685846055
660,751,42.72538387638436
661,732,40.59299365407172
662,724,40.3130498385499
663,711,39.940197740240905
664,775,42.35483223401098
665,745,41.04792573367013
666,754,42.17643837197949
667,756,42.65846382758261
668,760,42.33119288084658
669,735,41.22276667414854
670,746,42.008029401010205
671,740,41.068221623617085
672,734,40.41102868360097
673,744,41.596512629193235
674,736,41.61053778890495
675,752,41.99020950924499
676,748,41.77550941202305
677,734,42.06954945003127
678,752,42.209073247967865
679,750,41.69522134151599
680,727,40.742992984363724
681,736,41.0051826307329
682,745,41.48030108310982
683,755,42.32859529521054
684,728,40.64837043146617
685,720,39.775137145048966
686,721,39.793093249682066
687,731,41.10084298992542
688,737,40.09799344074992
689,752,41.854822010169315
690,748,42.54921128425815
691,761,42.925453767201624
692,764,42.58057037488884
693,771,43.15666527263075
694,742,41.008589182527736
695,743,40.56294891058453
696,746,41.41175900541974
697,744,42.232944879916566
698,771,43.64035635544836
699,760,40.75727234898955
700,738,40.76019999075362
701,754,41.069908750476
702,748,41.47642989403558
703,749,41.90420853479891
704,746,41.99167006530231
705,719,40.81846114767578
706,749,42.74538607065278
707,766,42.64735977551791
708,752,41.90893902891182
709,760,42.843536603517286
710,768,42.940116812028315
711,731,40.25517618749003
712,765,43.30051844588547
713,751,43.45581801765278
714,756,42.3601316568375
715,759,42.54294483894867
716,742,42.01158324742359
717,728,40.6724781134553
718,701,39.12538380710972
719,745,42.58419460113219
720,742,41.87276029463663
721,754,41.73120196910611
722,709,40.06450312228616
723,734,40.75713480235583
724,757,41.72042406273652
725,751,41.58347351734423
726,721,39.34224766462156
727,742,40.862528622462015
728,731,40.68564844371518
729,756,42.38940928272933
730,747,41.497329476904284
731,743,42.01886640562859
732,747,41.927999584483096
733,726,40.1375256351465
734,739,41.19445339075805
735,733,40.66513137540935
736,740,40.43186142228941
737,733,40.137353979058005
738,745,41.73724418952496
739,769,43.091799040777985
740,765,43.12124973591445
741,741,41.34940516538602
742,752,41.276652310223874
743,732,40.54251423182946
744,747,41.49402475469194
745,730,40.74117134696815
746,740,41.51788050554246
747,723,40.522021041536675
748,748,41.40113478772065
749,722,39.90865993909377
750,736,41.86731273024321
751,738,40.859801440716545
752,738,41.26647412932229
753,708,39.35935853306885
754,744,42.196131314557974
755,759,42.10179106574216
756,733,41.019453245283025
757,720,39.71946401787928
758,745,41.61289578440008
759,738,41.083295925317806
760,743,41.50066683064331
761,747,41.2569691169838
762,734,41.09454736959981
763,732,40.63130049079892
764,737,41.37427725823179
765,747,40.57636841892977
766,747,41.73685969236938
767,743,41.15165912370797
768,761,42.923026169014285
769,756,42.65163968225393
770,743,40.81652772115497
771,729,40.31647193102463
772,746,41.665463464664974
773,744,41.4961990408947
774,731,41.020445559054586
775,737,41.03449671166554
776,744,41.89987018577703
777,724,40.329631191614034
778,740,40.85563787051813
779,751,42.38002254196286
780,748,41.95035685933075
781,754,42.122523814244374
782,757,41.982727324176835
783,752,42.245037617165195
784,753,42.156004138249585
785,764,42.874303270689985
786,730,41.12265324591874
787,745,42.437034506195765
788,736,41.273248469914606
789,727,41.0709303597479
790,755,42.69508123603792
791,737,41.28776288834769
792,741,40.97082020157523
793,744,41.608695584909164
794,737,41.66777871713978
795,753,42.66803319382518
796,732,41.613765567918634
797,738,40.81863106378274
798,752,41.9428413850392
799,736,41.551674909635715
800,739,40.29205822844358
801,762,43.014289583172825
802,734,40.0892675582146
803,741,41.637415449944896
804,728,40.52266454083922
805,749,41.53052493711376
806,758,41.88227527189834
807,756,42.46509139762096
808,748,41.78831370905952
809,747,42.22497644511067
810,744,41.71950922894557
811,733,41.50148559384697
812,765,42.967678120707255
813,765,42.808753552260164
814,738,41.593268181965826
815,752,42.24494329543149
816,760,41.77690025594985
817,748,41.81247177444124
818,738,41.9378804318486
819,762,43.30994644252618
820,734,41.42206803266318
821,755,42.73989986410977
822,727,39.994564219251615
823,744,41.963646641235705
824,737,42.0662974336364
825,738,40.359635143454014
826,716,40.425698275459936
827,742,41.70225010075289
828,730,40.37007140328348
829,745,42.270281412832105
830,747,40.993576763802366
831,737,41.84330226658768
832,757,42.39125866378742
833,749,42.02807458993854
834,753,41.92690397098824
835,741,41.345890587398664
836,738,39.886310717341956
837,752,42.089677505895786
838,723,40.79852620534661
839,723,40.448906752560156
840,743,41.93873945081644
841,732,41.586694081620415
842,755,42.11437361142241
843,737,41.15557373056039
844,756,41.81831273056913
845,742,42.043214935407086
846,731,40.156843478793846
847,727,40.32703484719239
848,748,41.89291521618043
849,716,39.72488706716394
850,717,40.286268642998586
851,739,40.91107901322459
852,753,41.110747800558535
853,727,39.61551993514787
854,741,41.47081803166447
855,769,41.94619738364928
856,733,41.15381017597572
857,741,41.717463739807286
858,743,41.92375775421822
859,730,40.413770796768894
860,741,41.220934194464604
861,739,41.22091731985542
862,746,42.27913595039018
863,742,41.83483246812115
864,755,42.74214875755061
865,743,41.7484630400299
866,751,42.162105465594585
867,743,42.04779281662804
868,718,39.687733575499195
869,755,41.831822883906
870,746,41.55836249341458
871,740,41.1281817711089
872,720,40.74473543574527
873,719,40.59764005436823
874,726,40.537561630532416
875,750,42.24616129020088
876,732,40.33464036921834
877,751,41.4536802836936
878,728,40.52310830868996
879,762,41.44036505118561
880,738,41.105868954176096
881,739,41.765719675101806
882,746,41.545381744208186
883,744,42.19904500832332
884,731,41.321443894601146
885,755,42.20447805760186
886,765,43.159321486318696
887,727,40.781271225837585
888,736,41.466715978080366
889,712,39.84074716347125
890,752,41.96076731596087
891,731,41.35608062630079
892,738,40.96837047110862
893,731,40.850644940251726
894,772,43.20250783703103
895,778,43.741919994074365
896,769,43.1638702880254
897,736,41.72742708403461
898,730,40.06038767305877
899,755,42.26561309871966
900,724,40.740090484619586
901,736,40.96552993489816
902,764,43.19865777666176
903,758,42.489591829480254
904,723,40.23637600624443
905,768,43.674145459583414
906,744,41.361488273127804
907,761,43.06746877022652
908,734,40.75833647699977
909,726,40.031164717975344
910,755,41.82530869152013
911,736,41.20040855878436
912,771,43.49252111339584
913,745,41.686650041258844
914,739,41.805675943259146
915,768,43.74709343058517
916,754,41.89906946370578
917,738,41.224188676445515
918,727,40.094369573121924
919,750,41.79549073012271
920,732,41.20715759393908
921,744,41.344180899012045
922,727,40.20824461685689
923,777,42.74205205885253
924,735,41.36513909435331
925,721,40.985939122086144
926,729,40.55753428014818
927,748,41.63391496451327
928,745,42.455231284297795
929,761,43.21416534194292
930,719,39.22501225455293
931,750,41.95336876958263
932,727,40.87669445450037
933,757,42.03770391335234
934,745,41.982229364409314
935,717,39.93397253238157
936,739,42.150378491512676
937,734,40.56211545627469
938,725,41.22239327870368
939,727,40.39130286981584
940,759,41.38698704709596
941,748,41.2964189020592
942,746,42.01702330814099
943,731,40.47570328111504
944,732,41.09370802803854
945,752,42.86609815954339
946,733,40.20417366061417
947,733,41.406854240406766
948,750,41.60229963179705
949,753,41.12811970109746
950,718,40.476953772228455
951,751,42.07447508526563
952,729,40.56015040179422
953,731,41.308245132913264
954,712,39.87675209427092
955,746,40.82021749879801
956,735,40.89822970477453
957,737,41.24401591200939
958,740,42.03546552620739
959,752,42.26513461423086
960,757,42.08155741258263
961,753,41.947854582573854
962,720,40.30417622636934
963,729,40.406904221583076
964,749,41.33919431199046
965,736,40.75518845607795
966,756,41.785705861836234
967,728,40.7557596371654
968,719,39.74878824516489
969,739,41.368169918283776
970,748,41.05927697707234
971,725,40.81359308360517
972,719,40.11412152349119
973,729,40.984540931670544
974,752,42.088906911046955
975,744,40.92471927853662
976,744,41.90409387626847
977,739,41.279976820915664
978,727,40.860326719472205
979,744,40.82721483954021
980,749,42.13535919792089
981,746,41.597493492504036
982,742,40.58403573858605
983,754,41.78409982790034
984,744,41.84816062393369
985,732,40.63828790941516
986,767,43.0996696239717
987,755,41.22677999252837
988,735,41.8649490677494
989,733,41.481813020906934
990,740,41.013643048072396
991,758,42.83755466303396
992,732,40.58780362992535
993,760,41.95401139703773
994,739,41.72849014897121
995,762,42.23251354364185
996,735,41.3570895456485
997,741,41.568897691702055
998,741,41.215657942645215
999,726,41.09924874651528
1000,752,41.53775765892806
1001,736,41.19532175909338
1002,747,41.357271534906445
1003,735,41.233214665638904
1004,732,40.98431640748373
1005,733,40.27663354478758
1006,765,43.62356975067381
1007,737,41.24565471779002
1008,738,40.510259801970776
1009,739,41.4474612781524
1010,738,41.04426714172923
1011,734,41.949883295174146
1012,739,41.310432757238125
1013,757,42.525243547074496
1014,740,40.678847752866375
1015,736,40.71969345351446
1016,746,41.11969837352652
1017,743,40.998887854010604
1018,734,40.207510697377145
1019,737,41.44589098923071
1020,723,39.94933843805283
1021,769,42.87848174246087
1022,732,40.5801506258137
1023,742,40.716556503701945
1024,757,42.57163097363295
1025,752,42.599045853471054
1026,743,42.06971050181906
1027,748,41.66474445516542
1028,762,42.18370792192032
1029,753,42.37471172144597
1030,725,40.93435405173152
1031,735,40.80331732711493
1032,736,40.85447843566892
1033,774,42.805621652357345
1034,717,40.17130244281292
1035,736,41.733756257368135
1036,743,41.99859302181394
1037,736,40.64925365147415
1038,742,41.922567702931175
1039,757,41.8464334803328
1040,739,40.97958773958677
1041,744,41.60654294052351
1042,750,42.33342718781128
1043,744,41.81378397321027
1044,741,41.008030159961514
1045,732,40.90163313762706
1046,761,42.73112619138524
1047,745,41.57888325264222
1048,735,40.75982330448395
1049,746,41.68243207978665
1050,745,41.94305851845261
1051,735,40.74362039354953
1052,764,42.33900592186637
1053,729,40.894750814742515
1054,732,40.869580994756845
1055,755,42.089021805816046
1056,756,42.580794274869554
1057,734,41.7850611291525
1058,729,40.44377257086728
1059,738,41.0308327723849
1060,738,40.77614023277658
1061,748,41.86466356706329
1062,761,42.18555147116508
1063,722,39.960232378401074
1064,749,41.94534049774677
1065,744,40.9738447848427
1066,740,41.39901478081223
1067,742,41.01337343753836
1068,742,42.07803365005384
1069,737,40.96243790787228
1070,732,41.0757173366345
1071,736,40.863445867449016
1072,759,42.40954277245416
1073,738,40.88182731069872
1074,771,43.23180371130386
1075,748,42.54139074590957
1076,732,40.61826061744168
1077,749,42.75030310783951
1078,750,41.336705415964694
1079,754,42.727734702134775
1080,752,42.44430691887824
1081,719,40.82204798251505
1082,723,40.643695421162235
1083,747,41.85953324445138
1084,744,42.144767401407044
1085,730,40.76187200815215
1086,760,42.87438208555876
1087,768,41.96513256384017
1088,757,42.025001269747015
1089,754,41.92639390526597
1090,738,41.31566066154158
1091,754,42.12883825957645
1092,745,41.595001843168696
1093,731,41.17417888646844
1094,717,39.475958618678895
1095,738,41.04380019797913
1096,723,40.13692742031244
1097,760,42.69861832497494
1098,758,42.56089243046559
1099,744,40.71067795453009
1100,757,42.44081702369303
1101,752,41.98285690444361
1102,724,41.13612528272838
1103,763,42.60952570277816
1104,753,41.462677985137454
1105,772,42.88331726854432
1106,714,39.632377503933355
1107,737,41.29510546178009
1108,737,41.632481928633595
1109,740,41.65328198878584
1110,780,44.07446445911714
1111,759,42.781228714676665
1112,745,41.75093539799124
1113,754,42.30299270598127
1114,740,41.677573068859516
1115,725,40.17428191043128
1116,742,41.435143340136094
1117,738,41.39169231639563
1118,730,39.802837289597974
1119,723,39.85448667197905
1120,739,41.250204163726956
1121,737,41.786768326165856
1122,727,41.353886311388
1123,755,42.58032000943432
1124,728,41.30184786113476
1125,736,41.512226345440524
1126,746,41.64896183131521
1127,741,41.55950789978856
1128,743,42.13560529729372
1129,749,41.760581500486644
1130,730,41.73027389848589
1131,739,41.395778960185375
1132,726,40.17700600332921
1133,740,42.13087246890245
1134,744,42.63557889032291
1135,746,41.95802871283162
1136,744,40.7979572253893
1137,725,40.93058662163571
1138,765,42.958304530597815
1139,737,40.46310156940377
1140,738,41.23977657332858
1141,732,41.46028510405278
1142,763,42.60926064732692
1143,749,41.760227246575155
1144,757,42.48311252554083
1145,742,41.24816162002656
1146,750,41.42619071909849
1147,761,43.41450115507337
1148,754,42.72004348170279
1149,728,40.494152477595556
1150,741,41.64139876647117
1151,726,40.58505994274589
1152,730,40.03712606955437
1153,735,41.75972702557492
1154,730,41.13128499605082
1155,742,41.90324517199088
1156,748,41.749913442219416
1157,765,42.04350377906414
1158,733,40.645426998662955
1159,754,42.230581176670384
1160,708,40.20705873147864
1161,753,42.1106969714961
1162,755,41.589764443167546
1163,750,42.58275971900007
1164,746,42.37575187354211
1165,740,40.924931623007325
1166,762,41.7921616386143
1167,741,41.8199490135589
1168,750,41.8384595567826
1169,738,41.41741378058281
1170,758,42.82199311606419
1171,720,40.27564059325084
1172,725,41.02481059357523
1173,731,41.46671879539404
1174,736,40.78437670244434
1175,727,41.11116258342539
1176,730,41.2821262129325
1177,724,40.520421365627705
1178,743,42.05667362119368
1179,765,43.117688599844115
1180,730,40.819636508100764
1181,729,41.39817216528849
1182,741,41.30846935769407
1183,776,43.225033941071445
1184,754,42.45269979237774
1185,756,42.726245662234795
1186,767,42.69864410291876
1187,736,40.54413175633061
1188,723,40.955154325624555
1189,722,40.080709187947896
1190,735,40.913837228888866
1191,734,41.027101769828164
1192,744,41.00260375444335
1193,763,42.57124729321016
1194,745,42.20379655736563
1195,746,40.80690247743734
1196,722,40.4836520984772
1197,735,41.136414808997635
1198,730,40.530809893454226
1199,742,41.99731003801488
1200,730,40.20463268112555
1201,748,41.32323270693687
1202,749,42.037592019520616
1203,762,42.71942509282263
1204,743,40.90362929807396
1205,749,41.701628539535555
1206,723,41.365857851547794
1207,750,42.027548190105556
1208,720,39.75002380204227
1209,732,41.19176307887798
1210,739,41.26249219480085
1211,743,41.68841592571597
1212,762,42.15894421531004
1213,719,39.93533215665588
1214,718,39.940882328955006
1215,761,42.43621839074504
1216,746,42.07956337712999
1217,757,42.633758938722615
1218,727,39.95186255433497
1219,711,39.7368050438054
1220,742,41.035625828514256
1221,748,42.05946209626931
1222,772,43.10131141672706
1223,743,41.5942186529064
1224,734,41.42777662036343
1225,774,42.90881726057772
1226,741,41.344297852937295
1227,752,42.07862286199491
1228,755,42.23054995860616
1229,732,40.64209660448298
1230,739,41.751451533949016
1231,747,40.85637566235901
1232,725,41.03504027417932
1233,732,41.01886230465599
1234,778,43.56715060306097
1235,729,41.17933565141567
1236,746,41.425763355976
1237,754,42.273460313781
1238,740,41.592424039711496
1239,778,43.35753177990424
1240,750,41.99419686306942
1241,770,42.66458923172387
1242,740,41.83556369193974
1243,764,42.129091383950424
1244,736,41.35312539265342
1245,742,40.86318638144225
1246,736,41.22023427969156
1247,739,41.03767660951601
1248,715,40.56022628491106
1249,763,42.453067043269954
1250,720,40.07849642063562
1251,737,41.08118166973559
1252,743,41.071576677281115
1253,724,40.19597657006641
1254,741,41.570724710974524
1255,740,41.08484804003963
1256,732,40.721340400123744
1257,740,41.21418781346508
1258,740,41.95121973946624
1259,743,41.88371188375798
1260,744,42.344280953204716
1261,740,41.9422460622808
1262,731,40.48084428067872
1263,750,41.5224648708273
1264,756,42.5834289522648
1265,744,41.02975963678907
1266,727,40.66850280466001
1267,744,41.340791863620346
1268,731,40.931114578346396
1269,758,42.680622417962965
1270,737,41.58690952553187
1271,746,41.66575430071585
1272,745,41.63859285921257
1273,755,41.92934752240725
1274,760,41.53669570656893
1275,750,41.497924834939006
1276,727,40.73030915338607
1277,754,42.344513436812306
1278,729,40.91412376477354
1279,732,41.04240315460799
1280,742,41.92723909010864
1281,725,39.71626834973454
1282,733,41.165840994015035
1283,733,40.66691055267169
1284,745,41.551076278410484
1285,776,43.679761727103646
1286,753,42.481819544864216
1287,728,40.625832455196765
1288,748,42.02359338730725
1289,748,41.69713240140598
1290,736,41.086757688234194
1291,721,39.8864075580532
1292,751,42.02233473422363
1293,742,42.15340613615707
1294,721,40.69773052904563
1295,755,42.11204774105641
1296,743,41.314275274640984
1297,745,41.39977217070067
1298,738,42.048727050028354
1299,738,41.470767416986185
1300,751,42.37505815964202
1301,752,41.55227756052145
1302,732,41.86733167416013
1303,722,40.677496762270955
1304,769,42.210554843742884
1305,735,40.777396424482916
1306,776,43.8252543154066
1307,752,41.61991325615497
1308,753,42.279392039939296
1309,766,44.100676591675246
1310,767,42.71085852609636
1311,725,40.5869781223156
1312,742,41.027434579991805
1313,751,41.557014392268385
1314,743,41.983025923473384
1315,724,39.68843096192221
1316,762,42.05268895415086
1317,731,40.18625948375954
1318,760,42.573881681814335
1319,747,41.809559613695065
1320,769,42.50795186320634
1321,748,41.8243940259906
1322,738,41.645822837740454
1323,718,39.6417013643003
1324,746,41.35162288416928
1325,745,41.477206612452456
1326,747,42.540054704755924
1327,726,40.745405084331495
1328,727,40.08281084930128
1329,738,40.78864027864415
1330,734,40.79963834490904
1331,739,41.6001282319135
1332,738,41.54498832388988
1333,757,42.23919287960207
1334,753,41.8722412965773
1335,737,40.91963187648319
1336,755,41.479605125788154
1337,762,41.94943655465273
1338,740,40.98769293449052
1339,766,42.673970551030834
1340,737,41.00272875296354
1341,749,42.06800918485079
1342,746,41.81685762736909
1343,727,40.01528466948242
1344,726,40.5272607999856
1345,746,41.677117141890385
1346,750,42.167969013726136
1347,699,39.88148249674775
1348,727,41.37044433567831
1349,734,41.05665016101774
1350,725,39.498054595594716
1351,744,41.350613661433414
1352,757,42.55885339751122
1353,757,42.55100060029596
1354,755,42.494366951801936
1355,734,40.58911165874536
1356,741,40.32758275961689
1357,765,43.07771060883472
1358,723,40.11562864999772
1359,742,41.26263179612891
1360,740,41.42512543492638
1361,745,41.12365207323424
1362,723,39.67000043960978
1363,744,42.404589193551146
1364,765,42.60200142836293
1365,746,42.180244018225245
1366,728,40.95956431323044
1367,715,39.42181360948346
1368,745,42.15382576052172
1369,725,39.773257943735366
1370,743,41.05129038133514
1371,729,41.02403097406151
1372,766,42.96313531276482
1373,720,40.091868593873734
1374,746,41.76277149762161
1375,769,43.095057211233396
1376,730,41.409433745567156
1377,735,41.20251372853541
1378,744,42.300934534977856
1379,733,40.7341491869337
1380,760,42.16413063929345
1381,729,40.71740095211186
1382,729,40.666313853995085
1383,756,42.18308571105078
1384,742,41.313141307781805
1385,752,41.75913409770635
1386,727,41.19626832887648
1387,757,42.60235047897449
1388,761,42.043173320003056
1389,740,41.1055441431747
1390,762,42.6406790259848
1391,744,42.08317675480298
1392,760,42.13899523437681
1393,729,40.16316830180115
1394,716,40.48474796228935
1395,744,41.72042091756952
1396,732,40.57009432838851
1397,760,42.32135947402329
1398,756,41.55872346884932
1399,746,40.991541436263745
1400,746,40.98410924481377
1401,773,43.36789708624626
1402,736,41.09354999423324
1403,754,42.216139634945776
1404,755,41.604131685434126
1405,762,42.99219352192471
1406,747,41.79823779411346
1407,744,41.09680317396338
1408,743,41.23763729767884
1409,746,41.69391493855
1410,742,41.75708296227822
1411,756,41.961145691094
1412,741,41.62951263544071
1413,753,42.50841955794929
1414,730,40.749949917892884
1415,744,41.86417193938295
1416,717,40.43290566941794
1417,747,42.13958096912161
1418,714,39.949757723572944
1419,739,41.09556529231453
1420,743,41.947056926547255
1421,756,41.86898617808001
1422,747,42.22448192358695
1423,768,42.95951302645149
1424,752,42.713250624840384
1425,743,41.56722635270736
1426,743,42.07550374537829
1427,726,41.21776706514761
1428,754,42.54534914721183
1429,730,41.203125278417055
1430,726,40.21323435189438
1431,735,41.59643594103253
1432,736,41.939027921333015
1433,742,41.206614435958244
1434,760,42.412363866449624
1435,731,40.694532933132905
1436,747,41.17183435698845
1437,757,40.817435160240244
1438,759,41.3190732013434
1439,747,41.64538222607147
1440,745,41.67127710909193
1441,730,41.02377594660777
1442,752,42.47113961978103
1443,750,41.73651549501004
1444,756,41.784565800601264
1445,726,39.96485049663882
1446,739,40.981473623500406
1447,726,39.87648645434941
1448,730,40.45547500052474
1449,776,44.00880889073079
1450,723,40.95662357026562
1451,706,39.452841363583424
1452,746,41.15423985858985
1453,768,43.24974568543551
1454,763,41.74099621101161
1455,724,40.43359046263882
1456,722,40.36990365767723
1457,750,42.18345012605523
1458,720,39.89184955200868
1459,757,42.79056917038777
1460,749,42.114032841433804
1461,767,43.35467684141481
1462,772,43.080328312703834
1463,716,39.78181738188228
1464,743,40.07433782574928
1465,743,41.51097646009272
1466,717,40.01611691653801
1467,731,41.748800178687546
1468,743,41.96430987066433
1469,727,40.20642958264502
1470,747,42.454411747212895
1471,767,42.64873867075628
1472,734,40.88966910229252
1473,760,42.140360984162456
1474,737,41.18489676580186
1475,742,40.8804351157556
1476,732,40.52533631855795
1477,750,41.12413892267102
1478,751,42.22522744627501
1479,775,43.51100306660281
1480,760,43.067974846048735
1481,722,40.54798462377028
1482,743,41.90693130216952
1483,713,38.77933543179308
1484,745,42.23006710537754
1485,739,41.034335163543524
1486,743,41.37212690212717
1487,753,41.44350459790091
1488,737,42.07077740466559
1489,749,41.747248014776574
1490,751,42.23337068385803
1491,757,42.9231248366826
1492,744,41.93196707061632
1493,727,40.21852300759695
1494,761,41.88571904468259
1495,733,40.883674041928955
1496,741,42.218678168379576
1497,754,42.72439953427538
1498,753,42.48041697849881
1499,766,42.33794651475365
1500,750,42.497633407821695
1501,757,42.46902912702323
1502,755,42.268457296731945
1503,751,41.69234070770436
1504,748,41.372503705949306
1505,728,40.83647564357303
1506,755,42.00014414732715
1507,769,43.070674575283675
1508,736,40.95650137266846
1509,752,41.975736248193115
1510,722,40.54603300207488
1511,744,41.29324777191166
1512,752,41.931243215791994
1513,765,42.97451044096652
1514,728,40.87401705445021
1515,734,41.42800409253532
1516,733,41.08953422015573
1517,745,40.92625433747419
1518,745,41.25576862199016
1519,728,40.12827842608947
1520,711,39.64051569615862
1521,745,41.3632341420364
1522,752,41.73254559152077
1523,741,41.81927958316861
1524,724,40.113661173754124
1525,721,40.5280213323
1526,736,41.80344428675692
1527,726,41.23500251464194
1528,756,42.35640236755594
1529,755,42.498028529507614
1530,751,42.09544619731661
1531,742,41.75410473914309
1532,719,40.799486483159654
1533,730,40.77347880543915
1534,735,41.06805387093584
1535,764,42.114502637775864
1536,760,42.434070523448874
1537,737,41.65066930523414
1538,739,41.57072856543502
1539,745,42.06038594116235
1540,760,42.25044390930935
1541,741,40.9199130523101
1542,731,40.73016048127329
1543,747,41.79449909351375
1544,761,42.19987233205189
1545,735,40.690785355492906
1546,758,42.29918216953085
1547,761,41.98067824057688
1548,737,41.69805412889932
1549,750,42.045056628820156
1550,783,43.67530591052831
1551,738,41.03719111416998
1552,749,41.897575762479086
1553,760,41.922113418927246
1554,728,40.00562293379844
1555,734,41.73030379962479
1556,746,41.90908924553444
1557,743,41.726599791116314
1558,750,42.01075426752806
1559,740,40.69298847399335
1560,747,41.99382100931081
1561,737,41.50523500924397
1562,754,42.74943241848894
1563,746,41.84950788874925
1564,743,41.36409782243006
1565,741,41.958854994006295
1566,728,40.876290017667024
1567,738,41.39116315100848
1568,751,42.561889428383765
1569,756,41.92809986081608
1570,741,41.73758522160554
1571,759,42.61509557700735
1572,733,41.596731896189674
1573,752,42.47756973695194
1574,745,41.757799618883105
1575,733,40.92380554597969
1576,737,40.15193681389393
1577,739,40.41538826240316
1578,747,42.40958087250605
1579,757,42.93000050156876
1580,729,40.25972733842549
1581,742,41.17198935772543
1582,739,41.08904848722514
1583,749,42.10255930959435
1584,730,40.588878966972274
1585,744,41.40652991256591
1586,738,41.07892297494057
1587,735,40.697371030439115
1588,728,40.99707656840827
1589,724,40.85467703534008
1590,755,41.632721414162674
1591,747,42.081627855501964
1592,723,41.16362718709284
1593,738,41.009612009515344
1594,734,40.83887892570332
1595,735,40.24946546308104
1596,734,40.635795374330876
1597,745,40.84782620975512
1598,733,41.164916248217224
1599,746,41.386415031146086
1600,737,41.67364616912147
1601,743,41.6596985869701
1602,758,41.71159674098446
1603,719,40.6186341390529
1604,757,42.27052080133771
1605,725,40.27751144956485
1606,741,41.30503361803164
1607,739,40.7981871424769
1608,758,42.28329963441927
1609,744,41.26823641725384
1610,765,42.38564070967197
1611,735,40.239337684131556
1612,751,42.17065220698324
1613,742,41.31907506945769
1614,710,40.67479498483649
1615,758,42.66307556336686
1616,758,42.39281507637411
1617,744,41.32858344967457
1618,742,41.74316720946991
1619,732,41.13071861494755
1620,753,41.966693583488784
1621,746,41.78081282985439
1622,755,42.53259295247042
1623,753,42.049852127249785
1624,739,40.99152621636965
1625,748,41.98478075398057
1626,753,42.90986992318393
1627,735,40.53980394044252
1628,720,40.72856242894974
1629,718,39.58389761825547
1630,748,42.29965498313223
1631,748,41.951118817543716
1632,720,39.83243302704091
1633,739,41.564998321096816
1634,740,41.19978580866379
1635,742,41.17753885940756
1636,737,40.28605063046767
1637,739,40.87183252121503
1638,718,39.77283446763819
1639,753,41.308628647523825
1640,740,41.11765550513254
1641,756,41.97114633468118
1642,739,40.773687987392634
1643,751,42.460951167500774
1644,736,41.10181817303333
1645,743,41.852359979737365
1646,713,39.71140234414934
1647,772,44.102834929037556
1648,747,41.90781890199267
1649,737,40.769510079613944
1650,738,41.341835692965184
1651,760,43.192684703570194
1652,732,40.59953292934727
1653,767,42.494885104975324
1654,757,42.05968228376575
1655,745,41.22598719724608
1656,736,41.143829474675975
1657,740,40.94975422396077
1658,731,41.64461309087211
1659,736,40.49168256957789
1660,746,42.4506417807035
1661,710,39.7671940706324
1662,745,41.01932448971138
1663,739,40.99495960189526
1664,742,41.27619597440689
1665,729,41.71632130240075
1666,744,41.92869417898999
1667,742,41.399706976253235
1668,726,40.54918161297315
1669,734,40.31347752070094
1670,763,42.50716859290251
1671,768,43.4283373822748
1672,733,41.487455396818014
1673,714,40.12902569673492
1674,731,40.68127400418367
1675,748,41.52991303199953
1676,726,40.5337286616869
1677,733,41.1955132384245
1678,769,42.653303783855804
1679,748,41.604708171916165
1680,738,41.03637588553091
1681,746,42.03618415752027
1682,742,41.500599625298506
1683,731,41.341355997387005
1684,742,41.486413843772944
1685,746,41.42915458069822
1686,748,41.917786100941974
1687,748,41.974266299203855
1688,758,41.69556728597816
1689,728,40.88192424649538
1690,739,42.150830799131455
1691,760,42.032555520887065
1692,728,40.24076674889612
1693,755,42.676342533753726
1694,760,43.02562489116826
1695,749,42.3020344290769
1696,739,41.21338644325885
1697,745,41.50782744228552
1698,735,41.320787515678056
1699,734,40.995627966391645
1700,716,40.17928393027539
1701,751,42.524748373086645
1702,738,41.19444951073533
1703,732,40.49653336620026
1704,756,42.47794514483221
1705,745,41.660314739824976
1706,737,41.9052322796014
1707,719,40.163030134587004
1708,751,41.96535317451165
1709,754,42.05660038927316
1710,744,41.387312755584986
1711,726,39.92033307399717
1712,736,40.386318755725775
1713,749,41.64189328068899
1714,748,41.52041828917254
1715,755,41.75912058507773
1716,731,41.12024120463787
1717,746,41.38936495681626
1718,745,41.04918421196324
1719,750,42.00111522107295
1720,737,41.03372451473914
1721,747,41.90720723779438
1722,724,39.904990766302504
1723,740,41.70283608354579
1724,722,39.88002681860194
1725,756,42.90645273362022
1726,742,41.70835127456301
1727,749,41.77279773677285
1728,753,41.87429995127388
1729,749,42.543313966545234
1730,739,41.123893057158185
1731,755,42.12724194533979
1732,751,41.527363489054295
1733,735,40.33669625181647
1734,755,42.905503859689155
1735,745,42.36286367512097
1736,750,42.130188325984804
1737,739,40.89687089513612
1738,752,41.79046629611301
1739,739,41.42719082438702
1740,766,42.328560506109326
1741,729,40.148753075639235
1742,727,40.565851274011315
1743,756,41.986003546506275
1744,746,42.07856072829994
1745,732,40.38512251672712
1746,740,41.848765376029604
1747,770,43.346679384792814
1748,743,41.71850301362483
1749,779,42.509305949397984
1750,741,41.44147283363292
1751,729,40.84227286245744
1752,730,41.35645620448035
1753,758,42.40169963209576
1754,739,41.53570178995266
1755,746,41.95026402780869
1756,740,42.92927801173077
1757,748,42.16660728725831
1758,743,41.9740121491992
1759,743,41.85495828465144
1760,740,40.90714377256467
1761,742,42.244283182440455
1762,735,41.025900434914966
1763,738,41.53414890050326
1764,726,41.13319048172942
1765,749,41.4609472965096
1766,731,41.11685739055014
1767,737,41.65341921515734
1768,758,42.733931315413244
1769,723,40.34771942726813
1770,746,41.84110951280886
1771,730,40.45585794072934
1772,726,41.03061783641522
1773,727,40.456796674547775
1774,729,40.71609721033456
1775,716,39.72555680809319
1776,749,41.98362320243439
1777,748,42.4523351060122
1778,736,40.94531268936443
1779,754,41.67513974330412
1780,763,42.13581418680013
1781,713,39.135887512701075
1782,751,41.764618732813695
1783,736,40.70980964488436
1784,752,41.85991180943016
1785,750,42.06301021642128
1786,714,40.15855977461843
1787,729,40.38636258129377
1788,722,40.73217083492172
1789,762,42.751769668783886
1790,737,41.725419788603865
1791,750,41.524791588821586
1792,731,40.854035447276516
1793,761,42.0066906103527
1794,743,41.63011142886469
1795,718,39.87536492236651
1796,736,41.21440609496976
1797,738,40.827280084900906
1798,744,41.9077889331075
1799,730,40.32112037217314
1800,737,41.24216716164002
1801,743,41.86553832472612
1802,751,42.42480133203761
1803,728,41.100032739603385
1804,763,41.66345597937297
1805,732,40.645867874169
1806,751,41.5995395954443
1807,761,41.90836621721743
1808,753,41.864563879690614
1809,754,41.86323925769754
1810,722,40.48601186131046
1811,763,42.94672570639191
1812,759,42.15496999683324
1813,745,41.46763478428728
1814,731,40.54383195042189
1815,742,41.828118144873606
1816,734,40.726502074425284
1817,749,41.2064477250619
1818,738,40.67585125643731
1819,756,41.496951055971685
1820,730,40.61786621237449
1821,753,41.59270380706459
1822,741,41.26281012165256
1823,737,41.418070256090644
1824,769,42.1578811940196
1825,751,43.545811903685156
1826,723,40.35140433312946
1827,725,39.96684110310382
1828,745,41.825201187617694
1829,749,41.82992381750227
1830,751,41.40647289451003
1831,761,43.22687122695756
1832,759,42.42114662161603
1833,747,41.63276563642671
1834,741,41.29457927692729
1835,734,40.74171984601155
1836,735,41.15808867586659
1837,741,41.461605148135554
1838,738,41.07764812210892
1839,715,40.11478159828276
1840,746,41.736937900700255
1841,744,41.83316117669909
1842,740,42.25698460235634
1843,732,40.73876507100214
1844,748,41.29054789627814
1845,749,42.172941813676644
1846,752,42.38286565084112
1847,743,41.32438736146476
1848,746,41.9749077353932
1849,764,42.09275112291005
1850,726,39.5221216549719
1851,732,41.772574329419996
1852,755,42.10074965135325
1853,753,42.4542294589006
1854,738,41.89286980126269
1855,739,40.651655094624566
1856,737,40.835949623673734
1857,731,41.17163357799228
1858,760,42.21704621970438
1859,753,41.82561106581267
1860,757,41.458069889835066
1861,767,43.30695796333768
1862,722,39.87837078349536
1863,729,40.71900422477351
1864,747,42.21762840805752
1865,736,41.12444144148851
1866,745,41.92837939542623
1867,735,41.27709980796799
1868,736,41.15698686259151
1869,758,42.786743376020326
1870,750,41.644677605370525
1871,727,40.89723824290607
1872,737,41.30668930701754
1873,748,42.484026787470874
1874,769,43.398770365042886
1875,730,40.66145129922384
1876,752,41.39878158848037
1877,745,42.494735753064475
1878,735,40.49463114071322
1879,748,42.02609935394725
1880,721,39.66465767188546
1881,727,40.526424175282685
1882,741,41.07317870335288
1883,750,41.77567516129706
1884,723,40.313837313494595
1885,740,41.332174700859404
1886,739,41.23276098080164
1887,751,42.24018906161898
1888,716,40.804581149044296
1889,747,42.67521301761292
1890,741,41.13023920679961
1891,720,40.12934388701504
1892,745,42.2437840657684
1893,743,41.92635976122364
1894,747,42.14291600617456
1895,752,42.3020174925787
1896,749,41.48164631745553
1897,744,41.36915398165622
1898,737,41.54582602844656
1899,749,41.69142446237531
1900,755,41.743423972447296
1901,753,41.654520680603156
1902,770,42.624125498501286
1903,758,42.69668760882069
1904,756,41.9672833384049
1905,733,40.96737742037171
1906,756,42.911719264739986
1907,740,40.86726251865766
1908,749,41.531135989973585
1909,741,41.23496011736228
1910,742,41.45298494797174
1911,762,42.420032710518576
1912,734,41.14432759043223
1913,737,41.18449507183958
1914,719,40.99036300638152
1915,748,42.16185646703026
1916,725,39.96059055630316
1917,730,39.95538655411055
1918,768,43.01921907133316
1919,755,42.12032269876015
1920,752,41.727343866886834
1921,768,42.17183275267857
1922,757,42.13426781763833
1923,728,41.26331381855813
1924,742,41.89647812170163
1925,743,41.08839169029721
1926,712,40.61247282859409
1927,729,41.01742594070384
1928,753,41.60733589090549
1929,748,42.244683851387606
1930,759,42.67171262115424
1931,747,42.132611946076246
1932,732,42.10553900758214
1933,741,41.211050759984566
1934,752,42.08591031784822
1935,753,42.193218788048405
1936,733,41.03978015137466
1937,737,41.54248895730892
1938,747,41.05059601697687
1939,740,41.398572631941995
1940,769,42.64590370862616
1941,734,41.341696390726
1942,743,41.763258426405756
1943,749,41.83727939918594
1944,735,41.2996276582063
1945,714,39.92367435188045
1946,741,41.127367479084526
1947,763,42.3069806242279
1948,719,40.602572780805794
1949,742,40.63167059719249
1950,736,41.28628079394297
1951,733,40.658177079897825
1952,735,40.43965554394056
1953,736,40.23149455267646
1954,728,40.220629176397644
1955,741,41.47935579952689
1956,753,41.85604209214427
1957,729,40.37634751306426
1958,749,42.42369471490711
1959,730,40.47260656883134
1960,744,40.965815678548886
1961,746,40.88825242434163
1962,754,42.40510956003472
1963,749,42.343808405819324
1964,747,41.89372543439519
1965,744,41.59354095320217
1966,760,42.91888557184541
1967,723,40.40182861541317
1968,744,41.90053911606918
1969,738,41.27892909203887
1970,757,42.45924542510417
1971,726,40.89620678680577
1972,718,40.368519534963845
1973,745,42.02340010078242
1974,743,41.94261410603331
1975,745,41.25454263847235
1976,735,41.16266554569789
1977,761,42.34315997933303
1978,733,40.434320843391866
1979,733,40.90503193420776
1980,748,42.903331002869514
1981,740,41.479251989839234
1982,752,42.00040668464601
1983,751,40.96457450816455
1984,750,42.71371065486058
1985,741,41.383150451699734
1986,753,42.3685741449751
1987,748,40.860017079977965
1988,748,42.18368551144293
1989,738,40.29860765424822
1990,745,40.63166757862371
1991,745,41.21478420286517
1992,746,41.726101629265514
1993,737,42.26785261816631
1994,761,42.49563761339116
1995,744,42.02821984585298
1996,732,40.37609828562838
1997,753,42.09994570011252
1998,761,41.76671302308434
1999,723,39.32275198172019
2000,731,40.58959849302992
2001,752,41.11927834700724
2002,755,41.495807571121574
2003,744,42.0749088388297
2004,735,40.840110766497766
2005,756,42.16019949199294
2006,748,42.24310184289599
2007,742,41.430001841074365
2008,734,41.492457771271525
2009,744,41.1162703273105
2010,724,41.24690214366065
2011,733,41.615432596419446
2012,741,40.95564858713425
2013,777,44.45898537053908
2014,746,41.604978408742106
2015,741,40.75215749019479
2016,731,40.92520460928136
2017,761,42.82337516234739
2018,731,41.26023721392253
2019,718,40.13487541975697
2020,728,41.3642595955529
2021,765,42.23107547046951
2022,735,41.11478751321977
2023,750,42.099078403943885
2024,762,42.52321268891078
2025,757,43.488922827856705
2026,750,42.6531113417445
2027,744,40.76443757685487
2028,720,40.20443676664246
2029,738,41.515953013716704
2030,754,41.91188259375276
2031,741,40.89745447432766
2032,739,41.951562315823544
2033,749,41.73378554222553
2034,748,41.833452434991614
2035,747,41.65675617747456
2036,762,42.30810548747858
2037,728,40.76783379571528
2038,741,41.22755893534202
2039,726,41.14145343600322
2040,745,41.29449201722714
2041,736,41.20949566772608
2042,755,41.28535882141747
2043,735,41.39421517071892
2044,741,41.274334470128125
2045,718,40.63370616633726
2046,746,41.833682326448184
2047,743,40.87923632269221
2048,757,42.16301020178386
2049,738,41.57482036728412
2050,746,41.21748504267631
2051,747,41.93550435158286
2052,720,39.87599441402072
2053,747,41.92561573693557
2054,748,40.730224309328115
2055,752,42.15764234457341
2056,750,42.06864497642343
2057,732,41.60983892720522
2058,738,41.62034159637467
2059,746,42.01709503827974
2060,729,40.039155503280426
2061,740,41.4514865352265
2062,736,41.110865004631485
2063,740,40.73289653964894
2064,736,40.788644800146734
2065,745,41.139040461054876
2066,721,39.968457769440256
2067,742,40.9386586288159
2068,723,41.04623346751827
2069,737,40.42442519287018
2070,737,40.53642666336663
2071,753,42.19004441738041
2072,747,42.03539998270891
2073,734,41.03001477373662
2074,760,41.53822702889321
2075,751,41.77599403211123
2076,749,42.041673125092245
2077,725,41.48982223801334
2078,743,41.27229743180037
2079,771,43.48059267453396
2080,745,41.72155249558243
2081,708,39.423292831608954
2082,721,41.200997197317434
2083,757,42.102386602363566
2084,739,41.056031378274795
2085,758,42.55176249778432
2086,746,41.2483112327849
2087,756,41.99577339471788
2088,756,41.562440744325606
2089,751,41.557047984629705
2090,735,41.47207062573312
2091,774,43.32372421965909
2092,740,41.426777695096
2093,750,42.09116990085544
2094,740,41.31727632709204
2095,745,41.60678726701095
2096,730,40.74214588659297
2097,747,42.01799517416295
2098,760,42.12504522041144
2099,735,41.50005812681412
2100,748,41.612631459991974
2101,765,42.01350953582082
2102,759,43.251207275919015
2103,750,41.79903213204572
2104,754,41.28412014285089
2105,772,42.82491984835604
2106,724,40.461635899075326
2107,751,41.74320664856957
2108,738,41.24878873123744
2109,730,40.68753164805816
2110,755,42.09525286392903
2111,741,40.79848658085319
2112,742,41.38815029017121
2113,740,40.89601132415896
2114,744,41.31101337869284
2115,746,42.12454523351489
2116,741,41.69379799000169
2117,747,41.387961539215276
2118,758,42.60115434792078
2119,730,41.53278142533911
2120,747,41.39606972143351
2121,736,40.84335093538175
2122,754,41.814925355891035
2123,744,41.19154673778427
2124,761,42.89186472039692
2125,749,41.944615765581524
2126,736,41.851290318712316
2127,747,41.82649636465391
2128,750,41.85221678745835
2129,732,41.10377240239445
2130,730,40.4868960451433
2131,763,42.381532153366976
2132,740,41.498105158818014
2133,766,42.899680141170734
2134,753,41.96311994861443
2135,718,40.26532644156043
2136,768,43.09924372238637
2137,750,42.38311685338574
2138,725,40.85581499892667
2139,722,39.802341083945315
2140,763,43.25103538668336
2141,771,43.057510236563076
2142,731,40.433076956718665
2143,760,42.29233909840488
2144,747,41.93509270492589
2145,760,42.561300672386366
2146,765,42.53596582303403
2147,730,40.168580611872194
2148,756,42.20083560941983
2149,730,40.7841153697117
2150,756,42.362355346411796
2151,746,41.90712519826305
2152,727,40.54701305513529
2153,754,43.17514346991214
2154,715,39.82824521324788
2155,725,40.863772724572215
2156,742,42.583461285940544
2157,750,41.26644749850117
2158,740,41.972707931042926
2159,752,42.04224114868184
2160,730,40.593987876110695
2161,737,41.844794712599054
2162,737,40.82914739907886
2163,746,41.64886181109458
2164,758,42.65878680601013
2165,742,41.52534759378726
2166,753,42.63848872096161
2167,764,43.212841639540365
2168,753,41.69793555301848
2169,726,40.424100259286924
2170,725,40.94867637306018
2171,731,41.32434507441926
2172,731,40.634150682786924
2173,732,41.497682794316916
2174,761,42.40875162608081
2175,765,42.91905523348828
2176,744,41.42797600078779
2177,742,41.378729101878974
2178,745,42.454110753619204
2179,748,41.46024348404695
2180,744,41.65666538695538
2181,738,41.61222182021732
2182,751,41.51851376159554
2183,750,42.642972743221954
2184,746,41.513762392284306
2185,749,42.05660001965881
2186,727,40.894335400408686
2187,752,41.06288433177975
2188,744,42.02839938166326
2189,763,42.77871566129429
2190,742,41.53816602797582
2191,747,41.65349205750242
2192,737,40.38837557285044
2193,756,42.70748533932362
2194,757,42.17540282160413
2195,751,41.956212603521564
2196,755,42.70561586125906
2197,738,41.926227847992244
2198,742,40.651490356216094
2199,750,41.587789711310215
2200,734,41.24386660052214
2201,729,40.89417036549659
2202,737,40.57379988848071
2203,761,41.832019135572345
2204,731,41.434268715228875
2205,734,41.246215832532584
2206,747,41.298918938359165
2207,750,41.46761379513468
2208,762,42.17619821420722
2209,757,42.65372356426873
2210,727,40.59915202794785
2211,745,41.22513660707189
2212,738,41.01479160985535
2213,729,40.35002898118674
2214,745,41.281953092510925
2215,741,42.154580197543865
2216,720,39.596662068701725
2217,756,42.09948329023778
2218,728,41.14092076622193
2219,716,39.78265560268269
2220,732,41.395490290251225
2221,752,42.16601062465878
2222,754,42.48743067689547
2223,739,41.648764729290185
2224,736,41.15226826253194
2225,733,40.45974098714964
2226,727,41.28259109769264
2227,749,41.62298892596485
2228,726,40.29605979924019
2229,719,39.92295494874143
2230,722,39.160533484529495
2231,748,41.79392211598824
2232,741,41.34963493864069
2233,748,42.225338092633905
2234,726,40.0574215500909
2235,758,42.2923917434609
2236,740,41.735557079369556
2237,743,41.44513491632233
2238,756,42.05386252400879
2239,713,39.28054651487872
2240,731,40.43439720192677
2241,734,41.077034062800365
2242,757,42.59858020230477
2243,737,41.106594997209605
2244,746,41.40047481222942
2245,743,41.009932642831764
2246,741,41.87135633530505
2247,732,41.37145479332633
2248,750,42.34597440589662
2249,755,41.80759341573411
2250,743,41.01933682178186
2251,731,40.87540467736434
2252,745,41.94846831629354
2253,748,41.71580647423742
2254,750,41.173935895160355
2255,723,40.497956089066435
2256,727,40.73494732705166
2257,751,41.320683635296064
2258,734,40.66025464300812
2259,751,41.90774556203975
2260,728,40.81998793666181
2261,757,42.82796846219425
2262,758,43.16479583817035
2263,754,42.27071761879296
2264,755,42.31626671969361
2265,737,41.98188742608884
2266,752,41.97527329510161
2267,761,42.95130231915389
2268,753,42.53326119439546
2269,750,41.64723461761278
2270,756,42.56709121146752
2271,737,40.706560334015585
2272,727,40.3353151523189
2273,739,41.05105607346054
2274,712,39.08984619128189
2275,732,41.05683486573794
2276,750,43.03150469275653
2277,735,40.11995762260769
2278,751,41.93798902491433
2279,729,40.84112183063046
2280,732,40.37858085154742
2281,747,40.9385823764752
2282,736,41.90938954393151
2283,750,41.435687356555114
2284,731,40.59126846059601
2285,759,42.724855540147615
2286,748,42.47088868644065
2287,780,42.850894717122635
2288,766,43.37941102272431
2289,739,41.49801881412717
2290,760,43.38836295662151
2291,735,41.06374300361486
2292,761,41.75893302988809
2293,747,42.126380322639214
2294,743,41.675211010721824
2295,753,42.1082358871842
2296,759,42.871824300966914
2297,734,40.96053421999316
2298,758,42.74902603457651
2299,736,40.84864072579455
2300,748,41.05641863901721
2301,733,41.263269349070086
2302,739,41.009257355868996
2303,729,41.006029071879986
2304,722,40.53926308547607
2305,733,40.76522554711393
2306,746,41.356432076223925
2307,744,41.91641587092129
2308,731,39.87441523691657
2309,752,41.78747731853566
2310,734,40.4626518446305
2311,739,41.418919048268506
2312,780,43.83599966370297
2313,744,41.38554141554075
2314,761,42.79037870365136
2315,739,41.31169991614361
2316,725,40.61082698378007
2317,759,42.63566279531376
2318,732,40.92313912453588
2319,727,40.984483141776295
2320,753,41.70141356325946
2321,741,41.16799481860476
2322,727,41.26975358749828
2323,761,43.13346084287265
2324,746,41.580069777567
2325,736,41.23647979370981
2326,752,42.30909067684949
2327,751,42.732851341096485
2328,757,41.978891988174524
2329,751,42.02891894710924
2330,737,40.25350165919092
2331,744,41.33217008398479
2332,743,41.923912430386785
2333,740,41.687133993582385
2334,733,40.51719970895249
2335,744,41.668926848817684
2336,744,41.19380235670949
2337,748,42.33985409590796
2338,744,41.58530473733189
2339,731,40.44520885382724
2340,743,41.74453873708256
2341,752,42.172183859077194
2342,739,40.3859567113653
2343,744,41.45602276150173
2344,734,41.738426519543
2345,758,42.224771362856394
2346,753,42.362990368291854
2347,731,40.52539400837502
2348,739,40.93825126411438
2349,751,41.87501864182673
2350,740,40.97121739451503
2351,744,41.44536340083477
2352,746,42.161129558058995
2353,748,41.43092692116492
2354,756,42.33889132165636
2355,735,41.83911722907228
2356,752,42.23330127063745
2357,737,41.16348559348216
2358,739,41.49322774841385
2359,759,42.45904663325494
2360,732,41.37892161943494
2361,779,43.57789758812216
2362,739,41.263819617041
2363,736,41.9596288384249
2364,736,42.05540948065315
2365,752,42.70794179851945
2366,764,42.47448818065531
2367,753,42.848288659030594
2368,742,41.46092400651336
2369,722,40.53310032621801
2370,752,41.89744851111635
2371,741,42.19289260713565
2372,768,43.101439595546495
2373,751,41.57990014330599
2374,747,41.456634617058086
2375,766,43.152711306811746
2376,743,41.08426359758181
2377,750,41.984516887764684
2378,743,42.32912291691758
2379,736,41.14033163351443
2380,752,42.22369894243285
2381,760,42.70345329647797
2382,734,40.77330040686602
2383,747,41.51314716890076
2384,750,41.73049351747776
2385,750,41.877847184564395
2386,747,41.63814613730445
2387,743,41.273567026423024
2388,762,42.62332866786488
2389,743,41.69650260744897
2390,765,42.54598706433693
2391,737,41.19596497462311
2392,743,41.778694595283596
2393,749,41.31268387815748
2394,763,42.63342552249315
2395,754,42.23017044223442
2396,731,41.07351787025344
2397,724,40.911415920421256
2398,731,40.204548027680865
2399,746,41.75644084932716
2400,745,41.690109958418596
2401,759,42.2401616918883
2402,732,41.33857923998051
2403,759,41.777264153080885
2404,725,40.78141690969635
2405,733,41.06476361249279
2406,738,40.55380576106971
2407,740,41.894892587781875
2408,750,42.256077720548774
2409,751,41.87253853480604
2410,763,42.68975303151187
2411,743,41.19439362773856
2412,731,41.4539574790157
2413,766,42.43115175242788
2414,729,41.05873500516883
2415,752,42.631630546618446
2416,756,41.86585722821571
2417,728,40.70882197123093
2418,750,41.95699621201925
2419,741,40.748784001141075
2420,766,43.0840811813584
2421,728,40.805174532927296
2422,733,41.44539533172257
2423,736,40.933236524780256
2424,753,41.92620358532374
2425,741,41.92077019441203
2426,752,41.634788693417384
2427,739,41.64633645160578
2428,740,41.724173252908166
2429,731,40.62197774153003
2430,729,40.177740746393546
2431,742,42.33157684454662
2432,726,40.812197781442286
2433,738,41.296164485133346
2434,753,41.991191361248
2435,766,43.147746052391724
2436,744,41.784887220298536
2437,736,40.77687029388446
2438,759,42.17358879995754
2439,723,40.55267705389483
2440,746,42.035979398719775
2441,736,41.52586244303771
2442,757,42.10835534604587
2443,725,40.52699911918694
2444,747,41.79584413133996
2445,736,41.96610571129511
2446,725,39.69172335087777
2447,774,43.204727647904384
2448,749,41.31955454667492
2449,746,41.29491717639764
2450,743,42.0945701903446
2451,738,41.40643375041189
2452,744,42.11666244615967
2453,725,40.340115690154896
2454,752,42.038863169726966
2455,752,42.66184550177475
2456,741,41.54521838568169
2457,733,40.48536357524659
2458,755,42.027240029139314
2459,749,41.39005993063006
2460,730,40.310053520684896
2461,748,41.713672263538385
2462,746,41.57802152310793
2463,742,41.9746450739349
2464,748,42.77742719075366
2465,766,42.60206548509175
2466,752,42.580693747274594
2467,740,40.853235066767674
2468,754,42.7650588235532
2469,745,41.92901248157182
2470,737,41.146246662776804
2471,737,41.845337711077676
2472,717,39.964360742548884
2473,726,40.79167175670751
2474,773,44.04138835080997
2475,760,42.237547492432924
2476,740,42.016957437224704
2477,750,41.36046224291951
2478,748,41.915227290771455
2479,750,42.047271179351974
2480,765,42.541582229497415
2481,746,42.0050118142096
2482,719,40.13852992194872
2483,750,41.616646612876906
2484,751,41.639766516348104
2485,722,40.04059890942056
2486,749,41.89002822240103
2487,738,40.91989912698086
2488,728,40.61798955369189
2489,751,42.24679790126904
2490,748,42.41678957452874
2491,745,42.170354171999286
2492,767,43.137312083115106
2493,771,42.788357390923316
2494,730,40.60958886807619
2495,773,42.82827040930461
2496,752,42.182222278637944
2497,747,41.56830546404311
2498,744,41.05376158999658
2499,744,41.52073271246731
2500,756,42.16652410638178
2501,719,39.65229502103948
2502,730,41.13128753522501
2503,761,42.47533683483863
2504,721,40.16270123519551
2505,756,41.952543239633684
2506,737,41.44008174865382
2507,763,43.51506323088581
2508,740,41.699153652350645
2509,737,40.458859822195826
2510,743,41.83622598377893
2511,735,41.77875784054247
2512,730,40.833760721623534
2513,759,41.91070765635145
2514,737,41.49308653613801
2515,727,40.362819852996616
2516,759,42.9486822611806
2517,751,41.7530970287836
2518,721,40.340829600615685
2519,723,40.034738413943934
2520,744,41.42501670559856
2521,755,41.67777335847854
2522,731,40.40310462729337
2523,743,41.639581753273255
2524,765,43.87057934731822
2525,769,42.855101661193075
2526,726,41.07873059320121
2527,730,40.11948257924027
2528,746,41.13578579761546
2529,747,40.843633180804865
2530,731,40.658026710702984
2531,751,41.877534685485585
2532,765,42.75087546099159
2533,742,40.735220396015734
2534,731,41.06546350066323
2535,711,39.3716429204323
2536,716,40.28196515331464
2537,742,41.49499602467725
2538,743,41.15721782843269
2539,746,42.36105080753547
2540,706,38.88735878687125
2541,744,41.79579202072083
2542,737,40.45722731428131
2543,731,40.26577995606357
2544,747,42.21703379745453
2545,732,40.740117674289415
2546,752,41.46189768501514
2547,734,41.4575669126858
2548,744,41.520538743514244
2549,741,41.13090580591786
2550,759,42.45256251614152
2551,751,42.184274693490906
2552,728,40.85904480392666
2553,748,41.22256318512172
2554,730,41.08031669669795
2555,757,42.59545578319005
2556,756,42.223100934383446
2557,763,41.86431501366293
2558,748,41.975703349572
2559,744,41.508086290289086
2560,733,41.319231764921895
2561,749,41.20699280264957
2562,727,41.14323920335363
2563,729,39.7962942282071
2564,751,41.03101865577797
2565,753,41.25286954600567
2566,750,41.44846554402471
2567,751,41.74440284749539
2568,743,41.86456474553208
2569,737,41.768105472438165
2570,766,43.59679906409114
2571,741,40.653204061466255
2572,770,42.959920762812374
2573,739,40.69084085310013
2574,744,41.21651724755298
2575,751,42.79573138717641
2576,743,41.753537185602596
2577,764,42.5589952961905
2578,745,41.180777923986234
2579,741,41.78537617545893
2580,745,41.82241347433665
2581,723,40.06191681759235
2582,739,41.91490540182193
2583,747,41.565433651611855
2584,743,40.956572809311794
2585,749,41.843896551195414
2586,750,42.12607215772794
2587,758,42.39532164593908
2588,720,39.866406888643645
2589,746,42.24986237444909
2590,746,42.259205016098676
2591,729,39.6913310301537
2592,753,42.28065699152938
2593,745,40.849033807311756
2594,735,41.20472948351207
2595,746,41.374403007144004
2596,747,42.19485886961543
2597,759,42.20143924965091
2598,725,40.42842556238021
2599,748,41.29388337855237
2600,769,42.80612078492702
2601,728,41.13374081879807
2602,726,40.10777369731949
2603,758,42.389463351585434
2604,741,42.4696438329034
2605,735,40.7886977442139
2606,740,42.05699516901886
2607,733,41.19187076767637
2608,749,41.63576414545894
2609,737,41.160298929419014
2610,743,42.15272823876587
2611,745,41.62026038628582
2612,744,42.26334545191255
2613,750,41.82698077273184
2614,703,39.67116865146536
2615,749,42.18839184762889
2616,749,41.94984525089379
2617,732,40.61857909981634
2618,754,42.1513870848607
2619,747,42.07544013086987
2620,758,42.68948246944403
2621,730,40.98456072888837
2622,744,41.69785839824594
2623,733,41.025186963143845
2624,740,41.44055753424762
2625,745,41.121899853695275
2626,723,39.34138037856277
2627,758,42.909158973391264
2628,746,42.31253967576652
2629,748,41.472178015017576
2630,757,42.77928723358513
2631,734,41.15950152208413
2632,741,41.63507625784124
2633,743,41.33629160669666
2634,757,40.89460263393735
2635,720,39.97910011185957
2636,746,42.179440082192535
2637,742,41.35449918073503
2638,739,40.413392948120695
2639,744,41.473717738831546
2640,762,42.90481979160173
2641,731,40.33890523581682
2642,761,42.39796703215382
2643,738,40.95167776965959
2644,745,41.57185871233721
2645,748,41.427968886357135
2646,738,41.29486643648963
2647,732,41.27244668528424
2648,736,40.6395923077092
2649,731,41.17840196356637
2650,756,42.699521817614816
2651,759,42.024397157243634
2652,725,40.071861494258066
2653,764,43.035077571658036
2654,752,40.69625551731182
2655,735,40.74265242676688
2656,730,40.409897785934874
2657,746,41.671047079446375
2658,734,41.309046292660184
2659,758,42.36990046021073
2660,737,41.227097139843075
2661,732,40.821422136240095
2662,758,43.00585829013218
2663,720,39.85520891003034
2664,739,40.71492376474658
2665,754,41.93650130132076
2666,761,42.61481984335464
2667,754,42.62985405291367
2668,736,40.910801350010104
2669,741,41.44234227984771
2670,746,40.77258976525092
2671,746,41.275011597443466
2672,756,42.45604792456239
2673,763,42.57232044559086
2674,734,41.0881759300689
2675,781,44.39561969838108
2676,727,40.826118492322344
2677,721,39.572963408968086
2678,771,43.325491836425016
2679,727,40.18229104580029
2680,733,40.490910082327986
2681,780,43.24293485304808
2682,745,41.94723413024636
2683,723,41.073882931200686
2684,714,40.27525735780683
2685,749,41.64469911285945
2686,765,42.45279631756465
2687,727,40.28934393416255
2688,735,41.05359114673366
2689,766,42.88336148306265
2690,748,41.68548788145656
2691,731,40.50039490322203
2692,732,40.089328767305446
2693,738,40.918008299417245
2694,739,41.110140406375855
2695,737,40.84125220646175
2696,722,40.39499114042129
2697,747,41.03374743711931
2698,741,41.143332046275816
2699,726,40.72690534043717
2700,741,41.91025299743434
2701,729,40.64980739667043
2702,746,42.23961047191755
2703,718,40.324671907515715
2704,731,41.417738669791454
2705,735,41.3822594787917
2706,736,41.59679328512556
2707,741,41.40829408647882
2708,742,40.93265745440719
2709,747,42.39457832816899
2710,759,42.19912605125182
2711,736,41.06434342429832
2712,731,40.71291932551948
2713,752,41.24484127983548
2714,752,42.13087283663345
2715,706,39.23139480306185
2716,730,40.1393545559491
2717,720,39.47392788884737
2718,727,40.46578167470677
2719,742,41.227092453715095
2720,736,41.62429885382528
2721,738,40.946054956451576
2722,747,41.417230686090335
2723,712,39.307791280962185
2724,755,41.78118029069697
2725,750,41.939479888383296
2726,738,41.40485334093699
2727,745,42.21102963201221
2728,756,42.31088665451787
2729,758,42.45725649027075
2730,731,40.70811295516924
2731,732,40.966571850224234
2732,737,41.55994863807169
2733,749,42.56743051927927
2734,751,41.19135633913126
2735,726,40.27815152185683
2736,749,41.90520259759133
2737,757,42.237569602408364
2738,750,42.39474670777211
2739,711,40.83563070340229
2740,766,42.20039445428821
2741,729,40.27140332364996
2742,745,42.068744478283975
2743,751,42.14163336785537
2744,751,42.01023847086134
2745,746,41.75252243583068
2746,758,42.360812809049186
2747,731,41.386356986910215
2748,756,41.427048354119165
2749,760,42.205906976067716
2750,745,41.74210624926236
2751,722,40.822792771340524
2752,746,40.500878986094676
2753,732,40.64484373917452
2754,741,41.64875547387974
2755,760,42.61746086344941
2756,741,41.292137769315666
2757,741,41.748969052741344
2758,730,39.75158053504195
2759,725,40.16525154927279
2760,724,40.86417853721422
2761,750,41.78553814546418
2762,716,40.252148498868785
2763,728,40.19566438720237
2764,752,42.08373081834402
2765,753,42.2146999102365
2766,757,41.57316296569464
2767,718,40.662673138346435
2768,745,41.87893765960522
2769,746,41.75540371090155
2770,734,40.58688002192408
2771,736,41.6751239934279
2772,719,40.523147588754924
2773,762,41.778301962294734
2774,736,41.50037009683342
2775,749,41.70772985976985
2776,739,41.08799062415744
2777,728,40.46547352711525
2778,726,40.80692463076836
2779,737,40.91636423886455
2780,734,41.09787129395307
2781,736,40.639034159968844
2782,748,41.828420638892325
2783,727,39.964552250322534
2784,737,40.58843716971832
2785,719,40.94869086846199
2786,739,41.61774342589013
2787,741,40.94502441798937
2788,727,40.2301275273134
2789,713,38.718941770096556
2790,745,42.48274805317165
2791,739,41.66395623665601
2792,738,40.846253630863785
2793,741,41.83612521463443
2794,743,41.56923452102022
2795,742,41.07766787778527
2796,745,41.65032199883092
2797,754,41.604408972272765
2798,729,40.20521007377752
2799,749,41.87878845476548
2800,743,41.39026205122711
2801,741,42.60342337362797
2802,764,42.969200456034
2803,727,40.9311615046381
2804,760,42.252126499818885
2805,741,41.50454734712635
2806,747,41.312703106596686
2807,754,42.72235943569562
2808,738,40.57564018029139
2809,730,41.93609913538081
2810,753,42.17027419462254
2811,752,41.57428969711839
2812,731,41.981497947591926
2813,728,40.21198962487682
2814,751,41.89072426638741
2815,734,41.20340641166299
2816,745,41.87493701668966
2817,748,42.679602464608685
2818,765,43.108592102033825
2819,714,39.09233901322757
2820,730,40.277883921403216
2821,734,41.79673099135642
2822,738,42.205759844829686
2823,739,41.48719870347918
2824,757,42.34868764501452
2825,765,43.83126021173207
2826,750,41.48385727796479
2827,755,42.82556676335387
2828,746,42.12380639163004
2829,735,41.725200187272485
2830,723,40.30297251814363
2831,737,40.31175195225349
2832,740,41.27527886945607
2833,735,41.34491609421881
2834,739,41.006535177219206
2835,735,40.970571316082165
2836,710,39.20602640827508
2837,729,40.41032322726271
2838,740,41.13367882175359
2839,734,40.28150075320529
2840,728,40.380437855728914
2841,714,40.56778779984087
2842,760,42.117853765642884
2843,723,40.01501451435018
2844,759,41.70025394023571
2845,722,40.180889002670085
2846,722,39.911393037296826
2847,747,41.51883760372677
2848,732,41.068498568386694
2849,765,42.076598308933804
2850,741,41.13616051373016
2851,770,43.341684161937096
2852,754,41.70391458451796
2853,761,42.9177242419406
2854,746,41.79770589098092
2855,736,40.92421749237456
2856,747,41.814888699087966
2857,750,42.014386392249044
2858,762,42.276587018380916
2859,747,42.48816313706253
2860,733,41.28725982127328
2861,741,41.53994508133544
2862,718,40.26716802096637
2863,749,41.003915672192264
2864,744,41.934427612165045
2865,766,41.79152589952976
2866,738,41.497641088630886
2867,736,40.579623350455
2868,764,43.16260735497856
2869,728,41.290410922234
2870,757,43.30945396833539
2871,744,41.575151180044905
2872,747,41.90850329641432
2873,732,40.91880740929832
2874,743,41.48997497356639
2875,772,43.25600264163314
2876,742,41.74153622485516
2877,766,42.7562725214622
2878,724,40.82400718716516
2879,725,39.85827107054968
2880,743,42.07586400234433
2881,725,39.60451058158983
2882,758,42.05714914610396
2883,753,42.05605816757764
2884,753,42.285994603698775
2885,731,40.50199029430897
2886,720,39.7663669427655
2887,751,41.781260587786726
2888,747,41.96384202495567
2889,740,41.865291326603604
2890,749,42.06673979784298
2891,747,42.05605869119528
2892,730,41.368976222397585
2893,758,41.66903019031587
2894,741,41.59175059953384
2895,741,41.55193852769395
2896,740,40.79054366721308
2897,740,41.3665194038851
2898,735,40.76602655777961
2899,731,40.7276220896041
2900,747,41.28214520898391
2901,741,40.798998264955394
2902,749,41.95954945768519
2903,737,40.96804239454883
2904,731,41.26023612502176
2905,739,40.59607210484017
2906,749,41.60949718869897
2907,749,42.19580086446737
2908,752,42.497282234937394
2909,724,40.78982365911247
2910,727,40.20158554814917
2911,755,42.76151645467488
2912,755,41.590005477048834
2913,730,40.37560478898619
2914,738,41.73848187136792
2915,744,41.04909172324011
2916,725,41.31653250268944
2917,758,41.994456485171995
2918,785,44.072044107657504
2919,737,39.968263110771225
2920,742,41.06463668903686
2921,746,42.542530753118335
2922,745,41.03703028485972
2923,737,40.78753709704598
2924,726,39.9146532238349
2925,743,41.45202849878494
2926,739,41.75210653364882
2927,765,42.43701422032725
2928,720,40.24022865420008
2929,743,41.05809741681412
2930,750,42.09355094059853
2931,744,41.619905951809045
2932,727,40.850018141635246
2933,719,39.8414320733449
2934,754,42.299432822033474
2935,745,41.76796179974366
2936,744,41.69906731288886
2937,730,39.724941062261095
2938,745,41.76422181301816
2939,745,43.05444168948907
2940,753,42.07986058185136
2941,735,41.43426060642925
2942,738,41.397412329242954
2943,746,41.281895204117724
2944,755,41.91976372123803
2945,745,41.74220454287686
2946,725,40.27400008508692
2947,735,41.52715441007598
2948,749,41.858439589688885
2949,738,40.95885747806479
2950,733,41.6979771438714
2951,752,42.30286236770447
2952,779,43.535721016548514
2953,757,41.930558559834054
2954,718,39.35445374900907
2955,748,42.58443067204055
2956,733,40.681096939259106
2957,758,41.93358156265852
2958,713,39.92829439364596
2959,764,42.949234050627204
2960,739,41.226425111622596
2961,746,42.16847380949233
2962,723,40.4989991481312
2963,739,41.339811795340175
2964,736,40.70460422692688
2965,761,43.139443695227804
2966,750,41.85804850158175
2967,741,41.448640600448854
2968,754,41.994827424695636
2969,734,40.70239009797855
2970,762,42.300967174461036
2971,770,43.142659450644224
2972,749,42.54333133203623
2973,732,40.60388303331845
2974,743,42.211383867418064
2975,734,40.46662301239154
2976,756,42.307375674002635
2977,729,40.64619201607312
2978,738,41.23557792663875
2979,758,42.741588965804546
2980,732,40.92828391715451
2981,725,40.38354651174567
2982,751,42.39811960009582
2983,755,41.909213404870364
2984,753,41.758295931557385
2985,737,41.022091466605026
2986,749,41.27497884460243
2987,735,41.35940430375979
2988,731,40.73999766662741
2989,729,40.37404412567937
2990,764,42.55568695019345
2991,743,41.61454591471886
2992,773,43.35225703626482
2993,751,41.88333083795684
2994,739,41.23446920964775
2995,747,41.354186044351145
2996,724,40.37080786310256
2997,771,44.12913643966034
2998,735,40.86255185598637
2999,743,40.90349678335622
3000,735,40.57447668879561
3001,753,41.979659527866126
3002,738,41.144318720807156
3003,722,40.252471028988474
3004,754,41.903379099225134
3005,747,41.644049206403814
3006,751,41.73718430282316
3007,750,42.13009245885537
3008,774,43.4243981231935
3009,733,41.059142160181196
3010,739,42.17418012724906
3011,755,43.02778639116845
3012,744,42.267697626554096
3013,734,40.24676022651802
3014,753,42.44757750722694
3015,750,41.62831287148982
3016,742,42.104352817103006
3017,776,43.78350160959892
3018,717,40.09508560423931
3019,733,40.8103476829007
3020,737,41.46101516768112
3021,741,41.43366766898369
3022,746,41.23601705796735
3023,753,42.582139688028604
3024,724,40.418530604628394
3025,743,41.83772637402314
3026,749,42.03901524330148
3027,761,41.17622138253833
3028,743,41.40181240917696
3029,740,41.763214217992534
3030,752,41.41808921088853
3031,736,41.43610226352163
3032,748,41.57606435882534
3033,755,43.14440717068496
3034,768,42.48627669544005
3035,744,41.58878733661188
3036,750,42.57120578232921
3037,762,42.339754658440945
3038,750,41.11455025068222
3039,749,41.01016603946326
3040,747,41.71253152095078
3041,752,42.35307300070481
3042,732,41.00312721609521
3043,725,40.86325787113591
3044,735,39.98395418617816
3045,740,41.158125881550816
3046,748,40.99693276902345
3047,736,41.08984735962438
3048,750,41.47705846698692
3049,714,39.70615118332152
3050,756,42.96431986198632
3051,736,42.020145707877404
3052,738,41.84166533905784
3053,756,42.73544789753273
3054,751,41.74609196075946
3055,729,41.052305200458434
3056,752,42.18771163149225
3057,730,40.728934362465175
3058,737,41.028411997662026
3059,739,41.89933123940311
3060,741,40.529303979640595
3061,744,42.01253627326633
3062,725,40.43200208264456
3063,743,41.64557103928597
3064,737,40.7680233905275
3065,740,40.32888459455232
3066,720,40.96878662280303
3067,746,42.10564287189344
3068,747,41.974311506656704
3069,756,41.76259660409354
3070,744,41.91102787356954
3071,738,40.123333544133665
3072,741,40.99624554982488
3073,732,41.52564892802636
3074,751,41.58460764040645
3075,741,40.599978700493025
3076,735,41.73872479523188
3077,784,44.62618204502996
3078,759,42.83714989822244
3079,725,40.96718620441255
3080,761,42.108965145981486
3081,742,41.17652722053089
3082,738,41.509500459462565
3083,744,42.34406313177188
3084,747,41.972072586881296
3085,760,41.75193104014989
3086,749,41.50103890410072
3087,724,40.797011500082945
3088,736,41.33590923601091
3089,733,40.913388688108284
3090,752,42.533830860251925
3091,742,42.25761508568478
3092,728,40.86640644977893
3093,722,39.71709198842661
3094,750,41.740032471063664
3095,723,40.62445084230068
3096,761,42.77182542824299
3097,747,41.335655208368685
3098,749,41.181887563517066
3099,748,41.463560156056296
3100,751,43.076477728260954
3101,737,41.493725377086385
3102,735,40.9533341239897
3103,743,41.03163704321769
3104,746,41.91814741020779
3105,741,41.30959164660969
3106,732,40.69943497045176
3107,743,41.26537566906603
3108,745,41.2299335792307
3109,737,40.37294624223607
3110,747,41.53657379998066
3111,737,41.285822693465995
3112,744,41.91383222080213
3113,735,41.28687571977144
3114,734,40.31462512453629
3115,726,40.402407895170604
3116,719,40.171798884140195
3117,753,42.735507086931584
3118,760,42.13004593804704
3119,746,41.78723290937707
3120,739,41.55115219488489
3121,738,41.551454070270985
3122,722,40.42031988923485
3123,729,40.91690458497968
3124,747,42.12825398586176
3125,722,39.91980207642446
3126,745,41.28344902094498
3127,743,41.783089163963936
3128,716,39.85261350395041
3129,738,41.547032984291214
3130,760,43.035785885418164
3131,733,41.63522512665034
3132,737,41.419805391998636
3133,720,40.32427444045626
3134,729,40.57755721259029
3135,729,40.2037870175007
3136,751,41.063111110573786
3137,737,40.60335898393908
3138,752,42.25076252955336
3139,769,44.09421839391209
3140,736,40.82936496542749
3141,739,40.34163034810496
3142,756,42.43766303098855
3143,735,40.402768342991536
3144,750,42.376038871207044
3145,761,42.20370132759133
3146,747,41.59086474351732
3147,746,41.67278167095334
3148,759,42.23253086971829
3149,755,42.59753881768197
3150,760,42.37200277474555
3151,740,41.54232007809293
3152,753,42.91010753568235
3153,715,39.93803497296869
3154,758,42.43500476394111
3155,776,43.383200183508855
3156,757,41.758890770012144
3157,741,41.65221398868016
3158,737,40.92995974574751
3159,726,40.22141358901957
3160,739,41.11973220300121
3161,754,42.00566975665683
3162,736,40.89455275458359
3163,713,40.41744646732005
3164,728,40.704715013225794
3165,761,42.36298760678413
3166,746,41.684511789644475
3167,723,40.778101537695356
3168,756,41.642637880551774
3169,736,40.80848565349136
3170,737,41.348288429168925
3171,748,41.85014822368155
3172,732,39.74937009687606
3173,746,41.32018618146198
3174,748,41.52826617917707
3175,742,41.55388869126733
3176,748,41.167087106951435
3177,740,41.23699741666758
3178,746,41.865563763041045
3179,735,40.942783938270644
3180,738,41.18048908646169
3181,727,40.57527094884135
3182,708,39.779940132417316
3183,742,41.6318364508605
3184,741,41.01624157304906
3185,745,40.732061324045425
3186,743,42.093540898826326
3187,743,41.51321000870116
3188,751,42.31699203863964
3189,765,42.77739623020966
3190,711,39.94274937148081
3191,745,41.31745718567265
3192,745,41.6292387208673
3193,738,41.326033482040124
3194,753,42.03990954295823
3195,740,41.61502229212035
3196,755,42.91618999474542
3197,730,40.73717519351654
3198,733,41.83850228039799
3199,751,41.72995102562671
3200,760,41.68337611573402
3201,743,41.915977880769375
3202,751,42.127971190323244
3203,714,40.13542568792085
3204,726,40.170052808503414
3205,774,43.42376363033423
3206,759,42.22558492381904
3207,748,41.69675470410378
3208,738,41.80794210164463
3209,750,42.28240658562512
3210,750,42.38628458291579
3211,729,40.40527771568453
3212,743,42.28971957129822
3213,748,42.26166455866954
3214,755,41.143846346032475
3215,754,41.77778056768044
3216,745,42.027377031124615
3217,757,42.1861632726315
3218,736,42.07149458849381
3219,738,41.839410206371866
3220,752,41.107085170652
3221,753,41.76319473935168
3222,740,41.84479729403465
3223,735,41.13199067605815
3224,730,40.16231396542029
3225,731,41.43521976245362
3226,725,40.158375778105096
3227,743,41.42138326742986
3228,748,42.046111898751825
3229,761,42.388707919149404
3230,740,41.150716330216035
3231,716,40.102013673683224
3232,736,41.35717262048924
3233,776,44.18522594646781
3234,745,41.585078971669084
3235,737,41.48579926820525
3236,744,41.58447810949992
3237,766,41.96445304592026
3238,729,40.0675314628653
3239,728,40.50643750503609
3240,762,41.494898257199175
3241,751,42.550994569035154
3242,746,41.572843445784244
3243,752,42.47833195177877
3244,748,41.54991885167555
3245,758,42.56941977059337
3246,741,41.861059785415655
3247,762,42.82823575139166
3248,756,41.89327846572706
3249,746,41.3547510946877
3250,740,42.607006477649946
3251,761,42.66342656704864
3252,743,41.57093078872252
3253,732,41.19235755063729
3254,745,41.70248442197979
3255,762,42.552553816397946
3256,733,40.37642268134245
3257,749,41.825177348548515
3258,731,41.65950051569027
3259,745,42.062259894738794
3260,745,41.60951653772333
3261,730,41.30386066563644
3262,746,42.329531720291854
3263,760,43.42957682936382
3264,735,40.507267422303954
3265,732,41.204294296482715
3266,775,43.125187839078656
3267,754,42.87225662415193
3268,760,41.9112133197047
3269,763,42.54422838141142
3270,742,41.221295118865356
3271,748,41.11020813058227
3272,741,40.92557473814973
3273,740,41.640010836208006
3274,771,41.98928964027226
3275,750,41.58680226181645
3276,748,41.60630616572431
3277,741,41.435688414501705
3278,732,41.092413896883535
3279,742,41.96426268521254
3280,748,42.32220222800142
3281,763,43.61427552551188
3282,756,41.8859917834483
3283,739,41.32416718176143
3284,755,42.983028296649145
3285,734,40.73362368038417
3286,726,40.62356853468582
3287,726,40.306622004639095
3288,742,41.47428541422698
3289,755,41.67146026869454
3290,716,39.8861428938496
3291,752,41.69263352658852
3292,743,42.258305530027776
3293,742,41.925557423855814
3294,756,42.91024950938928
3295,730,40.629116788839276
3296,737,41.40787524239902
3297,741,41.662115830452734
3298,756,42.30819480984344
3299,741,41.33271997203803
3300,740,42.21313032667029
3301,748,41.494237013736864
3302,757,41.80050823132464
3303,735,41.73410927006163
3304,725,40.62052165938512
3305,771,42.86887913729668
3306,733,41.47690930499988
3307,773,42.30308284005091
3308,773,43.824358525998576
3309,744,41.09987131001911
3310,747,42.30335615287661
3311,758,42.182076558007196
3312,763,41.889405402554836
3313,731,40.73607116426096
3314,719,40.42101322044777
3315,730,39.82690844864082
3316,735,41.076712897781334
3317,746,41.58051070644901
3318,757,42.251679078693925
3319,754,42.57379743128566
3320,742,41.663882234441274
3321,737,41.08599699269677
3322,730,40.869147849597006
3323,749,41.91190710536829
3324,754,41.33634288967089
3325,729,40.79768701486547
3326,754,42.842076238824276
3327,726,40.70263950875121
3328,741,41.32471690544589
3329,736,41.393866850274506
3330,763,43.41263116692709
3331,755,42.10250583646427
3332,740,41.11146808134541
3333,732,40.47808904521431
3334,732,41.069051503348675
3335,744,41.58548655737967
3336,742,40.7301065888602
3337,746,42.07075111933935
3338,735,41.30853502268693
3339,743,41.16823356512944
3340,725,40.80843582044287
3341,748,41.247277578262036
3342,755,41.70862681796135
3343,749,41.7627582388458
3344,744,40.81156027537954
3345,737,41.37942941935039
3346,737,41.84249263232144
3347,736,41.39968244947349
3348,737,41.05145709260326
3349,724,41.19035773257125
3350,746,41.43661588979448
3351,727,41.69336059773914
3352,758,41.69020317070206
3353,748,41.64440348623068
3354,702,39.25114329320355
3355,716,40.17009639675285
3356,740,41.20600111348463
3357,740,42.27273471339183
3358,732,41.18470042403698
3359,760,42.95501650662425
3360,731,41.158120140944646
3361,739,41.98933813189989
3362,714,39.26146055322695
3363,715,40.0155932244097
3364,765,42.2227945853923
3365,756,42.58057599752456
3366,749,42.06299300362567
3367,750,41.52254951408845
3368,744,41.617361965047905
3369,752,42.12811008534242
3370,758,41.96925603028329
3371,715,40.184181590332045
3372,740,41.51733090001499
3373,726,39.88005637877806
3374,776,43.59395792169878
3375,732,40.11559896232541
3376,730,40.437766153877746
3377,735,41.70627297943406
3378,739,41.382788772897385
3379,730,40.96541974377291
3380,744,42.24218656786002
3381,743,42.11869811602874
3382,719,40.073091082260596
3383,747,41.5757619020189
3384,727,40.91438381856328
3385,769,42.268663030021045
3386,721,40.42002047125269
3387,741,41.48914405644327
3388,739,40.23527909185304
3389,753,41.50190168783913
3390,728,40.30670610960996
3391,723,40.45535123324029
3392,753,42.21115788692652
3393,732,40.40556813923416
3394,756,42.848663807437624
3395,716,39.010882907740644
3396,750,41.60534351806723
3397,746,42.28673927527803
3398,731,41.774841947921345
3399,742,41.03845889573199
3400,755,42.322096456228856
3401,758,41.72995393638055
3402,760,42.596665335355034
3403,737,41.54006262723132
3404,729,41.46485188415434
3405,736,41.83561701397861
3406,750,43.12422623728116
3407,733,40.74891068413061
3408,751,42.19284238333446
3409,725,40.57787163686989
3410,764,42.61358338230541
3411,737,41.07662741082526
3412,744,40.96672310756862
3413,731,40.6895380285122
3414,719,40.034935861427904
3415,724,39.58501649578276
3416,717,39.82276005458215
3417,726,40.369285373670024
3418,733,40.855376145535125
3419,748,41.71328588296554
3420,733,41.07607787116438
3421,747,41.41434282392517
3422,773,43.56512470362795
3423,765,42.53743331486223
3424,739,41.297600356375135
3425,749,41.76909506941154
3426,744,42.195763950274696
3427,746,41.60479751796339
3428,742,41.7326493758628
3429,753,41.103630852310964
3430,731,40.67005680805492
3431,733,40.42848482592021
3432,729,40.83122870208574
3433,707,38.579003616781925
3434,727,40.3374088174137
3435,749,42.211857057180495
3436,736,40.86945263759155
3437,729,41.09520215843522
3438,744,41.86569256210251
3439,739,40.940314267686595
3440,740,40.81592920978416
3441,732,40.23954165986272
3442,760,42.505747433655934
3443,740,41.00990053566944
3444,739,41.504544655468585
3445,729,40.21081751714992
3446,748,42.15633399944838
3447,748,41.492637771849715
3448,772,44.01048956451846
3449,730,41.06915510730476
3450,755,43.012582022984404
3451,746,42.22942253798474
3452,734,40.869319323045104
3453,735,41.34666829822047
3454,764,42.98559150756435
3455,755,42.437281036568464
3456,742,41.07244189669731
3457,749,41.37875096064967
3458,736,41.25176859853278
3459,744,41.61555764318997
3460,750,41.7984853653932
3461,765,41.932769423778936
3462,732,40.81167868755218
3463,733,40.99895079354349
3464,734,40.98363906421509
3465,756,41.99176974363977
3466,761,43.02777191842028
3467,731,40.20440498332023
3468,743,41.87478693293972
3469,731,41.14284671369811
3470,748,40.61299834240677
3471,731,40.95793282503542
3472,740,42.17965914919419
3473,745,42.256934575000365
3474,758,41.957314993123816
3475,727,40.979684291268
3476,726,40.20682774695745
3477,756,41.7327163548637
3478,735,41.187026008418826
3479,773,43.135003988016
3480,755,42.18863870473738
3481,753,42.25817669279385
3482,738,41.16820642727216
3483,747,40.99974818299297
3484,749,41.998635765790766
3485,732,41.04813073419201
3486,704,39.41402576565909
3487,741,41.97613968718887
3488,738,42.03729670343539
3489,724,40.806279215699135
3490,743,41.57682808133065
3491,720,40.31503314272638
3492,735,40.662474749081696
3493,746,41.61702142635706
3494,747,41.31693132392812
3495,749,41.7747693509607
3496,759,43.01688215257819
3497,729,40.35668158120007
3498,717,39.18532732827031
3499,724,39.939472950840035
3500,764,42.50162870839059
3501,745,41.07345842951263
3502,750,41.25028244894909
3503,716,40.410347733910946
3504,750,41.81702036693357
3505,752,42.64008082763252
3506,737,40.91041402250844
3507,740,41.233913664320994
3508,740,41.55864627830636
3509,755,42.364295121311855
3510,740,40.833154694631546
3511,735,41.10123539117392
3512,735,41.58352643998991
3513,736,40.78978547533926
3514,746,41.787138487573074
3515,719,40.61369708467012
3516,751,42.053909813774695
3517,762,43.458647849599295
3518,737,40.57685084843797
3519,760,42.421746264976235
3520,759,42.546178604088475
3521,756,42.726231904860285
3522,751,42.2957164520477
3523,746,41.66750779947347
3524,752,41.410351107542084
3525,744,41.55082329604301
3526,742,41.067815830275926
3527,733,40.703036148229344
3528,739,41.147605202282406
3529,742,41.62357872802775
3530,751,41.93345654713419
3531,737,40.98655873033717
3532,728,40.611800752708774
3533,735,40.841831440254865
3534,741,41.32169655851728
3535,743,41.95117125148339
3536,748,42.02005936688729
3537,761,41.982237122161926
3538,728,41.113717161564885
3539,762,42.751538434316224
3540,713,39.62891781344547
3541,724,40.57052836080175
3542,732,40.702686790958346
3543,744,41.529137484131375
3544,745,41.67963635002487
3545,747,41.59796417400665
3546,744,41.59062293496549
3547,739,40.8932434072777
3548,746,42.08095114509678
3549,742,41.997065586482805
3550,744,41.43876028748822
3551,724,41.55889573049171
3552,733,40.99169491009256
3553,745,41.1411174536667
3554,737,41.530035309609666
3555,739,40.23358757714973
3556,742,41.33508770767618
3557,751,41.62046234921704
3558,746,42.43227125191567
3559,731,40.82311788932268
3560,746,42.46382078227071
3561,740,41.37640908773648
3562,750,41.65577717214788
3563,737,41.35560932824802
3564,737,41.36648400719247
3565,722,40.04692424423362
3566,753,41.93592359814275
3567,742,41.01701396675
3568,751,42.813224479760216
3569,756,42.25634102165962
3570,741,41.83482168984078
3571,755,42.727997824541376
3572,764,42.97304510523428
3573,727,41.12524282989954
3574,746,41.927356389506826
3575,740,41.3122945851995
3576,735,41.00733056207601
3577,756,43.28615521625067
3578,739,41.54154319630287
3579,743,40.816668528744536
3580,754,42.17669230778059
3581,752,42.74074463356874
3582,762,42.102453701908914
3583,747,41.43276048714315
3584,740,41.42985752571553
3585,742,41.64041471864082
3586,726,39.85850950206961
3587,706,38.91093382230557
3588,729,40.04933949162756
3589,744,41.353954826184975
3590,763,42.960848552530976
3591,764,42.85792456401736
3592,727,40.61954783420181
3593,747,41.47422262134003
3594,736,40.34542358363306
3595,745,41.63340304588302
3596,775,43.58158782657453
3597,766,43.255523721785075
3598,756,42.1665631060475
3599,744,41.362319535006726
3600,744,41.27310279750496
3601,759,42.51189299504921
3602,743,42.226795151958285
3603,770,43.179143106653605
3604,735,40.034204758619744
3605,743,41.63165645694714
3606,744,41.781983783448545
3607,763,42.49786482842695
3608,748,41.15677733104584
3609,753,42.43703122587252
3610,762,42.19312133415025
3611,747,41.46972688945297
3612,738,41.078639476183426
3613,748,42.5047937624281
3614,752,41.23059540225859
3615,718,40.306912571171374
3616,743,40.96301220170547
3617,764,42.57077314813047
3618,751,41.94892545617074
3619,734,41.07110575273237
3620,730,40.71211842833754
3621,741,41.58908645706092
3622,743,40.991479739067
3623,737,42.16776654266702
3624,733,41.499364621910075
3625,759,42.81540598869398
3626,752,41.02899882989131
3627,728,40.22084110256534
3628,744,42.08817028900951
3629,742,41.77658703646219
3630,739,41.44529662004253
3631,747,41.9959250747894
3632,726,40.90973457117343
3633,715,40.48344905448366
3634,720,40.131556989215674
3635,756,41.53495154500173
3636,743,41.342934838799565
3637,745,41.6023880984616
3638,726,40.89366150999587
3639,714,39.85735769970616
3640,741,41.374437224399614
3641,748,41.4758867345084
3642,758,42.41780393326315
3643,718,39.32186372018111
3644,748,42.0439612451881
3645,740,40.3157656978547
3646,735,40.85431146867768
3647,751,42.84772035752797
3648,763,42.12258059570905
3649,739,41.5530651307204
3650,717,40.42064539007291
3651,767,42.40783703952743
3652,745,41.66114254579361
3653,748,42.08891795427184
3654,757,42.36381619668602
3655,757,42.65736875590531
3656,750,42.267312388305236
3657,729,40.33440601748231
3658,743,41.48722278476077
3659,751,42.19518429442963
3660,737,41.5459121662319
3661,728,41.24592003416581
3662,752,42.15625209315618
3663,746,41.49683842260481
3664,727,41.18949367920475
3665,741,41.63546957273586
3666,740,41.055452836573
3667,704,39.08437265312357
3668,732,40.58081815900226
3669,757,42.444242753008226
3670,732,41.26526643673341
3671,727,40.75733669740673
3672,754,42.79336280898668
3673,747,42.0619932553264
3674,727,40.66975221371742
3675,728,40.61536827005101
3676,757,42.357239277702796
3677,734,41.125795892439406
3678,726,41.45433067673034
3679,728,40.89821870774861
3680,741,41.48054787200536
3681,737,41.95306085803816
3682,747,41.68988977700632
3683,736,40.77196491939853
3684,740,41.61749698658398
3685,764,42.63677382050287
3686,730,40.51719710648966
3687,724,40.11218928531777
3688,718,39.8349764339382
3689,720,40.25967632293999
3690,731,41.26557576407358
3691,742,41.43628724758982
3692,738,41.46369002506182
3693,746,42.32097780985313
3694,729,40.869886840191924
3695,749,41.9536620744565
3696,744,41.82876370712369
3697,748,42.58037572564908
3698,740,41.2861310599585
3699,741,41.53877615413027
3700,760,41.91618719631407
3701,745,42.16727940175823
3702,752,42.171064769191894
3703,748,41.01122447086098
3704,759,42.744779939856215
3705,743,41.65731111925112
3706,749,41.514222933222975
3707,750,42.4782425630672
3708,739,41.20055247643269
3709,743,41.024422134297204
3710,715,40.28042169434293
3711,767,43.03055536378389
3712,735,40.45475101446457
3713,729,40.92080542877447
3714,754,43.17560839636205
3715,749,41.88153170288804
3716,766,43.15755115971147
3717,763,42.05584972147766
3718,755,41.47866598609989
3719,750,42.25902278960747
3720,725,40.33350885473458
3721,747,41.24704985374107
3722,743,41.88761523960614
3723,757,42.056572387020466
3724,736,41.387204536631046
3725,738,41.315059123090464
3726,741,41.35046304913679
3727,751,41.969445419374324
3728,749,41.31009365369406
3729,762,42.813809628376305
3730,741,40.18982145362957
3731,739,41.571124626464986
3732,725,40.90122410070066
3733,726,40.96669264304392
3734,776,43.926397596418205
3735,756,41.36541967222579
3736,759,41.81758980336676
3737,739,41.13496595812456
3738,739,41.8237872393051
3739,739,41.6438427360014
3740,751,41.98458624552595
3741,739,41.81493507748495
3742,739,41.21082786620237
3743,759,42.95721574451694
3744,761,42.68757943061318
3745,749,40.922430569775415
3746,760,42.89786777290422
3747,740,41.34727518015317
3748,759,42.40180137337442
3749,733,41.61836494671773
3750,770,42.553789190285364
3751,730,40.44246228382909
3752,745,42.181748299176306
3753,738,41.06734451368022
3754,727,40.38634299632531
3755,729,40.819232758136145
3756,736,41.19377981037235
3757,740,41.598076553114765
3758,771,42.480816573908285
3759,736,41.04583589217275
3760,756,42.75881988510372
3761,747,41.20456462955987
3762,739,41.22864196979741
3763,725,40.2272489948212
3764,726,40.316711944410976
3765,730,41.015272297291354
3766,734,40.839237057382185
3767,756,42.536424824970354
3768,752,42.16914868371124
3769,757,42.20982986911505
3770,745,41.72437987767813
3771,722,40.334420081462675
3772,738,40.97330386775532
3773,717,40.337039619508964
3774,750,41.81413049314762
3775,755,42.442665205249625
3776,736,41.46425569264034
3777,728,39.93282530727133
3778,714,40.050780382250565
3779,766,43.85008351047658
3780,736,40.532154221658836
3781,749,41.62954011430951
3782,757,41.965124719857386
3783,759,42.779536894821106
3784,744,41.891257980047214
3785,739,41.67806315848062
3786,750,42.17347312017344
3787,754,42.47998289455748
3788,747,41.69243140152704
3789,743,41.44236944811919
3790,733,41.86216239623229
3791,752,42.11411765908112
3792,745,41.98822837693738
3793,771,42.77872001766481
3794,722,40.228349254509205
3795,760,41.37678398975999
3796,735,41.09155969120879
3797,777,43.37081401492479
3798,745,41.629089178022646
3799,752,42.68875059593889
3800,753,41.447792602793484
3801,723,41.092951256574814
3802,758,42.592214544631865
3803,725,39.474947882264686
3804,774,42.9048162163128
3805,746,41.1276257140651
3806,730,40.42905473150401
3807,747,42.28584116510075
3808,756,42.483115600758644
3809,723,40.25282901160724
3810,747,41.23377089420556
3811,759,42.54439366344206
3812,762,43.072890218337996
3813,771,42.9282196485073
3814,730,40.1087743951553
3815,721,40.33242649226841
3816,742,41.668365130390576
3817,736,41.350444968688684
3818,752,42.45109620914537
3819,743,41.08629898847194
3820,707,39.67850765703251
3821,758,41.54837630855141
3822,769,43.43892154064533
3823,764,43.58472316322901
3824,747,41.95543634044452
3825,743,41.39059261140015
3826,724,40.58101292540553
3827,741,41.70559635716127
3828,756,43.09400342740539
3829,722,41.16069189981926
3830,733,41.19262927625906
3831,745,41.99597309696039
3832,743,41.52618899678703
3833,750,42.526460387647916
3834,764,41.716236258301755
3835,760,42.90222782361307
3836,741,41.97329524023741
3837,762,41.69507935398385
3838,720,40.533493731429864
3839,730,40.20729438166329
3840,720,40.656280825341845
3841,765,42.11210396366898
3842,713,40.40574975587064
3843,755,41.63022885329744
3844,765,42.556112707682544
3845,754,41.83911086232626
3846,722,40.41457995575311
3847,732,40.84210939738561
3848,733,40.989737809870185
3849,752,42.48556615405416
3850,738,41.0493143252195
3851,746,41.49664590221438
3852,745,41.44016201081136
3853,757,42.03134934972424
3854,760,42.6929144658914
3855,722,40.355664464357055
3856,744,40.89372369916155
3857,710,39.848063724541895
3858,736,41.554436897585376
3859,749,41.2504672234863
3860,750,42.023456624326585
3861,760,42.51304844606436
3862,738,41.041144689054285
3863,751,41.949307987674686
3864,742,40.82497446287973
3865,726,40.20508524064048
3866,729,40.60576246640029
3867,745,41.34222376776886
3868,769,43.048612265328615
3869,717,40.160469693081126
3870,762,42.54719001513252
3871,732,40.92517334344333
3872,738,41.36572906289356
3873,742,41.01364095211435
3874,737,40.80362784851596
3875,745,42.06941485512881
3876,739,42.642378781940295
3877,745,41.777149390015325
3878,739,41.58350825189494
3879,757,42.2741053068372
3880,733,41.05013326380039
3881,713,38.89281583266566
3882,737,41.10852689973396
3883,777,43.347155400485775
3884,725,40.60708750599712
3885,762,42.356692863128586
3886,743,41.57521310367358
3887,752,42.3506011983012
3888,746,41.30755336035781
3889,755,42.93144076380998
3890,744,41.72266136503269
3891,772,43.34728595707792
3892,748,42.12663022927041
3893,763,42.60265658772209
3894,721,39.701794072385525
3895,725,40.018170112610825
3896,747,41.950504704021476
3897,756,42.367106549465596
3898,751,42.33312198485643
3899,732,41.011324318792695
3900,744,42.027416899810696
3901,757,41.94546307350135
3902,735,40.82902544282415
3903,728,40.95514001879874
3904,731,40.57122067781244
3905,748,43.03183864762697
3906,750,42.7248118828419
3907,723,40.12173513454791
3908,735,40.34238410917641
3909,739,40.383083845044894
3910,746,43.09380227642557
3911,732,40.51602131397756
3912,746,42.955257536447434
3913,745,41.14243561898588
3914,731,40.0854884548186
3915,728,40.635801858078246
3916,768,43.06932159749895
3917,750,41.33049003779873
3918,763,42.080753028729255
3919,720,40.48201701138508
3920,712,39.49017982830836
3921,719,39.61305741487796
3922,733,40.27872653321045
3923,751,41.3780421740671
3924,753,42.07863049332296
3925,754,42.05617967150144
3926,728,40.71717898433898
3927,731,40.49058438707978
3928,742,41.369410845705566
3929,721,39.49606327792501
3930,723,40.15917388463955
3931,752,42.00532423153969
3932,748,41.853880575033166
3933,745,41.87228283490706
3934,767,42.54967552744227
3935,774,43.82732396962338
3936,731,41.27144045784908
3937,725,40.83178969541565
3938,745,40.954179407676655
3939,742,41.16651276108136
3940,756,42.32055952409886
3941,733,39.87771953476008
3942,738,40.48494260118683
3943,770,42.974968240626
3944,746,41.88010643979071
3945,766,42.306659689263036
3946,743,42.497705116086536
3947,737,41.566845634911566
3948,741,41.72907924999195
3949,742,41.33990113578215
3950,739,42.19842401733587
3951,742,41.61939593813576
3952,737,40.85442818332797
3953,739,40.437701066547284
3954,744,41.54774228398288
3955,746,41.52953684626814
3956,751,42.116360305397905
3957,757,42.366031840784366
3958,749,41.64347113282935
3959,743,41.766930719950906
3960,722,39.80448503200954
3961,740,41.93571801265555
3962,755,42.725317788929104
3963,732,40.87061227767333
3964,756,41.21101762914008
3965,750,41.69728930066439
3966,729,41.23024005679128
3967,752,41.88449072208617
3968,752,42.21539020797094
3969,753,41.73029718533107
3970,743,41.79003633867823
3971,734,41.06573874392573
3972,714,39.78780271403861
3973,765,42.790587644639665
3974,749,41.94230262889339
3975,731,40.87767518015795
3976,747,41.400087213599605
3977,744,41.50606196877763
3978,770,43.31674155212187
3979,721,40.79833938326465
3980,727,40.35204158256397
3981,739,41.49526538076647
3982,752,41.57504312466351
3983,744,41.984657652483726
3984,748,42.33270748608562
3985,760,42.86120714108246
3986,751,41.93545438892701
3987,735,40.884507665397514
3988,734,41.53336043520745
3989,728,40.120798202060364
3990,737,41.41528468093695
3991,754,41.58738098689277
3992,738,40.95589874053286
3993,745,41.07808597035701
3994,742,41.78286761310971
3995,762,42.12567568891066
3996,759,41.702305108245525
3997,733,40.832711547554965
3998,751,41.64228424582261
3999,734,40.965474262398345
4000,746,41.22234275324217
4001,717,40.108959497895746
4002,733,40.89737353451568
4003,757,42.42355445313112
4004,753,42.20585852373634
4005,738,40.69550552788073
4006,746,41.19241994796558
4007,743,41.74217026058046
4008,765,42.08911588295758
4009,765,43.1389923062325
4010,751,41.39411302369904
4011,741,41.62811188911475
4012,760,42.4265215753622
4013,751,41.57924544119475
4014,730,40.81215928476095
4015,765,43.01954977155998
4016,723,40.64895981714338
4017,759,41.95178983738855
4018,739,40.59805895633169
4019,745,42.082920034814414
4020,752,41.563173957020844
4021,750,41.68682725798052
4022,767,43.124061858654045
4023,743,42.17886612951483
4024,744,41.907482029491916
4025,757,41.89684513482885
4026,746,40.90713797520467
4027,752,41.63609225751566
4028,756,42.2367055217947
4029,738,41.88156197143995
4030,731,40.95911560057268
4031,737,41.05085099417552
4032,759,42.25166224026937
4033,732,40.52390855972414
4034,741,41.28027076168096
4035,756,42.25144244432485
4036,716,40.712402081968676
4037,753,42.339741866365074
4038,726,40.80859201705963
4039,726,40.636458365368696
4040,765,42.52634144808607
4041,749,42.33317853289162
4042,720,40.04281563794419
4043,762,42.76755856436344
4044,743,41.75312397428593
4045,765,42.76773385952516
4046,746,41.92494133408015
4047,768,42.70252545020831
4048,742,41.313703062289584
4049,744,41.50683571099878
4050,740,40.56958937962145
4051,748,42.12841597933522
4052,738,41.1086557925134
4053,748,42.05476694639744
4054,742,41.91188137949928
4055,758,42.69711230555244
4056,746,41.45564407767419
4057,756,41.70332374716247
4058,752,42.37087214604243
4059,741,41.59523867207225
4060,751,42.68214356593111
4061,741,41.812552361005075
4062,720,40.231494776096405
4063,738,41.8347388014429
4064,741,41.36675030755146
4065,715,39.99674749471151
4066,751,41.60839752772944
4067,746,41.78286731276468
4068,725,40.56699137542565
4069,724,39.5333057766053
4070,742,41.90175499355333
4071,738,41.09008439479421
4072,746,40.978929216294546
4073,727,40.93257109402848
4074,762,41.8992919583925
4075,745,41.449402278850016
4076,775,43.320854903507964
4077,750,41.57636377022768
4078,724,40.12557131243169
4079,746,41.935415730971776
4080,781,43.44573838496425
4081,763,42.80690224540756
4082,726,41.04122497594682
4083,734,40.42543778742834
4084,743,41.59547656448617
4085,745,41.1626410632296
4086,732,41.82930667336743
4087,770,42.46058050356616
4088,748,41.31689701024018
4089,755,41.58145816572435
4090,759,42.70208384316334
4091,734,41.182721074987576
4092,761,42.86461659663659
4093,742,41.54900932513135
4094,754,42.22852613085797
4095,760,42.38139424199266
4096,724,40.69855391906923
4097,724,40.755881455133164
4098,749,42.55664209583609
4099,740,41.236600384077455
4100,729,40.55993458759474
4101,736,41.432560711415945
4102,768,42.82504083854939
4103,733,41.37616328112468
4104,748,41.253243688984995
4105,761,42.84908228133346
4106,751,42.26778607230997
4107,732,40.674254346703094
4108,751,42.46182044251519
4109,739,39.998028784681864
4110,750,41.71753311824083
4111,724,40.70112705832234
4112,754,42.25300325573778
4113,760,42.98236568855521
4114,731,40.68983451865106
4115,730,41.08200271367086
4116,727,40.72714917551718
4117,735,41.65020479511846
4118,754,42.65672910451195
4119,738,41.192240727817385
4120,749,42.247751972066744
4121,738,41.49054705938399
4122,716,40.256368204809306
4123,746,40.81998997693345
4124,726,39.921147428549276
4125,741,41.84263386401767
4126,736,40.871425880422905
4127,722,40.36604856204591
4128,750,41.64915927144264
4129,744,41.56863613812002
4130,736,40.9824250654661
4131,743,40.73234429994394
4132,739,41.31308615246093
4133,698,38.86394342802797
4134,751,42.5824574586481
4135,743,40.75228281311578
4136,722,40.03411859842934
4137,737,40.991161342509734
4138,763,43.379579697344134
4139,720,40.19044189347166
4140,732,41.29411939730278
4141,758,42.100993876072515
4142,746,41.623154006350056
4143,756,42.56251386397356
4144,738,41.7239853632949
4145,726,40.95674432738914
4146,761,42.815290336051866
4147,732,40.78800545265982
4148,731,40.65027476519749
4149,742,41.508343003197155
4150,763,42.211024609161264
4151,739,41.03779848891633
4152,723,40.10755694213541
4153,751,41.60941975552304
4154,755,41.42294413914039
4155,728,40.252868836770794
4156,762,43.24415662801497
4157,741,41.03791345085528
4158,748,41.17410269546527
4159,726,41.304856938818475
4160,725,41.08086809087264
4161,748,41.15365241071008
4162,718,40.90722205676105
4163,744,41.23102304091216
4164,713,39.68492743361713
4165,753,41.87142179322694
4166,740,41.049696867302174
4167,726,39.66129444034525
4168,736,41.08664370432824
4169,754,42.368224042996715
4170,752,42.150722793686164
4171,759,42.84103906107482
4172,726,41.03052537224701
4173,726,40.68239953777493
4174,768,42.82932121849192
4175,749,42.14731594198828
4176,740,41.6853055986216
4177,723,40.79393825436344
4178,733,41.19490029721002
4179,735,41.830957832196184
4180,743,41.34075342836796
4181,750,41.92184182444343
4182,755,42.48185684639966
4183,752,41.39331116991885
4184,734,41.17682334113896
4185,748,41.531907142971136
4186,769,42.28226770220532
4187,747,41.30538301017778
4188,765,43.13705993830771
4189,731,40.623256373132094
4190,736,41.93503531840377
4191,748,42.22780745840366
4192,743,41.8064725890669
4193,759,42.94335875946561
4194,743,40.14131474980302
4195,766,43.03207614685524
4196,726,39.970160695744575
4197,735,41.166600328235425
4198,763,42.67017980982547
4199,743,41.43628638390202
4200,765,42.5625766741261
4201,743,40.80032818596121
4202,761,42.888970229354356
4203,728,40.55828189436934
4204,750,42.41327682985976
4205,734,40.53927295412263
4206,745,41.63172216382107
4207,741,41.215799323157036
4208,747,41.61991278846035
4209,738,41.4940236003582
4210,720,40.72177153994487
4211,748,42.55999490995482
4212,733,40.63807172091762
4213,748,41.14077355071487
4214,738,41.65623851827159
4215,748,41.63721621803726
4216,735,41.03604932445178
4217,747,42.04704473059345
4218,754,43.081389642450524
4219,745,42.37173100233539
4220,741,41.02356415054885
4221,772,42.381862880593864
4222,744,41.81515239479257
4223,737,40.47647153692215
4224,734,41.205858821438106
4225,756,42.65994098168764
4226,740,40.68661161401964
4227,746,41.71061535345952
4228,734,40.28954742067453
4229,767,43.01805502562951
4230,757,42.77860135573071
4231,736,41.092143252991136
4232,740,40.48243299104271
4233,736,40.294463720404124
4234,733,40.47033000887269
4235,748,42.66449048950353
4236,723,40.36950252307313
4237,755,42.313815460251924
4238,757,42.52410763003004
4239,732,40.022671502682385
4240,761,42.60088379140248
4241,745,42.77140485789956
4242,741,40.55640900274607
4243,732,41.0415116511785
4244,749,41.02105018438069
4245,730,40.07336970131553
4246,746,41.16000527672227
4247,755,42.72889861843102
4248,750,41.67432980863678
4249,734,40.66277848530176
4250,747,41.246581899422104
4251,742,40.56618914671712
4252,743,40.80861834186497
4253,750,42.00087929120956
4254,758,42.9292450729798
4255,762,42.80066944775381
4256,752,42.24938147956405
4257,724,40.540707048345425
4258,751,41.75634631573957
4259,752,41.89371058164022
4260,751,42.90200570721399
4261,745,42.08437717220843
4262,760,42.84184367125153
4263,724,40.238777042506484
4264,730,40.10230080241372
4265,751,43.05014969041001
4266,732,40.43177653098376
4267,730,40.39029195676787
4268,751,41.61128810922843
4269,738,40.798242620557325
4270,731,40.45035072384076
4271,728,39.89227096199015
4272,746,41.04294426214017
4273,748,42.11919702017084
4274,725,41.13952328338345
4275,737,41.369545729338604
4276,737,41.20123175112762
4277,748,42.00706898427056
4278,737,41.81147358651104
4279,727,40.56587496032128
4280,752,42.3389314714275
4281,752,42.1724557436491
4282,745,41.136768865390785
4283,739,41.472746367481875
4284,738,41.59330959758398
4285,756,42.54359126021476
4286,740,42.359295621272075
4287,759,42.68553022282465
4288,737,42.23840038850063
4289,753,42.37332653352074
4290,740,40.42288012101707
4291,747,41.96763637834172
4292,720,39.61578594011999
4293,727,41.020871426226925
4294,730,40.19604947417096
4295,738,41.53024490694749
4296,744,41.511404522991405
4297,752,41.6963674717415
4298,736,41.59403503857563
4299,753,42.37517479444993
4300,750,41.8987579592165
4301,756,42.246710492209296
4302,723,40.15109929165584
4303,743,41.5387688715626
4304,759,42.54469441094882
4305,740,40.791621146004594
4306,755,42.7174075450935
4307,732,41.26227904970493
4308,746,41.3970795971937
4309,736,40.79032561339422
4310,746,40.953030633439695
4311,750,42.49812102390077
4312,722,40.406059133676514
4313,747,41.38669678624737
4314,740,41.26213870880032
4315,738,41.47105014146316
4316,756,42.00406071013764
4317,731,40.41183472660345
4318,723,40.862887739370784
4319,738,41.67465769864425
4320,740,41.47698912094954
4321,754,42.654967995032976
4322,752,41.346629970834606
4323,734,40.814333976409436
4324,769,43.09632254181041
4325,754,41.23687210972123
4326,747,42.1097126417198
4327,747,42.305859626852964
4328,728,40.28455920638943
4329,744,42.491180977778605
4330,749,41.64041458787702
4331,746,40.827951159614294
4332,729,39.98958180970567
4333,747,42.163947948291415
4334,762,42.3397047131117
4335,721,40.1163028474668
4336,753,41.53394168378261
4337,762,42.287325006871946
4338,746,41.59038356141668
4339,738,41.38043861734542
4340,735,41.29596664976034
4341,740,41.479772982679634
4342,745,42.25536448881069
4343,715,39.97601847559061
4344,752,41.57655680595044
4345,742,41.01127048742622
4346,718,40.27026090701565
4347,756,41.40863700176736
4348,761,42.69595104875556
4349,727,40.71565552916995
4350,758,42.79979430838489
4351,742,41.24639407851766
4352,761,42.17299630538181
4353,740,40.95627244027291
4354,722,39.67528374028204
4355,718,40.61715155145958
4356,742,41.486403347587895
4357,741,41.8209574770561
4358,738,41.52387475439776
4359,737,41.687772944379375
4360,717,40.08446103708134
4361,727,40.4260122825542
4362,753,41.63543093614811
4363,730,41.115157515684594
4364,730,40.99364571142297
4365,742,41.48101510274201
4366,745,41.55889638870381
4367,753,42.096308467795545
4368,768,43.13060581399874
4369,740,41.68555556237165
4370,768,42.68051537147518
4371,752,41.781974259302054
4372,745,41.652879480472855
4373,746,41.877089843570964
4374,726,39.93313339811791
4375,755,41.862860272364074
4376,749,41.557381107836406
4377,729,41.09331481003306
4378,754,42.288006892079494
4379,753,43.099030413538124
4380,747,41.643026725684315
4381,738,41.504006487612074
4382,750,42.37252835981724
4383,739,40.23171662089371
4384,768,43.04637254608866
4385,772,42.38477254080074
4386,760,42.9901994647292
4387,738,41.81448485286404
4388,711,40.281340601525145
4389,741,41.79736290410792
4390,733,40.95981572677219
4391,736,41.248585276452076
4392,746,41.91953325349741
4393,728,41.321839332523965
4394,762,42.027799498017345
4395,718,39.56735634659881
4396,746,41.89457420698644
4397,717,39.62222749891219
4398,747,42.032511479719105
4399,741,42.09150387977188
4400,738,41.46708101615801
4401,725,40.6178632336136
4402,759,41.89158416545954
4403,714,39.686540281849375
4404,755,42.692780229331156
4405,727,40.91909427011626
4406,741,41.44023602398847
4407,752,42.17098847792707
4408,762,42.47456212826017
4409,757,42.402820083169594
4410,747,41.43583560640012
4411,773,43.72920634211742
4412,703,39.14909421297679
4413,737,41.1424715904686
4414,718,39.574980443161365
4415,746,41.8026622152314
4416,760,43.00444862219656
4417,756,42.403861207304956
4418,740,41.003446480983214
4419,765,43.52511944103127
4420,750,42.005911689381826
4421,715,39.76465011246825
4422,750,41.805510052145394
4423,744,41.50698778840457
4424,735,40.925669176827085
4425,755,42.859267702954895
4426,750,41.72585181777169
4427,726,40.69618815850788
4428,732,39.9575268167458
4429,751,42.73450270304369
4430,767,42.91011959282709
4431,732,40.921138574832106
4432,742,41.6304785564121
4433,738,41.32769900663571
4434,762,42.387126845619726
4435,763,42.38791074045396
4436,775,42.5064594651664
4437,732,40.679162274743405
4438,737,40.15477165777931
4439,750,41.902974648344475
4440,716,40.28105136885597
4441,757,42.19344244538808
4442,766,42.99684845808038
4443,729,40.245545822616016
4444,737,40.774143856481935
4445,773,43.03547482692728
4446,737,41.206891248713276
4447,746,42.26593193258518
4448,750,41.83562512454909
4449,744,41.30009545802017
4450,722,40.072907931819906
4451,746,41.41996438347827
4452,731,40.59382690851319
4453,750,41.745505980498635
4454,751,41.77604911267913
4455,726,40.8479922825097
4456,732,40.62704750484581
4457,727,40.418405186847664
4458,744,41.46217803847656
4459,736,40.080661425496444
4460,729,40.119986927126575
4461,752,41.79890494070752
4462,739,41.15216345781737
4463,752,41.7236713805772
4464,761,42.13492142953328
4465,764,42.96367855394389
4466,755,41.75866546540726
4467,737,41.04882849606803
4468,755,42.035055754596144
4469,743,41.43283491971677
4470,752,41.89633447226325
4471,756,42.41135258393548
4472,765,43.89809237986548
4473,771,43.23917870825241
4474,769,43.06793471992343
4475,744,41.95850854732489
4476,738,41.16860087276983
4477,740,40.27180427465324
4478,726,40.13149087707404
4479,733,40.74868705208666
4480,730,40.58852163131623
4481,739,42.02922299584151
4482,743,41.05348759455261
4483,725,41.05641527868622
4484,736,40.336805122078424
4485,747,43.004680799945525
4486,753,42.17975891801565
4487,733,40.65054807540478
4488,737,40.735830891092334
4489,738,40.802737536319626
4490,718,39.54064927597516
4491,752,42.489810494740816
4492,726,40.4265532463169
4493,758,42.31084648892309
4494,729,41.72757998770684
4495,736,40.82141666342954
4496,740,40.79422643339826
4497,749,41.98943947512019
4498,753,41.50028086683408
4499,739,41.87230509377675
4500,749,42.00929105572051
4501,727,41.60791246448621
4502,741,41.470402761367765
4503,733,40.37964196435624
4504,764,42.83575129081672
4505,748,41.208053553242806
4506,753,41.178369672868314
4507,727,41.58461791155811
4508,755,41.63418542835422
4509,740,40.96227147662216
4510,750,41.2475002261816
4511,746,42.35073304660585
4512,752,41.82838553157974
4513,756,41.79012745974075
4514,751,42.362105574623506
4515,720,39.21368283492872
4516,735,40.453149328751266
4517,738,41.98762399072253
4518,736,40.88013465994807
4519,729,41.239336632204584
4520,726,41.317885406759
4521,758,43.43923718344257
4522,734,40.4354540442073
4523,731,40.73396414490885
4524,718,40.07816050634085
4525,767,43.019410182685526
4526,746,42.24707669734922
4527,735,40.30400175713882
4528,725,40.502292283100076
4529,785,44.04362500760234
4530,724,40.180408741607735
4531,741,41.482333104805
4532,746,41.546853373506565
4533,729,40.692757796318205
4534,756,41.808359142298094
4535,729,40.34160288222168
4536,742,41.52862269714296
4537,739,41.401079630849665
4538,743,41.255680122653665
4539,741,41.25666108933761
4540,737,41.2788435358628
4541,748,41.346829889779485
4542,740,41.77154268869989
4543,740,40.90738448990685
4544,762,42.801814832953546
4545,740,40.91388700603722
4546,723,40.611966170372575
4547,733,41.6726508876891
4548,758,42.729957487041794
4549,745,41.74956952676627
4550,732,40.59322692675879
4551,715,39.90027319190558
4552,743,41.83455379299117
4553,726,40.458770329894676
4554,754,42.26699882807917
4555,744,40.84659722134661
4556,722,40.747693988739535
4557,737,41.407861760987934
4558,740,41.77972245346809
4559,745,41.26672276829439
4560,750,42.721345356589964
4561,738,40.673110743965786
4562,741,41.165081899796235
4563,750,41.5757567607874
4564,740,41.05220008597647
4565,739,41.455043713270726
4566,747,41.59062728266293
4567,731,41.551539188980385
4568,751,41.57107331666035
4569,744,41.11243787989381
4570,716,39.81800126583822
4571,748,41.96616441544072
4572,752,42.5342231165494
4573,740,41.169429440861585
4574,757,41.970598078455396
4575,744,41.943911394479606
4576,735,41.06299577778712
4577,760,41.6614711843356
4578,738,40.47846096728093
4579,759,42.97407491916072
4580,734,40.82246217804459
4581,757,42.48989715572495
4582,750,42.93416751354056
4583,741,41.45137400823933
4584,710,40.07080237477048
4585,740,42.00005020239105
4586,744,41.735128367935694
4587,763,42.87545040421231
4588,735,41.241297605985615
4589,744,41.88188678031914
4590,735,40.52345491964474
4591,753,41.68746495247061
4592,729,41.0471034694998
4593,760,42.72774548503323
4594,731,40.850074267915915
4595,736,40.81939197412765
4596,707,39.84113726268951
4597,754,42.36386431980853
4598,739,40.78698208572008
4599,732,39.98495603875269
4600,733,40.26829987560351
4601,746,41.62457099607028
4602,747,42.11329871861772
4603,744,41.4729832121195
4604,752,42.010132716960086
4605,742,41.72017221365145
4606,742,40.294347617764885
4607,746,41.638399812629046
4608,748,41.389741160775415
4609,751,42.571843831841925
4610,768,43.18696572274194
4611,720,39.79859459127489
4612,735,40.21496587929711
4613,748,41.94601012735367
4614,737,42.1926153443977
4615,746,41.77071773163072
4616,758,42.662612245338345
4617,736,41.256501352495334
4618,764,42.833660950269994
4619,742,41.47314387167729
4620,746,41.73518151751615
4621,724,40.624661007904876
4622,742,41.73496195450669
4623,744,42.11289071187058
4624,734,41.460119542934784
4625,745,41.15823081820033
4626,750,42.44496317972356
4627,750,42.71245935439867
4628,742,41.55205745234541
4629,761,43.512578181280105
4630,749,42.02146014132248
4631,737,40.9963866427646
4632,727,41.27486092360496
4633,755,41.2614378160573
4634,735,40.939784331553966
4635,741,41.74117206376548
4636,747,41.48325018356371
4637,751,41.476624647850215
4638,753,42.52154113699124
4639,738,40.70169667480697
4640,741,41.41551412369931
4641,715,40.26258904321778
4642,745,41.8199512601495
4643,765,42.06529302411188
4644,766,42.4419174531821
4645,725,40.878211385943494
4646,746,40.83796373936951
4647,729,40.99418492465128
4648,744,40.73965927854042
4649,770,43.912534745982825
4650,725,39.723650045421124
4651,752,41.96445884031141
4652,756,42.538314134097426
4653,752,41.467350336513064
4654,738,40.778992562577606
4655,764,42.02432296108601
4656,739,41.74051736345167
4657,739,41.34750841984144
4658,727,40.938003623965294
4659,753,42.60736010307074
4660,750,41.87438421547978
4661,736,40.632871378796054
4662,741,40.90497506276393
4663,770,43.50115081657048
4664,749,41.57757757851323
4665,745,41.5503107789316
4666,740,42.313370311987555
4667,751,41.62089695705996
4668,763,42.128446875257936
4669,714,40.015280295365656
4670,752,42.08232127403922
4671,752,41.94688139137024
4672,765,42.13658846425468
4673,714,40.143044293079484
4674,759,42.02763155701578
4675,747,41.826166168656975
4676,739,41.4985485863617
4677,758,41.697783873410856
4678,722,40.737182903268646
4679,743,40.990403185704366
4680,768,42.3673832284693
4681,760,42.61243562631699
4682,747,40.80557799789469
4683,738,40.82732479346746
4684,712,39.68871469930043
4685,746,41.627628914096626
4686,733,40.64025089695595
4687,754,41.55797046762939
4688,760,41.65598104193716
4689,729,40.025988193094236
4690,761,42.266420920636136
4691,765,42.29884037616383
4692,739,41.6399105963323
4693,749,41.5352564852341
4694,740,41.24386461606608
4695,734,41.1883634452734
4696,708,38.48452954474741
4697,749,41.778108357390714
4698,742,41.30362142734848
4699,724,40.44286532000066
4700,762,42.440009196479465
4701,748,41.3479952595419
4702,755,41.90076734680805
4703,739,40.71401677769265
4704,750,41.07702570553315
4705,746,40.29017016078188
4706,745,41.121798794999606
4707,743,41.17304463148965
4708,743,41.6380486290035
4709,750,42.014509567156416
4710,731,40.78701336560982
4711,761,43.181392227056335
4712,729,40.83016539826852
4713,763,42.6513976150547
4714,732,39.61958199499324
4715,733,40.942126065800174
4716,733,40.300316008470666
4717,722,40.25117917201295
4718,735,42.38371571949372
4719,757,42.11972605061971
4720,722,40.38788414270555
4721,738,41.267875647674785
4722,731,40.99082143805674
4723,733,40.63808642174419
4724,721,41.04415152451234
4725,744,41.246185990055146
4726,748,42.14361563969697
4727,746,41.55034405677776
4728,724,40.45982463720317
4729,723,40.04703466278101
4730,713,39.927381260562996
4731,698,39.09893425908632
4732,731,40.60915177775016
4733,748,40.90664962889081
4734,763,42.10655233298289
4735,729,41.222647324408356
4736,748,42.15230635487931
4737,719,40.15092525966747
4738,745,41.350206375626755
4739,733,40.75935153717204
4740,737,41.521910718950906
4741,724,40.5479797476443
4742,726,41.25229897612834
4743,730,40.81207969252361
4744,736,41.33160784263021
4745,751,41.0894317749312
4746,727,40.81679655655427
4747,754,41.702696460922695
4748,725,40.26620826871813
4749,728,40.444962183300305
4750,753,41.72510418484333
4751,744,42.18115035275383
4752,718,39.91796560207644
4753,751,41.64002157175284
4754,767,43.04647709327551
4755,743,41.087686703787114
4756,752,41.72880968866677
4757,763,42.21767992135726
4758,742,42.180682883235065
4759,745,42.227192744424315
4760,748,41.307295781526186
4761,740,41.46894840679859
4762,760,42.510092915996715
4763,727,40.71708747132931
4764,762,42.79659351862231
4765,740,41.64252524976839
4766,749,42.07581670551574
4767,753,42.11031529435734
4768,738,41.93879770577005
4769,761,43.038719328594844
4770,757,41.94328630312402
4771,763,42.41313343522591
4772,737,40.97483614502672
4773,726,40.02247953579205
4774,732,41.102263034848
4775,746,41.96483218878462
4776,754,42.22501799287525
4777,726,40.69273437315417
4778,751,42.849209108127354
4779,748,41.754616875348475
4780,739,41.09462710163781
4781,748,41.33704122757163
4782,743,41.248560396810184
4783,736,40.97866142762278
4784,748,42.445066411479914
4785,734,41.6962542216726
4786,747,41.51315122581529
4787,730,41.2716606446216
4788,744,41.65365724513978
4789,752,42.4992112325498
4790,740,41.51106428132261
4791,731,40.607113675171036
4792,738,41.24192958789539
4793,751,41.1778025133319
4794,743,41.27290093642438
4795,747,41.54347370845825
4796,744,40.92802825658437
4797,742,41.29103841009706
4798,777,44.48683564277708
4799,763,43.33169786406831
4800,743,40.93306619733827
4801,746,41.246711018472986
4802,738,40.56117616866233
4803,736,41.270942754605336
4804,754,42.51790917799929
4805,738,40.98058890135035
4806,734,41.0024824892056
4807,765,43.49477502839502
4808,730,40.63404812752988
4809,742,41.8677450643463
4810,755,42.345932920547476
4811,758,42.66825434190881
4812,730,41.03262495381353
4813,752,41.65573688320555
4814,728,40.254988392001906
4815,743,41.42654382861705
4816,738,41.0260032665078
4817,764,42.596791884521586
4818,731,40.846606259897925
4819,734,41.2834667055208
4820,756,42.44586609271861
4821,733,40.381765590405166
4822,773,44.035756158866114
4823,741,40.978587684704316
4824,745,41.60646712030502
4825,731,40.38533501033925
4826,742,41.8695792378036
4827,743,41.06292452605132
4828,746,41.67381365591109
4829,760,42.20822522062278
4830,741,41.276320116425154
4831,742,40.81673651809345
4832,756,41.99924059182725
4833,755,42.30560409559646
4834,755,41.78769841457794
4835,737,41.601656170176824
4836,728,41.48592651559205
4837,748,41.28340914861238
4838,753,42.55424823986855
4839,743,41.044944123559254
4840,752,42.29280598891103
4841,733,40.659603828705116
4842,743,41.875233765999425
4843,724,40.1284923018596
4844,743,41.27482432152702
4845,724,39.778756298490634
4846,749,42.24535574056099
4847,748,41.72779249662876
4848,752,42.73533351370444
4849,750,42.491629113088564
4850,735,41.33615851711305
4851,745,42.11366375098366
4852,702,39.25465109977512
4853,734,40.809800388719516
4854,743,41.86443660302366
4855,752,41.71573933281109
4856,739,40.96567933305098
4857,761,42.60630081748018
4858,756,42.42404697390035
4859,745,41.81929813688416
4860,763,42.723672621670985
4861,727,40.669209877137604
4862,742,41.57332280924725
4863,745,41.631177019519065
4864,745,41.33935223042988
4865,729,40.86758565962585
4866,752,42.20267068880571
4867,779,43.90766687049051
4868,720,40.99927414386727
4869,727,41.04777751702938
4870,746,41.82061541988684
4871,744,40.38110175934715
4872,760,42.29120288004097
4873,752,42.52945325818804
4874,756,42.64707176303796
4875,749,42.07385086220207
4876,731,40.49314268115893
4877,721,40.66386977524179
4878,729,41.075301057917166
4879,743,41.04795943533247
4880,761,42.64522903141975
4881,759,42.38876381918598
4882,735,41.02865489468769
4883,727,40.597183276197285
4884,745,41.98312376731068
4885,761,42.86413673458982
4886,753,41.850800325905624
4887,747,42.07759106247856
4888,740,41.55524701116827
4889,764,42.500966739142854
4890,745,41.38752555905423
4891,735,41.04889917676286
4892,740,41.07283052344943
4893,756,41.687887192874726
4894,733,40.25864786410957
4895,731,41.05050428260404
4896,745,42.04722415096285
4897,729,40.57139340749341
4898,747,41.980340254274246
4899,751,41.618224082836534
4900,719,40.42459809035469
4901,740,41.6957786664558
4902,750,40.80063723687698
4903,757,43.04423710420589
4904,737,41.30838774254181
4905,756,42.30720924030254
4906,732,40.54138304134194
4907,740,41.1299668988789
4908,757,42.6601043299201
4909,731,40.036731926279295
4910,764,43.36109809197346
4911,741,41.58270553719951
4912,742,42.411308202223715
4913,738,41.687294504067225
4914,765,43.13991615427575
4915,751,41.26358724355728
4916,735,41.62894431620038
4917,755,42.00018780886071
4918,755,42.160334779434336
4919,727,40.751537118569516
4920,743,41.79963505828193
4921,739,40.87516326766914
4922,749,42.22382750442607
4923,740,40.8724745525555
4924,750,42.579883008541515
4925,739,41.72253356274519
4926,742,41.50551889951
4927,750,41.85441000486989
4928,703,39.07004798012128
4929,740,42.0862644075244
4930,748,41.81184020018354
4931,732,41.31209103609256
4932,750,42.624077879338586
4933,741,41.68970998130198
4934,720,39.56967717600786
4935,752,42.35053970570873
4936,764,43.02045859600749
4937,730,40.7486907700783
4938,736,40.794052499698545
4939,742,41.78934181519878
4940,742,41.96394362972653
4941,764,43.03860819758389
4942,752,41.53876892309549
4943,737,41.00413994435873
4944,740,40.44598402614595
4945,743,40.156876677829345
4946,724,40.780390474250524
4947,729,40.72099776129578
4948,736,41.4572018959469
4949,732,41.02242536127826
4950,732,40.627798001031074
4951,747,42.57945076581447
4952,709,39.59569661668081
4953,759,42.38094451326388
4954,729,40.96929568952477
4955,737,41.56688333713385
4956,732,41.19541613157958
4957,745,42.08157350042194
4958,749,40.65418906804805
4959,749,41.54515821666809
4960,726,40.82023053522414
4961,716,40.0395337430068
4962,753,41.856938548603516
4963,771,43.542982647180466
4964,734,40.50996375794256
4965,720,39.98240825683193
4966,734,39.85125348118348
4967,730,40.58603797211329
4968,740,41.53013981862373
4969,736,41.408159730301165
4970,718,40.54350746908138
4971,753,41.506325558916764
4972,729,40.85600668606004
4973,754,41.32423023915365
4974,747,41.87694979529404
4975,739,41.71386175907523
4976,746,41.36692698555714
4977,729,40.75502862204606
4978,751,41.38282911482606
4979,752,42.306879569414725
4980,737,40.939913909742074
4981,753,41.55276710927944
4982,757,42.579648600962585
4983,751,41.37506512749258
4984,759,42.96932071199069
4985,729,40.50333686780068
4986,740,41.473513378951566
4987,764,42.99897815440941
4988,749,41.08837701999095
4989,714,39.94985454593234
4990,732,40.62561555626672
4991,767,41.84590124240926
4992,729,40.50282272622523
4993,760,42.92644059352683
4994,759,42.826680842697435
4995,759,42.728583920648205
4996,755,42.25711735446562
4997,749,41.41351812218397
4998,734,40.80204467153287
4999,736,41.815322081532976
5000,746,41.6153494830008
