generation_seed,test_index,action,context_support_distance,action_support_distance,action_support_minus_context,predicted_action_loss,predicted_relative_loss,realized_action_regret,unsafe_action
44671,0,1,2.3749522724708965,4.216161877215489,1.8412096047445927,0.24014305298724828,0.0050926615975059875,0.0,0
44671,0,2,2.3749522724708965,2.886795293784158,0.5118430213132616,0.23538921231755244,0.0003388209278101517,0.0,0
44671,0,3,2.3749522724708965,4.094533882315645,1.7195816098447483,0.2350503913897423,0.0,0.0,0
44671,1,1,1.8359456227282067,2.3726567684968787,0.536711145768672,0.16570761277668608,0.0005832822959190298,0.0,0
44671,1,2,1.8359456227282067,2.5885372949380083,0.7525916722098016,0.16862801136815134,0.003503680887384286,0.0,0
44671,1,3,1.8359456227282067,3.2640017631139044,1.4280561403856977,0.16512433048076705,0.0,0.0,0
44671,2,1,2.428632169715948,3.5404654857952087,1.1118333160792608,0.0846480006101611,0.005611648358093482,0.0,0
44671,2,2,2.428632169715948,2.5987713100245005,0.1701391403085526,0.08104654725464097,0.0020101950025733506,0.0,0
44671,2,3,2.428632169715948,3.383917011242956,0.9552848415270083,0.07903635225206762,0.0,0.0,0
44671,3,1,1.6776101775825054,1.7925380897242136,0.11492791214170817,0.16228900394191584,0.0,0.0,0
44671,3,2,1.6776101775825054,1.8690516319525088,0.19144145437000337,0.188418143664526,0.026129139722610162,0.0,0
44671,3,3,1.6776101775825054,2.027667430212721,0.3500572526302157,0.2051168626827639,0.042827858740848074,0.0,0
44671,4,1,1.6231579898327702,1.7120539585151184,0.08889596868234828,0.1559862163748419,0.0,0.0,0
44671,4,2,1.6231579898327702,1.812222877387245,0.18906488755447493,0.1633838496856022,0.007397633310760321,0.0,0
44671,4,3,1.6231579898327702,1.7886911751874066,0.16553318535463646,0.16976027850502834,0.013774062130186449,0.0,0
44671,5,1,1.3087023431715417,1.4361794118454845,0.12747706867394282,0.15595799422796228,0.0,0.0,0
44671,5,2,1.3087023431715417,1.4980029236374675,0.1893005804659258,0.1880364120317525,0.03207841780379023,0.0,0
44671,5,3,1.3087023431715417,1.5324667225467778,0.2237643793752362,0.20016223217888257,0.044204237950920294,0.0,0
44671,6,1,1.0775150589109035,1.212295735871533,0.13478067696062945,0.1386610972015604,0.0,0.0,0
44671,6,2,1.0775150589109035,1.4473288616661915,0.36981380275528797,0.15493720057781388,0.016276103376253487,0.0,0
44671,6,3,1.0775150589109035,1.5048665679801065,0.42735150906920305,0.1715056476316621,0.032844550430101704,0.0,0
44671,7,1,1.745317989800211,2.026713492866932,0.28139550306672123,0.2186688038046817,0.0,0.0,0
44671,7,2,1.745317989800211,2.122960897340447,0.3776429075402359,0.29636560996323036,0.07769680615854865,0.0,0
44671,7,3,1.745317989800211,2.1024464393371742,0.3571284495369633,0.3303155977165388,0.11164679391185708,0.0,0
44671,8,1,1.609641416366508,1.7316783402417442,0.12203692387523613,0.17519168785661907,0.0,0.0,0
44671,8,2,1.609641416366508,1.835790802111216,0.2261493857447079,0.22514251171555488,0.04995082385893582,0.0,0
44671,8,3,1.609641416366508,1.9026076651944437,0.29296624882793565,0.24753789809453977,0.0723462102379207,0.0,0
44671,9,1,1.7932443353753325,1.855463154265784,0.062218818890451555,0.17321379350614788,0.0,0.010849294821470457,1
44671,9,2,1.7932443353753325,1.9294969167342118,0.1362525813588793,0.20777285425753864,0.03455906075139076,0.010507103816385865,1
44671,9,3,1.7932443353753325,2.101623284250677,0.30837894887534434,0.22514319161909543,0.051929398112947556,0.0,0
44671,10,1,2.3499064132480276,3.1393963411529477,0.7894899279049201,0.20285088983852043,0.003909016458885611,0.03387565136671716,1
44671,10,2,2.3499064132480276,3.283573023654349,0.9336666104063216,0.19894187337963481,0.0,0.023368547550331298,1
44671,10,3,2.3499064132480276,3.1785022933455394,0.8285958800975117,0.21391330167186615,0.014971428292231331,0.0,0
44671,11,1,1.8678887050264912,1.985430572211777,0.11754186718528592,0.16890740904694196,0.0,0.0,0
44671,11,2,1.8678887050264912,1.9980457815920882,0.13015707656559705,0.20136585302110266,0.0324584439741607,0.0,0
44671,11,3,1.8678887050264912,2.1277327395179872,0.25984403449149607,0.2243153554683645,0.05540794642142255,0.0,0
44671,12,1,1.7337120994763673,1.9034143534217507,0.1697022539453834,0.17208929939609477,0.0,0.0,0
44671,12,2,1.7337120994763673,1.8888239731543686,0.15511187367800128,0.19044051631094627,0.018351216914851504,0.0,0
44671,12,3,1.7337120994763673,1.9606110988221261,0.22689899934575886,0.20366800079642733,0.03157870140033256,0.0,0
44671,13,1,1.0389093451759204,1.1261767475584,0.08726740238247954,0.13973656568092505,0.0,0.0,0
44671,13,2,1.0389093451759204,1.3932507437510349,0.3543413985751145,0.15106523940503722,0.01132867372411217,0.0,0
44671,13,3,1.0389093451759204,1.3931424776232677,0.35423313244734733,0.16554195121357676,0.025805385532651715,0.0,0
44671,14,1,0.9559605976285102,1.1177620368506713,0.16180143922216117,0.13154112199838963,0.0,0.0,0
44671,14,2,0.9559605976285102,1.0672360798742488,0.11127548224573869,0.15511404218390654,0.023572920185516905,0.0,0
44671,14,3,0.9559605976285102,1.3077113827588014,0.35175078513029123,0.15005818839753515,0.01851706639914552,0.0,0
44671,15,1,1.613385052017365,1.7464836531568344,0.13309860113946947,0.1941570304784727,0.0,0.0,0
44671,15,2,1.613385052017365,1.921965574373084,0.308580522355719,0.2256741664062514,0.03151713592777872,0.0,0
44671,15,3,1.613385052017365,1.8511089107832277,0.23772385876586277,0.2609245890210853,0.0667675585426126,0.0,0
44671,16,1,2.2370768773756575,2.5070688943062955,0.269992016930638,0.21343396191647018,0.0,0.02970561935805016,1
44671,16,2,2.2370768773756575,2.4758390736510694,0.23876219627541184,0.22419600156153896,0.010762039645068777,0.0,0
44671,16,3,2.2370768773756575,2.6869570692490616,0.4498801918734041,0.24157682131717262,0.028142859400702436,0.0,0
44671,17,1,2.0713270917158257,2.527949206545983,0.45662211483015724,0.10088605128728505,0.0,0.029705619358050148,1
44671,17,2,2.0713270917158257,2.743902129328805,0.6725750376129791,0.11833928888145283,0.01745323759416778,0.0,0
44671,17,3,2.0713270917158257,3.0213102898597746,0.9499831981439488,0.12070566993149703,0.019819618644211986,0.0,0
44671,18,1,2.2495923169839434,2.274329654498051,0.024737337514107782,0.14213375616393634,0.0,0.0,0
44671,18,2,2.2495923169839434,2.4029894748534586,0.15339715786951524,0.15413508166014608,0.012001325496209747,0.0,0
44671,18,3,2.2495923169839434,2.3434484274564733,0.09385611047252995,0.1546819166781076,0.012548160514171264,0.0,0
44671,19,1,2.066687273474905,2.122150697995791,0.05546342452088604,0.13006968065001628,0.0,0.0,0
44671,19,2,2.066687273474905,2.3731770891160675,0.3064898156411626,0.1444122090713366,0.014342528421320305,0.0,0
44671,19,3,2.066687273474905,2.4654335254907815,0.39874625201587666,0.14410844148195356,0.01403876083193728,0.0,0
44671,20,1,1.8085246330349274,2.371895584041949,0.5633709510070215,0.08788769894329691,0.0031350216208648474,0.0,0
44671,20,2,1.8085246330349274,2.4144426472061538,0.6059180141712264,0.08475267732243207,0.0,0.0,0
44671,20,3,1.8085246330349274,2.1365041338748956,0.3279795008399682,0.09103319653436986,0.006280519211937799,0.0,0
44671,21,1,1.4706934521756703,1.4863977303399512,0.015704278164280883,0.1325205137534897,0.0,0.0,0
44671,21,2,1.4706934521756703,1.8800293074955263,0.40933585531985606,0.14267195692551451,0.010151443172024821,0.0,0
44671,21,3,1.4706934521756703,1.8053193221428927,0.33462586996722243,0.15283893904572426,0.02031842529223457,0.0,0
44671,22,1,0.9447605410522127,1.0280888218510091,0.0833282807987964,0.13036010782141733,0.0,0.0,0
44671,22,2,0.9447605410522127,1.0681963943187516,0.12343585326653883,0.15269671153381834,0.02233660371240101,0.0,0
44671,22,3,0.9447605410522127,1.2006865099410493,0.25592596888883656,0.1472047758462648,0.016844668024847465,0.0,0
44671,23,1,1.1688034200811699,1.469427637836207,0.3006242177550371,0.10755647476286492,0.0,0.0,0
44671,23,2,1.1688034200811699,1.7563930065884503,0.5875895865072804,0.12397272516090639,0.016416250398041468,0.0,0
44671,23,3,1.1688034200811699,1.8217386364637225,0.6529352163825526,0.12763838737060781,0.02008191260774289,0.0,0
44671,24,1,1.975938403070383,2.1835714848552383,0.2076330817848553,0.21520027053338053,0.0,0.0,0
44671,24,2,1.975938403070383,2.158173009996695,0.1822346069263121,0.2750735389358718,0.05987326840249124,0.0,0
44671,24,3,1.975938403070383,2.4106253122790617,0.4346869092086787,0.3155105959643933,0.10031032543101276,0.0,0
44671,25,1,1.584258010503886,1.6418082981321578,0.05755028762827186,0.1414012640030236,0.0,0.0,0
44671,25,2,1.584258010503886,2.1294820884018164,0.5452240778979305,0.14293707433087963,0.0015358103278560187,0.0,0
44671,25,3,1.584258010503886,1.7838801734242338,0.19962216292034785,0.150290960505436,0.008889696502412392,0.0,0
44671,26,1,1.0351505114775519,1.061333324248485,0.02618281277093315,0.12655720148182512,0.0,0.0,0
44671,26,2,1.0351505114775519,1.0973496876730393,0.06219917619548743,0.14649884970336222,0.0199416482215371,0.0,0
44671,26,3,1.0351505114775519,1.2008649950933834,0.16571448361583152,0.1384623939449299,0.011905192463104786,0.0,0
44671,27,1,2.0713946985158462,2.16078809672062,0.08939339820477388,0.22613428298331778,0.0,0.0,0
44671,27,2,2.0713946985158462,2.1723615786721417,0.10096688015629551,0.29447583913558933,0.06834155615227155,0.0,0
44671,27,3,2.0713946985158462,2.209337324893098,0.13794262637725163,0.3327587372867057,0.1066244543033879,0.0,0
44671,28,1,8.75287218952206,9.679735288896563,0.9268630993745024,0.2776391157477297,0.014096621659850594,0.0,0
44671,28,2,8.75287218952206,8.878412648765027,0.1255404592429663,0.2723039270120204,0.008761432924141277,0.09779178640923014,1
44671,28,3,8.75287218952206,9.73947322698255,0.9866010374604901,0.2635424940878791,0.0,0.1296640189052798,1
44671,29,1,5.506498957676039,5.788167486558545,0.2816685288825065,0.2970950669488715,0.0,0.0,0
44671,29,2,5.506498957676039,5.850619240341224,0.3441202826651857,0.3438090393343876,0.04671397238551611,0.031872232496049646,1
44671,29,3,5.506498957676039,5.87597060606953,0.36947164839349167,0.3450015801548104,0.047906513205938916,0.006265501194542611,1
44671,30,1,4.39912400701831,5.797143109039006,1.3980191020206965,0.18318405276866087,0.012852169770862537,0.0,0
44671,30,2,4.39912400701831,4.972734339207554,0.5736103321892436,0.17033188299779833,0.0,0.03595352654106926,1
44671,30,3,4.39912400701831,5.0210677544958555,0.6219437474775455,0.1830106096818351,0.012678726684036773,0.03595352654106926,1
44671,31,1,1.8044540007781777,1.9475391720653394,0.1430851712871617,0.22188798095180776,0.0,0.0837302040511318,1
44671,31,2,1.8044540007781777,1.9601770717439813,0.1557230709658035,0.2544823147816506,0.032594333829842864,0.0,0
44671,31,3,1.8044540007781777,2.1063809168139307,0.30192691603575295,0.2721295814262698,0.05024160047446205,0.0,0
44671,32,1,1.1691558214086122,1.510077181193487,0.3409213597848748,0.13743161837343473,0.0,0.08373020405113177,1
44671,32,2,1.1691558214086122,1.5820271531582613,0.4128713317496491,0.14281834146197006,0.005386723088535328,0.0,0
44671,32,3,1.1691558214086122,1.7985937159017795,0.6294378944931673,0.14008462331191082,0.002653004938476089,0.0,0
44671,33,1,1.1148219007304268,2.642502657251706,1.527680756521279,0.08529432947299034,0.002470560610259326,0.08373020405113177,1
44671,33,2,1.1148219007304268,1.8743152192456372,0.7594933185152104,0.08282376886273102,0.0,0.0,0
44671,33,3,1.1148219007304268,1.9913159290261588,0.8764940282957321,0.08335921889544647,0.0005354500327154482,0.0,0
44671,34,1,1.9224299396037998,2.1223977420600955,0.19996780245629564,0.13346981625209223,0.0,0.08373020405113177,1
44671,34,2,1.9224299396037998,2.2474436337067587,0.3250136941029589,0.14741758184447146,0.01394776559237923,0.0,0
44671,34,3,1.9224299396037998,2.41225463368888,0.4898246940850801,0.16896549525150178,0.03549567899940956,0.0,0
44671,35,1,2.1590575081255206,2.343426502078908,0.18436899395338724,0.19427457943204451,0.0,0.0627423118593321,1
44671,35,2,2.1590575081255206,2.3177794946974735,0.1587219865719529,0.2054012963933046,0.01112671696126008,0.0,0
44671,35,3,2.1590575081255206,2.398620312265908,0.23956280414038744,0.21417795355034389,0.019903374118299372,0.0,0
44671,36,1,2.5599703419839015,2.7547611733585895,0.194790831374688,0.15112036932270795,0.0,0.0627423118593321,1
44671,36,2,2.5599703419839015,2.842944342920121,0.2829740009362194,0.1652070166715644,0.014086647348856451,0.0,0
44671,36,3,2.5599703419839015,3.022108608599031,0.46213826661512947,0.17388497121362897,0.022764601890921027,0.0,0
44671,37,1,1.4898837630743749,1.5908093800421264,0.10092561696775149,0.16660950781935935,0.0,0.0,0
44671,37,2,1.4898837630743749,1.8177082734745518,0.3278245104001769,0.179270550298499,0.012661042479139656,0.0,0
44671,37,3,1.4898837630743749,1.7973734627919646,0.30748969971758977,0.19136266803847402,0.024753160219114667,0.0,0
44671,38,1,1.230413401531616,1.2807251586588024,0.050311757127186496,0.12942108699317342,0.0,0.0,0
44671,38,2,1.230413401531616,1.6325330139851153,0.40211961245349936,0.13328309809303587,0.00386201109986245,0.0,0
44671,38,3,1.230413401531616,1.667674351632988,0.437260950101372,0.13315957195312253,0.0037384849599491066,0.0,0
44671,39,1,0.7629744580432979,2.4748807685623015,1.7119063105190038,0.10393680113260272,0.01512120371314725,0.0,0
44671,39,2,0.7629744580432979,1.6135549398263662,0.8505804817830683,0.09816260219602857,0.009347004776573103,0.0,0
44671,39,3,0.7629744580432979,1.6628307707337264,0.8998563126904285,0.08881559741945547,0.0,0.0,0
44671,40,1,1.5978183243522717,1.7102284308868747,0.11241010653460304,0.16057581662288672,0.0,0.0,0
44671,40,2,1.5978183243522717,1.7671150649402452,0.1692967405879735,0.18374235675111125,0.023166540128224528,0.0,0
44671,40,3,1.5978183243522717,1.8928176366179272,0.29499931226565557,0.19913466267690053,0.0385588460540138,0.0,0
44671,41,1,0.9200681380657263,1.0043485951368936,0.08428045707116727,0.1265505044952372,0.0,0.0,0
44671,41,2,0.9200681380657263,0.9927681626418663,0.07270002457614,0.15250085165052474,0.025950347155287545,0.0,0
44671,41,3,0.9200681380657263,1.1489226882987047,0.2288545502329784,0.14231995466449765,0.015769450169260457,0.0,0
44671,42,1,1.259292336657396,1.3377708141361306,0.0784784774787346,0.1369920603471387,0.0,0.0,0
44671,42,2,1.259292336657396,1.5958546241864109,0.33656228752901485,0.1521013399942436,0.0151092796471049,0.0,0
44671,42,3,1.259292336657396,1.609826354222438,0.350534017565042,0.16757169317451615,0.03057963282737744,0.0,0
44671,43,1,1.2371671817805971,1.26012405652107,0.02295687474047292,0.127674547030453,0.0,0.0,0
44671,43,2,1.2371671817805971,1.4380042672307538,0.20083708545015666,0.15570578644316513,0.028031239412712128,0.0,0
44671,43,3,1.2371671817805971,1.5272068588348469,0.2900396770542497,0.14353953238531394,0.015864985354860944,0.0,0
44671,44,1,1.4550829944005599,1.6037462635467985,0.14866326914623862,0.10724341166183325,0.0,0.0,0
44671,44,2,1.4550829944005599,1.9939014895025118,0.5388184951019519,0.12509607655033844,0.01785266488850519,0.0,0
44671,44,3,1.4550829944005599,2.0173798989437284,0.5622969045431685,0.12897499946458024,0.02173158780274699,0.0,0
44671,45,1,1.2420225411444255,1.4667980004644978,0.22477545932007237,0.14653801873710517,0.0,0.0,0
44671,45,2,1.2420225411444255,1.5007070153621922,0.25868447421776675,0.1642215348648645,0.017683516127759313,0.0,0
44671,45,3,1.2420225411444255,1.6772823775862111,0.4352598364417857,0.17583251213979675,0.02929449340269158,0.0,0
44671,46,1,1.202536207047108,1.2179310197791282,0.015394812732020258,0.1335037429399161,0.0,0.0,0
44671,46,2,1.202536207047108,1.487450470217689,0.284914263170581,0.14644759588679035,0.012943852946874251,0.0,0
44671,46,3,1.202536207047108,1.4495373160123706,0.24700110896526262,0.15708848797660951,0.023584745036693416,0.0,0
44671,47,1,1.15410342149703,1.2627999477964005,0.10869652629937043,0.12464205276898761,0.0,0.0,0
44671,47,2,1.15410342149703,1.3514897656982474,0.19738634420121737,0.1484312144522574,0.02378916168326979,0.0,0
44671,47,3,1.15410342149703,1.4769266064232143,0.3228231849261842,0.14000532276070443,0.015363269991716819,0.0,0
44671,48,1,1.331612076408886,1.6478272154270237,0.3162151390181378,0.10708381399221163,0.0,0.0,0
44671,48,2,1.331612076408886,1.9063207446360717,0.5747086682271858,0.13405970923267682,0.02697589524046519,0.0,0
44671,48,3,1.331612076408886,2.0458198594161594,0.7142077830072735,0.1419472201139187,0.03486340612170706,0.0,0
44671,49,1,1.0609867459375395,1.2005114219267747,0.13952467598923524,0.1601729363897847,0.0,0.08658184496199217,1
44671,49,2,1.0609867459375395,1.582090744843343,0.5211039989058035,0.19896671477634717,0.03879377838656248,0.04942268754082124,1
44671,49,3,1.0609867459375395,1.5244353404667492,0.4634485945292097,0.20518633499257605,0.045013398602791355,0.0,0
44671,50,1,1.780276878190048,1.8852036778516195,0.10492679966157148,0.22831253519505043,0.0,0.08658184496199217,1
44671,50,2,1.780276878190048,1.9591582300568546,0.17888135186680665,0.29336175742397086,0.06504922222892043,0.04942268754082127,1
44671,50,3,1.780276878190048,1.9306528182353215,0.15037594004527355,0.32756245742816315,0.09924992223311271,0.0,0
44671,51,1,1.6587930432547222,1.7642973737096639,0.10550433045494167,0.16130790115250213,0.0,0.0,0
44671,51,2,1.6587930432547222,1.8727514806035461,0.21395843734882392,0.18713739214817643,0.025829490995674304,0.0,0
44671,51,3,1.6587930432547222,1.989134761520426,0.3303417182657038,0.2012450034852754,0.03993710233277328,0.0,0
44671,52,1,1.162186479742417,1.1819962090852594,0.019809729342842308,0.12944148839308753,0.0,0.0,0
44671,52,2,1.162186479742417,1.3529785096616762,0.19079202991925914,0.14238217662830782,0.012940688235220293,0.0,0
44671,52,3,1.162186479742417,1.3880390865334562,0.22585260679103913,0.15175363575044729,0.022312147357359757,0.0,0
44671,53,1,1.4021650306273568,1.5880890497510478,0.18592401912369105,0.13426844818674477,0.0,0.0,0
44671,53,2,1.4021650306273568,1.7721356012437277,0.36997057061637095,0.15402598039736987,0.019757532210625095,0.0,0
44671,53,3,1.4021650306273568,1.79255074958724,0.39038571895988317,0.15946728017955367,0.025198831992808896,0.0,0
44671,54,1,1.0011944777334434,1.6529316431696572,0.6517371654362139,0.12467236549146433,0.001966499240192876,0.0,0
44671,54,2,1.0011944777334434,1.1462288373565148,0.14503435962307143,0.12923327145685387,0.006527405205582412,0.0,0
44671,54,3,1.0011944777334434,1.8214774823049091,0.8202830045714657,0.12270586625127146,0.0,0.0,0
44671,55,1,1.1894908449022956,2.1074934897121045,0.9180026448098089,0.1218441332825887,0.004915681591705412,0.0,0
44671,55,2,1.1894908449022956,1.5856379169380133,0.39614707203571764,0.12422637519505761,0.007297923504174325,0.0,0
44671,55,3,1.1894908449022956,2.0174712941254187,0.8279804492231231,0.11692845169088328,0.0,0.0,0
44671,56,1,1.5391721492488601,1.681449852912627,0.1422777036637668,0.18108566722665442,0.0,0.0,0
44671,56,2,1.5391721492488601,1.7219501348832356,0.18277798563437542,0.2156911743453222,0.03460550711866778,0.0,0
44671,56,3,1.5391721492488601,1.8935705990194396,0.35439844977057944,0.23580171739597802,0.0547160501693236,0.0,0
44671,57,1,1.231088541777043,1.3186055275149553,0.08751698573791233,0.1462399858796245,0.0,0.04431915170863132,1
44671,57,2,1.231088541777043,1.506309588161077,0.2752210463840341,0.1627409627120414,0.016500976832416886,0.0,0
44671,57,3,1.231088541777043,1.5405793921658617,0.30949085038881874,0.1772441470520655,0.031004161172441008,0.0,0
44671,58,1,1.2717999518094405,1.3957526738339654,0.1239527220245249,0.14290171258744136,0.0,0.04431915170863132,1
44671,58,2,1.2717999518094405,1.7300891422397746,0.4582891904303341,0.17372482954275617,0.03082311695531481,0.0,0
44671,58,3,1.2717999518094405,1.8527879122156485,0.580987960406208,0.16894463231094656,0.026042919723505198,0.0,0
44671,59,1,1.570571230722304,1.7365475405889228,0.1659763098666187,0.20677371303360842,0.0,0.04431915170863132,1
44671,59,2,1.570571230722304,1.8991863840227654,0.3286151533004613,0.23353408972271208,0.026760376689103665,0.0,0
44671,59,3,1.570571230722304,1.8242545815965232,0.2536833508742191,0.26667918009452096,0.05990546706091254,0.0,0
44671,60,1,10.47208692705348,10.791441439429624,0.3193545123761439,0.352381739636554,0.0,0.0,0
44671,60,2,10.47208692705348,10.769272312840666,0.297185385787186,0.369381159177549,0.016999419540994987,0.026704895101699586,1
44671,60,3,10.47208692705348,10.794208449169986,0.3221215221165057,0.38029041497216814,0.02790867533561414,0.03745492999239228,1
44671,61,1,14.882601500636223,15.026887195010929,0.1442856943747053,0.31344114694150155,0.0,0.0,0
44671,61,2,14.882601500636223,15.05063113810328,0.1680296374670558,0.34689944154185,0.03345829460034844,0.010750034890692706,1
44671,61,3,14.882601500636223,15.051606564071449,0.16900506343522537,0.35031565216414934,0.03687450522264779,0.01922674252640727,1
44671,62,1,11.406394329068286,11.987117283683105,0.5807229546148189,0.15889223505958594,0.0061556756449145655,0.006473307566649506,1
44671,62,2,11.406394329068286,11.606532342655226,0.2001380135869404,0.15273655941467137,0.0,0.0,0
44671,62,3,11.406394329068286,11.802540093235958,0.396145764167672,0.15596868222044105,0.003232122805769677,0.0,0
44671,63,1,10.632027117341597,10.70671768149639,0.07469056415479258,0.12354569526269461,0.0,0.0,0
44671,63,2,10.632027117341597,10.717810801892643,0.08578368455104624,0.13845433437260748,0.014908639109912872,0.008451186198718198,1
44671,63,3,10.632027117341597,10.900434233321983,0.268407115980386,0.14810145595801857,0.02455576069532396,0.008451186198718198,1
44671,64,1,8.446597021137535,8.47211997937468,0.025522958237145232,0.17928736880597881,0.0,0.0,0
44671,64,2,8.446597021137535,8.505375247146977,0.05877822600944249,0.21250251523641855,0.03321514643043974,0.029306536588309978,1
44671,64,3,8.446597021137535,8.537827306764282,0.09123028562674662,0.2331399571987098,0.05385258839273099,0.045133768054881146,1
44671,65,1,8.182204394279182,8.218426084075782,0.036221689796599676,0.1666609582859943,0.0,0.0,0
44671,65,2,8.182204394279182,8.234933411562018,0.052729017282835855,0.202506434612956,0.035845476326961695,0.01582723146657118,1
44671,65,3,8.182204394279182,8.289439214634422,0.10723482035523979,0.2259304109746274,0.059269452688633095,0.01582723146657118,1
44671,66,1,10.88650689757948,11.527714762083843,0.6412078645043628,0.25797337226836947,0.0056907648640200925,0.0007040896919607298,0
44671,66,2,10.88650689757948,11.06859985511492,0.1820929575354402,0.2522826074043494,0.0,0.0,0
44671,66,3,10.88650689757948,11.257676830301055,0.3711699327215747,0.2547367188990032,0.002454111494653799,0.01687725126712747,1
44671,67,1,12.881508183328654,12.92001778955796,0.038509606229306215,0.21463032960346254,0.0,0.0,0
44671,67,2,12.881508183328654,13.034383607136927,0.15287542380827368,0.2340869693195709,0.019456639716108365,0.011334354138133731,1
44671,67,3,12.881508183328654,13.136041272526583,0.2545330891979294,0.2257267476886527,0.011096418085190157,0.011865075377445813,1
44671,68,1,12.142403749841865,12.45886400672342,0.3164602568815553,0.15920575610974486,0.01592964901246685,0.0050121758896816415,1
44671,68,2,12.142403749841865,12.35095663707225,0.20855288723038434,0.143276107097278,0.0,0.0055428971289937234,1
44671,68,3,12.142403749841865,12.325001821836299,0.182598071994434,0.16228668505697966,0.019010577959701652,0.0,0
44671,69,1,10.473024809532848,10.568023009536706,0.09499820000385739,0.11577078704671923,0.0,0.00554289712899373,1
44671,69,2,10.473024809532848,10.626964651673578,0.15393984214072987,0.11893790389292169,0.003167116846202467,0.0,0
44671,69,3,10.473024809532848,10.678933798923945,0.20590898939109614,0.13223014410874112,0.016459357062021895,0.0,0
44671,70,1,10.719983867214815,10.755591399236454,0.0356075320216398,0.2134960644468737,0.0,0.0,0
44671,70,2,10.719983867214815,10.808426730686588,0.08844286347177288,0.2694727529524829,0.05597668850560922,0.0012462745701362285,0
44671,70,3,10.719983867214815,10.806716255299492,0.08673238808467687,0.2911874866143358,0.07769142216746211,0.0012462745701362285,0
44671,71,1,10.588143169877378,10.67744531459104,0.08930214471366149,0.10444778064330697,0.0,0.005769097760212023,1
44671,71,2,10.588143169877378,10.714267083758383,0.1261239138810044,0.12913095185976387,0.024683171216456898,0.0,0
44671,71,3,10.588143169877378,10.88266783467254,0.29452466479516204,0.1323501620735909,0.027902381430283937,0.0,0
44671,72,1,10.473319905448172,10.665537183578577,0.19221727813040523,0.14361995814768017,0.004155098820335518,0.0062019045270917394,1
44671,72,2,10.473319905448172,10.736146641354063,0.26282673590589134,0.13946485932734465,0.0,0.0,0
44671,72,3,10.473319905448172,10.787656591092329,0.3143366856441574,0.15431569331364212,0.014850833986297468,0.0,0
44671,73,1,14.013822624562016,14.054248062838827,0.04042543827681122,0.1998233141737609,0.0,0.0,0
44671,73,2,14.013822624562016,14.060134887473215,0.04631226291119894,0.2472303149051459,0.04740700073138501,0.020189275820880967,1
44671,73,3,14.013822624562016,14.191738803394298,0.17791617883228206,0.3042699687268325,0.10444665455307159,0.031381470214435256,1
44671,74,1,11.01305039536486,11.053095569878739,0.04004517451387812,0.16683413091257926,0.0,0.0,0
44671,74,2,11.01305039536486,11.080711453808757,0.06766105844389614,0.22429642622359,0.05746229531101074,0.011192194393554289,1
44671,74,3,11.01305039536486,11.107899967561583,0.09484957219672197,0.2477296082796333,0.08089547736705405,0.011192194393554289,1
44672,0,1,1.3303927132805593,2.8168080124885977,1.4864152992080384,0.20134138257083423,0.06919720414150304,0.0,0
44672,0,2,1.3303927132805593,1.708352997012509,0.3779602837319498,0.17018960611677278,0.038045427687441596,0.0,0
44672,0,3,1.3303927132805593,2.4992313911105937,1.1688386778300344,0.13214417842933118,0.0,0.0,0
44672,1,1,1.6656701077171578,2.4550791066368935,0.7894089989197357,0.15767812629131223,0.0,0.0922569796493242,1
44672,1,2,1.6656701077171578,2.2969801262001264,0.6313100184829685,0.1649875820309436,0.007309455739631376,0.0,0
44672,1,3,1.6656701077171578,2.5698072588847922,0.9041371511676344,0.16526697632484158,0.007588850033529354,0.0,0
44672,2,1,1.8931418160408477,2.076011705496686,0.18286988945583804,0.18993249904776308,0.0,0.0922569796493242,1
44672,2,2,1.8931418160408477,2.0439763248983835,0.1508345088575358,0.2205761553920572,0.030643656344294112,0.0,0
44672,2,3,1.8931418160408477,2.4216337722941494,0.5284919562533017,0.2767143943514967,0.08678189530373362,0.0,0
44672,3,1,1.5680702569070273,1.7805514153182347,0.2124811584112074,0.13393428558178855,0.0,0.0922569796493242,1
44672,3,2,1.5680702569070273,1.7656466212104884,0.19757636430346115,0.1613449503412906,0.027410664759502046,0.0,0
44672,3,3,1.5680702569070273,2.156532973484077,0.5884627165770495,0.18680723999911014,0.052872954417321594,0.0,0
44672,4,1,1.7105343328605351,1.8251625560277027,0.11462822316716759,0.17646458983131308,0.0,0.008223183071460971,1
44672,4,2,1.7105343328605351,1.9344109808321739,0.22387664797163875,0.21056898369696492,0.03410439386565184,0.009531305794801992,1
44672,4,3,1.7105343328605351,2.063016813997268,0.35248248113673286,0.2228080952513146,0.04634350542000151,0.0,0
44672,5,1,1.9381101684519613,2.104989187740988,0.1668790192890266,0.12380320054930233,0.0,0.031482710310724055,1
44672,5,2,1.9381101684519613,2.3474669070652516,0.40935673861329036,0.1585650594783179,0.034761858929015566,0.021951404515922007,1
44672,5,3,1.9381101684519613,2.2690596174309103,0.33094944897894907,0.24093765234557082,0.1171344517962685,0.0,0
44672,6,1,1.958779352959101,2.020140872109441,0.06136151915034005,0.16360469732253866,0.0,0.0,0
44672,6,2,1.958779352959101,2.1474930467317095,0.18871369377260838,0.1694044186592953,0.005799721336756658,0.0,0
44672,6,3,1.958779352959101,2.0218432097593455,0.0630638568002444,0.17900188454554727,0.015397187223008618,0.0,0
44672,7,1,1.6096874964552057,1.7930070620129122,0.18331956555770645,0.10543616286920889,0.0,0.0,0
44672,7,2,1.6096874964552057,1.9331577601940204,0.3234702637388147,0.11563078052006986,0.01019461765086098,0.0,0
44672,7,3,1.6096874964552057,1.8733429245050375,0.2636554280498318,0.14035920699788834,0.034923044128679456,0.0,0
44672,8,1,1.2041391627210893,1.5859186223089743,0.38177945958788495,0.1539899688163054,0.0,0.08069858220492676,1
44672,8,2,1.2041391627210893,1.3323392023478404,0.12820003962675108,0.15686701215982204,0.0028770433435166554,0.0,0
44672,8,3,1.2041391627210893,1.5916190365397316,0.38747987381864224,0.16472520459341214,0.01073523577710675,0.0,0
44672,9,1,1.371781952027438,2.2716329947828053,0.8998510427553674,0.1800331705506833,0.060820843577090195,0.08069858220492679,1
44672,9,2,1.371781952027438,1.7146442263407973,0.34286227431335936,0.15181419728460488,0.03260187031101178,0.0,0
44672,9,3,1.371781952027438,1.9899348036312978,0.6181528516038599,0.1192123269735931,0.0,0.0,0
44672,10,1,1.5080260780466779,1.724010727714672,0.21598464966799402,0.14437490672351266,0.0,0.08069858220492677,1
44672,10,2,1.5080260780466779,1.669300170778402,0.16127409273172422,0.16385551328803452,0.019480606564521857,0.0,0
44672,10,3,1.5080260780466779,2.1321909795358254,0.6241649014891475,0.2011005081513102,0.056725601427797534,0.0,0
44672,11,1,2.059204913569911,2.143411760092038,0.08420684652212707,0.17195987401003665,0.0,0.029542688750804597,1
44672,11,2,2.059204913569911,2.3391913628923784,0.2799864493224673,0.2115444720985116,0.03958459808847495,0.0,0
44672,11,3,2.059204913569911,2.401178018104436,0.3419731045345249,0.22122764317514054,0.04926776916510389,0.0,0
44672,12,1,2.0173665641538596,2.334520493832728,0.31715392967886835,0.09931662411661919,0.0,0.029542688750804583,1
44672,12,2,2.0173665641538596,2.6272034582797033,0.6098368941258436,0.11085450340591353,0.01153787928929434,0.0,0
44672,12,3,2.0173665641538596,2.586349790849079,0.5689832266952193,0.11808963419614481,0.018773010079525615,0.0,0
44672,13,1,1.90135728649638,2.1244133696956964,0.22305608319931647,0.29581072283699317,0.0,0.0,0
44672,13,2,1.90135728649638,2.1978843316204553,0.29652704512407535,0.31311029067770885,0.01729956784071568,0.0,0
44672,13,3,1.90135728649638,2.422446102817581,0.5210888163212011,0.38229513962251216,0.08648441678551899,0.0,0
44672,14,1,2.262543185714535,2.5362178453496886,0.2736746596351538,0.15500830610302135,0.0,0.0,0
44672,14,2,2.262543185714535,3.1283404512769515,0.8657972655624167,0.15702979016748883,0.002021484064467477,0.0,0
44672,14,3,2.262543185714535,2.8715737527374867,0.6090305670229519,0.15610331457941484,0.0010950084763934886,0.0,0
44672,15,1,2.174898090048536,2.407645570100418,0.23274748005188206,0.10177731166449824,0.0,0.0,0
44672,15,2,2.174898090048536,2.4728085390197365,0.29791044897120056,0.10542282425178047,0.0036455125872822264,0.0,0
44672,15,3,2.174898090048536,2.404106052693611,0.22920796264507493,0.11585740897480074,0.014080097310302492,0.0,0
44672,16,1,1.938898436331454,2.4640385526952917,0.5251401163638376,0.04422632102319533,0.0,0.0,0
44672,16,2,1.938898436331454,2.168400259914497,0.22950182358304305,0.060050539554034485,0.01582421853083916,0.0,0
44672,16,3,1.938898436331454,2.3865811367894727,0.4476827004580186,0.07929572987733524,0.035069408854139915,0.0,0
44672,17,1,2.3876543861636783,2.681998172688825,0.2943437865251468,0.307797317113638,0.0,0.0,0
44672,17,2,2.3876543861636783,2.7509188884819498,0.36326450231827145,0.31724864138786096,0.00945132427422296,0.0,0
44672,17,3,2.3876543861636783,2.7717273071315085,0.3840729209678302,0.3921426188767371,0.08434530176309912,0.0,0
44672,18,1,1.658780978265631,2.5986596313736134,0.9398786531079824,0.1573296920476608,0.003381379363999154,0.0,0
44672,18,2,1.658780978265631,2.3075627571946464,0.6487817789290153,0.15394831268366166,0.0,0.0,0
44672,18,3,1.658780978265631,1.7669435526036636,0.10816257433803256,0.15829967851261612,0.0043513658289544566,0.0,0
44672,19,1,1.1926355398179527,1.7344659512822609,0.5418304114643082,0.17060740314826858,0.040087448053064384,0.0,0
44672,19,2,1.1926355398179527,1.3951646571128742,0.2025291172949215,0.15497464619097626,0.024454691095772058,0.0,0
44672,19,3,1.1926355398179527,1.511812451236834,0.3191769114188814,0.1305199550952042,0.0,0.0,0
44672,20,1,1.6362768113947923,2.802855574854077,1.1665787634592846,0.1478379025243398,0.05611761976417806,0.0,0
44672,20,2,1.6362768113947923,2.05077608727895,0.4144992758841579,0.12320134307204415,0.03148106031188243,0.0,0
44672,20,3,1.6362768113947923,2.6563619460349486,1.0200851346401563,0.09172028276016173,0.0,0.0,0
44672,21,1,1.555534483803924,1.8773260143301216,0.3217915305261976,0.3368069847312245,0.0,0.0,0
44672,21,2,1.555534483803924,1.9631847571563985,0.4076502733524745,0.35515982855541467,0.018352843824190168,0.0,0
44672,21,3,1.555534483803924,2.065365671286057,0.5098311874821329,0.43992117000865,0.1031141852774255,0.0,0
44672,22,1,1.6055758714018338,1.942536335129106,0.3369604637272723,0.16383712348826354,0.0,0.0,0
44672,22,2,1.6055758714018338,2.030232268582764,0.42465639718093007,0.1676635747490379,0.003826451260774355,0.0,0
44672,22,3,1.6055758714018338,1.8462101896194558,0.24063431821762205,0.1859585218997505,0.02212139841148697,0.0,0
44672,23,1,1.177267158647925,1.759599691134225,0.5823325324863,0.17705169504007398,0.030288801494806977,0.0,0
44672,23,2,1.177267158647925,1.3516465109282343,0.1743793522803092,0.16791324079501685,0.021150347249749846,0.0,0
44672,23,3,1.177267158647925,1.7313026112735723,0.5540354526256472,0.146762893545267,0.0,0.0,0
44672,24,1,2.0817404961059793,2.1741921998517455,0.09245170374576617,0.17432967738413024,0.0,0.0,0
44672,24,2,2.0817404961059793,2.166955852435078,0.08521535632909849,0.20876844244795736,0.03443876506382712,0.0,0
44672,24,3,2.0817404961059793,2.3119476969856034,0.2302072008796241,0.3009264753426973,0.12659679795856704,0.0,0
44672,25,1,2.9986877735480832,3.194504537409689,0.19581676386160574,0.12887551725857976,0.0,0.0,0
44672,25,2,2.9986877735480832,3.2243857667466296,0.22569799319854633,0.14158882800235692,0.012713310743777156,0.03879702998979942,1
44672,25,3,2.9986877735480832,3.584896534776494,0.5862087612284106,0.16133898665530597,0.0324634693967262,0.03879702998979942,1
44672,26,1,1.6464250980523283,2.03617916966858,0.38975407161625153,0.23600946501978434,0.0,0.08324680072615182,1
44672,26,2,1.6464250980523283,2.054122169659538,0.4076970716072097,0.2662036289785765,0.03019416395879218,0.0,0
44672,26,3,1.6464250980523283,2.388888283069791,0.7424631850174626,0.32833412322864075,0.09232465820885641,0.0,0
44672,27,1,1.1837318263906198,1.70182018274384,0.5180883563532201,0.14560484865370452,0.0,0.08324680072615179,1
44672,27,2,1.1837318263906198,1.6079909374359982,0.4242591110453784,0.16573310601661534,0.020128257362910823,0.0,0
44672,27,3,1.1837318263906198,1.6111909171103143,0.42745909071969446,0.1672612241173756,0.02165637546367108,0.0,0
44672,28,1,1.3043637524286094,2.0820481454328075,0.7776843930041981,0.09482436224167477,0.0034815010054871365,0.08324680072615182,1
44672,28,2,1.3043637524286094,2.1566004716729252,0.8522367192443159,0.09134286123618764,0.0,0.0,0
44672,28,3,1.3043637524286094,1.695157356582224,0.39079360415361464,0.09588539721745293,0.004542535981265292,0.0,0
44672,29,1,1.7680628226739052,1.8845707110948413,0.11650788842093607,0.08986536702097217,0.0,0.08324680072615182,1
44672,29,2,1.7680628226739052,1.8957835375988317,0.12772071492492643,0.1337608147907255,0.04389544776975332,0.0,0
44672,29,3,1.7680628226739052,1.9252745084326377,0.15721168575873246,0.17981081745190233,0.08994545043093016,0.0,0
44672,30,1,1.877332394566011,2.064121013064303,0.1867886184982921,0.1595583870091796,0.0,0.0,0
44672,30,2,1.877332394566011,2.1833813942394493,0.30604899967343835,0.18372782468239557,0.02416943767321597,0.0,0
44672,30,3,1.877332394566011,2.313715379032756,0.43638298446674506,0.19362473850783551,0.03406635149865592,0.0,0
44672,31,1,1.8296315368928977,2.4501669005234508,0.6205353636305531,0.11138892772914534,0.0,0.0,0
44672,31,2,1.8296315368928977,2.233057490544476,0.4034259536515785,0.13733144420552726,0.02594251647638192,0.0,0
44672,31,3,1.8296315368928977,2.975276651714453,1.1456451148215554,0.17832219246476566,0.06693326473562032,0.0,0
44672,32,1,1.4761033737514029,1.681477215128585,0.20537384137718218,0.16893369725738014,0.0,0.0,0
44672,32,2,1.4761033737514029,1.6923842318647027,0.21628085811329978,0.17026299827981609,0.001329301022435947,0.0,0
44672,32,3,1.4761033737514029,1.5317353867179488,0.05563201296654596,0.18655271845888002,0.017619021201499885,0.0,0
44672,33,1,1.2995367869516325,1.9104028386353349,0.6108660516837023,0.13724997733378505,0.0018935673115567375,0.0,0
44672,33,2,1.2995367869516325,1.828518525229787,0.5289817382781545,0.1353564100222283,0.0,0.0,0
44672,33,3,1.2995367869516325,1.448236898592824,0.14870011164119146,0.14198794159184877,0.006631531569620458,0.0,0
44672,34,1,1.0727143505983059,1.843204743576031,0.7704903929777251,0.10208717756881726,0.015711603872123822,0.0,0
44672,34,2,1.0727143505983059,1.5332416170579162,0.4605272664596103,0.09547516823874391,0.009099594542050476,0.0,0
44672,34,3,1.0727143505983059,1.895533299627165,0.8228189490288591,0.08637557369669344,0.0,0.0,0
44672,35,1,1.5707528908151627,1.6410301070840756,0.07027721626891292,0.16846231639790787,0.0,0.0,0
44672,35,2,1.5707528908151627,1.691176887153663,0.12042399633850032,0.1719144932077111,0.0034521768098032257,0.0,0
44672,35,3,1.5707528908151627,1.6305269103317226,0.05977401951655992,0.18915195120503062,0.020689634807122742,0.0,0
44672,36,1,1.2140513229997416,1.8479840308442324,0.6339327078444907,0.1800136219432345,0.05319785935375007,0.0,0
44672,36,2,1.2140513229997416,1.525365481407929,0.3113141584081873,0.1537952556084991,0.026979493019014672,0.0,0
44672,36,3,1.2140513229997416,1.5238812800736932,0.30982995707395156,0.12681576258948443,0.0,0.0,0
44672,37,1,2.2053738501368114,2.67510068063858,0.4697268305017688,0.337659030669881,0.0,0.0,0
44672,37,2,2.2053738501368114,2.7925310354301622,0.5871571852933508,0.3854640020057514,0.047804971335870416,0.0,0
44672,37,3,2.2053738501368114,2.773810929840341,0.5684370797035294,0.446401461717914,0.108742431048033,0.0,0
44672,38,1,1.7213327954563247,2.056703747489531,0.3353709520332062,0.1531146318324078,0.0,0.0,0
44672,38,2,1.7213327954563247,2.048499647207531,0.3271668517512065,0.15906066197120272,0.005946030138794911,0.0,0
44672,38,3,1.7213327954563247,2.132108479247524,0.41077568379119933,0.16108288191358539,0.007968250081177575,0.0,0
44672,39,1,1.4832780479116756,2.178724831384273,0.6954467834725973,0.17668529464980054,0.0515432396897611,0.0,0
44672,39,2,1.4832780479116756,1.8414751808702725,0.3581971329585969,0.1545854681321586,0.029443413172119154,0.0,0
44672,39,3,1.4832780479116756,1.9506340025749338,0.4673559546632582,0.12514205496003944,0.0,0.0,0
44672,40,1,1.849454509304556,2.7610166664006077,0.9115621570960517,0.13613775080993223,0.03889888832048938,0.0,0
44672,40,2,1.849454509304556,2.203277085531091,0.353822576226535,0.12378439342799556,0.026545530938552706,0.0,0
44672,40,3,1.849454509304556,2.601383996842985,0.7519294875384288,0.09723886248944286,0.0,0.0,0
44672,41,1,1.5112928160360213,1.6482097491985441,0.13691693316252285,0.14924866977298734,0.0,0.0,0
44672,41,2,1.5112928160360213,1.6847675780034888,0.17347476196746747,0.16740960725448906,0.018160937481501715,0.0,0
44672,41,3,1.5112928160360213,1.6929836534327236,0.18169083739670233,0.1735757721741174,0.024327102401130063,0.0,0
44672,42,1,2.2752475576084885,2.532725845929905,0.2574782883214164,0.29446793370449864,0.0,0.0,0
44672,42,2,2.2752475576084885,2.6337904979023747,0.3585429402938862,0.3062706601206792,0.011802726416180576,0.0,0
44672,42,3,2.2752475576084885,2.668453326316743,0.3932057687082544,0.3811144139527994,0.08664648024830074,0.0,0
44672,43,1,1.2277050585580698,1.8658045798338356,0.6380995212757659,0.15363326051745724,0.0002605337968684951,0.0,0
44672,43,2,1.2277050585580698,1.7122307466133926,0.4845256880553228,0.15337272672058874,0.0,0.0,0
44672,43,3,1.2277050585580698,1.4585669847477118,0.23086192618964207,0.15852049331788434,0.0051477665972956,0.0,0
44672,44,1,1.6401959205872956,2.2203660152294127,0.5801700946421171,0.1682889023968086,0.041759992367765036,0.0,0
44672,44,2,1.6401959205872956,1.8283928613630755,0.18819694077577998,0.15319793581657684,0.026669025787533274,0.0,0
44672,44,3,1.6401959205872956,2.0269142063636476,0.38671828577635203,0.12652891002904357,0.0,0.0,0
44672,45,1,2.145974404097567,2.7206676700480807,0.574693265950514,0.14858966104812524,0.0,0.0,0
44672,45,2,2.145974404097567,2.4658022952809375,0.31982789118337074,0.15156740948794928,0.0029777484398240406,0.0,0
44672,45,3,2.145974404097567,2.821145707639915,0.6751713035423483,0.18507997934588388,0.036490318297758645,0.0,0
44672,46,1,1.739229374502155,2.54097707845897,0.8017477039568148,0.21335481832371042,0.0,0.08456417237524638,1
44672,46,2,1.739229374502155,2.055810930496496,0.316581555994341,0.2304134534667146,0.01705863514300418,0.047454487049756466,1
44672,46,3,1.739229374502155,2.8173257685922346,1.0780963940900796,0.28653881068960213,0.07318399236589171,0.0,0
44672,47,1,1.708518081573932,1.8034431280786438,0.09492504650471179,0.18136884136963768,0.0,0.08456417237524635,1
44672,47,2,1.708518081573932,1.9111762175931069,0.20265813601917482,0.21291049602068388,0.03154165465104619,0.047454487049756466,1
44672,47,3,1.708518081573932,1.9036582907155792,0.1951402091416472,0.287569561331021,0.10620071996138333,0.0,0
44672,48,1,1.594023055349982,1.7859681738561743,0.19194511850619245,0.17211969309746888,0.0,0.0,0
44672,48,2,1.594023055349982,1.7696021818941479,0.17557912654416596,0.17583401490028128,0.0037143218028123925,0.0,0
44672,48,3,1.594023055349982,1.6810605958395002,0.08703754048951828,0.18943973109796006,0.017320038000491172,0.0,0
44672,49,1,1.2174960647073048,1.7719872970102528,0.5544912323029481,0.1395641588886635,0.00089315618751723,0.0,0
44672,49,2,1.2174960647073048,1.728401392795871,0.5109053280885663,0.13867100270114627,0.0,0.0,0
44672,49,3,1.2174960647073048,1.401077955975857,0.1835818912685523,0.1468746764366443,0.008203673735498046,0.0,0
44672,50,1,1.601437057010434,2.5743168472663776,0.9728797902559436,0.155892054480188,0.050472340274100275,0.0,0
44672,50,2,1.601437057010434,2.0469288282093476,0.4454917711989137,0.1430273293911693,0.03760761518508157,0.0,0
44672,50,3,1.601437057010434,2.41430227339128,0.8128652163808461,0.10541971420608773,0.0,0.0,0
44672,51,1,1.1078760144033684,1.643690828319846,0.5358148139164776,0.1363122136308969,0.0077608101672312635,0.10249194552481505,1
44672,51,2,1.1078760144033684,1.5047851526493217,0.3969091382459533,0.13096957686108882,0.0024181733974231734,0.0,0
44672,51,3,1.1078760144033684,1.6331294417165225,0.5252534273131542,0.12855140346366564,0.0,0.0,0
44672,52,1,1.5737968993944462,2.193787459717714,0.6199905603232678,0.14225104865466975,0.036085580354880006,0.10249194552481505,1
44672,52,2,1.5737968993944462,1.8166383611138195,0.24284146171937326,0.11750634623716062,0.011340877937370875,0.0,0
44672,52,3,1.5737968993944462,2.0046644052338642,0.430867505839418,0.10616546829978975,0.0,0.0,0
44672,53,1,1.4486445681220215,1.5456992927938686,0.09705472467184717,0.10750585732609252,0.0,0.10249194552481505,1
44672,53,2,1.4486445681220215,1.5383270675964809,0.08968249947445939,0.15481255610503303,0.047306698778940504,0.0,0
44672,53,3,1.4486445681220215,1.6223350772652103,0.17369050914318884,0.2151635912162459,0.10765773389015337,0.0,0
44672,54,1,1.4485042862822797,1.7953487555931034,0.3468444693108237,0.15294477120463365,0.0,0.044244111850191226,1
44672,54,2,1.4485042862822797,1.6512705753186716,0.20276628903639193,0.1596057158656272,0.00666094466099354,0.0,0
44672,54,3,1.4485042862822797,1.73039212881068,0.2818878425284004,0.17091456465579496,0.017969793451161314,0.0,0
44672,55,1,1.3460305396188947,1.5097801044607473,0.16374956484185255,0.1713060058285507,0.0,0.04424411185019125,1
44672,55,2,1.3460305396188947,2.2266720128154165,0.8806414731965218,0.17871358531290096,0.007407579484350252,0.0,0
44672,55,3,1.3460305396188947,2.4053797514790833,1.0593492118601886,0.1743606782660821,0.0030546724375313805,0.0,0
44672,56,1,1.4387676237574891,1.679611301399402,0.24084367764191295,0.1633369108594376,0.0,0.04424411185019124,1
44672,56,2,1.4387676237574891,1.771202309080141,0.33243468532265186,0.18990051113568573,0.026563600276248128,0.0,0
44672,56,3,1.4387676237574891,2.3044453333655244,0.8656777096080353,0.20857921586094727,0.045242305001509664,0.0,0
44672,57,1,1.4479512170471784,1.5867035947601582,0.13875237771297977,0.16950949547401087,0.0,0.0,0
44672,57,2,1.4479512170471784,1.6410696496265627,0.1931184325793842,0.1717610997921404,0.002251604318129541,0.0,0
44672,57,3,1.4479512170471784,1.4899788819519664,0.04202766490478793,0.1809220346447759,0.01141253917076504,0.0,0
44672,58,1,1.27619302674496,1.4684696532535368,0.1922766265085769,0.1413004892314299,0.0,0.0,0
44672,58,2,1.27619302674496,1.5939235780860939,0.3177305513411339,0.14220234444050484,0.000901855209074931,0.0,0
44672,58,3,1.27619302674496,1.4353807221258648,0.15918769538090483,0.14450691307026892,0.003206423838839012,0.0,0
44672,59,1,1.5600461608222949,2.2105503402667384,0.6505041794444435,0.10566901022131309,0.02314414600847975,0.0,0
44672,59,2,1.5600461608222949,2.34076648803103,0.7807203272087353,0.08252486421283334,0.0,0.0,0
44672,59,3,1.5600461608222949,2.3483169183499593,0.7882707575276644,0.09395324385833279,0.011428379645499448,0.0,0
44672,60,1,8.967956015233511,9.39709183176235,0.4291358165288379,0.33727559445176963,0.0,0.0,0
44672,60,2,8.967956015233511,9.286503393221512,0.3185473779880006,0.3544896929362584,0.017214098484488793,0.0011713690611349359,0
44672,60,3,8.967956015233511,9.382992949599702,0.4150369343661904,0.38258949379379087,0.045313899342021235,0.0011713690611349359,0
44672,61,1,10.29272927041065,10.363222634064936,0.07049336365428616,0.12494108101355876,0.0,0.007375908210938552,1
44672,61,2,10.29272927041065,10.36689607560634,0.07416680519568963,0.1471492944235367,0.02220821340997793,0.0,0
44672,61,3,10.29272927041065,10.463132952641606,0.17040368223095648,0.15413045714209644,0.029189376128537683,0.0,0
44672,62,1,9.39565179826375,9.452040317866818,0.05638851960306823,0.09929075735236426,0.0,0.0,0
44672,62,2,9.39565179826375,9.461732848777501,0.0660810505137519,0.14038400838240891,0.04109325103004466,0.008827717792782488,1
44672,62,3,9.39565179826375,9.590843095506656,0.19519129724290707,0.16141357795457745,0.06212282060221319,0.008827717792782488,1
44672,63,1,8.211777523953433,8.262852098660108,0.05107457470667498,0.16672260623616605,0.0,0.0,0
44672,63,2,8.211777523953433,8.25235417827508,0.040576654321647254,0.19097191707673877,0.02424931084057272,0.02887285974230358,1
44672,63,3,8.211777523953433,8.342126997935075,0.1303494739816422,0.20709874034067235,0.0403761341045063,0.04407706005746631,1
44672,64,1,8.01660340515468,8.1236714410631,0.10706803590842107,0.11703068042060734,0.0,0.0,0
44672,64,2,8.01660340515468,8.181005249912241,0.16440184475756148,0.12954871792976608,0.012518037509158739,0.015204200315162737,1
44672,64,3,8.01660340515468,8.347363657829147,0.33076025267446774,0.16391096378395442,0.04688028336334708,0.015204200315162737,1
44672,65,1,9.349579059425805,9.604154179853595,0.2545751204277895,0.2726267759823738,0.0,0.0010518126828820418,0
44672,65,2,9.349579059425805,9.565148454656882,0.21556939523107665,0.284607620141005,0.01198084415863121,0.0,0
44672,65,3,9.349579059425805,9.625664139658804,0.27608508023299905,0.28761337850803537,0.014986602525661585,0.016938837767249137,1
44672,66,1,11.5786904972665,11.775378703599362,0.19668820633286188,0.25626577369906683,0.0,0.0,0
44672,66,2,11.5786904972665,11.808374363593245,0.2296838663267451,0.2764372935113988,0.02017151981233195,0.011243932262538114,1
44672,66,3,11.5786904972665,11.99648267977999,0.41779218251349093,0.26559860245774886,0.009332828758682021,0.011543250766852309,1
44672,67,1,10.2266703478888,10.46141913235546,0.23474878446665848,0.1575427408766524,0.005497699169345532,0.005395587000396801,1
44672,67,2,10.2266703478888,10.460795077630607,0.2341247297418061,0.15204504170730687,0.0,0.005694905504710995,1
44672,67,3,10.2266703478888,10.471373046206315,0.24470269831751423,0.16358066026386298,0.011535618556556104,0.0,0
44672,68,1,9.542692948785602,9.641095513803599,0.09840256501799693,0.06639461495215238,0.0,0.005694905504711002,1
44672,68,2,9.542692948785602,9.646411694809661,0.10371874602405917,0.08433186552022455,0.017937250568072174,0.0,0
44672,68,3,9.542692948785602,9.762562111345607,0.21986916256000555,0.0958273754311876,0.02943276047903523,0.0,0
44672,69,1,10.308179562463259,10.60970751075565,0.3015279482923905,0.3048715071952975,0.0,0.0,0
44672,69,2,10.308179562463259,10.661025680790662,0.35284611832740254,0.34138086339598034,0.03650935620068285,0.0006832443380740613,0
44672,69,3,10.308179562463259,10.855365336818604,0.547185774355345,0.326826475753182,0.021954968557884535,0.0006832443380740613,0
44672,70,1,9.154074684661479,9.229968380425081,0.07589369576360205,0.08492697652149662,0.0,0.0067774868033312514,1
44672,70,2,9.154074684661479,9.381720744274578,0.22764605961309847,0.13183888721089929,0.04691191068940266,0.0,0
44672,70,3,9.154074684661479,9.487452563651162,0.3333778789896833,0.13150463148862945,0.04657765496713283,0.0,0
44672,71,1,9.367205763297562,9.449350253271186,0.08214448997362389,0.11183554350042821,0.0,0.0063560176639401375,1
44672,71,2,9.367205763297562,9.452366517209908,0.08516075391234601,0.1369961613579489,0.02516061785752069,0.0,0
44672,71,3,9.367205763297562,9.619140554930649,0.2519347916330865,0.15692548555555533,0.04508994205512712,0.0,0
44672,72,1,10.803535205103097,10.916256329579667,0.11272112447657001,0.1539915252597984,0.0,0.0,0
44672,72,2,10.803535205103097,10.989934373493337,0.18639916839024018,0.17492276669235562,0.02093124143255723,0.006261853852011518,1
44672,72,3,10.803535205103097,11.474594286599727,0.6710590814966295,0.16017010484473093,0.0061785795849325365,0.006261853852011518,1
44672,73,1,13.676374377097508,13.732882132255233,0.05650775515772466,0.21010291358975713,0.0,0.0,0
44672,73,2,13.676374377097508,13.723190261863497,0.04681588476598897,0.24019328899406137,0.03009037540430423,0.019552452963356268,1
44672,73,3,13.676374377097508,13.806834281836027,0.13045990473851887,0.28000953876432766,0.06990662517457052,0.03074064740963031,1
44672,74,1,10.753389837865859,10.832330370801051,0.07894053293519221,0.15837269996172876,0.0,0.0,0
44672,74,2,10.753389837865859,10.923921943187796,0.17053210532193752,0.18771487441818546,0.029342174456456704,0.011188194446274047,1
44672,74,3,10.753389837865859,11.063813192559788,0.31042335469392945,0.18325313786303818,0.02488043790130942,0.011188194446274047,1
44673,0,1,1.5889930464305788,1.6753357365194224,0.08634269008884354,0.10326933039306493,0.0,0.09409363979747286,1
44673,0,2,1.5889930464305788,1.8595153388799006,0.2705222924493218,0.11582250331950343,0.012553172926438497,0.0,0
44673,0,3,1.5889930464305788,1.7656920355588372,0.17669898912825843,0.14149801191197312,0.03822868151890818,0.0,0
44673,1,1,1.9109416849164802,1.9802161574802795,0.06927447256379926,0.18158405110562564,0.0,0.00552787062108695,1
44673,1,2,1.9109416849164802,2.0961095500183924,0.1851678651019122,0.22236810637386908,0.04078405526824344,0.008623135113765446,1
44673,1,3,1.9109416849164802,2.16668422797897,0.2557425430624898,0.2535176997510332,0.07193364864540758,0.0,0
44673,2,1,2.3172649266297887,2.5121375647716553,0.19487263814186662,0.12146374322578406,0.0,0.02933488452119254,1
44673,2,2,2.3172649266297887,2.6400587350123716,0.322793808382583,0.1520530963622109,0.03058935313642684,0.020711749407427094,1
44673,2,3,2.3172649266297887,2.718742259244601,0.40147733261481244,0.19131461745914394,0.06985087423335988,0.0,0
44673,3,1,1.7266601704150293,1.790266127082115,0.06360595666708568,0.1929775101914979,0.0,0.0,0
44673,3,2,1.7266601704150293,1.8769524594895906,0.15029228907456127,0.20713470080465265,0.014157190613154763,0.0,0
44673,3,3,1.7266601704150293,1.857324883037181,0.13066471262215162,0.21495889272831956,0.021981382536821664,0.0,0
44673,4,1,1.96530314156451,2.2019765537433527,0.23667341217884275,0.109267387209668,0.0,0.0,0
44673,4,2,1.96530314156451,2.4436166845157947,0.4783135429512848,0.13057293964266672,0.021305552432998726,0.0,0
44673,4,3,1.96530314156451,2.3093274989406973,0.3440243573761874,0.1566724542712812,0.04740506706161321,0.0,0
44673,5,1,0.9754471296518265,1.0020068315789565,0.026559701927130086,0.1523723821759138,0.0,0.08145995189717364,1
44673,5,2,0.9754471296518265,1.2295763981040395,0.25412926845221306,0.17306797606339494,0.02069559388748113,0.0,0
44673,5,3,0.9754471296518265,1.1177866597093826,0.14233953005755617,0.1764332073757106,0.024060825199796798,0.0,0
44673,6,1,1.0714501600682258,1.2765105924348572,0.2050604323666314,0.13155277066596358,0.0,0.08145995189717364,1
44673,6,2,1.0714501600682258,1.6663917731703173,0.5949416131020915,0.1347897020264886,0.003236931360525025,0.0,0
44673,6,3,1.0714501600682258,1.6059841491387121,0.5345339890704863,0.14157361242983646,0.010020841763872884,0.0,0
44673,7,1,1.5404326058050657,1.7545027808886804,0.2140701750836147,0.10006757197169602,0.0,0.08145995189717363,1
44673,7,2,1.5404326058050657,1.81951619643193,0.2790835906268643,0.1142709593914147,0.014203387419718674,0.0,0
44673,7,3,1.5404326058050657,2.0073457456916186,0.4669131398865529,0.14622110981426822,0.0461535378425722,0.0,0
44673,8,1,2.4428816561169264,2.541247429517964,0.09836577340103769,0.19544852318267372,0.0,0.0015572633175153783,0
44673,8,2,2.4428816561169264,2.5911056305606146,0.14822397444368818,0.21913711136393443,0.02368858818126071,0.027302344925107025,1
44673,8,3,2.4428816561169264,2.571277363414894,0.12839570729796757,0.2292455880709498,0.03379706488827608,0.0,0
44673,9,1,2.329757075717283,2.5808216089108607,0.2510645331935777,0.10470391286725135,0.0,0.027302344925107025,1
44673,9,2,2.329757075717283,2.6672130587809866,0.3374559830637036,0.11271537849330397,0.008011465626052622,0.0,0
44673,9,3,2.329757075717283,2.8037713978648653,0.4740143221475823,0.1203104748499234,0.015606561982672046,0.0,0
44673,10,1,2.0664744941637387,2.196209304768056,0.12973481060431746,0.28747144181095174,0.0,0.0,0
44673,10,2,2.0664744941637387,2.2381049320692243,0.1716304379054856,0.33138797699145656,0.04391653518050481,0.0,0
44673,10,3,2.0664744941637387,2.5281559991731526,0.46168150500941385,0.3934270527218963,0.10595561091094458,0.0,0
44673,11,1,2.1813054242011005,2.752759747659976,0.5714543234588754,0.1661490232810893,0.0002200521983489745,0.0,0
44673,11,2,2.1813054242011005,2.6602680452954415,0.47896262109434096,0.17155592394092478,0.0056269528581844586,0.0,0
44673,11,3,2.1813054242011005,3.144103627825413,0.9627982036243123,0.16592897108274032,0.0,0.0,0
44673,12,1,2.1060496307969867,2.2572320790914455,0.15118244829445882,0.11348029753992717,0.0,0.0,0
44673,12,2,2.1060496307969867,2.4264785369296584,0.3204289061326717,0.12167547396379076,0.008195176423863595,0.0,0
44673,12,3,2.1060496307969867,2.4346457283420753,0.32859609754508856,0.13302889762296777,0.0195486000830406,0.0,0
44673,13,1,1.8696257821201532,2.1604407194572626,0.2908149373371094,0.04998967019153393,0.0,0.0,0
44673,13,2,1.8696257821201532,2.407661155036728,0.5380353729165748,0.06287156225484104,0.012881892063307115,0.0,0
44673,13,3,1.8696257821201532,2.3481140180802402,0.47848823596008705,0.08800697036864896,0.038017300177115035,0.0,0
44673,14,1,1.7644875682271723,2.320464281639051,0.5559767134118787,0.2740454073982965,0.0,0.0,0
44673,14,2,1.7644875682271723,2.2602482990145183,0.49576073078734595,0.34987949828264847,0.07583409088435195,0.0,0
44673,14,3,1.7644875682271723,2.9970288170942445,1.2325412488670722,0.41994271963213226,0.14589731223383573,0.0,0
44673,15,1,1.478181831409689,1.5190017829309208,0.040819951521231745,0.15091670858609682,0.0,0.0,0
44673,15,2,1.478181831409689,1.7322298205870363,0.2540479891773473,0.16329884235739225,0.012382133771295434,0.0,0
44673,15,3,1.478181831409689,1.6662298877962853,0.18804805638659627,0.1714530934256766,0.020536384839579785,0.0,0
44673,16,1,1.0416434636947172,1.124627344173721,0.08298388047900374,0.1303806057601895,0.0,0.0,0
44673,16,2,1.0416434636947172,1.588853325429648,0.5472098617349308,0.13799808869694494,0.007617482936755432,0.0,0
44673,16,3,1.0416434636947172,1.4452945493228602,0.403651085628143,0.14475513308860838,0.014374527328418873,0.0,0
44673,17,1,1.3048253234864835,1.7408223423443854,0.4359970188579019,0.08419283651713266,0.0,0.0,0
44673,17,2,1.3048253234864835,2.2014086966566593,0.8965833731701758,0.09721560561675892,0.013022769099626255,0.0,0
44673,17,3,1.3048253234864835,2.3244719586711162,1.0196466351846327,0.09218220827556022,0.007989371758427552,0.0,0
44673,18,1,1.722143662722413,1.925872864309527,0.20372920158711416,0.29933899011649723,0.0,0.0,0
44673,18,2,1.722143662722413,2.031869620931417,0.30972595820900395,0.35567486867161535,0.056335878555118124,0.0,0
44673,18,3,1.722143662722413,2.0389861166512984,0.31684245392888544,0.3900136665309133,0.09067467641441607,0.0,0
44673,19,1,1.5630946897590625,1.715935804084975,0.15284111432591252,0.18021948079943126,0.0,0.0,0
44673,19,2,1.5630946897590625,1.9223503565444993,0.35925566678543674,0.18175365523353404,0.0015341744341027808,0.0,0
44673,19,3,1.5630946897590625,1.9746824426990326,0.4115877529399701,0.18591774676393058,0.005698265964499322,0.0,0
44673,20,1,1.2535231966677618,1.3211351461363754,0.0676119494686136,0.15281036705104295,0.0,0.0,0
44673,20,2,1.2535231966677618,1.7329667813478555,0.47944358468009374,0.16535968252615435,0.0125493154751114,0.0,0
44673,20,3,1.2535231966677618,1.9794058971222896,0.7258827004545279,0.15432557895464208,0.0015152119035991285,0.0,0
44673,21,1,1.9945136254931775,2.0514318317273785,0.056918206234201074,0.1440808363806522,0.0,0.0,0
44673,21,2,1.9945136254931775,2.1996934945789564,0.2051798690857789,0.2146598389039724,0.0705790025233202,0.0,0
44673,21,3,1.9945136254931775,2.112488821898828,0.11797519640565057,0.2639091254682614,0.1198282890876092,0.0,0
44673,22,1,3.1332578544685115,3.2562362020037634,0.12297834753525194,0.12027270232593501,0.0,0.0,0
44673,22,2,3.1332578544685115,3.2566466324016794,0.12338877793316794,0.12575753835313055,0.005484836027195544,0.04158661580972381,1
44673,22,3,3.1332578544685115,3.553145689180341,0.41988783471182956,0.13005640478265992,0.009783702456724913,0.04158661580972381,1
44673,23,1,1.5569755896231734,1.8746908896033603,0.3177152999801869,0.22916495879320176,0.0,0.08373325316562902,1
44673,23,2,1.5569755896231734,1.946171323319901,0.38919573369672755,0.2666373833507476,0.03747242455754585,0.0,0
44673,23,3,1.5569755896231734,2.202630254544227,0.6456546649210537,0.30300502226595083,0.07384006347274907,0.0,0
44673,24,1,1.170852637901684,1.268957711438524,0.09810507353684006,0.14745900804115053,0.0,0.08373325316562902,1
44673,24,2,1.170852637901684,1.7329270160667303,0.5620743781650464,0.15201426060788556,0.00455525256673503,0.0,0
44673,24,3,1.170852637901684,1.5474374507830022,0.3765848128813183,0.17408989187236681,0.026630883831216284,0.0,0
44673,25,1,1.2027996979780382,1.4119788286208075,0.20917913064276927,0.09669676293544713,0.0,0.08373325316562902,1
44673,25,2,1.2027996979780382,1.8371998795546483,0.63440018157661,0.10464004399640459,0.007943281060957458,0.0,0
44673,25,3,1.2027996979780382,1.9165342874142752,0.713734589436237,0.10310380261675516,0.006407039681308027,0.0,0
44673,26,1,1.8723566024440124,1.9633373744443012,0.09098077200028887,0.08289759213899243,0.0,0.08373325316562902,1
44673,26,2,1.8723566024440124,2.0519380053507,0.17958140290668778,0.1027083328403916,0.019810740701399168,0.0,0
44673,26,3,1.8723566024440124,2.0529499215842137,0.18059331914020138,0.12501789714992445,0.042120305010932016,0.0,0
44673,27,1,1.941658739833678,2.049441881295868,0.10778314146219015,0.17691695088396514,0.0,0.0,0
44673,27,2,1.941658739833678,2.2258868007755996,0.28422806094192166,0.20016790858379171,0.023250957699826574,0.0,0
44673,27,3,1.941658739833678,2.2019462580459246,0.2602875182122466,0.20779158219891397,0.03087463131494883,0.0,0
44673,28,1,2.0578155618238716,2.2951133179179,0.2372977560940286,0.12116477298107173,0.0,0.0,0
44673,28,2,2.0578155618238716,2.3865784097792546,0.328762847955383,0.14157631835222567,0.020411545371153944,0.0,0
44673,28,3,2.0578155618238716,2.529334802378967,0.4715192405550952,0.15249359910488303,0.0313288261238113,0.0,0
44673,29,1,1.3089148293944761,1.4395364959346568,0.1306216665401807,0.17648837403528483,0.0,0.0,0
44673,29,2,1.3089148293944761,1.7075975298970292,0.39868270050255306,0.20305279186614117,0.026564417830856335,0.0,0
44673,29,3,1.3089148293944761,1.6691974650686867,0.3602826356742106,0.20811730896897354,0.03162893493368871,0.0,0
44673,30,1,1.264273157397681,1.2893774987538709,0.025104341356189774,0.14398969244645027,0.0,0.0,0
44673,30,2,1.264273157397681,1.6083970021415044,0.3441238447438233,0.15241308422074998,0.00842339177429971,0.0,0
44673,30,3,1.264273157397681,1.406333801486793,0.1420606440891119,0.15605326827240404,0.01206357582595377,0.0,0
44673,31,1,0.9978750454175047,1.198649020282321,0.2007739748648163,0.12100944655391668,0.0,0.0,0
44673,31,2,0.9978750454175047,1.5859254321048992,0.5880503866873945,0.1465123927727246,0.025502946218807915,0.0,0
44673,31,3,0.9978750454175047,1.7166930642648452,0.7188180188473405,0.13948623172461938,0.018476785170702698,0.0,0
44673,32,1,1.4036131671492342,1.5532859942786839,0.14967282712944963,0.1862178699200744,0.0,0.0,0
44673,32,2,1.4036131671492342,1.8031800123107566,0.3995668451615224,0.20257198300772997,0.016354113087655553,0.0,0
44673,32,3,1.4036131671492342,1.7342380807521511,0.3306249136029169,0.20485953332509563,0.018641663405021214,0.0,0
44673,33,1,1.0320335659650617,1.1636432460976651,0.13160968013260343,0.12606799449165654,0.0,0.0,0
44673,33,2,1.0320335659650617,1.4773716834289927,0.44533811746393104,0.13352846431532625,0.007460469823669713,0.0,0
44673,33,3,1.0320335659650617,1.4299834978331571,0.39794993186809546,0.14033169042964172,0.014263695937985182,0.0,0
44673,34,1,1.7688316200920142,2.169804352115056,0.4009727320230416,0.327509366022284,0.0,0.0,0
44673,34,2,1.7688316200920142,2.185221169421396,0.41638954932938166,0.38605381130367844,0.058544445281394464,0.0,0
44673,34,3,1.7688316200920142,2.8251917872642496,1.0563601671722354,0.4598355470885374,0.13232618106625343,0.0,0
44673,35,1,1.239806873021226,1.2664650871104253,0.026658214089199328,0.15740366616941498,0.0,0.0,0
44673,35,2,1.239806873021226,1.4283788357270157,0.1885719627057898,0.1756734341261315,0.01826976795671653,0.0,0
44673,35,3,1.239806873021226,1.3823900951052,0.142583222083974,0.19268514245283952,0.03528147628342454,0.0,0
44673,36,1,1.2944068398400514,1.4136093685914528,0.11920252875140136,0.12645262279508226,0.0,0.0,0
44673,36,2,1.2944068398400514,1.795113109133568,0.5007062692935165,0.14098534431947138,0.014532721524389114,0.0,0
44673,36,3,1.2944068398400514,1.8407779840072522,0.5463711441672008,0.13830834716618112,0.011855724371098858,0.0,0
44673,37,1,1.6036544641827966,1.804607123761985,0.2009526595791884,0.08092765907101351,0.0,0.0,0
44673,37,2,1.6036544641827966,2.178531531718017,0.5748770675352206,0.09646540547531826,0.015537746404304748,0.0,0
44673,37,3,1.6036544641827966,2.2195461829745975,0.6158917187918009,0.09269378902641993,0.01176612995540642,0.0,0
44673,38,1,1.5003801555600347,1.5765999445644439,0.07621978900440918,0.15759019378541486,0.0,0.0,0
44673,38,2,1.5003801555600347,1.7233253418751713,0.2229451863151366,0.17908256905661538,0.021492375271200514,0.0,0
44673,38,3,1.5003801555600347,1.670451655001984,0.17007149944194921,0.1966139627869998,0.03902376900158494,0.0,0
44673,39,1,1.916271065937794,2.490294344111642,0.5740232781738479,0.26066432027825326,0.0,0.0,0
44673,39,2,1.916271065937794,2.3685199969078905,0.45224893097009655,0.33557322443638343,0.07490890415813017,0.0,0
44673,39,3,1.916271065937794,3.1891812732544116,1.2729102073166176,0.4101608938735196,0.14949657359526636,0.0,0
44673,40,1,1.315082725489031,1.412995524616067,0.0979127991270361,0.1611025419916141,0.0,0.0,0
44673,40,2,1.315082725489031,1.7509364164075436,0.43585369091851267,0.17023603433874282,0.009133492347128708,0.0,0
44673,40,3,1.315082725489031,1.9357075217054032,0.6206247962163722,0.1633885576159917,0.0022860156243775798,0.0,0
44673,41,1,1.3863609384320763,1.5036907531344579,0.11732981470238157,0.13609884052913884,0.0,0.0,0
44673,41,2,1.3863609384320763,2.0722760932554825,0.6859151548234061,0.13990833228415217,0.003809491755013328,0.0,0
44673,41,3,1.3863609384320763,2.233415945467789,0.8470550070357126,0.1369078603202973,0.0008090197911584662,0.0,0
44673,42,1,1.5864071187358473,1.8568147310265217,0.27040761229067445,0.086723343792345,0.0,0.0,0
44673,42,2,1.5864071187358473,2.1160264597857856,0.5296193410499384,0.12379582680272577,0.03707248301038077,0.0,0
44673,42,3,1.5864071187358473,2.085509558210324,0.4991024394744765,0.1300540753560949,0.04333073156374989,0.0,0
44673,43,1,1.3596666169993494,1.7507019778522785,0.3910353608529291,0.17225092580406343,0.0,0.08556049933456536,1
44673,43,2,1.3596666169993494,1.8212893485756922,0.4616227315763428,0.22891319085668255,0.05666226505261912,0.049543666917304524,1
44673,43,3,1.3596666169993494,2.3008659682397,0.9411993512403505,0.2845116983933766,0.11226077258931316,0.0,0
44673,44,1,1.7768693294622078,1.9629191297047783,0.18604980024257056,0.15590755740027923,0.0,0.08556049933456537,1
44673,44,2,1.7768693294622078,1.988883313229767,0.2120139837675592,0.19338754336214453,0.0374799859618653,0.04954366691730451,1
44673,44,3,1.7768693294622078,2.202972158834488,0.4261028293722804,0.259688770042418,0.1037812126421388,0.0,0
44673,45,1,1.4678837107543214,1.7207226727149376,0.25283896196061617,0.1879602090931999,0.0,0.0,0
44673,45,2,1.4678837107543214,1.9841175047775088,0.5162337940231874,0.20610314452791323,0.01814293543471332,0.0,0
44673,45,3,1.4678837107543214,1.947673887453476,0.4797901766991546,0.20709492051786688,0.019134711424666967,0.0,0
44673,46,1,1.130480198870235,1.1949567082748216,0.06447650940458649,0.1397716592378362,0.0,0.0,0
44673,46,2,1.130480198870235,1.6328702586282358,0.5023900597580007,0.15169484633275132,0.011923187094915133,0.0,0
44673,46,3,1.130480198870235,1.6297647306632932,0.4992845317930581,0.15016661343156207,0.01039495419372588,0.0,0
44673,47,1,1.3642384636640883,1.6080607494237396,0.24382228575965126,0.10872429118394988,0.0,0.0,0
44673,47,2,1.3642384636640883,1.7962459843312133,0.432007520667125,0.12918647036876177,0.020462179184811885,0.0,0
44673,47,3,1.3642384636640883,1.733993605590991,0.36975514192690273,0.13408277991525838,0.0253584887313085,0.0,0
44673,48,1,2.0436077975970064,2.3948251965056153,0.3512173989086089,0.27540837588778455,0.0,0.10383360228350197,1
44673,48,2,2.0436077975970064,2.379241911783968,0.33563411418696143,0.3309586337315837,0.05555025784379913,0.0,0
44673,48,3,2.0436077975970064,2.8455110902339125,0.8019032926369061,0.3969052614435599,0.12149688555577537,0.0,0
44673,49,1,1.0425696917472134,1.087240506069198,0.04467081432198472,0.1514347544345991,0.0,0.10383360228350197,1
44673,49,2,1.0425696917472134,1.4771893205910422,0.4346196288438289,0.18064832596204108,0.029213571527441973,0.0,0
44673,49,3,1.0425696917472134,1.7440206518526828,0.7014509601054695,0.17892508466312446,0.027490330228525345,0.0,0
44673,50,1,1.2275222189039603,1.432508653074399,0.2049864341704386,0.14651690266453699,0.0,0.10383360228350197,1
44673,50,2,1.2275222189039603,1.7908715123906294,0.5633492934866691,0.1737787709596434,0.027261868295106406,0.0,0
44673,50,3,1.2275222189039603,1.9596886254389667,0.7321664065350064,0.15894280997894572,0.012425907314408735,0.0,0
44673,51,1,1.567532364741865,1.722410852985781,0.1548784882439158,0.1380916444773536,0.0,0.10383360228350197,1
44673,51,2,1.567532364741865,1.7982762667724832,0.23074390203061812,0.17566335645197034,0.037571711974616756,0.0,0
44673,51,3,1.567532364741865,2.143353335796184,0.575820971054319,0.2244876226559187,0.08639597817856512,0.0,0
44673,52,1,1.18152184456717,1.2234615013641643,0.041939656796994296,0.1679765868569287,0.0,0.042863078846247626,1
44673,52,2,1.18152184456717,1.3051642717936052,0.12364242722643515,0.18253260305187638,0.014556016194947674,0.0,0
44673,52,3,1.18152184456717,1.269056421125468,0.087534576558298,0.18583502870040952,0.017858441843480816,0.0,0
44673,53,1,1.1651793943345958,1.2075237087704163,0.04234431443582043,0.16713608041081765,0.0,0.042863078846247626,1
44673,53,2,1.1651793943345958,1.422136464027858,0.25695706969326215,0.19486034025336751,0.027724259842549864,0.0,0
44673,53,3,1.1651793943345958,1.3246256049413838,0.15944621060678799,0.2060686119942596,0.038932531583441954,0.0,0
44673,54,1,1.42253611284224,1.6335108817437984,0.21097476890155842,0.12524264779445077,0.0,0.042863078846247626,1
44673,54,2,1.42253611284224,1.7070760954401425,0.2845399825979025,0.15089957176497282,0.02565692397052205,0.0,0
44673,54,3,1.42253611284224,1.9969864795276482,0.5744503666854082,0.1748814070594334,0.049638759264982624,0.0,0
44673,55,1,1.2761046935026388,1.388883241004526,0.1127785475018872,0.1888631580093105,0.0,0.0,0
44673,55,2,1.2761046935026388,1.6635134641711005,0.3874087706684617,0.2021315231857932,0.013268365176482694,0.0,0
44673,55,3,1.2761046935026388,1.5987811787353432,0.3226764852327044,0.2045319005760438,0.015668742566733312,0.0,0
44673,56,1,1.2288360814613595,3.0397088894886384,1.810872808027279,0.16952827534090198,0.007515425306463569,0.0,0
44673,56,2,1.2288360814613595,1.5317209155410634,0.3028848340797039,0.16559118146534815,0.0035783314309097425,0.0,0
44673,56,3,1.2288360814613595,2.328134131079474,1.0992980496181144,0.1620128500344384,0.0,0.0,0
44673,57,1,1.3815974161069824,1.6367740780284603,0.2551766619214779,0.08153089470699994,0.0,0.0,0
44673,57,2,1.3815974161069824,1.8801556550218534,0.49855823891487105,0.09002898547555777,0.008498090768557828,0.0,0
44673,57,3,1.3815974161069824,1.7252759969423621,0.3436785808353797,0.1085250334805384,0.026994138773538456,0.0,0
44673,58,1,9.303677501802833,9.749867325419967,0.446189823617134,0.3550371704756075,0.0,0.0,0
44673,58,2,9.303677501802833,9.737285458841376,0.43360795703854293,0.38312502723766234,0.02808785676205483,0.0010499564331135289,0
44673,58,3,9.303677501802833,9.712577760339183,0.4089002585363506,0.39212671541570776,0.03708954494010025,0.0010499564331135289,0
44673,59,1,10.47059416456364,10.503792453257525,0.0331982886938853,0.11970143737606871,0.0,0.006242352214689384,1
44673,59,2,10.47059416456364,10.513538534712426,0.042944370148786604,0.13306338240980967,0.013361945033740955,0.0,0
44673,59,3,10.47059416456364,10.522976705473916,0.052382540910276276,0.14637041214425922,0.02666897476819051,0.0,0
44673,60,1,9.626542704826429,9.668454241661987,0.04191153683555804,0.09497581080248849,0.0,0.0,0
44673,60,2,9.626542704826429,9.69254668713344,0.0660039823070111,0.11666840059107651,0.021692589788588026,0.008848244817373719,1
44673,60,3,9.626542704826429,9.74500983777258,0.11846713294615085,0.12810140418477484,0.03312559338228635,0.008848244817373719,1
44673,61,1,8.404806558517626,8.42959432588809,0.024787767370463953,0.17613178653497336,0.0,0.0,0
44673,61,2,8.404806558517626,8.455285278754108,0.05047872023648203,0.21802112412340147,0.04188933758842811,0.028761235834582566,1
44673,61,3,8.404806558517626,8.469167153021484,0.06436059450385834,0.242783168763212,0.06665138222823863,0.045280523408803536,1
44673,62,1,8.364896952190163,8.417432635438722,0.05253568324855884,0.12255259355431466,0.0,0.0,0
44673,62,2,8.364896952190163,8.428754393235563,0.06385744104539981,0.153083013790415,0.030530420236100336,0.016519287574220977,1
44673,62,3,8.364896952190163,8.507525049447388,0.1426280972572247,0.18325780532138372,0.060705211767069056,0.016519287574220977,1
44673,63,1,9.538080811739931,9.746890159725565,0.20880934798563366,0.2922221084459579,0.0,0.0009595218820588336,0
44673,63,2,9.538080811739931,9.769361600704283,0.23128078896435156,0.32105507985815884,0.028832971412200925,0.0,0
44673,63,3,9.538080811739931,9.853480064848013,0.31539925310808137,0.35848540406416224,0.06626329561820432,0.016968667371291407,1
44673,64,1,11.81307425346675,11.898032594595804,0.0849583411290542,0.2465508041560745,0.0,0.0,0
44673,64,2,11.81307425346675,11.928030817627798,0.11495656416104794,0.27937903378194023,0.032828229625865735,0.011180437199998422,1
44673,64,3,11.81307425346675,11.92069815926118,0.10762390579442993,0.2937443775374281,0.047193573381353604,0.011687875804614861,1
44673,65,1,10.462975300297426,10.725481543370083,0.26250624307265724,0.1499877864530641,0.0023000236030789323,0.005280791566676546,1
44673,65,2,10.462975300297426,10.659285113924803,0.19630981362737643,0.14768776284998517,0.0,0.005788230171292999,1
44673,65,3,10.462975300297426,10.649006747682021,0.18603144738459498,0.15104749392783562,0.003359731077850453,0.0,0
44673,66,1,9.682125093675761,9.795244531808688,0.11311943813292658,0.06051384548241674,0.0,0.005788230171292999,1
44673,66,2,9.682125093675761,9.818853222335164,0.13672812865940287,0.07501616374142567,0.014502318259008926,0.0,0
44673,66,3,9.682125093675761,9.857488592230306,0.17536349855454425,0.07881358385991144,0.018299738377494698,0.0,0
44673,67,1,10.612487570919443,10.877258349299261,0.2647707783798179,0.3074406090635366,0.0,0.0,0
44673,67,2,10.612487570919443,10.849719201504115,0.237231630584672,0.31694428979975,0.009503680736213382,0.001656176748242106,0
44673,67,3,10.612487570919443,10.852480737541153,0.23999316662171033,0.3341173477911278,0.026676738727591187,0.001656176748242106,0
44673,68,1,9.365866167358188,9.417858204867109,0.051992037508920674,0.08835859534694109,0.0,0.0057047502701606245,1
44673,68,2,9.365866167358188,9.493792436969082,0.12792626961089404,0.11273160944052864,0.024373014093587553,0.0,0
44673,68,3,9.365866167358188,9.513299756726084,0.1474335893678962,0.11442969980679406,0.026071104459852973,0.0,0
44673,69,1,9.598763649970337,9.645833656282573,0.04707000631223579,0.10145796006227051,0.0,0.005335893593564411,1
44673,69,2,9.598763649970337,9.719101046705978,0.12033739673564092,0.1204836116251585,0.01902565156288799,0.0,0
44673,69,3,9.598763649970337,9.78722147228566,0.18845782231532304,0.12163744389629219,0.020179483834021683,0.0,0
44673,70,1,11.127417362616152,11.145002401061223,0.017585038445071532,0.12415992327069501,0.0,0.0,0
44673,70,2,11.127417362616152,11.179731688126578,0.052314325510426585,0.1534516672216618,0.0292917439509668,0.006926529421514626,1
44673,70,3,11.127417362616152,11.214415972851238,0.08699861023508682,0.16099924811547628,0.036839324844781265,0.006926529421514626,1
44673,71,1,13.885190935135629,13.93352502378175,0.04833408864612032,0.2090467118645423,0.0,0.0,0
44673,71,2,13.885190935135629,13.979227156823956,0.09403622168832726,0.26453553875439617,0.055488826889853876,0.01912675611289001,1
44673,71,3,13.885190935135629,13.996638815369488,0.11144788023385921,0.28860569264644237,0.07955898078190007,0.03116723914113252,1
44673,72,1,10.955047145148791,10.969247382478745,0.01420023732995368,0.14401872852849337,0.0,0.0,0
44673,72,2,10.955047145148791,10.97857031640297,0.023523171254179687,0.1719226888075911,0.027903960279097723,0.01204048302824252,1
44673,72,3,10.955047145148791,10.992979571990901,0.037932426842109734,0.19987608629335898,0.05585735776486561,0.01204048302824252,1
44674,0,1,1.6421381750434108,1.8186372119200507,0.17649903687663993,0.20193078591426833,0.0,0.0,0
44674,0,2,1.6421381750434108,2.356948679745556,0.7148105047021451,0.20806397604960541,0.0061331901353370855,0.0,0
44674,0,3,1.6421381750434108,2.5762197460324074,0.9340815709889967,0.2043122927047725,0.0023815067905041676,0.0,0
44674,1,1,1.7301923482835786,1.955311549337419,0.2251192010538403,0.112608720455731,0.0,0.0,0
44674,1,2,1.7301923482835786,2.095159904154543,0.3649675558709644,0.12736170072688321,0.01475298027115221,0.0,0
44674,1,3,1.7301923482835786,2.0113313726949817,0.28113902441140315,0.1403490266490294,0.027740306193298397,0.0,0
44674,2,1,0.8937607736818294,0.9606062418630718,0.06684546818124237,0.14468410929509087,0.0,0.08162594289546707,1
44674,2,2,0.8937607736818294,1.3428528018161796,0.44909202813435023,0.16472862048796783,0.02004451119287695,0.0,0
44674,2,3,0.8937607736818294,1.056322631256407,0.16256185757457753,0.16492143733629414,0.020237328041203262,0.0,0
44674,3,1,0.9667723713994498,1.260636737660874,0.2938643662614242,0.12151590523376311,0.0,0.08162594289546707,1
44674,3,2,0.9667723713994498,1.9223811807228117,0.9556088093233619,0.13005381954191086,0.008537914308147751,0.0,0
44674,3,3,0.9667723713994498,2.1588739204569705,1.1921015490575206,0.12493178277333962,0.003415877539576506,0.0,0
44674,4,1,1.5452082943519094,1.604899281468375,0.05969098711646548,0.07313256434016266,0.0,0.08162594289546707,1
44674,4,2,1.5452082943519094,1.7479359797740692,0.2027276854221598,0.11172132765611004,0.03858876331594738,0.0,0
44674,4,3,1.5452082943519094,1.7766158818689184,0.23140758751700896,0.11799231160983881,0.04485974726967615,0.0,0
44674,5,1,2.4162014050941867,2.558935080295659,0.1427336752014723,0.19825714868849173,0.0,0.027253384791955992,1
44674,5,2,2.4162014050941867,2.773402217266022,0.3572008121718353,0.21216531385374873,0.013908165165257003,0.0,0
44674,5,3,2.4162014050941867,2.790173741619151,0.37397233652496453,0.21537082047789607,0.017113671789404344,0.0,0
44674,6,1,2.2714592323163956,2.621095449559924,0.34963621724352834,0.10599485556365253,0.0,0.02725338479195598,1
44674,6,2,2.2714592323163956,2.933191302923293,0.6617320706068974,0.10823689617144576,0.002242040607793233,0.0,0
44674,6,3,2.2714592323163956,2.803785323415086,0.5323260910986902,0.1164709390330882,0.010476083469435668,0.0,0
44674,7,1,2.335517167273709,3.3628462769465317,1.0273291096728228,0.3353285950647634,0.0,0.0,0
44674,7,2,2.335517167273709,3.3078548312866163,0.9723376640129073,0.34852325473307577,0.013194659668312347,0.0,0
44674,7,3,2.335517167273709,3.8433904292450016,1.5078732619712927,0.3588158035505705,0.0234872084858071,0.0,0
44674,8,1,2.158402489776548,2.2013159522636103,0.042913462487062404,0.1666003114172921,0.0,0.0,0
44674,8,2,2.158402489776548,2.8718760222383954,0.7134735324618475,0.18156313656769732,0.014962825150405229,0.0,0
44674,8,3,2.158402489776548,3.0731599537330636,0.9147574639565157,0.17113839445031798,0.004538083033025886,0.0,0
44674,9,1,2.0900230398479236,2.290019320397826,0.19999628054990248,0.12560371647532267,0.0,0.0,0
44674,9,2,2.0900230398479236,2.4900051350759655,0.39998209522804196,0.13069383664406503,0.005090120168742357,0.0,0
44674,9,3,2.0900230398479236,2.506710121687081,0.41668708183915726,0.13203551755351625,0.0064318010781935775,0.0,0
44674,10,1,1.9875273534438904,2.501775287822524,0.5142479343786335,0.04950412255414467,0.0,0.0,0
44674,10,2,1.9875273534438904,2.7175331456964114,0.7300057922525209,0.04967073201568075,0.0001666094615360783,0.0,0
44674,10,3,1.9875273534438904,2.4495517465006262,0.4620243930567358,0.06617693677833517,0.016672814224190494,0.0,0
44674,11,1,1.9720006449079854,3.0301194457603637,1.0581188008523783,0.336115097216038,0.0,0.0,0
44674,11,2,1.9720006449079854,3.31111032447794,1.3391096795699544,0.3687676684028658,0.032652571186827795,0.0,0
44674,11,3,1.9720006449079854,3.4566866196306263,1.4846859747226409,0.4208554847603808,0.08474038754434282,0.0,0
44674,12,1,1.3546618792171947,1.3839453182593542,0.029283439042159465,0.1652051063661701,0.0,0.0,0
44674,12,2,1.3546618792171947,1.579040999170548,0.22437911995335336,0.18096722175756208,0.015762115391391968,0.0,0
44674,12,3,1.3546618792171947,1.4613715324544132,0.10670965323721848,0.18984909644842715,0.02464399008225704,0.0,0
44674,13,1,0.9748883886351015,1.1612134286308013,0.18632503999569983,0.12835002658717995,0.0,0.0,0
44674,13,2,0.9748883886351015,1.4707218400406386,0.49583345140553703,0.14724911569543833,0.018899089108258382,0.0,0
44674,13,3,0.9748883886351015,1.3079454331238016,0.3330570444887001,0.15150534555274417,0.02315531896556422,0.0,0
44674,14,1,1.2923898127354716,1.8381867591461738,0.5457969464107022,0.07602074744764728,0.0,0.0,0
44674,14,2,1.2923898127354716,2.0008743738412176,0.708484561105746,0.07842644258054779,0.0024056951329005094,0.0,0
44674,14,3,1.2923898127354716,1.990002404888814,0.6976125921533425,0.08433492617676124,0.008314178729113955,0.0,0
44674,15,1,1.9524610755432785,2.2827463428791477,0.33028526733586916,0.26849346082939485,0.0,0.0,0
44674,15,2,1.9524610755432785,2.4635330929876016,0.5110720174443231,0.2851468465736048,0.016653385744209936,0.0,0
44674,15,3,1.9524610755432785,2.8418497341952986,0.8893886586520201,0.36905920169745765,0.1005657408680628,0.0,0
44674,16,1,1.5363167889399292,1.6660327270551043,0.12971593811517512,0.18764716293811975,0.0,0.0,0
44674,16,2,1.5363167889399292,1.8106570999965883,0.2743403110566591,0.18812148656277092,0.00047432362465116285,0.0,0
44674,16,3,1.5363167889399292,1.724178555801118,0.18786176686118883,0.1973829719233883,0.009735808985268546,0.0,0
44674,17,1,1.2439670306583066,1.3439109182783084,0.09994388762000184,0.16159171379708392,0.0,0.0,0
44674,17,2,1.2439670306583066,1.7503545468058832,0.5063875161475766,0.16962408322065964,0.008032369423575714,0.0,0
44674,17,3,1.2439670306583066,1.550858505050881,0.30689147439257436,0.16983721916597574,0.00824550536889182,0.0,0
44674,18,1,2.0458008986407448,2.241239041194576,0.19543814255383118,0.09504163199919899,0.0,0.0,0
44674,18,2,2.0458008986407448,2.3877773040984254,0.3419764054576806,0.1199841228484553,0.024942490849256316,0.0,0
44674,18,3,2.0458008986407448,2.3444627212976274,0.2986618226568827,0.1561715113860177,0.061129879386818714,0.0,0
44674,19,1,3.0318034662717874,3.32604684111685,0.29424337484506236,0.11052387459498392,0.0,0.0,0
44674,19,2,3.0318034662717874,3.3823505080278933,0.35054704175610585,0.11314369343495338,0.002619818839969465,0.04178740085220656,1
44674,19,3,3.0318034662717874,3.517877072635651,0.48607360636386376,0.11876204415199829,0.008238169557014369,0.04178740085220656,1
44674,20,1,1.817875240460491,2.18547851601146,0.36760327555096906,0.2372865023005259,0.0,0.08374350451418494,1
44674,20,2,1.817875240460491,2.3334843281699267,0.5156090877094357,0.25104376214217766,0.01375725984165177,0.0,0
44674,20,3,1.817875240460491,2.5217775872876897,0.7039023468271988,0.28302161962306077,0.04573511732253488,0.0,0
44674,21,1,1.0913429782715625,1.3683221978926383,0.27697921962107586,0.1748372699712354,0.0,0.08374350451418491,1
44674,21,2,1.0913429782715625,1.6570638061196479,0.5657208278480854,0.17589207916834373,0.0010548091971083473,0.0,0
44674,21,3,1.0913429782715625,1.44524303197068,0.3539000536991175,0.18193628730573294,0.007099017334497554,0.0,0
44674,22,1,1.1818518587756786,1.4002573634611015,0.21840550468542297,0.13016750478459874,0.0,0.08374350451418491,1
44674,22,2,1.1818518587756786,1.751297461913961,0.5694456031382824,0.14214077712441897,0.011973272339820235,0.0,0
44674,22,3,1.1818518587756786,1.6349693112502686,0.45311745247459,0.15765679805850902,0.02748929327391028,0.0,0
44674,23,1,1.6845473690291004,1.9594547438590582,0.27490737482995775,0.08182892607161252,0.0,0.08374350451418491,1
44674,23,2,1.6845473690291004,2.205349817973854,0.5208024489447536,0.09136691861434447,0.009537992542731952,0.0,0
44674,23,3,1.6845473690291004,2.109970227987442,0.42542285895834153,0.10565111703534595,0.023822190963733433,0.0,0
44674,24,1,2.065593316039072,2.2928035890840563,0.2272102730449843,0.1938335708127586,0.0,0.0,0
44674,24,2,2.065593316039072,2.35889160447901,0.29329828843993777,0.2108469023748758,0.017013331562117207,0.0,0
44674,24,3,2.065593316039072,2.376461975515288,0.310868659476216,0.212630311539049,0.018796740726290395,0.0,0
44674,25,1,1.8319491117650184,2.3716699358854987,0.5397208241204803,0.11978017746491999,0.0,0.0,0
44674,25,2,1.8319491117650184,2.646173178479416,0.8142240667143974,0.12791835168027038,0.008138174215350388,0.0,0
44674,25,3,1.8319491117650184,2.704996163384116,0.8730470516190976,0.12826514148471335,0.008484964019793359,0.0,0
44674,26,1,1.269293046756188,1.3184359603150426,0.049142913558854584,0.16426092950101454,0.0,0.0,0
44674,26,2,1.269293046756188,1.5583309354232144,0.2890378886670264,0.17054148028581204,0.006280550784797501,0.0,0
44674,26,3,1.269293046756188,1.4298525362520167,0.16055948949582866,0.19199222074309066,0.027731291242076128,0.0,0
44674,27,1,1.1115115018355424,1.1674844138365421,0.05597291200099974,0.14976950556539226,0.0,0.0,0
44674,27,2,1.1115115018355424,1.4666740087587153,0.35516250692317297,0.15458349073465572,0.004813985169263457,0.0,0
44674,27,3,1.1115115018355424,1.202198610029121,0.09068710819357872,0.1710420001304826,0.02127249456509034,0.0,0
44674,28,1,0.9641364703839741,1.2615614991942279,0.2974250288102538,0.14066735554060752,0.0,0.0,0
44674,28,2,0.9641364703839741,1.635193935034134,0.6710574646501599,0.14653015325005286,0.005862797709445339,0.0,0
44674,28,3,0.9641364703839741,1.3848161295500223,0.4206796591660482,0.15715154860496935,0.01648419306436183,0.0,0
44674,29,1,1.3760094593950882,1.4747752043467843,0.0987657449516961,0.18520108661237875,0.0,0.0,0
44674,29,2,1.3760094593950882,1.5620072966466725,0.18599783725158425,0.19936468339050709,0.01416359677812834,0.0,0
44674,29,3,1.3760094593950882,1.5363780311217492,0.16036857172666097,0.20453901838309904,0.019337931770720296,0.0,0
44674,30,1,0.9454350395944718,1.1594851164314552,0.2140500768369834,0.12284873367463414,0.0,0.0,0
44674,30,2,0.9454350395944718,1.7307636083223845,0.7853285687279127,0.13681278131036365,0.013964047635729504,0.0,0
44674,30,3,0.9454350395944718,1.6611881076554074,0.7157530680609355,0.13354488124027605,0.010696147565641911,0.0,0
44674,31,1,2.09309818004485,3.069006237294878,0.9759080572500278,0.3411502527996379,0.0,0.0,0
44674,31,2,2.09309818004485,3.319219169078277,1.226120989033427,0.3728029343862731,0.0316526815866352,0.0,0
44674,31,3,2.09309818004485,3.349042769403302,1.2559445893584518,0.42837625538225726,0.08722600258261937,0.0,0
44674,32,1,1.0419249084770992,1.084304882737316,0.04237997426021689,0.16320917854641354,0.0,0.0,0
44674,32,2,1.0419249084770992,1.3936099827239892,0.35168507424689,0.1812989409979125,0.01808976245149896,0.0,0
44674,32,3,1.0419249084770992,1.2841098003999085,0.24218489192280934,0.19222231382278585,0.02901313527637231,0.0,0
44674,33,1,1.223927507611912,1.3508605974774277,0.12693308986551566,0.12202658632820447,0.0,0.0,0
44674,33,2,1.223927507611912,1.9398958307310976,0.7159683231191856,0.14474238557489724,0.022715799246692772,0.0,0
44674,33,3,1.223927507611912,1.8773907616915408,0.6534632540796288,0.13987718931763807,0.017850602989433598,0.0,0
44674,34,1,1.698373448691767,2.270980113695393,0.5726066650036259,0.05802145921656158,0.0,0.0,0
44674,34,2,1.698373448691767,2.590927800931854,0.892554352240087,0.07346735312565374,0.015445893909092158,0.0,0
44674,34,3,1.698373448691767,2.2182661353278332,0.5198926866360662,0.08055563741567966,0.022534178199118078,0.0,0
44674,35,1,1.2356311211124473,1.3639190830611008,0.12828796194865344,0.18638137043974098,0.0,0.0,0
44674,35,2,1.2356311211124473,1.5917829646788284,0.3561518435663811,0.19548572893096064,0.009104358491219655,0.0,0
44674,35,3,1.2356311211124473,1.4678455174038114,0.2322143962913641,0.19900923243278684,0.012627861993045858,0.0,0
44674,36,1,2.072950707090909,2.952628028402759,0.8796773213118501,0.32676453785770315,0.0,0.0,0
44674,36,2,2.072950707090909,3.070984203694244,0.9980334966033348,0.34693941744996093,0.020174879592257777,0.0,0
44674,36,3,2.072950707090909,3.477746387569271,1.4047956804783621,0.4001586150683874,0.07339407721068425,0.0,0
44674,37,1,1.2772848654066897,1.3436360102434004,0.06635114483671067,0.1433483199920374,0.0,0.0,0
44674,37,2,1.2772848654066897,1.603210834324032,0.3259259689173424,0.1592042354021281,0.01585591541009071,0.0,0
44674,37,3,1.2772848654066897,1.3862757996499746,0.10899093424328488,0.16116207362404705,0.017813753632009655,0.0,0
44674,38,1,1.3292106597267015,1.513730220743809,0.18451956101710754,0.13082227320808307,0.0,0.0,0
44674,38,2,1.3292106597267015,2.0473953010889008,0.7181846413621993,0.15057203999806912,0.01974976678998605,0.0,0
44674,38,3,1.3292106597267015,1.895835911695528,0.5666252519688264,0.1445092427374943,0.01368696952941123,0.0,0
44674,39,1,1.6584844159314602,2.3535661234704235,0.6950817075389633,0.0647747847517698,0.0,0.0,0
44674,39,2,1.6584844159314602,2.312525902607558,0.6540414866760977,0.08259606551210306,0.017821280760333263,0.0,0
44674,39,3,1.6584844159314602,2.803042061058017,1.1445576451265567,0.13645046673434436,0.07167568198257455,0.0,0
44674,40,1,1.1214542967355334,1.539642625145797,0.41818832841026365,0.1290841532564327,0.0,0.08618484452886638,1
44674,40,2,1.1214542967355334,1.5708977507330217,0.4494434539974883,0.15320720121720732,0.024123047960774635,0.04987675199794833,1
44674,40,3,1.1214542967355334,2.125125036130611,1.0036707393950777,0.18871813119282255,0.05963397793638986,0.0,0
44674,41,1,1.673494238352765,1.9970614877269646,0.3235672493741997,0.15788523297458862,0.0,0.08618484452886638,1
44674,41,2,1.673494238352765,2.2156700274812224,0.5421757891284575,0.1783465354944581,0.020461302519869495,0.04987675199794833,1
44674,41,3,1.673494238352765,2.0647790318250845,0.3912847934723196,0.2139200032865019,0.056034770311913285,0.0,0
44674,42,1,1.4436767945127995,1.5238594344950864,0.08018263998228692,0.1790000893383907,0.0,0.0,0
44674,42,2,1.4436767945127995,1.6213802433204407,0.17770344880764122,0.19103471886186524,0.012034629523474533,0.0,0
44674,42,3,1.4436767945127995,1.5992314668570344,0.15555467234423492,0.19950909083744675,0.020509001499056045,0.0,0
44674,43,1,0.9853640870107603,1.0645735503964793,0.07920946338571899,0.13534558576311964,0.0,0.0,0
44674,43,2,0.9853640870107603,1.1268071976983465,0.1414431106875862,0.15322221887777002,0.017876633114650375,0.0,0
44674,43,3,0.9853640870107603,1.089173319040839,0.10380923203007875,0.16004818635512105,0.02470260059200141,0.0,0
44674,44,1,1.3621140567039731,1.6403099733219808,0.2781959166180077,0.11597046956604429,0.0,0.0,0
44674,44,2,1.3621140567039731,1.827067109664938,0.4649530529609649,0.1287162749876607,0.012745805421616407,0.0,0
44674,44,3,1.3621140567039731,1.6825665144671995,0.3204524577632264,0.13749654460201768,0.021526075035973397,0.0,0
44674,45,1,0.938903539611825,1.005669178860625,0.06676563924879986,0.15147163731543106,0.0,0.10409526981149117,1
44674,45,2,0.938903539611825,1.3521481917028222,0.41324465209099714,0.1757252677339186,0.02425363041848755,0.0,0
44674,45,3,0.938903539611825,1.203070241531612,0.26416670191978686,0.18040311716342725,0.028931479847996183,0.0,0
44674,46,1,1.17127972233371,1.3876809946698365,0.2164012723361266,0.16136345445973696,0.0,0.10409526981149118,1
44674,46,2,1.17127972233371,1.6994245850592116,0.5281448627255017,0.18251147465762568,0.021148020197888723,0.0,0
44674,46,3,1.17127972233371,1.4599319201476706,0.2886521978139607,0.18380287937841483,0.02243942491867787,0.0,0
44674,47,1,1.263777782232941,1.403482050309617,0.13970426807667602,0.10053879934260099,0.0,0.10409526981149117,1
44674,47,2,1.263777782232941,1.6491750163241563,0.3853972340912153,0.12433120566823477,0.023792406325633786,0.0,0
44674,47,3,1.263777782232941,1.4862568023567433,0.22247902012380227,0.14875173869324113,0.04821293935064014,0.0,0
44674,48,1,1.0484378618214834,1.1081990370362085,0.059761175214725126,0.1546209598018085,0.0,0.04196307519646478,1
44674,48,2,1.0484378618214834,1.1873123217929284,0.1388744599714451,0.17290449230339433,0.01828353250158582,0.0,0
44674,48,3,1.0484378618214834,1.1378517972346,0.08941393541311671,0.18315002697970875,0.02852906717790024,0.0,0
44674,49,1,1.5363725221121665,1.6528565677796998,0.11648404566753334,0.16336690323451505,0.0,0.04196307519646478,1
44674,49,2,1.5363725221121665,1.7912782493999682,0.2549057272878017,0.18581677042209807,0.022449867187583017,0.0,0
44674,49,3,1.5363725221121665,1.8184922465967694,0.282119724484603,0.20005659812302595,0.0366896948885109,0.0,0
44674,50,1,1.377841402227144,1.6087161977432465,0.23087479551610257,0.13842165992158845,0.0,0.04196307519646478,1
44674,50,2,1.377841402227144,1.7147861872874182,0.33694478506027425,0.1520893830251818,0.013667723103593349,0.0,0
44674,50,3,1.377841402227144,1.805647810631076,0.42780640840393214,0.17303360151561584,0.03461194159402739,0.0,0
44674,51,1,1.2320078298445396,1.3364279907436432,0.10442016089910355,0.17595968186950217,0.0,0.0,0
44674,51,2,1.2320078298445396,1.3919457098467345,0.1599378800021949,0.182722916452043,0.006763234582540828,0.0,0
44674,51,3,1.2320078298445396,1.3810035850730389,0.14899575522849928,0.18811688665808673,0.012157204788584564,0.0,0
44674,52,1,1.106492969022756,3.2651690334697827,2.1586760644470266,0.18482441783801357,0.006670731538228086,0.0,0
44674,52,2,1.106492969022756,1.348585693852321,0.242092724829565,0.18373311462196232,0.005579428322176838,0.0,0
44674,52,3,1.106492969022756,2.8218118139833086,1.7153188449605525,0.17815368629978548,0.0,0.0,0
44674,53,1,1.3352389842689378,1.8234061031359812,0.48816711886704334,0.09979291737594309,0.0006414325094778878,0.0,0
44674,53,2,1.3352389842689378,2.05331082267893,0.7180718384099922,0.0991514848664652,0.0,0.0,0
44674,53,3,1.3352389842689378,1.5781970624880235,0.24295807821908566,0.12225311583622402,0.023101630969758813,0.0,0
44674,54,1,2.6194396856775204,2.825456137320468,0.20601645164294746,0.1878569328681364,0.0,0.0,0
44674,54,2,2.6194396856775204,2.8771122861075114,0.25767260042999096,0.20727696921648253,0.01942003634834613,0.0,0
44674,54,3,2.6194396856775204,2.9735176242914725,0.3540779386139521,0.21813213436758097,0.03027520149944457,0.0,0
44674,55,1,1.20883241387383,1.2878952813792328,0.07906286750540281,0.18487326419894143,0.0,0.0,0
44674,55,2,1.20883241387383,1.8231952940813858,0.6143628802075558,0.20152467063191318,0.01665140643297175,0.0,0
44674,55,3,1.20883241387383,1.7149710850923772,0.5061386712185472,0.2014805191597781,0.016607254960836676,0.0,0
44674,56,1,1.609313908742616,1.6568509505734998,0.04753704183088381,0.15699970181215223,0.0,0.0,0
44674,56,2,1.609313908742616,1.9408100958013592,0.3314961870587432,0.17254946918960465,0.015549767377452423,0.0,0
44674,56,3,1.609313908742616,1.7906616828051516,0.18134777406253555,0.1780939934005796,0.021094291588427377,0.0,0
44674,57,1,10.379238440848535,10.937784495661742,0.5585460548132062,0.11450878987952293,0.005775368158507779,0.006237342929141049,1
44674,57,2,10.379238440848535,10.576559276236432,0.19732083538789702,0.10873342172101515,0.0,0.0,0
44674,57,3,10.379238440848535,10.610905152743836,0.23166671189530064,0.1138091587607543,0.005075737039739153,0.0,0
44674,58,1,11.528655003497022,11.598169393968915,0.0695143904718929,0.1002284462969737,0.0,0.014372251851124132,1
44674,58,2,11.528655003497022,11.642978737862824,0.11432373436580257,0.11232571351031538,0.012097267213341686,0.0,0
44674,58,3,11.528655003497022,11.632313353357258,0.10365834986023614,0.12244158321442009,0.02221313691744639,0.0,0
44674,59,1,9.535730103915837,9.644891310142492,0.1091612062266556,0.09669683147245875,0.0,0.0,0
44674,59,2,9.535730103915837,9.697257565901884,0.16152746198604717,0.10774212602901495,0.011045294556556201,0.008853058435686647,1
44674,59,3,9.535730103915837,9.721334831540108,0.1856047276242716,0.11315228000194244,0.01645544852948369,0.008853058435686647,1
44674,60,1,8.380090569076694,8.46524374177504,0.08515317269834632,0.19476440931218766,0.0,0.0,0
44674,60,2,8.380090569076694,8.60238281940954,0.2222922503328455,0.2050532303907678,0.010288821078580146,0.02861400712651893,1
44674,60,3,8.380090569076694,8.501517311809646,0.12142674273295206,0.20564994023619476,0.010885530924007097,0.045118240650359215,1
44674,61,1,8.18194865492588,8.299487013134424,0.11753835820854341,0.13261471092163335,0.0,0.0,0
44674,61,2,8.18194865492588,8.36376011284967,0.18181145792378928,0.14057435294986592,0.007959642028232572,0.016504233523840256,1
44674,61,3,8.18194865492588,8.389604259963237,0.20765560503735614,0.15256046455736255,0.019945753635729202,0.016504233523840256,1
44674,62,1,10.489774536417416,10.610731463663956,0.1209569272465405,0.13742654016545808,0.0,0.0,0
44674,62,2,10.489774536417416,10.952168437320125,0.4623939009027094,0.20472939056565867,0.06730285040020059,0.010073035951598707,1
44674,62,3,10.489774536417416,10.701423204963701,0.21164866854628528,0.20244261028858637,0.0650160701231283,0.010073035951598707,1
44674,63,1,9.501298384797952,10.446147814319533,0.9448494295215806,0.349112806740928,0.005599851279041612,0.0009716903288130296,0
44674,63,2,9.501298384797952,10.051279524086272,0.5499811392883203,0.34351295546188637,0.0,0.0,0
44674,63,3,9.501298384797952,10.066572306495733,0.5652739216977807,0.3486902715259914,0.005177316064105042,0.016982681660217547,1
44674,64,1,11.7687850204243,12.2993342072152,0.5305491867908998,0.33409244470429805,0.001177159672301309,0.0,0
44674,64,2,11.7687850204243,12.322598746175213,0.5538137257509135,0.33808812886589196,0.005172843833895213,0.01148349805582316,1
44674,64,3,11.7687850204243,12.665851272326938,0.897066251902638,0.33291528503199674,0.0,0.011840089674966192,1
44674,65,1,10.41258409263943,11.09007710616242,0.6774930135229909,0.15147018464998413,0.016683862582712566,0.005142591985251355,1
44674,65,2,10.41258409263943,10.634132932213543,0.22154883957411364,0.13478632206727156,0.0,0.0054991836043943865,1
44674,65,3,10.41258409263943,10.90716903443589,0.49458494179646095,0.13617527052157358,0.0013889484543020136,0.0,0
44674,66,1,9.681461465532816,10.309111159502603,0.6276496939697864,0.07530581954181387,0.0021169900076493664,0.0054991836043943865,1
44674,66,2,9.681461465532816,9.928059436683094,0.24659797115027793,0.0731888295341645,0.0,0.0,0
44674,66,3,9.681461465532816,10.131268953348592,0.4498074878157752,0.07374533409213403,0.000556504557969531,0.0,0
44674,67,1,10.518466785234619,10.8645459498336,0.34607916459898114,0.2915035715034291,0.0,0.0,0
44674,67,2,10.518466785234619,11.021339898237247,0.5028731130026287,0.30785790220929515,0.01635433070586606,0.0017400249370586977,0
44674,67,3,10.518466785234619,10.959670192540221,0.44120340730560237,0.3075183168637299,0.016014745360300786,0.0017400249370586977,0
44674,68,1,9.280276122824867,9.349659952090779,0.06938382926591125,0.08554780811520249,0.0,0.005577297897285442,1
44674,68,2,9.280276122824867,9.419684951622,0.1394088287971318,0.10411959142085336,0.018571783305650874,0.0,0
44674,68,3,9.280276122824867,9.425004284635499,0.1447281618106313,0.10640510615189663,0.020857298036694144,0.0,0
44674,69,1,9.537100520266124,9.635475490246304,0.09837496998017947,0.10194810670763305,0.0,0.005103816212722573,1
44674,69,2,9.537100520266124,9.713315233073105,0.1762147128069813,0.11147568390811387,0.009527577200480822,0.0,0
44674,69,3,9.537100520266124,9.754004981670075,0.21690446140395103,0.11205147259725172,0.010103365889618673,0.0,0
44674,70,1,11.05004333244473,11.113698536447911,0.06365520400318125,0.11440944501784736,0.0,0.0,0
44674,70,2,11.05004333244473,11.324460217709682,0.27441688526495156,0.1622535596495616,0.04784411463171423,0.007031652917371022,1
44674,70,3,11.05004333244473,11.21081024388433,0.16076691143959998,0.1565944785086016,0.042185033490754226,0.007031652917371022,1
44674,71,1,13.878672895231208,13.953513791586559,0.07484089635535085,0.19567345712070744,0.0,0.0,0
44674,71,2,13.878672895231208,13.981545224729373,0.10287232949816527,0.21998173145001426,0.024308274329306823,0.019216109055763528,1
44674,71,3,13.878672895231208,13.99631984620289,0.11764695097168243,0.24683733096589974,0.051163873845192304,0.03119964508307209,1
44674,72,1,10.853640266090085,10.910135449904246,0.0564951838141603,0.15405236831142785,0.0,0.0,0
44674,72,2,10.853640266090085,10.93416131980937,0.0805210537192842,0.16866724478023273,0.014614876468804883,0.011983536027308572,1
44674,72,3,10.853640266090085,10.924416515306905,0.07077624921682002,0.18772059177052522,0.03366822345909737,0.011983536027308572,1
44675,0,1,1.8151243625516031,3.4879325339296714,1.6728081713780683,0.11097258194693194,0.013278295897711137,0.09475363367775685,1
44675,0,2,1.8151243625516031,2.7001636258396817,0.8850392632880786,0.0976942860492208,0.0,0.0,0
44675,0,3,1.8151243625516031,2.5757135919479692,0.7605892293963661,0.11102636440333989,0.013332078354119092,0.0,0
44675,1,1,1.745866153103997,1.82211457113686,0.07624841803286309,0.2004288651147479,0.0,0.0025835488896045478,0
44675,1,2,1.745866153103997,2.0456552026248267,0.29978904952082974,0.22038576809048402,0.01995690297573613,0.008550406285484313,1
44675,1,3,1.745866153103997,1.9672309398432568,0.22136478673925986,0.25477866573001984,0.05434980061527195,0.0,0
44675,2,1,2.1211924683253605,2.3613480688731334,0.24015560054777296,0.17958785073658332,0.0,0.026407446695979386,1
44675,2,2,2.1211924683253605,2.476427806347149,0.35523533802178875,0.24569582779199706,0.06610797705541374,0.017857040410495073,1
44675,2,3,2.1211924683253605,2.421573250722759,0.3003807823973985,0.2858890237265962,0.10630117299001288,0.0,0
44675,3,1,1.8733202110432898,1.9864454859772138,0.11312527493392399,0.22063082556828026,0.0,0.0,0
44675,3,2,1.8733202110432898,2.0785532163645,0.20523300532121014,0.23638052006919125,0.015749694500910988,0.0,0
44675,3,3,1.8733202110432898,2.076147995089223,0.20282778404593338,0.24661979547815543,0.025988969909875176,0.0,0
44675,4,1,1.620358951866055,1.7050032207313344,0.08464426886527932,0.1802631460682572,0.0,0.0,0
44675,4,2,1.620358951866055,1.8619496460791864,0.2415906942131314,0.19834871737317367,0.018085571304916476,0.0,0
44675,4,3,1.620358951866055,1.889819154570907,0.26946020270485205,0.19698774760046034,0.01672460153220315,0.0,0
44675,5,1,1.007308306816721,1.1009896785752704,0.0936813717585494,0.1563233511528692,0.0,0.08214304876952275,1
44675,5,2,1.007308306816721,1.1324409379923916,0.12513263117567064,0.16906197895118671,0.012738627798317526,0.0,0
44675,5,3,1.007308306816721,1.1636509092412162,0.15634260242449516,0.18132072398204052,0.024997372829171333,0.0,0
44675,6,1,1.2479201585466693,2.4193383709447183,1.171418212398049,0.16950566788302548,0.022694697007832526,0.08214304876952272,1
44675,6,2,1.2479201585466693,1.5303146043420472,0.282394445795378,0.1520372909933658,0.005226320118172839,0.0,0
44675,6,3,1.2479201585466693,2.346693257324022,1.0987730987773525,0.14681097087519296,0.0,0.0,0
44675,7,1,1.6709513643369434,1.8814949798967802,0.2105436155598368,0.11112064121740335,0.0,0.08214304876952272,1
44675,7,2,1.6709513643369434,2.1293876221475405,0.45843625781059716,0.12531058580449905,0.014189944587095701,0.0,0
44675,7,3,1.6709513643369434,2.0493915967259633,0.3784402323890199,0.17177425008662284,0.060653608869219486,0.0,0
44675,8,1,2.2239175320847835,2.410465633975673,0.18654810189088966,0.23790572704693716,0.0,0.0,0
44675,8,2,2.2239175320847835,2.5901653594421226,0.3662478273573391,0.256162676309958,0.018256949263020822,0.0,0
44675,8,3,2.2239175320847835,2.6334293104889817,0.40951177840419817,0.2627210993822773,0.02481537233534012,0.0,0
44675,9,1,2.0612491049853987,2.3402555481006013,0.2790064431152026,0.12942402178862947,0.0,0.0,0
44675,9,2,2.0612491049853987,2.6227025797607824,0.5614534747753837,0.143553779698237,0.014129757909607521,0.0,0
44675,9,3,2.0612491049853987,2.612743580301456,0.5514944753160571,0.14516033424964378,0.015736312461014312,0.0,0
44675,10,1,2.2930603190686725,2.3291330815330893,0.03607276246441682,0.1850858921835602,0.0,0.0,0
44675,10,2,2.2930603190686725,2.389070333591751,0.09601001452307845,0.1948755890079787,0.009789696824418492,0.0,0
44675,10,3,2.2930603190686725,2.360706799488171,0.06764648041949872,0.20578493285504007,0.020699040671479874,0.0,0
44675,11,1,2.268205987532964,2.351819258228088,0.08361327069512425,0.16803238196147013,0.0,0.0,0
44675,11,2,2.268205987532964,2.618642200450732,0.35043621291776805,0.1845832429756874,0.016550861014217266,0.0,0
44675,11,3,2.268205987532964,3.1680727223466953,0.8998667348137315,0.16937012889788697,0.0013377469364168337,0.0,0
44675,12,1,1.977332744186859,3.1159657682119692,1.1386330240251104,0.10621118070622296,0.0074599571869775755,0.0,0
44675,12,2,1.977332744186859,2.4867404187432447,0.5094076745563858,0.0998255152004178,0.0010742916811724151,0.0,0
44675,12,3,1.977332744186859,2.944281359447891,0.9669486152610323,0.09875122351924538,0.0,0.0,0
44675,13,1,1.4971222140842244,1.5397447790620196,0.04262256497779515,0.17125395135851665,0.0,0.0,0
44675,13,2,1.4971222140842244,1.5674445161485568,0.07032230206433243,0.18709454472075063,0.01584059336223398,0.0,0
44675,13,3,1.4971222140842244,1.5691422437591394,0.07202002967491494,0.20263694597482224,0.03138299461630559,0.0,0
44675,14,1,1.0873426842862224,2.4337078736413438,1.3463651893551214,0.169402997824883,0.010300989808376598,0.0,0
44675,14,2,1.0873426842862224,2.268802141992164,1.1814594577059414,0.1591020080165064,0.0,0.0,0
44675,14,3,1.0873426842862224,2.27290516079838,1.1855624765121577,0.16165684915227718,0.0025548411357707856,0.0,0
44675,15,1,1.5443429207905615,3.0385804202722184,1.494237499481657,0.10489057296596181,0.0204394157031995,0.0,0
44675,15,2,1.5443429207905615,2.4378631006208082,0.8935201798302468,0.08445115726276231,0.0,0.0,0
44675,15,3,1.5443429207905615,2.9407193068919772,1.3963763861014158,0.0872155543979195,0.0027643971351571928,0.0,0
44675,16,1,1.670300655983289,1.7679445328284757,0.09764387684518683,0.19513714920687938,0.0,0.0,0
44675,16,2,1.670300655983289,1.8013935496754485,0.1310928936921596,0.20521090967996908,0.010073760473089693,0.0,0
44675,16,3,1.670300655983289,1.8190788172262113,0.14877816124292242,0.21258096633235088,0.017443817125471495,0.0,0
44675,17,1,1.375471606238211,2.4618439237030385,1.0863723174648274,0.1893470382366846,0.03169528247957071,0.0,0
44675,17,2,1.375471606238211,1.4698812273721735,0.09440962113396245,0.18046537073128943,0.022813614974175528,0.0,0
44675,17,3,1.375471606238211,2.2898025961357673,0.9143309898975562,0.1576517557571139,0.0,0.0,0
44675,18,1,2.0460492911247554,2.2511610318313293,0.2051117407065739,0.1385058604780252,0.0,0.0,0
44675,18,2,2.0460492911247554,2.2790346504760044,0.23298535935124898,0.15305056278381948,0.014544702305794271,0.0,0
44675,18,3,2.0460492911247554,2.558518438620923,0.5124691474961676,0.1949830675862262,0.05647720710820098,0.0,0
44675,19,1,3.089031158388667,3.242996303654148,0.15396514526548088,0.11859819104109297,0.0,0.0,0
44675,19,2,3.089031158388667,3.3812888415637437,0.2922576831750767,0.1265604197939506,0.007962228752857639,0.043189038220839776,1
44675,19,3,3.089031158388667,3.406141696750423,0.31711053836175607,0.1560158178190463,0.037417626777953336,0.043189038220839776,1
44675,20,1,1.915192616934983,2.700512941702347,0.7853203247673639,0.33847011466620563,0.0,0.08360578852216527,1
44675,20,2,1.915192616934983,2.7972762425368147,0.8820836256018316,0.3612974236319338,0.022827308965728155,0.0,0
44675,20,3,1.915192616934983,2.9889668191830716,1.0737742022480885,0.3875806241524025,0.049110509486196885,0.0,0
44675,21,1,1.27021778482826,1.508706097798686,0.23848831297042583,0.1663211575794475,0.0,0.08360578852216527,1
44675,21,2,1.27021778482826,1.7738356665326893,0.5036178817044292,0.1745705166450981,0.008249359065650608,0.0,0
44675,21,3,1.27021778482826,2.003441126817232,0.7332233419889718,0.1745221002969317,0.0082009427174842,0.0,0
44675,22,1,1.4117423256338981,1.8955321241388354,0.4837897985049373,0.12354493463312687,0.0,0.08360578852216528,1
44675,22,2,1.4117423256338981,1.8093967440957441,0.397654418461846,0.13149193262215883,0.007946997989031965,0.0,0
44675,22,3,1.4117423256338981,2.0320145884948793,0.6202722628609811,0.14199768326487083,0.018452748631743968,0.0,0
44675,23,1,2.0295714521796127,2.1502862058226757,0.12071475364306306,0.09266493209748221,0.0,0.0836057885221653,1
44675,23,2,2.0295714521796127,2.2802485633853316,0.2506771112057189,0.10446642764256435,0.011801495545082141,0.0,0
44675,23,3,2.0295714521796127,2.2359708169883143,0.2063993648087017,0.13890670203397631,0.046241769936494106,0.0,0
44675,24,1,1.9897192346636436,2.1374455998776125,0.14772636521396887,0.20414713019748373,0.0,0.0,0
44675,24,2,1.9897192346636436,2.375059078706772,0.3853398440431284,0.2202062243470219,0.016059094149538156,0.0,0
44675,24,3,1.9897192346636436,2.383053310625088,0.39333407596144454,0.22998713137365984,0.025840001176176103,0.0,0
44675,25,1,1.8942489533122213,2.595664783279511,0.7014158299672895,0.1352198176097762,0.0,0.0,0
44675,25,2,1.8942489533122213,2.6854108395338456,0.7911618862216243,0.14610430658571208,0.010884488975935885,0.0,0
44675,25,3,1.8942489533122213,2.8372105105601944,0.942961557247973,0.17237001031885366,0.03715019270907746,0.0,0
44675,26,1,1.4243152508216608,1.5045304088418614,0.08021515802020063,0.20236343538844698,0.0,0.0,0
44675,26,2,1.4243152508216608,1.5607992931794952,0.1364840423578344,0.21747969478387355,0.015116259395426573,0.0,0
44675,26,3,1.4243152508216608,1.5477497003661433,0.12343444954448257,0.23571901939540948,0.03335558400696251,0.0,0
44675,27,1,1.2897918161468174,1.3580823327778337,0.06829051663101637,0.1584296092252403,0.0,0.0,0
44675,27,2,1.2897918161468174,1.464907495717681,0.1751156795708637,0.16779000592679452,0.009360396701554224,0.0,0
44675,27,3,1.2897918161468174,1.3939889182600271,0.10419710211320976,0.18064281485332032,0.02221320562808002,0.0,0
44675,28,1,1.129267986299697,2.1398085511541667,1.0105405648544696,0.187052002898226,0.049809499687408304,0.0,0
44675,28,2,1.129267986299697,1.5116471606903141,0.3823791743906171,0.15158455789332842,0.014342054682510735,0.0,0
44675,28,3,1.129267986299697,1.8952317297048182,0.7659637434051212,0.13724250321081768,0.0,0.0,0
44675,29,1,1.4806094257727367,1.5585568296173624,0.07794740384462573,0.19973880731134333,0.0,0.0,0
44675,29,2,1.4806094257727367,1.6847814558860406,0.20417203011330387,0.2302225683868848,0.03048376107554146,0.0,0
44675,29,3,1.4806094257727367,1.5952565697643326,0.11464714399159592,0.24289306970580338,0.04315426239446005,0.0,0
44675,30,1,1.0605651681704125,2.3696273475754346,1.3090621794050221,0.14883776970539828,0.0019587570446755187,0.0,0
44675,30,2,1.0605651681704125,1.3706320967470675,0.3100669285766551,0.14783765625641682,0.0009586435956940587,0.0,0
44675,30,3,1.0605651681704125,2.079838986453794,1.0192738182833814,0.14687901266072276,0.0,0.0,0
44675,31,1,1.4439148366211099,1.5057313741073697,0.061816537486259815,0.1705608453174345,0.0,0.0,0
44675,31,2,1.4439148366211099,1.525728214033951,0.08181337741284112,0.1911552822843331,0.020594436966898583,0.0,0
44675,31,3,1.4439148366211099,1.5831210699012204,0.1392062332801105,0.206596571772294,0.0360357264548595,0.0,0
44675,32,1,1.3954610990666598,2.1562058802073762,0.7607447811407164,0.1463548017789562,0.0005048034484249897,0.0,0
44675,32,2,1.3954610990666598,2.1881246531803424,0.7926635541136826,0.14721768206393634,0.0013676837334051228,0.0,0
44675,32,3,1.3954610990666598,2.2742160713761663,0.8787549723095065,0.14584999833053122,0.0,0.0,0
44675,33,1,1.9364484314866353,3.226905498898809,1.2904570674121736,0.09263057887784007,0.017048483244993876,0.0,0
44675,33,2,1.9364484314866353,2.286997616825752,0.35054918533911694,0.08022987798719135,0.0046477823543451535,0.0,0
44675,33,3,1.9364484314866353,3.1709741319837845,1.2345257004971493,0.0755820956328462,0.0,0.0,0
44675,34,1,1.4486306272582319,1.6229083612794342,0.17427773402120228,0.1789936598612409,0.0,0.0,0
44675,34,2,1.4486306272582319,1.635919601678627,0.18728897442039516,0.20039712753572186,0.021403467674480953,0.0,0
44675,34,3,1.4486306272582319,1.7941995415094154,0.3455689142511835,0.20777302061812578,0.028779360756884864,0.0,0
44675,35,1,1.366755822748849,1.430859987061916,0.06410416431306709,0.1568838794770774,0.0,0.0,0
44675,35,2,1.366755822748849,1.496791757639724,0.13003593489087506,0.1709757555094351,0.014091876032357703,0.0,0
44675,35,3,1.366755822748849,1.458754314869671,0.09199849212082212,0.18348785524579875,0.02660397576872134,0.0,0
44675,36,1,1.6546479882357723,2.856986610270575,1.2023386220348027,0.16235045937814804,0.0222238312821246,0.0,0
44675,36,2,1.6546479882357723,1.9200514986448258,0.2654035104090535,0.14971315260384566,0.009586524507822214,0.0,0
44675,36,3,1.6546479882357723,2.700702698990182,1.0460547107544096,0.14012662809602344,0.0,0.0,0
44675,37,1,1.9396861623709714,2.2357775680195617,0.2960914056485904,0.09796386154841091,0.0,0.0,0
44675,37,2,1.9396861623709714,2.190840136451123,0.2511539740801516,0.11118040285656672,0.013216541308155805,0.0,0
44675,37,3,1.9396861623709714,2.577199180205335,0.6375130178343635,0.16385507065150529,0.06589120910309437,0.0,0
44675,38,1,1.2746530909679579,1.4110248198169155,0.13637172884895765,0.17947622736880153,0.0,0.08578082170642265,1
44675,38,2,1.2746530909679579,1.6036338909011303,0.3289807999331724,0.19087847423023568,0.011402246861434151,0.04981801619347609,1
44675,38,3,1.2746530909679579,1.8569692639219952,0.5823161729540374,0.23537573504212891,0.05589950767332738,0.0,0
44675,39,1,1.7543006812580209,1.963269409193807,0.20896872793578614,0.1723817646149827,0.0,0.08578082170642268,1
44675,39,2,1.7543006812580209,2.214365556961449,0.460064875703428,0.1999259083148294,0.0275441436998467,0.04981801619347612,1
44675,39,3,1.7543006812580209,2.185977645717743,0.43167696445972226,0.26704150340135013,0.09465973878636744,0.0,0
44675,40,1,1.6060214525705263,1.695949810429876,0.08992835785934972,0.20022594288564427,0.0,0.0,0
44675,40,2,1.6060214525705263,1.8555794154865706,0.24955796291604426,0.22974493530059206,0.029518992414947792,0.0,0
44675,40,3,1.6060214525705263,1.758640783878186,0.1526193313076596,0.242332850421852,0.042106907536207716,0.0,0
44675,41,1,1.152995538570177,1.2419852581405073,0.08898971957033042,0.1434373445591733,0.0,0.0,0
44675,41,2,1.152995538570177,1.2822892446385223,0.12929370606834545,0.1605835746212815,0.017146230062108192,0.0,0
44675,41,3,1.152995538570177,1.2667658218551505,0.11377028328497363,0.17607919253140555,0.03264184797223224,0.0,0
44675,42,1,1.3872008055357223,2.3245002709148173,0.9372994653790949,0.16177486955715478,0.03063290701854776,0.0,0
44675,42,2,1.3872008055357223,1.9215563724348452,0.5343555668991229,0.1330312871949034,0.0018893246562963761,0.0,0
44675,42,3,1.3872008055357223,2.2490177850539452,0.8618169795182229,0.13114196253860702,0.0,0.0,0
44675,43,1,1.0939977354517125,2.398291265676835,1.3042935302251226,0.1956305322008598,0.010795608699362719,0.10477373278481619,1
44675,43,2,1.0939977354517125,1.9059526291461153,0.8119548936944028,0.19629164516854425,0.01145672166704717,0.0,0
44675,43,3,1.0939977354517125,2.0740999137277347,0.9801021782760222,0.18483492350149708,0.0,0.0,0
44675,44,1,1.4137082109821013,2.073856994677127,0.6601487836950257,0.2055689196005432,0.03188439788926967,0.10477373278481618,1
44675,44,2,1.4137082109821013,1.939781870837828,0.5260736598557267,0.20005198401382226,0.026367462302548744,0.0,0
44675,44,3,1.4137082109821013,2.090688856250365,0.6769806452682636,0.17368452171127352,0.0,0.0,0
44675,45,1,1.5982301412567348,1.7224665168476023,0.12423637559086753,0.1429354355930688,0.0,0.10477373278481618,1
44675,45,2,1.5982301412567348,1.9058266983875067,0.30759655713077194,0.1521454847079046,0.009210049114835805,0.0,0
44675,45,3,1.5982301412567348,1.7750623575069884,0.17683221625025358,0.1855021018898387,0.04256666629676992,0.0,0
44675,46,1,1.2125885477776623,1.2497765893039112,0.03718804152624888,0.1695772968883316,0.0,0.04091323702286315,1
44675,46,2,1.2125885477776623,1.290951348535099,0.07836280075743662,0.18886139029236526,0.01928409340403367,0.0,0
44675,46,3,1.2125885477776623,1.3144094473591774,0.10182089958151508,0.2070970804868488,0.03751978359851721,0.0,0
44675,47,1,1.2938318432588827,1.4521931969787574,0.1583613537198747,0.17247393895795604,0.0,0.04091323702286315,1
44675,47,2,1.2938318432588827,1.5514078222017695,0.25757597894288686,0.20147060363947167,0.028996664681515627,0.0,0
44675,47,3,1.2938318432588827,1.6814245030710353,0.38759265981215263,0.21737020808218915,0.04489626912423311,0.0,0
44675,48,1,1.4814702501312862,1.7133563815625585,0.23188613143127235,0.1553365583814488,0.0,0.04091323702286315,1
44675,48,2,1.4814702501312862,1.7855632601039193,0.3040930099726331,0.18966740050765793,0.03433084212620913,0.0,0
44675,48,3,1.4814702501312862,1.970221640327176,0.48875139019588976,0.24666393839139336,0.09132738000994456,0.0,0
44675,49,1,1.3247352368845473,1.4313863449394832,0.10665110805493594,0.2064059913626849,0.0,0.0,0
44675,49,2,1.3247352368845473,1.4858608448006128,0.16112560791606545,0.22015334124082506,0.013747349878140164,0.0,0
44675,49,3,1.3247352368845473,1.459347591404639,0.13461235452009168,0.23691008603961358,0.03050409467692869,0.0,0
44675,50,1,1.2733362212582666,1.3875373802075557,0.11420115894928906,0.18977813387184142,0.0,0.0,0
44675,50,2,1.2733362212582666,1.4510908249803045,0.17775460372203788,0.2020576448326029,0.012279510960761492,0.0,0
44675,50,3,1.2733362212582666,1.436056776403716,0.16272055514544936,0.20488808844955927,0.015109954577717855,0.0,0
44675,51,1,1.5368121078621735,2.058071277304999,0.5212591694428255,0.15982664289490536,0.014800206785492653,0.0,0
44675,51,2,1.5368121078621735,2.0141159025532422,0.47730379469106876,0.15891071359497067,0.013884277485557955,0.0,0
44675,51,3,1.5368121078621735,2.0615154506089097,0.5247033427467362,0.1450264361094127,0.0,0.0,0
44675,52,1,2.66144843839274,2.8724054617862897,0.21095702339354983,0.23429236620825553,0.0,0.0,0
44675,52,2,2.66144843839274,2.8879420460894627,0.22649360769672278,0.26802417220194136,0.03373180599368583,0.0,0
44675,52,3,2.66144843839274,2.995363684575099,0.3339152461823591,0.32964649630694864,0.09535413009869312,0.0,0
44675,53,1,1.3017553802912825,1.4319496022937093,0.1301942220024268,0.1945071885119744,0.0,0.0,0
44675,53,2,1.3017553802912825,1.4931432333924552,0.1913878531011728,0.21889210736524617,0.024384918853271764,0.0,0
44675,53,3,1.3017553802912825,1.55074975162201,0.24899437133072744,0.2316917939713659,0.037184605459391507,0.0,0
44675,54,1,1.609451412936216,2.5797649881888995,0.9703135752526835,0.17658112462610345,0.01608408402803696,0.0,0
44675,54,2,1.609451412936216,2.566034638192884,0.956583225256668,0.1604970405980665,0.0,0.0,0
44675,54,3,1.609451412936216,2.4475823922499886,0.8381309793137726,0.16391523111696563,0.0034181905188991335,0.0,0
44675,55,1,1.8563470964176942,2.4179042044287433,0.5615571080110491,0.21202803685110203,0.0019262100816124783,0.0,0
44675,55,2,1.8563470964176942,2.5696365736529856,0.7132894772352913,0.21010182676948955,0.0,0.0,0
44675,55,3,1.8563470964176942,2.0960881230155968,0.23974102659790253,0.21491747266424846,0.004815645894758913,0.0,0
44675,56,1,10.497863053518136,10.546164423828102,0.048301370309966174,0.11314624634589522,0.0,0.006356847949471681,1
44675,56,2,10.497863053518136,10.587089185926233,0.08922613240809696,0.11762538856163332,0.0044791422157380995,0.0,0
44675,56,3,10.497863053518136,10.610800251737448,0.1129371982193117,0.1331534607342848,0.02000721438838958,0.0,0
44675,57,1,9.702719396498011,9.782944507373605,0.08022511087559359,0.09544060847652834,0.0,0.0,0
44675,57,2,9.702719396498011,9.827744468122466,0.12502507162445475,0.10724235612132173,0.011801747644793387,0.00852437233251387,1
44675,57,3,9.702719396498011,9.839138400981128,0.13641900448311617,0.1303105941219791,0.034869985645450755,0.00852437233251387,1
44675,58,1,8.412545256800025,8.445293577474512,0.03274832067448763,0.21174005669432217,0.0,0.0,0
44675,58,2,8.412545256800025,8.484551689653301,0.07200643285327679,0.2402261878491664,0.028486131154844246,0.03049059345696324,1
44675,58,3,8.412545256800025,8.528274523901363,0.11572926710133835,0.26802402208252846,0.05628396538820629,0.046909884605263394,1
44675,59,1,8.156318007576296,8.211667566879552,0.0553495593032558,0.1753377841126264,0.0,0.0,0
44675,59,2,8.156318007576296,8.265454330846286,0.10913632326998979,0.21418644384474217,0.038848659732115765,0.016419291148300173,1
44675,59,3,8.156318007576296,8.41067538113089,0.2543573735545941,0.2175544607163749,0.042216676603748504,0.016419291148300173,1
44675,60,1,9.442308077642764,9.636667998615378,0.19435992097261412,0.3102834226792609,0.0,0.0012414867333559731,0
44675,60,2,9.442308077642764,9.74733852556253,0.30503044791976563,0.336439933172351,0.02615651049309009,0.0,0
44675,60,3,9.442308077642764,9.767156626127198,0.3248485484844341,0.3257148749005675,0.015431452221306596,0.017324104019411465,1
44675,61,1,11.74265457116049,11.83575767311145,0.09310310195096072,0.26889374917147174,0.0,0.0,0
44675,61,2,11.74265457116049,11.935447832672065,0.19279326151157505,0.2985480051526446,0.029654255981172883,0.011419034306130865,1
44675,61,3,11.74265457116049,11.928040379219956,0.18538580805946658,0.29077254588476903,0.021878796713297288,0.011930113738226,1
44675,62,1,10.34014206326361,10.40382419684843,0.06368213358481967,0.14842176913754057,0.0,0.005393990281185493,1
44675,62,2,10.34014206326361,10.547899407271093,0.2077573440074829,0.14845090722596382,2.9138088423252828e-05,0.005905069713280628,1
44675,62,3,10.34014206326361,10.458311607101551,0.11816954383794176,0.1644420899622069,0.01602032082466634,0.0,0
44675,63,1,9.662430696145531,10.374661727259685,0.712231031114154,0.08113743252989024,0.007453391187665068,0.005905069713280621,1
44675,63,2,9.662430696145531,9.995322586634845,0.33289189048931433,0.07368404134222517,0.0,0.0,0
44675,63,3,9.662430696145531,9.983290419254704,0.320859723109173,0.07976143884143845,0.00607739749921328,0.0,0
44675,64,1,10.622379467035811,11.12491924759101,0.5025397805551979,0.29072914986098247,0.012972606165721878,0.0,0
44675,64,2,10.622379467035811,10.827281681968778,0.20490221493296623,0.2934503113923724,0.015693767697111782,0.0016290122083199576,0
44675,64,3,10.622379467035811,11.425089115890575,0.8027096488547638,0.2777565436952606,0.0,0.0016290122083199576,0
44675,65,1,9.441795894012788,9.525253132499888,0.08345723848709952,0.10108356799755039,0.0,0.0059418345150576875,1
44675,65,2,9.441795894012788,9.571557920032479,0.12976202601969078,0.10810152848310398,0.007017960485553587,0.0,0
44675,65,3,9.441795894012788,9.647167174289525,0.20537128027673646,0.12021322126035938,0.019129653262808993,0.0,0
44675,66,1,9.67300357614126,9.769384893519991,0.09638131737873046,0.10738154135769302,0.0,0.005278502932556103,1
44675,66,2,9.67300357614126,9.822487738164748,0.14948416202348724,0.11319922048617347,0.005817679128480441,0.0,0
44675,66,3,9.67300357614126,9.852884948497799,0.17988137235653845,0.13120340883060583,0.023821867472912803,0.0,0
44675,67,1,11.135820016324065,11.174549717271399,0.03872970094733397,0.1337081234182724,0.0,0.0,0
44675,67,2,11.135820016324065,11.19654964232966,0.06072962600559606,0.16847165591857513,0.03476353250030273,0.007027285667196858,1
44675,67,3,11.135820016324065,11.247444566997512,0.11162455067344723,0.1805005808425317,0.046792457424259304,0.007027285667196858,1
44675,68,1,13.919079617824163,13.969552545479937,0.0504729276557736,0.22118575115924963,0.0,0.0,0
44675,68,2,13.919079617824163,13.98914029008927,0.07006067226510737,0.26353242708636265,0.042346675927113026,0.020367107142674673,1
44675,68,3,13.919079617824163,14.130168923644112,0.21108930581994834,0.3208765509119865,0.0996907997527369,0.032433070305218525,1
44675,69,1,10.915824975791953,10.950593477901498,0.03476850210954474,0.16712709839514706,0.0,0.0,0
44675,69,2,10.915824975791953,10.979987798422004,0.0641628226300508,0.1865825162303839,0.019455417835236855,0.01206596316254386,1
44675,69,3,10.915824975791953,11.029342956340756,0.11351798054880291,0.20570590254994847,0.038578804154801416,0.01206596316254386,1
44676,0,1,0.9274666620697255,2.5068634236363194,1.5793967615665938,0.17982810421541526,0.0014870330875633442,0.08304396718072563,1
44676,0,2,0.9274666620697255,1.297220040854718,0.3697533787849926,0.17996458983264113,0.0016235187047892174,0.0,0
44676,0,3,0.9274666620697255,1.963757091170151,1.0362904291004256,0.1783410711278519,0.0,0.0,0
44676,1,1,1.1448521273648529,1.4550676217903034,0.3102154944254505,0.12176026654421651,0.0,0.08304396718072565,1
44676,1,2,1.1448521273648529,1.4628650248825852,0.3180128975177323,0.14698462871813797,0.02522436217392146,0.0,0
44676,1,3,1.1448521273648529,1.6039292103122436,0.4590770829473907,0.1374533953653055,0.015693128821088975,0.0,0
44676,2,1,1.705173885216793,1.9287176514624842,0.22354376624569117,0.08835576810503266,0.0,0.08304396718072565,1
44676,2,2,1.705173885216793,1.996593524629414,0.29141963941262095,0.13392527048818245,0.04556950238314979,0.0,0
44676,2,3,1.705173885216793,2.167493223944503,0.4623193387277098,0.15265830838166775,0.06430254027663508,0.0,0
44676,3,1,2.3474247425021204,2.415181374481395,0.0677566319792744,0.18694315368416564,0.0,0.027774109315929163,1
44676,3,2,2.3474247425021204,2.629242515319531,0.2818177728174107,0.228145489597274,0.041202335913108346,0.0,0
44676,3,3,2.3474247425021204,2.6209260565386376,0.27350131403651723,0.21795984361998105,0.03101668993581541,0.0,0
44676,4,1,2.109946766951675,2.350256747324763,0.24030998037308793,0.13547232204694568,0.0,0.027774109315929163,1
44676,4,2,2.109946766951675,2.7229040712676302,0.6129573043159553,0.1466325142506821,0.01116019220373643,0.0,0
44676,4,3,2.109946766951675,2.7220615357765987,0.6121147688249238,0.15091630061150768,0.015443978564562005,0.0,0
44676,5,1,1.8222226909338488,1.9680830431821126,0.14586035224826377,0.3276815905864752,0.0,0.0,0
44676,5,2,1.8222226909338488,2.26077368311085,0.4385509921770012,0.38056423816690627,0.05288264758043104,0.0,0
44676,5,3,1.8222226909338488,2.1896749388035603,0.36745224786971153,0.4314524708064998,0.10377088022002456,0.0,0
44676,6,1,2.228236574640159,2.2758326621070926,0.04759608746693367,0.20931306501899827,0.0,0.0,0
44676,6,2,2.228236574640159,2.4870163163226158,0.2587797416824569,0.22645527310979918,0.017142208090800914,0.0,0
44676,6,3,2.228236574640159,2.6394795500568473,0.4112429754166884,0.21686219102461846,0.007549126005620188,0.0,0
44676,7,1,2.084163936404198,2.2318533578102726,0.14768942140607466,0.15702158937836688,0.0,0.0,0
44676,7,2,2.084163936404198,2.3028528093475735,0.21868887294337558,0.19621309612645388,0.039191506748086996,0.0,0
44676,7,3,2.084163936404198,2.3757052202858118,0.2915412838816138,0.18913668583123835,0.03211509645287147,0.0,0
44676,8,1,1.937406790298096,2.1322830466713087,0.1948762563732127,0.0880991571528345,0.0,0.0,0
44676,8,2,1.937406790298096,2.303179438668601,0.36577264837050505,0.11970061706096233,0.03160145990812782,0.0,0
44676,8,3,1.937406790298096,2.3426937586796344,0.4052869683815383,0.11663681913756373,0.02853766198472922,0.0,0
44676,9,1,1.5675860366087262,2.1740092670341413,0.6064232304254151,0.26045479873987054,0.0,0.0,0
44676,9,2,1.5675860366087262,2.1760318509165133,0.6084458143077871,0.36682299707696764,0.1063681983370971,0.0,0
44676,9,3,1.5675860366087262,2.4749261269568383,0.9073400903481121,0.399776108025576,0.13932130928570546,0.0,0
44676,10,1,1.388949158381502,1.4229169873053902,0.03396782892388828,0.18743307891349095,0.0,0.0,0
44676,10,2,1.388949158381502,1.7638855921840737,0.3749364338025718,0.1953325192451975,0.007899440331706559,0.0,0
44676,10,3,1.388949158381502,1.808871538691919,0.41992238031041706,0.19498983170452774,0.0075567527910367915,0.0,0
44676,11,1,1.0035097219670284,1.1827380353202905,0.17922831335326217,0.13568659475458578,0.0,0.0,0
44676,11,2,1.0035097219670284,1.570763725098066,0.5672540031310376,0.15372227573577602,0.01803568098119024,0.0,0
44676,11,3,1.0035097219670284,1.4585465930891848,0.4550368711221564,0.155929569138609,0.020242974384023227,0.0,0
44676,12,1,1.3622257622775849,1.5396907204259527,0.17746495814836782,0.10393015357174322,0.0,0.0,0
44676,12,2,1.3622257622775849,1.6975873502570047,0.33536158797941984,0.11666268016656119,0.012732526594817967,0.0,0
44676,12,3,1.3622257622775849,1.6276607042614377,0.26543494198385287,0.12368341550209751,0.019753261930354288,0.0,0
44676,13,1,1.4327508009791405,1.716490176162227,0.28373937518308656,0.2889610070128144,0.0,0.0,0
44676,13,2,1.4327508009791405,1.7167595637640995,0.284008762784959,0.3758361080601319,0.0868751010473175,0.0,0
44676,13,3,1.4327508009791405,1.9787861693981532,0.5460353684190127,0.4104854008384094,0.12152439382559499,0.0,0
44676,14,1,1.5624375842950158,1.6195011883161226,0.05706360402110677,0.19400722673445966,0.0,0.0,0
44676,14,2,1.5624375842950158,1.9011542405206843,0.3387166562256685,0.20214325612009296,0.008136029385633292,0.0,0
44676,14,3,1.5624375842950158,1.9250692031925005,0.36263161889748474,0.19958540048901724,0.005578173754557575,0.0,0
44676,15,1,1.2584270760584224,1.303559498096377,0.045132422037954534,0.16630353566337755,0.0,0.0,0
44676,15,2,1.2584270760584224,1.4920465685951219,0.23361949253669945,0.18071932797943777,0.014415792316060216,0.0,0
44676,15,3,1.2584270760584224,1.658996727630798,0.40056965157237556,0.17145805499788758,0.005154519334510027,0.0,0
44676,16,1,2.02617955839837,2.4337585203272254,0.40757896192885523,0.1010890029571633,0.0,0.0,0
44676,16,2,2.02617955839837,2.4130908226128844,0.38691126421451427,0.15730082438430518,0.05621182142714187,0.0,0
44676,16,3,2.02617955839837,2.6554008621145995,0.6292213037162293,0.19663772973646557,0.09554872677930226,0.0,0
44676,17,1,3.76332406204168,4.405295721315665,0.6419716592739846,0.3302599339792489,0.0,0.0,0
44676,17,2,3.76332406204168,4.381142106804287,0.6178180447626067,0.3568849892645168,0.026625055285267873,0.10078445457513696,1
44676,17,3,3.76332406204168,4.421079447348265,0.6577553853065847,0.36270461663452874,0.03244468265527983,0.13600923210907245,1
44676,18,1,4.248225349859975,7.438494167221468,3.190268817361493,0.3948638279718365,0.07145475356038561,0.0,0
44676,18,2,4.248225349859975,4.728957655806569,0.480732305946594,0.35550502223995833,0.03209594782850744,0.03522477753393549,1
44676,18,3,4.248225349859975,6.432497055578347,2.1842717057183716,0.3234090744114509,0.0,0.005493248863386313,1
44676,19,1,3.2534343424007615,3.384389186258525,0.13095484385776368,0.12505630047435104,0.0,0.0,0
44676,19,2,3.2534343424007615,3.730783653521756,0.47734931112099455,0.1457018639688008,0.020645563494449765,0.04086909542666492,1
44676,19,3,3.2534343424007615,3.4823639433908595,0.22892960099009807,0.18226404147063563,0.05720774099628459,0.04086909542666492,1
44676,20,1,1.4013227302092564,1.9389281980561095,0.5376054678468531,0.23111597509436813,0.0,0.08380173560968018,1
44676,20,2,1.4013227302092564,2.330468118813884,0.9291453886046275,0.2631708549566701,0.03205487986230196,0.0,0
44676,20,3,1.4013227302092564,2.349947645966239,0.9486249157569826,0.2754686861747608,0.044352711080392654,0.0,0
44676,21,1,1.1054270605756091,1.2830561056061207,0.17762904503051158,0.1744413250824126,0.0,0.08380173560968024,1
44676,21,2,1.1054270605756091,1.5535530953219197,0.4481260347463105,0.17918189396965561,0.004740568887243002,0.0,0
44676,21,3,1.1054270605756091,1.5087736100822366,0.4033465495066275,0.17997323534525317,0.005531910262840556,0.0,0
44676,22,1,1.2140424488839578,1.310799396396264,0.09675694751230624,0.13787769417498916,0.0,0.08380173560968024,1
44676,22,2,1.2140424488839578,1.9118484459288492,0.6978059970448913,0.14817565926530482,0.010297965090315664,0.0,0
44676,22,3,1.2140424488839578,1.6486529540378505,0.43461050515389266,0.16392612966912137,0.026048435494132216,0.0,0
44676,23,1,1.8197634437104946,1.9105851148768687,0.09082167116637407,0.0894824686996481,0.0,0.08380173560968021,1
44676,23,2,1.8197634437104946,2.048128701621379,0.22836525791088436,0.13534656207750387,0.04586409337785577,0.0,0
44676,23,3,1.8197634437104946,2.0986746010672075,0.2789111573567129,0.1560801815359788,0.0665977128363307,0.0,0
44676,24,1,2.0981290962098322,2.1911887849580944,0.0930596887482622,0.2029380158845921,0.0,0.0,0
44676,24,2,2.0981290962098322,2.408829622863808,0.31070052665397574,0.21950494975457838,0.016566933869986283,0.0,0
44676,24,3,2.0981290962098322,2.4950813693208933,0.39695227311106107,0.23361144816014753,0.03067343227555544,0.0,0
44676,25,1,2.0953981534217405,2.2675690505532096,0.17217089713146905,0.1305264018075642,0.0,0.0,0
44676,25,2,2.0953981534217405,2.4726010412427604,0.37720288782101985,0.15976920246538365,0.02924280065781945,0.0,0
44676,25,3,2.0953981534217405,2.507967294403849,0.4125691409821086,0.1547292727971047,0.024202870989540493,0.0,0
44676,26,1,1.2954708617942083,1.3229722711125405,0.027501409318332115,0.17288699152854808,0.0,0.0,0
44676,26,2,1.2954708617942083,1.6617252500479232,0.3662543882537148,0.18781993296385122,0.014932941435303132,0.0,0
44676,26,3,1.2954708617942083,1.678218573764052,0.3827477119698437,0.18718212872214834,0.01429513719360026,0.0,0
44676,27,1,1.1416278296457978,1.1962377069461272,0.0546098773003294,0.1668777788071451,0.0,0.0,0
44676,27,2,1.1416278296457978,1.5130505260332976,0.3714226963874998,0.16973814382217212,0.002860365015027011,0.0,0
44676,27,3,1.1416278296457978,1.563353158178443,0.4217253285326452,0.16800308680112555,0.0011253079939804456,0.0,0
44676,28,1,0.9747401159644913,1.1641202246787326,0.18938010871424127,0.14369753242015218,0.0,0.0,0
44676,28,2,0.9747401159644913,1.6753540856129923,0.700613969648501,0.1457071134911254,0.00200958107097321,0.0,0
44676,28,3,0.9747401159644913,1.584577299044486,0.6098371830799947,0.1473396831338229,0.0036421507136707165,0.0,0
44676,29,1,1.3652496924818138,1.4047049200961628,0.03945522761434894,0.20169543217955346,0.0,0.0,0
44676,29,2,1.3652496924818138,1.5970891177466635,0.23183942526484969,0.22504101674441507,0.023345584564861604,0.0,0
44676,29,3,1.3652496924818138,1.7024232013043261,0.3371735088225123,0.21593291169950649,0.014237479519953022,0.0,0
44676,30,1,0.9845892633284702,1.1744811461512146,0.18989188282274438,0.1311244497932656,0.0,0.0,0
44676,30,2,0.9845892633284702,1.3850445750665241,0.40045531173805393,0.14258267205691158,0.011458222263645984,0.0,0
44676,30,3,0.9845892633284702,1.365873752306711,0.38128448897824085,0.13869890594298806,0.007574456149722464,0.0,0
44676,31,1,1.3535422639672356,1.7814440478904792,0.4279017839232435,0.3572676201289035,0.0,0.0,0
44676,31,2,1.3535422639672356,1.885335216360931,0.5317929523936953,0.42910777022984303,0.07184015010093953,0.0,0
44676,31,3,1.3535422639672356,2.4585872146459606,1.105044950678725,0.4819348555400865,0.12466723541118302,0.0,0
44676,32,1,1.0734557117419132,1.1484493392885267,0.07499362754661343,0.19243559063964272,0.0,0.0,0
44676,32,2,1.0734557117419132,1.3408903840247297,0.2674346722828165,0.20814869582179085,0.015713105182148135,0.0,0
44676,32,3,1.0734557117419132,1.357786158783144,0.28433044704123067,0.20133092590227808,0.008895335262635362,0.0,0
44676,33,1,1.2321604982031868,1.3650075910022355,0.1328470927990486,0.12750103891214576,0.0,0.0,0
44676,33,2,1.2321604982031868,1.6267347695530616,0.39457427134987477,0.14435653188720726,0.016855492975061503,0.0,0
44676,33,3,1.2321604982031868,1.8186744842447808,0.586513986041594,0.13420092839545092,0.00669988948330516,0.0,0
44676,34,1,1.7749175566338828,2.0100534394571943,0.23513588282331144,0.08003630904573297,0.0,0.0,0
44676,34,2,1.7749175566338828,2.2797187354384505,0.5048011788045677,0.10996378850136543,0.029927479455632455,0.0,0
44676,34,3,1.7749175566338828,2.3455742499695966,0.5706566933357138,0.10209615820573488,0.022059849160001907,0.0,0
44676,35,1,1.2871449587721195,1.7961743926838374,0.5090294339117178,0.1990566032363429,0.0013501608287376232,0.0,0
44676,35,2,1.2871449587721195,1.4198488533153177,0.1327038945431982,0.21163763274095418,0.013931190333348914,0.0,0
44676,35,3,1.2871449587721195,2.121239559823258,0.8340946010511385,0.19770644240760527,0.0,0.0,0
44676,36,1,1.707126645616397,1.8266112545066722,0.11948460889027523,0.29216856098874233,0.0,0.0,0
44676,36,2,1.707126645616397,1.9318813221130575,0.2247546764966606,0.3584994780313244,0.0663309170425821,0.0,0
44676,36,3,1.707126645616397,1.9934529715953133,0.2863263259789164,0.40117357525287,0.10900501426412768,0.0,0
44676,37,1,1.3014367104264064,1.318099657103833,0.016662946677426627,0.17160288167513738,0.0,0.0,0
44676,37,2,1.3014367104264064,1.5548936382621599,0.25345692783575346,0.1805347597332674,0.008931878058130033,0.0,0
44676,37,3,1.3014367104264064,1.4515730211174245,0.15013631069101807,0.18103573105061488,0.009432849375477503,0.0,0
44676,38,1,1.386948978749221,1.588901887833284,0.20195290908406283,0.1393865746414989,0.0,0.0,0
44676,38,2,1.386948978749221,1.9814843153402104,0.5945353365909893,0.14640664504327316,0.00702007040177427,0.0,0
44676,38,3,1.386948978749221,1.919317649684483,0.532368670935262,0.14224244767895294,0.0028558730374540486,0.0,0
44676,39,1,1.6364279968516802,1.8951782817233336,0.2587502848716534,0.08313314864693924,0.0,0.0,0
44676,39,2,1.6364279968516802,1.9393607909598694,0.3029327941081892,0.10879132260348787,0.025658173956548624,0.0,0
44676,39,3,1.6364279968516802,1.9335491904369888,0.29712119358530864,0.12333689112475135,0.04020374247781211,0.0,0
44676,40,1,1.0779760425426452,1.6646147858712765,0.5866387433286313,0.13913281938289737,0.0,0.08681256237959084,1
44676,40,2,1.0779760425426452,1.806797945953249,0.7288219034106038,0.18706433693934357,0.0479315175564462,0.05075322576885563,1
44676,40,3,1.0779760425426452,2.075708923497794,0.9977328809551487,0.1974541469460852,0.058321327563187836,0.0,0
44676,41,1,1.6826292853110154,1.8214162369650377,0.13878695165402233,0.16547336992365042,0.0,0.08681256237959081,1
44676,41,2,1.6826292853110154,1.8816021954457214,0.19897291013470597,0.2058943339860299,0.040420964062379494,0.0507532257688556,1
44676,41,3,1.6826292853110154,1.856823633097612,0.1741943477865966,0.2245273141223272,0.059053944198676794,0.0,0
44676,42,1,1.474829595821618,1.5188065840108969,0.043976988189278865,0.2016394307236012,0.0,0.0,0
44676,42,2,1.474829595821618,1.7525407821672048,0.2777111863455868,0.22523811226362647,0.023598681540025285,0.0,0
44676,42,3,1.474829595821618,1.818374493185917,0.34354489736429894,0.2142610019416131,0.012621571218011912,0.0,0
44676,43,1,1.007003878154681,1.0456925999175257,0.03868872176284466,0.16578507493582986,0.0,0.0,0
44676,43,2,1.007003878154681,1.3752672454085144,0.36826336725383335,0.17362339518540681,0.007838320249576952,0.0,0
44676,43,3,1.007003878154681,1.27496284894115,0.2679589707864689,0.18167786733958977,0.015892792403759903,0.0,0
44676,44,1,1.5520343602972417,1.8194447298707916,0.2674103695735499,0.12355455725155083,0.0,0.0,0
44676,44,2,1.5520343602972417,2.003123047176008,0.45108868687876624,0.14186371617193755,0.018309158920386717,0.0,0
44676,44,3,1.5520343602972417,2.0774544704883797,0.525420110191138,0.13890922450427984,0.015354667252729007,0.0,0
44676,45,1,1.733339805696468,1.8517670874831023,0.11842728178663431,0.31147639461379084,0.0,0.1052891254329105,1
44676,45,2,1.733339805696468,2.1318616390606606,0.39852183336419267,0.3653829263666431,0.05390653175285226,0.0,0
44676,45,3,1.733339805696468,2.154176407621675,0.4208366019252072,0.41175332386465724,0.1002769292508664,0.0,0
44676,46,1,0.9591260664274517,1.0540726510564304,0.09494658462897876,0.16628767674880435,0.0,0.10528912543291047,1
44676,46,2,0.9591260664274517,1.221689575768016,0.26256350934056427,0.19722211008208698,0.030934433333282635,0.0,0
44676,46,3,0.9591260664274517,1.2196423936987497,0.26051632727129803,0.18590524167390293,0.019617564925098585,0.0,0
44676,47,1,1.2049032907457877,1.2641103481867275,0.05920705744093979,0.1637187785755682,0.0,0.10528912543291051,1
44676,47,2,1.2049032907457877,1.59065409642362,0.38575080567783226,0.18167776316438322,0.017958984588815008,0.0,0
44676,47,3,1.2049032907457877,1.6645519263226891,0.4596486355769014,0.175582921458734,0.011864142883165785,0.0,0
44676,48,1,1.3635800562353588,1.5210304241666983,0.15745036793133949,0.10268339638917075,0.0,0.10528912543291051,1
44676,48,2,1.3635800562353588,1.704690270907778,0.3411102146724192,0.151784872483095,0.04910147609392425,0.0,0
44676,48,3,1.3635800562353588,1.735219948026156,0.37163989179079726,0.17083817292802814,0.06815477653885739,0.0,0
44676,49,1,1.122158823842867,1.1965903366504282,0.07443151280756122,0.19810702522012677,0.0,0.04169838575320106,1
44676,49,2,1.122158823842867,1.5261992764590182,0.4040404526161512,0.22121739045863603,0.02311036523850926,0.0,0
44676,49,3,1.122158823842867,1.5410381573221659,0.41887933347929884,0.21076241329341525,0.012655388073288476,0.0,0
44676,50,1,1.3707567332766093,1.4975041270353837,0.12674739375877442,0.1893329862410586,0.0,0.04169838575320109,1
44676,50,2,1.3707567332766093,1.6415904836094082,0.2708337503327989,0.21355982288774994,0.02422683664669134,0.0,0
44676,50,3,1.3707567332766093,1.8310703064856753,0.46031357320906596,0.20741409974631067,0.018081113505252072,0.0,0
44676,51,1,1.6504929292212647,2.0142788516422883,0.3637859224210236,0.1540110475894439,0.0,0.0416983857532011,1
44676,51,2,1.6504929292212647,2.101882808844567,0.45138987962330246,0.1798993899574697,0.025888342368025813,0.0,0
44676,51,3,1.6504929292212647,2.583069183292634,0.9325762540713693,0.18425128634723106,0.03024023875778717,0.0,0
44676,52,1,1.2584135910735963,1.3058200048207511,0.04740641374715482,0.19531354210281435,0.0,0.0,0
44676,52,2,1.2584135910735963,1.6936726735637815,0.4352590824901852,0.21972393968887682,0.024410397586062477,0.0,0
44676,52,3,1.2584135910735963,1.6837018911957167,0.4252883001221204,0.2097335586353781,0.01442001653256375,0.0,0
44676,53,1,1.1632372484198794,1.7669472141117577,0.6037099656918783,0.18897324964731402,0.0016715171490137848,0.0,0
44676,53,2,1.1632372484198794,1.4622351659218569,0.29899791750197746,0.19877334733810056,0.011471614839800331,0.0,0
44676,53,3,1.1632372484198794,2.1697014973084796,1.0064642488886002,0.18730173249830023,0.0,0.0,0
44676,54,1,1.38922166126799,1.441281773851677,0.052060112583687035,0.12581317846090434,0.0,0.0,0
44676,54,2,1.38922166126799,1.5722177837402918,0.1829961224723018,0.14324214616143266,0.01742896770052832,0.0,0
44676,54,3,1.38922166126799,1.59575518425626,0.2065335229882701,0.14736104175335746,0.021547863292453118,0.0,0
44676,55,1,2.552950495372842,2.7296604301743934,0.1767099348015515,0.20949430932747826,0.0,0.022569812158606928,1
44676,55,2,2.552950495372842,2.948318813637022,0.3953683182641803,0.266967691288352,0.05747338196087376,0.0,0
44676,55,3,2.552950495372842,2.9653993877075626,0.4124488923347207,0.27159060966627446,0.062096300338796206,0.0,0
44676,56,1,1.2712308185448111,1.3024294930221036,0.03119867447729252,0.2063033741591984,0.0,0.0,0
44676,56,2,1.2712308185448111,1.4291168280587994,0.15788600951398823,0.22710790687811622,0.02080453271891783,0.0,0
44676,56,3,1.2712308185448111,1.4951298687544632,0.22389905020965206,0.21817283940492688,0.011869465245728489,0.0,0
44676,57,1,1.5974352568642012,1.9036411752245002,0.306205918360299,0.1415254381708617,0.0,0.0,0
44676,57,2,1.5974352568642012,2.118195865907153,0.520760609042952,0.15764902785536963,0.016123589684507944,0.0,0
44676,57,3,1.5974352568642012,2.2248171367795617,0.6273818799153605,0.15836764999184563,0.016842211820983943,0.0,0
44676,58,1,1.8560921399127923,2.005048323293756,0.14895618338096384,0.2139138308127011,0.0,0.0,0
44676,58,2,1.8560921399127923,2.272705330413808,0.41661319050101575,0.2168808296932656,0.0029669988805645087,0.0,0
44676,58,3,1.8560921399127923,2.2278863179747885,0.3717941780619962,0.2161263306746672,0.0022124998619660885,0.0,0
44676,59,1,1.576459381751606,1.828472725757159,0.252013344005553,0.21047732420543544,0.0,0.0,0
44676,59,2,1.576459381751606,1.7591552692280448,0.18269588747643883,0.22458849507929726,0.014111170873861822,0.0,0
44676,59,3,1.576459381751606,1.9131758016617788,0.33671641991017287,0.2158471130990561,0.005369788893620664,0.0,0
44676,60,1,9.7275631908099,11.071010865535545,1.3434476747256454,0.4008194738743802,0.037320950959436106,0.0,0
44676,60,2,9.7275631908099,10.09832575906088,0.3707625682509814,0.37933098319806985,0.015832460283125738,0.019990925258365808,1
44676,60,3,9.7275631908099,10.702092663925033,0.9745294731151333,0.3634985229149441,0.0,0.024391800228506635,1
44676,61,1,14.623940525234293,15.57010633998589,0.9461658147515966,0.39279258370610676,0.029127248831359143,0.0015532010770591964,0
44676,61,2,14.623940525234293,14.967705573653854,0.3437650484195611,0.3718162613003435,0.008150926425595895,0.0,0
44676,61,3,14.623940525234293,15.302306235376971,0.6783657101426783,0.3636653348747476,0.0,0.009095183800076581,1
44676,62,1,13.600139673634336,13.638033908890057,0.03789423525572033,0.16009277167803238,0.0,0.0,0
44676,62,2,13.600139673634336,13.664984445714163,0.06484477207982664,0.18382894320044016,0.023736171522407784,0.009095183800076581,1
44676,62,3,13.600139673634336,13.70067049474805,0.10053082111371303,0.18927714035027565,0.029184368672243277,0.003141107752876543,0
44676,63,1,10.631565405687695,10.714485112857593,0.08291970716989816,0.1063473639399629,0.0,0.005954076047200038,1
44676,63,2,10.631565405687695,10.754529663995447,0.1229642583077517,0.11913041318359041,0.012783049243627512,0.0,0
44676,63,3,10.631565405687695,10.80981643754587,0.17825103185817426,0.12407638666247925,0.01772902272251635,0.0,0
44676,64,1,9.741054748311035,9.822265802256423,0.0812110539453883,0.09200726024860158,0.0,0.0,0
44676,64,2,9.741054748311035,9.872616775902491,0.13156202759145685,0.11741361266300106,0.02540635241439948,0.008660627574264685,1
44676,64,3,9.741054748311035,9.944422082144587,0.20336733383355288,0.12108926456034964,0.029082004311748066,0.008660627574264685,1
44676,65,1,8.493591600521432,8.544812788437529,0.051221187916096866,0.19731120486086104,0.0,0.0,0
44676,65,2,8.493591600521432,8.608595212490272,0.11500361196883979,0.2211213996892896,0.023810194828428555,0.03054136425607465,1
44676,65,3,8.493591600521432,8.741707584499256,0.24811598397782397,0.20928500097968364,0.0119737961188226,0.04732806020694169,1
44676,66,1,8.346257962851983,8.394045342997385,0.047787380145402736,0.1535630291448386,0.0,0.0,0
44676,66,2,8.346257962851983,8.441082762209092,0.09482479935710941,0.20567183522254898,0.05210880607771037,0.016786695950867042,1
44676,66,3,8.346257962851983,8.475175835962412,0.12891787311042968,0.2123130968846761,0.058750067739837486,0.016786695950867042,1
44676,67,1,9.662336492089782,9.746532747396085,0.0841962553063027,0.25390941346146945,0.0,0.0009705056970631953,0
44676,67,2,9.662336492089782,9.840879991084844,0.1785434989950616,0.28610034317520333,0.032190929713733885,0.0,0
44676,67,3,9.662336492089782,9.873326526215413,0.210990034125631,0.27449458931673615,0.020585175855266702,0.01744447514527747,1
44676,68,1,12.03434882841529,12.238884616586924,0.20453578817163454,0.3073527019086493,0.0,0.0,0
44676,68,2,12.03434882841529,12.28894681914868,0.25459799073339084,0.33144709740581607,0.0240943954971668,0.011499074571693357,1
44676,68,3,12.03434882841529,12.28963071898001,0.2552818905647207,0.3303821152133697,0.023029413304720414,0.012139325330387668,1
44676,69,1,10.680061764953807,10.756976738426246,0.07691497347243903,0.1450360928993438,0.0,0.005305149814889831,1
44676,69,2,10.680061764953807,10.792005470047666,0.11194370509385898,0.15716995572921544,0.012133862829871639,0.005945400573584128,1
44676,69,3,10.680061764953807,10.862424989722587,0.18236322476878009,0.1596038312048662,0.01456773830552241,0.0,0
44676,70,1,9.887228736073226,10.036339569889627,0.1491108338164011,0.08102021293360477,0.0,0.005945400573584128,1
44676,70,2,9.887228736073226,10.141396263625323,0.25416752755209693,0.08969314623756065,0.008672933303955882,0.0,0
44676,70,3,9.887228736073226,10.211708858027528,0.3244801219543021,0.08944502686039255,0.008424813926787775,0.0,0
44676,71,1,10.754330187223882,11.78926910027338,1.0349389130494977,0.3314263956699542,0.02423228815735573,0.0,0
44676,71,2,10.754330187223882,11.11783231146136,0.36350212423747763,0.30997256576148696,0.0027784582488885046,0.0022527279880904284,0
44676,71,3,10.754330187223882,11.537255037013589,0.7829248497897066,0.30719410751259846,0.0,0.0022527279880904284,0
44676,72,1,9.466820997667575,9.553296655378166,0.08647565771059007,0.09424149899557607,0.0,0.005707881764165819,1
44676,72,2,9.466820997667575,9.627785004300257,0.16096400663268184,0.11425294703836951,0.020011448042793437,0.0,0
44676,72,3,9.466820997667575,9.663480495847207,0.19665949817963124,0.12407352496880086,0.02983202597322479,0.0,0
44676,73,1,9.74902890414015,9.81225527318465,0.06322636904450007,0.09986424469013057,0.0,0.005395048441643558,1
44676,73,2,9.74902890414015,9.901183543203468,0.15215463906331728,0.12334106239342296,0.023476817703292394,0.0,0
44676,73,3,9.74902890414015,9.87072320297491,0.12169429883475935,0.1435073601234127,0.04364311543328213,0.0,0
44676,74,1,11.377476560727034,11.409265098664537,0.031788537937503136,0.13055012715546466,0.0,0.0,0
44676,74,2,11.377476560727034,11.436254562640212,0.05877800191317739,0.1803290222999907,0.04977889514452605,0.00753717448997554,1
44676,74,3,11.377476560727034,11.451646493150442,0.0741699324234073,0.18716152548264087,0.05661139832717621,0.00753717448997554,1
44676,75,1,14.263481556362766,14.316885249211875,0.05340369284910906,0.21051801845537219,0.0,0.0,0
44676,75,2,14.263481556362766,14.356813978338002,0.09333242197523539,0.24167172326663733,0.031153704811265143,0.020271184991804178,1
44676,75,3,14.263481556362766,14.390361642811817,0.12688008644905047,0.2413571334834727,0.030839115028100522,0.0321580032268851,1
44676,76,1,11.05873558960944,11.125505203587215,0.06676961397777426,0.17141780051006206,0.0,0.0,0
44676,76,2,11.05873558960944,11.163837786685558,0.10510219707611768,0.1854742457994971,0.014056445289435032,0.011886818235080927,1
44676,76,3,11.05873558960944,11.227917670845235,0.16918208123579426,0.18830693986483832,0.01688913935477626,0.011886818235080927,1
44677,0,1,1.895474680320368,2.201431881104045,0.3059572007836773,0.22088446662786831,0.0,0.0,0
44677,0,2,1.895474680320368,2.408912752811877,0.5134380724915089,0.23341816295530288,0.012533696327434563,0.0,0
44677,0,3,1.895474680320368,2.1170452101390462,0.2215705298186783,0.24190833935625092,0.021023872728382603,0.0,0
44677,1,1,1.6284492871752991,2.387146437987652,0.7586971508123528,0.20366833384848618,0.022045528103957407,0.0,0
44677,1,2,1.6284492871752991,1.965827781565394,0.3373784943900948,0.18162280574452877,0.0,0.0,0
44677,1,3,1.6284492871752991,2.2964803249372436,0.6680310377619445,0.1949763667224583,0.01335356097792953,0.0,0
44677,2,1,1.2004748584724347,2.159947534904165,0.9594726764317301,0.1906797196279648,0.005823818989360574,0.08291387768866335,1
44677,2,2,1.2004748584724347,1.7283983374806577,0.527923479008223,0.18485590063860421,0.0,0.0,0
44677,2,3,1.2004748584724347,1.916577408867744,0.7161025503953093,0.18750163533157332,0.0026457346929691095,0.0,0
44677,3,1,1.3185310085290953,1.6393187351827563,0.32078772665366095,0.23045449941716073,0.051094155150881754,0.08291387768866335,1
44677,3,2,1.3185310085290953,1.7347324647890514,0.4162014562599561,0.17936034426627898,0.0,0.0,0
44677,3,3,1.3185310085290953,1.7853516419844364,0.4668206334553411,0.18029751943367214,0.0009371751673931672,0.0,0
44677,4,1,1.782024494766162,2.050130874946228,0.26810638018006605,0.15053760814066838,0.0,0.08291387768866335,1
44677,4,2,1.782024494766162,2.089442577398036,0.307418082631874,0.1828923455405408,0.03235473739987241,0.0,0
44677,4,3,1.782024494766162,2.3580082375835296,0.5759837428173675,0.2673430643173878,0.11680545617671942,0.0,0
44677,5,1,2.2644855227568526,2.403257849924024,0.13877232716717147,0.22684722651318207,0.0,0.0,0
44677,5,2,2.2644855227568526,2.7578363077944674,0.49335078503761487,0.24148939813445156,0.01464217162126949,0.0,0
44677,5,3,2.2644855227568526,2.5062454461300496,0.24175992337319707,0.2439413196484403,0.017094093135258226,0.0,0
44677,6,1,2.1494877592516763,3.1378448672261743,0.9883571079744979,0.1484509552263239,0.007152227249065779,0.0,0
44677,6,2,2.1494877592516763,2.7082571093523473,0.558769350100671,0.14835466528775496,0.007055937310496835,0.0,0
44677,6,3,2.1494877592516763,2.9945334838486932,0.8450457245970169,0.14129872797725812,0.0,0.0,0
44677,7,1,2.3476780067107836,2.4809876109698807,0.1333096042590971,0.19766588852382808,0.0,0.0,0
44677,7,2,2.3476780067107836,2.855284989393497,0.5076069826827134,0.20529482281999042,0.0076289342961623485,0.0,0
44677,7,3,2.3476780067107836,2.3753747526637445,0.0276967459529609,0.20744900385986967,0.009783115336041592,0.0,0
44677,8,1,2.219252380079187,2.995186886429639,0.7759345063504521,0.1820732655044311,0.015605053756310744,0.0,0
44677,8,2,2.219252380079187,2.4576782185075494,0.23842583842836262,0.16646821174812035,0.0,0.0,0
44677,8,3,2.219252380079187,2.875629541120444,0.6563771610412572,0.16937664303181071,0.002908431283690366,0.0,0
44677,9,1,1.934594484315939,3.0792367880313067,1.1446423037153677,0.11063860847110853,0.012289573933750478,0.0,0
44677,9,2,1.934594484315939,2.3509157714187516,0.4163212871028126,0.09834903453735805,0.0,0.0,0
44677,9,3,1.934594484315939,2.7594793568562213,0.8248848725402822,0.10935129962893793,0.01100226509157988,0.0,0
44677,10,1,1.5268991911245897,1.7864754290710778,0.2595762379464881,0.18712984893530968,0.0,0.0,0
44677,10,2,1.5268991911245897,1.9684968364140065,0.4415976452894168,0.19570851714534446,0.008578668210034779,0.0,0
44677,10,3,1.5268991911245897,1.8279325022076023,0.30103331108301257,0.21122582034249532,0.02409597140718564,0.0,0
44677,11,1,1.214619205745134,1.8334173904490314,0.6187981847038975,0.21786668394617884,0.05733433842085153,0.0,0
44677,11,2,1.214619205745134,1.8252651077612836,0.6106459020161497,0.1605323455253273,0.0,0.0,0
44677,11,3,1.214619205745134,1.893888562331656,0.679269356586522,0.16305220050969846,0.002519854984371156,0.0,0
44677,12,1,1.6142551300213541,2.132821337774411,0.5185662077530568,0.21554373728326462,0.0522184977499775,0.0,0
44677,12,2,1.6142551300213541,2.180580936049814,0.5663258060284599,0.17023447538007436,0.006909235846787237,0.0,0
44677,12,3,1.6142551300213541,2.17079715726529,0.5565420272439359,0.16332523953328712,0.0,0.0,0
44677,13,1,1.667488695424364,1.8231333091357569,0.15564461371139293,0.20454735726713402,0.0,0.1007756579093548,1
44677,13,2,1.667488695424364,1.9117180199178019,0.24422932449343793,0.20675644501410678,0.00220908774697276,0.0,0
44677,13,3,1.667488695424364,1.7812363366381816,0.11374764121381764,0.2211343686854059,0.016587011418271874,0.0,0
44677,14,1,1.386422462371259,2.096496031012853,0.7100735686415938,0.20779700170844628,0.07137648538015201,0.10077565790935476,1
44677,14,2,1.386422462371259,1.8233415996621065,0.4369191372908474,0.13930179686263455,0.0028812805343402803,0.0,0
44677,14,3,1.386422462371259,1.9991401991991367,0.6127177368278776,0.13642051632829427,0.0,0.0,0
44677,15,1,2.1532890966038374,2.398352732044626,0.24506363544078846,0.17110123684731374,0.0,0.10077565790935478,1
44677,15,2,2.1532890966038374,2.713034017355201,0.5597449207513638,0.19258156636779103,0.021480329520477293,0.0,0
44677,15,3,2.1532890966038374,2.6764339203241336,0.5231448237202962,0.27681398019409104,0.1057127433467773,0.0,0
44677,16,1,3.188400066782318,3.4848885771937033,0.29648851041138524,0.14652900926206686,0.0,0.0,0
44677,16,2,3.188400066782318,3.566556057361255,0.3781559905789371,0.21475003809657295,0.06822102883450609,0.04250990379116393,1
44677,16,3,3.188400066782318,3.5997702683363384,0.4113702015540204,0.2742487944320184,0.12771978516995153,0.04250990379116393,1
44677,17,1,1.3904354712891374,2.0849354118548207,0.6944999405656833,0.1869707039479099,0.0092659890863592,0.08461503817171273,1
44677,17,2,1.3904354712891374,1.8007580906934748,0.41032261940433745,0.17781838013546727,0.00011366527391656889,0.0,0
44677,17,3,1.3904354712891374,1.878307872313293,0.48787240102415574,0.1777047148615507,0.0,0.0,0
44677,18,1,1.4696218528034235,2.0786977753633114,0.6090759225598879,0.16291548458442445,0.022758990271422835,0.08461503817171276,1
44677,18,2,1.4696218528034235,1.7810247701851913,0.31140291738176784,0.14015649431300162,0.0,0.0,0
44677,18,3,1.4696218528034235,2.1586288730494436,0.6890070202460201,0.15381375146178808,0.013657257148786461,0.0,0
44677,19,1,2.0305153084250795,2.3673682252250474,0.33685291679996787,0.10322607650221718,0.0,0.08461503817171274,1
44677,19,2,2.0305153084250795,2.391399951048982,0.3608846426239025,0.13835731917907945,0.03513124267686227,0.0,0
44677,19,3,2.0305153084250795,2.5913258623367943,0.5608105539117147,0.18774660339344637,0.08452052689122919,0.0,0
44677,20,1,2.0127882588376,2.7621549857091514,0.7493667268715516,0.20893772159759177,0.0,0.05822366034554399,1
44677,20,2,2.0127882588376,2.5390864447902652,0.5262981859526654,0.21256526638366413,0.0036275447860723564,0.0,0
44677,20,3,2.0127882588376,2.450668557139927,0.4378802983023271,0.21865677399129613,0.009719052393704353,0.0,0
44677,21,1,1.9487614297406382,2.6195828211216106,0.6708213913809724,0.15475694467075837,0.0,0.05822366034554399,1
44677,21,2,1.9487614297406382,2.9179938573068727,0.9692324275662345,0.17135635562233975,0.016599410951581378,0.0,0
44677,21,3,1.9487614297406382,2.871651746984961,0.9228903172443228,0.1705877777402791,0.01583083306952074,0.0,0
44677,22,1,1.6084995213454705,1.7938418762768495,0.18534235493137907,0.2005144338676425,0.0,0.0,0
44677,22,2,1.6084995213454705,1.8840255276726794,0.2755260063272089,0.2085783599473876,0.008063926079745098,0.0,0
44677,22,3,1.6084995213454705,1.756242158694393,0.14774263734892257,0.2213911769931887,0.020876743125546188,0.0,0
44677,23,1,1.3045434826380462,2.418895866420647,1.1143523837826006,0.17894701438054342,0.0017268734615509818,0.0,0
44677,23,2,1.3045434826380462,1.7750678621884581,0.47052437955041193,0.17722014091899244,0.0,0.0,0
44677,23,3,1.3045434826380462,1.4916494028642684,0.1871059202262222,0.1790431237757375,0.0018229828567450646,0.0,0
44677,24,1,1.1762240184128137,1.9781617439903294,0.8019377255775157,0.21963843289043763,0.07652972768280702,0.0,0
44677,24,2,1.1762240184128137,1.5388773919289025,0.36265337351608884,0.14478852126802616,0.0016798160603955503,0.0,0
44677,24,3,1.1762240184128137,1.6292281280525898,0.4530041096397761,0.1431087052076306,0.0,0.0,0
44677,25,1,1.5181763810433104,1.7452686754427127,0.22709229439940226,0.22640170107261512,0.0,0.0,0
44677,25,2,1.5181763810433104,1.9818119160032062,0.46363553495989573,0.23197753032702956,0.005575829254414438,0.0,0
44677,25,3,1.5181763810433104,1.6453284118450242,0.12715203080171378,0.23737838811612869,0.010976687043513567,0.0,0
44677,26,1,1.1758615440366755,1.8329048111483317,0.6570432671116562,0.2139746817311009,0.06681214570471725,0.0,0
44677,26,2,1.1758615440366755,1.794281728909078,0.6184201848724025,0.14716253602638366,0.0,0.0,0
44677,26,3,1.1758615440366755,1.8865114406825214,0.7106498966458459,0.14968320344977187,0.0025206674233882176,0.0,0
44677,27,1,1.2106378911581415,1.6565178304930097,0.44587993933486825,0.19315717708724747,0.0,0.0,0
44677,27,2,1.2106378911581415,1.8335503148947918,0.6229124237366503,0.2098017249349236,0.016644547847676133,0.0,0
44677,27,3,1.2106378911581415,1.7344449360338685,0.523807044875727,0.2246913753020218,0.03153419821477432,0.0,0
44677,28,1,1.410464254192875,1.725905135878845,0.3154408816859702,0.19503830095279215,0.04397905176605732,0.0,0
44677,28,2,1.410464254192875,1.8718859852791687,0.4614217310862938,0.15105924918673483,0.0,0.0,0
44677,28,3,1.410464254192875,1.9460779289133434,0.5356136747204685,0.15227936397163577,0.0012201147849009442,0.0,0
44677,29,1,2.040410314644639,2.6969231711768646,0.6565128565322258,0.1470964499761874,0.03877556523853776,0.0,0
44677,29,2,2.040410314644639,2.5895078420361477,0.5490975273915089,0.10832088473764964,0.0,0.0,0
44677,29,3,2.040410314644639,2.80258621144391,0.7621758967992713,0.1136092663872493,0.0052883816495996605,0.0,0
44677,30,1,1.4077025016521296,1.8872299608074012,0.4795274591552716,0.19573363036388217,0.0,0.0,0
44677,30,2,1.4077025016521296,2.4605853797257025,1.0528828780735728,0.20322528144043456,0.007491651076552391,0.0,0
44677,30,3,1.4077025016521296,2.0436154208524093,0.6359129192002797,0.20010348197266198,0.004369851608779812,0.0,0
44677,31,1,1.4617816361040417,1.68541188672287,0.22363025061882835,0.18463817507649374,0.0,0.0,0
44677,31,2,1.4617816361040417,2.5567618209017384,1.0949801847976968,0.18682924857030372,0.0021910734938099807,0.0,0
44677,31,3,1.4617816361040417,2.3626427446031713,0.9008611084991296,0.18535068990883904,0.0007125148323453012,0.0,0
44677,32,1,1.7279932098952764,2.3826907654700302,0.6546975555747538,0.1960158847967256,0.058074089476861684,0.0,0
44677,32,2,1.7279932098952764,2.217184310360193,0.48919110046491676,0.13794179531986392,0.0,0.0,0
44677,32,3,1.7279932098952764,2.4378337385705455,0.7098405286752691,0.1434031342574725,0.005461338937608584,0.0,0
44677,33,1,2.055605035848962,3.044747899558325,0.9891428637093629,0.15583826337747597,0.024325269038447617,0.0,0
44677,33,2,2.055605035848962,2.6257117482063173,0.5701067123573553,0.13151299433902836,0.0,0.0,0
44677,33,3,2.055605035848962,2.9092278906395705,0.8536228547906086,0.1590115100334727,0.027498515694444337,0.0,0
44677,34,1,1.2548925036410687,1.692386122318942,0.4374936186778733,0.2362273616503543,0.024361702561078474,0.08648297104960831,1
44677,34,2,1.2548925036410687,1.7740333888475548,0.519140885206486,0.21186565908927582,0.0,0.05053493824441743,1
44677,34,3,1.2548925036410687,1.7484951899405332,0.49360268629946447,0.21626584350440792,0.004400184415132097,0.0,0
44677,35,1,1.7240434119012016,1.9645079019625349,0.2404644900613333,0.20306694547093976,0.0,0.08648297104960831,1
44677,35,2,1.7240434119012016,2.083870233997108,0.35982682209590644,0.2685490175741805,0.06548207210324072,0.05053493824441746,1
44677,35,3,1.7240434119012016,2.1823584844343182,0.45831507253311665,0.3266561303748248,0.12358918490388507,0.0,0
44677,36,1,1.624282849052997,1.8561043102327108,0.2318214611797138,0.22655453387162092,0.0,0.0,0
44677,36,2,1.624282849052997,2.2020342287731896,0.5777513797201925,0.23218776558632276,0.005633231714701842,0.0,0
44677,36,3,1.624282849052997,1.7287872511087623,0.10450440205576528,0.23489665739888432,0.008342123527263406,0.0,0
44677,37,1,1.138243149638078,1.4629949484694167,0.32475179883133865,0.17909244626769863,0.0,0.0,0
44677,37,2,1.138243149638078,1.643776053518422,0.505532903880344,0.18098031942094306,0.0018878731532444293,0.0,0
44677,37,3,1.138243149638078,1.3718621272719873,0.23361897763390926,0.18242187364137694,0.0033294273736783064,0.0,0
44677,38,1,1.512312472191448,1.9574623236838669,0.4451498514924188,0.2218071282788611,0.03352218424289671,0.0,0
44677,38,2,1.512312472191448,1.8220592360898002,0.3097467638983522,0.18828494403596438,0.0,0.0,0
44677,38,3,1.512312472191448,2.0172371337193598,0.5049246615279117,0.19266312781545472,0.004378183779490341,0.0,0
44677,39,1,1.0790006241196537,1.773936715055671,0.6949360909360174,0.22812695472809913,0.06130224715448285,0.10535289801655434,1
44677,39,2,1.0790006241196537,1.6647983095851437,0.58579768546549,0.16682470757361628,0.0,0.0,0
44677,39,3,1.0790006241196537,1.7592261802721545,0.6802255561525008,0.16863337242169338,0.0018086648480770962,0.0,0
44677,40,1,1.4623512249715738,1.7681360670499084,0.3057848420783347,0.23768339759149443,0.04080072866505813,0.10535289801655434,1
44677,40,2,1.4623512249715738,1.7855924109605954,0.32324118598902163,0.19810736761364234,0.0012246986872060384,0.0,0
44677,40,3,1.4623512249715738,1.8088759661167888,0.34652474114521503,0.1968826689264363,0.0,0.0,0
44677,41,1,1.4402453369602533,1.7493082802449127,0.30906294328465944,0.15807454509991894,0.0,0.10535289801655434,1
44677,41,2,1.4402453369602533,1.7669697638151782,0.326724426854925,0.16385649759855792,0.00578195249863897,0.0,0
44677,41,3,1.4402453369602533,2.1030282386780303,0.6627829017177771,0.2236921020746679,0.06561755697474894,0.0,0
44677,42,1,1.2178367279010112,1.5918839473557345,0.3740472194547233,0.19680635252755357,0.0,0.04075580733172429,1
44677,42,2,1.2178367279010112,2.334700695679189,1.116863967778178,0.20386524145788967,0.007058888930336099,0.0,0
44677,42,3,1.2178367279010112,1.868571574356824,0.6507348464558129,0.20282295888559213,0.006016606358038551,0.0,0
44677,43,1,1.3284027989353029,2.0839942531326137,0.7555914541973108,0.2094383101957502,0.019086802745044457,0.04075580733172429,1
44677,43,2,1.3284027989353029,1.6059957248194359,0.277592925884133,0.19035150745070575,0.0,0.0,0
44677,43,3,1.3284027989353029,1.9654779788374068,0.6370751799021039,0.20134255223335798,0.010991044782652226,0.0,0
44677,44,1,1.58876426219158,2.054823900519561,0.4660596383279809,0.19963382212019803,0.0,0.04075580733172428,1
44677,44,2,1.58876426219158,2.5821115471777474,0.9933472849861673,0.29950397991024214,0.0998701577900441,0.0,0
44677,44,3,1.58876426219158,2.172141173766705,0.5833769115751248,0.3261402046532134,0.12650638253301538,0.0,0
44677,45,1,1.566920044033977,1.7269382773256616,0.16001823329168463,0.21209439110979372,0.0,0.0,0
44677,45,2,1.566920044033977,2.0174442275346025,0.4505241835006255,0.22033388581879856,0.008239494709004841,0.0,0
44677,45,3,1.566920044033977,1.7138965920149727,0.1469765479809957,0.22644375484445708,0.014349363734663362,0.0,0
44677,46,1,1.337647254036788,1.572725645328581,0.23507839129179287,0.21135063123836653,0.0,0.0,0
44677,46,2,1.337647254036788,1.8951564006191088,0.5575091465823208,0.21489260555435202,0.003541974315985491,0.0,0
44677,46,3,1.337647254036788,1.5303223607193357,0.19267510668254761,0.21716632523872226,0.005815694000355726,0.0,0
44677,47,1,1.4993761129029621,1.8894981588988664,0.3901220459959043,0.17117695126399668,0.029031465957151448,0.0,0
44677,47,2,1.4993761129029621,1.7177766783911657,0.21840056548820352,0.1472615633758046,0.005116078068959362,0.0,0
44677,47,3,1.4993761129029621,1.8189351118503403,0.31955899894737816,0.14214548530684523,0.0,0.0,0
44677,48,1,2.7265756123927933,3.030767827185174,0.3041922147923808,0.23452141233375107,0.0,0.0219776945015564,1
44677,48,2,2.7265756123927933,3.07413210997922,0.3475564975864267,0.27110146427650245,0.03658005194275138,0.0,0
44677,48,3,2.7265756123927933,3.0541883150316727,0.3276127026388793,0.28433107741712926,0.049809665083378196,0.0,0
44677,49,1,1.3449007629730334,1.6156125744520433,0.2707118114790099,0.22077717587355775,0.0,0.0,0
44677,49,2,1.3449007629730334,1.846613144499715,0.5017123815266815,0.22205031852481832,0.0012731426512605781,0.0,0
44677,49,3,1.3449007629730334,1.70678892701905,0.36188816404601654,0.22427397176859706,0.0034967958950393174,0.0,0
44677,50,1,1.5232916782614754,1.959813401636333,0.43652172337485773,0.20513727299703668,0.04004511158906238,0.0,0
44677,50,2,1.5232916782614754,1.791347367058775,0.2680556887972996,0.1650921614079743,0.0,0.0,0
44677,50,3,1.5232916782614754,2.0225277270795026,0.4992360488180272,0.1750497057174346,0.009957544309460303,0.0,0
44677,51,1,1.864433349501097,2.32369573371366,0.45926238421256294,0.21403145347245742,0.006942698981664136,0.0,0
44677,51,2,1.864433349501097,2.1965049672608026,0.3320716177597056,0.20708875449079328,0.0,0.0,0
44677,51,3,1.864433349501097,2.433519215891174,0.5690858663900769,0.20892566478597988,0.0018369102951865945,0.0,0
44677,52,1,1.4475674840640385,1.668922400667522,0.2213549166034836,0.21971148008690894,0.0,0.0,0
44677,52,2,1.4475674840640385,1.9166356070988524,0.46906812303481393,0.2343494537231084,0.014637973636199453,0.0,0
44677,52,3,1.4475674840640385,1.836875514723222,0.3893080306591836,0.24222182062015943,0.02251034053325049,0.0,0
44677,53,1,1.589411624259187,1.9554456903935615,0.3660340661343746,0.2136827713749201,0.0,0.0,0
44677,53,2,1.589411624259187,1.9502145737936913,0.3608029495345044,0.21668321346669683,0.003000442091776745,0.0,0
44677,53,3,1.589411624259187,1.7551497561761338,0.16573813191694686,0.2249626305789689,0.011279859204048809,0.0,0
44677,54,1,1.5169994400102234,2.002127595911523,0.48512815590129965,0.19754782758619066,0.0,0.0,0
44677,54,2,1.5169994400102234,2.102716337935485,0.5857168979252616,0.20593707880719817,0.008389251221007504,0.0,0
44677,54,3,1.5169994400102234,1.88181117540324,0.3648117353930167,0.21759552334740023,0.020047695761209572,0.0,0
44677,55,1,1.8556649620742185,2.3357582985140017,0.48009333643978325,0.15567141075620017,0.007841152044050836,0.0,0
44677,55,2,1.8556649620742185,2.09295689306937,0.23729193099515156,0.15278155699547738,0.004951298283328048,0.0,0
44677,55,3,1.8556649620742185,2.145186813293951,0.2895218512197326,0.14783025871214933,0.0,0.0,0
44677,56,1,13.173920421581276,13.280053764608278,0.10613334302700217,0.1724341590516278,0.0,0.0,0
44677,56,2,13.173920421581276,13.308993659462317,0.1350732378810413,0.19162216327157494,0.019188004219947152,0.008970777581670572,1
44677,56,3,13.173920421581276,13.394703900150063,0.22078347856878722,0.20752977633426323,0.03509561728263544,0.00320201546650091,0
44677,57,1,10.402153816436165,10.516713102579283,0.11455928614311794,0.11082247600516996,0.0,0.005768762115169666,1
44677,57,2,10.402153816436165,10.555093601204293,0.15293978476812775,0.12132159512044119,0.010499119115271224,0.0,0
44677,57,3,10.402153816436165,10.683265195562402,0.2811113791262372,0.13921364540557032,0.02839116940040036,0.0,0
44677,58,1,9.480839943488496,9.631455674703872,0.1506157312153764,0.09872318382163679,0.0,0.0,0
44677,58,2,9.480839943488496,9.682587825355384,0.20174788186688808,0.14283232712609942,0.044109143304462625,0.008370391696648976,1
44677,58,3,9.480839943488496,9.719382736778682,0.23854279329018624,0.18243529091596916,0.08371210709433237,0.008370391696648976,1
44677,59,1,8.315998248004451,8.442079257919637,0.12608100991518612,0.21684212816229917,0.0,0.0,0
44677,59,2,8.315998248004451,8.444297932067515,0.12829968406306413,0.2281826822647088,0.011340554102409639,0.030465736291331452,1
44677,59,3,8.315998248004451,8.445840833814291,0.12984258580983976,0.24767909633057741,0.030836968168278245,0.04790679029420697,1
44677,60,1,8.073973295795783,8.271497923929129,0.19752462813334581,0.1749661338296764,0.0,0.0,0
44677,60,2,8.073973295795783,8.288797601005614,0.21482430520983087,0.17813744965699532,0.0031713158273189157,0.017441054002875503,1
44677,60,3,8.073973295795783,8.37874141968334,0.30476812388755725,0.19178878549745085,0.01682265166777444,0.017441054002875503,1
44677,61,1,11.612882574320263,11.81848698578607,0.20560441146580644,0.2586211659270474,0.0,0.0,0
44677,61,2,11.612882574320263,11.826279627564421,0.21339705324415803,0.28392388772249433,0.025302721795446903,0.011085546168799365,1
44677,61,3,11.612882574320263,11.871489224746966,0.25860665042670306,0.3098928259259763,0.051271659998928854,0.01189120642852634,1
44677,62,1,10.233164071472574,10.557248142657885,0.324084071185311,0.14170107512751146,0.001914546686512808,0.005287589177175103,1
44677,62,2,10.233164071472574,10.415864675861826,0.18270060438925206,0.13978652844099865,0.0,0.006093249436902065,1
44677,62,3,10.233164071472574,10.544925378327948,0.31176130685537373,0.14186180174325397,0.0020752733022553205,0.0,0
44677,63,1,9.58183976902178,9.837846095023107,0.25600632600132656,0.07434996271434507,0.0,0.006093249436902065,1
44677,63,2,9.58183976902178,9.925255822008548,0.34341605298676825,0.0787135340392884,0.004363571324943319,0.0,0
44677,63,3,9.58183976902178,9.983424738443384,0.40158496942160404,0.08058004574602982,0.006230083031684749,0.0,0
44677,64,1,10.482938373877824,10.60273004133692,0.11979166745909708,0.17553098139970974,0.0,0.0,0
44677,64,2,10.482938373877824,10.644572057655438,0.16163368377761422,0.19192443500936562,0.016393453609655884,0.00231439034350921,0
44677,64,3,10.482938373877824,10.744297719027417,0.261359345149593,0.19981889975565395,0.02428791835594421,0.00231439034350921,0
44677,65,1,9.2626729918451,9.417318822073359,0.15464583022825806,0.09569845331422984,0.0,0.005922966665479552,1
44677,65,2,9.2626729918451,9.499892232426307,0.23721924058120614,0.11731422043498148,0.02161576712075164,0.0,0
44677,65,3,9.2626729918451,9.598290821703017,0.33561782985791666,0.12925219138611643,0.033553738071886594,0.0,0
44677,66,1,9.480907497820999,9.60405517164821,0.12314767382721037,0.11434712140304208,0.0,0.005672553057167226,1
44677,66,2,9.480907497820999,9.655515052486423,0.17460755466542466,0.14228941032745115,0.027942288924409073,0.0,0
44677,66,3,9.480907497820999,9.732191618821181,0.2512841210001824,0.17841758628073304,0.06407046487769096,0.0,0
44677,67,1,10.940589333380235,11.029773541744017,0.0891842083637826,0.13783818235624873,0.0,0.0,0
44677,67,2,10.940589333380235,11.095450622106842,0.15486128872660743,0.18520401571180906,0.04736583335556033,0.007680432176012879,1
44677,67,3,10.940589333380235,11.105675781641633,0.1650864482613983,0.2237208409878186,0.08588265863156988,0.007680432176012879,1
44677,68,1,13.855690088609062,13.968106452316416,0.11241636370735364,0.22454009695786947,0.0,0.0,0
44677,68,2,13.855690088609062,13.976250008154306,0.12055991954524359,0.2502181180710696,0.02567802111320011,0.020660509696724935,1
44677,68,3,13.855690088609062,13.99033829902677,0.13464821041770847,0.2614122755280711,0.03687217857020164,0.032620218547992866,1
44677,69,1,10.71586913660145,11.25525830903275,0.5393891724312994,0.18755465910617075,0.009748823888489772,0.0,0
44677,69,2,10.71586913660145,10.877476122317242,0.16160698571579246,0.17780583521768098,0.0,0.011959708851267927,1
44677,69,3,10.71586913660145,11.111059174752182,0.39519003815073184,0.18264793356345993,0.00484209834577895,0.011959708851267927,1
44678,0,1,1.449755921815162,1.9505753738033724,0.5008194519882103,0.19985720240232957,0.02290767726018547,0.0,0
44678,0,2,1.449755921815162,1.6468143430640652,0.19705842124890305,0.1769495251421441,0.0,0.0,0
44678,0,3,1.449755921815162,1.6757222334353226,0.22596631162016045,0.21431756713033143,0.03736804198818733,0.0,0
44678,1,1,1.3576869144960928,1.5851199900987265,0.2274330756026337,0.20364070948638371,0.0,0.08181961901732057,1
44678,1,2,1.3576869144960928,1.5533671230859136,0.19568020858982083,0.20987656765704743,0.006235858170663716,0.0,0
44678,1,3,1.3576869144960928,1.4524912096485751,0.09480429515248234,0.26275736004172884,0.059116650555345124,0.0,0
44678,2,1,1.452886784740163,2.0129169114880527,0.5600301267478898,0.2472837646188992,0.0,0.08181961901732057,1
44678,2,2,1.452886784740163,2.03429958914347,0.5814128044033069,0.25634693139945247,0.009063166780553272,0.0,0
44678,2,3,1.452886784740163,2.4745317916759118,1.0216450069357488,0.35538895298533757,0.10810518836643837,0.0,0
44678,3,1,1.7000022992056203,2.2447363208167688,0.5447340216111485,0.16846825336678842,0.010774240876302354,0.08181961901732057,1
44678,3,2,1.7000022992056203,2.112375746839598,0.41237344763397754,0.15769401249048606,0.0,0.0,0
44678,3,3,1.7000022992056203,2.6589964426535713,0.958994143447951,0.29523998453871275,0.1375459720482267,0.0,0
44678,4,1,2.610386586605114,2.8288250373195596,0.21843845071444568,0.2043391344777175,0.0,0.0,0
44678,4,2,2.610386586605114,3.275145938303685,0.6647593516985713,0.23762704187673414,0.03328790739901663,0.0,0
44678,4,3,2.610386586605114,2.9934083683447894,0.3830217817396755,0.23639738138090424,0.03205824690318673,0.0,0
44678,5,1,2.254619233687315,2.5421803124113644,0.28756107872404923,0.14545388891878896,0.0,0.0,0
44678,5,2,2.254619233687315,3.043821665938812,0.7892024322514968,0.155531197376009,0.010077308457220047,0.0,0
44678,5,3,2.254619233687315,2.8769872706418376,0.6223680369545224,0.15182796432573076,0.006374075406941793,0.0,0
44678,6,1,2.2895124743333626,2.436158152121008,0.14664567778764548,0.2102526627041655,0.0,0.0,0
44678,6,2,2.2895124743333626,2.4678139769100556,0.17830150257669297,0.21733810413711338,0.00708544143294787,0.0,0
44678,6,3,2.2895124743333626,2.4208528533042584,0.1313403789708958,0.23454900768712944,0.02429634498296393,0.0,0
44678,7,1,2.1243072047523497,2.5249291905747784,0.4006219858224287,0.17168102879210267,0.002974953230438643,0.0,0
44678,7,2,2.1243072047523497,2.315592235106874,0.19128503035452438,0.16870607556166403,0.0,0.0,0
44678,7,3,2.1243072047523497,2.3337449824193937,0.20943777766704397,0.18808359997606686,0.019377524414402825,0.0,0
44678,8,1,1.8744389560347734,2.4633857388864957,0.5889467828517223,0.12346584493154748,0.022344249225683413,0.0,0
44678,8,2,1.8744389560347734,2.1606259631443057,0.28618700710953227,0.10112159570586407,0.0,0.0,0
44678,8,3,1.8744389560347734,2.343745169959883,0.4693062139251094,0.12337666577873144,0.022255070072867367,0.0,0
44678,9,1,2.1719029061312227,2.424826462079355,0.25292355594813243,0.23617169215145856,0.0,0.0,0
44678,9,2,2.1719029061312227,2.620749918471194,0.4488470123399715,0.3193701454319814,0.08319845328052283,0.0,0
44678,9,3,2.1719029061312227,2.8070462228698156,0.6351433167385929,0.393856831290442,0.15768513913898347,0.0,0
44678,10,1,1.462046733446243,1.5812822398495923,0.11923550640334923,0.19512073458672724,0.0,0.0,0
44678,10,2,1.462046733446243,1.590604895977996,0.1285581625317529,0.2052445643345957,0.010123829747868462,0.0,0
44678,10,3,1.462046733446243,1.6658810613246247,0.20383432787838163,0.2300602208910732,0.03493948630434596,0.0,0
44678,11,1,1.260093134533255,1.9815801492480047,0.7214870147147496,0.23953418504652818,0.053017134431770585,0.0,0
44678,11,2,1.260093134533255,1.5179225021825533,0.2578293676492982,0.1865170506147576,0.0,0.0,0
44678,11,3,1.260093134533255,1.8071126273276186,0.5470194927943635,0.214900744464499,0.028383693849741404,0.0,0
44678,12,1,1.6646258424431994,2.4000721962800573,0.7354463538368579,0.221172185970594,0.04553606913790931,0.0,0
44678,12,2,1.6646258424431994,1.9796270476263165,0.31500120518311703,0.17563611683268468,0.0,0.0,0
44678,12,3,1.6646258424431994,2.676109809398849,1.0114839669556497,0.19010400352351747,0.014467886690832793,0.0,0
44678,13,1,2.1480919943643615,2.3381996487029726,0.1901076543386111,0.24935611509843936,0.0,0.10415506975913352,1
44678,13,2,2.1480919943643615,2.4413970431450474,0.29330504878068586,0.3261054237046833,0.07674930860624396,0.0,0
44678,13,3,2.1480919943643615,2.408784100751243,0.2606921063868817,0.3946984324099244,0.14534231731148506,0.0,0
44678,14,1,1.5895370646564142,1.93037442135761,0.34083735670119575,0.19951157093694263,0.0016638690491205532,0.10415506975913352,1
44678,14,2,1.5895370646564142,1.8643331717796017,0.27479610712318747,0.19784770188782208,0.0,0.0,0
44678,14,3,1.5895370646564142,1.719152980514437,0.1296159158580228,0.2294684002318745,0.03162069834405243,0.0,0
44678,15,1,1.5947105056614888,2.3500018261787425,0.7552913205172538,0.23698813179978823,0.06405185215730283,0.10415506975913355,1
44678,15,2,1.5947105056614888,1.9060668476754805,0.31135634201399176,0.1729362796424854,0.0,0.0,0
44678,15,3,1.5947105056614888,2.090381474117234,0.49567096845574543,0.21098575156947313,0.03804947192698774,0.0,0
44678,16,1,2.0865200981665604,3.1042154499038483,1.017695351737288,0.18768872922253196,0.0538008310551166,0.10415506975913355,1
44678,16,2,2.0865200981665604,3.020746642691454,0.9342265445248938,0.13388789816741536,0.0,0.0,0
44678,16,3,2.0865200981665604,2.968674735349727,0.8821546371831666,0.2097532169079354,0.07586531874052005,0.0,0
44678,17,1,3.016453027121685,3.4034223895664666,0.3869693624447814,0.2834774022164651,0.0,0.0,0
44678,17,2,3.016453027121685,3.582418802370506,0.565965775248821,0.3219654224678383,0.03848802025137321,0.10032842459319924,1
44678,17,3,3.016453027121685,3.3935732031992947,0.3771201760776095,0.3362182010075315,0.05274079879106641,0.13454499026012123,1
44678,18,1,4.3007691921232185,6.269641708046093,1.9688725159228744,0.34221586091550954,0.0387779747756784,0.0,0
44678,18,2,4.3007691921232185,4.924826614257429,0.6240574221342108,0.30343788613983114,0.0,0.034216565666921994,1
44678,18,3,4.3007691921232185,5.761848141325332,1.461078949202114,0.31527851143536595,0.011840625295534812,0.005550489257874602,1
44678,19,1,3.142679915212031,3.402228269779362,0.25954835456733116,0.14577018025485666,0.0,0.0,0
44678,19,2,3.142679915212031,3.5854259275412885,0.4427460123292577,0.16032025388895946,0.014550073634102795,0.03878675348557681,1
44678,19,3,3.142679915212031,3.587203422246143,0.44452350703411225,0.16910113399352036,0.0233309537386637,0.03878675348557681,1
44678,20,1,1.8352152031869953,2.306407544898838,0.4711923417118429,0.23743285981907258,0.0,0.0849551567675893,1
44678,20,2,1.8352152031869953,2.5221793908462304,0.6869641876592352,0.31654990309044206,0.07911704327136948,0.0,0
44678,20,3,1.8352152031869953,2.7345233871389523,0.899308183951957,0.3784450398354835,0.14101218001641092,0.0,0
44678,21,1,1.2984077380744121,1.813483908252153,0.5150761701777409,0.19439699882894124,0.0053216899264282025,0.0849551567675893,1
44678,21,2,1.2984077380744121,1.646532744545285,0.34812500647087297,0.18907530890251303,0.0,0.0,0
44678,21,3,1.2984077380744121,2.064233858222149,0.765826120147737,0.19001075832301442,0.0009354494205013886,0.0,0
44678,22,1,1.3305163359092043,1.7428709502702593,0.412354614361055,0.18366743872892902,0.006571715879548107,0.0849551567675893,1
44678,22,2,1.3305163359092043,1.4408263625867117,0.11031002667750744,0.1770957228493809,0.0,0.0,0
44678,22,3,1.3305163359092043,2.1218135198519192,0.791297183942715,0.17803122830527904,0.000935505455898128,0.0,0
44678,23,1,1.8271164068740728,2.4291352880197197,0.6020188811456468,0.11464955763967057,0.0,0.0849551567675893,1
44678,23,2,1.8271164068740728,2.3925695769176625,0.5654531700435896,0.11857562068228518,0.003926063042614614,0.0,0
44678,23,3,1.8271164068740728,2.6454410534460306,0.8183246465719578,0.1400373676523115,0.02538781001264094,0.0,0
44678,24,1,1.8832696392499955,2.198104348794435,0.3148347095444395,0.2134870942749305,0.0,0.0,0
44678,24,2,1.8832696392499955,2.55781850697094,0.6745488677209446,0.23290253443546424,0.01941544016053373,0.0,0
44678,24,3,1.8832696392499955,2.4088117973716408,0.5255421581216453,0.2305792960816803,0.01709220180674978,0.0,0
44678,25,1,2.1085518615556498,2.6665302859672537,0.557978424411604,0.13897950321480038,0.0,0.0,0
44678,25,2,2.1085518615556498,2.987749271629108,0.8791974100734583,0.1575515328723072,0.018572029657506817,0.0,0
44678,25,3,2.1085518615556498,2.7280867208553845,0.6195348592997347,0.1518993378421113,0.012919834627310917,0.0,0
44678,26,1,1.3136624196699462,1.4388090420665505,0.12514662239660423,0.20908592839601198,0.0,0.0,0
44678,26,2,1.3136624196699462,1.8824872638794372,0.568824844209491,0.22940981596601437,0.02032388757000239,0.0,0
44678,26,3,1.3136624196699462,1.6696897312420138,0.3560273115720676,0.23834008434147066,0.029254155945458687,0.0,0
44678,27,1,1.192728528902976,1.3935067854789591,0.20077825657598303,0.17958394445439646,0.0,0.0,0
44678,27,2,1.192728528902976,1.4364327188492656,0.2437041899462895,0.18160750125456568,0.0020235568001692184,0.0,0
44678,27,3,1.192728528902976,1.5184093596246895,0.3256808307217134,0.1951546555496613,0.015570711095264839,0.0,0
44678,28,1,1.2092010496503254,1.694756299779717,0.4855552501293916,0.2428236925061439,0.06190013017550211,0.0,0
44678,28,2,1.2092010496503254,1.2963188495742939,0.08711779992396851,0.1809235623306418,0.0,0.0,0
44678,28,3,1.2092010496503254,1.4722990132666056,0.26309796361628024,0.20808745753980812,0.027163895209166317,0.0,0
44678,29,1,1.4310827259470613,1.545510184589562,0.1144274586425007,0.21627768557980614,0.0,0.0,0
44678,29,2,1.4310827259470613,1.604821259575785,0.1737385336287236,0.23035158562550218,0.01407390004569603,0.0,0
44678,29,3,1.4310827259470613,1.8069269339194203,0.37584420797235896,0.28403820753505227,0.06776052195524612,0.0,0
44678,30,1,1.0448873579856612,1.7708304624530875,0.7259431044674263,0.2316048313470317,0.05059679369350906,0.0,0
44678,30,2,1.0448873579856612,1.284903080985392,0.24001572299973084,0.18100803765352264,0.0,0.0,0
44678,30,3,1.0448873579856612,1.4786358530650818,0.4337484950794206,0.24345791468925068,0.062449877035728046,0.0,0
44678,31,1,1.2386983590185467,1.4781944816222647,0.239496122603718,0.20080425734964066,0.0,0.0,0
44678,31,2,1.2386983590185467,1.4907494496678022,0.25205109064925546,0.21060878615143966,0.009804528801798995,0.0,0
44678,31,3,1.2386983590185467,1.4801354928208095,0.24143713380226273,0.2347236324311769,0.033919375081536224,0.0,0
44678,32,1,1.276225626878721,1.6171269676084727,0.34090134072975165,0.22221468676433542,0.039153380503631846,0.0,0
44678,32,2,1.276225626878721,1.3669903847814004,0.09076475790267935,0.18306130626070358,0.0,0.0,0
44678,32,3,1.276225626878721,1.7165028911269296,0.44027726424820846,0.20003343299040854,0.016972126729704967,0.0,0
44678,33,1,1.9986283443439283,2.605520587074999,0.6068922427310708,0.1565831898770289,0.04810721310610003,0.0,0
44678,33,2,1.9986283443439283,2.3067425587711794,0.30811421442725107,0.10847597677092888,0.0,0.0,0
44678,33,3,1.9986283443439283,2.542476599077875,0.5438482547339467,0.13903621099289715,0.03056023422196827,0.0,0
44678,34,1,1.3176662778705162,1.7739861943384525,0.45631991646793635,0.195306340303314,0.0,0.0,0
44678,34,2,1.3176662778705162,1.7758315500287019,0.4581652721581857,0.20690948578658855,0.01160314548327454,0.0,0
44678,34,3,1.3176662778705162,1.6259425376279792,0.3082762597574631,0.23328403445193818,0.037977694148624175,0.0,0
44678,35,1,1.34296493794935,1.5199519366048844,0.17698699865553436,0.18673829886390747,0.0,0.0,0
44678,35,2,1.34296493794935,1.5434172728444255,0.20045233489507552,0.1969302906119912,0.010191991748083717,0.0,0
44678,35,3,1.34296493794935,1.6250380091210066,0.2820730711716566,0.24354609712828773,0.05680779826438026,0.0,0
44678,36,1,1.7980274908120055,2.347414509423011,0.5493870186110055,0.213795026052431,0.03416729970354934,0.0,0
44678,36,2,1.7980274908120055,2.01070511013595,0.21267761932394436,0.17962772634888166,0.0,0.0,0
44678,36,3,1.7980274908120055,2.118797545461731,0.32077005464972563,0.24160073928620995,0.06197301293732829,0.0,0
44678,37,1,2.2250513771685303,2.695226629922992,0.4701752527544616,0.17961902257377968,0.04524350750459552,0.0,0
44678,37,2,2.2250513771685303,2.7827119438396912,0.5576605666711609,0.13437551506918416,0.0,0.0,0
44678,37,3,2.2250513771685303,2.897520789339974,0.6724694121714436,0.25947363844094884,0.12509812337176468,0.0,0
44678,38,1,1.263249422988961,1.8299888440170047,0.5667394210280436,0.23928646609528462,0.0654147803793026,0.08456835668266033,1
44678,38,2,1.263249422988961,1.3976495595174567,0.1344001365284957,0.17387168571598202,0.0,0.04894979128745025,1
44678,38,3,1.263249422988961,1.6641843100145706,0.40093488702560953,0.21031343696127033,0.03644175124528831,0.0,0
44678,39,1,1.6507534612974375,1.9856906487919037,0.3349371874944662,0.19539432619499764,0.0,0.08456835668266033,1
44678,39,2,1.6507534612974375,2.093472087552744,0.44271862625530645,0.25449426253031115,0.05909993633531352,0.04894979128745025,1
44678,39,3,1.6507534612974375,2.0923369123524567,0.44158345105501917,0.3319393853323141,0.13654505913731646,0.0,0
44678,40,1,1.4772712368657976,1.639653220958128,0.1623819840923304,0.21614108297278198,0.0,0.0,0
44678,40,2,1.4772712368657976,1.6653100537098537,0.1880388168440561,0.22258295147733595,0.006441868504553971,0.0,0
44678,40,3,1.4772712368657976,1.7021315115127458,0.22486027464694813,0.23898647520059899,0.022845392227817007,0.0,0
44678,41,1,1.3794100465504264,1.8707873540623556,0.4913773075119292,0.19654750137038499,0.0030324639384917973,0.0,0
44678,41,2,1.3794100465504264,1.7477054819626363,0.3682954354122099,0.1935150374318932,0.0,0.0,0
44678,41,3,1.3794100465504264,1.9646647549236902,0.5852547083732638,0.20537986903952865,0.011864831607635462,0.0,0
44678,42,1,1.3137368323415388,1.6532696824564845,0.3395328501149457,0.2227731819016261,0.0265637475766467,0.0,0
44678,42,2,1.3137368323415388,1.4490432741459087,0.1353064418043699,0.1962094343249794,0.0,0.0,0
44678,42,3,1.3137368323415388,1.599091969916363,0.2853551375748242,0.212789395823768,0.016579961498788598,0.0,0
44678,43,1,1.2607876864378098,2.064567741936726,0.8037800554989163,0.24177063510189337,0.06050107208187763,0.10434486099793192,1
44678,43,2,1.2607876864378098,1.5708343423847786,0.3100466559469688,0.18126956302001573,0.0,0.0,0
44678,43,3,1.2607876864378098,1.8535015752812747,0.5927138888434649,0.21216997102083043,0.0309004080008147,0.0,0
44678,44,1,1.3579619807998013,1.879790915095611,0.5218289342958096,0.2598757850700274,0.0,0.10434486099793192,1
44678,44,2,1.3579619807998013,1.9002779917296118,0.5423160109298104,0.29595273177088166,0.03607694670085426,0.0,0
44678,44,3,1.3579619807998013,1.8970031266595118,0.5390411458597104,0.3428815056791576,0.0830057206091302,0.0,0
44678,45,1,1.6841571190195483,1.9943901394044077,0.31023302038485934,0.16899574644709037,0.02422723231310131,0.10434486099793192,1
44678,45,2,1.6841571190195483,1.8202979196209608,0.13614080060141243,0.14476851413398906,0.0,0.0,0
44678,45,3,1.6841571190195483,1.836313287615014,0.15215616859546555,0.21702662390645627,0.07225810977246722,0.0,0
44678,46,1,1.3309734515534528,1.6379782985467912,0.3070048469933384,0.20051566924933356,0.0,0.04099461082963507,1
44678,46,2,1.3309734515534528,1.6836926002709869,0.35271914871753407,0.21551273707990756,0.014997067830574001,0.0,0
44678,46,3,1.3309734515534528,1.6264455589110867,0.29547210735763385,0.233248042454209,0.03273237320487543,0.0,0
44678,47,1,1.1887278785268278,1.7256761392037832,0.5369482606769553,0.2185445319481533,0.004835042397028089,0.04099461082963507,1
44678,47,2,1.1887278785268278,1.4120845897681762,0.22335671124134837,0.2137094895511252,0.0,0.0,0
44678,47,3,1.1887278785268278,1.3710681695887978,0.18234029106197003,0.24333041484722828,0.02962092529610308,0.0,0
44678,48,1,1.5788097911799508,1.9419118398806074,0.36310204870065665,0.20621847558292836,0.0,0.040994610829635084,1
44678,48,2,1.5788097911799508,2.0943729593474165,0.5155631681674657,0.2780368518939031,0.07181837631097474,0.0,0
44678,48,3,1.5788097911799508,2.235232482549468,0.656422691369517,0.3206519331505745,0.11443345756764614,0.0,0
44678,49,1,1.473744049195816,1.5931047578757787,0.11936070867996262,0.20266169280847068,0.0,0.0,0
44678,49,2,1.473744049195816,1.796688875852156,0.32294482665633995,0.22275115517738167,0.020089462368910987,0.0,0
44678,49,3,1.473744049195816,1.6934442367213598,0.21970018752554377,0.23310970013387006,0.030448007325399373,0.0,0
44678,50,1,1.222753984423468,1.3572467628786566,0.1344927784551886,0.19507075282050398,0.0,0.0,0
44678,50,2,1.222753984423468,1.4283990204380512,0.20564503601458317,0.20537801613753034,0.01030726331702636,0.0,0
44678,50,3,1.222753984423468,1.3484112018868326,0.12565721746336456,0.21853141347886876,0.023460660658364774,0.0,0
44678,51,1,1.4061463467178892,1.6593892168831452,0.25324287016525604,0.1865651817434387,0.021522854992079038,0.0,0
44678,51,2,1.4061463467178892,1.4854815703026205,0.07933522358473133,0.16504232675135966,0.0,0.0,0
44678,51,3,1.4061463467178892,1.618538388738433,0.21239204202054385,0.1833790269672113,0.018336700215851653,0.0,0
44678,52,1,2.745060788252459,3.0525110029993323,0.3074502147468734,0.22583456086890788,0.0,0.0,0
44678,52,2,2.745060788252459,3.0432686802332976,0.29820789198083864,0.24649645603249146,0.020661895163583577,0.0,0
44678,52,3,2.745060788252459,3.031016555417252,0.285955767164793,0.26595262446946977,0.04011806360056189,0.0,0
44678,53,1,1.2174600592582367,1.4873071640005204,0.2698471047422837,0.2229850384800949,0.0,0.0,0
44678,53,2,1.2174600592582367,1.5436981244661354,0.32623806520789866,0.22637001443681531,0.0033849759567204096,0.0,0
44678,53,3,1.2174600592582367,1.3361266374805028,0.118666578222266,0.243576574287522,0.02059153580742709,0.0,0
44678,54,1,1.3511041579849734,1.6492645271057504,0.29816036912077704,0.21810321164357757,0.034525124486611936,0.0,0
44678,54,2,1.3511041579849734,1.4600542150258233,0.10895005704084992,0.18357808715696564,0.0,0.0,0
44678,54,3,1.3511041579849734,1.570334473027287,0.2192303150423136,0.21197021931032603,0.028392132153360394,0.0,0
44678,55,1,1.8072154645660465,2.3783014569210117,0.5710859923549652,0.23520781219017814,0.015636218579224287,0.0,0
44678,55,2,1.8072154645660465,2.227778695906424,0.4205632313403773,0.22437463099735494,0.004803037386401088,0.0,0
44678,55,3,1.8072154645660465,2.7752070482112723,0.9679915836452258,0.21957159361095385,0.0,0.0,0
44678,56,1,1.439493171855214,1.6959459543862998,0.25645278253108583,0.21978652593537273,0.0,0.0,0
44678,56,2,1.439493171855214,1.7558174234333879,0.3163242515781739,0.23211332642439758,0.012326800489024847,0.0,0
44678,56,3,1.439493171855214,1.5687891432903804,0.12929597143516647,0.24905910632633352,0.029272580390960784,0.0,0
44678,57,1,1.5491291161887353,1.685922187610749,0.1367930714220138,0.21196224456294355,0.0,0.0,0
44678,57,2,1.5491291161887353,1.9135711860714906,0.3644420698827553,0.2261996100555689,0.014237365492625359,0.0,0
44678,57,3,1.5491291161887353,1.6832866876370969,0.1341575714483616,0.22941860597698846,0.017456361414044913,0.0,0
44678,58,1,1.474048530271338,1.600668898365128,0.12662036809379007,0.19130971537485017,0.0,0.0,0
44678,58,2,1.474048530271338,1.6713723794782787,0.19732384920694068,0.1969393067770984,0.005629591402248224,0.0,0
44678,58,3,1.474048530271338,1.6403571702215891,0.16630863995025114,0.20917578153980862,0.01786606616495845,0.0,0
44678,59,1,1.7138304265511723,2.4660358856325755,0.7522054590814031,0.14808886116580713,0.0,0.0,0
44678,59,2,1.7138304265511723,2.695007269516508,0.9811768429653358,0.16266825399275076,0.014579392826943621,0.0,0
44678,59,3,1.7138304265511723,2.032119546397399,0.31828911984622676,0.1641478699951903,0.01605900882938316,0.0,0
44678,60,1,2.341993796913614,2.6064758545428948,0.26448205762928056,0.21659953239124585,0.0,0.038469488857916914,1
44678,60,2,2.341993796913614,2.6074237888492657,0.26542999193565153,0.2506620167281054,0.034062484336859544,0.0,0
44678,60,3,2.341993796913614,3.0990641236840077,0.7570703267703935,0.3396499778488762,0.12305044545763033,0.0,0
44678,61,1,1.575694947215144,2.1068398502875816,0.5311449030724376,0.2243409512801408,0.0004879736583738026,0.0,0
44678,61,2,1.575694947215144,1.698609977262309,0.12291503004716486,0.223852977621767,0.0,0.0,0
44678,61,3,1.575694947215144,1.7972027664839718,0.2215078192688278,0.2711000407681575,0.04724706314639052,0.0,0
44678,62,1,9.443208927857404,9.627194382512394,0.18398545465499083,0.10642602937538692,0.0,0.0,0
44678,62,2,9.443208927857404,9.6831762537539,0.2399673258964956,0.11263071069845826,0.006204681323071337,0.008586078519491652,1
44678,62,3,9.443208927857404,9.817444327331563,0.3742353994741592,0.12440759220928437,0.017981562833897444,0.008586078519491652,1
44678,63,1,8.281999738791935,8.342409538177813,0.060409799385878316,0.2192875048086148,0.0,0.0,0
44678,63,2,8.281999738791935,8.347961673544113,0.0659619347521776,0.23215671777899857,0.012869212970383764,0.02963933104939856,1
44678,63,3,8.281999738791935,8.353386542879703,0.07138680408776743,0.25049781264008875,0.031210307831473938,0.04744548565243628,1
44678,64,1,8.058154331056109,8.188600587509844,0.13044625645373564,0.174392421318717,0.0,0.0,0
44678,64,2,8.058154331056109,8.243132544128809,0.18497821307270002,0.1859142231560683,0.011521801837351298,0.017806154603037715,1
44678,64,3,8.058154331056109,8.248330684667199,0.19017635361108987,0.2147966540946711,0.04040423277595412,0.017806154603037715,1
44678,65,1,9.385658449436917,9.567813706441887,0.18215525700497004,0.2765915157761679,0.0,0.0005897726892111765,0
44678,65,2,9.385658449436917,9.594912595284042,0.2092541458471242,0.28975160168958064,0.013160085913412722,0.0,0
44678,65,3,9.385658449436917,9.580671122971578,0.19501267353466112,0.324216745543227,0.047625229767059074,0.017130865881270912,1
44678,66,1,11.66880050907602,11.742775844029339,0.0739753349533192,0.2305588671785004,0.0,0.0,0
44678,66,2,11.66880050907602,11.866733074086678,0.19793256501065848,0.2698878209107398,0.03932895373223941,0.011657661556133792,1
44678,66,3,11.66880050907602,11.770578913845869,0.10177840476984912,0.2761295440916623,0.045570676913161884,0.011848241726796147,1
44678,67,1,10.322337442272573,10.79322551549156,0.47088807321898685,0.1428337312785193,0.008245748716433243,0.00528262415447478,1
44678,67,2,10.322337442272573,10.477626655105094,0.15528921283252117,0.13898532568492244,0.004397343122836378,0.005473204325137121,1
44678,67,3,10.322337442272573,11.117385817959448,0.7950483756868749,0.13458798256208607,0.0,0.0,0
44678,68,1,9.648066303333746,10.01390963947652,0.365843336142774,0.09066625964145769,0.0020619425545737174,0.005473204325137128,1
44678,68,2,9.648066303333746,10.102745545631993,0.45467924229824774,0.09077746846810783,0.002173151381223856,0.0,0
44678,68,3,9.648066303333746,10.505609629011172,0.8575433256774261,0.08860431708688397,0.0,0.0,0
44678,69,1,10.391592963383852,10.486478194024619,0.0948852306407666,0.1966384957589036,0.0,0.0,0
44678,69,2,10.391592963383852,10.554641587975231,0.16304862459137937,0.22773271639488984,0.03109422063598624,0.0025776353100741,0
44678,69,3,10.391592963383852,10.499055145268319,0.10746218188446655,0.2606078294268683,0.06396933366796467,0.0025776353100741,0
44678,70,1,9.172542819277538,9.354688773514102,0.18214595423656377,0.10442787692413383,0.0,0.0055340726731985465,1
44678,70,2,9.172542819277538,9.411671820571724,0.23912900129418624,0.11148927495575571,0.007061398031621882,0.0,0
44678,70,3,9.172542819277538,9.553872373664342,0.38132955438680405,0.12547316556767457,0.021045288643540744,0.0,0
44678,71,1,9.413534137357336,9.58773611029391,0.17420197293657402,0.1178088385634699,0.0,0.005465792395783195,1
44678,71,2,9.413534137357336,9.66169701470751,0.24816287735017362,0.12438534226109245,0.006576503697622554,0.0,0
44678,71,3,9.413534137357336,9.79992503763512,0.38639090027778344,0.13484517969186094,0.017036341128391044,0.0,0
44678,72,1,10.891582610573721,10.991324894838483,0.09974228426476195,0.1369182302060202,0.0,0.0,0
44678,72,2,10.891582610573721,11.096845026589945,0.20526241601622353,0.196946587039451,0.0600283568334308,0.007889851823480842,1
44678,72,3,10.891582610573721,11.01065921756929,0.11907660699556821,0.2280145514768221,0.09109632127080189,0.007889851823480842,1
44678,73,1,13.781886186891327,13.866154768682742,0.08426858179141483,0.22712154727082953,0.0,0.0,0
44678,73,2,13.781886186891327,13.877323607330231,0.09543742043890369,0.2400043744276647,0.01288282715683517,0.020165917860522145,1
44678,73,3,13.781886186891327,13.87333309499951,0.0914469081081819,0.26077468897291217,0.03365314170208264,0.03236396598428551,1
44678,74,1,10.725673113549648,10.861138730782582,0.13546561723293316,0.20710680042270002,0.001331616203038316,0.0,0
44678,74,2,10.725673113549648,10.889505757332234,0.16383264378258566,0.2057751842196617,0.0,0.01219804812376336,1
44678,74,3,10.725673113549648,10.902320671425873,0.17664755787622433,0.22366341574393334,0.01788823152427163,0.01219804812376336,1
44679,0,1,1.4972047827255084,2.302393342617523,0.8051885598920148,0.15402599017923485,0.006474563946041706,0.0,0
44679,0,2,1.4972047827255084,2.0807410148345333,0.5835362321090249,0.14755142623319314,0.0,0.0,0
44679,0,3,1.4972047827255084,1.9849712946735074,0.487766511947999,0.1603840151290953,0.012832588895902164,0.0,0
44679,1,1,1.4491552215242536,1.5204881207968017,0.07133289927254816,0.1750440345207822,0.0,0.08363328339333964,1
44679,1,2,1.4491552215242536,1.587961674717637,0.13880645319338347,0.19980571196247404,0.02476167744169183,0.0,0
44679,1,3,1.4491552215242536,1.613377582083869,0.16422236055961537,0.21943293794642602,0.044388903425643805,0.0,0
44679,2,1,1.3400209738854083,1.7881089920744682,0.44808801818905986,0.23522044035021925,0.05089480480301298,0.08363328339333967,1
44679,2,2,1.3400209738854083,1.6490964151934324,0.3090754413080241,0.18432563554720627,0.0,0.0,0
44679,2,3,1.3400209738854083,2.2074008494215134,0.8673798755361051,0.2137782068422785,0.029452571295072227,0.0,0
44679,3,1,1.7038241527490452,1.9861522144995125,0.2823280617504673,0.14848208523742812,0.0,0.08363328339333967,1
44679,3,2,1.7038241527490452,2.0085151714734444,0.3046910187243992,0.1709075443340131,0.02242545909658497,0.0,0
44679,3,3,1.7038241527490452,2.000435302815453,0.2966111500664079,0.21442497752599882,0.0659428922885707,0.0,0
44679,4,1,2.565852026452326,2.738544207751565,0.1726921812992388,0.1902357962430857,0.0,0.025476249562199377,1
44679,4,2,2.565852026452326,2.823055957542395,0.25720393109006867,0.22668651226369338,0.036450716020607676,0.0,0
44679,4,3,2.565852026452326,2.9024133279604714,0.3365613015081452,0.23557223688732845,0.04533644064424275,0.0,0
44679,5,1,2.384742588437739,2.620389917477111,0.2356473290393719,0.13215848115389717,0.0,0.025476249562199377,1
44679,5,2,2.384742588437739,2.7645223129677463,0.3797797245300072,0.13698061961226377,0.004822138458366598,0.0,0
44679,5,3,2.384742588437739,2.9306996966242123,0.5459571081864731,0.14307253057193534,0.010914049418038169,0.0,0
44679,6,1,2.29756230601955,2.3061386811692515,0.008576375149701665,0.17683852206530845,0.0,0.0,0
44679,6,2,2.29756230601955,2.318971261110972,0.021408955091422044,0.19989964594560303,0.023061123880294576,0.0,0
44679,6,3,2.29756230601955,2.3265762709042956,0.029013964884745835,0.20724376148910065,0.030405239423792196,0.0,0
44679,7,1,2.23361012028978,3.1302659396429435,0.8966558193531635,0.15194708669777424,0.012541624186739708,0.0,0
44679,7,2,2.23361012028978,2.6591432446914895,0.42553312440170954,0.13940546251103453,0.0,0.0,0
44679,7,3,2.23361012028978,2.9206664451104953,0.6870563248207153,0.13999950336499514,0.0005940408539606146,0.0,0
44679,8,1,1.9302974476660175,2.49985229463124,0.5695548469652225,0.102313000638343,0.013939539768778403,0.0,0
44679,8,2,1.9302974476660175,2.4003796965528634,0.4700822488868459,0.0883734608695646,0.0,0.0,0
44679,8,3,1.9302974476660175,2.366975753081341,0.4366783054153234,0.08866766795898566,0.00029420708942105855,0.0,0
44679,9,1,1.5821360258232917,1.7184012246216818,0.13626519879839005,0.1687079130794104,0.0,0.0,0
44679,9,2,1.5821360258232917,1.724794448898137,0.14265842307484533,0.20910074260414643,0.040392829524736024,0.0,0
44679,9,3,1.5821360258232917,1.8199102956368804,0.23777426981358873,0.23348813302999394,0.06478021995058353,0.0,0
44679,10,1,1.267072022919092,1.9273627396957653,0.6602907167766734,0.2129667529409897,0.05543778183099335,0.0,0
44679,10,2,1.267072022919092,1.8322070085618734,0.5651349856427814,0.15752897110999636,0.0,0.0,0
44679,10,3,1.267072022919092,1.8950234606189071,0.6279514376998152,0.16619387077978223,0.00866489966978587,0.0,0
44679,11,1,1.5945388521127302,2.189874271322039,0.595335419209309,0.22036558703465983,0.04698311701016711,0.0,0
44679,11,2,1.5945388521127302,1.8514321796077973,0.2568933274950671,0.17338247002449272,0.0,0.0,0
44679,11,3,1.5945388521127302,2.18746572536228,0.5929268732495498,0.17699889403837854,0.003616424013885816,0.0,0
44679,12,1,1.7051977047511937,1.7872545499521642,0.08205684520097045,0.17070090904218224,0.0,0.10507479292831792,1
44679,12,2,1.7051977047511937,1.7993381388125713,0.09414043406137762,0.20544085454588465,0.03473994550370241,0.0,0
44679,12,3,1.7051977047511937,1.8147854747125947,0.10958776996140096,0.22137582511494397,0.05067491607276173,0.0,0
44679,13,1,1.738970182612227,2.5098548514973773,0.7708846688851503,0.21153919309625246,0.06431300537789164,0.10507479292831795,1
44679,13,2,1.738970182612227,2.4718209716788406,0.7328507890666136,0.14762506727213395,0.00039887955377312934,0.0,0
44679,13,3,1.738970182612227,2.5350070675784164,0.7960368849661894,0.14722618771836082,0.0,0.0,0
44679,14,1,2.1522529239870827,3.0228597771883416,0.870606853201259,0.18247885129396318,0.03373584809604732,0.10507479292831795,1
44679,14,2,2.1522529239870827,2.823490824472583,0.6712379004855005,0.14874300319791586,0.0,0.0,0
44679,14,3,2.1522529239870827,2.848184070305863,0.6959311463187805,0.19738732090506114,0.04864431770714528,0.0,0
44679,15,1,4.402439947642147,6.308375643814527,1.9059356961723797,0.3396393199409088,0.04736556890187077,0.0,0
44679,15,2,4.402439947642147,5.249117554704503,0.8466776070623556,0.34237371148206736,0.050099960443029334,0.033631155921066136,1
44679,15,3,4.402439947642147,6.566794805067491,2.1643548574253435,0.292273751039038,0.0,0.004258129418445278,0
44679,16,1,4.326172823640329,4.539344512956108,0.21317168931577868,0.19076094666519344,0.0,0.02937302650262097,1
44679,16,2,4.326172823640329,4.540885125551837,0.2147123019115078,0.22368498896280495,0.032924042297611505,0.0,0
44679,16,3,4.326172823640329,4.7060669760571265,0.3798941524167976,0.24144419668088274,0.050683250015689296,0.03887134139072812,1
44679,17,1,3.2512480376302193,3.3514882906441925,0.10024025301397321,0.15098161281556682,0.0,0.0,0
44679,17,2,3.2512480376302193,3.393747038940739,0.14249900131051962,0.17146517821665355,0.02048356540108673,0.03887134139072812,1
44679,17,3,3.2512480376302193,3.4405646529782743,0.189316615348055,0.17909845501855778,0.02811684220299096,0.03887134139072812,1
44679,18,1,1.3124036728013233,1.7093050950447797,0.39690142224345637,0.178352925850824,0.0,0.08636320036097678,1
44679,18,2,1.3124036728013233,1.7018161712459516,0.38941249844462833,0.19024269819291537,0.011889772342091376,0.0,0
44679,18,3,1.3124036728013233,1.8173618237889677,0.5049581509876444,0.20005714446409792,0.02170421861327393,0.0,0
44679,19,1,1.3861058797010855,1.9355181071650975,0.5494122274640121,0.17057509953091826,0.01192981139524768,0.08636320036097676,1
44679,19,2,1.3861058797010855,1.8692285160567081,0.4831226363556227,0.15864528813567058,0.0,0.0,0
44679,19,3,1.3861058797010855,1.8582586329795219,0.4721527532784364,0.15941553086445134,0.0007702427287807623,0.0,0
44679,20,1,1.863165389033724,2.2725176179923654,0.4093522289586413,0.1062150430967399,0.0,0.08636320036097675,1
44679,20,2,1.863165389033724,2.2032765855053538,0.3401111964716297,0.12134985388075584,0.015134810784015934,0.0,0
44679,20,3,1.863165389033724,2.514190827039509,0.6510254380057849,0.13922060523576074,0.03300556213902084,0.0,0
44679,21,1,1.967204479908157,2.2553380700561245,0.2881335901479676,0.19682331470341094,0.0,0.0,0
44679,21,2,1.967204479908157,2.305966694808967,0.33876221490081004,0.21547803551703068,0.01865472081361974,0.0,0
44679,21,3,1.967204479908157,2.4541779890383917,0.48697350913023474,0.21680716049157306,0.01998384578816212,0.0,0
44679,22,1,2.1083330095128563,2.568010059003099,0.4596770494902427,0.13009530894850604,0.0,0.0,0
44679,22,2,2.1083330095128563,2.5417049514295806,0.43337194191672435,0.1396307647621358,0.009535455813629745,0.0,0
44679,22,3,2.1083330095128563,3.036913029248116,0.9285800197352598,0.14356316603884992,0.013467857090343871,0.0,0
44679,23,1,1.3582290460036,1.3747625731993587,0.016533527195758735,0.1831765906916369,0.0,0.0,0
44679,23,2,1.3582290460036,1.4414068138240528,0.08317776782045283,0.20979459768905248,0.026618006997415594,0.0,0
44679,23,3,1.3582290460036,1.4086380162897834,0.05040897028618341,0.2147319816253802,0.03155539093374332,0.0,0
44679,24,1,1.3904375406315699,1.4619085979366495,0.07147105730507963,0.15926663662940002,0.0,0.0,0
44679,24,2,1.3904375406315699,1.5087896012789401,0.11835206064737025,0.17541419027593905,0.016147553646539026,0.0,0
44679,24,3,1.3904375406315699,1.5904308750287985,0.19999333439722866,0.18325114299102574,0.023984506361625718,0.0,0
44679,25,1,1.22022549508502,1.9179026054401405,0.6976771103551205,0.22551255132960454,0.07463811836578166,0.0,0
44679,25,2,1.22022549508502,1.6926454265304922,0.47241993144547223,0.1515756081998584,0.0007011752360355228,0.0,0
44679,25,3,1.22022549508502,1.6567504912920596,0.43652499620703966,0.15087443296382289,0.0,0.0,0
44679,26,1,1.505981124568346,1.5530306302871124,0.047049505718766316,0.18819830397296258,0.0,0.0,0
44679,26,2,1.505981124568346,1.596913767016504,0.0909326424481578,0.2259270219916417,0.03772871801867911,0.0,0
44679,26,3,1.505981124568346,1.662437700326414,0.15645657575806782,0.24239035566164618,0.0541920516886836,0.0,0
44679,27,1,1.078191070629123,1.6050718423356876,0.5268807717065647,0.222460786217486,0.06552665998954652,0.0,0
44679,27,2,1.078191070629123,1.3826325421521704,0.30444147152304746,0.15693412622793948,0.0,0.0,0
44679,27,3,1.078191070629123,1.4060347039241703,0.3278436332950474,0.16546784002808665,0.008533713800147169,0.0,0
44679,28,1,1.3334263362241305,1.561706386023954,0.22828004979982341,0.17090126724644256,0.0,0.0,0
44679,28,2,1.3334263362241305,1.6590251778220186,0.3255988415978881,0.21431204844923193,0.04341078120278938,0.0,0
44679,28,3,1.3334263362241305,1.616536361119746,0.28311002489561554,0.24050518365812862,0.06960391641168606,0.0,0
44679,29,1,1.3508363404881112,1.579272303648255,0.2284359631601438,0.20000436386159845,0.04669430412872247,0.0,0
44679,29,2,1.3508363404881112,1.5885423921622728,0.2377060516741616,0.15331005973287598,0.0,0.0,0
44679,29,3,1.3508363404881112,1.5878958983593972,0.23705955787128596,0.15735260773207896,0.004042547999202978,0.0,0
44679,30,1,1.977040904158701,2.468586594783128,0.4915456906244269,0.16432821511402726,0.05716370398991634,0.0,0
44679,30,2,1.977040904158701,2.4738628819314794,0.4968219777727785,0.10716451112411092,0.0,0.0,0
44679,30,3,1.977040904158701,2.437266380768044,0.460225476609343,0.11587936074660954,0.008714849622498619,0.0,0
44679,31,1,1.3470690564895587,1.6387808265265846,0.291711770037026,0.1697697957903039,0.0,0.0,0
44679,31,2,1.3470690564895587,1.7886244362859347,0.44155537979637605,0.20576138847604394,0.03599159268574004,0.0,0
44679,31,3,1.3470690564895587,1.7831234839303853,0.4360544274408267,0.22548470849776026,0.05571491270745635,0.0,0
44679,32,1,1.3680778994891283,1.4079947365813832,0.03991683709225491,0.16415994646874577,0.0,0.0,0
44679,32,2,1.3680778994891283,1.45294186577026,0.08486396628113169,0.18272677808961607,0.018566831620870305,0.0,0
44679,32,3,1.3680778994891283,1.4602449490462193,0.09216704955709099,0.19373379137885943,0.029573844910113667,0.0,0
44679,33,1,1.8803927754824739,2.6387569591997875,0.7583641837173136,0.2131729572572844,0.058267195177058306,0.0,0
44679,33,2,1.8803927754824739,2.4360803545293335,0.5556875790468596,0.1549057620802261,0.0,0.0,0
44679,33,3,1.8803927754824739,2.5912530378549437,0.7108602623724698,0.15953589909172114,0.0046301370114950335,0.0,0
44679,34,1,2.1464227837698506,2.898356636830822,0.7519338530609714,0.17933261360951572,0.05108775272348981,0.0,0
44679,34,2,2.1464227837698506,2.643663133857916,0.49724035008806533,0.1282448608860259,0.0,0.0,0
44679,34,3,2.1464227837698506,3.0816589801063032,0.9352361963364526,0.15443277225793636,0.026187911371910455,0.0,0
44679,35,1,1.3221277027906289,1.814131693254184,0.49200399046355514,0.23640688426321407,0.0,0.08486724399525739,1
44679,35,2,1.3221277027906289,1.836767999727216,0.5146402969365871,0.2479187336034738,0.011511849340259728,0.0491815698804543,1
44679,35,3,1.3221277027906289,1.810260238796434,0.4881325360058051,0.2940761378086063,0.057669253545392235,0.0,0
44679,36,1,1.6591490874877741,2.1729976882576225,0.5138486007698484,0.20644832143383018,0.0,0.08486724399525739,1
44679,36,2,1.6591490874877741,2.2234091734892534,0.5642600860014793,0.27175714954646046,0.06530882811263028,0.0491815698804543,1
44679,36,3,1.6591490874877741,2.555549936516054,0.89640084902828,0.3583268806625462,0.15187855922871601,0.0,0
44679,37,1,1.5385859042876424,1.5911400216436042,0.05255411735596183,0.18822932436320813,0.0,0.0,0
44679,37,2,1.5385859042876424,1.6412085459804118,0.10262264169276936,0.2243358810438623,0.036106556680654156,0.0,0
44679,37,3,1.5385859042876424,1.6768182776570293,0.13823237336938687,0.23801932934963344,0.0497900049864253,0.0,0
44679,38,1,1.3392116624714077,1.4011259317233327,0.061914269251925,0.1612264466887638,0.0,0.0,0
44679,38,2,1.3392116624714077,1.4605908315065794,0.12137916903517176,0.17804396464195685,0.016817517953193056,0.0,0
44679,38,3,1.3392116624714077,1.4876134303222313,0.1484017678508236,0.1884214442776491,0.0271949975888853,0.0,0
44679,39,1,1.4043211215943565,1.880537698139928,0.4762165765455715,0.22726411045308478,0.05653357106399637,0.0,0
44679,39,2,1.4043211215943565,1.7757012599839386,0.37138013838958206,0.17073053938908841,0.0,0.0,0
44679,39,3,1.4043211215943565,1.8072885748119627,0.4029674532176062,0.17740273047493435,0.0066721910858459355,0.0,0
44679,40,1,1.3562028772932688,2.027930725621883,0.6717278483286142,0.22201825069825537,0.05311052502590269,0.1060724528332162,1
44679,40,2,1.3562028772932688,1.8693951236609976,0.5131922463677288,0.16890772567235268,0.0,0.0,0
44679,40,3,1.3562028772932688,2.027597527455856,0.6713946501625871,0.17554810156849635,0.006640375896143663,0.0,0
44679,41,1,1.341710917742428,1.8283791629406292,0.4866682451982012,0.228218521796927,0.039772028221381206,0.10607245283321623,1
44679,41,2,1.341710917742428,1.5441043419321447,0.20239342418971673,0.1884464935755458,0.0,0.0,0
44679,41,3,1.341710917742428,1.9993851602029395,0.6576742424605115,0.198747924198826,0.010301430623280206,0.0,0
44679,42,1,1.5097035970716324,2.1560582862950075,0.6463546892233751,0.1671386131597923,0.0049921816301772,0.10607245283321623,1
44679,42,2,1.5097035970716324,2.1824585617001055,0.6727549646284732,0.1621464315296151,0.0,0.0,0
44679,42,3,1.5097035970716324,1.7359845742092002,0.22628097713756778,0.20178610127336344,0.03963966974374833,0.0,0
44679,43,1,1.4741566743363408,1.683804466743704,0.2096477924073632,0.17658001130553816,0.0,0.03782000327789348,1
44679,43,2,1.4741566743363408,1.774543819088564,0.3003871447522233,0.20743725581066558,0.030857244505127418,0.0,0
44679,43,3,1.4741566743363408,1.7902674710246131,0.31611079668827236,0.22799644775528805,0.051416436449749886,0.0,0
44679,44,1,1.2114007987675466,2.0217506859230028,0.8103498871554562,0.21338479289434487,0.03305582471319443,0.03782000327789348,1
44679,44,2,1.2114007987675466,1.7037435734313437,0.49234277466379717,0.18032896818115043,0.0,0.0,0
44679,44,3,1.2114007987675466,2.1148337018194137,0.9034329030518671,0.19808669112552837,0.01775772294437794,0.0,0
44679,45,1,1.5925195960095817,2.1755920312787387,0.583072435269157,0.1801287958052063,0.0,0.03782000327789348,1
44679,45,2,1.5925195960095817,2.3294968978185997,0.736977301809018,0.26588285485772145,0.08575405905251515,0.0,0
44679,45,3,1.5925195960095817,2.373404414230468,0.7808848182208863,0.3188323078261542,0.13870351202094788,0.0,0
44679,46,1,1.4850441371516383,1.5053969092577695,0.02035277210613118,0.18348474620679886,0.0,0.0,0
44679,46,2,1.4850441371516383,1.5646300102867718,0.07958587313513354,0.21487140969504534,0.03138666348824648,0.0,0
44679,46,3,1.4850441371516383,1.531775070081907,0.046730932930268754,0.22296901621021212,0.03948427000341326,0.0,0
44679,47,1,1.3109274274977236,1.426979782285279,0.11605235478755538,0.16993665559981103,0.0,0.0,0
44679,47,2,1.3109274274977236,1.5373306631181423,0.22640323562041864,0.19946831438736146,0.02953165878755043,0.0,0
44679,47,3,1.3109274274977236,1.493183278872003,0.18225585137427935,0.21034664282524776,0.04040998722543673,0.0,0
44679,48,1,1.4591047725142432,1.863294597717736,0.4041898252034928,0.14732969260921927,0.017627922325844175,0.0,0
44679,48,2,1.4591047725142432,1.8489877660058496,0.3898829934916064,0.1327382845488852,0.003036514265510104,0.0,0
44679,48,3,1.4591047725142432,1.8519240879222785,0.3928193154080353,0.1297017702833751,0.0,0.0,0
44679,49,1,2.721474046284386,2.9433011343729247,0.2218270880885389,0.2059314164883806,0.0,0.0,0
44679,49,2,2.721474046284386,3.045995886317724,0.3245218400333383,0.24180108474197587,0.03586966825359528,0.0,0
44679,49,3,2.721474046284386,2.93685967862776,0.21538563234337404,0.262924354221779,0.05699293773339842,0.0,0
44679,50,1,1.2965548728310436,1.3959652734124781,0.09941040058143447,0.18817598052911638,0.0,0.0,0
44679,50,2,1.2965548728310436,1.6134961457100974,0.3169412728790537,0.21705261363032502,0.028876633101208637,0.0,0
44679,50,3,1.2965548728310436,1.4776427289493284,0.1810878561182847,0.23269045820994724,0.04451447768083086,0.0,0
44679,51,1,1.5160257025706507,1.8905580619877198,0.3745323594170691,0.21553153983848916,0.044563126714630225,0.0,0
44679,51,2,1.5160257025706507,1.794526465714193,0.27850076314354233,0.17482387141260294,0.003855458288744007,0.0,0
44679,51,3,1.5160257025706507,1.9704572381602339,0.45443153558958316,0.17096841312385894,0.0,0.0,0
44679,52,1,1.8484268436991704,2.346413065000623,0.49798622130145276,0.22743560254135528,0.017782678746899372,0.0,0
44679,52,2,1.8484268436991704,2.0512168818754795,0.20279003817630903,0.21314321262263206,0.003490288828176147,0.0,0
44679,52,3,1.8484268436991704,2.2982043585043703,0.4497775148051999,0.2096529237944559,0.0,0.0,0
44679,53,1,1.4793234408084075,1.568330798451973,0.08900735764356549,0.19221151559017574,0.0,0.0,0
44679,53,2,1.4793234408084075,1.7222354195722474,0.24291197876383985,0.22946765456080706,0.03725613897063132,0.0,0
44679,53,3,1.4793234408084075,1.5818326117569586,0.10250917094855105,0.250523177651119,0.05831166206094324,0.0,0
44679,54,1,1.6501094801228748,1.7917175701033128,0.14160808998043795,0.18628645231968688,0.0,0.0,0
44679,54,2,1.6501094801228748,1.9389363625851623,0.2888268824622875,0.2128369740384854,0.026550521718798514,0.0,0
44679,54,3,1.6501094801228748,1.972638709663275,0.3225292295404001,0.21847848415376375,0.03219203183407687,0.0,0
44679,55,1,1.5172056386879134,1.802447113234427,0.2852414745465137,0.16627517276444617,0.0,0.0,0
44679,55,2,1.5172056386879134,2.001698308787425,0.4844926700995118,0.20630860085825836,0.04003342809381219,0.0,0
44679,55,3,1.5172056386879134,1.8276951751243036,0.3104895364363902,0.21539901512981618,0.04912384236537001,0.0,0
44679,56,1,1.8959069140329052,2.4223206126143437,0.5264136985814385,0.13188897036846403,0.0,0.0,0
44679,56,2,1.8959069140329052,2.4484392113015168,0.5525322972686115,0.14209961509461785,0.010210644726153822,0.0,0
44679,56,3,1.8959069140329052,2.5280989503702003,0.632192036337295,0.13794624454831064,0.006057274179846611,0.0,0
44679,57,1,2.2263355023865414,2.393299179366753,0.16696367698021142,0.1889460381682163,0.0,0.03800696016944714,1
44679,57,2,2.2263355023865414,2.456568183072534,0.23023268068599245,0.23764265823317313,0.048696620064956814,0.0,0
44679,57,3,2.2263355023865414,2.420015334090569,0.19367983170402736,0.2815076053987997,0.0925615672305834,0.0,0
44679,58,1,1.62547866201647,2.0394484022655353,0.4139697402490652,0.19622050381311607,0.0,0.0,0
44679,58,2,1.62547866201647,2.0778439972799854,0.4523653352635153,0.19924464489670782,0.0030241410835917526,0.0,0
44679,58,3,1.62547866201647,2.01602073574261,0.39054207372614,0.22476722182250888,0.02854671800939282,0.0,0
44679,59,1,1.8438727684394203,2.4345916414718576,0.5907188730324373,0.2500208751952855,0.021442469294636002,0.0,0
44679,59,2,1.8438727684394203,2.139618682416622,0.2957459139772016,0.236044973288341,0.007466567387691525,0.0,0
44679,59,3,1.8438727684394203,2.1371326059386404,0.29325983749922013,0.22857840590064948,0.0,0.0,0
44679,60,1,2.1576610775017095,2.599375608819352,0.4417145313176425,0.11790830735282973,0.0,0.0,0
44679,60,2,2.1576610775017095,2.667789252302762,0.5101281748010527,0.12505961786497596,0.007151310512146236,0.0,0
44679,60,3,2.1576610775017095,2.7304678962600337,0.5728068187583242,0.12005909175235356,0.0021507843995238335,0.0,0
44679,61,1,9.41876345994385,9.539011806649613,0.1202483467057629,0.11123932065627029,0.0,0.0,0
44679,61,2,9.41876345994385,9.571126774335662,0.1523633143918115,0.12044365782141538,0.009204337165145085,0.008818003089395239,1
44679,61,3,9.41876345994385,9.746751618540392,0.3279881585965416,0.1298481216162773,0.018608800960007,0.008818003089395239,1
44679,62,1,8.296655968431656,8.36479060016838,0.06813463173672396,0.19014637040109608,0.0,0.0,0
44679,62,2,8.296655968431656,8.39355163446287,0.09689566603121413,0.24057213789778023,0.05042576749668415,0.02942880230314332,1
44679,62,3,8.296655968431656,8.433089723780917,0.13643375534926072,0.2556828553503697,0.06553648494927364,0.046812124578760994,1
44679,63,1,8.038438667867776,8.166427624175682,0.12798895630790597,0.14816389986546463,0.0,0.0,0
44679,63,2,8.038438667867776,8.20184098975429,0.1634023218865135,0.16143414769392544,0.013270247828460813,0.01738332227561768,1
44679,63,3,8.038438667867776,8.31838670790865,0.2799480400408729,0.1682552286828667,0.020091328817402054,0.01738332227561768,1
44679,64,1,11.599949627298303,11.769877845856861,0.16992821855855844,0.2332188285681549,0.0,0.0,0
44679,64,2,11.599949627298303,11.79276464823955,0.19281502094124647,0.27816649552663286,0.04494766695847796,0.011258421676123356,1
44679,64,3,11.599949627298303,11.828900470078235,0.22895084277993227,0.2838731965657859,0.05065436799763101,0.01175280001854731,1
44679,65,1,10.253540976359869,10.59404735488471,0.3405063785248412,0.14925883058493664,0.005492214329588407,0.005203293965918718,1
44679,65,2,10.253540976359869,10.473647541670061,0.2201065653101928,0.14376661625534823,0.0,0.005697672308342658,1
44679,65,3,10.253540976359869,10.571675793441734,0.31813481708186586,0.14945102245603262,0.005684406200684389,0.0,0
44679,66,1,9.598402904096563,10.108763765032965,0.5103608609364017,0.08868056141996754,0.003132507048763028,0.005697672308342665,1
44679,66,2,9.598402904096563,9.82511089719988,0.22670799310331624,0.08796961185421823,0.002421557483013717,0.0,0
44679,66,3,9.598402904096563,10.154582368944414,0.5561794648478511,0.08554805437120451,0.0,0.0,0
44679,67,1,10.43451448192608,10.5248803595433,0.09036587761722004,0.17897154211950447,0.0,0.0,0
44679,67,2,10.43451448192608,10.60432600420351,0.16981152227743124,0.22029208885937998,0.04132054673987551,0.0024271537482122955,0
44679,67,3,10.43451448192608,10.624379692520783,0.18986521059470363,0.2213033692680343,0.042331827148529816,0.0024271537482122955,0
44679,68,1,9.171720650242431,9.299891422397847,0.12817077215541595,0.1046297724641024,0.0,0.005323930633337914,1
44679,68,2,9.171720650242431,9.337606777264716,0.16588612702228467,0.11199683090028316,0.007367058436180754,0.0,0
44679,68,3,9.171720650242431,9.526473453365597,0.3547528031231657,0.12224174404329774,0.017611971579195335,0.0,0
44679,69,1,9.427949513412926,9.689206722150441,0.2612572087375149,0.13159727104877209,0.0019665382948656773,0.005272131429194388,1
44679,69,2,9.427949513412926,9.715347697611476,0.28739818419854934,0.1296307327539064,0.0,0.0,0
44679,69,3,9.427949513412926,9.82739891546454,0.39944940205161394,0.13593001586421358,0.006299283110307169,0.0,0
44679,70,1,13.812075053546351,13.884220557090913,0.0721455035445615,0.19370795352610842,0.0,0.0,0
44679,70,2,13.812075053546351,13.920175158528892,0.1081001049825403,0.2544680455836774,0.06076009205756899,0.020321627507696005,1
44679,70,3,13.812075053546351,13.991285761866413,0.17921070832006158,0.30130684441009503,0.10759889088398661,0.03202975684877769,1
44679,71,1,10.693411833932743,11.357925875727872,0.6645140417951296,0.19934563736972594,0.021591141191430102,0.0,0
44679,71,2,10.693411833932743,10.927655026552518,0.23424319261977544,0.17775449617829583,0.0,0.011708129341081685,1
44679,71,3,10.693411833932743,11.103978172387336,0.41056633845459345,0.18346626148025283,0.005711765301956995,0.011708129341081685,1
44680,0,1,1.4686318493920856,1.596605128344764,0.1279732789526784,0.16754052024779137,0.0,0.0,0
44680,0,2,1.4686318493920856,1.9312707625278578,0.4626389131357722,0.1738309917356221,0.00629047148783074,0.0,0
44680,0,3,1.4686318493920856,1.7826144941880255,0.31398264479593996,0.2098145637676994,0.042274043519908044,0.0,0
44680,1,1,0.9176397926962915,0.9688088111441486,0.05116901844785715,0.1575958338168879,0.0,0.08482044580383716,1
44680,1,2,0.9176397926962915,0.9891123304655736,0.07147253776928209,0.21726470651072566,0.05966887269383775,0.0,0
44680,1,3,0.9176397926962915,1.0882154519266471,0.17057565923035567,0.2602456114776982,0.10264977766081029,0.0,0
44680,2,1,1.0500940712217124,1.238004527526291,0.1879104563045786,0.18265151446525504,0.0,0.08482044580383714,1
44680,2,2,1.0500940712217124,1.3209951169239003,0.27090104570218787,0.25235762454709615,0.0697061100818411,0.0,0
44680,2,3,1.0500940712217124,1.6389454369634038,0.5888513657416914,0.3090989138200246,0.12644739935476954,0.0,0
44680,3,1,1.752284139147622,1.8818099976374003,0.12952585848977827,0.16183546605975777,0.0,0.08482044580383713,1
44680,3,2,1.752284139147622,1.9444606693205138,0.1921765301728917,0.23605541160772442,0.07421994554796665,0.0,0
44680,3,3,1.752284139147622,1.9840680406940627,0.23178390154644068,0.3370748723134133,0.17523940625365556,0.0,0
44680,4,1,2.3355518765887977,2.4226882799705365,0.08713640338173878,0.19878006445660001,0.0,0.02640061118725906,1
44680,4,2,2.3355518765887977,2.501385147152396,0.1658332705635983,0.22934941668409467,0.030569352227494656,0.0,0
44680,4,3,2.3355518765887977,2.6231864337380926,0.28763455714929487,0.2382564549403536,0.03947639048375359,0.0,0
44680,5,1,2.518315020956364,2.7165766992668656,0.19826167831050157,0.14723047652238316,0.0,0.026400611187259046,1
44680,5,2,2.518315020956364,3.3306875690361766,0.8123725480798125,0.1607632479630008,0.013532771440617625,0.0,0
44680,5,3,2.518315020956364,3.7629981641581027,1.2446831432017387,0.15721740515064617,0.009986928628263003,0.0,0
44680,6,1,2.2822335642129636,2.3032541064519823,0.021020542239018614,0.17580959021495565,0.0,0.0,0
44680,6,2,2.2822335642129636,2.3049944099415867,0.022760845728623025,0.21516916065056851,0.03935957043561286,0.0,0
44680,6,3,2.2822335642129636,2.359354820588228,0.07712125637526457,0.2503304641245689,0.07452087390961323,0.0,0
44680,7,1,2.125129060914692,2.2530973716380776,0.12796831072338577,0.1482747577989594,0.0,0.0,0
44680,7,2,2.125129060914692,2.4039346529436956,0.2788055920290038,0.16565085604459068,0.017376098245631272,0.0,0
44680,7,3,2.125129060914692,2.3501007504790445,0.22497168956435276,0.199666462160845,0.05139170436188559,0.0,0
44680,8,1,1.9919302463030497,2.156278583647938,0.16434833734488818,0.1046273559310913,0.0,0.0,0
44680,8,2,1.9919302463030497,2.1914427444451356,0.19951249814208594,0.13289283189395323,0.028265475962861927,0.0,0
44680,8,3,1.9919302463030497,2.174650170232108,0.18271992392905845,0.16502114403490492,0.060393788103813614,0.0,0
44680,9,1,1.531004055214856,1.5859402028015726,0.0549361475867165,0.15543579575969668,0.0,0.0,0
44680,9,2,1.531004055214856,1.599740283239352,0.06873622802449586,0.2114491151891493,0.05601331942945262,0.0,0
44680,9,3,1.531004055214856,1.6636094040142804,0.13260534879942432,0.24342539442673863,0.08798959866704195,0.0,0
44680,10,1,1.1025571804446863,1.2974344249479475,0.19487724450326116,0.16066392967641224,0.0,0.0,0
44680,10,2,1.1025571804446863,1.3692522863257277,0.2666951058810414,0.19212898407765286,0.031465054401240616,0.0,0
44680,10,3,1.1025571804446863,1.3174787105970158,0.2149215301523295,0.22733155517916015,0.06666762550274791,0.0,0
44680,11,1,1.3662799892455024,1.53883774249339,0.17255775324788747,0.1677697558726012,0.0,0.0,0
44680,11,2,1.3662799892455024,1.6528287526885692,0.2865487634430668,0.2224492590665573,0.05467950319395609,0.0,0
44680,11,3,1.3662799892455024,1.68349510458657,0.3172151153410676,0.2531153511166193,0.08534559524401811,0.0,0
44680,12,1,1.637593872561028,1.6770062150979683,0.03941234253694037,0.16640371960209627,0.0,0.0,0
44680,12,2,1.637593872561028,1.6848213899078757,0.047227517346847714,0.2030986347599989,0.03669491515790263,0.0,0
44680,12,3,1.637593872561028,1.7307004251077793,0.09310655254675138,0.22983362645103012,0.06342990684893385,0.0,0
44680,13,1,1.3690382742376115,1.8528283536958583,0.4837900794582468,0.16732282267181692,0.006971330138845239,0.0,0
44680,13,2,1.3690382742376115,2.081586210951291,0.7125479367136793,0.16035149253297168,0.0,0.0,0
44680,13,3,1.3690382742376115,1.465086179229192,0.09604790499158056,0.18997531414927302,0.029623821616301338,0.0,0
44680,14,1,2.0992540685558128,2.1794875774608884,0.08023350890507563,0.1828633311845686,0.0,0.0,0
44680,14,2,2.0992540685558128,2.3490027590214573,0.24974869046564452,0.24000632983153555,0.05714299864696695,0.0,0
44680,14,3,2.0992540685558128,2.2345811932972306,0.13532712474141784,0.336247427899884,0.1533840967153154,0.0,0
44680,15,1,7.442544910770151,8.886538210418498,1.4439932996483478,0.3466664743215997,0.06570539435465117,0.0,0
44680,15,2,7.442544910770151,7.692148402125636,0.24960349135548565,0.2809610799669485,0.0,0.03286345231329424,1
44680,15,3,7.442544910770151,8.362719515630625,0.920174604860474,0.2809785635962958,1.7483629347281315e-05,0.0045864797394407075,0
44680,16,1,6.774003177218377,6.821091807324345,0.047088630105967866,0.21880451385516642,0.0,0.028276972573853587,1
44680,16,2,6.774003177218377,6.972088199437318,0.1980850222189403,0.2741114450326285,0.055306931177462104,0.0,0
44680,16,3,6.774003177218377,6.951152547925373,0.17714937070699577,0.2766615532813595,0.05785703942619308,0.03679413670051973,1
44680,17,1,7.1228763349339035,7.1770987199168985,0.05422238498299503,0.15292489379102525,0.0,0.0,0
44680,17,2,7.1228763349339035,7.268117802950371,0.14524146801646776,0.19365158697863488,0.04072669318760963,0.0367941367005197,1
44680,17,3,7.1228763349339035,7.437039884106137,0.31416354917223366,0.19822388012941525,0.045298986338389996,0.0367941367005197,1
44680,18,1,1.1314716195181798,1.2693549981887586,0.13788337867057887,0.16632482200221754,0.0,0.08621379055379083,1
44680,18,2,1.1314716195181798,1.5229180128121385,0.3914463932939587,0.19470474667012352,0.02837992466790598,0.0,0
44680,18,3,1.1314716195181798,1.3205291499920964,0.1890575304739166,0.20231515054697527,0.03599032854475773,0.0,0
44680,19,1,1.242448587998815,1.3909083151459571,0.14845972714714217,0.16054124754243926,0.0,0.08621379055379083,1
44680,19,2,1.242448587998815,2.282804174992856,1.0403555869940408,0.18466269567443877,0.024121448131999512,0.0,0
44680,19,3,1.242448587998815,2.367691660222687,1.125243072223872,0.172598372113432,0.012057124570992755,0.0,0
44680,20,1,2.107380947047786,2.327141397869045,0.21976045082125895,0.10182252224292629,0.0,0.08621379055379082,1
44680,20,2,2.107380947047786,2.384059387363007,0.27667844031522115,0.14045721969810535,0.03863469745517906,0.0,0
44680,20,3,2.107380947047786,3.046084996609987,0.938704049562201,0.1749746130585011,0.0731520908155748,0.0,0
44680,21,1,1.9575611048998454,2.317721959599198,0.36016085469935266,0.1972338006962295,0.0,0.0,0
44680,21,2,1.9575611048998454,2.3620485689894593,0.4044874640896139,0.2180321737136156,0.0207983730173861,0.0,0
44680,21,3,1.9575611048998454,2.3154909668201196,0.3579298619202742,0.2199578761616795,0.022724075465449994,0.0,0
44680,22,1,2.1055765193598805,2.6061964175158443,0.5006198981559637,0.13376190424942724,0.0,0.0,0
44680,22,2,2.1055765193598805,3.059379332013731,0.9538028126538505,0.15134901702412087,0.01758711277469363,0.0,0
44680,22,3,2.1055765193598805,3.247799815943626,1.1422232965837456,0.14806044592104697,0.01429854167161973,0.0,0
44680,23,1,1.3475259585790884,1.3807412348473245,0.03321527626823606,0.1721021528924584,0.0,0.0,0
44680,23,2,1.3475259585790884,1.381636741974722,0.03411078339563356,0.20891009420370585,0.036807941311247455,0.0,0
44680,23,3,1.3475259585790884,1.4823002594532506,0.1347743008741622,0.23156575637501609,0.05946360348255769,0.0,0
44680,24,1,1.2980111473732312,1.357493229902263,0.059482082529031866,0.14458095466952023,0.0,0.0,0
44680,24,2,1.2980111473732312,1.3651990567765089,0.06718790940327768,0.1831128785894902,0.038531923919969985,0.0,0
44680,24,3,1.2980111473732312,1.4446935604837374,0.14668241311050623,0.20702558540353025,0.06244463073401002,0.0,0
44680,25,1,1.000956266456996,1.289074123776431,0.28811785731943496,0.18603216406910955,0.0,0.0,0
44680,25,2,1.000956266456996,1.3723591560167532,0.3714028895597572,0.21625716301653547,0.03022499894742592,0.0,0
44680,25,3,1.000956266456996,1.346638285147814,0.34568201869081805,0.24560416873825935,0.0595720046691498,0.0,0
44680,26,1,1.3755447778234462,1.3997320240309252,0.02418724620747903,0.1755691618958862,0.0,0.0,0
44680,26,2,1.3755447778234462,1.405271152158471,0.029726374335024897,0.21943075717583077,0.04386159527994457,0.0,0
44680,26,3,1.3755447778234462,1.4596051347561538,0.08406035693270764,0.2525829056958792,0.07701374379999301,0.0,0
44680,27,1,1.010224037616335,1.2036904762097462,0.19346643859341128,0.16212168669635943,0.0,0.0,0
44680,27,2,1.010224037616335,1.3454240108166786,0.33519997320034367,0.181978754466399,0.019857067770039566,0.0,0
44680,27,3,1.010224037616335,1.2194665747716062,0.2092425371552713,0.21395891604505485,0.05183722934869542,0.0,0
44680,28,1,1.1984724431487705,1.3181506488597656,0.11967820571099508,0.1587785440654743,0.0,0.0,0
44680,28,2,1.1984724431487705,1.3424180587292656,0.143945615580495,0.21753207111510822,0.058753527049633936,0.0,0
44680,28,3,1.1984724431487705,1.395348102550103,0.19687565940133256,0.2526593911242989,0.09388084705882463,0.0,0
44680,29,1,1.2131318597652605,1.281458163264621,0.06832630349936042,0.1640998577547298,0.0,0.0,0
44680,29,2,1.2131318597652605,1.509601901635523,0.2964700418702626,0.18643445081733948,0.02233459306260968,0.0,0
44680,29,3,1.2131318597652605,1.333944889515997,0.1208130297507366,0.22767775942731794,0.06357790167258814,0.0,0
44680,30,1,1.710517739011438,1.8960504964554765,0.1855327574440384,0.13202349913472405,0.0,0.0,0
44680,30,2,1.710517739011438,1.9670188521038703,0.2565011130924322,0.15740324445433182,0.025379745319607766,0.0,0
44680,30,3,1.710517739011438,1.9181102555090805,0.20759251649764243,0.19810268992189262,0.06607919078716856,0.0,0
44680,31,1,1.315694634552297,1.4388266352927501,0.12313200074045305,0.16408813093408461,0.0,0.0,0
44680,31,2,1.315694634552297,1.5194004567840318,0.20370582223173472,0.2201049814132117,0.05601685047912708,0.0,0
44680,31,3,1.315694634552297,1.5097237399994832,0.1940291054471861,0.25124729458469197,0.08715916365060736,0.0,0
44680,32,1,1.3390356552205678,1.387164123789162,0.04812846856859432,0.14934033817150505,0.0,0.0,0
44680,32,2,1.3390356552205678,1.3860807121142453,0.04704505689367755,0.19212495681897215,0.042784618647467104,0.0,0
44680,32,3,1.3390356552205678,1.4522970765064744,0.11326142128590666,0.22377663559644995,0.0744362974249449,0.0,0
44680,33,1,1.4430719000759886,1.6230037635998493,0.1799318635238607,0.1555299309513293,0.0,0.0,0
44680,33,2,1.4430719000759886,1.7124382447471618,0.26936634467117315,0.18291348508936986,0.027383554138040556,0.0,0
44680,33,3,1.4430719000759886,1.6197499020859296,0.176678002009941,0.20879789687787847,0.05326796592654917,0.0,0
44680,34,1,1.7421298200398287,2.0574271209798107,0.315297300939982,0.15364694585329358,0.0,0.0,0
44680,34,2,1.7421298200398287,2.1223066808071374,0.3801768607673086,0.2293725257270757,0.07572557987378212,0.0,0
44680,34,3,1.7421298200398287,2.3905231402089973,0.6483933201691685,0.3251667479603739,0.17151980210708034,0.0,0
44680,35,1,1.1988976719453102,1.386860904303747,0.18796323235843682,0.19178366839447097,0.0,0.08688012758153218,1
44680,35,2,1.1988976719453102,1.4199603690781746,0.22106269713286442,0.2621521134340956,0.07036844503962464,0.05052832496236692,1
44680,35,3,1.1988976719453102,1.7068059480592432,0.5079082761139331,0.33246524295245616,0.1406815745579852,0.0,0
44680,36,1,1.7043161696944107,1.9168720392869674,0.21255586959255668,0.1910166068772277,0.0,0.08688012758153218,1
44680,36,2,1.7043161696944107,2.017593907671297,0.3132777379768863,0.28233966326697124,0.09132305638974353,0.05052832496236692,1
44680,36,3,1.7043161696944107,2.3156712613937307,0.61135509169932,0.3982816413862047,0.207265034508977,0.0,0
44680,37,1,1.4910406868481778,1.5150891282682641,0.02404844142008633,0.17669475670648938,0.0,0.0,0
44680,37,2,1.4910406868481778,1.5227795743908772,0.03173888754269938,0.22038220949874196,0.043687452792252585,0.0,0
44680,37,3,1.4910406868481778,1.569274273354517,0.07823358650633927,0.2513226540638897,0.07462789735740033,0.0,0
44680,38,1,1.1442599690419784,1.2197930971391528,0.0755331280971745,0.14177965393793984,0.0,0.0,0
44680,38,2,1.1442599690419784,1.2168326335153927,0.07257266447341437,0.18845081537809158,0.04667116144015174,0.0,0
44680,38,3,1.1442599690419784,1.3161727071020277,0.17191273806004936,0.21895318461528918,0.07717353067734933,0.0,0
44680,39,1,1.3854200839721345,1.47593422589552,0.09051414192338547,0.17189314202089118,0.0,0.0,0
44680,39,2,1.3854200839721345,1.5206756003951107,0.13525551642297629,0.22334080267962328,0.0514476606587321,0.0,0
44680,39,3,1.3854200839721345,1.5880471652442514,0.20262708127211693,0.2641853253409941,0.09229218332010292,0.0,0
44680,40,1,1.0019436690033605,1.193460474572882,0.19151680556952155,0.18393035913920838,0.0,0.10704383650687915,1
44680,40,2,1.0019436690033605,1.213695526908085,0.2117518579047244,0.2217307716236005,0.037800412484392115,0.0,0
44680,40,3,1.0019436690033605,1.2882456966366826,0.28630202763332213,0.24925779070850415,0.06532743156929577,0.0,0
44680,41,1,1.141810443930692,1.4142220127644216,0.27241156883372963,0.2197270600822399,0.0,0.10704383650687913,1
44680,41,2,1.141810443930692,1.4311638045163664,0.2893533605856744,0.25796219006173643,0.03823512997949652,0.0,0
44680,41,3,1.141810443930692,1.500994871075734,0.35918442714504195,0.2971992421061738,0.07747218202393391,0.0,0
44680,42,1,1.4701051593493468,1.5146753833786943,0.044570224029347516,0.13898354437073274,0.0,0.10704383650687913,1
44680,42,2,1.4701051593493468,1.554271080784484,0.08416592143513713,0.19197995189652964,0.0529964075257969,0.0,0
44680,42,3,1.4701051593493468,1.5387830473692994,0.06867788801995256,0.28480153654639634,0.1458179921756636,0.0,0
44680,43,1,1.148483086168584,1.2138473224224158,0.06536423625383181,0.16647603934850472,0.0,0.037831275157146654,1
44680,43,2,1.148483086168584,1.2273064070661674,0.07882332089758348,0.2235002186678642,0.05702417931935949,0.0,0
44680,43,3,1.148483086168584,1.3570336121334625,0.20855052596487855,0.26740129430329956,0.10092525495479485,0.0,0
44680,44,1,1.1062236859037746,1.2105531915647603,0.10432950566098564,0.16559629681743518,0.0,0.037831275157146654,1
44680,44,2,1.1062236859037746,1.258322087217702,0.15209840131392727,0.22314710594158255,0.05755080912414737,0.0,0
44680,44,3,1.1062236859037746,1.3436403946837472,0.23741670877997256,0.26721371945126854,0.10161742263383336,0.0,0
44680,45,1,1.6816560618702248,1.8531586235472581,0.17150256167703337,0.21305223735490295,0.0,0.03783127515714667,1
44680,45,2,1.6816560618702248,2.0111605947335978,0.329504532863373,0.30744342649227807,0.09439118913737513,0.0,0
44680,45,3,1.6816560618702248,1.9658353978710892,0.2841793360008644,0.40607822116690967,0.19302598381200672,0.0,0
44680,46,1,1.3186221063022558,1.3547150747805379,0.03609296847828203,0.17629287117357811,0.0,0.0,0
44680,46,2,1.3186221063022558,1.3507999188487378,0.032177812546482,0.21419577668598372,0.037902905512405605,0.0,0
44680,46,3,1.3186221063022558,1.4306761488658786,0.11205404256362272,0.24198218619039344,0.06568931501681533,0.0,0
44680,47,1,1.25742981828007,1.295881303249122,0.03845148496905204,0.16874592096174326,0.0,0.0,0
44680,47,2,1.25742981828007,1.3048214095855117,0.04739159130544168,0.20562388445377008,0.03687796349202682,0.0,0
44680,47,3,1.25742981828007,1.375356651918247,0.11792683363817691,0.22987324103757656,0.0611273200758333,0.0,0
44680,48,1,1.3970595180777363,1.4672703573893693,0.07021083931163297,0.1690373622189237,0.0,0.0,0
44680,48,2,1.3970595180777363,1.5155243428912137,0.11846482481347742,0.2052053810476981,0.03616801882877438,0.0,0
44680,48,3,1.3970595180777363,1.5046833252585665,0.1076238071808302,0.22732620555407643,0.05828884333515272,0.0,0
44680,49,1,2.8060933412546474,2.844168693708093,0.03807535245344562,0.19490723758367642,0.0,0.0,0
44680,49,2,2.8060933412546474,2.869105561585158,0.0630122203305108,0.2741796598700499,0.07927242228637346,0.0,0
44680,49,3,2.8060933412546474,2.8844903624897382,0.07839702123509085,0.343204451947018,0.14829721436334156,0.0,0
44680,50,1,1.3113274755110083,1.3481629061160587,0.036835430605050457,0.16904257647670506,0.0,0.0,0
44680,50,2,1.3113274755110083,1.3469531050345758,0.035625629523567515,0.21375828604607508,0.044715709569370016,0.0,0
44680,50,3,1.3113274755110083,1.4498345892904032,0.13850711377939495,0.2388322281385494,0.06978965166184434,0.0,0
44680,51,1,1.5769308576683454,1.6811976940215145,0.10426683635316913,0.16609709033107475,0.0,0.0,0
44680,51,2,1.5769308576683454,1.7086660561201583,0.13173519845181292,0.20221935086979903,0.03612226053872428,0.0,0
44680,51,3,1.5769308576683454,1.7407068641909735,0.16377600652262814,0.24324363478665706,0.0771465444555823,0.0,0
44680,52,1,1.8610250693785448,2.5753625825097823,0.7143375131312375,0.22007736442328887,0.011198984576115678,0.0,0
44680,52,2,1.8610250693785448,2.2598928321817024,0.3988677628031576,0.2149876431382024,0.006109263291029204,0.0,0
44680,52,3,1.8610250693785448,2.8328906448326743,0.9718655754541294,0.2088783798471732,0.0,0.0,0
44680,53,1,1.36684712632048,1.4378532982716519,0.07100617195117187,0.1849548831623103,0.0,0.0,0
44680,53,2,1.36684712632048,1.4489765402463557,0.0821294139258757,0.2349907481249885,0.0500358649626782,0.0,0
44680,53,3,1.36684712632048,1.537400947325122,0.170553821004642,0.2869009280146671,0.10194604485235681,0.0,0
44680,54,1,1.3722112007539227,1.5453334850362352,0.17312228428231258,0.18648121376333748,0.0,0.0,0
44680,54,2,1.3722112007539227,1.5434968462918435,0.1712856455379208,0.21646106401279902,0.029979850249461537,0.0,0
44680,54,3,1.3722112007539227,1.6604268931456019,0.2882156923916792,0.22757705624889243,0.04109584248555495,0.0,0
44680,55,1,1.5044734248150835,1.578838489745643,0.07436506493055939,0.16911612396290926,0.0,0.0,0
44680,55,2,1.5044734248150835,1.763588735742756,0.2591153109276725,0.20714765362200396,0.038031529659094704,0.0,0
44680,55,3,1.5044734248150835,1.6511242523260612,0.1466508275109777,0.216306136742274,0.04719001277936474,0.0,0
44680,56,1,1.8350474559210745,1.9452712598166009,0.11022380389552633,0.13152213508479868,0.0,0.0,0
44680,56,2,1.8350474559210745,2.0817731263840047,0.24672567046293015,0.17523447452399135,0.04371233943919267,0.0,0
44680,56,3,1.8350474559210745,2.057029217914528,0.22198176199345365,0.1868566265156813,0.05533449143088262,0.0,0
44680,57,1,2.3785316068715003,2.407789117174624,0.029257510303123624,0.18074203794171168,0.0,0.039246573566089724,1
44680,57,2,2.3785316068715003,2.4483056534536076,0.06977404658210729,0.21889091773334632,0.03814887979163464,0.0,0
44680,57,3,2.3785316068715003,2.4790871894188364,0.1005555825473361,0.2648979439590601,0.0841559060173484,0.0,0
44680,58,1,1.5479063159543849,1.6248378149862421,0.07693149903185725,0.1621739498944264,0.0,0.0,0
44680,58,2,1.5479063159543849,1.6229541719616336,0.07504785600724873,0.2199238383158785,0.057749888421452095,0.0,0
44680,58,3,1.5479063159543849,1.7551631556425478,0.20725683968816289,0.2655503571594528,0.1033764072650264,0.0,0
44680,59,1,1.8436197836207218,2.410820618055628,0.5672008344349064,0.2527784725602186,0.02745814296384541,0.0,0
44680,59,2,1.8436197836207218,2.466875672114569,0.623255888493847,0.23362490783803955,0.008304578241666333,0.0,0
44680,59,3,1.8436197836207218,2.576557252225874,0.7329374686051524,0.22532032959637321,0.0,0.0,0
44680,60,1,2.1418453170607696,2.361608330327942,0.21976301326717218,0.11627665553927788,0.0,0.0,0
44680,60,2,2.1418453170607696,2.795535341649921,0.6536900245891513,0.11825707552103952,0.0019804199817616414,0.0,0
44680,60,3,2.1418453170607696,2.5913417055199477,0.44949638845917805,0.11795470946642295,0.0016780539271450678,0.0,0
44680,61,1,1.4793345892975238,2.2540933908844103,0.7747588015868865,0.23039229950661094,0.0,0.0,0
44680,61,2,1.4793345892975238,2.3486123583742504,0.8692777690767266,0.23556717101341082,0.005174871506799877,0.0,0
44680,61,3,1.4793345892975238,2.39718012704779,0.9178455377502663,0.230442961828432,5.0662321821048906e-05,0.0,0
44680,62,1,2.4639974690688033,2.769614700538435,0.3056172314696317,0.1475605446224167,0.0,0.0,0
44680,62,2,2.4639974690688033,3.169310879443517,0.7053134103747136,0.15620997808151418,0.008649433459097494,0.0,0
44680,62,3,2.4639974690688033,3.399725605942465,0.9357281368736619,0.15320211406095327,0.005641569438536581,0.0,0
44680,63,1,8.341623165634813,8.357968225495236,0.01634505986042356,0.1866678154573012,0.0,0.0,0
44680,63,2,8.341623165634813,8.3553094260166,0.013686260381787108,0.23083158657790814,0.04416377112060693,0.030439312695971874,1
44680,63,3,8.341623165634813,8.395567051761848,0.05394388612703516,0.2658745736894968,0.07920675823219558,0.04800536669858364,1
44680,64,1,8.142434002615385,8.177027645270808,0.034593642655423196,0.16514611601303447,0.0,0.0,0
44680,64,2,8.142434002615385,8.180159606406894,0.037725603791509243,0.21304300667325507,0.0478968906602206,0.017566054002611776,1
44680,64,3,8.142434002615385,8.210620410263285,0.06818640764790018,0.27007269856230903,0.10492658254927456,0.017566054002611776,1
44680,65,1,9.76484732366372,10.070354722436196,0.3055073987724768,0.26952718345926685,0.0032253048891953684,0.00045507340440188726,0
44680,65,2,9.76484732366372,9.986100016236513,0.22125269257279356,0.2663018785700715,0.0,0.0,0
44680,65,3,9.76484732366372,10.079902870815388,0.31505554715166895,0.2825112339197969,0.016209355349725396,0.016689081580241502,1
44680,66,1,12.457925687876365,12.554996943102854,0.09707125522648852,0.2295345301532851,0.0,0.0,0
44680,66,2,12.457925687876365,12.503501279539227,0.04557559166286218,0.2454285402559754,0.015894010102690315,0.01090274452612408,1
44680,66,3,12.457925687876365,12.640081950641104,0.18215626276473884,0.25969467686570025,0.030160146712415153,0.012004819714341891,1
44680,67,1,11.284408230752277,11.325722139020552,0.04131390826827541,0.1404235926860572,0.0,0.004684261865899625,0
44680,67,2,11.284408230752277,11.38554781424789,0.10113958349561258,0.17179972794104453,0.031376135254987336,0.005786337054117435,1
44680,67,3,11.284408230752277,11.577835088994153,0.293426858241876,0.17394031525446454,0.03351672256840735,0.0,0
44680,68,1,9.736051850876615,9.83352109347645,0.09746924259983558,0.09323016564771969,0.0,0.005786337054117435,1
44680,68,2,9.736051850876615,10.000666206282784,0.2646143554061684,0.1042229328323649,0.010992767184645216,0.0,0
44680,68,3,9.736051850876615,10.309458282689494,0.5734064318128791,0.10401786734428767,0.01078770169656798,0.0,0
44680,69,1,13.803042187542227,13.821998924510542,0.018956736968315013,0.1883980480009599,0.0,0.0,0
44680,69,2,13.803042187542227,13.821558929011037,0.018516741468809883,0.24201727989882357,0.05361923189786366,0.0204552397666119,1
44680,69,3,13.803042187542227,13.836680697348504,0.03363850980627703,0.32442942657166374,0.13603137857070383,0.03211256642858899,1
44680,70,1,10.675166847234411,10.690119745832558,0.014952898598146191,0.153210692219431,0.0,0.0,0
44680,70,2,10.675166847234411,10.70118931513754,0.0260224679031289,0.22342290706515397,0.07021221484572296,0.011657326661977087,1
44680,70,3,10.675166847234411,10.719997944738001,0.04483109750358949,0.2866079075013373,0.1333972152819063,0.011657326661977087,1
44680,71,1,11.826693530864429,11.873647043988077,0.046953513123648705,0.1821210740760218,0.0,0.0,0
44680,71,2,11.826693530864429,11.879868075295812,0.05317454443138381,0.19100997918046758,0.008888905104445788,0.009038867953060907,1
44680,71,3,11.826693530864429,11.946486469336326,0.11979293847189787,0.23588106051559027,0.053759986439568475,0.009038867953060907,1
44681,0,1,1.6872926742970318,1.8185074768856766,0.13121480258864482,0.2201848103869348,0.0,0.0,0
44681,0,2,1.6872926742970318,1.7565395295347508,0.06924685523771901,0.23726445481186836,0.017079644424933565,0.0,0
44681,0,3,1.6872926742970318,1.866864412101042,0.17957173780401026,0.2592237378172675,0.03903892743033269,0.0,0
44681,1,1,1.341788744589539,1.4817172857762952,0.13992854118675635,0.16783865756117536,0.0,0.0,0
44681,1,2,1.341788744589539,1.5197165014786733,0.17792775688913443,0.19764674790640516,0.0298080903452298,0.0,0
44681,1,3,1.341788744589539,1.5754026683418951,0.23361392375235623,0.24037349723863352,0.07253483967745816,0.0,0
44681,2,1,0.8417684426706178,0.9813091655524314,0.13954072288181363,0.18267819217195377,0.0,0.08524225234781069,1
44681,2,2,0.8417684426706178,1.0052926043976054,0.16352416172698758,0.24269377523366872,0.06001558306171495,0.0,0
44681,2,3,0.8417684426706178,1.3355184991561204,0.49375005648550263,0.32154795284659654,0.13886976067464277,0.0,0
44681,3,1,0.877068460652132,1.251053300566252,0.3739848399141201,0.1977262667181146,0.0,0.0852422523478107,1
44681,3,2,0.877068460652132,1.376968460925998,0.49990000027386605,0.27863924273665386,0.08091297601853925,0.0,0
44681,3,3,0.877068460652132,1.5193663872592236,0.6422979266070916,0.35048857269255834,0.15276230597444374,0.0,0
44681,4,1,1.6384136362130537,1.8154787559462675,0.17706511973321382,0.1334904689055816,0.0,0.08524225234781069,1
44681,4,2,1.6384136362130537,1.8165425439819984,0.17812890776894474,0.20620890456449836,0.07271843565891675,0.0,0
44681,4,3,1.6384136362130537,2.4377708071102746,0.7993571708972209,0.3367688138145772,0.20327834490899557,0.0,0
44681,5,1,2.320267616611887,2.491193633532395,0.1709260169205078,0.20939474585985465,0.0,0.0,0
44681,5,2,2.320267616611887,2.91389613734669,0.5936285207348027,0.24185407610436543,0.03245933024451078,0.0,0
44681,5,3,2.320267616611887,2.9174448365091856,0.5971772198972984,0.23921258665211365,0.029817840792258993,0.0,0
44681,6,1,2.244937833999844,2.513942922737292,0.269005088737448,0.15019243222103826,0.0,0.0,0
44681,6,2,2.244937833999844,3.0256402043882265,0.7807023703883824,0.1706616916240181,0.020469259402979834,0.0,0
44681,6,3,2.244937833999844,3.7197242115317524,1.4747863775319083,0.15784795079680503,0.007655518575766768,0.0,0
44681,7,1,2.243699919097734,2.313308425334083,0.0696085062363494,0.1924263212727692,0.0,0.0,0
44681,7,2,2.243699919097734,2.3371391750590442,0.09343925596131042,0.2132230965935929,0.02079677532082369,0.0,0
44681,7,3,2.243699919097734,2.4183309949939065,0.17463107589617266,0.24849584498632396,0.05606952371355475,0.0,0
44681,8,1,2.106185506664567,2.1234463759180935,0.017260869253526323,0.16276100617461056,0.0,0.0,0
44681,8,2,2.106185506664567,2.163529015109797,0.05734350844522984,0.18745533570245435,0.024694329527843784,0.0,0
44681,8,3,2.106185506664567,2.153084247385345,0.04689874072077771,0.2377715902234898,0.07501058404887923,0.0,0
44681,9,1,1.9761145459499587,2.120565923879633,0.1444513779296741,0.10779627922737653,0.0,0.0,0
44681,9,2,1.9761145459499587,2.093283580215752,0.11716903426579317,0.14400013957510177,0.03620386034772524,0.0,0
44681,9,3,1.9761145459499587,2.1618227811277793,0.18570823517782054,0.17733409488571042,0.06953781565833389,0.0,0
44681,10,1,1.4655935941746765,1.5186871303699805,0.05309353619530399,0.18518679677859978,0.0,0.0,0
44681,10,2,1.4655935941746765,1.539243400874875,0.0736498067001985,0.2113813483744569,0.026194551595857124,0.0,0
44681,10,3,1.4655935941746765,1.6704316699427166,0.20483807576804014,0.2506104390268134,0.06542364224821362,0.0,0
44681,11,1,0.991680503940126,1.0829119536654082,0.09123144972528219,0.16434994268034045,0.0,0.0,0
44681,11,2,0.991680503940126,1.0937494645227064,0.10206896058258041,0.21204905584749184,0.04769911316715139,0.0,0
44681,11,3,0.991680503940126,1.223763209041928,0.23208270510180196,0.25378786348258203,0.08943792080224158,0.0,0
44681,12,1,1.259812024100039,1.5422521478952975,0.2824401237952585,0.1779197092353252,0.0,0.0,0
44681,12,2,1.259812024100039,1.6120003841666475,0.3521883600666085,0.2685749248221229,0.0906552155867977,0.0,0
44681,12,3,1.259812024100039,1.9368646781253414,0.6770526540253023,0.3330260682361065,0.15510635900078126,0.0,0
44681,13,1,1.6103922538108169,1.639057455550694,0.02866520173987719,0.19476748946975764,0.0,0.0,0
44681,13,2,1.6103922538108169,1.6711623066345733,0.06077005282375647,0.21937809829787003,0.02461060882811239,0.0,0
44681,13,3,1.6103922538108169,1.666640550245178,0.056248296434361134,0.2527889345937832,0.05802144512402557,0.0,0
44681,14,1,1.2766373380657972,1.3064161446887879,0.029778806622990706,0.17980499352347462,0.0,0.0,0
44681,14,2,1.2766373380657972,1.3095529737877283,0.032915635721931125,0.20093274256756957,0.02112774904409495,0.0,0
44681,14,3,1.2766373380657972,1.3528831047557461,0.07624576668994898,0.2192716766582413,0.03946668313476667,0.0,0
44681,15,1,2.1169482031448092,2.291072925944544,0.17412472279973468,0.16416573682436536,0.0,0.0,0
44681,15,2,2.1169482031448092,2.3456257970508116,0.2286775939060024,0.2157760776737901,0.05161034084942473,0.0,0
44681,15,3,2.1169482031448092,2.4216218916988628,0.3046736885540535,0.27665912173024376,0.1124933849058784,0.0,0
44681,16,1,4.678544832288007,4.811162526209835,0.1326176939218282,0.1109722106868558,0.0,0.0,0
44681,16,2,4.678544832288007,4.879128941893111,0.20058410960510376,0.1460153269236834,0.03504311623682761,0.037878521881369365,1
44681,16,3,4.678544832288007,5.16608471563349,0.4875398833454829,0.16028785794510514,0.04931564725824934,0.037878521881369365,1
44681,17,1,0.9587782489130381,1.0556447986619522,0.09686654974891407,0.17328115009833595,0.0,0.08659624666578292,1
44681,17,2,0.9587782489130381,1.112194603367739,0.15341635445470092,0.18894938190535887,0.015668231807022925,0.0,0
44681,17,3,0.9587782489130381,1.2278201901258896,0.2690419412128515,0.19949578904519957,0.026214638946863628,0.0,0
44681,18,1,1.1779299114512425,3.4775921498254894,2.299662238374247,0.1831756155105308,0.011910409789898768,0.08659624666578289,1
44681,18,2,1.1779299114512425,1.3043061388922275,0.12637622744098498,0.17585457654605707,0.004589370825425043,0.0,0
44681,18,3,1.1779299114512425,3.5171849160164896,2.3392550045652474,0.17126520572063203,0.0,0.0,0
44681,19,1,1.8980998187112106,2.074361692343177,0.17626187363196655,0.09606476710460847,0.0,0.08659624666578289,1
44681,19,2,1.8980998187112106,2.1327399632016477,0.23464014449043713,0.12615641623997018,0.030091649135361706,0.0,0
44681,19,3,1.8980998187112106,2.59624797932842,0.6981481606172095,0.15040584964284945,0.05434108253824098,0.0,0
44681,20,1,1.8905357940983898,2.0830696659544277,0.19253387185603787,0.21080927843499445,0.0,0.0,0
44681,20,2,1.8905357940983898,2.382632451605512,0.4920966575071224,0.23042770596541137,0.019618427530416926,0.0,0
44681,20,3,1.8905357940983898,2.622887867135367,0.7323520730369772,0.22875228062047798,0.01794300218548353,0.0,0
44681,21,1,1.7905785923054025,2.0682776565669205,0.277699064261518,0.1406328719469007,0.0,0.0,0
44681,21,2,1.7905785923054025,2.3407918692197165,0.550213276914314,0.1753327230691819,0.03469985112228122,0.0,0
44681,21,3,1.7905785923054025,2.511283596680363,0.7207050043749605,0.19003620917081124,0.04940333722391055,0.0,0
44681,22,1,1.310751545407959,1.5260917564305312,0.21534021102257217,0.2208499458847752,0.0,0.0,0
44681,22,2,1.310751545407959,1.5476410733396557,0.2368895279316967,0.2427403349694419,0.0218903890846667,0.0,0
44681,22,3,1.310751545407959,1.911991176138772,0.601239630730813,0.26009827750977277,0.03924833162499758,0.0,0
44681,23,1,1.1538388609670929,1.2586310903237994,0.10479222935670651,0.17584331464835753,0.0,0.0,0
44681,23,2,1.1538388609670929,1.2610346617439132,0.10719580077682034,0.20324268014631358,0.027399365497956046,0.0,0
44681,23,3,1.1538388609670929,1.3533030075568022,0.19946414658970935,0.23200082751617415,0.05615751286781662,0.0,0
44681,24,1,0.921737276935529,1.05010415590759,0.12836687897206112,0.1906800764567166,0.0,0.0,0
44681,24,2,0.921737276935529,1.051243410704177,0.12950613376864806,0.21509593474365377,0.024415858286937153,0.0,0
44681,24,3,0.921737276935529,1.1259899848424908,0.20425270790696182,0.2394747644303913,0.0487946879736747,0.0,0
44681,25,1,1.4010849716476095,1.5599454414913958,0.15886046984378632,0.225275030127518,0.0,0.0,0
44681,25,2,1.4010849716476095,1.5897322316996376,0.18864726005202814,0.26907577091602963,0.04380074078851162,0.0,0
44681,25,3,1.4010849716476095,1.896708934833688,0.4956239631860786,0.3524165455904653,0.1271415154629473,0.0,0
44681,26,1,0.8499135619845571,1.0273099008134299,0.17739633882887273,0.1949623221294338,0.0,0.0,0
44681,26,2,0.8499135619845571,1.1030182336689105,0.25310467168435336,0.24847190944414055,0.05350958731470676,0.0,0
44681,26,3,0.8499135619845571,1.3523876473152503,0.5024740853306932,0.2996751325110308,0.104712810381597,0.0,0
44681,27,1,1.0554708128383006,1.0956632405152937,0.04019242767699316,0.18077652015750478,0.0,0.0,0
44681,27,2,1.0554708128383006,1.1085041662614965,0.05303335342319593,0.20982538331988118,0.029048863162376398,0.0,0
44681,27,3,1.0554708128383006,1.2010940852357097,0.14562327239740913,0.25213564290239543,0.07135912274489065,0.0,0
44681,28,1,1.1071392097489408,1.31627229060507,0.20913308085612914,0.1734396220056923,0.0,0.0,0
44681,28,2,1.1071392097489408,1.4841069166558014,0.37696770690686066,0.20892614867185128,0.03548652666615898,0.0,0
44681,28,3,1.1071392097489408,1.425013452572356,0.31787424282341514,0.22110397243006535,0.04766435042437306,0.0,0
44681,29,1,1.6349138900655806,1.7484231939122359,0.11350930384665525,0.13646107179507708,0.0,0.0,0
44681,29,2,1.6349138900655806,1.810370751442497,0.1754568613769163,0.18208888077394922,0.04562780897887214,0.0,0
44681,29,3,1.6349138900655806,1.8018195698852881,0.1669056798197075,0.2013054009465209,0.06484432915144384,0.0,0
44681,30,1,1.2269459728438252,1.3620642577836983,0.1351182849398731,0.17729377220771758,0.0,0.0,0
44681,30,2,1.2269459728438252,1.4141954220198092,0.18724944917598396,0.22513834314883888,0.047844570941121295,0.0,0
44681,30,3,1.2269459728438252,1.5529527985939127,0.32600682575008744,0.27576557514329425,0.09847180293557667,0.0,0
44681,31,1,1.2931921841358922,1.5005937486398688,0.20740156450397662,0.1835322873850701,0.0,0.0,0
44681,31,2,1.2931921841358922,1.4813623274362473,0.18817014330035509,0.24439593798948628,0.060863650604416175,0.0,0
44681,31,3,1.2931921841358922,1.7772738851967858,0.48408170106089354,0.32641765455365146,0.14288536716858136,0.0,0
44681,32,1,1.3884332300689497,1.510861828726925,0.1224285986579754,0.1802225212278934,0.0,0.0,0
44681,32,2,1.3884332300689497,1.5505652904262182,0.16213206035726846,0.2359002912635331,0.0556777700356397,0.0,0
44681,32,3,1.3884332300689497,1.824201021241047,0.4357677911720974,0.2908798347341939,0.11065731350630048,0.0,0
44681,33,1,1.6738205692297534,2.018366429494809,0.3445458602650555,0.1644511236176248,0.0,0.0,0
44681,33,2,1.6738205692297534,2.0360784120795787,0.3622578428498253,0.25299986370115485,0.08854874008353006,0.0,0
44681,33,3,1.6738205692297534,2.367370526082434,0.6935499568526804,0.3564942085969462,0.1920430849793214,0.0,0
44681,34,1,0.851907975055141,1.192341396535211,0.34043342148006994,0.1764680460139893,0.0,0.08696632139124588,1
44681,34,2,0.851907975055141,1.2522179110388993,0.4003099359837583,0.2555257026150242,0.07905765660103492,0.050420935583430804,1
44681,34,3,0.851907975055141,1.479588751024292,0.627680775969151,0.3341785767423234,0.15771053072833408,0.0,0
44681,35,1,1.659727330307792,1.7717260113184068,0.11199868101061483,0.18644299538367004,0.0,0.08696632139124594,1
44681,35,2,1.659727330307792,1.7953416274055467,0.13561429709775474,0.251269605850404,0.06482661046673394,0.050420935583430804,1
44681,35,3,1.659727330307792,1.8727941594862159,0.2130668291784239,0.3390087753559616,0.15256577997229154,0.0,0
44681,36,1,1.4764786353534647,1.622764564012384,0.14628592865891932,0.22526085872989948,0.0,0.0,0
44681,36,2,1.4764786353534647,1.6186660897451024,0.1421874543916377,0.24337615711240668,0.018115298382507194,0.0,0
44681,36,3,1.4764786353534647,1.7985874844209255,0.32210884906746085,0.281331473144751,0.056070614414851505,0.0,0
44681,37,1,1.0148366503884259,1.1163804458592612,0.10154379547083536,0.17634326081271118,0.0,0.0,0
44681,37,2,1.0148366503884259,1.126603195680856,0.11176654529243013,0.2071704977676075,0.03082723695489631,0.0,0
44681,37,3,1.0148366503884259,1.2984578121630406,0.2836211617746147,0.2467854096494194,0.07044214883670821,0.0,0
44681,38,1,1.3053028393113917,1.466062228597796,0.16075938928640432,0.1799563236650443,0.0,0.0,0
44681,38,2,1.3053028393113917,1.500532640055099,0.19522980074370722,0.2344548316889198,0.054498508023875514,0.0,0
44681,38,3,1.3053028393113917,1.6908376428535123,0.38553480354212066,0.29086778687803394,0.11091146321298964,0.0,0
44681,39,1,0.8996733284400513,0.9839203313402664,0.08424700290021503,0.18095834119404894,0.0,0.10713563635435194,1
44681,39,2,0.8996733284400513,1.0741841254478277,0.17451079700777639,0.22507125146779583,0.04411291027374689,0.0,0
44681,39,3,0.8996733284400513,1.1042534791373517,0.2045801506973004,0.2580550022254048,0.07709666103135585,0.0,0
44681,40,1,1.041480228023963,1.3849936165343262,0.34351338851036317,0.2258877928221812,0.0,0.10713563635435197,1
44681,40,2,1.041480228023963,1.4224571077902097,0.3809768797662467,0.2699178244993323,0.04403003167715114,0.0,0
44681,40,3,1.041480228023963,1.576347730502869,0.534867502478906,0.3057402836861308,0.07985249086394963,0.0,0
44681,41,1,1.4431475060706953,1.5214128012686319,0.07826529519793657,0.1119868424062555,0.0,0.10713563635435197,1
44681,41,2,1.4431475060706953,1.5256428087203697,0.08249530264967442,0.1657189492104556,0.0537321068042001,0.0,0
44681,41,3,1.4431475060706953,1.5912818120494738,0.14813430597877852,0.21883012281446662,0.10684328040821112,0.0,0
44681,42,1,1.0639881420425954,1.2417567618484324,0.17776861980583702,0.18907507631476217,0.0,0.038420018487282936,1
44681,42,2,1.0639881420425954,1.22954362194526,0.16555547990266462,0.21678556391421874,0.027710487599456574,0.0,0
44681,42,3,1.0639881420425954,1.4327513240482228,0.3687631820056274,0.2517346200946962,0.06265954377993405,0.0,0
44681,43,1,1.0352185118735147,1.1026490583629838,0.06743054648946911,0.16957889644920612,0.0,0.038420018487282936,1
44681,43,2,1.0352185118735147,1.0908992206581734,0.055680708784658695,0.20821418881243114,0.03863529236322502,0.0,0
44681,43,3,1.0352185118735147,1.2264517453485984,0.1912332334750837,0.2578115865190797,0.08823269006987358,0.0,0
44681,44,1,1.824510666703376,1.9074759671548414,0.08296530045146544,0.1467125466099049,0.0,0.03842001848728292,1
44681,44,2,1.824510666703376,1.9659793648821728,0.14146869817879693,0.22305527878508852,0.07634273217518361,0.0,0
44681,44,3,1.824510666703376,2.1526014393470323,0.3280907726436564,0.28333085861065155,0.13661831200074664,0.0,0
44681,45,1,1.2573238622910923,1.4620341186852444,0.20471025639415208,0.217071807349178,0.0,0.0,0
44681,45,2,1.2573238622910923,1.438083459874215,0.18075959758312266,0.2396802626195709,0.022608455270392902,0.0,0
44681,45,3,1.2573238622910923,1.6601883498555003,0.40286448756440807,0.26023493752964294,0.04316313018046494,0.0,0
44681,46,1,1.145413846345112,1.2680827370772012,0.1226688907320892,0.2005511086919369,0.0,0.0,0
44681,46,2,1.145413846345112,1.2656714107097846,0.12025756436467261,0.21743932479687336,0.01688821610493646,0.0,0
44681,46,3,1.145413846345112,1.3118559467312259,0.16644210038611384,0.24946954266784252,0.04891843397590562,0.0,0
44681,47,1,1.3324013311523177,1.514135329472451,0.18173399832013337,0.18007051093132698,0.0,0.0,0
44681,47,2,1.3324013311523177,1.5581913222956938,0.22578999114337606,0.2243008794381839,0.04423036850685691,0.0,0
44681,47,3,1.3324013311523177,1.710188698965073,0.37778736781275524,0.2742164679171215,0.09414595698579453,0.0,0
44681,48,1,2.978008072703199,3.1146631376846914,0.13665506498149238,0.24547689106736584,0.0,0.0,0
44681,48,2,2.978008072703199,3.061733247751986,0.08372517504878685,0.29526900199683387,0.04979211092946803,0.0,0
44681,48,3,2.978008072703199,3.152960170392371,0.17495209768917208,0.3570548981999022,0.11157800713253638,0.0,0
44681,49,1,1.282424374854903,1.4934928897933843,0.21106851493848144,0.22030945826616752,0.0,0.0,0
44681,49,2,1.282424374854903,1.5114852388158222,0.2290608639609193,0.229365935406439,0.009056477140271468,0.0,0
44681,49,3,1.282424374854903,1.5264681813729506,0.2440438065180477,0.2630549702963632,0.04274551203019569,0.0,0
44681,50,1,1.448669360422011,1.5299036710871154,0.08123431066510434,0.1826026264063155,0.0,0.0,0
44681,50,2,1.448669360422011,1.5861248179072038,0.13745545748519272,0.2259114014300075,0.043308775023692014,0.0,0
44681,50,3,1.448669360422011,1.6252304816497656,0.17656112122775447,0.2661257706194373,0.08352314421312182,0.0,0
44681,51,1,1.7083140807857664,2.4656297059475145,0.7573156251617481,0.2350403828757144,0.015818567706399445,0.0,0
44681,51,2,1.7083140807857664,2.015804881401858,0.30749080061609146,0.22078907854776847,0.001567263378453504,0.0,0
44681,51,3,1.7083140807857664,2.451253689427396,0.7429396086416296,0.21922181516931497,0.0,0.0,0
44681,52,1,1.3004945944801134,1.4459603808215573,0.14546578634144391,0.2179271909742852,0.0,0.0,0
44681,52,2,1.3004945944801134,1.4521486205265677,0.15165402604645428,0.26431851233118997,0.04639132135690477,0.0,0
44681,52,3,1.3004945944801134,1.6384279093126861,0.3379333148325727,0.3213460661095394,0.10341887513525422,0.0,0
44681,53,1,1.231484254134789,1.6290544301808716,0.3975701760460826,0.2209630946373842,0.0,0.0,0
44681,53,2,1.231484254134789,1.5028915516278762,0.27140729749308723,0.23487063156157645,0.013907536924192249,0.0,0
44681,53,3,1.231484254134789,1.7935108901584425,0.5620266360236534,0.24555095406149882,0.024587859424114622,0.0,0
44681,54,1,1.418911890488325,1.469911546687842,0.050999656199517185,0.19049398748362828,0.0,0.0,0
44681,54,2,1.418911890488325,1.457366701457706,0.03845481096938119,0.20696977605877756,0.01647578857514928,0.0,0
44681,54,3,1.418911890488325,1.5136819994153288,0.09477010892700388,0.22707073612090037,0.03657674863727209,0.0,0
44681,55,1,1.8113098481252596,2.056638409115198,0.2453285609899385,0.13836013709038536,0.0,0.0,0
44681,55,2,1.8113098481252596,2.0931545596315457,0.2818447115062861,0.20877375936016154,0.07041362226977618,0.0,0
44681,55,3,1.8113098481252596,2.164409340913502,0.35309949278824226,0.26354845098711144,0.12518831389672608,0.0,0
44681,56,1,2.447310094779325,2.662449078845049,0.21513898406572407,0.2514956494104276,0.0,0.0,0
44681,56,2,2.447310094779325,2.669697637610359,0.2223875428310338,0.29703777736518083,0.04554212795475321,0.0,0
44681,56,3,2.447310094779325,3.0919696339562144,0.6446595391768892,0.4045530040153888,0.15305735460496117,0.0,0
44681,57,1,1.4350478152603865,1.7347688074839525,0.29972099222356596,0.19793280005830605,0.0,0.0,0
44681,57,2,1.4350478152603865,1.688306366239593,0.25325855097920646,0.2974136588493465,0.09948085879104046,0.0,0
44681,57,3,1.4350478152603865,1.9721738504394892,0.5371260351791027,0.4154500122830157,0.21751721222470966,0.0,0
44681,58,1,1.678874684183802,2.3020883799082212,0.6232136957244192,0.25749996455413854,0.018118285612527374,0.0,0
44681,58,2,1.678874684183802,2.0585706945578996,0.3796960103740976,0.24910534034873533,0.009723661407124162,0.0,0
44681,58,3,1.678874684183802,2.1516333236843943,0.47275863950059227,0.23938167894161116,0.0,0.0,0
44681,59,1,1.9526277633472435,2.704137848095953,0.7515100847487093,0.12226748551827601,0.002239891481433373,0.0,0
44681,59,2,1.9526277633472435,2.509376341349861,0.5567485780026173,0.12377858481677437,0.003750990779931726,0.0,0
44681,59,3,1.9526277633472435,3.066048932970525,1.1134211696232816,0.12002759403684264,0.0,0.0,0
44681,60,1,1.3531017344705494,2.0881415333490567,0.7350397988785073,0.23909031880408443,0.0031385059491030043,0.0,0
44681,60,2,1.3531017344705494,2.0976972813429686,0.7445955468724192,0.24563466338941536,0.009682850534433934,0.0,0
44681,60,3,1.3531017344705494,2.349905585477028,0.9968038510064785,0.23595181285498143,0.0,0.0,0
44681,61,1,2.2881077416657067,2.471294298008749,0.18318655634304237,0.1606520605823909,0.0,0.0,0
44681,61,2,2.2881077416657067,2.5752106841670757,0.2871029425013689,0.18122151483555377,0.020569454253162867,0.0,0
44681,61,3,2.2881077416657067,2.72585717484734,0.4377494331816334,0.21907532116177192,0.05842326057938102,0.0,0
44681,62,1,10.577569341010417,10.97678139550279,0.3992120544923736,0.2547996966554077,0.0,0.0,0
44681,62,2,10.577569341010417,10.847942125314855,0.27037278430443834,0.25940622540284225,0.004606528747434557,0.0,0
44681,62,3,10.577569341010417,10.940637514387237,0.3630681733768206,0.2595540231829826,0.004754326527574904,0.0,0
44681,63,1,10.39917019395346,10.710542263551627,0.31137206959816766,0.18764184255490718,0.0,0.0,0
44681,63,2,10.39917019395346,10.535271611630296,0.13610141767683714,0.18833889452927632,0.000697051974369145,0.0,0
44681,63,3,10.39917019395346,10.709642635861401,0.3104724419079421,0.18895015848002963,0.0013083159251224552,0.0,0
44681,64,1,10.524632146344603,10.836452746324474,0.3118205999798711,0.11515648730444153,0.0,0.0,0
44681,64,2,10.524632146344603,10.652356675805583,0.12772452946098056,0.1377376930725294,0.022581205768087864,0.0,0
44681,64,3,10.524632146344603,10.862828739664575,0.33819659331997265,0.16253257964634363,0.0473760923419021,0.0,0
44681,65,1,8.536520629543054,8.613976099370692,0.07745546982763862,0.23437441008368518,0.0,0.0,0
44681,65,2,8.536520629543054,8.58698795291345,0.0504673233703965,0.25150725870265633,0.017132848618971158,0.0182230061602566,1
44681,65,3,8.536520629543054,8.610273931948308,0.07375330240525457,0.28498448421852846,0.05061007413484328,0.0182230061602566,1
44681,66,1,8.253283314653919,8.282873969094693,0.029590654440774244,0.16418028532067744,0.0,0.0,0
44681,66,2,8.253283314653919,8.286335744750614,0.03305243009669567,0.22479103403866224,0.0606107487179848,0.018223006160256613,1
44681,66,3,8.253283314653919,8.353028004520322,0.09974468986640339,0.302489077912245,0.13830879259156756,0.018223006160256613,1
44681,67,1,10.016790568721722,10.099775362644213,0.08298479392249014,0.14068538730157018,0.0,0.004907486486595766,0
44681,67,2,10.016790568721722,10.148523102780981,0.13173253405925855,0.14326824396094004,0.0025828566593698588,0.005863239643993448,1
44681,67,3,10.016790568721722,10.31029984604616,0.29350927732443743,0.15840781784124497,0.01772243053967479,0.0,0
44681,68,1,8.96032274235834,9.043199027273037,0.0828762849146969,0.07920576192194326,0.0,0.005863239643993455,1
44681,68,2,8.96032274235834,9.100969606422813,0.14064686406447358,0.09276183455156602,0.013556072629622759,0.0,0
44681,68,3,8.96032274235834,9.348955905344202,0.3886331629858617,0.09628878613172094,0.017083024209777684,0.0,0
44681,69,1,14.12646017382136,14.227925551942352,0.10146537812099155,0.2637160067718897,0.0,0.0,0
44681,69,2,14.12646017382136,14.216656228706935,0.09019605488557403,0.2743586016949918,0.0106425949231021,0.02077676383659767,1
44681,69,3,14.12646017382136,14.215442503431067,0.08898232960970631,0.34126925412640297,0.07755324735451324,0.03215534418170653,1
44681,70,1,10.987038716010924,11.01244240097732,0.025403684966397222,0.16141836590542824,0.0,0.0,0
44681,70,2,10.987038716010924,11.01646050501853,0.029421789007606947,0.22872142699517584,0.0673030610897476,0.011378580345108861,1
44681,70,3,10.987038716010924,11.078411691309224,0.09137297529830057,0.30869080306400526,0.14727243715857702,0.011378580345108861,1
44681,71,1,12.020402248883837,12.217251192503102,0.19684894361926553,0.25333163113477397,0.0005017368451406545,0.0,0
44681,71,2,12.020402248883837,12.195803266073165,0.1754010171893281,0.2528298942896333,0.0,0.009235572340884273,1
44681,71,3,12.020402248883837,12.214995710023928,0.1945934611400908,0.2593550545497767,0.006525160260143381,0.009235572340884273,1
44682,0,1,1.622056055344936,1.7373788983183238,0.1153228429733879,0.14430327761543618,0.0,0.08385413139630682,1
44682,0,2,1.622056055344936,1.9222976511112038,0.30024159576626785,0.2318922052236929,0.0875889276082567,0.0,0
44682,0,3,1.622056055344936,2.0033286906331584,0.38127263528822253,0.30967904307588234,0.16537576546044616,0.0,0
44682,1,1,2.644521787334449,2.782799018122457,0.13827723078800824,0.1995589122181883,0.0,0.0,0
44682,1,2,2.644521787334449,2.805434531638185,0.16091274430373614,0.23556846863516287,0.036009556416974564,0.0,0
44682,1,3,2.644521787334449,2.879049968927212,0.23452818159276312,0.25083048155943977,0.05127156934125146,0.0,0
44682,2,1,3.4136540835911746,3.6566291744936175,0.24297509090244285,0.13540747971788383,0.0,0.0,0
44682,2,2,3.4136540835911746,3.7394589239062173,0.32580484031504264,0.13816781552698365,0.0027603358090998176,0.0,0
44682,2,3,3.4136540835911746,4.313446181828826,0.899792098237651,0.14810666670676143,0.012699186988877592,0.0,0
44682,3,1,2.412996841068071,2.535907557852074,0.1229107167840029,0.17860231437892915,0.0,0.0,0
44682,3,2,2.412996841068071,2.5471809060080397,0.13418406493996882,0.2060228567714881,0.02742054239255895,0.0,0
44682,3,3,2.412996841068071,2.7167617174148297,0.30376487634675886,0.22981534083918656,0.05121302646025741,0.0,0
44682,4,1,2.162882142213645,2.2532356300588883,0.09035348784524322,0.12046283074526394,0.0,0.0,0
44682,4,2,2.162882142213645,2.34871985902072,0.18583771680707484,0.14040272274048243,0.019939891995218492,0.0,0
44682,4,3,2.162882142213645,2.3752119870594917,0.2123298448458466,0.1647560331735976,0.044293202428333664,0.0,0
44682,5,1,1.9725231718731941,2.105241890248947,0.13271871837575278,0.08555075430873993,0.0,0.0,0
44682,5,2,1.9725231718731941,2.097306898304002,0.12478372643080782,0.13397636049421832,0.04842560618547839,0.0,0
44682,5,3,1.9725231718731941,2.1896987082172013,0.2171755363440071,0.18283351302910203,0.0972827587203621,0.0,0
44682,6,1,1.5531505497222864,1.6140484403243367,0.06089789060205031,0.1612646968213603,0.0,0.0,0
44682,6,2,1.5531505497222864,1.6452075779094968,0.0920570281872104,0.2185706920912988,0.057305995269938514,0.0,0
44682,6,3,1.5531505497222864,1.782950002258072,0.2297994525357856,0.28001516246822405,0.11875046564686376,0.0,0
44682,7,1,0.9956979449850805,1.1255754220983045,0.12987747711322406,0.15442302507289446,0.0,0.0,0
44682,7,2,0.9956979449850805,1.2049390096055361,0.20924106462045566,0.21289514806989857,0.058472122997004106,0.0,0
44682,7,3,0.9956979449850805,1.393896250697457,0.3981983057123766,0.26066658407720644,0.10624355900431198,0.0,0
44682,8,1,1.1951164410153832,1.524680908765714,0.3295644677503309,0.19372383809047167,0.0,0.0,0
44682,8,2,1.1951164410153832,1.544465230302512,0.34934878928712876,0.3055231706648853,0.11179933257441366,0.0,0
44682,8,3,1.1951164410153832,1.5443348141765987,0.3492183731612155,0.38350937982510275,0.18978554173463108,0.0,0
44682,9,1,1.7040450995926446,1.7651843847203768,0.061139285127732146,0.1719890468539845,0.0,0.10310098265668988,1
44682,9,2,1.7040450995926446,1.7820089462020186,0.07796384660937394,0.19809894415762364,0.026109897303639135,0.0,0
44682,9,3,1.7040450995926446,1.8068487041789016,0.10280360458625704,0.22142471433583685,0.04943566748185235,0.0,0
44682,10,1,1.3048606376217726,1.4785454874575117,0.17368484983573906,0.13803343553694356,0.0,0.10310098265668989,1
44682,10,2,1.3048606376217726,1.6625038287705034,0.3576431911487308,0.14719136951167305,0.009157933974729499,0.0,0
44682,10,3,1.3048606376217726,1.5479105778892923,0.2430499402675197,0.16677406900423222,0.028740633467288668,0.0,0
44682,11,1,2.281116714971225,2.5136307477202826,0.2325140327490578,0.1424116573017543,0.0,0.10310098265668988,1
44682,11,2,2.281116714971225,2.7072028192023145,0.4260861042310897,0.1784267593308389,0.03601510202908459,0.0,0
44682,11,3,2.281116714971225,2.714875361257909,0.43375864628668426,0.2442666647886326,0.10185500748687829,0.0,0
44682,12,1,1.0737986339913457,1.2138469940291294,0.14004836003778376,0.16573592699417147,0.0,0.08567521202657397,1
44682,12,2,1.0737986339913457,1.3101117150465518,0.2363130810552061,0.1953899963952893,0.02965406940111784,0.0,0
44682,12,3,1.0737986339913457,1.2838735341296246,0.2100749001382789,0.21028194061747618,0.04454601362330471,0.0,0
44682,13,1,1.2064495525225647,2.9836595764377134,1.7772100239151487,0.1915631315482395,0.009913577963716919,0.085675212026574,1
44682,13,2,1.2064495525225647,2.2884593546151355,1.0820098020925708,0.1816495535845226,0.0,0.0,0
44682,13,3,1.2064495525225647,1.478282071721192,0.2718325191986273,0.19251589062937696,0.010866337044854374,0.0,0
44682,14,1,1.9014031344014057,2.0693375244533447,0.167934390051939,0.09476954894913227,0.0,0.085675212026574,1
44682,14,2,1.9014031344014057,2.1453223867269937,0.24391925232558798,0.11743314914244249,0.02266360019331022,0.0,0
44682,14,3,1.9014031344014057,2.2858507195522515,0.38444758515084576,0.1706094750001686,0.07583992605103633,0.0,0
44682,15,1,2.2287482664897977,2.3943848383828645,0.1656365718930668,0.20341995148826814,0.0,0.0,0
44682,15,2,2.2287482664897977,2.32928560815098,0.10053734166118211,0.2175046380064582,0.01408468651819006,0.0,0
44682,15,3,2.2287482664897977,2.4265043784183224,0.1977561119285247,0.22802825274038496,0.024608301252116827,0.0,0
44682,16,1,2.066080332892755,2.3548782323834954,0.2887978994907403,0.1354253005452683,0.0,0.0,0
44682,16,2,2.066080332892755,2.561756694650767,0.495676361758012,0.15482082350445558,0.019395522959187284,0.0,0
44682,16,3,2.066080332892755,2.728947390356836,0.6628670574640809,0.1691816839410304,0.03375638339576209,0.0,0
44682,17,1,1.5082871539738414,1.7534850217834503,0.24519786780960895,0.20451797460923002,0.0,0.0,0
44682,17,2,1.5082871539738414,1.7853011848498408,0.2770140308759994,0.21726529829140714,0.012747323682177125,0.0,0
44682,17,3,1.5082871539738414,2.1274597257442283,0.6191725717703869,0.2408599999775289,0.03634202536829889,0.0,0
44682,18,1,1.2196184961163972,1.3818244026749378,0.1622059065585406,0.16244063076738366,0.0,0.0,0
44682,18,2,1.2196184961163972,1.403527866967594,0.18390937085119674,0.19003782428253013,0.027597193515146473,0.0,0
44682,18,3,1.2196184961163972,1.5181983586045986,0.29857986248820145,0.21217683890162342,0.04973620813423976,0.0,0
44682,19,1,0.8626301912326276,1.0852496479334284,0.22261945670080074,0.15585050104704953,0.0,0.0,0
44682,19,2,0.8626301912326276,1.1387940299330954,0.2761638387004678,0.1813868343896438,0.025536333342594253,0.0,0
44682,19,3,0.8626301912326276,1.159708477926997,0.2970782866943694,0.20542276128067732,0.04957226023362779,0.0,0
44682,20,1,1.4174672208049257,1.5358865290155912,0.11841930821066549,0.19576993768647097,0.0,0.0,0
44682,20,2,1.4174672208049257,1.5475892565182607,0.13012203571333503,0.24622883475556748,0.05045889706909651,0.0,0
44682,20,3,1.4174672208049257,1.651243861551766,0.23377664074684024,0.3142869112493537,0.11851697356288274,0.0,0
44682,21,1,0.8109119689127742,1.0467428433307457,0.23583087441797157,0.17827967347023638,0.0,0.0,0
44682,21,2,0.8109119689127742,1.0736245239562408,0.2627125550434666,0.22540348783865416,0.04712381436841778,0.0,0
44682,21,3,0.8109119689127742,1.2883780917866827,0.47746612287390855,0.2733854577098306,0.0951057842395942,0.0,0
44682,22,1,1.0771598089535401,1.178477068545838,0.10131725959229776,0.16252586316566098,0.0,0.0,0
44682,22,2,1.0771598089535401,1.2441591072947626,0.1669992983412225,0.21825761966572355,0.05573175650006257,0.0,0
44682,22,3,1.0771598089535401,1.399299726433505,0.32213991747996484,0.27532724053617663,0.11280137737051565,0.0,0
44682,23,1,1.1675232342037052,1.3478734199003006,0.18035018569659544,0.1575767960455369,0.0,0.0,0
44682,23,2,1.1675232342037052,1.428603961855655,0.2610807276519498,0.19161701636371523,0.03404022031817833,0.0,0
44682,23,3,1.1675232342037052,1.6079720888866622,0.440448854682957,0.24066865591672007,0.08309185987118317,0.0,0
44682,24,1,1.657881403399351,1.8500248096317418,0.1921434062323908,0.13319014633144005,0.0,0.0,0
44682,24,2,1.657881403399351,1.9435745672550158,0.2856931638556648,0.1842930147398362,0.051102868408396146,0.0,0
44682,24,3,1.657881403399351,2.329538294130951,0.6716568907316001,0.27484009680405963,0.14164995047261958,0.0,0
44682,25,1,1.2069914139226712,1.3619139470386863,0.15492253311601512,0.1707820656896866,0.0,0.0,0
44682,25,2,1.2069914139226712,1.417289569640304,0.21029815571763288,0.2395645881037184,0.0687825224140318,0.0,0
44682,25,3,1.2069914139226712,1.5906026736981975,0.38361125977552635,0.2783323387763833,0.10755027308669671,0.0,0
44682,26,1,1.3704493990185505,1.4749777768180203,0.10452837779946988,0.17318901392982658,0.0,0.0,0
44682,26,2,1.3704493990185505,1.4874442283562308,0.11699482933768035,0.2341527242627222,0.06096371033289563,0.0,0
44682,26,3,1.3704493990185505,1.623832335365196,0.25338293634664555,0.3000123752671406,0.126823361337314,0.0,0
44682,27,1,1.4790525159973138,1.5983092548095539,0.11925673881224008,0.16858657461924711,0.0,0.0,0
44682,27,2,1.4790525159973138,1.6652448392988226,0.1861923233015088,0.22155387588739134,0.05296730126814422,0.0,0
44682,27,3,1.4790525159973138,1.9131396979374784,0.4340871819401646,0.2733202148336064,0.1047336402143593,0.0,0
44682,28,1,1.5832294455619262,1.8687556515922679,0.2855262060303416,0.16686605757146708,0.0,0.0,0
44682,28,2,1.5832294455619262,2.0420299034280993,0.4588004578661731,0.24426051447966496,0.07739445690819788,0.0,0
44682,28,3,1.5832294455619262,2.116277570195584,0.5330481246336576,0.3346181577417181,0.16775210017025102,0.0,0
44682,29,1,0.7269641513798493,0.9285189369901337,0.2015547856102844,0.17156464835582855,0.0,0.0866015112284394,1
44682,29,2,0.7269641513798493,0.9817899463809245,0.2548257950010753,0.25969421601351256,0.08812956765768401,0.04992130822546931,1
44682,29,3,0.7269641513798493,1.055523608447554,0.32855945706770484,0.33427338546084967,0.16270873710502112,0.0,0
44682,30,1,1.638355737511598,1.9435600723199886,0.3052043348083906,0.2193880607914808,0.0,0.08660151122843937,1
44682,30,2,1.638355737511598,2.0232900151196236,0.38493427760802557,0.2825663083245884,0.0631782475331076,0.04992130822546931,1
44682,30,3,1.638355737511598,2.47591007104797,0.837554333536372,0.3963541995886479,0.17696613879716713,0.0,0
44682,31,1,1.5360735822522003,1.625966457287872,0.08989287503567178,0.19528095167107987,0.0,0.0,0
44682,31,2,1.5360735822522003,1.6450088481679361,0.10893526591573588,0.2340367536647744,0.03875580199369452,0.0,0
44682,31,3,1.5360735822522003,1.881664793671165,0.34559121141896476,0.2889621168747842,0.09368116520370431,0.0,0
44682,32,1,1.0363885893967346,1.1398906295041096,0.10350204010737496,0.16690184201043942,0.0,0.0,0
44682,32,2,1.0363885893967346,1.1825314900781798,0.1461429006814452,0.2137012085974004,0.04679936658696099,0.0,0
44682,32,3,1.0363885893967346,1.323199346158805,0.28681075676207035,0.2729131400396407,0.10601129802920126,0.0,0
44682,33,1,1.3400845543207673,1.671052554049733,0.3309679997289656,0.1825933775950694,0.0,0.0,0
44682,33,2,1.3400845543207673,1.7241925962885152,0.38410804196774784,0.2756270212713167,0.09303364367624731,0.0,0
44682,33,3,1.3400845543207673,1.7360552323094467,0.39597067798867935,0.3747064151310441,0.19211303753597467,0.0,0
44682,34,1,0.8506411151819648,1.070938762849715,0.22029764766775006,0.1366722044781236,0.0,0.10588179626735772,1
44682,34,2,0.8506411151819648,1.1875033645680335,0.3368622493860687,0.17985473741094307,0.043182532932819484,0.0,0
44682,34,3,0.8506411151819648,1.3172630232737497,0.46662190809178483,0.20322089915729596,0.06654869467917238,0.0,0
44682,35,1,1.0757529585908852,1.5794761814697065,0.5037232228788213,0.22202353327604335,0.0,0.10588179626735775,1
44682,35,2,1.0757529585908852,1.5892118949060507,0.5134589363151656,0.26112230974545353,0.03909877646941018,0.0,0
44682,35,3,1.0757529585908852,1.7711649678565202,0.6954120092656351,0.28998584122085885,0.0679623079448155,0.0,0
44682,36,1,1.54673134413423,1.6329428329616626,0.08621148882743257,0.10965701677680836,0.0,0.10588179626735776,1
44682,36,2,1.54673134413423,1.6434527303249524,0.09672138619072235,0.15147674868513808,0.041819731908329716,0.0,0
44682,36,3,1.54673134413423,1.659592367227432,0.1128610230932019,0.2200108194872561,0.11035380271044773,0.0,0
44682,37,1,1.0734803546288365,1.149400155467949,0.07591980083911243,0.16935795538728055,0.0,0.03860671998226062,1
44682,37,2,1.0734803546288365,1.2039361070700327,0.13045575244119623,0.2264312109961805,0.05707325560889995,0.0,0
44682,37,3,1.0734803546288365,1.269339696846709,0.1958593422178725,0.284339110857739,0.11498115547045845,0.0,0
44682,38,1,1.0493564037897132,1.1892802637402298,0.1399238599505166,0.16534981124058626,0.0,0.038606719982260645,1
44682,38,2,1.0493564037897132,1.2875168615543733,0.2381604577646601,0.21269973488812646,0.047349923647540204,0.0,0
44682,38,3,1.0493564037897132,1.535982579834497,0.48662617604478386,0.2668148042947711,0.10146499305418485,0.0,0
44682,39,1,1.789967156716812,2.0244717167847597,0.23450456006794762,0.1673637127907023,0.0,0.03860671998226063,1
44682,39,2,1.789967156716812,2.348493480303125,0.5585263235863132,0.2774216236665641,0.11005791087586178,0.0,0
44682,39,3,1.789967156716812,2.3242433495075994,0.5342761927907873,0.337670543701309,0.1703068309106067,0.0,0
44682,40,1,1.3585763446011412,1.5900031702993722,0.23142682569823103,0.19551694872989325,0.0,0.0,0
44682,40,2,1.3585763446011412,1.5912618198353183,0.23268547523417715,0.21427569830545476,0.018758749575561506,0.0,0
44682,40,3,1.3585763446011412,1.7370631691585374,0.37848682455739624,0.2370915939189069,0.04157464518901366,0.0,0
44682,41,1,1.2298866170556635,1.3392204160262484,0.10933379897058493,0.17303979302164826,0.0,0.0,0
44682,41,2,1.2298866170556635,1.3533966701437923,0.12351005308812879,0.20609721222806465,0.03305741920641639,0.0,0
44682,41,3,1.2298866170556635,1.4136214056355243,0.1837347885798608,0.2292198849326991,0.05618009191105083,0.0,0
44682,42,1,1.3168511179468578,1.6325914292153787,0.31574031126852087,0.1932306261715999,0.0,0.0,0
44682,42,2,1.3168511179468578,1.7156510868856405,0.39879996893878267,0.2385080566455529,0.04527743047395302,0.0,0
44682,42,3,1.3168511179468578,1.8132390625799837,0.49638794463312585,0.25991046959404407,0.06667984342244418,0.0,0
44682,43,1,2.8365800567995625,2.9394130812029937,0.10283302440343123,0.21380039542340906,0.0,0.0,0
44682,43,2,2.8365800567995625,2.9572324041907607,0.12065234739119823,0.30316185060725526,0.0893614551838462,0.0,0
44682,43,3,2.8365800567995625,3.0104170848395597,0.17383702803999723,0.3758483472802262,0.16204795185681714,0.0,0
44682,44,1,1.2010868057550328,1.3194173403384748,0.118330534583442,0.17527364868756573,0.0,0.0,0
44682,44,2,1.2010868057550328,1.3200191378062307,0.11893233205119791,0.22601575707715854,0.05074210838959281,0.0,0
44682,44,3,1.2010868057550328,1.5219850721475665,0.3208982663925337,0.2810396805627366,0.10576603187517086,0.0,0
44682,45,1,1.3705720619967572,1.6770401541216873,0.3064680921249301,0.1809540853096565,0.0,0.0,0
44682,45,2,1.3705720619967572,1.7524691902735257,0.38189712827676847,0.2716330919697754,0.09067900666011891,0.0,0
44682,45,3,1.3705720619967572,1.9141416762433974,0.5435696142466402,0.3569647192576706,0.17601063394801408,0.0,0
44682,46,1,2.0046688145991576,2.3400380258638043,0.3353692112646467,0.20867523485992176,0.0,0.0,0
44682,46,2,2.0046688145991576,2.294405307207483,0.28973649260832524,0.20934742979662024,0.0006721949366984836,0.0,0
44682,46,3,2.0046688145991576,2.48705323494272,0.4823844203435623,0.2117430393253821,0.0030678044654603442,0.0,0
44682,47,1,1.3028061674465063,1.3860303635497098,0.08322419610320342,0.20104374490170315,0.0,0.0,0
44682,47,2,1.3028061674465063,1.4104473431147535,0.10764117566824716,0.26386214051235235,0.0628183956106492,0.0,0
44682,47,3,1.3028061674465063,1.4598234605995721,0.15701729315306578,0.334922136236111,0.13387839133440785,0.0,0
44682,48,1,1.4107834294895203,1.6922136852519238,0.28143025576240355,0.20394811598757426,0.0,0.0,0
44682,48,2,1.4107834294895203,1.6670799086592325,0.2562964791697122,0.21865416496050677,0.014706048972932512,0.0,0
44682,48,3,1.4107834294895203,1.8415053478576087,0.4307219183680884,0.23973781004405512,0.03578969405648086,0.0,0
44682,49,1,1.4305028266615,1.5146101049553309,0.0841072782938308,0.1766647370991051,0.0,0.0,0
44682,49,2,1.4305028266615,1.5519600632115822,0.12145723655008211,0.20047179313283686,0.02380705603373176,0.0,0
44682,49,3,1.4305028266615,1.5513483337330072,0.1208455070715071,0.22125208886749823,0.044587351768393124,0.0,0
44682,50,1,1.751668385855591,1.9226072550935058,0.1709388692379148,0.12228446510318458,0.0,0.0,0
44682,50,2,1.751668385855591,2.0179032057208657,0.26623481986527464,0.19222068021178304,0.06993621510859846,0.0,0
44682,50,3,1.751668385855591,1.9894764952834798,0.23780810942788877,0.21869035691735983,0.09640589181417525,0.0,0
44682,51,1,2.320752038496596,2.4087485555446917,0.08799651704809586,0.18457989411646417,0.0,0.0,0
44682,51,2,2.320752038496596,2.450939491416072,0.13018745291947598,0.23942277083235006,0.05484287671588589,0.0,0
44682,51,3,2.320752038496596,2.639235644276091,0.3184836057794951,0.3056336220208773,0.12105372790441313,0.0,0
44682,52,1,1.417590765570485,1.5331121221629178,0.1155213565924329,0.2034631101009959,0.0,0.0,0
44682,52,2,1.417590765570485,1.533503736697106,0.11591297112662113,0.30219952925272736,0.09873641915173145,0.0,0
44682,52,3,1.417590765570485,1.5530311060580237,0.13544034048753884,0.3784198447414589,0.174956734640463,0.0,0
44682,53,1,2.1406118997844947,2.6860905804303234,0.5454786806458287,0.25983556475053304,0.027984518437815714,0.0,0
44682,53,2,2.1406118997844947,2.621127406638741,0.48051550685424615,0.23598619622263772,0.004135149909920394,0.0,0
44682,53,3,2.1406118997844947,2.665654570969139,0.5250426711846443,0.23185104631271733,0.0,0.0,0
44682,54,1,2.4966080317225527,3.55891936696971,1.0623113352471574,0.12184431809514373,0.0030799106612814653,0.0,0
44682,54,2,2.4966080317225527,2.9985764808812334,0.5019684491586807,0.12171362735217028,0.002949219918308016,0.0,0
44682,54,3,2.4966080317225527,3.3464201951002712,0.8498121633777185,0.11876440743386227,0.0,0.0,0
44682,55,1,1.7817339535140218,2.419372808384187,0.637638854870165,0.23381781755793662,0.0,0.0,0
44682,55,2,1.7817339535140218,2.083089697779412,0.30135574426539047,0.23590740137956923,0.0020895838216326013,0.0,0
44682,55,3,1.7817339535140218,2.537331536067194,0.7555975825531724,0.23906251076637203,0.0052446932084354025,0.0,0
44682,56,1,2.3916151045776193,2.5464825789795773,0.15486747440195803,0.15812798838654413,0.0,0.0,0
44682,56,2,2.3916151045776193,2.7173339852831786,0.3257188807055593,0.20167343017630399,0.04354544178975986,0.0,0
44682,56,3,2.3916151045776193,2.8155995505069957,0.42398444592937645,0.2061841257407865,0.048056137354242384,0.0,0
44682,57,1,14.808184522904131,14.916465162317909,0.10828063941377764,0.2570250474820741,0.012506029048931167,0.0,0
44682,57,2,14.808184522904131,14.919679620997831,0.11149509809369995,0.2509446008670262,0.006425582433883248,0.0,0
44682,57,3,14.808184522904131,14.907385252522133,0.0992007296180013,0.24451901843314294,0.0,0.0,0
44682,58,1,14.76129921127567,14.943980566419558,0.18268135514388817,0.1794516324194094,0.00026210356848410665,0.0,0
44682,58,2,14.76129921127567,14.980881354583914,0.21958214330824433,0.18237122561252575,0.003181696761600461,0.0,0
44682,58,3,14.76129921127567,14.850022384642836,0.08872317336716584,0.1791895288509253,0.0,0.0,0
44682,59,1,14.837407789992739,15.131832092478636,0.294424302485897,0.1114078421408587,0.0,0.0,0
44682,59,2,14.837407789992739,15.063099102461617,0.22569131246887864,0.14954604931908527,0.038138207178226566,0.0,0
44682,59,3,14.837407789992739,14.915308949002513,0.0779011590097749,0.14486134763656858,0.03345350549570987,0.0,0
44682,60,1,0.7631969353108106,0.8960963946932775,0.13289945938246694,0.18321922315325093,0.0,0.18053282675655075,1
44682,60,2,0.7631969353108106,1.0094902153797847,0.2462932800689741,0.27785813344992955,0.09463891029667862,0.10266025377215221,1
44682,60,3,0.7631969353108106,1.0614310387590122,0.29823410344820167,0.3499923839737446,0.16677316082049368,0.0,0
44682,61,1,1.5161300532942945,1.8822032235374686,0.3660731702431741,0.22586474624191685,0.0,0.18053282675655075,1
44682,61,2,1.5161300532942945,1.9623853623536995,0.446255309059405,0.3410517933059651,0.11518704706404823,0.10266025377215221,1
44682,61,3,1.5161300532942945,2.163888881933125,0.6477588286388303,0.44407341491445135,0.2182086686725345,0.0,0
44682,62,1,8.57620428791403,8.607363321331494,0.031159033417464954,0.19578521782590544,0.0,0.0,0
44682,62,2,8.57620428791403,8.607835685117658,0.031631397203629064,0.21518851742829237,0.01940329960238693,0.030755054432447818,1
44682,62,3,8.57620428791403,8.61268460035362,0.0364803124395916,0.23970798179911992,0.043922763973214485,0.048290783807238266,1
44682,63,1,8.279782834785257,8.315648803249829,0.03586596846457191,0.14135883169383184,0.0,0.0,0
44682,63,2,8.279782834785257,8.349177111336402,0.0693942765511455,0.19803513620044239,0.05667630450661054,0.017535729374790456,1
44682,63,3,8.279782834785257,8.410555100121469,0.130772265336212,0.2307089296405299,0.08935009794669804,0.017535729374790456,1
44682,64,1,10.865614556675382,10.945492906969973,0.07987835029459056,0.1325705408891736,0.0,0.004205531276221489,0
44682,64,2,10.865614556675382,10.95923624291704,0.0936216862416579,0.1412659922923604,0.008695451403186782,0.00559790522370518,1
44682,64,3,10.865614556675382,11.149070135673835,0.28345557899845275,0.15202074285135797,0.01945020196218436,0.0,0
44682,65,1,9.761800402240276,9.812959824999558,0.05115942275928198,0.06832310811654199,0.0,0.00559790522370518,1
44682,65,2,9.761800402240276,9.84189447803021,0.08009407578993333,0.10634277361018009,0.0380196654936381,0.0,0
44682,65,3,9.761800402240276,9.910777087210846,0.14897668497057026,0.1183231121378721,0.050000004021330105,0.0,0
44682,66,1,14.241849475077533,14.277506414486425,0.035656939408891475,0.2008397735114925,0.0,0.0,0
44682,66,2,14.241849475077533,14.290701002851245,0.04885152777371182,0.2566296320058798,0.05578985849438731,0.02067738854000753,1
44682,66,3,14.241849475077533,14.358317120070392,0.11646764499285922,0.33418512335739586,0.13334534984590338,0.03127480700559332,1
44682,67,1,11.048075405382118,11.090789826628662,0.042714421246543566,0.1561286749310361,0.0,0.0,0
44682,67,2,11.048075405382118,11.117560532480793,0.06948512709867494,0.2349254417816021,0.078796766850566,0.010597418465585796,1
44682,67,3,11.048075405382118,11.203333619595691,0.155258214213573,0.31084201897427505,0.15471334404323894,0.010597418465585796,1
44682,68,1,13.209207507052696,13.412829834909832,0.2036223278571363,0.2044726567086801,0.003084836094812138,0.0,0
44682,68,2,13.209207507052696,13.410684754555792,0.20147724750309592,0.20790754940926012,0.006519728795392171,0.008720094714044158,1
44682,68,3,13.209207507052696,14.062151558362089,0.8529440513093931,0.20138782061386795,0.0,0.008720094714044158,1
44682,69,1,11.61740508825603,11.653600534153664,0.03619544589763457,0.1722505729385217,0.0,0.0019140510104625405,0
44682,69,2,11.61740508825603,11.694637878557845,0.07723279030181551,0.22369683547259578,0.05144626253407408,0.0,0
44682,69,3,11.61740508825603,11.790825899265387,0.17342081100935758,0.24238086167642703,0.07013028873790533,0.0,0
44683,0,1,1.2494128329143912,1.476085492714411,0.22667265980001972,0.16546356837950119,0.0,0.0,0
44683,0,2,1.2494128329143912,1.519132624197463,0.2697197912830718,0.21283247977555236,0.04736891139605118,0.0,0
44683,0,3,1.2494128329143912,1.6586019726481631,0.4091891397337719,0.2537791581716491,0.0883155897921479,0.0,0
44683,1,1,1.490963377854921,1.7561375811118165,0.26517420325689556,0.15808420633933237,0.0,0.0,0
44683,1,2,1.490963377854921,1.9943143960019392,0.5033510181470182,0.2149557436930136,0.05687153735368122,0.0,0
44683,1,3,1.490963377854921,1.9318931618260184,0.4409297839710975,0.2730770438678054,0.11499283752847303,0.0,0
44683,2,1,1.5787751050005554,1.6952907397013832,0.11651563470082782,0.1658703642442026,0.0,0.0,0
44683,2,2,1.5787751050005554,1.7526055347681833,0.17383042976762786,0.22820965848164582,0.06233929423744322,0.0,0
44683,2,3,1.5787751050005554,1.8282431548073688,0.24946804980681336,0.2837803877071773,0.11791002346297469,0.0,0
44683,3,1,1.4257517978941123,1.7177568458722638,0.2920050479781515,0.1911487489391032,0.0,0.0,0
44683,3,2,1.4257517978941123,1.7952254877855123,0.36947368989139995,0.21537217271302025,0.024223423773917063,0.0,0
44683,3,3,1.4257517978941123,1.9555789503739143,0.5298271524798019,0.2541389847770558,0.06299023583795263,0.0,0
44683,4,1,2.114781248262344,2.345176611444809,0.23039536318246512,0.1768219312906238,0.0,0.0,0
44683,4,2,2.114781248262344,2.5287821989076673,0.4140009506453235,0.2184254043639536,0.041603473073329816,0.0,0
44683,4,3,2.114781248262344,2.5290285440570197,0.4142472957946759,0.2765330955969412,0.09971116430631743,0.0,0
44683,5,1,1.325013162917232,1.6316438891093061,0.3066307261920742,0.14754459545547033,0.0,0.0856058883294567,1
44683,5,2,1.325013162917232,2.0169523255340396,0.6919391626168077,0.1735231693996842,0.02597857394421388,0.0,0
44683,5,3,1.325013162917232,1.966731978208518,0.641718815291286,0.17602541145226405,0.028480815996793724,0.0,0
44683,6,1,1.4080007620805766,1.5964701610387073,0.18846939895813075,0.15723467638515512,0.0,0.08560588832945672,1
44683,6,2,1.4080007620805766,1.7969111898315824,0.3889104277510058,0.1822833414945688,0.02504866510941367,0.0,0
44683,6,3,1.4080007620805766,1.7860443556774483,0.3780435935968718,0.1975789972164369,0.04034432083128178,0.0,0
44683,7,1,1.9715340329859465,2.052156267205258,0.08062223421931147,0.07903005878225486,0.0,0.08560588832945672,1
44683,7,2,1.9715340329859465,2.120171490605405,0.14863745761945868,0.09078157815244989,0.01175151937019503,0.0,0
44683,7,3,1.9715340329859465,2.241677530383164,0.27014349739721766,0.09948265192119617,0.020452593138941308,0.0,0
44683,8,1,2.00571950825391,2.3195814046754557,0.3138618964215456,0.15931699025939214,0.0,0.0,0
44683,8,2,2.00571950825391,2.6188693946157704,0.6131498863618603,0.176287830031896,0.016970839772503854,0.0,0
44683,8,3,2.00571950825391,2.4229125847602067,0.41719307650629656,0.176279004380963,0.016962014121570862,0.0,0
44683,9,1,2.086529451362641,2.2642159819077023,0.17768653054506123,0.08652021517989239,0.0,0.0,0
44683,9,2,2.086529451362641,2.3670371813605384,0.2805077299978973,0.14354794531134016,0.05702773013144777,0.0,0
44683,9,3,2.086529451362641,2.3986109210845257,0.31208146972188455,0.1513654030989167,0.0648451879190243,0.0,0
44683,10,1,1.5945970325787668,1.7615488113191051,0.16695177874033829,0.17342364088270767,0.0,0.0,0
44683,10,2,1.5945970325787668,1.8985391647687742,0.3039421321900073,0.23462163146745943,0.061197990584751755,0.0,0
44683,10,3,1.5945970325787668,1.954253881305108,0.3596568487263412,0.2884390862600826,0.1150154453773749,0.0,0
44683,11,1,1.5359881166962488,1.682411561288697,0.14642344459244816,0.14944692243881202,0.0,0.0,0
44683,11,2,1.5359881166962488,1.8010754913901248,0.265087374693876,0.20842699494336106,0.058980072504549036,0.0,0
44683,11,3,1.5359881166962488,1.7863882734486787,0.2504001567524299,0.2692570516934857,0.11981012925467366,0.0,0
44683,12,1,1.1001100795595413,1.2693740525994301,0.16926397303988883,0.1671160637451948,0.0,0.0,0
44683,12,2,1.1001100795595413,1.4168597651039796,0.3167496855444383,0.21486114712964718,0.04774508338445238,0.0,0
44683,12,3,1.1001100795595413,1.5127534792144952,0.4126433996549539,0.26090301785850545,0.09378695411331064,0.0,0
44683,13,1,1.5353211672749971,1.6532735204792872,0.1179523532042901,0.17842138008998526,0.0,0.0,0
44683,13,2,1.5353211672749971,1.7345492022977311,0.199228035022734,0.28919848184875274,0.11077710175876748,0.0,0
44683,13,3,1.5353211672749971,1.7504321821299988,0.21511101485500173,0.3352806596480817,0.15685927955809642,0.0,0
44683,14,1,0.9656788863013993,1.096412189009809,0.13073330270840977,0.20254974622863547,0.0,0.0,0
44683,14,2,0.9656788863013993,1.1640126706739566,0.19833378437255733,0.2859117363700523,0.08336199014141682,0.0,0
44683,14,3,0.9656788863013993,1.2050349278963537,0.23935604159495438,0.3205969352008626,0.1180471889722271,0.0,0
44683,15,1,1.1109874529235082,1.1605185129768643,0.04953106005335606,0.16305445168425844,0.0,0.0,0
44683,15,2,1.1109874529235082,1.1949775094346282,0.08399005651112001,0.25327320861613095,0.0902187569318725,0.0,0
44683,15,3,1.1109874529235082,1.2596439735267415,0.1486565206032333,0.31307667173169845,0.15002222004744,0.0,0
44683,16,1,1.3410961677878785,1.5468015177224648,0.20570534993458622,0.16793968608364127,0.0,0.0,0
44683,16,2,1.3410961677878785,1.6243144909973055,0.28321832320942697,0.23576817374001477,0.0678284876563735,0.0,0
44683,16,3,1.3410961677878785,1.6686309433729996,0.327534775585121,0.27314598319148026,0.10520629710783899,0.0,0
44683,17,1,1.7521837804716924,1.9506176039427963,0.19843382347110383,0.1477067518788751,0.0,0.0,0
44683,17,2,1.7521837804716924,2.0405877731495985,0.28840399267790606,0.17994137335870677,0.032234621479831665,0.0,0
44683,17,3,1.7521837804716924,2.205499819050625,0.45331603857893277,0.2181349645607815,0.07042821268190638,0.0,0
44683,18,1,1.4603859145305282,1.6395334757286768,0.17914756119814856,0.16902978831124424,0.0,0.0,0
44683,18,2,1.4603859145305282,1.7043945072362097,0.24400859270568143,0.2935812933504759,0.12455150503923165,0.0,0
44683,18,3,1.4603859145305282,1.722840888353533,0.26245497382300487,0.35642530710065157,0.18739551878940733,0.0,0
44683,19,1,1.4109081175955214,1.4715380344520752,0.060629916856553834,0.1800695995044713,0.0,0.0,0
44683,19,2,1.4109081175955214,1.5456084192253112,0.13470030162978985,0.28651539788263264,0.10644579837816134,0.0,0
44683,19,3,1.4109081175955214,1.5825500563703705,0.17164193877484912,0.33485658128337586,0.15478698177890457,0.0,0
44683,20,1,1.6290533867445802,1.7028986065391023,0.07384521979452208,0.19886645108223955,0.0,0.0,0
44683,20,2,1.6290533867445802,1.7552739971271354,0.12622061038255517,0.26994788415566634,0.07108143307342679,0.0,0
44683,20,3,1.6290533867445802,1.8122658205598285,0.18321243381524832,0.3004348858929515,0.10156843481071193,0.0,0
44683,21,1,1.8135900240960638,2.071119349385171,0.2575293252891071,0.176706101594116,0.0,0.0,0
44683,21,2,1.8135900240960638,2.1711910684452773,0.35760104434921347,0.20881420103767853,0.03210809944356252,0.0,0
44683,21,3,1.8135900240960638,2.3216602914689655,0.5080702673729016,0.25032354267748985,0.07361744108337384,0.0,0
44683,22,1,1.3926015908503881,1.520871629722297,0.1282700388719089,0.18318537637547105,0.0,0.08692839247712403,1
44683,22,2,1.3926015908503881,1.6530917584930855,0.2604901676426974,0.3024128960245717,0.11922751964910067,0.050445428280505744,1
44683,22,3,1.3926015908503881,1.654055969905307,0.26145437905491886,0.3607236286137706,0.17753825223829955,0.0,0
44683,23,1,1.735229302991662,2.21823236021351,0.4830030572218482,0.18263502856655056,0.0,0.08692839247712401,1
44683,23,2,1.735229302991662,2.379024837959465,0.6437955349678033,0.31159103723575665,0.1289560086692061,0.05044542828050576,1
44683,23,3,1.735229302991662,2.4918605909169456,0.7566312879252837,0.391681865110074,0.20904683654352346,0.0,0
44683,24,1,1.6110706545911193,1.7078700128865691,0.09679935829544983,0.1724914638700206,0.0,0.0,0
44683,24,2,1.6110706545911193,1.7618597753347245,0.15078912074360518,0.24932656786615431,0.07683510399613372,0.0,0
44683,24,3,1.6110706545911193,1.855532507610365,0.24446185301924572,0.29301902079315506,0.12052755692313447,0.0,0
44683,25,1,1.3317755625212713,1.472504948035451,0.1407293855141798,0.15141105159006557,0.0,0.0,0
44683,25,2,1.3317755625212713,1.5507858326806947,0.21901027015942343,0.22540366116408508,0.07399260957401951,0.0,0
44683,25,3,1.3317755625212713,1.6081833131848644,0.27640775066359313,0.277608710534935,0.12619765894486945,0.0,0
44683,26,1,1.4862558180980647,1.634982482313561,0.1487266642154963,0.17151697750439757,0.0,0.0,0
44683,26,2,1.4862558180980647,1.706666268851098,0.22041045075303334,0.2603739772854603,0.08885699978106273,0.0,0
44683,26,3,1.4862558180980647,1.7165501759578152,0.2302943578597505,0.3068267319811752,0.13530975447677765,0.0,0
44683,27,1,0.9443501887899064,1.4465116628173416,0.5021614740274352,0.10606707079003373,0.0,0.10641341333265283,1
44683,27,2,0.9443501887899064,1.6651544304273986,0.7208042416374922,0.14803108991795158,0.04196401912791785,0.0,0
44683,27,3,0.9443501887899064,1.9283409559263525,0.9839907671364461,0.1660431188249133,0.05997604803487956,0.0,0
44683,28,1,1.2829163681582918,1.821377578578692,0.5384612104204003,0.12539692857498663,0.0,0.10641341333265283,1
44683,28,2,1.2829163681582918,2.0202060624139744,0.7372896942556826,0.14964011885837147,0.02424319028338484,0.0,0
44683,28,3,1.2829163681582918,2.078511127626907,0.7955947594686152,0.17720090916905182,0.051803980594065185,0.0,0
44683,29,1,1.40876182021189,1.4966585499199923,0.08789672970810236,0.07944205074785009,0.0,0.10641341333265283,1
44683,29,2,1.40876182021189,1.6242709561208322,0.21550913590894227,0.09818233629776661,0.018740285549916524,0.0,0
44683,29,3,1.40876182021189,1.7356511272756063,0.32688930706371644,0.1038307849070974,0.02438873415924732,0.0,0
44683,30,1,1.2905270298858613,1.3924367808285107,0.10190975094264942,0.16978873679658454,0.0,0.037889150938285626,1
44683,30,2,1.2905270298858613,1.46901527815347,0.17848824826760867,0.24999370367352383,0.08020496687693929,0.0,0
44683,30,3,1.2905270298858613,1.4660352533498409,0.17550822346397954,0.31354887472787757,0.14376013793129302,0.0,0
44683,31,1,1.1885515557734732,1.3249089241830447,0.13635736840957158,0.16129812703668708,0.0,0.037889150938285654,1
44683,31,2,1.1885515557734732,1.3945370242696622,0.20598546849618904,0.21889339705069966,0.05759527001401257,0.0,0
44683,31,3,1.1885515557734732,1.5751773008192156,0.38662574504574243,0.2641647359411777,0.10286660890449059,0.0,0
44683,32,1,1.7894139817300694,1.925816525570042,0.13640254383997252,0.09982515415216142,0.0,0.037889150938285626,1
44683,32,2,1.7894139817300694,2.050319614059868,0.26090563232979846,0.16582170973997581,0.06599655558781439,0.0,0
44683,32,3,1.7894139817300694,2.0588079953467657,0.26939401361669635,0.19407314838571074,0.09424799423354932,0.0,0
44683,33,1,1.386885141519763,2.0010089682473446,0.6141238267275817,0.1750953246128761,0.0,0.0,0
44683,33,2,1.386885141519763,2.197437677174523,0.81055253565476,0.19136408523649656,0.016268760623620454,0.0,0
44683,33,3,1.386885141519763,2.5320391591108384,1.1451540175910755,0.19326672147610952,0.018171396863233408,0.0,0
44683,34,1,1.316396176619146,1.7537807019133325,0.43738452529418637,0.15679685043872127,0.0,0.0,0
44683,34,2,1.316396176619146,2.002179105924786,0.6857829293056401,0.16344725401259871,0.006650403573877445,0.0,0
44683,34,3,1.316396176619146,2.155670635665584,0.8392744590464378,0.16692013057645005,0.010123280137728785,0.0,0
44683,35,1,1.5048505038320656,1.808505820323295,0.30365531649122945,0.0994468092769712,0.0,0.0,0
44683,35,2,1.5048505038320656,1.9674017312901007,0.462551227458035,0.1427308286727168,0.04328401939574561,0.0,0
44683,35,3,1.5048505038320656,2.049503900538325,0.5446533967062592,0.1810855886020117,0.08163877932504052,0.0,0
44683,36,1,2.476901535824706,2.712471921664042,0.23557038583933565,0.2054726235042795,0.0,0.0,0
44683,36,2,2.476901535824706,2.7839820913964823,0.30708055557177616,0.3358380162994408,0.13036539279516132,0.0,0
44683,36,3,2.476901535824706,2.8150816964002385,0.33818016057553235,0.40253554205712283,0.19706291855284333,0.0,0
44683,37,1,1.3563401501053494,1.5066878267737092,0.1503476766683598,0.16472921167624122,0.0,0.0,0
44683,37,2,1.3563401501053494,1.6738330321300308,0.3174928820246814,0.22472898031556712,0.05999976863932591,0.0,0
44683,37,3,1.3563401501053494,1.6479554754414216,0.29161532533607226,0.2823314023546638,0.11760219067842259,0.0,0
44683,38,1,1.8137786585148903,1.9604454326793168,0.14666677416442653,0.18795545191617447,0.0,0.0,0
44683,38,2,1.8137786585148903,2.096206225822446,0.2824275673075558,0.24000202544960195,0.05204657353342748,0.0,0
44683,38,3,1.8137786585148903,2.2698874626012726,0.4561088040863823,0.2713555454328,0.08340009351662553,0.0,0
44683,39,1,2.1805950331216186,2.9136987350115797,0.7331037018899611,0.19228792857549087,0.016848053143984743,0.0,0
44683,39,2,2.1805950331216186,2.5562546625533287,0.37565962943171005,0.17543987543150613,0.0,0.0,0
44683,39,3,2.1805950331216186,2.5940431224481606,0.413448089326542,0.17723570302812203,0.0017958275966158954,0.0,0
44683,40,1,1.4189925378251786,1.5117012689178395,0.09270873109266087,0.19284445080217316,0.0,0.0,0
44683,40,2,1.4189925378251786,1.563331182470315,0.14433864464513646,0.30428210462433103,0.11143765382215787,0.0,0
44683,40,3,1.4189925378251786,1.5998806609163545,0.18088812309117586,0.3647576241025279,0.17191317330035472,0.0,0
44683,41,1,1.5714365624586146,2.0445491375217535,0.47311257506313886,0.18069426630157298,0.0,0.0,0
44683,41,2,1.5714365624586146,2.271200084826634,0.6997635223680194,0.19485048484092451,0.014156218539351534,0.0,0
44683,41,3,1.5714365624586146,2.466248619965919,0.8948120575073042,0.19716916520858782,0.01647489890701484,0.0,0
44683,42,1,1.4579754718571942,1.5923227335346395,0.13434726167744526,0.14902984669612443,0.0,0.0,0
44683,42,2,1.4579754718571942,2.156475373740151,0.698499901882957,0.1618836962923428,0.01285384959621838,0.0,0
44683,42,3,1.4579754718571942,2.109246497812089,0.6512710259548948,0.16108634105126957,0.012056494355145136,0.0,0
44683,43,1,1.765075384472393,1.945776903369979,0.180701518897586,0.06488425384049215,0.0,0.0,0
44683,43,2,1.765075384472393,2.0672638375339454,0.3021884530615524,0.12980499708335122,0.06492074324285907,0.0,0
44683,43,3,1.765075384472393,2.078872590005605,0.3137972055332119,0.14948376012190753,0.08459950628141538,0.0,0
44683,44,1,2.4240155603732503,2.640558619273686,0.2165430589004358,0.1869268244205861,0.0,0.0,0
44683,44,2,2.4240155603732503,2.847813106563051,0.4237975461898009,0.30106604456428504,0.11413922014369893,0.0,0
44683,44,3,2.4240155603732503,2.941661651306412,0.5176460909331619,0.3185888834571888,0.13166205903660266,0.0,0
44683,45,1,1.5743870660615045,1.8410044932423428,0.26661742718083836,0.20512245233898513,0.0,0.0,0
44683,45,2,1.5743870660615045,1.9329947498315168,0.3586076837700123,0.3425567981532614,0.13743434581427627,0.0,0
44683,45,3,1.5743870660615045,2.0134927876277833,0.4391057215662788,0.414097561983444,0.20897510964445887,0.0,0
44683,46,1,2.6507279293041366,3.335873057805275,0.6851451285011385,0.21775430145034344,0.01732746403239646,0.0,0
44683,46,2,2.6507279293041366,2.970772976113715,0.32004504680957835,0.20495097303897067,0.004524135621023689,0.0,0
44683,46,3,2.6507279293041366,3.4201643832879336,0.769436453983797,0.20042683741794698,0.0,0.0,0
44683,47,1,2.7013519084487925,3.140008961678339,0.4386570532295466,0.12332088847450917,0.0,0.0,0
44683,47,2,2.7013519084487925,3.0584188514542796,0.35706694300548714,0.12929948051594356,0.0059785920414343885,0.0,0
44683,47,3,2.7013519084487925,3.1057194064103255,0.40436749796153304,0.13148083319834086,0.008159944723831691,0.0,0
44683,48,1,1.9664736451456175,2.855540696954415,0.8890670518087975,0.19824587141533348,0.005509204722356109,0.0,0
44683,48,2,1.9664736451456175,2.777759889825261,0.8112862446796436,0.1975180526854179,0.004781385992440518,0.0,0
44683,48,3,1.9664736451456175,2.880969603686886,0.9144959585412686,0.19273666669297737,0.0,0.0,0
44683,49,1,2.3031326169540423,2.5314579764049614,0.22832535945091914,0.1110491051410128,0.0,0.0,0
44683,49,2,2.3031326169540423,2.7063232772678845,0.4031906603138422,0.20321261570424484,0.09216351056323205,0.0,0
44683,49,3,2.3031326169540423,2.73863136421351,0.4354987472594676,0.21816518431147708,0.10711607917046428,0.0,0
44683,50,1,19.246340008348874,19.408538828815562,0.16219882046668843,0.22275161845200808,0.017260261664780868,0.0,0
44683,50,2,19.246340008348874,19.31211918365318,0.0657791753043071,0.20837744602996744,0.002886089242740225,0.0,0
44683,50,3,19.246340008348874,19.416444723384778,0.17010471503590452,0.20549135678722721,0.0,0.0,0
44683,51,1,19.20974119422474,19.357306174176518,0.14756497995177753,0.17485091655736135,0.004994342773455646,0.0,0
44683,51,2,19.20974119422474,19.270991820572895,0.061250626348154924,0.1706559723090476,0.0007993985251419089,0.0,0
44683,51,3,19.20974119422474,19.37286812500482,0.16312693078008067,0.1698565737839057,0.0,0.0,0
44683,52,1,19.19413083137378,19.349920584105163,0.1557897527313834,0.08563629880966939,0.0,0.0,0
44683,52,2,19.19413083137378,19.252668227508657,0.058537396134877184,0.132908365518289,0.04727206670861961,0.0,0
44683,52,3,19.19413083137378,19.30305087756472,0.10892004619093854,0.14621191985639043,0.06057562104672104,0.0,0
44683,53,1,1.0940296602808284,1.2556116640013717,0.16158200372054332,0.1901577216335388,0.0,0.10330927006210938,1
44683,53,2,1.0940296602808284,1.4065461403835013,0.31251648010267297,0.30693306181079705,0.11677534017725824,0.0,0
44683,53,3,1.0940296602808284,1.4133626278700988,0.31933296758927043,0.3667904761553203,0.17663275452178148,0.0,0
44683,54,1,1.4041119413859278,1.7596417304122185,0.35552978902629073,0.20266924880788928,0.0,0.1033092700621094,1
44683,54,2,1.4041119413859278,1.8647765931493345,0.46066465176340676,0.33884292509758335,0.13617367628969407,0.0,0
44683,54,3,1.4041119413859278,2.0240516651369913,0.6199397237510635,0.4149115063945014,0.21224225758661214,0.0,0
44683,55,1,1.5638650305521071,1.6120887898239424,0.04822375927183531,0.11720652846255791,0.0,0.1033092700621094,1
44683,55,2,1.5638650305521071,1.6373104626625992,0.07344543211049204,0.14251031221678642,0.02530378375422851,0.0,0
44683,55,3,1.5638650305521071,1.6714630747434758,0.10759804419136865,0.17001054726931764,0.05280401880675972,0.0,0
44683,56,1,0.976256568218394,1.0975905486518194,0.12133398043342536,0.1689783455648863,0.0,0.02324040319996945,1
44683,56,2,0.976256568218394,1.1353607797169611,0.15910421149856713,0.24703323465551943,0.07805488909063313,0.0,0
44683,56,3,0.976256568218394,1.2090739459526227,0.23281737773422873,0.2968338114238569,0.1278554658589706,0.0,0
44683,57,1,1.0834324206822887,1.3746287522850715,0.2911963316027828,0.197023341778171,0.0,0.023240403199969506,1
44683,57,2,1.0834324206822887,1.464024498290802,0.3805920776085132,0.3104271830287373,0.1134038412505663,0.0,0
44683,57,3,1.0834324206822887,1.6044133414740493,0.5209809207917606,0.40747223323530884,0.21044889145713785,0.0,0
44683,58,1,1.9575898130256761,2.0232476738053373,0.06565786077966118,0.0928809683409801,0.0,0.023240403199969492,1
44683,58,2,1.9575898130256761,2.0686199327155688,0.11103011968989263,0.12798778627006271,0.035106817929082615,0.0,0
44683,58,3,1.9575898130256761,2.1368722889633913,0.17928247593771518,0.1474134095617433,0.054532441220763214,0.0,0
44683,59,1,8.363289955131275,8.399799869736555,0.03650991460527919,0.1704009542880743,0.0,0.0,0
44683,59,2,8.363289955131275,8.463986651124603,0.10069669599332798,0.22470532822886455,0.05430437394079024,0.029885278622784048,1
44683,59,3,8.363289955131275,8.46235209678702,0.0990621416557449,0.23784614183903174,0.06744518755095744,0.04712034593539545,1
44683,60,1,8.068052672200627,8.177114935915991,0.10906226371536398,0.10413184638845996,0.0,0.0,0
44683,60,2,8.068052672200627,8.263347569133334,0.1952948969327064,0.2195431376154386,0.11541129122697863,0.017235067312611388,1
44683,60,3,8.068052672200627,8.339118877768026,0.2710662055673989,0.25218337505188576,0.1480515286634258,0.017235067312611388,1
44683,61,1,10.310044119029934,10.337597445616789,0.02755332658685461,0.07785161163136292,0.0,0.00535157160957931,1
44683,61,2,10.310044119029934,10.345551898397817,0.035507779367883074,0.0876631006723458,0.009811489040982876,0.0,0
44683,61,3,10.310044119029934,10.366049832767116,0.056005713737182106,0.09204308165800928,0.014191470026646363,0.0,0
44683,62,1,13.719166943519458,13.822809088656026,0.10364214513656833,0.2065796788919419,0.0,0.0,0
44683,62,2,13.719166943519458,13.894500979234147,0.1753340357146893,0.3265271462382918,0.11994746734634992,0.020032655195132434,1
44683,62,3,13.719166943519458,13.977138429576282,0.2579714860568245,0.3885713367252405,0.18199165783329863,0.0303960502341334,1
44683,63,1,10.634740149941118,10.772408999620124,0.13766884967900594,0.17096078992651928,0.0,0.0,0
44683,63,2,10.634740149941118,10.881662462695704,0.24692231275458632,0.2947224156265365,0.12376162570001722,0.01036339503900097,1
44683,63,3,10.634740149941118,11.077205095581236,0.4424649456401184,0.36291982339341056,0.19195903346689128,0.01036339503900097,1
44683,64,1,11.560657126396709,12.304759924416404,0.7441027980196946,0.3010867339660804,0.0360508996652229,0.0,0
44683,64,2,11.560657126396709,11.723678801546587,0.16302167514987786,0.27969220480103607,0.014656370500178595,0.008233513410566513,1
44683,64,3,11.560657126396709,12.196048773252935,0.6353916468562257,0.2650358343008575,0.0,0.008233513410566513,1
44683,65,1,10.433958759209778,11.237856865813914,0.8038981066041355,0.30279075713906933,0.027044813426669423,0.0019551133062365514,0
44683,65,2,10.433958759209778,10.632715318789929,0.1987565595801506,0.2856574970275859,0.009911553315186006,0.0,0
44683,65,3,10.433958759209778,11.146321788239387,0.7123630290296088,0.2757459437123999,0.0,0.0,0
44683,66,1,10.690110853131246,10.878646568584784,0.1885357154535381,0.2078531220529459,0.0,0.0,0
44683,66,2,10.690110853131246,10.996639489016305,0.3065286358850585,0.3661608025567106,0.15830768050376468,0.02945672532920776,1
44683,66,3,10.690110853131246,11.127434505782151,0.437323652650905,0.4302882057721817,0.2224350837192358,0.04410287094057393,1
44683,67,1,10.544354503461818,10.785883075513741,0.2415285720519229,0.20677439934499076,0.0,0.0,0
44683,67,2,10.544354503461818,10.970848001729648,0.42649349826782945,0.3659805695444364,0.15920617019944566,0.014646145611366176,1
44683,67,3,10.544354503461818,11.199129790451064,0.6547752869892456,0.43469338417193343,0.22791898482694267,0.014646145611366176,1
44684,0,1,2.1397517339571404,2.5375823508823703,0.3978306169252299,0.11527374452711373,0.0,0.0,0
44684,0,2,2.1397517339571404,2.7266907392783803,0.58693900532124,0.1320607210177004,0.016786976490586664,0.0,0
44684,0,3,2.1397517339571404,2.714669809248799,0.5749180752916585,0.1532357704299294,0.037962025902815666,0.0,0
44684,1,1,1.2201523097311409,1.8623242325943916,0.6421719228632508,0.15880388190165262,0.0,0.08622559567281957,1
44684,1,2,1.2201523097311409,2.0210170575489554,0.8008647478178146,0.16975861891286267,0.010954737011210053,0.0,0
44684,1,3,1.2201523097311409,2.0064230856404777,0.7862707759093368,0.1715668588265456,0.012762976924892977,0.0,0
44684,2,1,1.482442429119056,2.4732934312318813,0.9908510021128252,0.17218138039099637,0.013911139588273363,0.0862255956728196,1
44684,2,2,1.482442429119056,2.1190423848790707,0.6365999557600146,0.158270240802723,0.0,0.0,0
44684,2,3,1.482442429119056,2.204227050244369,0.7217846211253129,0.16179972272750154,0.0035294819247785325,0.0,0
44684,3,1,2.3256213096847507,2.750434389797521,0.4248130801127705,0.09584140946103122,0.0006985340309658694,0.0862255956728196,1
44684,3,2,2.3256213096847507,2.8406693080719894,0.5150479983872387,0.09514287543006535,0.0,0.0,0
44684,3,3,2.3256213096847507,2.739014688416786,0.4133933787320352,0.10446587594300959,0.00932300051294424,0.0,0
44684,4,1,2.1030300196326936,2.691496856307965,0.5884668366752712,0.1584654725960526,0.0,0.0,0
44684,4,2,2.1030300196326936,2.812078936303043,0.7090489166703495,0.17442013582710078,0.01595466323104819,0.0,0
44684,4,3,2.1030300196326936,2.788425996169601,0.6853959765369075,0.17306323495833195,0.01459776236227936,0.0,0
44684,5,1,2.228952602637923,2.477964153174807,0.24901155053688395,0.15030473342255576,0.0,0.0,0
44684,5,2,2.228952602637923,2.61898843911974,0.39003583648181683,0.1949120274735862,0.04460729405103045,0.0,0
44684,5,3,2.228952602637923,2.666506809330831,0.4375542066929077,0.2051614536091819,0.05485672018662613,0.0,0
44684,6,1,1.5469921067613344,2.1743012138656814,0.6273091071043471,0.17808769921593773,0.0,0.0,0
44684,6,2,1.5469921067613344,2.162064061239074,0.6150719544777394,0.19091858734694134,0.01283088813100361,0.0,0
44684,6,3,1.5469921067613344,2.6180603914583775,1.0710682846970432,0.20184724863212614,0.023759549416188408,0.0,0
44684,7,1,1.167316111075553,1.8061421542972322,0.6388260432216792,0.14612046546808585,0.0,0.0,0
44684,7,2,1.167316111075553,1.8640832474627593,0.6967671363872063,0.1633466430209465,0.017226177552860655,0.0,0
44684,7,3,1.167316111075553,1.8761563141774347,0.7088402031018817,0.17499786188471347,0.02887739641662762,0.0,0
44684,8,1,1.0439493072077897,2.056330229032329,1.0123809218245394,0.10772892611717541,0.0008227869325969639,0.0,0
44684,8,2,1.0439493072077897,1.5815196704288432,0.5375703632210536,0.10690613918457845,0.0,0.0,0
44684,8,3,1.0439493072077897,1.7736136380693721,0.7296643308615824,0.12277538866799693,0.015869249483418488,0.0,0
44684,9,1,1.5624445863846943,1.772969323039613,0.21052473665491878,0.17179902443705536,0.0,0.0,0
44684,9,2,1.5624445863846943,1.7953470955634352,0.2329025091787409,0.2421528426997387,0.07035381826268333,0.0,0
44684,9,3,1.5624445863846943,1.8133389108484248,0.2508943244637305,0.2929784811854196,0.12117945674836422,0.0,0
44684,10,1,0.8757472770025304,1.1097691076610456,0.23402183065851523,0.17148026614674086,0.0,0.0,0
44684,10,2,0.8757472770025304,1.2171215254777306,0.34137424847520015,0.20642005691066767,0.03493979076392681,0.0,0
44684,10,3,0.8757472770025304,1.2740537463040025,0.39830646930147207,0.24827586543282695,0.07679559928608609,0.0,0
44684,11,1,1.0959068755506756,1.2274488894073907,0.13154201385671516,0.17292302613521818,0.0,0.0,0
44684,11,2,1.0959068755506756,1.2953172450030381,0.19941036945236257,0.23916603391476196,0.06624300777954378,0.0,0
44684,11,3,1.0959068755506756,1.285699352666184,0.1897924771155084,0.28530313791952133,0.11238011178430315,0.0,0
44684,12,1,1.3928655427660386,1.7095669021295414,0.31670135936350285,0.16776347563015578,0.0,0.0,0
44684,12,2,1.3928655427660386,1.9427759714633919,0.5499104286973533,0.16785503343707522,9.155780691944004e-05,0.0,0
44684,12,3,1.3928655427660386,1.9442787137618835,0.551413170995845,0.21327536836393096,0.04551189273377518,0.0,0
44684,13,1,1.6747938987563675,2.3157757744528142,0.6409818756964467,0.13600231671069818,0.007029449888030753,0.0,0
44684,13,2,1.6747938987563675,2.201394839913165,0.5266009411567973,0.12897286682266743,0.0,0.0,0
44684,13,3,1.6747938987563675,2.075658729878424,0.4008648311220566,0.16859347755558227,0.03962061073291484,0.0,0
44684,14,1,1.384804083996989,1.6573976537841262,0.2725935697871371,0.17591188404317715,0.0,0.0,0
44684,14,2,1.384804083996989,1.8456288191471355,0.46082473515014644,0.20161270688634433,0.025700822843167187,0.0,0
44684,14,3,1.384804083996989,1.9531626607739259,0.5683585767769368,0.20218472832444803,0.026272844281270885,0.0,0
44684,15,1,1.5039050833470957,1.5500459577730894,0.04614087442599368,0.17170621938157457,0.0,0.0,0
44684,15,2,1.5039050833470957,1.5819537139084907,0.078048630561395,0.2420648991093075,0.07035867972773294,0.0,0
44684,15,3,1.5039050833470957,1.5754205318315875,0.07151544848449176,0.2920721657147154,0.12036594633314082,0.0,0
44684,16,1,1.5272995252843073,1.7639820161951498,0.23668249091084248,0.1601379730440842,0.0,0.0,0
44684,16,2,1.5272995252843073,1.849471482178848,0.3221719568945407,0.20435047243357096,0.044212499389486765,0.0,0
44684,16,3,1.5272995252843073,1.8068955626743979,0.27959603739009053,0.24706069156892924,0.08692271852484504,0.0,0
44684,17,1,1.5760336958266623,1.821493273450774,0.24545957762411175,0.14186068787398512,0.0,0.0,0
44684,17,2,1.5760336958266623,2.1566725063044787,0.5806388104778164,0.14516658166157417,0.0033058937875890537,0.0,0
44684,17,3,1.5760336958266623,2.0727325689969267,0.4966988731702644,0.19755997862480656,0.055699290750821445,0.0,0
44684,18,1,1.0447396837813085,1.5284787982663275,0.48373911448501894,0.19988820148451875,0.0,0.08758789906442227,1
44684,18,2,1.0447396837813085,1.6460720986728419,0.6013324148915333,0.2879075886483243,0.08801938716380553,0.05162766812269909,1
44684,18,3,1.0447396837813085,1.9588814339159846,0.914141750134676,0.3529203204221654,0.15303211893764668,0.0,0
44684,19,1,1.7277147252321519,2.0352676392266615,0.3075529139945097,0.22203514239296376,0.0,0.08758789906442226,1
44684,19,2,1.7277147252321519,2.073346548341859,0.3456318231097071,0.28806527779888275,0.06603013540591898,0.0516276681226991,1
44684,19,3,1.7277147252321519,2.317035614796651,0.5893208895644992,0.3495293711588864,0.12749422876592262,0.0,0
44684,20,1,1.509348919220089,1.682900414342268,0.17355149512217882,0.1781837765254329,0.0,0.0,0
44684,20,2,1.509348919220089,1.7491569709467256,0.23980805172663655,0.21431827256053634,0.036134496035103436,0.0,0
44684,20,3,1.509348919220089,1.9003300022049145,0.3909810829848255,0.26537171866793274,0.08718794214249984,0.0,0
44684,21,1,1.2125339639245347,1.410844327369192,0.19831036344465724,0.15377649775395555,0.0,0.0,0
44684,21,2,1.2125339639245347,1.5755331640208141,0.3629992000962794,0.19815309525274896,0.04437659749879341,0.0,0
44684,21,3,1.2125339639245347,1.5736993121890328,0.3611653482644981,0.2478097021698417,0.09403320441588614,0.0,0
44684,22,1,1.4155565200266829,1.6603292463048334,0.2447727262781505,0.1606033757784362,0.0,0.0,0
44684,22,2,1.4155565200266829,1.7903691470888856,0.37481262706220275,0.1756996077715582,0.015096231993122017,0.0,0
44684,22,3,1.4155565200266829,1.9036037607679368,0.48804724074125394,0.22151937099992816,0.060915995221491964,0.0,0
44684,23,1,0.8713308251901332,1.9869729674038834,1.1156421422137504,0.11570356159387907,0.0019330323360378793,0.10753096816623298,1
44684,23,2,0.8713308251901332,1.4691679994972875,0.5978371743071543,0.11377052925784119,0.0,0.0,0
44684,23,3,0.8713308251901332,1.8148855955434875,0.9435547703533543,0.11786107761756404,0.004090548359722848,0.0,0
44684,24,1,1.1101116401628726,2.4195010456360624,1.3093894054731898,0.15899306240868033,0.005875887945798242,0.10753096816623299,1
44684,24,2,1.1101116401628726,1.9564180391341133,0.8463063989712407,0.1531171744628821,0.0,0.0,0
44684,24,3,1.1101116401628726,2.2667662210972734,1.1566545809344009,0.15641520280148447,0.0032980283386023768,0.0,0
44684,25,1,1.5488352571217932,2.1249908012189107,0.5761555440971176,0.09232952151631096,0.0001942091134892604,0.10753096816623299,1
44684,25,2,1.5488352571217932,2.2543689387043,0.7055336815825068,0.0921353124028217,0.0,0.0,0
44684,25,3,1.5488352571217932,1.9837787849284076,0.4349435278066145,0.10245799808718399,0.010322685684362287,0.0,0
44684,26,1,1.1905198019563377,1.289749132013026,0.09922933005668844,0.1879312073610902,0.0,0.0,0
44684,26,2,1.1905198019563377,1.3404277110985554,0.14990790914221774,0.24720073356681982,0.05926952620572962,0.0,0
44684,26,3,1.1905198019563377,1.3169548917532499,0.1264350897969122,0.2935013093285885,0.10557010196749828,0.0,0
44684,27,1,1.458307011278384,1.6532902563719443,0.19498324509356024,0.1672052777128997,0.0,0.0,0
44684,27,2,1.458307011278384,1.7832007352833603,0.3248937240049763,0.18555118113681487,0.018345903423915177,0.0,0
44684,27,3,1.458307011278384,1.8274120153843785,0.36910500410599445,0.238096464326333,0.0708911866134333,0.0,0
44684,28,1,1.8611830533301579,2.1792984243565345,0.31811537102637666,0.13973086212202088,0.0,0.0,0
44684,28,2,1.8611830533301579,2.3961978344606596,0.5350147811305017,0.21439947802045847,0.0746686158984376,0.0,0
44684,28,3,1.8611830533301579,2.467762701303851,0.6065796479736931,0.24748391821408097,0.1077530560920601,0.0,0
44684,29,1,1.4286724473743337,2.235293504954315,0.806621057579981,0.17252233000238437,0.0,0.0,0
44684,29,2,1.4286724473743337,2.1997556503456948,0.771083202971361,0.17544563135440908,0.002923301352024704,0.0,0
44684,29,3,1.4286724473743337,2.469396783854868,1.040724336480534,0.17947084933119825,0.006948519328813879,0.0,0
44684,30,1,1.3274197377205765,1.9062467160666752,0.5788269783460986,0.1554754136194375,0.0,0.0,0
44684,30,2,1.3274197377205765,1.8067430614469697,0.4793233237263932,0.1568612961820345,0.0013858825625970017,0.0,0
44684,30,3,1.3274197377205765,1.9657882099126422,0.6383684721920657,0.16031458967909185,0.004839176059654338,0.0,0
44684,31,1,1.389575609567086,2.557280376813961,1.167704767246875,0.15138920336285067,0.005871655455861574,0.0,0
44684,31,2,1.389575609567086,2.0979424469801184,0.7083668374130325,0.1455175479069891,0.0,0.0,0
44684,31,3,1.389575609567086,2.218899906296641,0.8293242967295549,0.15252977008357144,0.0070122221765823445,0.0,0
44684,32,1,2.552812203383485,2.9315478739630194,0.3787356705795344,0.23262357656086338,0.0,0.0,0
44684,32,2,2.552812203383485,3.1554695057046303,0.6026573023211452,0.33935769640501656,0.10673411984415318,0.0,0
44684,32,3,2.552812203383485,3.0153650515180326,0.46255284813454756,0.3831604919511232,0.15053691539025985,0.0,0
44684,33,1,1.3564062777199792,1.5744786553560686,0.21807237763608933,0.16854308556642258,0.0,0.0,0
44684,33,2,1.3564062777199792,1.6759274353100693,0.31952115759009003,0.20838638129159373,0.039843295725171146,0.0,0
44684,33,3,1.3564062777199792,1.6641060543034052,0.30769977658342595,0.2620229181567435,0.09347983259032092,0.0,0
44684,34,1,1.5403409508765404,1.7742484685059665,0.23390751762942608,0.1913697257602055,0.0,0.0,0
44684,34,2,1.5403409508765404,2.0248617848546964,0.48452083397815593,0.22130347859077484,0.029933752830569343,0.0,0
44684,34,3,1.5403409508765404,1.9539259901572184,0.4135850392806779,0.28361178649976115,0.09224206073955565,0.0,0
44684,35,1,2.1890243320137133,2.4157516897389923,0.22672735772527908,0.17942169740763905,0.0033413551229792005,0.0,0
44684,35,2,2.1890243320137133,2.6120150732659226,0.42299074125220937,0.17608034228465985,0.0,0.0,0
44684,35,3,2.1890243320137133,2.5729237152301723,0.383899383216459,0.17682079959885647,0.0007404573141966131,0.0,0
44684,36,1,1.4562228486657647,1.5593194929322993,0.10309664426653464,0.19352384914292192,0.0,0.0,0
44684,36,2,1.4562228486657647,1.5852925254624024,0.12906967679663772,0.2568445511179012,0.0633207019749793,0.0,0
44684,36,3,1.4562228486657647,1.609672865365993,0.1534500167002284,0.30570990038177653,0.11218605123885461,0.0,0
44684,37,1,1.5149528227996192,2.2888690353722816,0.7739162125726624,0.1882215780769517,0.0,0.0,0
44684,37,2,1.5149528227996192,2.151703072866816,0.6367502500671969,0.18913941786598537,0.0009178397890336754,0.0,0
44684,37,3,1.5149528227996192,2.515661955104091,1.000709132304472,0.19294978069763716,0.004728202620685462,0.0,0
44684,38,1,1.670585111972661,1.883688590285304,0.2131034783126431,0.15674173750352557,0.0,0.0,0
44684,38,2,1.670585111972661,1.9710081007510936,0.30042298877843265,0.16280227322139632,0.006060535717870741,0.0,0
44684,38,3,1.670585111972661,2.068278632386069,0.3976935204134082,0.16649444395907062,0.009752706455545046,0.0,0
44684,39,1,1.8321047705578295,2.2639280623615083,0.43182329180367884,0.07570925230893202,0.0,0.0,0
44684,39,2,1.8321047705578295,2.400285478968888,0.5681807084110584,0.1426279650761813,0.06691871276724928,0.0,0
44684,39,3,1.8321047705578295,2.349771912355995,0.5176671417981653,0.15649111332239238,0.08078186101346035,0.0,0
44684,40,1,2.3954944710711543,2.6415200192877344,0.24602554821658007,0.18629668140083688,0.0,0.0,0
44684,40,2,2.3954944710711543,2.8438720074521613,0.44837753638100697,0.2640114103454713,0.07771472894463444,0.0,0
44684,40,3,2.3954944710711543,2.859524741261027,0.46403027018987286,0.2848776413917803,0.0985809599909434,0.0,0
44684,41,1,1.571062619304411,2.075567794927349,0.5045051756229382,0.21732555019758765,0.0,0.0,0
44684,41,2,1.571062619304411,2.219875287948221,0.6488126686438098,0.31611433654382354,0.09878878634623589,0.0,0
44684,41,3,1.571062619304411,2.468869711330326,0.8978070920259149,0.3796661690114371,0.16234061881384948,0.0,0
44684,42,1,2.655685864324467,3.0641296320805615,0.40844376775609437,0.208647919575373,0.016494655265729158,0.0,0
44684,42,2,2.655685864324467,2.9946660257351696,0.3389801614107024,0.19877245212318606,0.006619187813542232,0.0,0
44684,42,3,2.655685864324467,2.942937694068072,0.28725182974360486,0.19215326430964383,0.0,0.0,0
44684,43,1,2.6654039432655607,3.289935177626387,0.6245312343608265,0.1298756780336753,0.006464050454724868,0.0,0
44684,43,2,2.6654039432655607,3.058650608579773,0.39324666531421215,0.12620247372411902,0.002790846145168585,0.0,0
44684,43,3,2.6654039432655607,3.187162401602234,0.5217584583366732,0.12341162757895044,0.0,0.0,0
44684,44,1,1.8562392405853738,2.917770290674352,1.0615310500889783,0.18609926476009872,0.0009833453249725455,0.0,0
44684,44,2,1.8562392405853738,2.852717406356766,0.9964781657713924,0.19041992860301224,0.005304009167886065,0.0,0
44684,44,3,1.8562392405853738,2.630360761489463,0.7741215209040893,0.18511591943512617,0.0,0.0,0
44684,45,1,2.2754761612850674,2.6221394369782187,0.34666327569315136,0.14647618050412672,0.0,0.0,0
44684,45,2,2.2754761612850674,2.7948432448857607,0.5193670836006934,0.19979177195221462,0.053315591448087896,0.0,0
44684,45,3,2.2754761612850674,2.872154903299443,0.5966787420143755,0.20459262167364153,0.05811644116951481,0.0,0
44684,46,1,18.966924599028474,19.124928953965576,0.15800435493710197,0.2223649265607554,0.01653942156495522,0.0,0
44684,46,2,18.966924599028474,19.041695307583744,0.07477070855527046,0.2124565135289288,0.006631008533128618,0.0,0
44684,46,3,18.966924599028474,19.072171504812122,0.10524690578364826,0.20582550499580018,0.0,0.0,0
44684,47,1,18.927612744252137,19.057359654203815,0.12974690995167748,0.1724958962676053,0.004581134581232882,0.0,0
44684,47,2,18.927612744252137,19.083064324801672,0.1554515805495349,0.16791476168637243,0.0,0.0,0
44684,47,3,18.927612744252137,19.005186078947816,0.0775733346956784,0.16858895122728396,0.0006741895409115295,0.0,0
44684,48,1,18.923058909245533,19.11227463934859,0.18921573010305792,0.08328865801091057,0.0,0.0,0
44684,48,2,18.923058909245533,18.990931538545432,0.06787262929989879,0.1225593680281757,0.039270710017265134,0.0,0
44684,48,3,18.923058909245533,19.165661793412074,0.24260288416654063,0.13212605088427332,0.04883739287336275,0.0,0
44684,49,1,0.9064822786150094,1.119652289910937,0.2131700112959275,0.17456849905453983,0.0,0.104438867427702,1
44684,49,2,0.9064822786150094,1.2622283876840776,0.35574610906906823,0.20976870558500513,0.035200206530465294,0.0,0
44684,49,3,0.9064822786150094,1.1733359636169776,0.26685368500196815,0.263349092815168,0.08878059376062816,0.0,0
44684,50,1,1.3671103925582315,1.9088675804788018,0.5417571879205703,0.21135542051702702,0.0,0.10443886742770203,1
44684,50,2,1.3671103925582315,2.0534350593424335,0.686324666784202,0.31567857468635063,0.10432315416932361,0.0,0
44684,50,3,1.3671103925582315,2.4446958146146036,1.077585422056372,0.38928183534702143,0.1779264148299944,0.0,0
44684,51,1,2.0704175092006922,2.0922657426791575,0.021848233478465318,0.13577728704504827,0.0,0.10443886742770205,1
44684,51,2,2.0704175092006922,2.120948130206391,0.050530621005698606,0.14365834412434014,0.007881057079291875,0.0,0
44684,51,3,2.0704175092006922,2.1626664235686044,0.09224891436791216,0.1867766142253451,0.050999327180296844,0.0,0
44684,52,1,0.9121299319732623,1.1427572601018183,0.23062732812855602,0.15958915417563915,0.0,0.021848010119283917,1
44684,52,2,0.9121299319732623,1.2495807043088707,0.3374507723356084,0.2082119129151781,0.048622758739538946,0.0,0
44684,52,3,0.9121299319732623,1.2355291721165576,0.32339924014329524,0.26066225818141886,0.10107310400577971,0.0,0
44684,53,1,1.565715991286027,1.684546929282936,0.11883093799690903,0.2308747417221493,0.0,0.021848010119283917,1
44684,53,2,1.565715991286027,1.7513817303437271,0.18566573905770012,0.29074436755165384,0.05986962582950453,0.0,0
44684,53,3,1.565715991286027,1.965761159393948,0.4000451681079209,0.3742650662224509,0.14339032450030162,0.0,0
44684,54,1,2.4192555612196003,2.971624265623057,0.5523687044034569,0.1239852656961433,0.008526094824525779,0.021848010119283917,1
44684,54,2,2.4192555612196003,3.0126072473913434,0.5933516861717432,0.11545917087161751,0.0,0.0,0
44684,54,3,2.4192555612196003,2.657750525984968,0.2384949647653678,0.13835346389629538,0.022894293024677867,0.0,0
44684,55,1,1.1291452649138616,1.7545825113382034,0.6254372464243418,0.13249836023623238,0.012341216575089464,0.0945922465714078,1
44684,55,2,1.1291452649138616,1.526730738221517,0.39758547330765537,0.12015714366114291,0.0,0.0,0
44684,55,3,1.1291452649138616,1.9619343258241027,0.8327890609102411,0.12276775884593773,0.002610615184794815,0.0,0
44684,56,1,1.5093686943214966,2.01366590784673,0.5042972135252333,0.13729895867493266,0.01618690304224632,0.09459224657140777,1
44684,56,2,1.5093686943214966,1.9624666447253882,0.45309795040389167,0.12317290309192377,0.0020608474592374304,0.0,0
44684,56,3,1.5093686943214966,2.450253997105528,0.9408853027840314,0.12111205563268634,0.0,0.0,0
44684,57,1,2.7496239642137565,3.8569613720860594,1.1073374078723028,0.1046745697579442,0.011891244799441744,0.09459224657140777,1
44684,57,2,2.7496239642137565,3.381973362358136,0.6323493981443793,0.09278332495850246,0.0,0.0,0
44684,57,3,2.7496239642137565,3.210433953673308,0.46080998945955143,0.10561382050048217,0.012830495541979708,0.0,0
44684,58,1,8.740403587398436,8.803023263530473,0.06261967613203723,0.17427925125707744,0.0,0.0,0
44684,58,2,8.740403587398436,8.990486688681703,0.2500831012832663,0.1991280397015353,0.02484878844445787,0.029851307597348886,1
44684,58,3,8.740403587398436,8.932044570218755,0.19164098282031894,0.19648410142979433,0.022204850172716895,0.0471452396268528,1
44684,59,1,8.341588334449227,8.43548349453734,0.09389516008811327,0.16347933190803354,0.0,0.0,0
44684,59,2,8.341588334449227,8.538090820623635,0.19650248617440802,0.2110301071181378,0.04755077521010426,0.01729393202950391,1
44684,59,3,8.341588334449227,8.58941053220598,0.24782219775675252,0.22945759594277226,0.06597826403473872,0.01729393202950391,1
44684,60,1,10.534780647025665,10.604066981173382,0.06928633414771745,0.07006689295357005,0.0,0.005154059511340139,1
44684,60,2,10.534780647025665,10.634654478615687,0.09987383159002228,0.09520706472485987,0.025140171771289826,0.0,0
44684,60,3,10.534780647025665,10.66842728198832,0.1336466349626555,0.0987736984388189,0.028706805485248857,0.0,0
44684,61,1,14.350504536484172,14.479117621109731,0.12861308462555954,0.20796778996391993,0.0,0.0,0
44684,61,2,14.350504536484172,14.564764653762236,0.21426011727806404,0.2913333264168538,0.08336553645293385,0.01978694665305894,1
44684,61,3,14.350504536484172,14.621161830752708,0.2706572942685366,0.3424011206379297,0.13443333067400978,0.03022893391268354,1
44684,62,1,11.140685158583478,11.345845008825835,0.2051598502423566,0.1828569014311456,0.0,0.0,0
44684,62,2,11.140685158583478,11.453671156052405,0.3129859974689264,0.26929821538840615,0.08644131395726054,0.010441987259624596,1
44684,62,3,11.140685158583478,11.696525059445294,0.555839900861816,0.33143662095919685,0.14857971952805124,0.010441987259624596,1
44684,63,1,12.121230167119489,12.458522733743619,0.33729256662413043,0.2110108791261841,0.007528942396131111,0.0,0
44684,63,2,12.121230167119489,12.324771118500928,0.20354095138143968,0.203481936730053,0.0,0.0083297192954019,1
44684,63,3,12.121230167119489,12.287118634022296,0.1658884669028069,0.2120138793415699,0.008531942611516907,0.0083297192954019,1
44684,64,1,10.912538290603507,11.01523867746389,0.10270038686038241,0.20578215025939814,0.0,0.0022422846056935064,0
44684,64,2,10.912538290603507,11.020180338762065,0.10764204815855827,0.21078174082214976,0.004999590562751621,0.0,0
44684,64,3,10.912538290603507,11.078078280891152,0.16553999028764466,0.2152843890982363,0.009502238838838162,0.0,0
44684,65,1,11.156688139192969,11.373308472824377,0.21662033363140765,0.20616268597830117,0.0,0.0,0
44684,65,2,11.156688139192969,11.531710147756367,0.3750220085633984,0.31794531066548104,0.11178262468717987,0.02932077186101109,1
44684,65,3,11.156688139192969,11.567963326102173,0.4112751869092044,0.36650806348900034,0.16034537751069916,0.04407822416762283,1
44684,66,1,11.050019576771872,11.43081736738302,0.3807977906111475,0.1959689521441303,0.0,0.0,0
44684,66,2,11.050019576771872,11.64037762903424,0.5903580522623688,0.3225360514206116,0.1265670992764813,0.014757452306611733,1
44684,66,3,11.050019576771872,11.914914668588722,0.8648950918168499,0.3861629776852491,0.1901940255411188,0.014757452306611733,1
44685,0,1,2.066484746060236,3.6742453001601776,1.6077605540999418,0.11281376165164936,0.02928189098523891,0.08611081486386721,1
44685,0,2,2.066484746060236,2.6475665473581245,0.5810818012978887,0.08353187066641045,0.0,0.0,0
44685,0,3,2.066484746060236,3.4588552598950044,1.3923705138347686,0.08904485590086998,0.005512985234459533,0.0,0
44685,1,1,2.0306547129479804,2.7083492607179367,0.6776945477699563,0.1786456077270503,0.0,0.0,0
44685,1,2,2.0306547129479804,2.6722373224864437,0.6415826095384634,0.19567042656003028,0.017024818832979988,0.0,0
44685,1,3,2.0306547129479804,2.4820709686376983,0.4514162556897179,0.19484596386108685,0.01620035613403656,0.0,0
44685,2,1,2.398236110087082,2.8750593878867914,0.47682327779970946,0.15465426859018858,0.0,0.0,0
44685,2,2,2.398236110087082,2.9133013613184935,0.5150652512314116,0.16399861974141897,0.00934435115123039,0.0,0
44685,2,3,2.398236110087082,2.831318594529482,0.43308248444240016,0.17699267233090188,0.022338403740713303,0.0,0
44685,3,1,1.522616877196784,2.8981812800956788,1.3755644028988947,0.19770985378013756,0.007151876388277911,0.0,0
44685,3,2,1.522616877196784,2.9588121195100685,1.4361952423132844,0.19793214709604987,0.00737416970419022,0.0,0
44685,3,3,1.522616877196784,2.9099755778197616,1.3873587006229775,0.19055797739185965,0.0,0.0,0
44685,4,1,1.3038313995157966,2.4583940960443487,1.154562696528552,0.16333690491052852,0.0,0.0,0
44685,4,2,1.3038313995157966,2.7694683008223056,1.465636901306509,0.16847756427088456,0.005140659360356042,0.0,0
44685,4,3,1.3038313995157966,2.0345881162783384,0.7307567167625417,0.1642337853610755,0.0008968804505469774,0.0,0
44685,5,1,1.2827427078751934,2.153366411808782,0.8706237039335885,0.09938264505281678,0.0,0.0,0
44685,5,2,1.2827427078751934,2.1486993806027948,0.8659566727276014,0.11682814368612175,0.017445498633304968,0.0,0
44685,5,3,1.2827427078751934,2.571002991602009,1.2882602837268156,0.13410734999911283,0.03472470494629605,0.0,0
44685,6,1,1.7395965928786346,1.9875674110544732,0.24797081817583866,0.2017657933555969,0.0,0.0,0
44685,6,2,1.7395965928786346,2.0889392220649086,0.349342629186274,0.3315791824525948,0.1298133890969979,0.0,0
44685,6,3,1.7395965928786346,2.0356810622966894,0.2960844694180549,0.37237108108950195,0.17060528773390504,0.0,0
44685,7,1,1.1094584798291074,1.2459919026014805,0.13653342277237313,0.16782757174387203,0.0,0.0,0
44685,7,2,1.1094584798291074,1.325421115533277,0.21596263570416951,0.3020923017607176,0.13426473001684558,0.0,0
44685,7,3,1.1094584798291074,1.281840878680033,0.17238239885092566,0.34085977726560607,0.17303220552173404,0.0,0
44685,8,1,1.4940982851690285,1.6021285849544349,0.10803029978540635,0.2009038059688896,0.0,0.0,0
44685,8,2,1.4940982851690285,1.6778939393901282,0.18379565422109967,0.29233251074803396,0.09142870477914436,0.0,0
44685,8,3,1.4940982851690285,1.6066591864673647,0.11256090129833618,0.3318952835668933,0.1309914775980037,0.0,0
44685,9,1,1.4460404091608228,1.638404983643444,0.19236457448262123,0.16377312124736917,0.0,0.0,0
44685,9,2,1.4460404091608228,1.775296584875285,0.3292561757144623,0.24019784534386612,0.07642472409649695,0.0,0
44685,9,3,1.4460404091608228,1.6828288445926536,0.2367884354318308,0.29007111088013093,0.12629798963276176,0.0,0
44685,10,1,1.8055494406069221,2.1581458760034007,0.35259643539647856,0.10320041863239891,0.0,0.0,0
44685,10,2,1.8055494406069221,2.3518910211318156,0.5463415805248935,0.15642883124143608,0.05322841260903717,0.0,0
44685,10,3,1.8055494406069221,2.3595650456435786,0.5540156050366565,0.2289221540224284,0.1257217353900295,0.0,0
44685,11,1,1.4815193786150416,1.7402939010002278,0.2587745223851863,0.19824039108831493,0.020412606629564234,0.0,0
44685,11,2,1.4815193786150416,2.2410807338470535,0.759561355232012,0.18869635596222506,0.010868571503474367,0.0,0
44685,11,3,1.4815193786150416,2.287605734784715,0.8060863561696734,0.1778277844587507,0.0,0.0,0
44685,12,1,1.5008011815636437,1.5577208564970486,0.056919674933404885,0.17989842003342035,0.0,0.0,0
44685,12,2,1.5008011815636437,1.616862337260764,0.11606115569712028,0.32183781110173176,0.1419393910683114,0.0,0
44685,12,3,1.5008011815636437,1.5811242336590876,0.08032305209544388,0.3594833785873241,0.17958495855390375,0.0,0
44685,13,1,1.8867558682404961,2.218185670930283,0.33142980268978683,0.1560260778223532,0.0,0.0,0
44685,13,2,1.8867558682404961,2.3222215274284483,0.4354656591879522,0.29458635758097723,0.13856027975862403,0.0,0
44685,13,3,1.8867558682404961,2.2551409381005154,0.3683850698600193,0.33873291802128996,0.18270684019893677,0.0,0
44685,14,1,1.6359613115661387,2.0771804236012033,0.4412191120350646,0.10704490155670368,0.0,0.0,0
44685,14,2,1.6359613115661387,2.2688871100288113,0.6329257984626726,0.18837141398029295,0.08132651242358926,0.0,0
44685,14,3,1.6359613115661387,2.122400686010249,0.48643937444411023,0.258269474906516,0.1512245733498123,0.0,0
44685,15,1,1.1922281383345716,1.286681348509396,0.09445321017482433,0.201990477135998,0.0,0.08604749310335585,1
44685,15,2,1.1922281383345716,1.3480126050847188,0.15578446675014712,0.27954481190962527,0.07755433477362728,0.04982264580047113,1
44685,15,3,1.1922281383345716,1.31574680529576,0.1235186669611883,0.32103470198182293,0.11904422484582494,0.0,0
44685,16,1,1.9582467780483175,2.361814105405086,0.40356732735676837,0.23244716593186923,0.0,0.08604749310335585,1
44685,16,2,1.9582467780483175,2.3929779254981307,0.4347311474498132,0.30297411417445363,0.0705269482425844,0.04982264580047113,1
44685,16,3,1.9582467780483175,2.529865960326456,0.5716191822781387,0.374809865922956,0.14236269999108678,0.0,0
44685,17,1,1.8272057652106906,2.0841543266476683,0.25694856143697775,0.21246867557332366,0.0,0.0,0
44685,17,2,1.8272057652106906,2.2414026155182083,0.41419685030751774,0.2816499551661745,0.06918127959285086,0.0,0
44685,17,3,1.8272057652106906,2.1509770717003738,0.3237713064896832,0.3273823816608695,0.11491370608754586,0.0,0
44685,18,1,1.3164079591693123,1.4721536772178594,0.1557457180485471,0.17069194750360378,0.0,0.0,0
44685,18,2,1.3164079591693123,1.6413432125396974,0.3249352533703851,0.272261925252039,0.10156997774843524,0.0,0
44685,18,3,1.3164079591693123,1.5635502790530045,0.24714231988369217,0.3142742412660976,0.14358229376249382,0.0,0
44685,19,1,1.5632534030724545,2.0477165802156696,0.4844631771432151,0.1321261993611722,0.0,0.0,0
44685,19,2,1.5632534030724545,2.0400184505778394,0.47676504750538484,0.24826300495604867,0.11613680559487646,0.0,0
44685,19,3,1.5632534030724545,2.0861071991898354,0.5228537961173809,0.31697179856276114,0.18484559920158894,0.0,0
44685,20,1,0.9962185888878541,1.5521901970375294,0.5559716081496753,0.1534268471003129,0.03254535530889151,0.10626180700844556,1
44685,20,2,0.9962185888878541,1.5232459023074374,0.5270273134195833,0.1208814917914214,0.0,0.0,0
44685,20,3,0.9962185888878541,1.5840040668700177,0.5877854779821636,0.1321482115045819,0.011266719713160497,0.0,0
44685,21,1,1.1259911513088376,2.0150627343970338,0.8890715830881961,0.1918008643773865,0.055429921941679755,0.10626180700844556,1
44685,21,2,1.1259911513088376,2.2029962767990634,1.0770051254902258,0.13919121545077728,0.00282027301507054,0.0,0
44685,21,3,1.1259911513088376,2.371574417695343,1.2455832663865054,0.13637094243570674,0.0,0.0,0
44685,22,1,2.6570429440223355,4.2212038303711505,1.564160886348815,0.11165459457520777,0.03372670792963539,0.10626180700844556,1
44685,22,2,2.6570429440223355,3.1219978041718064,0.46495486014947085,0.07792788664557238,0.0,0.0,0
44685,22,3,2.6570429440223355,4.028756493386001,1.3717135493636654,0.07986515555999053,0.0019372689144181582,0.0,0
44685,23,1,1.2320424407266615,1.4044881628500634,0.17244572212340192,0.21048750528509974,0.0,0.037470572817884684,1
44685,23,2,1.2320424407266615,1.4408603921108705,0.208817951384209,0.3010313059903509,0.09054380070525114,0.0,0
44685,23,3,1.2320424407266615,1.4981625986820135,0.26612015795535204,0.33351378773215495,0.12302628244705521,0.0,0
44685,24,1,1.6402280432811995,1.8344323230595343,0.19420427977833477,0.17275647317499182,0.0,0.037470572817884684,1
44685,24,2,1.6402280432811995,1.9761183409178482,0.3358902976366487,0.24230757446966675,0.06955110129467493,0.0,0
44685,24,3,1.6402280432811995,1.853278803340221,0.21305076005902146,0.30404416870431855,0.13128769552932673,0.0,0
44685,25,1,2.1137873518919954,2.3889126763752673,0.27512532448327187,0.129237526677401,0.0,0.0374705728178847,1
44685,25,2,2.1137873518919954,2.4438168073479773,0.33002945545598195,0.2187962494639323,0.08955872278653132,0.0,0
44685,25,3,2.1137873518919954,2.546803191073213,0.43301583918121755,0.2601797743282777,0.13094224765087673,0.0,0
44685,26,1,1.5124377970389506,2.5007480684178063,0.9883102713788556,0.19538237214120716,0.007633508205442008,0.0,0
44685,26,2,1.5124377970389506,2.735777229514923,1.2233394324759725,0.19816618790130258,0.010417323965537434,0.0,0
44685,26,3,1.5124377970389506,2.5201887264926457,1.007750929453695,0.18774886393576515,0.0,0.0,0
44685,27,1,1.527464336157458,2.599491686952666,1.0720273507952078,0.17078848947838304,0.0006216617645883604,0.0,0
44685,27,2,1.527464336157458,2.7031644897286937,1.1757001535712357,0.17657481101720832,0.0064079833034136335,0.0,0
44685,27,3,1.527464336157458,2.232752003059532,0.7052876669020738,0.17016682771379468,0.0,0.0,0
44685,28,1,1.4610853402310886,1.9458282630266404,0.48474292279555176,0.1661037526429939,0.02108148235705401,0.0,0
44685,28,2,1.4610853402310886,2.2153511372307206,0.754265796999632,0.14671219950946446,0.0016899292235245666,0.0,0
44685,28,3,1.4610853402310886,2.443320194527651,0.9822348542965622,0.1450222702859399,0.0,0.0,0
44685,29,1,2.6404107823647047,3.014952048928099,0.37454126656339426,0.25926844657527476,0.0,0.0,0
44685,29,2,2.6404107823647047,3.004715342600153,0.36430456023544844,0.3330892696736992,0.07382082309842442,0.0,0
44685,29,3,2.6404107823647047,3.0533727755214684,0.41296199315676363,0.37312721410778604,0.11385876753251128,0.0,0
44685,30,1,1.4719668249146158,1.6748034079273544,0.20283658301273855,0.19053679203723553,0.0,0.0,0
44685,30,2,1.4719668249146158,1.7815082458595033,0.30954142094488746,0.26909030511254434,0.0785535130753088,0.0,0
44685,30,3,1.4719668249146158,1.7065058212044057,0.2345389962897899,0.3196456992590396,0.12910890722180404,0.0,0
44685,31,1,1.663280125421694,1.9999213727799425,0.3366412473582485,0.1947727174518988,0.0,0.0,0
44685,31,2,1.663280125421694,2.079105034068095,0.4158249086464012,0.2659189470725887,0.07114622962068987,0.0,0
44685,31,3,1.663280125421694,2.10045697561945,0.437176850197756,0.31806263007440566,0.12328991262250685,0.0,0
44685,32,1,2.187832037583116,2.5716659823630095,0.3838339447798935,0.193204556766466,0.0063845541040295495,0.0,0
44685,32,2,2.187832037583116,2.5538205616868317,0.36598852410371574,0.18682000266243645,0.0,0.0,0
44685,32,3,2.187832037583116,2.548391413584907,0.3605593760017909,0.1885389336211503,0.001718930958713838,0.0,0
44685,33,1,1.5177743404760757,1.658778849053149,0.14100450857707325,0.21874882293490477,0.0,0.0,0
44685,33,2,1.5177743404760757,1.6780517825947618,0.1602774421186861,0.3084038598784605,0.0896550369435557,0.0,0
44685,33,3,1.5177743404760757,1.703769093193658,0.18599475271758226,0.34305047114300735,0.12430164820810258,0.0,0
44685,34,1,1.560906825626074,2.3006564365162174,0.7397496108901433,0.2047936116709564,0.006038267119043483,0.0,0
44685,34,2,1.560906825626074,2.6342774269055638,1.0733706012794897,0.20695970538842645,0.008204360836513547,0.0,0
44685,34,3,1.560906825626074,2.3794104135146954,0.8185035878886213,0.1987553445519129,0.0,0.0,0
44685,35,1,1.7480988177843688,2.0649299093026565,0.3168310915182877,0.1730151703762777,0.001582843645198062,0.0,0
44685,35,2,1.7480988177843688,2.3934310752050694,0.6453322574207006,0.17197236787549716,0.0005400411444175246,0.0,0
44685,35,3,1.7480988177843688,2.1926460083698327,0.4445471905854639,0.17143232673107964,0.0,0.0,0
44685,36,1,1.9598207515862829,2.3389401773191563,0.3791194257328734,0.07130018437193668,0.0,0.0,0
44685,36,2,1.9598207515862829,2.3913666569614795,0.43154590537519666,0.13354431202610303,0.062244127654166356,0.0,0
44685,36,3,1.9598207515862829,2.5313501606788607,0.5715294090925778,0.15523070055773686,0.08393051618580018,0.0,0
44685,37,1,2.549005715044654,2.8425058243495482,0.29350010930489434,0.19530645737360408,0.0,0.0,0
44685,37,2,2.549005715044654,3.0005181941607324,0.4515124791160785,0.29026035540275397,0.09495389802914989,0.0,0
44685,37,3,2.549005715044654,2.9575932269496485,0.40858751190499465,0.31144558526601807,0.11613912789241398,0.0,0
44685,38,1,1.6527694237770123,1.7840633907836119,0.13129396700659957,0.20453799064752579,0.0,0.0,0
44685,38,2,1.6527694237770123,1.9166919975250558,0.2639225737480435,0.3406703459802596,0.1361323553327338,0.0,0
44685,38,3,1.6527694237770123,1.829771623589797,0.17700219981278464,0.3757512353066697,0.17121324465914392,0.0,0
44685,39,1,2.6602436324712118,3.477735871722081,0.8174922392508694,0.2179593902506647,0.0017839340601089604,0.0,0
44685,39,2,2.6602436324712118,3.0614519326687133,0.40120830019750153,0.2175356009317158,0.0013601447411600853,0.0,0
44685,39,3,2.6602436324712118,3.4208346711531767,0.760591038681965,0.21617545619055573,0.0,0.0,0
44685,40,1,2.7363124783655812,3.5485191913152896,0.8122067129497084,0.1292413183591509,0.0072331126124290795,0.0,0
44685,40,2,2.7363124783655812,3.2091610156421266,0.4728485372765454,0.12458359877112396,0.0025753930244021422,0.0,0
44685,40,3,2.7363124783655812,3.6524481173825776,0.9161356390169964,0.12200820574672182,0.0,0.0,0
44685,41,1,1.9017506506555215,2.742245745430706,0.8404950947751846,0.19658540750778664,0.0,0.0,0
44685,41,2,1.9017506506555215,2.722919309815187,0.8211686591596654,0.2114968709795743,0.01491146347178765,0.0,0
44685,41,3,1.9017506506555215,2.6667496718712274,0.7649990212157058,0.20858815372121103,0.012002746213424398,0.0,0
44685,42,1,2.4328937814233798,2.6541707538269805,0.22127697240360078,0.18281876264971833,0.02188858358789625,0.0,0
44685,42,2,2.4328937814233798,2.8744187245389883,0.4415249431156085,0.16821673178956922,0.007286552727747142,0.0,0
44685,42,3,2.4328937814233798,2.9958827726620085,0.5629889912386288,0.16093017906182208,0.0,0.0,0
44685,43,1,18.61950983328589,18.701004594548845,0.08149476126295596,0.2210344338880625,0.0,0.0,0
44685,43,2,18.61950983328589,18.694309013755976,0.07479918047008738,0.22210161862712138,0.0010671847390588962,0.0,0
44685,43,3,18.61950983328589,18.717755007325557,0.09824517403966837,0.2211249342524971,9.050036443461473e-05,0.0,0
44685,44,1,18.574812632469982,18.78393560300316,0.20912297053317985,0.1777265791223112,0.0020109074647094716,0.0,0
44685,44,2,18.574812632469982,18.757953176512693,0.18314054404271118,0.17571567165760174,0.0,0.0,0
44685,44,3,18.574812632469982,18.663444476412334,0.0886318439423519,0.17592871629850404,0.00021304464090229902,0.0,0
44685,45,1,18.596504911791733,18.67709926861061,0.08059435681887805,0.0879466116788467,0.0,0.0,0
44685,45,2,18.596504911791733,18.654738767012816,0.05823385522108282,0.13614632575637736,0.04819971407753067,0.0,0
44685,45,3,18.596504911791733,18.711005145604652,0.11450023381291885,0.14750375797292578,0.059557146294079086,0.0,0
44685,46,1,1.0162566525558163,1.1668763818069348,0.15061972925111844,0.18954131553573716,0.0,0.10294152651281424,1
44685,46,2,1.0162566525558163,1.2898620612345197,0.2736054086787034,0.2741087636724735,0.08456744813673633,0.0,0
44685,46,3,1.0162566525558163,1.2740706087025682,0.25781395614675184,0.314138635133345,0.12459731959760784,0.0,0
44685,47,1,1.56482448503732,1.9001346176901497,0.3353101326528296,0.19346489639879855,0.0,0.10294152651281424,1
44685,47,2,1.56482448503732,1.8634686853937272,0.29864420035640715,0.32307666852847744,0.1296117721296789,0.0,0
44685,47,3,1.56482448503732,2.231032326420226,0.6662078413829058,0.3974279903118878,0.20396309391308926,0.0,0
44685,48,1,2.131703503681399,2.3796429686701925,0.24793946498879338,0.12760660510273653,0.005151897788527343,0.10294152651281424,1
44685,48,2,2.131703503681399,2.468052076000972,0.3363485723195727,0.12245470731420918,0.0,0.0,0
44685,48,3,2.131703503681399,2.1706727658919647,0.038969262210565514,0.1694271241377641,0.04697241682355491,0.0,0
44685,49,1,1.475375834021951,1.531399886847004,0.05602405282505307,0.18032283086708356,0.0,0.024277187841325987,1
44685,49,2,1.475375834021951,1.6011812384829185,0.12580540446096755,0.26040424530057915,0.08008141443349559,0.0,0
44685,49,3,1.475375834021951,1.538561549726667,0.06318571570471598,0.3156139825943875,0.13529115172730394,0.0,0
44685,50,1,1.4501467867702598,1.4750015589958871,0.024854772225627375,0.23514881819866015,0.0,0.024277187841325987,1
44685,50,2,1.4501467867702598,1.5203464179294408,0.07019963115918104,0.3134218853869184,0.07827306718825824,0.0,0
44685,50,3,1.4501467867702598,1.5052699961406508,0.05512320937039106,0.37151177640041655,0.1363629582017564,0.0,0
44685,51,1,2.6022497666487303,2.9221772954594765,0.31992752881074615,0.11442583901133306,0.011888522384434719,0.02427718784132596,1
44685,51,2,2.6022497666487303,2.882367981711941,0.28011821506321066,0.10253731662689834,0.0,0.0,0
44685,51,3,2.6022497666487303,2.723537380084136,0.12128761343540573,0.14026296218598244,0.0377256455590841,0.0,0
44685,52,1,1.104686857837343,1.4339570778316428,0.32927021999429984,0.14075260436883213,0.02214686691070887,0.09553421387564956,1
44685,52,2,1.104686857837343,1.3658254730640949,0.26113861522675186,0.11860573745812326,0.0,0.0,0
44685,52,3,1.104686857837343,1.4796629028035668,0.37497604496622383,0.12840249845412333,0.009796760996000062,0.0,0
44685,53,1,1.5570340702120076,1.9271426428177894,0.3701085726057818,0.1480708148062869,0.03359016416501265,0.0955342138756496,1
44685,53,2,1.5570340702120076,2.1612613286282945,0.6042272584162869,0.11722082269160986,0.0027401720503356097,0.0,0
44685,53,3,1.5570340702120076,2.388896226804446,0.8318621565924382,0.11448065064127425,0.0,0.0,0
44685,54,1,2.6059121232262683,3.5157911498813013,0.909879026655033,0.10834110026344282,0.029493559342685965,0.09553421387564959,1
44685,54,2,2.6059121232262683,3.1957142595386956,0.5898021363124273,0.07884754092075685,0.0,0.0,0
44685,54,3,2.6059121232262683,3.523318368788928,0.9174062455626597,0.08416529747043243,0.005317756549675576,0.0,0
44685,55,1,1.5392608299794548,2.541520006999293,1.0022591770198381,0.1597299520740306,0.0,0.0,0
44685,55,2,1.5392608299794548,2.7239683019630734,1.1847074719836186,0.16464590202224733,0.00491594994821673,0.0,0
44685,55,3,1.5392608299794548,2.0751804944552146,0.5359196644757598,0.16034035136022035,0.00061039928618975,0.0,0
44685,56,1,1.673197216820745,2.3477783014463154,0.6745810846255704,0.12585706930600887,0.011958798181370217,0.0,0
44685,56,2,1.673197216820745,1.935119984577523,0.26192276775677814,0.11389827112463866,0.0,0.0,0
44685,56,3,1.673197216820745,2.8013066894771717,1.1281094726564267,0.127950148594615,0.014051877469976354,0.0,0
44685,57,1,1.7229972198093606,2.3837235445634333,0.6607263247540727,0.06405050175546999,0.0,0.0,0
44685,57,2,1.7229972198093606,2.793416142300426,1.0704189224910652,0.0821225455194414,0.01807204376397141,0.0,0
44685,57,3,1.7229972198093606,2.3501092832824484,0.6271120634730878,0.08018105767197779,0.016130555916507805,0.0,0
44685,58,1,9.261641593555767,9.340885516615282,0.079243923059515,0.2017844431078501,0.0,0.0,0
44685,58,2,9.261641593555767,9.480887887288795,0.2192462937330273,0.21220674219276706,0.010422299084916958,0.03004872324878674,1
44685,58,3,9.261641593555767,9.516086772085815,0.2544451785300481,0.20518764625637279,0.0034032031485226877,0.04778313597426198,1
44685,59,1,8.969796421431179,9.078949968850846,0.10915354741966787,0.17615725060323595,0.0,0.0,0
44685,59,2,8.969796421431179,9.135260545796962,0.1654641243657835,0.1793962061758792,0.003238955572643254,0.01773441272547524,1
44685,59,3,8.969796421431179,9.196996996054192,0.2272005746230139,0.19907082185641775,0.022913571253181803,0.01773441272547524,1
44685,60,1,11.00018221708298,11.495897703686724,0.49571548660374454,0.09144573824120103,0.005696576598570924,0.005337536206290253,1
44685,60,2,11.00018221708298,11.23242253785823,0.2322403207752508,0.0857491616426301,0.0,0.0,0
44685,60,3,11.00018221708298,11.21495535584065,0.21477313875766946,0.08760548059731546,0.0018563189546853542,0.0,0
44685,61,1,15.255973628386934,15.344414618617112,0.08844099023017726,0.23587328168130386,0.0,0.0,0
44685,61,2,15.255973628386934,15.39915157462097,0.1431779462340348,0.2976665462605282,0.06179326457922432,0.020341830725253057,1
44685,61,3,15.255973628386934,15.411361632841738,0.15538800445480305,0.34413763691139887,0.108264355230095,0.030789427431907032,1
44685,62,1,11.988213970302036,12.082558960454756,0.09434499015272024,0.2208860986335327,0.0,0.0,0
44685,62,2,11.988213970302036,12.115534791339702,0.1273208210376655,0.2751885188699587,0.05430242023642601,0.010447596706653978,1
44685,62,3,11.988213970302036,12.297588557277303,0.30937458697526665,0.3485236297160071,0.1276375310824744,0.010447596706653978,1
44685,63,1,12.992130822934238,13.031470388699523,0.0393395657652853,0.15404160770233274,0.0,0.0,0
44685,63,2,12.992130822934238,13.101838553193181,0.10970773025894331,0.1956559525677381,0.041614344865405356,0.008585236849591765,1
44685,63,3,12.992130822934238,13.092422241548855,0.1002914186146171,0.20252251138579394,0.048480903683461196,0.008585236849591765,1
44685,64,1,11.850244494745453,11.98404957434808,0.13380507960262733,0.22379943979051978,0.0,0.0,0
44685,64,2,11.850244494745453,12.132675180741279,0.2824306859958252,0.33454379708904747,0.11074435729852769,0.029305034558230497,1
44685,64,3,11.850244494745453,12.08734911682233,0.23710462207687577,0.3717957650026305,0.14799632521211073,0.044257279106995506,1
44685,65,1,11.885961424000678,12.068767830670984,0.18280640667030568,0.22552704484303174,0.0,0.0,0
44685,65,2,11.885961424000678,12.219763574542151,0.333802150541473,0.3370082419896733,0.11148119714664154,0.014952244548765009,1
44685,65,3,11.885961424000678,12.33599497632201,0.45003355232133124,0.39816802471952856,0.17264097987649682,0.014952244548765009,1
44686,0,1,1.4333930643780748,2.395299076391461,0.961906012013386,0.14863087452401266,0.0,0.0,0
44686,0,2,1.4333930643780748,2.8511013424053373,1.4177082780272625,0.15101687989605808,0.002386005372045419,0.0,0
44686,0,3,1.4333930643780748,1.9802136939517734,0.5468206295736986,0.14989977606346735,0.001268901539454692,0.0,0
44686,1,1,1.7246739018557264,2.481634913760712,0.7569610119049857,0.21690356511720063,0.0,0.0,0
44686,1,2,1.7246739018557264,2.5593647109227384,0.834690809067012,0.2599617145530547,0.04305814943585409,0.0,0
44686,1,3,1.7246739018557264,2.5263857766817788,0.8017118748260523,0.2998451590957572,0.08294159397855658,0.0,0
44686,2,1,1.544905625854182,2.1896647112680157,0.6447590854138336,0.1862773471344229,0.0,0.0,0
44686,2,2,1.544905625854182,2.1996082831818957,0.6547026573277137,0.21696267449003914,0.030685327355616243,0.0,0
44686,2,3,1.544905625854182,2.2516000228501887,0.7066943969960067,0.26182794505371,0.07555059791928709,0.0,0
44686,3,1,1.5230831867119214,2.4960654160110005,0.9729822292990791,0.28375434176160347,0.02833702145865269,0.0,0
44686,3,2,1.5230831867119214,1.9647191401984312,0.44163595348650975,0.2554173203029508,0.0,0.0,0
44686,3,3,1.5230831867119214,2.404012740063327,0.8809295533514054,0.26394451928237717,0.008527198979426387,0.0,0
44686,4,1,1.5920428131779338,2.3380069632550806,0.7459641500771468,0.18168136767248533,0.0,0.0,0
44686,4,2,1.5920428131779338,2.139060159161958,0.5470173459840242,0.18406790477124244,0.0023865370987571077,0.0,0
44686,4,3,1.5920428131779338,2.6475133936846746,1.0554705805067408,0.20735958700113397,0.025678219328648638,0.0,0
44686,5,1,1.8052515141980952,2.0963023559552063,0.29105084175711116,0.13768209627243125,0.036041524634697966,0.0,0
44686,5,2,1.8052515141980952,2.1069045757723464,0.3016530615742512,0.10164057163773328,0.0,0.0,0
44686,5,3,1.8052515141980952,2.811853810923723,1.0066022967256278,0.13360696675639308,0.0319663951186598,0.0,0
44686,6,1,1.439417571477091,2.261642138459969,0.822224566982878,0.22685773742105117,0.02489780885320461,0.0,0
44686,6,2,1.439417571477091,1.9912642805101206,0.5518467090330297,0.20195992856784656,0.0,0.0,0
44686,6,3,1.439417571477091,2.1569076072582654,0.7174900357811744,0.20778094545894407,0.0058210168910975135,0.0,0
44686,7,1,1.6707454567553257,2.1683414370877983,0.49759598033247254,0.19097218032215532,0.0,0.0,0
44686,7,2,1.6707454567553257,2.0490136306568387,0.378268173901513,0.2224776965464487,0.03150551622429337,0.0,0
44686,7,3,1.6707454567553257,2.3083801555034364,0.6376346987481107,0.2633685249151767,0.07239634459302138,0.0,0
44686,8,1,1.8459390717686919,2.5847039054324594,0.7387648336637676,0.19885536859471006,0.0,0.0,0
44686,8,2,1.8459390717686919,2.372834806921406,0.5268957351527139,0.2237064046927403,0.024851036098030244,0.0,0
44686,8,3,1.8459390717686919,2.85385498044094,1.0079159086722482,0.26745850659798004,0.06860313800326998,0.0,0
44686,9,1,1.711901053513479,2.7256631601752894,1.0137621066618103,0.13479662280485988,0.03604951853512833,0.0,0
44686,9,2,1.711901053513479,2.318695016073163,0.6067939625596841,0.09874710426973154,0.0,0.0,0
44686,9,3,1.711901053513479,3.0649996301553952,1.3530985766419161,0.16023865214343955,0.061491547873708,0.0,0
44686,10,1,1.3854623575710536,1.8227250319052253,0.43726267433417165,0.25084941226802293,0.0,0.08377392832634545,1
44686,10,2,1.3854623575710536,1.8409155117742135,0.4554531542031599,0.25855021116468396,0.007700798896661032,0.04844768405864491,1
44686,10,3,1.3854623575710536,2.176258046008603,0.7907956884375493,0.2700931427286955,0.01924373046067257,0.0,0
44686,11,1,2.2067919284759983,3.2034688262211715,0.9966768977451732,0.25383631532948736,0.0,0.0837739283263455,1
44686,11,2,2.2067919284759983,3.5471146149432586,1.3403226864672604,0.2930766732201055,0.03924035789061814,0.04844768405864491,1
44686,11,3,2.2067919284759983,3.4369197435206624,1.2301278150446642,0.3126902495884583,0.05885393425897095,0.0,0
44686,12,1,1.8156547005660382,2.4337133299813805,0.6180586294153423,0.2143883325681959,0.0,0.0,0
44686,12,2,1.8156547005660382,2.521095257335739,0.7054405567697006,0.24518512387892155,0.030796791310725657,0.0,0
44686,12,3,1.8156547005660382,2.7331915722662035,0.9175368717001653,0.2550394450156216,0.0406511124474257,0.0,0
44686,13,1,1.3374807727381834,2.0691109290169862,0.7316301562788028,0.19240248440251165,0.0,0.0,0
44686,13,2,1.3374807727381834,2.0511768521491875,0.7136960794110041,0.21395150290275713,0.021549018500245487,0.0,0
44686,13,3,1.3374807727381834,2.5066435846091535,1.16916281187097,0.2282541821117144,0.03585169770920274,0.0,0
44686,14,1,1.6627961601931833,2.234137167666448,0.5713410074732646,0.19096356312633692,0.0,0.0,0
44686,14,2,1.6627961601931833,2.467877474927618,0.8050813147344349,0.239670465967693,0.04870690284135609,0.0,0
44686,14,3,1.6627961601931833,2.5658496903898302,0.9030535301966469,0.26585411001048603,0.07489054688414912,0.0,0
44686,15,1,1.8335100789460763,2.617897978581726,0.7843878996356497,0.19465303359283517,0.050491027710948766,0.10476575755737841,1
44686,15,2,1.8335100789460763,2.562886849363397,0.7293767704173209,0.1441620058818864,0.0,0.0,0
44686,15,3,1.8335100789460763,2.604727752236257,0.7712176732901805,0.14800671145364472,0.003844705571758311,0.0,0
44686,16,1,1.26215376774136,2.0453421068467,0.7831883391053402,0.15576218331777783,0.02567058897857022,0.10476575755737841,1
44686,16,2,1.26215376774136,2.1671881404652367,0.9050343727238768,0.14083307102668266,0.010741476687475049,0.0,0
44686,16,3,1.26215376774136,2.3892775371424047,1.1271237694010448,0.1300915943392076,0.0,0.0,0
44686,17,1,2.995671884874535,3.771882284960012,0.776210400085477,0.11409646111944424,0.05328135101355091,0.10476575755737841,1
44686,17,2,2.995671884874535,3.2807381905859785,0.2850663057114433,0.060815110105893334,0.0,0.0,0
44686,17,3,2.995671884874535,3.806503906893725,0.81083202201919,0.06150635290056023,0.0006912427946668964,0.0,0
44686,18,1,1.688526359791167,2.6844807296681266,0.9959543698769595,0.2437262719300031,0.007474236409541202,0.03721667619163127,1
44686,18,2,1.688526359791167,2.1952412943082846,0.5067149345171176,0.2362520355204619,0.0,0.0,0
44686,18,3,1.688526359791167,2.491663826309902,0.8031374665187347,0.24613549285273706,0.009883457332275164,0.0,0
44686,19,1,1.7611391720209244,2.5066716521602417,0.7455324801393173,0.22698646820028415,0.0072519206309626105,0.0372166761916313,1
44686,19,2,1.7611391720209244,2.086017404841056,0.3248782328201314,0.21973454756932154,0.0,0.0,0
44686,19,3,1.7611391720209244,2.4484922250408103,0.6873530530198859,0.23569254104932907,0.015957993480007537,0.0,0
44686,20,1,2.1047806634259065,2.995619773157139,0.8908391097312323,0.1637295809574291,0.0,0.037216676191631284,1
44686,20,2,2.1047806634259065,3.243934677507352,1.1391540140814453,0.24649998040147714,0.08277039944404804,0.0,0
44686,20,3,2.1047806634259065,3.09103083382573,0.9862501703998237,0.28053031357897884,0.11680073262154975,0.0,0
44686,21,1,1.7421884307599078,2.1516244056453857,0.4094359748854779,0.2069423077105227,0.0033128109881500056,0.0,0
44686,21,2,1.7421884307599078,2.2741890992086766,0.5320006684487688,0.20378139303530116,0.0001518963129284734,0.0,0
44686,21,3,1.7421884307599078,2.3566330940677678,0.61444466330786,0.20362949672237268,0.0,0.0,0
44686,22,1,1.6223594695920398,1.951861704520507,0.3295022349284671,0.1954528550392803,0.006609607461086325,0.0,0
44686,22,2,1.6223594695920398,1.7147057598339728,0.09234629024193297,0.18884324757819398,0.0,0.0,0
44686,22,3,1.6223594695920398,2.0232019818699776,0.40084251227793777,0.19314698684945691,0.00430373927126293,0.0,0
44686,23,1,1.4748317151060983,2.8319345749559117,1.3571028598498134,0.14277880919052183,0.003130288917144286,0.0,0
44686,23,2,1.4748317151060983,2.823769690815548,1.3489379757094495,0.14733927374276226,0.00769075346938472,0.0,0
44686,23,3,1.4748317151060983,2.3740818718903527,0.8992501567842544,0.13964852027337754,0.0,0.0,0
44686,24,1,2.568309773500384,3.1132223480350887,0.5449125745347048,0.2741525871585073,0.0,0.0,0
44686,24,2,2.568309773500384,2.9590276042821655,0.39071783078178157,0.27821870731140635,0.004066120152899033,0.0,0
44686,24,3,2.568309773500384,3.1095544651994684,0.5412446916990845,0.29679846848939245,0.02264588133088513,0.0,0
44686,25,1,1.4850538172569538,2.0976519672462297,0.6125981499892759,0.23224877994849852,0.0,0.0,0
44686,25,2,1.4850538172569538,1.954726130437034,0.4696723131800802,0.23415752234143794,0.001908742392939422,0.0,0
44686,25,3,1.4850538172569538,2.257422068796178,0.7723682515392243,0.24668099044890934,0.014432210500410825,0.0,0
44686,26,1,1.8969251065243253,2.3961364906771467,0.4992113841528214,0.22303644517664056,0.0,0.0,0
44686,26,2,1.8969251065243253,2.4039714040596714,0.507046297535346,0.22864627857545675,0.005609833398816183,0.0,0
44686,26,3,1.8969251065243253,2.7220810566000555,0.8251559500757302,0.24123906280882498,0.01820261763218442,0.0,0
44686,27,1,2.1279711559018333,2.5086086598663444,0.3806375039645111,0.194086148976938,0.004416321124896261,0.0,0
44686,27,2,2.1279711559018333,2.3937214894998884,0.2657503335980551,0.18966982785204173,0.0,0.0,0
44686,27,3,2.1279711559018333,2.367987271607062,0.24001611570522874,0.1928008897092851,0.003131061857243378,0.0,0
44686,28,1,1.6348750030360413,2.0507764608634336,0.4159014578273923,0.24860725267464834,0.0,0.0,0
44686,28,2,1.6348750030360413,2.0158442400792347,0.3809692370431934,0.2604214559471505,0.011814203272502155,0.0,0
44686,28,3,1.6348750030360413,2.1623977737102935,0.5275227706742522,0.27485623568355205,0.026248983008903715,0.0,0
44686,29,1,1.8147755334265923,2.140938185900009,0.3261626524734167,0.22980049025632762,0.020025555275518497,0.0,0
44686,29,2,1.8147755334265923,2.2356872500493923,0.4209117166228,0.21028892899819931,0.0005139940173901902,0.0,0
44686,29,3,1.8147755334265923,2.3492103023017195,0.5344347688751272,0.20977493498080912,0.0,0.0,0
44686,30,1,1.7755730698440153,2.083500569423793,0.3079274995797776,0.21254302787581242,0.02272223441890328,0.0,0
44686,30,2,1.7755730698440153,2.029780797835108,0.2542077279910926,0.18982079345690914,0.0,0.0,0
44686,30,3,1.7755730698440153,2.0387191725695017,0.26314610272548644,0.1912241233530432,0.0014033298961340646,0.0,0
44686,31,1,1.8813427359698918,2.433290371786974,0.5519476358170823,0.10768398188923875,0.0,0.0,0
44686,31,2,1.8813427359698918,2.6350762487527817,0.7537335127828899,0.13537229890205066,0.02768831701281191,0.0,0
44686,31,3,1.8813427359698918,2.6598451039732867,0.7785023680033949,0.13727473872640875,0.029590756837169996,0.0,0
44686,32,1,2.6341611710238344,3.2277027934427194,0.593541622418885,0.24907127433427442,0.0,0.038421144397847024,1
44686,32,2,2.6341611710238344,3.0313440767900466,0.3971829057662122,0.2586073076539031,0.009536033319628684,0.0,0
44686,32,3,2.6341611710238344,3.515986593747691,0.8818254227238564,0.29985960924329513,0.05078833490902071,0.0,0
44686,33,1,1.815365549971545,2.0131004891031905,0.19773493913164542,0.22221326535773875,0.0,0.0,0
44686,33,2,1.815365549971545,1.9767560925829293,0.1613905426113842,0.24571652119258527,0.023503255834846526,0.0,0
44686,33,3,1.815365549971545,2.105446437309612,0.2900808873380667,0.29324628598724356,0.07103302062950481,0.0,0
44686,34,1,2.4816550252433722,3.259116648167832,0.7774616229244597,0.21203767537072568,0.0,0.0,0
44686,34,2,2.4816550252433722,3.0767303628884344,0.5950753376450622,0.2164459796821855,0.004408304311459832,0.0,0
44686,34,3,2.4816550252433722,3.1083653002732,0.6267102750298279,0.21814150255283726,0.006103827182111582,0.0,0
44686,35,1,2.535445554203394,3.349180579486345,0.8137350252829512,0.13083543566690056,0.0010966856379614753,0.0,0
44686,35,2,2.535445554203394,3.2294718693727753,0.6940263151693813,0.13099394639340234,0.0012551963644632513,0.0,0
44686,35,3,2.535445554203394,3.36939473449394,0.8339491802905461,0.1297387500289391,0.0,0.0,0
44686,36,1,1.8296563926161327,2.6116635193973363,0.7820071267812037,0.20757916957497366,0.0,0.0,0
44686,36,2,1.8296563926161327,2.387568180773244,0.5579117881571112,0.20969863871627448,0.002119469141300817,0.0,0
44686,36,3,1.8296563926161327,2.6043079608663526,0.77465156825022,0.21214399505563625,0.004564825480662588,0.0,0
44686,37,1,2.355263998039079,2.7665755991930894,0.41131160115401055,0.1613743438732897,0.028789240471032734,0.0,0
44686,37,2,2.355263998039079,2.5551979374442286,0.1999339394051498,0.13781559516691355,0.005230491764656592,0.0,0
44686,37,3,2.355263998039079,2.767590410578737,0.4123264125396582,0.13258510340225696,0.0,0.0,0
44686,38,1,18.0918504539549,18.244697020146003,0.15284656619110137,0.20492803260185177,0.0,0.0,0
44686,38,2,18.0918504539549,18.251798921013574,0.1599484670586726,0.20957234719320686,0.0046443145913550865,0.0,0
44686,38,3,18.0918504539549,18.151990167661292,0.06013971370639126,0.2092909388640748,0.004362906262223021,0.0,0
44686,39,1,18.069138096431722,18.219229461670487,0.1500913652387652,0.17419609074198558,0.0,0.0,0
44686,39,2,18.069138096431722,18.229042146867236,0.15990405043551448,0.17553935776510385,0.0013432670231182664,0.0,0
44686,39,3,18.069138096431722,18.13751810997352,0.06838001354179823,0.17434941763679587,0.0001533268948102906,0.0,0
44686,40,1,18.080174514501284,18.255819268507473,0.17564475400618917,0.12856872162837432,0.0,0.0,0
44686,40,2,18.080174514501284,18.269850655038983,0.1896761405376992,0.1594936650324381,0.030924943404063765,0.0,0
44686,40,3,18.080174514501284,18.13572023691298,0.055545722411697085,0.1514797856096188,0.022911063981244484,0.0,0
44686,41,1,1.2766866184855767,1.8164657448194923,0.5397791263339156,0.2141415065502957,0.0,0.10154755602314125,1
44686,41,2,1.2766866184855767,1.7958632685390925,0.5191766500535158,0.2148627905382168,0.0007212839879210953,0.0,0
44686,41,3,1.2766866184855767,2.1459138481388207,0.869227229653244,0.22788556673306243,0.01374406018276672,0.0,0
44686,42,1,1.649979895781268,2.2087961099417583,0.5588162141604904,0.23304844974989622,0.0,0.10154755602314125,1
44686,42,2,1.649979895781268,2.5265758175825637,0.8765959218012958,0.29154743501277525,0.05849898526287903,0.0,0
44686,42,3,1.649979895781268,2.475169673183351,0.8251897774020831,0.3191426360061214,0.0860941862562252,0.0,0
44686,43,1,2.3081569108313778,2.7219296951071876,0.4137727842758099,0.1192568290923261,0.02866452463021181,0.10154755602314125,1
44686,43,2,2.3081569108313778,2.4662941220280246,0.1581372111966468,0.09059230446211429,0.0,0.0,0
44686,43,3,2.3081569108313778,2.754801105096319,0.44664419426494106,0.12201824153165937,0.03142593706954508,0.0,0
44686,44,1,2.240875255916746,2.995612243744621,0.7547369878278749,0.24723114803288174,0.026020170839967077,0.023662707336334243,1
44686,44,2,2.240875255916746,2.572776451547191,0.33190119563044496,0.22121097719291466,0.0,0.0,0
44686,44,3,2.240875255916746,2.9603089844872197,0.7194337285704737,0.2277725862978943,0.006561609104979632,0.0,0
44686,45,1,2.0078184231993084,2.3454865787056285,0.3376681555063201,0.22113457004635972,0.0,0.02366270733633427,1
44686,45,2,2.0078184231993084,2.4131158596569877,0.40529743645767935,0.24960288562555347,0.028468315579193743,0.0,0
44686,45,3,2.0078184231993084,2.6915429423622266,0.6837245191629182,0.28002649993525364,0.05889192988889391,0.0,0
44686,46,1,2.4849014326197763,2.9106349554613535,0.4257335228415773,0.10942965745439671,0.033773318784548936,0.02366270733633427,1
44686,46,2,2.4849014326197763,2.6566330244084235,0.17173159178864728,0.07565633866984778,0.0,0.0,0
44686,46,3,2.4849014326197763,3.170296120750689,0.6853946881309128,0.10223804497676,0.02658170630691223,0.0,0
44686,47,1,1.3139123868138392,1.6700173287646805,0.3561049419508413,0.20410810079651798,0.03444363035666556,0.09446117713183072,1
44686,47,2,1.3139123868138392,1.4786678302132548,0.1647554433994156,0.16966447043985242,0.0,0.0,0
44686,47,3,1.3139123868138392,1.6863461841649237,0.3724337973510845,0.17090291786244438,0.001238447422591965,0.0,0
44686,48,1,1.8265036973948763,2.3622058482734127,0.5357021508785365,0.1271228051891854,0.010937642949554446,0.09446117713183072,1
44686,48,2,1.8265036973948763,2.5486814059437686,0.7221777085488923,0.11905879091035647,0.00287362867072552,0.0,0
44686,48,3,1.8265036973948763,2.6080682711585026,0.7815645737636263,0.11618516223963095,0.0,0.0,0
44686,49,1,2.584383096041308,3.155069790420755,0.5706866943794471,0.09198868053811024,0.021744710075661172,0.09446117713183072,1
44686,49,2,2.584383096041308,3.074489711618766,0.4901066155774578,0.07210250906026729,0.0018585385978182184,0.0,0
44686,49,3,2.584383096041308,3.4173846677868496,0.8330015717455415,0.07024397046244907,0.0,0.0,0
44686,50,1,1.6749669542015646,1.8926191491408748,0.2176521949393102,0.18431703056669782,0.01123997683933095,0.0,0
44686,50,2,1.6749669542015646,2.1438432534007856,0.468876299199221,0.1743204766114211,0.0012434228840542405,0.0,0
44686,50,3,1.6749669542015646,2.24472248936343,0.5697555351618655,0.17307705372736687,0.0,0.0,0
44686,51,1,1.4499118568448486,1.9709049815766697,0.5209931247318211,0.14747411651141337,0.015049621301654437,0.0,0
44686,51,2,1.4499118568448486,1.6949831285678318,0.24507127172298326,0.13242449520975894,0.0,0.0,0
44686,51,3,1.4499118568448486,1.9039654837496491,0.45405362690480056,0.13764481104556758,0.005220315835808648,0.0,0
44686,52,1,1.7794383387442037,3.13632128621512,1.3568829474709165,0.07455565018624213,0.0,0.0,0
44686,52,2,1.7794383387442037,3.0923650356622385,1.3129266969180349,0.08462794602985656,0.010072295843614423,0.0,0
44686,52,3,1.7794383387442037,2.397380585999902,0.6179422472556984,0.08073209163551573,0.006176441449273595,0.0,0
44686,53,1,1.9305112936734719,2.5628216321212958,0.6323103384478239,0.20840545346119194,0.0,0.0,0
44686,53,2,1.9305112936734719,2.204320390322731,0.27380909664925923,0.22540787759635827,0.01700242413516634,0.0,0
44686,53,3,1.9305112936734719,3.0537901953579385,1.1232789016844666,0.24949923804394514,0.0410937845827532,0.0,0
44686,54,1,2.0228932285353647,2.4517716728413825,0.42887844430601785,0.20860362566582227,0.0,0.0,0
44686,54,2,2.0228932285353647,2.3033113635175906,0.2804181349822259,0.226197249733171,0.01759362406734874,0.0,0
44686,54,3,2.0228932285353647,2.982538997907177,0.9596457693718121,0.2562845334976701,0.047680907831847835,0.0,0
44686,55,1,1.2969910024120617,1.818644654213284,0.5216536518012223,0.19208102117242323,0.0,0.0,0
44686,55,2,1.2969910024120617,1.7858070694724582,0.4888160670603965,0.21847823065800823,0.026397209485584994,0.0,0
44686,55,3,1.2969910024120617,2.2130121222679264,0.9160211198558648,0.2596927196914027,0.06761169851897944,0.0,0
44686,56,1,9.701979548320818,10.002673940857958,0.3006943925371406,0.2688253620959335,0.038003778642596436,0.0,0
44686,56,2,9.701979548320818,9.933008039017427,0.2310284906966089,0.23159799595256528,0.0007764124992282184,0.03013771033835408,1
44686,56,3,9.701979548320818,10.057654158281174,0.3556746099603565,0.23082158345333706,0.0,0.04681076967421208,1
44686,57,1,9.526147555135484,9.82860795443025,0.3024603992947661,0.20300239432557288,0.01789193301043593,0.0,0
44686,57,2,9.526147555135484,9.676272575306914,0.15012502017142992,0.18691449335518587,0.0018040320400489196,0.016673059335857998,1
44686,57,3,9.526147555135484,9.894998914400725,0.36885135926524093,0.18511046131513695,0.0,0.016673059335857998,1
44686,58,1,11.279351455420501,11.42652714476026,0.14717568933975933,0.08817281134051469,0.010900418353861699,0.00510502704971226,1
44686,58,2,11.279351455420501,11.363093562038095,0.08374210661759385,0.07727239298665299,0.0,0.0,0
44686,58,3,11.279351455420501,11.407657215199867,0.12830575977936576,0.08253109358076328,0.005258700594110294,0.0,0
44686,59,1,16.07690737440153,16.393914072515557,0.31700669811402804,0.3098345614549273,0.02006793978567767,0.0,0
44686,59,2,16.07690737440153,16.28766480897647,0.21075743457494056,0.28976662166924966,0.0,0.02022243899379457,1
44686,59,3,16.07690737440153,16.331992118091005,0.2550847436894763,0.2935659989724789,0.0037993773032292677,0.030050778829472838,1
44686,60,1,12.787281653956416,13.085870300566622,0.2985886466102059,0.28917581601216635,0.022282676622901676,0.0,0
44686,60,2,12.787281653956416,12.977885761573248,0.19060410761683144,0.2668931393892647,0.0,0.009828339835678278,1
44686,60,3,12.787281653956416,13.035301582408044,0.2480199284516278,0.26769492749583657,0.0008017881065718879,0.009828339835678278,1
44686,61,1,13.792039934558698,14.355693830012338,0.5636538954536405,0.12966009942055176,0.0,0.0,0
44686,61,2,13.792039934558698,14.12585927451703,0.3338193399583318,0.1804687096283996,0.050808610207847826,0.007998348576765214,1
44686,61,3,13.792039934558698,14.22312941665482,0.4310894820961213,0.20551714342067443,0.07585704400012266,0.007998348576765214,1
44686,62,1,12.440782316543855,13.124648420338335,0.6838661037944807,0.1301188005580597,0.0,0.0024032141389165873,0
44686,62,2,12.440782316543855,12.809841559302281,0.3690592427584267,0.18004502041086284,0.049926219852803155,0.0,0
44686,62,3,12.440782316543855,13.034668516508873,0.5938861999650182,0.212325243153419,0.08220644259535931,0.0,0
44686,63,1,12.455490543701496,12.85432040401515,0.3988298603136542,0.2846439869778339,0.00831321154988951,0.0,0
44686,63,2,12.455490543701496,12.692996381401862,0.23750583770036648,0.2763307754279444,0.0,0.029227585946832807,1
44686,63,3,12.455490543701496,12.78605581103894,0.3305652673374446,0.3061895640377537,0.02985878860980934,0.04323336968311958,1
44686,64,1,12.620047353664859,13.05732018996253,0.4372728362976712,0.28986085386998794,0.00199746703927689,0.0,0
44686,64,2,12.620047353664859,12.866786246351605,0.24673889268674642,0.28786338683071105,0.0,0.014005783736286768,1
44686,64,3,12.620047353664859,13.025006404496136,0.4049590508312768,0.32258403670702523,0.03472064987631418,0.014005783736286768,1
44687,0,1,1.1954798512258846,2.150165660916975,0.9546858096910902,0.2708952299336168,0.03401549359745265,0.0,0
44687,0,2,1.1954798512258846,1.6734014231456065,0.47792157191972184,0.23687973633616416,0.0,0.0,0
44687,0,3,1.1954798512258846,2.202656739031923,1.0071768878060383,0.25621768065390266,0.019337944317738498,0.0,0
44687,1,1,1.4541250120281088,2.2615376049064992,0.8074125928783904,0.15017352406908657,0.0,0.0,0
44687,1,2,1.4541250120281088,2.135675746730616,0.6815507347025072,0.16477919657671322,0.01460567250762665,0.0,0
44687,1,3,1.4541250120281088,2.1409786936726563,0.6868536816445474,0.1857198537766547,0.03554632970756813,0.0,0
44687,2,1,1.6771994492190234,2.4182649732151136,0.7410655239960902,0.11724049919454002,0.028637946094003094,0.0,0
44687,2,2,1.6771994492190234,2.1554981199453387,0.47829867072631527,0.08860255310053693,0.0,0.0,0
44687,2,3,1.6771994492190234,2.3737641034241213,0.6965646542050978,0.1234957679887039,0.034893214888166976,0.0,0
44687,3,1,1.4498223873876324,2.300763597593953,0.8509412102063205,0.2115536918265402,0.003878271686311857,0.0,0
44687,3,2,1.4498223873876324,2.037173787607295,0.5873514002196627,0.20767542014022836,0.0,0.0,0
44687,3,3,1.4498223873876324,2.1965331400994677,0.7467107527118353,0.21513233723120387,0.007456917090975512,0.0,0
44687,4,1,1.469825928954475,2.0425574540050944,0.5727315250506193,0.20876142321777724,0.0,0.0,0
44687,4,2,1.469825928954475,2.0130163611252323,0.5431904321707572,0.24430562319875745,0.03554419998098021,0.0,0
44687,4,3,1.469825928954475,2.2222967364812045,0.7524708075267295,0.28780087784159686,0.07903945462381962,0.0,0
44687,5,1,1.7757860031027584,2.269806800730413,0.4940207976276547,0.19751875207108394,0.0,0.0,0
44687,5,2,1.7757860031027584,2.2412448923091155,0.46545888920635714,0.22667232560355233,0.02915357353246839,0.0,0
44687,5,3,1.7757860031027584,2.6598029351273427,0.8840169320245843,0.2871395962350919,0.08962084416400795,0.0,0
44687,6,1,1.6425437141828187,2.492054422187754,0.8495107080049353,0.12093540892454573,0.015915812132279786,0.0,0
44687,6,2,1.6425437141828187,2.407383897619144,0.7648401834363254,0.10501959679226594,0.0,0.0,0
44687,6,3,1.6425437141828187,3.031810411631353,1.3892666974485344,0.19243118679505197,0.08741159000278603,0.0,0
44687,7,1,1.2141725904790255,2.1583735892446123,0.9442009987655868,0.19600927819289185,0.007391800323441999,0.08301869298782749,1
44687,7,2,1.2141725904790255,2.0168123634631416,0.8026397729841162,0.18861747786944985,0.0,0.047705440560850854,1
44687,7,3,1.2141725904790255,1.9758923997044089,0.7617198092253834,0.22642620532201516,0.037808727452565305,0.0,0
44687,8,1,2.285619788324955,3.085739066334523,0.8001192780095678,0.2063331665680128,0.0,0.08301869298782746,1
44687,8,2,2.285619788324955,3.1484281377090424,0.8628083493840872,0.23269994288463397,0.026366776316621182,0.04770544056085088,1
44687,8,3,2.285619788324955,3.2246316219431,0.939011833618145,0.26570284451122855,0.059369677943215765,0.0,0
44687,9,1,1.5279780555027234,2.5028297112039217,0.9748516557011984,0.25087690030400434,0.0037008392369153875,0.0,0
44687,9,2,1.5279780555027234,2.004392174251535,0.4764141187488118,0.24717606106708895,0.0,0.0,0
44687,9,3,1.5279780555027234,2.668561647091532,1.1405835915888085,0.2594129058194614,0.012236844752372467,0.0,0
44687,10,1,1.1127970443701998,1.9890958101859326,0.8762987658157328,0.20142784553007181,0.0,0.0,0
44687,10,2,1.1127970443701998,1.8339234774844217,0.721126433114222,0.21298112701489044,0.011553281484818628,0.0,0
44687,10,3,1.1127970443701998,2.091249443974285,0.978452399604085,0.23623204307711684,0.03480419754704503,0.0,0
44687,11,1,1.6420937936913496,1.9263913884551678,0.2842975947638182,0.1950879211355553,0.0,0.0,0
44687,11,2,1.6420937936913496,2.1218567392066285,0.479762945515279,0.24486596134539057,0.049778040209835284,0.0,0
44687,11,3,1.6420937936913496,2.5636966414722187,0.9216028477808691,0.27102103905684316,0.07593311792128787,0.0,0
44687,12,1,1.3704453013128663,2.4006283794874648,1.0301830781745984,0.1603294129577816,0.031869302077829065,0.10259796118143927,1
44687,12,2,1.3704453013128663,2.2425490051251407,0.8721037038122743,0.12846011087995254,0.0,0.0,0
44687,12,3,1.3704453013128663,2.5957065526727887,1.2252612513599224,0.13624168115142088,0.0077815702714683355,0.0,0
44687,13,1,1.2998569835621798,2.203826704344691,0.903969720782511,0.1497039228920059,0.0,0.10259796118143927,1
44687,13,2,1.2998569835621798,2.3902164014041873,1.0903594178420075,0.15944326601673198,0.009739343124726074,0.0,0
44687,13,3,1.2998569835621798,1.917681655534454,0.6178246719722742,0.16318895072916526,0.013485027837159352,0.0,0
44687,14,1,2.11573066144702,2.911218715850727,0.7954880544037071,0.11193219332124812,0.047165730801732794,0.10259796118143928,1
44687,14,2,2.11573066144702,2.363789557389403,0.24805889594238328,0.06476646251951533,0.0,0.0,0
44687,14,3,2.11573066144702,2.952304101946575,0.8365734404995551,0.06877437260365357,0.0040079100841382415,0.0,0
44687,15,1,1.653533254068535,2.3215430195877476,0.6680097655192125,0.2340508933286914,0.004595745059948808,0.0387262805139062,1
44687,15,2,1.653533254068535,2.0779485376111024,0.4244152835425674,0.22945514826874258,0.0,0.0,0
44687,15,3,1.653533254068535,2.3026329734696986,0.6490997194011636,0.2363774000035771,0.006922251734834517,0.0,0
44687,16,1,1.6676424885809482,2.5484450032043306,0.8808025146233824,0.26566396530448777,0.06894832003903517,0.0387262805139062,1
44687,16,2,1.6676424885809482,2.1148472349058762,0.447204746324928,0.1967156452654526,0.0,0.0,0
44687,16,3,1.6676424885809482,2.2926766325441745,0.6250341439632263,0.21790881856863323,0.02119317330318063,0.0,0
44687,17,1,2.172861249613073,2.6249982788267827,0.4521370292137097,0.14220835210304222,0.0,0.03872628051390618,1
44687,17,2,2.172861249613073,3.058150477787154,0.8852892281740812,0.19370095163733242,0.051492599534290195,0.0,0
44687,17,3,2.172861249613073,2.81260979792181,0.6397485483087371,0.21196920545814713,0.0697608533551049,0.0,0
44687,18,1,1.7020168954458228,2.2640209980884833,0.5620041026426605,0.22606321817819622,0.012518240649698503,0.0,0
44687,18,2,1.7020168954458228,1.9999040045069925,0.29788710906116966,0.21354497752849771,0.0,0.0,0
44687,18,3,1.7020168954458228,2.303971236323433,0.6019543408776102,0.21716203803575337,0.0036170605072556594,0.0,0
44687,19,1,1.212743260804044,1.8127752522780642,0.6000319914740202,0.20030594702701524,0.013372103423995224,0.0,0
44687,19,2,1.212743260804044,1.432761065822478,0.22001780501843404,0.18693384360302,0.0,0.0,0
44687,19,3,1.212743260804044,1.9640331690053485,0.7512899082013045,0.1942626704724834,0.007328826869463401,0.0,0
44687,20,1,1.588835744223454,2.4069757413724995,0.8181399971490455,0.15304257033770996,0.0,0.0,0
44687,20,2,1.588835744223454,2.4652442331647384,0.8764084889412844,0.16246820840138793,0.009425638063677966,0.0,0
44687,20,3,1.588835744223454,2.171121043887772,0.582285299664318,0.16594881933853825,0.01290624900082829,0.0,0
44687,21,1,2.6673554625653066,3.2269590846384117,0.5596036220731051,0.24420988781742542,0.008417003922973426,0.0,0
44687,21,2,2.6673554625653066,2.8804001915254753,0.21304472896016868,0.235792883894452,0.0,0.0,0
44687,21,3,2.6673554625653066,3.2422831583468623,0.5749276957815557,0.2554968705805719,0.019703986686119918,0.0,0
44687,22,1,1.3892020561016507,2.2083769674600284,0.8191749113583777,0.27810779629625426,0.035835737991044364,0.0,0
44687,22,2,1.3892020561016507,1.7761264244311914,0.3869243683295407,0.2422720583052099,0.0,0.0,0
44687,22,3,1.3892020561016507,2.321845147577229,0.9326430914755781,0.2618509429003812,0.019578884595171292,0.0,0
44687,23,1,1.6728317502495558,2.3936736784821013,0.7208419282325456,0.20681694965253608,0.005155664815004735,0.0,0
44687,23,2,1.6728317502495558,2.2623846166827617,0.5895528664332059,0.20166128483753135,0.0,0.0,0
44687,23,3,1.6728317502495558,2.4061961330072847,0.733364382757729,0.2415151492287733,0.039853864391241944,0.0,0
44687,24,1,2.2833256485635216,2.4092241066446993,0.12589845808117772,0.2248052616328627,0.013066915570355275,0.0,0
44687,24,2,2.2833256485635216,2.4044619601405812,0.12113631157705962,0.21173834606250744,0.0,0.0,0
44687,24,3,2.2833256485635216,2.6784915896248664,0.39516594106134484,0.2181235194398025,0.00638517337729505,0.0,0
44687,25,1,1.657726669524245,2.2252425151432123,0.5675158456189673,0.2543182560795367,0.0,0.0,0
44687,25,2,1.657726669524245,2.1409615550776433,0.48323488555339833,0.2580292250510151,0.0037109689714784344,0.0,0
44687,25,3,1.657726669524245,2.306107261423437,0.6483805918991921,0.26969359156378553,0.015375335484248853,0.0,0
44687,26,1,1.7083045517940647,2.1084458427319204,0.40014129093785566,0.23498358259948826,0.012309781099665018,0.0,0
44687,26,2,1.7083045517940647,1.9261015187796275,0.21779696698556283,0.22267380149982324,0.0,0.0,0
44687,26,3,1.7083045517940647,2.323186385285646,0.6148818334915811,0.22490539663653852,0.002231595136715281,0.0,0
44687,27,1,1.888909135098654,2.3382210786440845,0.44931194354543047,0.24782158783647845,0.043597473533686565,0.0,0
44687,27,2,1.888909135098654,2.1713091382490637,0.2824000031504097,0.2042241143027919,0.0,0.0,0
44687,27,3,1.888909135098654,2.493790002433396,0.6048808673347419,0.20537522318814586,0.0011511088853539686,0.0,0
44687,28,1,1.9607603864549443,2.420495158810545,0.4597347723556007,0.12395221383491878,0.0,0.0,0
44687,28,2,1.9607603864549443,2.6341745469326168,0.6734141604776724,0.15900335043342073,0.03505113659850195,0.0,0
44687,28,3,1.9607603864549443,2.495887659154645,0.5351272726997005,0.16052089618190787,0.036568682346989095,0.0,0
44687,29,1,2.707457102351264,3.611338029055905,0.903880926704641,0.2829325577598819,0.0103149886618486,0.039611101918908515,1
44687,29,2,2.707457102351264,3.217192975873283,0.5097358735220188,0.2726175690980333,0.0,0.0,0
44687,29,3,2.707457102351264,3.786787644877811,1.079330542526547,0.3339163507033971,0.061298781605363784,0.0,0
44687,30,1,1.8496027480017656,2.0514817085766404,0.20187896057487476,0.2290764909047534,0.0,0.0,0
44687,30,2,1.8496027480017656,2.0670454733481662,0.21744272534640063,0.2715326812269449,0.0424561903221915,0.0,0
44687,30,3,1.8496027480017656,2.2381026601002136,0.38849991209844803,0.3213895958188009,0.09231310491404748,0.0,0
44687,31,1,2.4656910289884024,3.216470726889882,0.7507796979014794,0.22553684625831247,0.0024224705196508323,0.0,0
44687,31,2,2.4656910289884024,2.7116578323130964,0.245966803324694,0.22311437573866164,0.0,0.0,0
44687,31,3,2.4656910289884024,3.106798928544812,0.6411078995564097,0.23106543476386415,0.007951059025202517,0.0,0
44687,32,1,2.6712480317117993,3.3427933063234563,0.671545274611657,0.12427907940234074,0.0,0.0,0
44687,32,2,2.6712480317117993,3.227731380303046,0.5564833485912466,0.1320316452159985,0.007752565813657755,0.0,0
44687,32,3,2.6712480317117993,3.1087601686109076,0.4375121368991084,0.134205980353567,0.009926900951226267,0.0,0
44687,33,1,1.7424942674642772,2.2770594063540424,0.5345651388897652,0.2196193922433435,0.004262992872849702,0.0,0
44687,33,2,1.7424942674642772,1.907937543181712,0.1654432757174349,0.2153563993704938,0.0,0.0,0
44687,33,3,1.7424942674642772,2.3616305718665886,0.6191363044023115,0.22184082208516248,0.006484422714668675,0.0,0
44687,34,1,2.6821899592642238,3.1413163428251036,0.45912638356087987,0.1638285395243237,0.02013526281693867,0.0,0
44687,34,2,2.6821899592642238,2.925717285858825,0.2435273265946014,0.14527301214621693,0.001579735438831914,0.0,0
44687,34,3,2.6821899592642238,3.2773127808455924,0.5951228215813686,0.14369327670738502,0.0,0.0,0
44687,35,1,18.26586323344495,18.419586112817203,0.15372287937225337,0.2256336343430745,0.005309500746403184,0.0,0
44687,35,2,18.26586323344495,18.342670436018373,0.07680720257342344,0.22032413359667133,0.0,0.0,0
44687,35,3,18.26586323344495,18.33696433134467,0.07110109789972086,0.22554153946757402,0.005217405870902692,0.0,0
44687,36,1,18.251052200797194,18.397981164199756,0.14692896340256212,0.18148582211252745,0.002381302320421913,0.0,0
44687,36,2,18.251052200797194,18.325189818404407,0.07413761760721371,0.17910451979210554,0.0,0.0,0
44687,36,3,18.251052200797194,18.317973035461016,0.06692083466382215,0.18085669064865892,0.0017521708565533811,0.0,0
44687,37,1,18.251493573231123,18.42838112851125,0.17688755528012834,0.1360026762740419,0.0,0.0,0
44687,37,2,18.251493573231123,18.402063823308765,0.15057025007764224,0.17034014978312614,0.034337473509084254,0.0,0
44687,37,3,18.251493573231123,18.37536324622223,0.12386967299110552,0.1720078014323373,0.036005125158295403,0.0,0
44687,38,1,1.1576824750156924,1.9947188088684684,0.837036333852776,0.19308440663830576,0.001016904247982009,0.17202188614386546,1
44687,38,2,1.1576824750156924,1.8504315152715478,0.6927490402558554,0.19206750239032375,0.0,0.09945046478923897,1
44687,38,3,1.1576824750156924,1.7589352645134368,0.6012527894977444,0.22052659822368975,0.028459095833366005,0.0,0
44687,39,1,1.9560827518686614,2.4383724108020126,0.4822896589333512,0.20486311078868077,0.0,0.17202188614386543,1
44687,39,2,1.9560827518686614,2.6556558810665356,0.6995731291978742,0.2502850557384079,0.04542194494972715,0.09945046478923897,1
44687,39,3,1.9560827518686614,2.5465404501911775,0.590457698322516,0.2754282934541862,0.0705651826655054,0.0,0
44687,40,1,1.5136805518630685,2.5977435597015957,1.0840630078385272,0.20297980813414546,0.027456795060944145,0.024693920186708573,1
44687,40,2,1.5136805518630685,2.2042747019923117,0.6905941501292432,0.1755230130732013,0.0,0.0,0
44687,40,3,1.5136805518630685,2.1935794073338686,0.6798988554708001,0.2097864614317292,0.034263448358527876,0.0,0
44687,41,1,1.9608071516575662,2.448358529360801,0.48755137770323453,0.18699333327554724,0.0,0.024693920186708573,1
44687,41,2,1.9608071516575662,2.5918164229378964,0.6310092712803301,0.20828560228243168,0.02129226900688444,0.0,0
44687,41,3,1.9608071516575662,2.60080773902127,0.6400005873637038,0.23176267672631293,0.04476934345076569,0.0,0
44687,42,1,2.4218582351359763,3.12907661048871,0.7072183753527339,0.09155766453751292,0.019509370645114113,0.024693920186708573,1
44687,42,2,2.4218582351359763,2.8357299976184356,0.41387176248245927,0.07204829389239881,0.0,0.0,0
44687,42,3,2.4218582351359763,3.2109781715074575,0.7891199363714811,0.11067885022615102,0.03863055633375222,0.0,0
44687,43,1,1.2132524927565398,1.7667367502357478,0.553484257479208,0.18097675459928608,0.009648739008256302,0.09431807347570154,1
44687,43,2,1.2132524927565398,1.773740963768501,0.5604884710119613,0.17308341447032966,0.0017553988792998743,0.0,0
44687,43,3,1.2132524927565398,2.1672031932338465,0.9539507004773067,0.17132801559102978,0.0,0.0,0
44687,44,1,1.7163586041643941,2.287018558711373,0.5706599545469788,0.13116074337159203,0.008176607706640027,0.09431807347570151,1
44687,44,2,1.7163586041643941,2.021812425420236,0.305453821255842,0.122984135664952,0.0,0.0,0
44687,44,3,1.7163586041643941,2.392993845920903,0.6766352417565087,0.12491781113202022,0.0019336754670682132,0.0,0
44687,45,1,2.658638849859067,3.2999444320124978,0.6413055821534308,0.08928952792691305,0.017034711066726285,0.09431807347570152,1
44687,45,2,2.658638849859067,3.186645514305188,0.5280066644461212,0.0728194136629751,0.0005645968027883363,0.0,0
44687,45,3,2.658638849859067,3.51208543877748,0.8534465889184131,0.07225481686018677,0.0,0.0,0
44687,46,1,1.3217891074131216,1.7264847972605288,0.4046956898474072,0.1938811073993348,0.01924873403100555,0.0,0
44687,46,2,1.3217891074131216,1.4936061191789107,0.17181701176578912,0.17463237336832926,0.0,0.0,0
44687,46,3,1.3217891074131216,1.9904505533229464,0.6686614459098248,0.1834400005426609,0.008807627174331645,0.0,0
44687,47,1,1.4711214117918097,1.998334425661513,0.5272130138697033,0.14371233619854276,0.02368964564638862,0.0,0
44687,47,2,1.4711214117918097,1.8339633736971332,0.3628419619053236,0.12002269055215414,0.0,0.0,0
44687,47,3,1.4711214117918097,2.327055111825491,0.8559337000336815,0.12991841575271745,0.00989572520056331,0.0,0
44687,48,1,1.78942612843356,2.635284995350293,0.8458588669167328,0.08011177589049835,0.002477138219929939,0.0,0
44687,48,2,1.78942612843356,2.072420709772529,0.28299458133896893,0.07763463767056841,0.0,0.0,0
44687,48,3,1.78942612843356,2.6749217332618564,0.8854956048282965,0.08257746848644004,0.004942830815871629,0.0,0
44687,49,1,1.8869713693246333,2.7664392423542457,0.8794678730296124,0.21989961158957072,0.0,0.0,0
44687,49,2,1.8869713693246333,2.3681749815875706,0.4812036122629373,0.22645258886607805,0.006552977276507332,0.0,0
44687,49,3,1.8869713693246333,2.8644212200567973,0.9774498507321641,0.23820570793626467,0.018306096346693945,0.0,0
44687,50,1,1.9843992610555286,2.732616814559325,0.7482175535037965,0.20566353450087063,0.0,0.0,0
44687,50,2,1.9843992610555286,2.4480643411095313,0.46366508005400275,0.21393642263946783,0.008272888138597195,0.0,0
44687,50,3,1.9843992610555286,2.7894917781629567,0.8050925171074281,0.2298206000278667,0.024157065526996063,0.0,0
44687,51,1,1.3898223345741592,1.731740958966189,0.3419186243920298,0.18310637668279783,0.0,0.0,0
44687,51,2,1.3898223345741592,1.730965611070225,0.3411432764960658,0.2222514095464778,0.03914503286367996,0.0,0
44687,51,3,1.3898223345741592,2.030963833017961,0.641141498443802,0.280877070833597,0.09777069415079914,0.0,0
44687,52,1,24.78549562928634,24.90719839192944,0.12170276264309976,0.2444677748587797,0.008547765236539495,0.0,0
44687,52,2,24.78549562928634,24.884375830350045,0.09888020106370377,0.24426443813799611,0.008344428515755897,0.0,0
44687,52,3,24.78549562928634,24.95131377783497,0.16581814854862742,0.23592000962224022,0.0,0.0,0
44687,53,1,24.691316763231093,24.841564793423476,0.1502480301923832,0.2319121263737058,0.00913448081424112,0.0,0
44687,53,2,24.691316763231093,24.73616364142841,0.044846878197315476,0.22664339638720513,0.003865750827740433,0.0,0
44687,53,3,24.691316763231093,24.87715407712003,0.18583731388893554,0.2227776455594647,0.0,0.0,0
44687,54,1,24.567834101157537,24.71389485605632,0.14606075489878378,0.23224816939865361,0.025230579494898125,0.0,0
44687,54,2,24.567834101157537,24.62627453667787,0.058440435520331846,0.2070175899037555,0.0,0.0,0
44687,54,3,24.567834101157537,24.669145381516632,0.10131128035909498,0.20958445973640205,0.002566869832646562,0.0,0
44687,55,1,24.503756082791753,24.656066115121625,0.15231003232987206,0.11813430927322537,0.0,0.0,0
44687,55,2,24.503756082791753,24.695579963940073,0.19182388114831994,0.16729966675791233,0.049165357484686964,0.0,0
44687,55,3,24.503756082791753,24.60792247283222,0.10416639004046857,0.16658581582843865,0.04845150655521328,0.0,0
44687,56,1,10.089365058006988,10.361817156740738,0.27245209873374954,0.2803402433802872,0.04942359950136274,0.0,0
44687,56,2,10.089365058006988,10.291292822852084,0.20192776484509523,0.23091664387892444,0.0,0.029533533093258874,1
44687,56,3,10.089365058006988,10.315815157580492,0.22645009957350304,0.2346272721145937,0.0037106282356692555,0.04598602302587734,1
44687,57,1,10.014214909498676,10.26415260099053,0.2499376914918532,0.1697252699835798,0.024160758170793994,0.0,0
44687,57,2,10.014214909498676,10.15525456642633,0.14103965692765286,0.14556451181278582,0.0,0.016452489932618476,1
44687,57,3,10.014214909498676,10.19404533265469,0.17983042315601416,0.15955085889927012,0.013986347086484302,0.016452489932618476,1
44687,58,1,11.632611880607666,11.86290799326994,0.23029611266227512,0.07501715364183204,0.00037015014018232373,0.0054822987396759,1
44687,58,2,11.632611880607666,12.043545602908978,0.4109337223013121,0.07624930054782693,0.0016022970461772174,0.0,0
44687,58,3,11.632611880607666,11.936707263956542,0.3040953833488764,0.07464700350164971,0.0,0.0,0
44687,59,1,16.82748102875521,17.1140674831769,0.2865864544216912,0.300331717420805,0.05424817318400724,0.0,0
44687,59,2,16.82748102875521,17.003219650581045,0.1757386218258361,0.24608354423679776,0.0,0.02003910874495675,1
44687,59,3,16.82748102875521,17.03407315958971,0.20659213083450112,0.260942836638945,0.014859292402147256,0.0295374717418371,1
44687,60,1,13.264274945097943,13.720213822374348,0.45593887727640414,0.27983973142340574,0.07488803194422156,0.0,0
44687,60,2,13.264274945097943,13.450661360123712,0.18638641502576903,0.20495169947918418,0.0,0.009498362996880349,1
44687,60,3,13.264274945097943,13.463044957753874,0.19877001265593108,0.23453767442351023,0.02958597494432605,0.009498362996880349,1
44687,61,1,14.40953555226245,14.865082533468001,0.4555469812055506,0.1668748352443011,0.0,0.0,0
44687,61,2,14.40953555226245,14.63768749653957,0.22815194427711916,0.20298799134491058,0.03611315610060947,0.008052178315241226,1
44687,61,3,14.40953555226245,14.814569043203203,0.40503349094075247,0.23310207836213498,0.06622724311783387,0.008052178315241226,1
44687,62,1,13.040776723938885,13.574104177817409,0.533327453878524,0.17757450068754854,0.0,0.0024021066942763805,0
44687,62,2,13.040776723938885,13.30980942264192,0.26903269870303426,0.21302450081480337,0.03545000012725483,0.0,0
44687,62,3,13.040776723938885,13.700865824903644,0.6600891009647594,0.2614993928139156,0.08392489212636706,0.0,0
44687,63,1,13.048620784364113,13.368963505902524,0.32034272153841137,0.3088045811547835,0.025333467783772157,0.0,0
44687,63,2,13.048620784364113,13.319570917308237,0.2709501329441242,0.28347111337101133,0.0,0.028712219926503593,1
44687,63,3,13.048620784364113,13.438185510340691,0.38956472597657843,0.3223279851993174,0.03885687182830605,0.04258480767652184,1
44687,64,1,13.182943116256576,13.523061685414763,0.3401185691581876,0.29286118682609763,0.033967937897301015,0.0,0
44687,64,2,13.182943116256576,13.444411344774455,0.2614682285178791,0.2588932489287966,0.0,0.013872587750018244,1
44687,64,3,13.182943116256576,13.837941086519967,0.6549979702633912,0.3314931250157448,0.07259987608694818,0.013872587750018244,1
44688,0,1,1.574724506674054,1.9525732629350934,0.3778487562610393,0.2387266309887885,0.0,0.0,0
44688,0,2,1.574724506674054,1.8659406686103197,0.29121616193626565,0.2777196668786164,0.03899303588982789,0.0,0
44688,0,3,1.574724506674054,2.107015360133038,0.5322908534589841,0.3324128681359654,0.09368623714717689,0.0,0
44688,1,1,1.1061424231624912,1.3164645836373698,0.21032216047487862,0.19734735997898484,0.0,0.0,0
44688,1,2,1.1061424231624912,1.3896040641900318,0.28346164102754057,0.22490481337442395,0.027557453395439108,0.0,0
44688,1,3,1.1061424231624912,1.621540543799664,0.5153981206371727,0.28371126661780743,0.0863639066388226,0.0,0
44688,2,1,1.3448026071599113,2.102901552009389,0.7580989448494777,0.25699529563087303,0.002768434708029399,0.0,0
44688,2,2,1.3448026071599113,1.9636097372625216,0.6188071301026103,0.25422686092284363,0.0,0.0,0
44688,2,3,1.3448026071599113,1.7218605410959071,0.37705793393599585,0.26753725538287365,0.013310394460030017,0.0,0
44688,3,1,1.4151978748388498,2.3777929635121597,0.9625950886733099,0.17016709753259948,0.004247920401728195,0.0,0
44688,3,2,1.4151978748388498,1.9833376644930378,0.568139789654188,0.1659191771308713,0.0,0.0,0
44688,3,3,1.4151978748388498,2.0504552824752773,0.6352574076364275,0.18886669016683405,0.022947513035962763,0.0,0
44688,4,1,1.6410236389527142,2.2120646782044586,0.5710410392517444,0.13862867438659218,0.05235867046616491,0.0,0
44688,4,2,1.6410236389527142,2.15017224319825,0.5091486042455358,0.08627000392042727,0.0,0.0,0
44688,4,3,1.6410236389527142,2.6204307571887013,0.9794071182359871,0.12937252377985597,0.0431025198594287,0.0,0
44688,5,1,1.7315345664365946,2.264181616073505,0.5326470496369102,0.24185006889401914,0.02429288844768754,0.0,0
44688,5,2,1.7315345664365946,2.1700201677601294,0.43848560132353476,0.2175571804463316,0.0,0.0,0
44688,5,3,1.7315345664365946,2.3397839770492426,0.6082494106126479,0.2293407628145152,0.01178358236818361,0.0,0
44688,6,1,1.4095836393710321,1.6438168319725528,0.23423319260152065,0.18361395249729512,0.0,0.0,0
44688,6,2,1.4095836393710321,1.585337327891693,0.17575368852066076,0.2286238007433559,0.045009848246060774,0.0,0
44688,6,3,1.4095836393710321,1.7173992541812104,0.3078156148101783,0.2875189939485124,0.10390504145121726,0.0,0
44688,7,1,1.681862856706763,2.1753013308518456,0.4934384741450826,0.19730874276943353,0.0,0.0,0
44688,7,2,1.681862856706763,2.1545533938966366,0.4726905371898735,0.22004161831983976,0.022732875550406234,0.0,0
44688,7,3,1.681862856706763,2.704015701660886,1.0221528449541228,0.2740428439658958,0.07673410119646226,0.0,0
44688,8,1,1.6120821418654026,2.5182152005142493,0.9061330586488467,0.14124898798927335,0.051068361521297095,0.0,0
44688,8,2,1.6120821418654026,2.3952303004252187,0.7831481585598161,0.09018062646797625,0.0,0.0,0
44688,8,3,1.6120821418654026,2.4919191807477863,0.8798370388823837,0.15888028117148872,0.06869965470351247,0.0,0
44688,9,1,1.3665233582055571,2.1658707367024537,0.7993473784968965,0.20378194023755788,0.008493317613751578,0.08302623567969611,1
44688,9,2,1.3665233582055571,1.95615361584673,0.5896302576411729,0.1952886226238063,0.0,0.04673566282101152,1
44688,9,3,1.3665233582055571,1.8036170756758132,0.43709371747025605,0.2204842834620285,0.025195660838222195,0.0,0
44688,10,1,2.0645206330010497,3.325985950685039,1.2614653176839892,0.2521065407167519,0.0,0.08302623567969611,1
44688,10,2,2.0645206330010497,3.454785946370803,1.3902653133697531,0.29221596897787006,0.04010942826111813,0.04673566282101155,1
44688,10,3,2.0645206330010497,3.1478492361924877,1.083328603191438,0.299370302896567,0.047263762179815094,0.0,0
44688,11,1,1.7794815797514558,2.1810020093993545,0.4015204296478987,0.21258118087090744,0.0,0.0,0
44688,11,2,1.7794815797514558,2.1158163079354333,0.33633472818397747,0.2415644579148475,0.028983277043940076,0.0,0
44688,11,3,1.7794815797514558,2.7905139023382834,1.0110323225868276,0.26979073320258623,0.05720955233167879,0.0,0
44688,12,1,1.0390319011121467,1.5701429367102346,0.5311110355980879,0.1743048233518775,0.0,0.0,0
44688,12,2,1.0390319011121467,1.5360198288717266,0.4969879277595799,0.20073320791967053,0.026428384567793034,0.0,0
44688,12,3,1.0390319011121467,2.2244594795736967,1.18542757846155,0.22837383942019687,0.054069016068319375,0.0,0
44688,13,1,1.5720660386675545,1.834412056574496,0.26234601790694145,0.21583572732924886,0.0,0.0,0
44688,13,2,1.5720660386675545,1.984087834519351,0.41202179585179644,0.24825720255631015,0.03242147522706129,0.0,0
44688,13,3,1.5720660386675545,2.2717107144022157,0.6996446757346613,0.28143336012508596,0.06559763279583711,0.0,0
44688,14,1,1.1607050627894433,1.956035281730228,0.7953302189407847,0.17340410332603082,0.03660367954833102,0.1015303964865025,1
44688,14,2,1.1607050627894433,1.7093681146026891,0.5486630518132458,0.1368004237776998,0.0,0.0,0
44688,14,3,1.1607050627894433,2.0283818730439975,0.8676768102545542,0.1383887409716658,0.0015883171939660157,0.0,0
44688,15,1,1.178533832800245,1.9287837259345917,0.7502498931343466,0.16912519498576484,0.0,0.1015303964865025,1
44688,15,2,1.178533832800245,2.117798254589231,0.9392644217889861,0.18409732135082613,0.014972126365061289,0.0,0
44688,15,3,1.178533832800245,1.8856706202390008,0.7071367874387557,0.1891985888426057,0.02007339385684087,0.0,0
44688,16,1,2.2399625388577094,2.852506765653893,0.6125442267961838,0.11078357599615787,0.04709620901093248,0.1015303964865025,1
44688,16,2,2.2399625388577094,2.54892913171933,0.30896659286162054,0.0636873669852254,0.0,0.0,0
44688,16,3,2.2399625388577094,2.8398653863709717,0.5999028475132624,0.06752140382186005,0.0038340368366346494,0.0,0
44688,17,1,1.3379377791596234,1.7872519119669192,0.4493141328072958,0.23003266094966782,0.0,0.03915658011569473,1
44688,17,2,1.3379377791596234,1.7546352035145478,0.4166974243549244,0.23871740553755147,0.008684744587883653,0.0,0
44688,17,3,1.3379377791596234,1.888700236193547,0.5507624570339236,0.2529805910348348,0.022947930085166962,0.0,0
44688,18,1,1.650114109466535,2.387203432623018,0.7370893231564828,0.2546923581563199,0.047535129958736794,0.03915658011569473,1
44688,18,2,1.650114109466535,2.120241899525682,0.47012779005914695,0.20715722819758312,0.0,0.0,0
44688,18,3,1.650114109466535,2.3278152273787867,0.6777011179122516,0.2256795631458054,0.01852233494822228,0.0,0
44688,19,1,2.0287877688373,2.7196595274347746,0.6908717585974746,0.13949116119278368,0.0,0.039156580115694714,1
44688,19,2,2.0287877688373,2.8507694379582924,0.8219816691209925,0.21332847341060251,0.07383731221781883,0.0,0
44688,19,3,2.0287877688373,2.9977733756346767,0.9689856067973768,0.24272456957016852,0.10323340837738484,0.0,0
44688,20,1,1.4597256371654432,2.0153467773944405,0.5556211402289972,0.22103318182690396,0.0,0.0,0
44688,20,2,1.4597256371654432,2.088859875962996,0.6291342387975529,0.22188098047977725,0.0008477986528732939,0.0,0
44688,20,3,1.4597256371654432,2.0744561992136257,0.6147305620481824,0.23104030526760336,0.0100071234406994,0.0,0
44688,21,1,1.1639254969789554,2.112196682692938,0.9482711857139827,0.18874132737250998,0.0015341871958133024,0.0,0
44688,21,2,1.1639254969789554,1.623972179687526,0.4600466827085705,0.18720714017669668,0.0,0.0,0
44688,21,3,1.1639254969789554,1.7861821220041036,0.6222566250251482,0.20132382855773925,0.014116688381042575,0.0,0
44688,22,1,1.610639019597785,2.1179320902474905,0.5072930706497054,0.17348619192469203,0.0,0.0,0
44688,22,2,1.610639019597785,2.3464626995045976,0.7358236799068125,0.19558759457931935,0.022101402654627317,0.0,0
44688,22,3,1.610639019597785,2.156421355596973,0.545782335999188,0.19791653313556043,0.0244303412108684,0.0,0
44688,23,1,2.5470563365285344,3.0300581520953993,0.48300181556686494,0.2719545254562841,0.021744685138670616,0.0,0
44688,23,2,2.5470563365285344,2.8399339991284807,0.2928776625999463,0.2502098403176135,0.0,0.0,0
44688,23,3,2.5470563365285344,3.2897053476800595,0.7426490111515252,0.27152634198911013,0.021316501671496624,0.0,0
44688,24,1,1.3884587750289008,2.1736562306638283,0.7851974556349275,0.2525191756140376,0.0007690698516809591,0.0,0
44688,24,2,1.3884587750289008,2.0346417554765734,0.6461829804476726,0.2517501057623566,0.0,0.0,0
44688,24,3,1.3884587750289008,1.8968846795623875,0.5084259045334867,0.2711446887958383,0.019394583033481683,0.0,0
44688,25,1,1.8540115218996216,2.8355156807686472,0.9815041588690256,0.22522110642783247,0.004539230896827479,0.0,0
44688,25,2,1.8540115218996216,2.370563501692532,0.5165519797929106,0.220681875531005,0.0,0.0,0
44688,25,3,1.8540115218996216,2.5540074001279143,0.6999958782282927,0.2297266751267677,0.00904479959576271,0.0,0
44688,26,1,2.207672412266176,2.658006221293622,0.450333809027446,0.24362806675056556,0.01906529227370668,0.0,0
44688,26,2,2.207672412266176,2.6156059420156543,0.4079335297494784,0.22456277447685888,0.0,0.0,0
44688,26,3,2.207672412266176,2.5510665543465985,0.3433941420804225,0.22483092172880695,0.0002681472519480699,0.0,0
44688,27,1,1.6365759353569647,2.1117382344187527,0.4751622990617881,0.252315711314107,0.0,0.0,0
44688,27,2,1.6365759353569647,2.0326644919704018,0.3960885566134371,0.26542441036149506,0.01310869904738804,0.0,0
44688,27,3,1.6365759353569647,2.359834456376454,0.7232585210194895,0.2919558095615042,0.03964009824739717,0.0,0
44688,28,1,1.5526143618437314,2.104569576865543,0.5519552150218117,0.23690712387333177,0.0,0.0,0
44688,28,2,1.5526143618437314,2.072022750510167,0.5194083886664356,0.2405841161298181,0.0036769922564863222,0.0,0
44688,28,3,1.5526143618437314,2.2426463776677297,0.6900320158239983,0.24349926529791677,0.006592141424585002,0.0,0
44688,29,1,1.8333813671883454,2.3177532174724513,0.4843718502841059,0.23465477769142143,0.03121016418991579,0.0,0
44688,29,2,1.8333813671883454,2.2072520150932493,0.3738706479049039,0.20344461350150564,0.0,0.0,0
44688,29,3,1.8333813671883454,2.333235064564838,0.49985369737649266,0.20638368796678033,0.0029390744652746936,0.0,0
44688,30,1,1.9909181261685949,2.6666279253542955,0.6757097991857006,0.11561190678171683,0.0,0.0,0
44688,30,2,1.9909181261685949,2.674895586429743,0.6839774602611479,0.17729355287599705,0.061681646094280215,0.0,0
44688,30,3,1.9909181261685949,2.6969796903650947,0.7060615641964998,0.2015916293895557,0.08597972260783886,0.0,0
44688,31,1,2.66432283071358,3.668252037669595,1.0039292069560148,0.20959438758505955,0.0,0.041003360364710514,1
44688,31,2,2.66432283071358,3.7667939444384615,1.1024711137248815,0.27356149167201044,0.06396710408695089,0.0,0
44688,31,3,2.66432283071358,3.9444100369179607,1.2800872062043807,0.307456871959573,0.09786248437451345,0.0,0
44688,32,1,1.701349785360177,1.9874080019501015,0.2860582165899246,0.21914471070529465,0.0,0.0,0
44688,32,2,1.701349785360177,2.054589903857218,0.35324011849704107,0.2589592140040933,0.039814503298798626,0.0,0
44688,32,3,1.701349785360177,2.1131671701012893,0.4118173847411124,0.30663486198660683,0.08749015128131218,0.0,0
44688,33,1,2.52919178949129,3.141933674553104,0.6127418850618138,0.23938997466680847,0.0,0.0,0
44688,33,2,2.52919178949129,3.0095267692887693,0.4803349797974792,0.24953086048356155,0.01014088581675307,0.0,0
44688,33,3,2.52919178949129,3.0470149117612757,0.5178231222699856,0.2521828446786669,0.012792870011858443,0.0,0
44688,34,1,2.5909718860533544,3.0287547324190047,0.43778284636565035,0.13067547987861536,0.0,0.0,0
44688,34,2,2.5909718860533544,3.3090380704465865,0.7180661843932321,0.13950537248835837,0.008829892609743012,0.0,0
44688,34,3,2.5909718860533544,3.330378708767342,0.7394068227139878,0.1362646912119124,0.0055892113332970395,0.0,0
44688,35,1,1.7947525697585796,2.3744379284643626,0.5796853587057831,0.23755097907886602,0.0,0.0,0
44688,35,2,1.7947525697585796,2.3498719007650486,0.555119331006469,0.24774124761030553,0.010190268531439506,0.0,0
44688,35,3,1.7947525697585796,2.490735505017698,0.6959829352591183,0.25217949171068643,0.014628512631820412,0.0,0
44688,36,1,2.6291403671491764,3.160813061617715,0.5316726944685386,0.17980558339169941,0.026548338913185088,0.0,0
44688,36,2,2.6291403671491764,2.9575312582927014,0.32839089114352493,0.1614246155600608,0.00816737108154647,0.0,0
44688,36,3,2.6291403671491764,3.4758115281979562,0.8466711610487798,0.15325724447851433,0.0,0.0,0
44688,37,1,18.348970722869833,18.44658690980437,0.09761618693453755,0.2337935185968381,0.0,0.0,0
44688,37,2,18.348970722869833,18.418365900491164,0.06939517762133107,0.24710426703746774,0.013310748440629627,0.0,0
44688,37,3,18.348970722869833,18.42863170500952,0.07966098213968564,0.2510515219765067,0.017258003379668596,0.0,0
44688,38,1,18.319991890890456,18.411508637342948,0.0915167464524913,0.18312574034594725,0.0,0.0,0
44688,38,2,18.319991890890456,18.395022070637932,0.0750301797474755,0.18678431896658598,0.0036585786206387305,0.0,0
44688,38,3,18.319991890890456,18.405027734453647,0.08503584356319038,0.1873438651068044,0.004218124760857145,0.0,0
44688,39,1,18.32999349582803,18.447799270794064,0.11780577496603328,0.1446510230635382,0.0,0.0,0
44688,39,2,18.32999349582803,18.432319691622506,0.10232619579447544,0.19646891295508206,0.05181788989154387,0.0,0
44688,39,3,18.32999349582803,18.42404465929985,0.09405116347181774,0.19886246021930826,0.054211437155770065,0.0,0
44688,40,1,1.286662913138572,1.564136260899232,0.2774733477606599,0.20383803429418057,0.0,0.09838099817865187,1
44688,40,2,1.286662913138572,1.7494610737894394,0.4627981606508673,0.20731424750569447,0.0034762132115138955,0.0,0
44688,40,3,1.286662913138572,1.708255725820802,0.4215928126822299,0.23320012170529755,0.029362087411116983,0.0,0
44688,41,1,1.6307894591084442,2.2231977202314885,0.5924082611230443,0.24856420979295854,0.0,0.09838099817865188,1
44688,41,2,1.6307894591084442,2.2043360707275825,0.5735466116191383,0.2801903879229783,0.03162617813001975,0.0,0
44688,41,3,1.6307894591084442,2.560055890947411,0.929266431838967,0.31046420280302034,0.0618999930100618,0.0,0
44688,42,1,2.10678529999668,2.4078198430619615,0.30103454306528166,0.12543687796951225,0.030716023180949945,0.09838099817865187,1
44688,42,2,2.10678529999668,2.1784510837218285,0.07166578372514865,0.0947208547885623,0.0,0.0,0
44688,42,3,2.10678529999668,2.5691891698886833,0.46240386989200344,0.11231611085781798,0.017595256069255674,0.0,0
44688,43,1,1.5438803312326097,2.329419209632275,0.7855388783996651,0.21960361070511408,0.029092681514761687,0.024756160131438498,1
44688,43,2,1.5438803312326097,2.1142570287989586,0.5703766975663489,0.1905109291903524,0.0,0.0,0
44688,43,3,1.5438803312326097,2.3311477732018697,0.78726744196926,0.2094575163472607,0.018946587156908307,0.0,0
44688,44,1,1.7728810989833612,2.7957945626488505,1.0229134636654893,0.22317488603303318,0.0015512025540722063,0.02475616013143847,1
44688,44,2,1.7728810989833612,2.5180022634195676,0.7451211644362064,0.22162368347896097,0.0,0.0,0
44688,44,3,1.7728810989833612,2.566493067778553,0.7936119687951917,0.2600662518409517,0.03844256836199075,0.0,0
44688,45,1,2.3006155593232664,2.649610847932362,0.3489952886090957,0.10520068951101023,0.026566321351255487,0.024756160131438484,1
44688,45,2,2.3006155593232664,2.5124273417734413,0.21181178245017485,0.07863436815975475,0.0,0.0,0
44688,45,3,2.3006155593232664,2.9005537478382877,0.5999381885150212,0.0966282310791814,0.01799386291942666,0.0,0
44688,46,1,1.2028716962764485,1.6431416969481543,0.44027000067170574,0.18776981921364233,0.017545426694800886,0.0949585657850261,1
44688,46,2,1.2028716962764485,1.4829631301740238,0.2800914338975753,0.17022439251884144,0.0,0.0,0
44688,46,3,1.2028716962764485,1.7818044146096377,0.5789327183331892,0.17402434168697617,0.0037999491681347253,0.0,0
44688,47,1,1.6959642293131556,2.1535731048288134,0.45760887551565776,0.13586129058204655,0.007152305430140032,0.0949585657850261,1
44688,47,2,1.6959642293131556,1.9489468606216966,0.25298263130854104,0.1287089851519065,0.0,0.0,0
44688,47,3,1.6959642293131556,2.0215120628761034,0.3255478335629478,0.13124598637099322,0.002537001219086704,0.0,0
44688,48,1,2.6013965943506947,2.972844430076416,0.3714478357257214,0.08886836980510444,0.01310972497575083,0.0949585657850261,1
44688,48,2,2.6013965943506947,3.156947458656882,0.5555508643061873,0.07781698884476487,0.0020583440154112592,0.0,0
44688,48,3,2.6013965943506947,3.3624462478583355,0.7610496535076408,0.07575864482935361,0.0,0.0,0
44688,49,1,1.3426854332744618,2.1034778583871563,0.7607924251126945,0.18568610413421957,0.0031212140873826955,0.0,0
44688,49,2,1.3426854332744618,1.8820428406979417,0.5393574074234799,0.18256489004683688,0.0,0.0,0
44688,49,3,1.3426854332744618,1.764072293716087,0.4213868604416253,0.19712973566882983,0.01456484562199295,0.0,0
44688,50,1,1.5772057444614505,2.0256660279118046,0.44846028345035416,0.14708098586067875,0.01891193087380652,0.0,0
44688,50,2,1.5772057444614505,1.9434336296997174,0.366227885238267,0.12816905498687223,0.0,0.0,0
44688,50,3,1.5772057444614505,2.2356274096913955,0.658421665229945,0.13058642309614799,0.002417368109275758,0.0,0
44688,51,1,1.7217123999350399,2.8577793137063146,1.1360669137712747,0.09510857354727813,0.0,0.0,0
44688,51,2,1.7217123999350399,2.546772259161044,0.8250598592260041,0.10210511497683825,0.006996541429560119,0.0,0
44688,51,3,1.7217123999350399,2.6649552280895303,0.9432428281544905,0.10800831321556655,0.012899739668288418,0.0,0
44688,52,1,1.7371021690916328,2.0539842658201204,0.31688209672848755,0.2181267305157731,0.0,0.0,0
44688,52,2,1.7371021690916328,1.9604487496253875,0.22334658053375467,0.23869151232756766,0.020564781811794552,0.0,0
44688,52,3,1.7371021690916328,2.7584737600317313,1.0213715909400984,0.26389234791505445,0.04576561739928134,0.0,0
44688,53,1,1.8224117893160698,2.1810827764129397,0.35867098709686984,0.2012718215139109,0.0,0.0,0
44688,53,2,1.8224117893160698,2.1429722966986406,0.3205605073825708,0.2196985623258108,0.018426740811899905,0.0,0
44688,53,3,1.8224117893160698,2.768187246321413,0.9457754570053434,0.25172744395430274,0.05045562244039184,0.0,0
44688,54,1,1.2326107643419784,1.5693078598461738,0.33669709550419546,0.21270052327284228,0.0,0.0,0
44688,54,2,1.2326107643419784,1.6624290518137854,0.42981828747180706,0.2385682241104958,0.025867700837653523,0.0,0
44688,54,3,1.2326107643419784,2.1048211604008342,0.8722103960588559,0.27922951772885485,0.06652899445601257,0.0,0
44688,55,1,24.85654782562433,25.084076112987262,0.22752828736293296,0.25235282999613906,0.005322923903778837,0.0,0
44688,55,2,24.85654782562433,24.997895999088133,0.14134817346380402,0.24702990609236022,0.0,0.0,0
44688,55,3,24.85654782562433,24.984990309211067,0.12844248358673838,0.24733250230446185,0.0003025962121016301,0.0,0
44688,56,1,24.748427245773758,24.97178208266266,0.2233548368889018,0.2222150535309372,0.0008595563507124149,0.0,0
44688,56,2,24.748427245773758,24.86348104611693,0.1150538003431727,0.2213554971802248,0.0,0.0,0
44688,56,3,24.748427245773758,24.834273320674505,0.08584607490074703,0.22187726723354026,0.0005217700533154679,0.0,0
44688,57,1,24.662591383729445,24.952130851748656,0.2895394680192105,0.2420557424488209,0.035767276838679224,0.0,0
44688,57,2,24.662591383729445,24.808687964063438,0.14609658033399242,0.20628846561014166,0.0,0.0,0
44688,57,3,24.662591383729445,24.791316116250535,0.12872473252108918,0.20865862733298496,0.0023701617228432947,0.0,0
44688,58,1,24.60348879001173,24.718306628326268,0.1148178383145364,0.12932976637584556,0.0,0.0,0
44688,58,2,24.60348879001173,24.714770656141457,0.11128186612972613,0.19808511378458457,0.06875534740873901,0.0,0
44688,58,3,24.60348879001173,24.710557768215345,0.10706897820361405,0.20171363572688963,0.07238386935104407,0.0,0
44688,59,1,9.791300767032547,10.213482823322986,0.42218205629043837,0.3146908032346981,0.05195145523586836,0.0,0
44688,59,2,9.791300767032547,10.087985913184536,0.2966851461519884,0.2664483723581426,0.0037090243593128625,0.03013167572857567,1
44688,59,3,9.791300767032547,10.196489002726128,0.405188235693581,0.26273934799882975,0.0,0.046899829912747326,1
44688,60,1,9.65130571021198,9.960114760610058,0.30880905039807693,0.20300357592919885,0.02397293680320059,0.0,0
44688,60,2,9.65130571021198,9.861876279223203,0.21057056901122273,0.18285387519483656,0.003823236068838304,0.016768154184171644,1
44688,60,3,9.65130571021198,10.049414219414096,0.3981085092021157,0.17903063912599826,0.0,0.016768154184171644,1
44688,61,1,11.412862362553343,11.62728813981013,0.21442577725678724,0.08112134761321539,0.004627954295551823,0.004942066274500875,0
44688,61,2,11.412862362553343,11.578506737614287,0.16564437506094443,0.07649339331766357,0.0,0.0,0
44688,61,3,11.412862362553343,11.588891226164382,0.1760288636110392,0.07887127322155203,0.0023778799038884635,0.0,0
44688,62,1,16.303395953603797,16.64123526066379,0.3378393070599941,0.31369398148172195,0.015281878311708352,0.0,0
44688,62,2,16.303395953603797,16.610262104679702,0.306866151075905,0.2984121031700136,0.0,0.020319973754594142,1
44688,62,3,16.303395953603797,16.626262025187792,0.32286607158399505,0.3099560464133131,0.011543943243299493,0.030034190491290164,1
44688,63,1,12.897535482997023,13.247051367658923,0.34951588466189953,0.28705036744891266,0.037859898547598,0.0,0
44688,63,2,12.897535482997023,13.157554736371575,0.26001925337455134,0.24919046890131466,0.0,0.009714216736696018,1
44688,63,3,12.897535482997023,13.155666986182098,0.2581315031850746,0.2604664472321486,0.011275978330833963,0.009714216736696018,1
44688,64,1,12.647963003197342,13.082334833141141,0.4343718299437995,0.31457779212055814,0.009470084174096227,0.0,0
44688,64,2,12.647963003197342,13.030681608235557,0.38271860503821564,0.3051077079464619,0.0,0.029229023054898218,1
44688,64,3,12.647963003197342,13.049481616799477,0.4015186136021356,0.3466136222378387,0.04150591429137679,0.042721632300896165,1
44688,65,1,12.818683692805541,13.329042573357853,0.510358880552312,0.2813593428096381,0.0,0.0,0
44688,65,2,12.818683692805541,13.15211850943833,0.3334348166327885,0.28195341810703917,0.0005940752974010755,0.013492609245997954,1
44688,65,3,12.818683692805541,13.274035493289574,0.4553518004840331,0.32807182887005654,0.046712486060418446,0.013492609245997954,1
44688,66,1,10.675911725457528,11.18463770685919,0.5087259814016623,0.21519192073197635,0.0,0.002200251442520555,0
44688,66,2,10.675911725457528,11.034345702817609,0.35843397736008065,0.24446078157568873,0.029268860843712385,0.0,0
44688,66,3,10.675911725457528,11.001180284955085,0.32526855949755706,0.2552909947678589,0.04009907403588253,0.0,0
44689,0,1,1.4368037116477734,2.1603609460398294,0.723557234392056,0.2100466591990183,0.0,0.0,0
44689,0,2,1.4368037116477734,2.0715004196878657,0.6346967080400923,0.23903011949630548,0.028983460297287184,0.0,0
44689,0,3,1.4368037116477734,2.7442570452684545,1.307453333620681,0.24602195805001648,0.03597529885099818,0.0,0
44689,1,1,1.0618957350784146,1.9970878745384806,0.935192139460066,0.15606239823346246,0.0,0.0,0
44689,1,2,1.0618957350784146,1.928091140840357,0.8661954057619423,0.1677356471057935,0.011673248872331038,0.0,0
44689,1,3,1.0618957350784146,1.802639680700419,0.7407439456220044,0.18327329971105913,0.027210901477596666,0.0,0
44689,2,1,1.4247133295899572,2.028681202713399,0.6039678731234419,0.17057064428692656,0.0,0.0,0
44689,2,2,1.4247133295899572,2.127231030105115,0.7025177005151577,0.1865227036069798,0.015952059320053252,0.0,0
44689,2,3,1.4247133295899572,1.840603761257175,0.41589043166721784,0.19422237248364688,0.023651728196720317,0.0,0
44689,3,1,1.4231341312119776,1.8664134472815253,0.4432793160695476,0.18813919783337216,0.0,0.0,0
44689,3,2,1.4231341312119776,1.8055921152807184,0.38245798406874076,0.24157263870156825,0.0534334408681961,0.0,0
44689,3,3,1.4231341312119776,2.011816060559263,0.5886819293472854,0.3126844869880607,0.12454528915468852,0.0,0
44689,4,1,1.1602617774135777,1.5628519970723136,0.40259021965873587,0.1633601079214886,0.0,0.0,0
44689,4,2,1.1602617774135777,1.5521036676019475,0.3918418901883698,0.20618476410352124,0.04282465618203263,0.0,0
44689,4,3,1.1602617774135777,1.6856278935060256,0.5253661160924479,0.27688322546235367,0.11352311754086505,0.0,0
44689,5,1,1.466096430227754,1.6842020408163545,0.21810561058860056,0.1807537068227731,0.0,0.0,0
44689,5,2,1.466096430227754,1.7116225406429137,0.24552611041515982,0.20002502722351878,0.019271320400745667,0.0,0
44689,5,3,1.466096430227754,1.7524601998175,0.2863637695897461,0.24292105380629408,0.06216734698352097,0.0,0
44689,6,1,1.3266197213602196,2.0539271774164574,0.7273074560562378,0.1552496847141648,0.017649173618845465,0.0,0
44689,6,2,1.3266197213602196,1.7132787510024208,0.3866590296422012,0.13760051109531934,0.0,0.0,0
44689,6,3,1.3266197213602196,2.014311350069502,0.6876916287092825,0.16499650127866328,0.027395990183343932,0.0,0
44689,7,1,1.8578979382024177,2.397014698287527,0.5391167600851092,0.12693656970416453,0.031262642923166314,0.0,0
44689,7,2,1.8578979382024177,2.094515569532481,0.23661763133006342,0.09567392678099822,0.0,0.0,0
44689,7,3,1.8578979382024177,2.437632658392287,0.5797347201898695,0.13236867606403513,0.03669474928303691,0.0,0
44689,8,1,1.5167029059774808,2.071642804583125,0.5549398986056444,0.20598226262019767,0.0019603179310286045,0.0,0
44689,8,2,1.5167029059774808,1.850927594402681,0.33422468842520026,0.20402194468916907,0.0,0.0,0
44689,8,3,1.5167029059774808,2.0089062839075815,0.4922033779301007,0.21649848045575312,0.012476535766584057,0.0,0
44689,9,1,1.4366099466523001,1.6807158864828522,0.24410593983055207,0.16105589439469628,0.0,0.0,0
44689,9,2,1.4366099466523001,1.6700588542673465,0.23344890761504633,0.2076724286321826,0.04661653423748632,0.0,0
44689,9,3,1.4366099466523001,1.75924072652029,0.32263077986798994,0.27370357677068247,0.11264768237598619,0.0,0
44689,10,1,1.7289364902902125,2.3263228307732975,0.597386340483085,0.16994336343053093,0.0,0.0,0
44689,10,2,1.7289364902902125,2.2518326954438743,0.5228962051536619,0.20457557210421792,0.03463220867368699,0.0,0
44689,10,3,1.7289364902902125,2.620521266836065,0.8915847765458524,0.27561610126686475,0.10567273783633382,0.0,0
44689,11,1,1.8350887482878122,2.683999317322118,0.8489105690343057,0.11672515770011468,0.014348962534041734,0.0,0
44689,11,2,1.8350887482878122,2.2354099749422622,0.40032122665445,0.10237619516607295,0.0,0.0,0
44689,11,3,1.8350887482878122,2.663201911671289,0.8281131633834768,0.17244306109429985,0.0700668659282269,0.0,0
44689,12,1,1.702167487638453,2.4365032835521867,0.7343357959137338,0.1962207173055886,0.0215454710534711,0.08336015021097815,1
44689,12,2,1.702167487638453,2.0551694261099005,0.35300193847144756,0.1746752462521175,0.0,0.046831625182680775,1
44689,12,3,1.702167487638453,2.1633825688559685,0.46121508121751553,0.20726298241008595,0.03258773615796845,0.0,0
44689,13,1,1.7314265525471004,2.550386892387666,0.8189603398405656,0.23738672492843538,0.0,0.08336015021097812,1
44689,13,2,1.7314265525471004,2.6737771374779156,0.9423505849308151,0.26632494539717494,0.02893822046873956,0.04683162518268075,1
44689,13,3,1.7314265525471004,2.964131518927288,1.2327049663801875,0.3223839206643885,0.0849971957359531,0.0,0
44689,14,1,1.684729382910179,1.9736566173615675,0.28892723445138846,0.18717360137746197,0.0,0.0,0
44689,14,2,1.684729382910179,1.8925582501945217,0.2078288672843427,0.21875796130801958,0.03158435993055761,0.0,0
44689,14,3,1.684729382910179,2.5855900077443765,0.9008606248341975,0.25208491725667553,0.06491131587921356,0.0,0
44689,15,1,1.1268527655657539,1.8107188571718946,0.6838660916061408,0.15359861649393586,0.0,0.0,0
44689,15,2,1.1268527655657539,1.8032213902027028,0.6763686246369489,0.17411254651684874,0.02051393002291288,0.0,0
44689,15,3,1.1268527655657539,2.261729992434609,1.1348772268688552,0.21374689081234444,0.06014827431840858,0.0,0
44689,16,1,1.5628926787636501,2.0024376131009682,0.4395449343373181,0.19471236549727386,0.0,0.0,0
44689,16,2,1.5628926787636501,2.1257198272158404,0.5628271484521903,0.22296078016033313,0.028248414663059274,0.0,0
44689,16,3,1.5628926787636501,2.1951274352245087,0.6322347564608586,0.27189442039344663,0.07718205489617277,0.0,0
44689,17,1,1.2263613553658685,1.8678358140466773,0.6414744586808088,0.15858635628445328,0.029412138836326873,0.10102603672940005,1
44689,17,2,1.2263613553658685,1.4767373330172067,0.2503759776513381,0.1291742174481264,0.0,0.0,0
44689,17,3,1.2263613553658685,2.1691181010395093,0.9427567456736408,0.13601287526069525,0.0068386578125688435,0.0,0
44689,18,1,1.2287606589423663,2.0994184135331904,0.8706577545908241,0.1747173775237185,0.0005453372856018268,0.10102603672940003,1
44689,18,2,1.2287606589423663,1.7771771917656511,0.5484165328232848,0.17417204023811667,0.0,0.0,0
44689,18,3,1.2287606589423663,2.0498398898674055,0.8210792309250392,0.18739927068040377,0.013227230442287102,0.0,0
44689,19,1,1.5862540402088334,2.451608172584783,0.8653541323759497,0.12606137633771608,0.04654835764544776,0.10102603672940003,1
44689,19,2,1.5862540402088334,1.7918854386234677,0.2056313984146343,0.07951301869226832,0.0,0.0,0
44689,19,3,1.5862540402088334,2.7897345230188852,1.2034804828100518,0.08050919244820724,0.0009961737559389255,0.0,0
44689,20,1,1.6865307519281898,2.0861884398278527,0.39965768789966294,0.1947045428133436,0.0,0.03959372751995882,1
44689,20,2,1.6865307519281898,1.966223280718858,0.2796925287906682,0.2112296086613888,0.016525065848045195,0.0,0
44689,20,3,1.6865307519281898,2.0598325184121347,0.37330176648394486,0.2292455921754144,0.03454104936207081,0.0,0
44689,21,1,1.5303990213913452,1.887008283639244,0.3566092622478989,0.17651776057972368,0.015547839279895614,0.039593727519958766,1
44689,21,2,1.5303990213913452,1.623970298300644,0.0935712769092989,0.16096992129982807,0.0,0.0,0
44689,21,3,1.5303990213913452,1.7830503391965202,0.252651317805175,0.20065417650673298,0.03968425520690491,0.0,0
44689,22,1,1.7973654373137695,2.570517528443573,0.7731520911298035,0.13838484426688075,0.0,0.03959372751995878,1
44689,22,2,1.7973654373137695,2.8017333449728743,1.0043679076591048,0.19878207333822623,0.06039722907134548,0.0,0
44689,22,3,1.7973654373137695,2.575446522716466,0.7780810854026965,0.22686773532788485,0.0884828910610041,0.0,0
44689,23,1,1.4043709171963485,2.2959330905140938,0.8915621733177452,0.20762949637589945,0.0,0.0,0
44689,23,2,1.4043709171963485,2.128213624056848,0.7238427068604996,0.21896017398328899,0.011330677607389539,0.0,0
44689,23,3,1.4043709171963485,2.2665669650781277,0.8621960478817792,0.22184595334741608,0.014216456971516633,0.0,0
44689,24,1,1.203327794381974,1.89470196092291,0.6913741665409361,0.17302766952430684,0.0,0.0,0
44689,24,2,1.203327794381974,1.8964588155956534,0.6931310212136794,0.18524195596999415,0.012214286445687311,0.0,0
44689,24,3,1.203327794381974,1.5739840714755329,0.37065627709355886,0.19155530670458804,0.018527637180281192,0.0,0
44689,25,1,1.7753310312057387,2.2844873064949027,0.5091562752891641,0.1780705438297221,0.0,0.0,0
44689,25,2,1.7753310312057387,2.300188698043278,0.5248576668375395,0.18596400673573177,0.007893462906009674,0.0,0
44689,25,3,1.7753310312057387,2.3097648068452705,0.5344337756395319,0.19655311465179848,0.018482570822076383,0.0,0
44689,26,1,2.5417424316486574,3.1068074703386452,0.5650650386899878,0.21614993967636337,0.0,0.07892367285345561,1
44689,26,2,2.5417424316486574,2.973541825192003,0.43179939354334573,0.2259568482856705,0.009806908609307136,0.0,0
44689,26,3,2.5417424316486574,2.8917858273897195,0.350043395741062,0.24548992528003957,0.029339985603676205,0.0,0
44689,27,1,1.4177286970364995,1.7333992271242278,0.3156705300877283,0.18016382329718603,0.0,0.07892367285345558,1
44689,27,2,1.4177286970364995,1.7229117280269584,0.30518303099045885,0.20290151420729594,0.02273769091010991,0.0,0
44689,27,3,1.4177286970364995,1.7564863313911432,0.3387576343546437,0.23802508787277316,0.05786126457558713,0.0,0
44689,28,1,1.769904579223058,2.279327740570234,0.5094231613471758,0.1970808154191354,0.0015947872072330505,0.07892367285345558,1
44689,28,2,1.769904579223058,2.0677602880697856,0.2978557088467275,0.19548602821190236,0.0,0.0,0
44689,28,3,1.769904579223058,2.1211398616349304,0.3512352824118723,0.2331698812890756,0.03768385307717323,0.0,0
44689,29,1,2.229412987111782,2.8015786047732676,0.5721656176614855,0.2095337400067181,0.0051983299323346555,0.0,0
44689,29,2,2.229412987111782,2.7725956890940138,0.5431827019822317,0.20433541007438344,0.0,0.0,0
44689,29,3,2.229412987111782,2.669821109265704,0.4404081221539218,0.21057350137166955,0.0062380912972861136,0.0,0
44689,30,1,1.5439952534845163,2.006734203572468,0.46273895008795174,0.20193616054777197,0.0,0.0,0
44689,30,2,1.5439952534845163,1.9919667459614836,0.4479714924769673,0.21679718952292468,0.014861028975152707,0.0,0
44689,30,3,1.5439952534845163,1.9098355385905141,0.36584028510599786,0.24561163798635385,0.04367547743858188,0.0,0
44689,31,1,1.4846929503503412,2.2631683313511664,0.7784753810008251,0.22303332817390265,0.0,0.0,0
44689,31,2,1.4846929503503412,2.4850998811323572,1.000406930782016,0.23907476142213543,0.01604143324823279,0.0,0
44689,31,3,1.4846929503503412,2.5606449871567087,1.0759520368063675,0.23780602763552397,0.014772699461621325,0.0,0
44689,32,1,1.6048336495377769,2.0823212354298506,0.47748758589207374,0.176780037246492,0.0,0.0,0
44689,32,2,1.6048336495377769,2.203920795122609,0.5990871455848323,0.18259880959556224,0.005818772349070245,0.0,0
44689,32,3,1.6048336495377769,1.9381468206247932,0.3333131710870163,0.18986009445887855,0.013080057212386559,0.0,0
44689,33,1,1.854789874648149,2.3653102670991766,0.5105203924510275,0.12100313937137443,0.0,0.0,0
44689,33,2,1.854789874648149,2.5886009330549746,0.7338110584068256,0.1769865599389327,0.05598342056755827,0.0,0
44689,33,3,1.854789874648149,2.2488356942132937,0.3940458195651446,0.18534838313563956,0.06434524376426513,0.0,0
44689,34,1,2.500500483297974,3.399718747009687,0.8992182637117132,0.17749602276505697,0.0,0.041322337568951165,1
44689,34,2,2.500500483297974,3.336057311550718,0.8355568282527441,0.24099973067757996,0.063503707912523,0.0,0
44689,34,3,2.500500483297974,3.6822350100633905,1.1817345267654167,0.31222961723480996,0.134733594469753,0.0,0
44689,35,1,1.7348247774401475,2.0738571833251616,0.33903240588501404,0.1887938666115141,0.0,0.0,0
44689,35,2,1.7348247774401475,2.083187243663853,0.3483624662237057,0.22451565433165108,0.03572178772013698,0.0,0
44689,35,3,1.7348247774401475,2.167621482189187,0.4327967047490393,0.2896739603074902,0.10088009369597611,0.0,0
44689,36,1,2.4469460923716158,3.1466033753312423,0.6996572829596266,0.24402769626312845,0.0,0.0,0
44689,36,2,2.4469460923716158,2.8593480189448353,0.4124019265732195,0.25378178862554984,0.00975409236242139,0.0,0
44689,36,3,2.4469460923716158,3.429470877748124,0.9825247853765084,0.25815706520423587,0.014129368941107417,0.0,0
44689,37,1,2.5545175223602157,3.0193923076469615,0.46487478528674586,0.13782992352346576,0.0,0.0,0
44689,37,2,2.5545175223602157,3.227941468708198,0.6734239463479823,0.14019171262619187,0.0023617891027261084,0.0,0
44689,37,3,2.5545175223602157,3.350359579137062,0.7958420567768463,0.1393308569200289,0.0015009333965631255,0.0,0
44689,38,1,1.7480576008317512,2.468435814682895,0.7203782138511436,0.22648379144843006,0.0,0.0,0
44689,38,2,1.7480576008317512,2.263917500471494,0.515859899639743,0.24697462437243572,0.020490832924005664,0.0,0
44689,38,3,1.7480576008317512,2.9581354937560085,1.2100778929242573,0.25594449707425393,0.02946070562582387,0.0,0
44689,39,1,2.404892485506907,2.6708159054720966,0.26592341996518964,0.15511831392614833,0.013760202391425946,0.0,0
44689,39,2,2.404892485506907,2.7192545502879817,0.31436206478107476,0.14581852531823122,0.0044604137835088375,0.0,0
44689,39,3,2.404892485506907,2.9570768548227915,0.5521843693158845,0.14135811153472239,0.0,0.0,0
44689,40,1,18.326810051749725,18.427387873717024,0.10057782196729903,0.23643204376661595,0.0,0.0,0
44689,40,2,18.326810051749725,18.378373159827866,0.051563108078141795,0.24713497454803,0.010702930781414044,0.0,0
44689,40,3,18.326810051749725,18.478859523360775,0.15204947161105054,0.2543340135227542,0.017901969756138253,0.0,0
44689,41,1,18.295641570110263,18.374475944259245,0.07883437414898253,0.18399162025629268,0.0009123079525223676,0.0,0
44689,41,2,18.295641570110263,18.460792177767352,0.16515060765708967,0.1830793123037703,0.0,0.0,0
44689,41,3,18.295641570110263,18.440540731417048,0.14489916130678537,0.1884556766919678,0.0053763643881974965,0.0,0
44689,42,1,18.29727388384938,18.410846197183552,0.11357231333417417,0.15135775469878793,0.0,0.0,0
44689,42,2,18.29727388384938,18.361508171740958,0.06423428789157981,0.1904003389647998,0.03904258426601187,0.0,0
44689,42,3,18.29727388384938,18.462631018691248,0.16535713484186942,0.19765046733698685,0.046292712638198924,0.0,0
44689,43,1,1.5123511564248477,2.0375173557573434,0.5251661993324956,0.1775874234325143,0.0010564905907920752,0.16913824634526572,1
44689,43,2,1.5123511564248477,1.9004155272117522,0.3880643707869045,0.17653093284172222,0.0,0.09774003449590607,1
44689,43,3,1.5123511564248477,1.933158882545517,0.4208077261206693,0.2187609325590377,0.042229999717315475,0.0,0
44689,44,1,1.6772635166703367,2.409346525881376,0.7320830092110393,0.21826774417020497,0.0,0.16913824634526575,1
44689,44,2,1.6772635166703367,2.3925048404638516,0.7152413237935149,0.23782776996126548,0.019560025791060504,0.09774003449590607,1
44689,44,3,1.6772635166703367,2.502895066906279,0.8256315502359421,0.2906756522861629,0.0724079081159579,0.0,0
44689,45,1,1.7120523091897126,2.5788263748875866,0.866774065697874,0.1870040950645087,0.01745634173754418,0.024886510430756847,1
44689,45,2,1.7120523091897126,2.260575465039285,0.5485231558495725,0.16954775332696453,0.0,0.0,0
44689,45,3,1.7120523091897126,2.2859166877836286,0.5738643785939159,0.20241167268392343,0.0328639193569589,0.0,0
44689,46,1,2.0189579237416795,2.8951684871932093,0.8762105634515298,0.21276817765610193,0.00744575842184958,0.024886510430756875,1
44689,46,2,2.0189579237416795,2.489794472608769,0.47083654886708937,0.20532241923425235,0.0,0.0,0
44689,46,3,2.0189579237416795,2.7675779722601894,0.7486200485185099,0.24118757388737258,0.035865154653120235,0.0,0
44689,47,1,1.7843696042785446,2.5748579112921277,0.7904883070135831,0.12197689736901429,0.02811415955556114,0.02488651043075686,1
44689,47,2,1.7843696042785446,1.9933310739063939,0.20896146962784923,0.09386273781345315,0.0,0.0,0
44689,47,3,1.7843696042785446,2.6731848507341494,0.8888152464556047,0.11561603416268343,0.021753296349230275,0.0,0
44689,48,1,1.3167560405028425,1.829349160107124,0.5125931196042814,0.15629011342007956,0.02048303530321438,0.09574945010423042,1
44689,48,2,1.3167560405028425,1.4232099626876464,0.10645392218480398,0.13580707811686518,0.0,0.0,0
44689,48,3,1.3167560405028425,1.7835874895092823,0.4668314490064398,0.1568970082613848,0.021089930144519625,0.0,0
44689,49,1,1.568808119515098,2.078607080777699,0.509798961262601,0.1354999036118306,0.010324286735203775,0.09574945010423037,1
44689,49,2,1.568808119515098,1.8615090731360262,0.2927009536209282,0.12517561687662682,0.0,0.0,0
44689,49,3,1.568808119515098,2.154149558985811,0.5853414394707128,0.13157316104834504,0.006397544171718228,0.0,0
44689,50,1,2.3106215499206386,2.7650762475019683,0.4544546975813297,0.09813530741478746,0.005291726070476108,0.09574945010423039,1
44689,50,2,2.3106215499206386,2.6300519532096374,0.31943040328899874,0.09284358134431135,0.0,0.0,0
44689,50,3,2.3106215499206386,2.9794977267317098,0.6688761768110711,0.09475269418645543,0.0019091128421440812,0.0,0
44689,51,1,1.4478293046150263,2.2813883753940596,0.8335590707790332,0.1717364978109412,0.0,0.0,0
44689,51,2,1.4478293046150263,2.1035606161640876,0.6557313115490613,0.18013840865756847,0.00840191084662728,0.0,0
44689,51,3,1.4478293046150263,2.143874212322302,0.6960449077072755,0.19359216607105628,0.02185566826011509,0.0,0
44689,52,1,1.4068322557962527,2.0237981831036973,0.6169659273074446,0.13086955453690186,0.012115132011521146,0.0,0
44689,52,2,1.4068322557962527,1.507016905810889,0.10018465001463639,0.11875442252538071,0.0,0.0,0
44689,52,3,1.4068322557962527,2.133366529387481,0.7265342735912284,0.12594157296661695,0.007187150441236245,0.0,0
44689,53,1,1.735469666532699,2.8894501548320224,1.1539804882993234,0.08599942921772699,0.0,0.0,0
44689,53,2,1.735469666532699,3.2026270646113226,1.4671573980786237,0.09002719408073455,0.004027764863007557,0.0,0
44689,53,3,1.735469666532699,2.3305685504327953,0.5950988839000964,0.08749755956954391,0.0014981303518169231,0.0,0
44689,54,1,1.95003711854133,2.450804038933044,0.500766920391714,0.19626293769537284,0.0,0.0,0
44689,54,2,1.95003711854133,2.3155987659836597,0.36556164744232955,0.22507570057619447,0.02881276288082163,0.0,0
44689,54,3,1.95003711854133,3.2457668386511336,1.2957297201098035,0.23991197565802969,0.043649037962656845,0.0,0
44689,55,1,1.8512827477491975,2.3910916953170274,0.5398089475678298,0.17910398372397476,0.0,0.0,0
44689,55,2,1.8512827477491975,2.2300875363124524,0.37880478856325484,0.20113128696104982,0.022027303237075052,0.0,0
44689,55,3,1.8512827477491975,2.9482198539672053,1.0969371062180078,0.22183952286217123,0.04273553913819647,0.0,0
44689,56,1,1.2776023330112358,1.9984437714296117,0.7208414384183759,0.1971521765325876,0.0,0.0,0
44689,56,2,1.2776023330112358,2.1073582024919477,0.8297558694807119,0.20385356167389063,0.006701385141303029,0.0,0
44689,56,3,1.2776023330112358,2.000603543473754,0.7230012104625181,0.24993222408524346,0.05278004755265586,0.0,0
44689,57,1,24.836802404536705,25.031511380855655,0.19470897631894957,0.24182465275027393,0.00713010509594425,0.0,0
44689,57,2,24.836802404536705,24.9601855323682,0.12338312783149519,0.23469454765432968,0.0,0.0,0
44689,57,3,24.836802404536705,24.915006342410127,0.07820393787342184,0.238703295141373,0.004008747487043329,0.0,0
44689,58,1,24.71996713645939,24.857347708327154,0.13738057186776587,0.22553793981148962,0.0030186963975162018,0.0,0
44689,58,2,24.71996713645939,24.793327324560707,0.07336018810131861,0.22562638686154163,0.0031071434475682114,0.0,0
44689,58,3,24.71996713645939,24.88631917572471,0.16635203926532327,0.22251924341397342,0.0,0.0,0
44689,59,1,24.636672718594447,24.7320399450406,0.09536722644615381,0.17274459823927096,0.01196887827626339,0.0,0
44689,59,2,24.636672718594447,24.773469610110105,0.1367968915156581,0.16077571996300757,0.0,0.0,0
44689,59,3,24.636672718594447,24.745479514199573,0.10880679560512618,0.1769680094834612,0.016192289520453623,0.0,0
44689,60,1,24.571140725281403,24.689448654056967,0.11830792877556462,0.12738150178640487,0.0,0.0,0
44689,60,2,24.571140725281403,24.671923556174626,0.10078283089322326,0.19322153609100845,0.06584003430460358,0.0,0
44689,60,3,24.571140725281403,24.73528940780677,0.16414868252536863,0.19537184889767537,0.0679903471112705,0.0,0
44689,61,1,1.2831303422393097,1.8279530824293222,0.5448227401900125,0.1693207221661715,0.009451616475922298,0.0,0
44689,61,2,1.2831303422393097,1.601730542639024,0.3186002003997144,0.1598691056902492,0.0,0.0,0
44689,61,3,1.2831303422393097,1.6620017064029873,0.3788713641636776,0.1939018959161643,0.0340327902259151,0.0,0
44689,62,1,1.7139844510464417,2.0885781784797546,0.3745937274333129,0.209592354379883,0.0,0.0,0
44689,62,2,1.7139844510464417,2.1885932452115777,0.474608794165136,0.23475820845266046,0.025165854072777466,0.0,0
44689,62,3,1.7139844510464417,2.156295352727983,0.4423109016815412,0.27316871783681684,0.06357636345693385,0.0,0
44689,63,1,2.0087645561421135,2.4392245013216143,0.4304599451795008,0.13955219383928166,0.03546956940008936,0.0,0
44689,63,2,2.0087645561421135,2.3028392795424284,0.29407472340031493,0.1040826244391923,0.0,0.0,0
44689,63,3,2.0087645561421135,2.68058389876852,0.6718193426264065,0.134707258451004,0.030624634011811702,0.0,0
44689,64,1,11.059638489547213,11.266937351003905,0.2072988614566924,0.08667683385281555,0.0013401250558007227,0.004959210324784184,0
44689,64,2,11.059638489547213,11.207938533404153,0.14830004385694018,0.08572235038608973,0.000385641589074906,0.0,0
44689,64,3,11.059638489547213,11.403847704679201,0.344209215131988,0.08533670879701483,0.0,0.0,0
44689,65,1,15.731310124771355,15.931100159272722,0.19979003450136723,0.23319262888570663,0.0,0.0,0
44689,65,2,15.731310124771355,15.908255912074571,0.1769457873032163,0.23686751293869,0.003674884052983357,0.032848536843477154,1
44689,65,3,15.731310124771355,15.960716598840984,0.22940647406962889,0.285655635995381,0.05246300710967439,0.04227094436091267,1
44689,66,1,12.39703184401703,12.605689563464097,0.20865771944706601,0.21042218238846594,0.00027173757410375865,0.0,0
44689,66,2,12.39703184401703,12.611646308117162,0.21461446410013174,0.21015044481436218,0.0,0.00942240751743553,1
44689,66,3,12.39703184401703,12.689004062542443,0.29197221852541233,0.26828020092198257,0.05812975610762039,0.00942240751743553,1
44689,67,1,12.172813450918786,12.378918029648911,0.206104578730125,0.2345963363657737,0.0,0.0,0
44689,67,2,12.172813450918786,12.400483094292916,0.22766964337412965,0.257125939230405,0.022529602864631293,0.045817309295372574,1
44689,67,3,12.172813450918786,12.4851605502339,0.3123470993151134,0.33414030312277976,0.09954396675700605,0.059507226941099015,1
44689,68,1,12.304380346783452,12.60492063333779,0.3005402865543374,0.21171565185074245,0.0,0.0,0
44689,68,2,12.304380346783452,12.534785901543922,0.23040555476046976,0.2530716525946741,0.04135600074393167,0.013689917645726437,1
44689,68,3,12.304380346783452,12.909206876976304,0.6048265301928524,0.3448566811160887,0.13314102926534624,0.013689917645726437,1
44690,0,1,1.4647158821689894,1.9688462893009635,0.5041304071319741,0.23866547137188932,0.0,0.0,0
44690,0,2,1.4647158821689894,1.7088319047711156,0.24411602260212617,0.26125061154875595,0.022585140176866636,0.0,0
44690,0,3,1.4647158821689894,2.1445233096145744,0.679807427445585,0.293468381746819,0.05480291037492968,0.0,0
44690,1,1,1.2236380511140394,1.8766582971267944,0.653020246012755,0.21054027996813995,0.0038332128805072807,0.0,0
44690,1,2,1.2236380511140394,1.4897820206383638,0.2661439695243244,0.20670706708763267,0.0,0.0,0
44690,1,3,1.2236380511140394,1.661393011227932,0.4377549601138926,0.23945789388576139,0.03275082679812871,0.0,0
44690,2,1,1.3498084949014533,1.9634062106267787,0.6135977157253254,0.2359842321822751,0.005965896058315406,0.0,0
44690,2,2,1.3498084949014533,1.6391260885851568,0.2893175936837036,0.2300183361239597,0.0,0.0,0
44690,2,3,1.3498084949014533,1.663928204096615,0.31411970919516174,0.23896477175846684,0.008946435634507144,0.0,0
44690,3,1,1.4331873562179982,2.217609922187916,0.784422565969918,0.19933593403860578,0.03960699637816423,0.0,0
44690,3,2,1.4331873562179982,1.8214470248022967,0.3882596685842985,0.15972893766044155,0.0,0.0,0
44690,3,3,1.4331873562179982,2.071398911520553,0.6382115553025549,0.17838878189122964,0.018659844230788092,0.0,0
44690,4,1,1.6996103551603554,2.4864944599732715,0.786884104812916,0.1671788129200965,0.07387622453660755,0.0,0
44690,4,2,1.6996103551603554,2.209727834853851,0.5101174796934955,0.09330258838348895,0.0,0.0,0
44690,4,3,1.6996103551603554,2.41088269082719,0.7112723356668347,0.12116404853664306,0.027861460153154105,0.0,0
44690,5,1,1.5246303819438596,2.120371324861217,0.5957409429173575,0.20727368383795608,0.006688528055991627,0.0,0
44690,5,2,1.5246303819438596,2.047175779173786,0.5225453972299265,0.20058515578196445,0.0,0.0,0
44690,5,3,1.5246303819438596,2.167239033146153,0.6426086512022933,0.20108429556294086,0.0004991397809764042,0.0,0
44690,6,1,1.2876939998089731,1.4958228321050597,0.20812883229608659,0.2044790412345695,0.0,0.0,0
44690,6,2,1.2876939998089731,1.6126910863779085,0.32499708656893533,0.21691412559825338,0.012435084363683874,0.0,0
44690,6,3,1.2876939998089731,1.7767611881557563,0.4890671883467832,0.25158325043708724,0.04710420920251773,0.0,0
44690,7,1,1.92467148903289,2.4072016202520072,0.48253013121911725,0.21469910114561722,0.0026406620838809736,0.0,0
44690,7,2,1.92467148903289,2.0796952311162826,0.15502374208339265,0.21205843906173624,0.0,0.0,0
44690,7,3,1.92467148903289,2.295497590524744,0.3708261014918539,0.24329787317371662,0.03123943411198038,0.0,0
44690,8,1,1.6014287437493606,2.476710595611359,0.8752818518619985,0.16420950186363914,0.07049671913412994,0.0,0
44690,8,2,1.6014287437493606,2.2053757382651864,0.6039469945158258,0.0937127827295092,0.0,0.0,0
44690,8,3,1.6014287437493606,2.4934896565619384,0.8920609128125778,0.13319831658963796,0.03948553386012876,0.0,0
44690,9,1,1.5136192405960216,2.320976132936041,0.8073568923400196,0.2244851973508967,0.036525999229545414,0.08314698235457785,1
44690,9,2,1.5136192405960216,1.893817617509055,0.3801983769130335,0.18795919812135128,0.0,0.04651839276097691,1
44690,9,3,1.5136192405960216,2.156275871784176,0.6426566311881543,0.2150299489668133,0.02707075084546201,0.0,0
44690,10,1,1.7418134705693666,2.566680856146264,0.8248673855768973,0.24196239322745325,0.0,0.08314698235457782,1
44690,10,2,1.7418134705693666,2.7963268681234053,1.0545133975540386,0.29709599591524105,0.0551336026877878,0.04651839276097691,1
44690,10,3,1.7418134705693666,3.233993788711479,1.4921803181421125,0.3310114196507854,0.08904902642333215,0.0,0
44690,11,1,1.7114477559081003,2.1922331342300048,0.4807853783219045,0.2243435133234002,0.0,0.0,0
44690,11,2,1.7114477559081003,1.8857898411504959,0.17434208524239558,0.23690780062443711,0.012564287301036925,0.0,0
44690,11,3,1.7114477559081003,2.5197618204800007,0.8083140645719005,0.25471641777862086,0.030372904455220673,0.0,0
44690,12,1,1.057998463593956,2.0338025442590597,0.9758040806651036,0.19459139283682292,0.00043939100846210333,0.0,0
44690,12,2,1.057998463593956,1.4477114084681808,0.3897129448742247,0.19415200182836082,0.0,0.0,0
44690,12,3,1.057998463593956,1.8558611316052236,0.7978626680112675,0.21071739285750887,0.016565391029148058,0.0,0
44690,13,1,1.5003082830406524,2.1927096240929247,0.6924013410522722,0.22351820706857398,0.0,0.0,0
44690,13,2,1.5003082830406524,2.2667236556319037,0.7664153725912513,0.24807060367204997,0.024552396603475996,0.0,0
44690,13,3,1.5003082830406524,2.2152981449519773,0.7149898619113249,0.28493991282986325,0.061421705761289275,0.0,0
44690,14,1,1.1764381150128718,2.5444913382289243,1.3680532232160525,0.20793456583632539,0.06177784137780573,0.1005131929961749,1
44690,14,2,1.1764381150128718,1.8369272258071088,0.660489110794237,0.14615672445851965,0.0,0.0,0
44690,14,3,1.1764381150128718,2.2839480925962667,1.107509977583395,0.1482479611900408,0.0020912367315211455,0.0,0
44690,15,1,1.1232428199536582,2.1172344561206677,0.9939916361670096,0.22412362464381289,0.03605376313382458,0.10051319299617491,1
44690,15,2,1.1232428199536582,1.771391886673991,0.6481490667203329,0.1880698615099883,0.0,0.0,0
44690,15,3,1.1232428199536582,2.2491992640400826,1.1259564440864245,0.21132408086934681,0.023254219359358508,0.0,0
44690,16,1,1.960903899594443,3.4989284407455026,1.5380245411510596,0.14010509386638337,0.07740839568289108,0.10051319299617491,1
44690,16,2,1.960903899594443,2.438272545275619,0.4773686456811759,0.06269669818349229,0.0,0.0,0
44690,16,3,1.960903899594443,2.762342572587893,0.80143867299345,0.06824175951488212,0.005545061331389836,0.0,0
44690,17,1,1.5641966416078226,1.847732080511684,0.28353543890386135,0.21859743931033507,0.0,0.04020433516137534,1
44690,17,2,1.5641966416078226,1.867232479356446,0.3030358377486235,0.22472306853425836,0.00612562922392329,0.0,0
44690,17,3,1.5641966416078226,2.0010543464930812,0.43685770488525866,0.23086811802930096,0.012270678718965894,0.0,0
44690,18,1,1.778426434217609,2.5742670237246985,0.7958405895070895,0.24492994332277643,0.045370321310810036,0.04020433516137531,1
44690,18,2,1.778426434217609,1.9826671741029642,0.20424073988535518,0.1995596220119664,0.0,0.0,0
44690,18,3,1.778426434217609,2.553234523454406,0.7748080892367968,0.2194138712451426,0.01985424923317622,0.0,0
44690,19,1,2.0579517161598577,2.7738819940429087,0.715930277883051,0.1398060565375471,0.0,0.040204335161375296,1
44690,19,2,2.0579517161598577,2.906208423280627,0.8482567071207692,0.2091864112148252,0.0693803546772781,0.0,0
44690,19,3,2.0579517161598577,2.899953004594998,0.8420012884351404,0.23601916046093332,0.09621310392338622,0.0,0
44690,20,1,1.3670961542244018,2.3115683837961347,0.9444722295717329,0.22942109879570177,0.0008185376286046209,0.0,0
44690,20,2,1.3670961542244018,2.385324279933763,1.0182281257093613,0.2300932890361472,0.0014907278690500514,0.0,0
44690,20,3,1.3670961542244018,2.527538927737558,1.1604427735131564,0.22860256116709715,0.0,0.0,0
44690,21,1,1.2340532385338676,2.183553134643221,0.9494998961093533,0.20214324917286225,0.002947326783609233,0.0,0
44690,21,2,1.2340532385338676,2.440579731598649,1.2065264930647812,0.2049331084444685,0.005737186055215476,0.0,0
44690,21,3,1.2340532385338676,2.0391243531193437,0.8050711145854761,0.19919592238925302,0.0,0.0,0
44690,22,1,1.572888637484479,2.205882929745845,0.632994292261366,0.21209021094983657,0.018433008592677408,0.0,0
44690,22,2,1.572888637484479,1.9489224810054524,0.37603384352097335,0.19365720235715916,0.0,0.0,0
44690,22,3,1.572888637484479,2.4570344717045614,0.8841458342200823,0.20802288016195042,0.014365677804791255,0.0,0
44690,23,1,2.579222081860076,3.33808621257377,0.7588641307136936,0.24042666316274872,0.0032333293006499286,0.07904102150841985,1
44690,23,2,2.579222081860076,2.906685082957112,0.32746300109703563,0.2371933338620988,0.0,0.0,0
44690,23,3,2.579222081860076,3.2286426995236597,0.6494206176635835,0.24985092683355897,0.012657592971460185,0.0,0
44690,24,1,1.4544989392942878,2.009707302148716,0.5552083628544282,0.24003543724204765,0.0,0.07904102150841988,1
44690,24,2,1.4544989392942878,1.9472676697357265,0.49276873044143876,0.25079923196013604,0.010763794718088388,0.0,0
44690,24,3,1.4544989392942878,2.111261905022924,0.6567629657286362,0.25425064234482087,0.014215205102773215,0.0,0
44690,25,1,1.8169623058164626,2.4325540754160033,0.6155917695995408,0.22242211745594143,0.019896597479202333,0.07904102150841986,1
44690,25,2,1.8169623058164626,2.2554174141369687,0.43845510832050616,0.2025255199767391,0.0,0.0,0
44690,25,3,1.8169623058164626,2.333809710143521,0.5168474043270583,0.22031720488759737,0.01779168491085828,0.0,0
44690,26,1,2.263675124745691,2.538856278053937,0.275181153308246,0.23669358910432467,0.012929475098426735,0.0,0
44690,26,2,2.263675124745691,2.715904124179263,0.45222899943357175,0.2263928353857401,0.0026287213798421583,0.0,0
44690,26,3,2.263675124745691,2.6727393079945645,0.4090641832488733,0.22376411400589793,0.0,0.0,0
44690,27,1,1.5305917433502965,1.9680995465049669,0.4375078031546704,0.23116938589688443,0.0,0.0,0
44690,27,2,1.5305917433502965,1.9342658545605276,0.4036741112102311,0.24314692275886315,0.011977536861978721,0.0,0
44690,27,3,1.5305917433502965,2.0299859785221672,0.49939423517187076,0.25877046110578983,0.027601075208905396,0.0,0
44690,28,1,1.4779531725957367,1.8595496293315334,0.3815964567357968,0.22564579541574467,0.0,0.0,0
44690,28,2,1.4779531725957367,2.31643486021254,0.8384816876168033,0.2336772897655054,0.00803149434976072,0.0,0
44690,28,3,1.4779531725957367,2.2507282298198734,0.7727750572241368,0.2332501829239008,0.0076043875081561185,0.0,0
44690,29,1,1.6822696452387713,2.012511866576618,0.33024222133784664,0.2174211268241718,0.01225935505919079,0.0,0
44690,29,2,1.6822696452387713,2.127517459220116,0.4452478139813445,0.21345879838636306,0.008297026621382042,0.0,0
44690,29,3,1.6822696452387713,2.197959731712662,0.5156900864738907,0.20516177176498102,0.0,0.0,0
44690,30,1,1.9986969247776467,2.3648247973155962,0.36612787253794954,0.1261818083861745,0.0,0.0,0
44690,30,2,1.9986969247776467,2.4543229788941203,0.4556260541164736,0.17552358451354244,0.04934177612736795,0.0,0
44690,30,3,1.9986969247776467,2.494324294506746,0.49562736972909915,0.2005384085591025,0.074356600172928,0.0,0
44690,31,1,2.4997593484050666,3.1886267898597254,0.6888674414546587,0.20787624401655166,0.0,0.04176168936875542,1
44690,31,2,2.4997593484050666,3.2078978319764664,0.7081384835713997,0.24778927209568727,0.039913028079135604,0.0,0
44690,31,3,2.4997593484050666,3.617762638488004,1.1180032900829375,0.27880045796530134,0.07092421394874968,0.0,0
44690,32,1,1.7772085875306487,2.1229831379554054,0.3457745504247567,0.20098205539875924,0.0,0.0,0
44690,32,2,1.7772085875306487,2.182516374360927,0.4053077868302781,0.21298898638921696,0.012006930990457715,0.0,0
44690,32,3,1.7772085875306487,2.253231014903771,0.4760224273731224,0.2497646888069515,0.04878263340819225,0.0,0
44690,33,1,2.5008338830209764,3.5636364185499665,1.06280253552899,0.23251237937025462,0.0,0.0,0
44690,33,2,2.5008338830209764,3.3577892395424875,0.8569553565215111,0.23581943097706243,0.0033070516068078037,0.0,0
44690,33,3,2.5008338830209764,3.2205064593879804,0.719672576367004,0.23274171595657822,0.00022933658632359744,0.0,0
44690,34,1,2.5581174831934637,3.399360235376515,0.8412427521830512,0.14012905929934374,0.002172963640157899,0.0,0
44690,34,2,2.5581174831934637,3.386825729166793,0.8287082459733295,0.14125181540940113,0.0032957197502152813,0.0,0
44690,34,3,2.5581174831934637,3.6080038467663806,1.049886363572917,0.13795609565918585,0.0,0.0,0
44690,35,1,1.7281646804859268,2.353478073691661,0.6253133932057344,0.21944406368910238,0.0,0.0,0
44690,35,2,1.7281646804859268,2.504168165127925,0.7760034846419983,0.23079113954372496,0.01134707585462258,0.0,0
44690,35,3,1.7281646804859268,2.434245546912558,0.7060808664266314,0.22869012639643665,0.009246062707334274,0.0,0
44690,36,1,2.4009676405591627,3.062412303461318,0.6614446629021553,0.14965500596189002,0.014756144217718814,0.0,0
44690,36,2,2.4009676405591627,2.694486274513991,0.29351863395482836,0.1348988617441712,0.0,0.0,0
44690,36,3,2.4009676405591627,2.8739017954754247,0.472934154916262,0.13814623345861599,0.00324737171444478,0.0,0
44690,37,1,18.557926416380706,18.719342018221063,0.16141560184035697,0.22650095089848912,0.0,0.0,0
44690,37,2,18.557926416380706,18.690598652008987,0.1326722356282808,0.23154364027005378,0.005042689371564657,0.0,0
44690,37,3,18.557926416380706,18.681895013868274,0.12396859748756839,0.23087130138535664,0.004370350486867514,0.0,0
44690,38,1,18.530466911672804,18.66072135915337,0.13025444748056714,0.18498599513189995,0.0025049458911100275,0.0,0
44690,38,2,18.530466911672804,18.683713643452982,0.1532467317801789,0.18248104924078992,0.0,0.0,0
44690,38,3,18.530466911672804,18.671560066081646,0.14109315440884274,0.1857648444126183,0.003283795171828391,0.0,0
44690,39,1,18.535169471813504,18.759023915109967,0.22385444329646376,0.13369063548203705,0.0,0.0,0
44690,39,2,18.535169471813504,18.645058014427928,0.10988854261442427,0.187920135689956,0.054229500207918946,0.0,0
44690,39,3,18.535169471813504,18.795957911525118,0.2607884397116145,0.2054579755222785,0.07176734004024146,0.0,0
44690,40,1,1.4433799048977825,2.0083636624870875,0.5649837575893051,0.21125997077931175,0.02122648824319104,0.0972455775775466,1
44690,40,2,1.4433799048977825,1.715398156636572,0.27201825173878946,0.1900334825361207,0.0,0.0,0
44690,40,3,1.4433799048977825,2.263481635580365,0.8201017306825824,0.20182343613208661,0.011789953595965907,0.0,0
44690,41,1,1.8343779743203446,2.3663636176710034,0.5319856433506589,0.23775602558827882,0.0,0.09724557757754657,1
44690,41,2,1.8343779743203446,2.579974351017672,0.7455963766973273,0.27532740132566363,0.03757137573738481,0.0,0
44690,41,3,1.8343779743203446,2.450224211783165,0.6158462374628206,0.31969786947390655,0.08194184388562772,0.0,0
44690,42,1,1.7583691143795772,2.3052119251500702,0.546842810770493,0.13345169265005197,0.030839493642583773,0.09724557757754657,1
44690,42,2,1.7583691143795772,1.7852252794911336,0.026856165111556418,0.1026121990074682,0.0,0.0,0
44690,42,3,1.7583691143795772,2.585515254395946,0.8271461400163689,0.11160109802970537,0.008988899022237179,0.0,0
44690,43,1,1.4544957015875664,2.5456275364940066,1.0911318349064403,0.22072306674770023,0.036057068852207025,0.025273634040038684,1
44690,43,2,1.4544957015875664,1.795795948108071,0.3413002465205046,0.1846659978954932,0.0,0.0,0
44690,43,3,1.4544957015875664,2.4126841517773765,0.9581884501898101,0.20281917958075824,0.01815318168526503,0.0,0
44690,44,1,1.7951491098348238,2.6193873376343015,0.8242382277994778,0.23272614846015802,0.0,0.025273634040038684,1
44690,44,2,1.7951491098348238,2.4258817842744147,0.6307326744395909,0.2366718906960974,0.003945742235939381,0.0,0
44690,44,3,1.7951491098348238,2.405312645272108,0.6101635354372843,0.28208423337349625,0.049358084913338235,0.0,0
44690,45,1,1.9961231827325574,2.5357978615420707,0.5396746788095133,0.12165911630474459,0.02565477635365146,0.025273634040038684,1
44690,45,2,1.9961231827325574,2.0669211873608395,0.07079800462828212,0.09600433995109313,0.0,0.0,0
44690,45,3,1.9961231827325574,2.6832349851411292,0.6871118024085718,0.1098595824207122,0.01385524246961907,0.0,0
44690,46,1,1.2824866575158842,1.6477214617489817,0.3652348042330975,0.1937284674128421,0.020057224077502572,0.0,0
44690,46,2,1.2824866575158842,1.6674195985325535,0.3849329410166693,0.17367124333533954,0.0,0.0,0
44690,46,3,1.2824866575158842,1.792491944463069,0.5100052869471847,0.17423759316116313,0.0005663498258235977,0.0,0
44690,47,1,1.7948758947334333,2.2580540680131236,0.46317817327969024,0.14399926188134649,0.01435654362480121,0.0,0
44690,47,2,1.7948758947334333,2.079803781066534,0.28492788633310084,0.12964271825654528,0.0,0.0,0
44690,47,3,1.7948758947334333,2.2967386228626436,0.5018627281292103,0.13605526351477473,0.006412545258229457,0.0,0
44690,48,1,2.2391572692551014,3.0035116141657046,0.7643543449106032,0.1081137251658766,0.015743091974632167,0.0,0
44690,48,2,2.2391572692551014,2.651415241599493,0.41225797234439154,0.09237063319124443,0.0,0.0,0
44690,48,3,2.2391572692551014,2.9941073818745245,0.7549501126194231,0.0926752951804602,0.0003046619892157626,0.0,0
44690,49,1,1.3022714911089637,1.9552651972009598,0.6529937060919961,0.19918359957120427,0.005508160308624416,0.0,0
44690,49,2,1.3022714911089637,1.8416600776255307,0.5393885865165671,0.19512802058655557,0.0014525813239757157,0.0,0
44690,49,3,1.3022714911089637,2.3683033393046276,1.0660318481956639,0.19367543926257985,0.0,0.0,0
44690,50,1,1.3698003570768418,1.8144751733121545,0.4446748162353127,0.14882371318505486,0.0167327386361677,0.0,0
44690,50,2,1.3698003570768418,1.5594858097933268,0.18968545271648507,0.13209097454888716,0.0,0.0,0
44690,50,3,1.3698003570768418,1.8147360199319695,0.44493566285512776,0.13826871499166693,0.006177740442779772,0.0,0
44690,51,1,1.744481130662296,2.3825257301587066,0.6380445994964106,0.09981842506104076,0.00974858464636931,0.0,0
44690,51,2,1.744481130662296,2.0713899401938525,0.32690880953155643,0.09006984041467145,0.0,0.0,0
44690,51,3,1.744481130662296,2.066115893700424,0.32163476303812777,0.09184966331928074,0.0017798229046092906,0.0,0
44690,52,1,1.6258231384221677,1.8715534397615552,0.24573030133938745,0.22061609241719557,0.0,0.0,0
44690,52,2,1.6258231384221677,1.8712235643646733,0.24540042594250555,0.2306435515894716,0.010027459172276043,0.0,0
44690,52,3,1.6258231384221677,2.302051768332197,0.6762286299100293,0.2413921820946248,0.02077608967742922,0.0,0
44690,53,1,1.737610679549217,2.0515544672726946,0.31394378772347764,0.2093809975382864,0.0,0.0,0
44690,53,2,1.737610679549217,2.1041907276221563,0.3665800480729393,0.21396896775432175,0.004587970216035353,0.0,0
44690,53,3,1.737610679549217,2.318688847255898,0.5810781677066812,0.22975270075124457,0.02037170321295817,0.0,0
44690,54,1,1.196059443187845,2.0956453274978992,0.8995858843100542,0.23551901192461397,0.0018199773865342495,0.0,0
44690,54,2,1.196059443187845,1.6485306214329278,0.45247117824508276,0.23369903453807972,0.0,0.0,0
44690,54,3,1.196059443187845,1.9125596601406538,0.7165002169528087,0.27582322869549647,0.04212419415741675,0.0,0
44690,55,1,25.146602537917452,25.33017979541642,0.18357725749896758,0.2427725819024616,0.007745045691917779,0.0,0
44690,55,2,25.146602537917452,25.263771746198422,0.11716920828096988,0.2350275362105438,0.0,0.0,0
44690,55,3,25.146602537917452,25.26003852227256,0.11343598435510671,0.23648370174987401,0.0014561655393302009,0.0,0
44690,56,1,25.03081983538424,25.13759231819197,0.106772482807731,0.22319183105393928,0.0013233132056849894,0.0,0
44690,56,2,25.03081983538424,25.14122421268372,0.11040437729948138,0.22416163780859905,0.0022931199603447583,0.0,0
44690,56,3,25.03081983538424,25.226248519669934,0.1954286842856945,0.2218685178482543,0.0,0.0,0
44690,57,1,24.966413555016356,25.078490921033115,0.11207736601675933,0.1962464249870496,0.008021134843996969,0.0,0
44690,57,2,24.966413555016356,25.058323932911943,0.0919103778955872,0.1971008466949318,0.00887555655187916,0.0,0
44690,57,3,24.966413555016356,25.157797348198635,0.19138379318227905,0.18822529014305264,0.0,0.0,0
44690,58,1,24.88640849442192,25.091740395735197,0.20533190131327572,0.11642087152617162,0.0,0.0,0
44690,58,2,24.88640849442192,25.01567028254485,0.12926178812292832,0.1844899625207744,0.06806909099460279,0.0,0
44690,58,3,24.88640849442192,25.144256058956614,0.2578475645346927,0.20232428682927897,0.08590341530310736,0.0,0
44690,59,1,1.200327492735014,1.98838405587708,0.788056563142066,0.216395368497798,0.033437859210789816,0.0,0
44690,59,2,1.200327492735014,1.501110934630563,0.30078344189554906,0.18295750928700819,0.0,0.0,0
44690,59,3,1.200327492735014,2.089884079590052,0.8895565868550379,0.199999545082739,0.017042035795730825,0.0,0
44690,60,1,1.468099083447187,2.0684897807722584,0.6003906973250714,0.23028721442853442,0.0,0.0,0
44690,60,2,1.468099083447187,2.080584994114677,0.6124859106674898,0.24852589730290814,0.01823868287437372,0.0,0
44690,60,3,1.468099083447187,2.110230299368605,0.6421312159214181,0.2824201658116701,0.0521329513831357,0.0,0
44690,61,1,2.0704826101576046,2.8821368823199522,0.8116542721623476,0.1746976345831193,0.06885755343950332,0.0,0
44690,61,2,2.0704826101576046,2.3643429046101874,0.29386029445258277,0.10584008114361597,0.0,0.0,0
44690,61,3,2.0704826101576046,2.7428334096485756,0.672350799490971,0.1333170454945111,0.027476964350895125,0.0,0
44690,62,1,3.0545222725801464,3.5844822973327197,0.5299600247525733,0.23944485500221108,0.007040727360052429,0.058299855429609526,1
44690,62,2,3.0545222725801464,3.6788653608336928,0.6243430882535463,0.2365658677883712,0.004161740146212539,0.0,0
44690,62,3,3.0545222725801464,3.997776544816014,0.9432542722358677,0.23240412764215865,0.0,0.0,0
44690,63,1,1.7646468183931154,2.03892384271266,0.2742770243195447,0.1994539711943136,0.0,0.058299855429609526,1
44690,63,2,1.7646468183931154,2.5007862181011093,0.7361393997079939,0.21396633558279013,0.014512364388476529,0.0,0
44690,63,3,1.7646468183931154,2.5321756839022647,0.7675288655091492,0.20586281659500943,0.006408845400695834,0.0,0
44690,64,1,1.9697210469627457,2.733954576856667,0.7642335298939213,0.144520848582712,0.004396956850942851,0.058299855429609526,1
44690,64,2,1.9697210469627457,2.3825413682963146,0.41282032133356883,0.14012389173176915,0.0,0.0,0
44690,64,3,1.9697210469627457,2.55250114034515,0.5827800933824043,0.15090241806470195,0.010778526332932803,0.0,0
44690,65,1,11.242831639544686,11.619093470651693,0.37626183110700673,0.07723401207490105,0.002097529841468909,0.004933711659252549,0
44690,65,2,11.242831639544686,11.454957613190425,0.2121259736457386,0.07513648223343214,0.0,0.0,0
44690,65,3,11.242831639544686,11.458037014781699,0.21520537523701222,0.07531834447932269,0.0001818622458905489,0.0,0
44690,66,1,15.93593135411594,16.213442114547586,0.277510760431646,0.2934035908608083,0.0,0.0,0
44690,66,2,15.93593135411594,16.237372591859934,0.3014412377439939,0.3059908541811451,0.012587263320336772,0.03242318347336537,1
44690,66,3,15.93593135411594,16.279244088774515,0.3433127346585749,0.32344908953539303,0.030045498674584725,0.04153826562111888,1
44690,67,1,12.607835942578216,13.032195400137624,0.42435945755940807,0.25808360053313023,0.012325517458300433,0.0,0
44690,67,2,12.607835942578216,13.041379696573944,0.4335437539957283,0.2457580830748298,0.0,0.009115082147753518,1
44690,67,3,12.607835942578216,13.049575245015143,0.44173930243692716,0.28203897494537633,0.03628089187054653,0.009115082147753518,1
44690,68,1,12.3451944707685,12.60937721626667,0.2641827454981698,0.26524000454942703,0.0,0.0,0
44690,68,2,12.3451944707685,12.708249038926846,0.36305456815834525,0.27015914679889225,0.004919142249465214,0.045352158520426664,1
44690,68,3,12.3451944707685,12.691279568487156,0.3460850977186549,0.309024016450097,0.043784011900669995,0.0589004312993419,1
44690,69,1,12.48861502411271,12.867298463492588,0.3786834393798788,0.2595361622748039,0.0,0.0,0
44690,69,2,12.48861502411271,12.873484015778908,0.3848689916661989,0.28302516155402513,0.023488999279221212,0.013548272778915245,1
44690,69,3,12.48861502411271,13.096021299183187,0.6074062750704776,0.34182587509371437,0.08228971281891045,0.013548272778915245,1
44691,0,1,1.1966283705893588,2.2031403973185073,1.0065120267291485,0.2118275790015847,0.0033052827294225984,0.0,0
44691,0,2,1.1966283705893588,1.665848581413087,0.4692202108237282,0.2085222962721621,0.0,0.0,0
44691,0,3,1.1966283705893588,2.1898394448571095,0.9932110742677507,0.21300875147407114,0.004486455201909045,0.0,0
44691,1,1,1.6541739409512555,2.1576622910621985,0.5034883501109431,0.12916532186327812,0.0,0.0,0
44691,1,2,1.6541739409512555,2.275255886188659,0.6210819452374035,0.1381139532661614,0.008948631402883295,0.0,0
44691,1,3,1.6541739409512555,2.0153228725461445,0.36114893159488903,0.14425665845923158,0.015091336595953464,0.0,0
44691,2,1,1.728031070055178,2.020375914176035,0.29234484412085693,0.09182626983823798,0.004830771868809244,0.0,0
44691,2,2,1.728031070055178,2.441003905770132,0.7129728357149541,0.09030559653805055,0.0033100985686218137,0.0,0
44691,2,3,1.728031070055178,2.1807132077226097,0.4526821376674317,0.08699549796942874,0.0,0.0,0
44691,3,1,1.536551482135026,2.08088506511859,0.544333582983564,0.1852205066044989,0.0,0.0,0
44691,3,2,1.536551482135026,2.0905632369156586,0.5540117547806327,0.19231231324997491,0.007091806645476012,0.0,0
44691,3,3,1.536551482135026,2.4908724867900363,0.9543210046550104,0.21257022078232474,0.027349714177825835,0.0,0
44691,4,1,1.4169209193092969,1.7761351792196212,0.3592142599103243,0.19487793086403643,0.0,0.0,0
44691,4,2,1.4169209193092969,2.0236397705793223,0.6067188512700254,0.2089962551787737,0.01411832431473728,0.0,0
44691,4,3,1.4169209193092969,2.1920688376759863,0.7751479183666894,0.2340506075647012,0.039172676700664766,0.0,0
44691,5,1,1.9146033350702196,2.683650602339533,0.7690472672693134,0.17649820368779942,0.0,0.0,0
44691,5,2,1.9146033350702196,2.9875443877515755,1.0729410526813559,0.22812506090648013,0.05162685721868071,0.0,0
44691,5,3,1.9146033350702196,2.920628319425937,1.0060249843557174,0.23261567012879,0.05611746644099058,0.0,0
44691,6,1,1.5281521709899082,2.565130340598399,1.036978169608491,0.1298315341450938,0.002337137824991342,0.0,0
44691,6,2,1.5281521709899082,2.9095014292375367,1.3813492582476286,0.13685178269202922,0.009357386371926762,0.0,0
44691,6,3,1.5281521709899082,2.17984072796875,0.651688556978842,0.12749439632010245,0.0,0.0,0
44691,7,1,1.4417955389171968,2.2178767659494265,0.7760812270322297,0.13561105708939325,0.0,0.0840328525250055,1
44691,7,2,1.4417955389171968,2.3643853083302493,0.9225897694130525,0.15155622525363446,0.015945168164241214,0.04772557794946114,1
44691,7,3,1.4417955389171968,2.40300653440214,0.961210995484943,0.16102876069177555,0.025417703602382297,0.0,0
44691,8,1,2.2630866328720174,2.767209575444117,0.5041229425720997,0.15180590718485693,0.0,0.08403285252500553,1
44691,8,2,2.2630866328720174,2.9706879709743035,0.7076013381022861,0.15338179806434105,0.0015758908794841209,0.04772557794946114,1
44691,8,3,2.2630866328720174,2.943234297569607,0.6801476646975897,0.16403738378888633,0.012231476604029401,0.0,0
44691,9,1,1.4131814526532946,1.6246200945680467,0.21143864191475203,0.21250959944986927,0.0,0.0,0
44691,9,2,1.4131814526532946,2.215616152788548,0.8024347001352532,0.23035618576880634,0.01784658631893707,0.0,0
44691,9,3,1.4131814526532946,2.3087995076104493,0.8956180549571546,0.22513294410509996,0.012623344655230684,0.0,0
44691,10,1,1.1625180064451794,1.8808631087401408,0.7183451022949614,0.18073088751064037,0.0027089364922029957,0.0,0
44691,10,2,1.1625180064451794,1.7342767066599003,0.5717587002147209,0.17802195101843737,0.0,0.0,0
44691,10,3,1.1625180064451794,1.6159174275141623,0.4533994210689829,0.18942036702364412,0.011398416005206746,0.0,0
44691,11,1,1.5131837239558776,2.2858685720083187,0.7726848480524411,0.14686179744834144,0.00422103982568392,0.0,0
44691,11,2,1.5131837239558776,2.6658487679919576,1.15266504403608,0.14910058062803302,0.006459823005375509,0.0,0
44691,11,3,1.5131837239558776,2.210036906000064,0.6968531820441863,0.14264075762265752,0.0,0.0,0
44691,12,1,1.0213285554429423,2.3451191977140473,1.323790642271105,0.13865915092638376,0.00021584374703478848,0.10109847846447997,1
44691,12,2,1.0213285554429423,1.8956270518092118,0.8742984963662694,0.13844330717934897,0.0,0.0,0
44691,12,3,1.0213285554429423,2.2479543352607556,1.2266257798178133,0.14516506538648127,0.006721758207132306,0.0,0
44691,13,1,1.1129576514684723,2.330745832291831,1.2177881808233586,0.13967065468601578,0.028488219679747157,0.10109847846447997,1
44691,13,2,1.1129576514684723,2.122285586261016,1.0093279347925437,0.11118243500626862,0.0,0.0,0
44691,13,3,1.1129576514684723,2.1623398158534717,1.0493821643849994,0.11270642474887833,0.0015239897426097132,0.0,0
44691,14,1,1.9497916801528874,2.742141652890715,0.7923499727378276,0.09011418840018642,0.017441433555069705,0.10109847846447997,1
44691,14,2,1.9497916801528874,2.848534307020138,0.8987426268672507,0.07267275484511672,0.0,0.0,0
44691,14,3,1.9497916801528874,2.6147858696915316,0.6649941895386442,0.0732180212515756,0.000545266406458883,0.0,0
44691,15,1,1.8392852591364712,2.8457978818743372,1.006512622737866,0.22341620095354162,0.010764896835108506,0.03983430564820262,1
44691,15,2,1.8392852591364712,2.395260339504998,0.5559750803685266,0.2126513041184331,0.0,0.0,0
44691,15,3,1.8392852591364712,2.5536765488814366,0.7143912897449654,0.21733712899762628,0.004685824879193168,0.0,0
44691,16,1,1.682522518761943,3.9048637874271335,2.2223412686651907,0.22257222967247517,0.06421152430693736,0.03983430564820262,1
44691,16,2,1.682522518761943,2.39908864028753,0.716566121525587,0.1583607053655378,0.0,0.0,0
44691,16,3,1.682522518761943,2.3052202400906845,0.6226977213287415,0.16587404509981224,0.007513339734274427,0.0,0
44691,17,1,2.152994073343584,2.5866004044562536,0.43360633111266944,0.10881739910196102,0.0,0.03983430564820262,1
44691,17,2,2.152994073343584,2.6550761468863393,0.5020820735427551,0.11422712309652631,0.005409723994565296,0.0,0
44691,17,3,2.152994073343584,2.8373846574880845,0.6843905841445004,0.11791841819822707,0.009101019096266053,0.0,0
44691,18,1,1.683955222732947,1.9813981417095703,0.2974429189766232,0.22417023963142707,0.0,0.0,0
44691,18,2,1.683955222732947,2.276404899912792,0.5924496771798451,0.23825305657107645,0.014082816939649384,0.0,0
44691,18,3,1.683955222732947,2.2762099540187934,0.5922547312858464,0.23048012521853858,0.006309885587111513,0.0,0
44691,19,1,1.2328970403514377,1.755629983136944,0.5227329427855063,0.18507225377603956,0.0,0.0,0
44691,19,2,1.2328970403514377,1.7690896378171783,0.5361925974657407,0.18831244358097365,0.003240189804934096,0.0,0
44691,19,3,1.2328970403514377,1.7197207479615464,0.48682370761010874,0.19990392814623156,0.014831674370192005,0.0,0
44691,20,1,1.587805900193982,2.3825356098621273,0.7947297096681454,0.14030023093296518,0.023498505112448637,0.0,0
44691,20,2,1.587805900193982,2.0696393648013336,0.48183346460735166,0.12019917559240412,0.0033974497718875785,0.0,0
44691,20,3,1.587805900193982,2.147542027270447,0.5597361270764649,0.11680172582051654,0.0,0.0,0
44691,21,1,2.5227168712556347,3.0563292620664413,0.5336123908108066,0.2194916957191152,0.0,0.07756722639284794,1
44691,21,2,2.5227168712556347,3.068173736964831,0.5454568657091965,0.23019648786370642,0.010704792144591219,0.0,0
44691,21,3,2.5227168712556347,3.364801405546676,0.8420845342910415,0.23791249451457125,0.01842079879545605,0.0,0
44691,22,1,1.620472476687301,2.0023680014801135,0.3818955247928124,0.21064148468658603,0.0,0.07756722639284797,1
44691,22,2,1.620472476687301,2.2727835637739204,0.6523110870866193,0.21593629828810318,0.005294813601517151,0.0,0
44691,22,3,1.620472476687301,2.175097662595923,0.554625185908622,0.21830085482689734,0.007659370140311317,0.0,0
44691,23,1,1.7861060144045884,2.4626147235960696,0.6765087091914812,0.14147144634065645,0.005709250327883164,0.07756722639284797,1
44691,23,2,1.7861060144045884,2.2589171718669263,0.4728111574623379,0.13576219601277328,0.0,0.0,0
44691,23,3,1.7861060144045884,2.3019939077106213,0.5158878933060329,0.14365921086261868,0.007897014849845396,0.0,0
44691,24,1,2.278521445166445,2.9009666723389222,0.6224452271724772,0.2284591104601855,0.016006870727552802,0.0,0
44691,24,2,2.278521445166445,2.75058229711585,0.4720608519494047,0.2124522397326327,0.0,0.0,0
44691,24,3,2.278521445166445,2.680225029269918,0.40170358410347307,0.2218715554953125,0.00941931576267982,0.0,0
44691,25,1,1.5688952997413377,2.186577898369392,0.6176825986280543,0.22176093233982402,0.0,0.0,0
44691,25,2,1.5688952997413377,2.507592327108843,0.9386970273675053,0.23482886707375594,0.013067934733931919,0.0,0
44691,25,3,1.5688952997413377,2.3234721573571746,0.7545768576158369,0.23218065840660795,0.01041972606678393,0.0,0
44691,26,1,1.811086168689939,2.177279850350667,0.3661936816607281,0.23101355623225178,0.0,0.0,0
44691,26,2,1.811086168689939,2.3613400469467307,0.5502538782567916,0.24356210194193587,0.012548545709684084,0.0,0
44691,26,3,1.811086168689939,2.283502062102908,0.47241589341296897,0.23731973826031078,0.006306182028058993,0.0,0
44691,27,1,1.7800304036532975,2.2299974575138686,0.4499670538605711,0.196431254249115,0.0,0.0,0
44691,27,2,1.7800304036532975,2.3941395277037287,0.6141091240504313,0.19793588017516986,0.0015046259260548533,0.0,0
44691,27,3,1.7800304036532975,2.2852057009718685,0.505175297318571,0.20088937301642956,0.004458118767314556,0.0,0
44691,28,1,1.993317781478868,2.34591958442062,0.35260180294175214,0.10917137688193576,0.0,0.0,0
44691,28,2,1.993317781478868,2.3914502131557183,0.3981324316768502,0.11662203304129852,0.007450656159362759,0.0,0
44691,28,3,1.993317781478868,2.3529693611035793,0.3596515796247113,0.12114947328138513,0.01197809639944937,0.0,0
44691,29,1,2.7259302674157233,3.71996714795108,0.9940368805353565,0.1758165573668402,0.0,0.04120315051161849,1
44691,29,2,2.7259302674157233,3.5705804694695638,0.8446502020538404,0.23056678622970575,0.05475022886286554,0.0,0
44691,29,3,2.7259302674157233,4.454926751768483,1.72899648435276,0.2866206795401135,0.11080412217327329,0.0,0
44691,30,1,1.8212346652601354,2.249409640404682,0.4281749751445467,0.205779257133465,0.0,0.0,0
44691,30,2,1.8212346652601354,2.6429553345519743,0.8217206692918388,0.22932259753909262,0.02354334040562761,0.0,0
44691,30,3,1.8212346652601354,2.5382495073832736,0.7170148421231382,0.2733508597119511,0.0675716025784861,0.0,0
44691,31,1,2.5564917351948515,3.293678087627284,0.7371863524324325,0.23686336415068593,0.0,0.0,0
44691,31,2,2.5564917351948515,3.206369813449583,0.6498780782547313,0.2509829632676452,0.014119599116959258,0.0,0
44691,31,3,2.5564917351948515,3.3756475561347514,0.8191558209398999,0.23741353467572007,0.0005501705250341438,0.0,0
44691,32,1,2.6183547807083762,3.071018777301514,0.4526639965931376,0.1337765328515743,0.0,0.0,0
44691,32,2,2.6183547807083762,3.0855259254146445,0.4671711447062683,0.1357633404653818,0.001986807613807512,0.0,0
44691,32,3,2.6183547807083762,3.1930855256872652,0.574730744978889,0.13881976973979887,0.005043236888224584,0.0,0
44691,33,1,1.7572947613662944,2.2083627115196776,0.4510679501533832,0.2249760766439204,0.0,0.0,0
44691,33,2,1.7572947613662944,2.4125896131456845,0.6552948517793902,0.24268521846205812,0.017709141818137736,0.0,0
44691,33,3,1.7572947613662944,2.396486045716256,0.6391912843499616,0.23440907584515228,0.00943299920123189,0.0,0
44691,34,1,2.4244641462124705,2.5586844423385573,0.13422029612608677,0.12697139264263127,0.0,0.0,0
44691,34,2,2.4244641462124705,2.6471009363306606,0.22263679011819004,0.1323333902694309,0.0053619976267996194,0.0,0
44691,34,3,2.4244641462124705,2.6693945180965764,0.24493037188410582,0.13480715740775515,0.007835764765123876,0.0,0
44691,35,1,18.450497698567954,18.56086803614956,0.11037033758160675,0.22522693624248918,0.0,0.0,0
44691,35,2,18.450497698567954,18.551443904134864,0.1009462055669097,0.24233699005388237,0.01711005381139319,0.0,0
44691,35,3,18.450497698567954,18.557156034501794,0.10665833593384022,0.23411536254680476,0.008888426304315578,0.0,0
44691,36,1,18.4245825244094,18.52146402781228,0.09688150340288004,0.17279819633934787,0.0,0.0,0
44691,36,2,18.4245825244094,18.503650356424583,0.07906783201518408,0.17516542971451798,0.0023672333751701136,0.0,0
44691,36,3,18.4245825244094,18.578848668720383,0.1542661443109843,0.18051432034023282,0.00771612400088495,0.0,0
44691,37,1,18.422576155332372,18.577434085428234,0.15485793009586146,0.11803571338260602,0.0032265000257808013,0.0,0
44691,37,2,18.422576155332372,18.536795674497615,0.11421951916524264,0.1197246144962197,0.004915401139394482,0.0,0
44691,37,3,18.422576155332372,18.65769527692826,0.23511912159588633,0.11480921335682522,0.0,0.0,0
44691,38,1,1.2455715291810068,1.9204923033959524,0.6749207742149457,0.17550703034406795,0.0,0.09786074673544007,1
44691,38,2,1.2455715291810068,2.270274011026293,1.0247024818452861,0.20064789675835085,0.025140866414282897,0.0,0
44691,38,3,1.2455715291810068,2.047333519035375,0.8017619898543684,0.18868438390073436,0.01317735355666641,0.0,0
44691,39,1,1.758735683788839,2.4550057915542842,0.6962701077654452,0.18445278371606988,0.010458774328315407,0.09786074673544005,1
44691,39,2,1.758735683788839,2.3544537065795277,0.5957180227906886,0.20007991466920097,0.026085905281446498,0.0,0
44691,39,3,1.758735683788839,2.4360474343189913,0.6773117505301522,0.17399400938775447,0.0,0.0,0
44691,40,1,2.0925308249147165,2.6589948450155942,0.5664640201008777,0.139167565148962,0.012181178105605206,0.09786074673544005,1
44691,40,2,2.0925308249147165,2.5757481958898856,0.48321737097516904,0.14358852855082305,0.01660214150746625,0.0,0
44691,40,3,2.0925308249147165,2.8548404897979682,0.7623096648832517,0.1269863870433568,0.0,0.0,0
44691,41,1,1.3112762157446523,2.386878412747863,1.0756021970032106,0.1418990477122862,0.0,0.025289154389546875,1
44691,41,2,1.3112762157446523,2.1038933493443297,0.7926171335996774,0.1438156295190732,0.0019165818067869989,0.0,0
44691,41,3,1.3112762157446523,2.4097030345821104,1.0984268188374582,0.14915877507876116,0.007259727366474955,0.0,0
44691,42,1,1.9859414695415123,3.091734762564037,1.1057932930225247,0.14557627811219542,0.03168096788270672,0.025289154389546847,1
44691,42,2,1.9859414695415123,2.8249933285280933,0.839051858986581,0.1138953102294887,0.0,0.0,0
44691,42,3,1.9859414695415123,2.5550489362996,0.5691074667580875,0.12049910808179436,0.006603797852305651,0.0,0
44691,43,1,2.3271254471751837,3.167498867175458,0.8403734200002742,0.10474755456752588,0.019441853652723676,0.025289154389546833,1
44691,43,2,2.3271254471751837,3.0912788089346006,0.764153361759417,0.0853057009148022,0.0,0.0,0
44691,43,3,2.3271254471751837,2.9210859082779175,0.5939604611027338,0.08810900814828264,0.0028033072334804343,0.0,0
44691,44,1,1.3412815780325702,2.004926652745934,0.6636450747133638,0.1938373881188222,0.016449693588500708,0.0,0
44691,44,2,1.3412815780325702,1.715667753650155,0.3743861756175848,0.1773876945303215,0.0,0.0,0
44691,44,3,1.3412815780325702,2.0621058400936745,0.7208242620611043,0.18262131612390076,0.005233621593579263,0.0,0
44691,45,1,1.9297388472605959,2.599376181175937,0.669637333915341,0.1321821253176998,0.010823185957878345,0.0,0
44691,45,2,1.9297388472605959,2.3915967632226818,0.4618579159620859,0.12135893935982145,0.0,0.0,0
44691,45,3,1.9297388472605959,2.3757140503630985,0.4459752031025026,0.12852710495589922,0.007168165596077775,0.0,0
44691,46,1,2.6377331704346108,3.1851379808947753,0.5474048104601645,0.10017495871167606,0.0065070648211708465,0.0,0
44691,46,2,2.6377331704346108,3.1055513312665406,0.46781816083192984,0.09366789389050521,0.0,0.0,0
44691,46,3,2.6377331704346108,3.091404742060452,0.45367157162584126,0.09467571057274654,0.0010078166822413276,0.0,0
44691,47,1,1.392681966299255,2.5013376785188353,1.1086557122195804,0.19268000121138243,0.011194513256298305,0.0,0
44691,47,2,1.392681966299255,2.003757865715947,0.6110758994166923,0.18148548795508412,0.0,0.0,0
44691,47,3,1.392681966299255,1.8507983759397928,0.4581164096405379,0.19369692567456298,0.012211437719478857,0.0,0
44691,48,1,1.4531260127185481,1.8737323202542613,0.42060630753571315,0.12726505294089616,0.0,0.0,0
44691,48,2,1.4531260127185481,2.0635605117786446,0.6104344990600965,0.13579186848735067,0.008526815546454514,0.0,0
44691,48,3,1.4531260127185481,1.6747394747255941,0.221613462007046,0.1407847413239209,0.013519688383024753,0.0,0
44691,49,1,1.9606751481821711,2.6375663277877046,0.6768911796055335,0.08733101101548872,0.0009485930764609879,0.0,0
44691,49,2,1.9606751481821711,3.151225399102935,1.1905502509207637,0.09172340008230499,0.005340982143277259,0.0,0
44691,49,3,1.9606751481821711,2.7545504181823453,0.7938752700001741,0.08638241793902773,0.0,0.0,0
44691,50,1,1.7923350085173706,2.0798293261848575,0.2874943176674869,0.21512650871044986,0.0,0.0,0
44691,50,2,1.7923350085173706,2.4419807278612553,0.6496457193438847,0.23245831220684296,0.0173318034963931,0.0,0
44691,50,3,1.7923350085173706,2.7053432847007612,0.9130082761833906,0.22748928563564436,0.012362776925194496,0.0,0
44691,51,1,1.9691323285592717,2.4576384813297674,0.4885061527704957,0.19769509754073716,0.0,0.0,0
44691,51,2,1.9691323285592717,2.5791162128897476,0.6099838843304759,0.19882506322225876,0.0011299656815215997,0.0,0
44691,51,3,1.9691323285592717,2.7645058307335573,0.7953735021742856,0.2052213645633915,0.007526267022654326,0.0,0
44691,52,1,1.077231035301919,2.071224543305772,0.9939935080038529,0.1382884330009024,0.023391554664489042,0.0,0
44691,52,2,1.077231035301919,1.8420431769203476,0.7648121416184286,0.11489687833641336,0.0,0.0,0
44691,52,3,1.077231035301919,1.92084815285093,0.843617117549011,0.11795401652393818,0.003057138187524816,0.0,0
44691,53,1,24.99301067282969,25.199152540071672,0.2061418672419819,0.23752947861894783,0.0043252617421634665,0.0,0
44691,53,2,24.99301067282969,25.15300096539346,0.1599902925637693,0.23320421687678436,0.0,0.0,0
44691,53,3,24.99301067282969,25.07389985261935,0.08088917978965782,0.2358548854753842,0.0026506685985998313,0.0,0
44691,54,1,24.88148780562218,25.09476721935406,0.21327941373188253,0.22401731033427752,0.004423833917223563,0.0,0
44691,54,2,24.88148780562218,25.0397511088507,0.158263303228523,0.21959347641705396,0.0,0.0,0
44691,54,3,24.88148780562218,24.978288883560587,0.09680107793840875,0.22070017602269001,0.0011066996056360578,0.0,0
44691,55,1,24.79416164927058,25.002519868124235,0.2083582188536539,0.20594953152666912,0.012573010012969704,0.0,0
44691,55,2,24.79416164927058,24.9464667349465,0.15230508567591983,0.1933765215136994,0.0,0.0,0
44691,55,3,24.79416164927058,24.901492588397755,0.10733093912717351,0.1937542294473364,0.0003777079336369782,0.0,0
44691,56,1,24.72930474792879,24.851172596281977,0.12186784835318676,0.09682470164579805,0.0,0.0,0
44691,56,2,24.72930474792879,24.82261505171592,0.09331030378713123,0.11387860548446475,0.0170539038386667,0.0,0
44691,56,3,24.72930474792879,24.840518572674316,0.11121382474552632,0.1114540673555658,0.01462936570976775,0.0,0
44691,57,1,1.1151420893911397,2.1321258987284355,1.0169838093372958,0.1332506704876833,0.0,0.0,0
44691,57,2,1.1151420893911397,2.3298375986549154,1.2146955092637757,0.15199803568029513,0.01874736519261183,0.0,0
44691,57,3,1.1151420893911397,2.490173899582681,1.3750318101915415,0.16290688292403765,0.029656212436354357,0.0,0
44691,58,1,1.4760090363765621,2.0715640417515693,0.5955550053750072,0.14845235747790747,0.012196145155794758,0.0,0
44691,58,2,1.4760090363765621,1.9773155963597628,0.5013065599832007,0.1362562123221127,0.0,0.0,0
44691,58,3,1.4760090363765621,2.073358674894969,0.597349638518407,0.13962162072519546,0.003365408403082748,0.0,0
44691,59,1,2.2176391435076797,2.6177290843652377,0.400089940857558,0.10835332515448132,0.00828122287218648,0.0,0
44691,59,2,2.2176391435076797,2.65617500853529,0.4385358650276103,0.10199954968246985,0.001927447400175017,0.0,0
44691,59,3,2.2176391435076797,2.663384354890489,0.44574521138280954,0.10007210228229484,0.0,0.0,0
44691,60,1,3.095766408581943,3.7877935883513087,0.6920271797693656,0.2245677088826451,0.0,0.05925648578906889,1
44691,60,2,3.095766408581943,3.601218391880367,0.5054519832984239,0.23340522763355295,0.008837518750907852,0.0,0
44691,60,3,3.095766408581943,3.9259307558202847,0.8301643472383415,0.23822744926267042,0.01365974038002532,0.0,0
44691,61,1,2.0401686509964785,2.3760445628073477,0.3358759118108692,0.19222943625184347,0.0,0.05925648578906895,1
44691,61,2,2.0401686509964785,2.4340181026661147,0.39384945166963625,0.19894302173518882,0.006713585483345358,0.0,0
44691,61,3,2.0401686509964785,2.5438895519007043,0.5037209009042258,0.2073962179570309,0.015166781705187427,0.0,0
44691,62,1,2.0472519766594406,2.723853567938427,0.6766015912789864,0.13005025470105142,0.005413702447044436,0.05925648578906893,1
44691,62,2,2.0472519766594406,2.597023447040949,0.5497714703815082,0.12463655225400698,0.0,0.0,0
44691,62,3,2.0472519766594406,2.437061665296576,0.3898096886371354,0.13382739192590803,0.009190839671901055,0.0,0
44691,63,1,11.449979841251977,11.741888565593026,0.29190872434104875,0.08330606100168686,0.0,0.005358820810180798,1
44691,63,2,11.449979841251977,11.75516377880486,0.30518393755288287,0.08832176617444176,0.005015705172754903,0.0,0
44691,63,3,11.449979841251977,11.601382279920696,0.15140243866871828,0.08637394405025378,0.0030678830485669217,0.0,0
44691,64,1,16.480276187508856,16.70696079628031,0.22668460877145336,0.22201718533364673,0.0,0.0,0
44691,64,2,16.480276187508856,16.72618353585137,0.24590734834251293,0.24340220665757084,0.021385021323924114,0.03195473701555329,1
44691,64,3,16.480276187508856,16.81287913391963,0.33260294641077337,0.2455782300259767,0.023561044692329974,0.04061409902659509,1
44691,65,1,13.103047126366798,14.828757428563904,1.7257103021971059,0.2824192341655663,0.08994549318306741,0.0,0
44691,65,2,13.103047126366798,13.565638018325837,0.4625908919590387,0.1924737409824989,0.0,0.008659362011041803,1
44691,65,3,13.103047126366798,13.499845326309583,0.39679819994278454,0.2087993688078107,0.0163256278253118,0.008659362011041803,1
44691,66,1,12.761283800449174,13.050225291117474,0.2889414906683001,0.22197939239003514,0.0,0.0,0
44691,66,2,12.761283800449174,13.058465905247004,0.29718210479783025,0.24913517068865956,0.027155778298624422,0.045060840185684986,1
44691,66,3,12.761283800449174,13.356369012245,0.5950852117958263,0.2883373845189719,0.06635799212893675,0.05853511702103814,1
44691,67,1,12.989069479746414,13.48086103094641,0.49179155119999685,0.2855082552788691,0.008709941799503684,0.0,0
44691,67,2,12.989069479746414,13.503232811536702,0.5141633317902876,0.2767983134793654,0.0,0.013474276835353162,1
44691,67,3,12.989069479746414,13.682250755026885,0.6931812752804714,0.3172509939798502,0.04045268050048478,0.013474276835353162,1
44692,0,1,1.610370163077636,3.4044288846018076,1.7940587215241717,0.0785324353252054,0.004985888602704394,0.0,0
44692,0,2,1.610370163077636,2.7556234109572912,1.1452532478796553,0.07464492841592346,0.0010983816934224538,0.0,0
44692,0,3,1.610370163077636,3.087578793676354,1.4772086305987182,0.07354654672250101,0.0,0.0,0
44692,1,1,1.8522724304295377,2.048669446115874,0.19639701568633616,0.16460371513047267,0.0,0.05763507481854667,1
44692,1,2,1.8522724304295377,2.0400889385376653,0.18781650810812756,0.18832349303282186,0.023719777902349193,0.0,0
44692,1,3,1.8522724304295377,2.2074702403469164,0.3551978099173787,0.2077373911616714,0.04313367603119872,0.0,0
44692,2,1,1.464770705454285,1.7021466824172435,0.23737597696295865,0.18838846909942833,0.0,0.0,0
44692,2,2,1.464770705454285,1.9548344952459247,0.4900637897916398,0.19723411311731123,0.008845644017882903,0.0,0
44692,2,3,1.464770705454285,1.8852668430905646,0.4204961376362797,0.20023658247323486,0.011848113373806535,0.0,0
44692,3,1,1.7305220416919926,2.1054418724227117,0.3749198307307191,0.14678250200457474,0.0,0.0,0
44692,3,2,1.7305220416919926,2.2561458194649067,0.525623777772914,0.16585138440390024,0.0190688823993255,0.0,0
44692,3,3,1.7305220416919926,2.200210206204328,0.4696881645123354,0.17095815473764664,0.0241756527330719,0.0,0
44692,4,1,1.4983233786565258,3.546716708424418,2.0483933297678925,0.0965478765718176,0.022552472868162574,0.0,0
44692,4,2,1.4983233786565258,3.306635102501373,1.8083117238448474,0.07399540370365502,0.0,0.0,0
44692,4,3,1.4983233786565258,2.8168228259376966,1.3184994472811709,0.07728995239225991,0.0032945486886048897,0.0,0
44692,5,1,1.5080611814950218,1.8966649604692207,0.38860377897419895,0.12380178615729268,0.0,0.08487994948650635,1
44692,5,2,1.5080611814950218,1.9712436260036725,0.46318244450865076,0.14129417269398825,0.017492386536695576,0.04846213340036365,1
44692,5,3,1.5080611814950218,2.0165349751935944,0.5084737936985726,0.1504073039219171,0.026605517764624415,0.0,0
44692,6,1,2.279241805905257,2.6751985309487996,0.3959567250435425,0.1352665447831888,0.0,0.08487994948650632,1
44692,6,2,2.279241805905257,2.8468457044135103,0.5676038985082532,0.1728242603254897,0.03755771554230089,0.04846213340036368,1
44692,6,3,2.279241805905257,2.7925539695937402,0.5133121636884832,0.17674556888766318,0.04147902410447438,0.0,0
44692,7,1,1.484243180132122,1.845562129277456,0.3613189491453339,0.18690108845801112,0.0,0.0,0
44692,7,2,1.484243180132122,1.9968542623964347,0.5126110822643126,0.2173166241472003,0.03041553568918917,0.0,0
44692,7,3,1.484243180132122,1.8894760691394539,0.4052328890073318,0.22040814086768884,0.03350705240967772,0.0,0
44692,8,1,1.2073796516947417,1.5362604083613391,0.32888075666659744,0.18176814725633247,0.0,0.0,0
44692,8,2,1.2073796516947417,1.7475389633981524,0.5401593117034107,0.18306214825416794,0.0012940009978354705,0.0,0
44692,8,3,1.2073796516947417,1.626671745651248,0.41929209395650635,0.19015031498699742,0.008382167730664941,0.0,0
44692,9,1,1.4842594420878983,1.9284962358094464,0.4442367937215481,0.11082125279756931,0.0,0.0,0
44692,9,2,1.4842594420878983,2.298305534846951,0.8140460927590529,0.15578113898905022,0.044959886191480905,0.0,0
44692,9,3,1.4842594420878983,2.081899825316822,0.5976403832289237,0.15656246094939097,0.04574120815182166,0.0,0
44692,10,1,0.9126966254271783,1.5817509913163885,0.6690543658892102,0.13079794635661673,0.0,0.10095670015678176,1
44692,10,2,0.9126966254271783,1.669424952936638,0.7567283275094597,0.13940560352487025,0.008607657168253513,0.0,0
44692,10,3,0.9126966254271783,1.737705295127844,0.8250086697006657,0.144523649633805,0.013725703277188278,0.0,0
44692,11,1,1.2408937094575434,1.715693319739986,0.47479961028244255,0.10376864162612874,0.0,0.10095670015678175,1
44692,11,2,1.2408937094575434,1.956293183948422,0.7153994744908787,0.1396382013556529,0.03586955972952417,0.0,0
44692,11,3,1.2408937094575434,1.9683962225798353,0.7275025131222919,0.14187456924932795,0.03810592762319921,0.0,0
44692,12,1,2.378379241549852,3.564286899423089,1.185907657873237,0.11104007090750917,0.02442818823344209,0.10095670015678176,1
44692,12,2,2.378379241549852,3.3807128836892866,1.0023336421394347,0.08661188267406708,0.0,0.0,0
44692,12,3,2.378379241549852,3.261834779924059,0.8834555383742071,0.0872659691916355,0.0006540865175684168,0.0,0
44692,13,1,1.583430828779626,1.7374052929278947,0.15397446414826876,0.20593425490461711,0.0,0.04002633248465154,1
44692,13,2,1.583430828779626,2.0691024294596345,0.4856716006800086,0.2202628304077137,0.014328575503096574,0.0,0
44692,13,3,1.583430828779626,1.7809667284300708,0.19753589965044482,0.22040432327290316,0.014470068368286043,0.0,0
44692,14,1,1.686698218238482,1.9189540153544435,0.23225579711596156,0.1972134094383699,0.0,0.04002633248465157,1
44692,14,2,1.686698218238482,2.327970609381212,0.6412723911427298,0.21929393199465572,0.022080522556285814,0.0,0
44692,14,3,1.686698218238482,2.2272820252363768,0.5405838069978948,0.21536007662746967,0.01814666718909977,0.0,0
44692,15,1,2.359578496629173,2.7005394934859064,0.34096099685673353,0.10544927545805362,0.0,0.04002633248465155,1
44692,15,2,2.359578496629173,2.821170859724533,0.46159236309536,0.14216351531869825,0.036714239860644635,0.0,0
44692,15,3,2.359578496629173,2.7601198182743727,0.40054132164519984,0.14578461233102352,0.040335336872969904,0.0,0
44692,16,1,1.6148406245038553,1.71306251831417,0.09822189381031454,0.19180136670755876,0.0,0.0,0
44692,16,2,1.6148406245038553,2.213088752237346,0.5982481277334908,0.2266304062489348,0.03482903954137603,0.0,0
44692,16,3,1.6148406245038553,2.1340883310036163,0.5192477064997609,0.22547576845230585,0.03367440174474709,0.0,0
44692,17,1,1.3560393483086386,1.6508878642189189,0.2948485159102803,0.18378915433814882,0.0,0.0,0
44692,17,2,1.3560393483086386,1.8188412864569738,0.46280193814833526,0.18844361011277283,0.004654455774624006,0.0,0
44692,17,3,1.3560393483086386,1.688485026679676,0.33244567837103745,0.19260285409398037,0.008813699755831544,0.0,0
44692,18,1,1.7747709567694918,2.11241684739823,0.33764589062873807,0.10417019561425295,0.0,0.0,0
44692,18,2,1.7747709567694918,2.2432479405428927,0.46847698377340086,0.14423148644924041,0.04006129083498747,0.0,0
44692,18,3,1.7747709567694918,2.2221874334290397,0.44741647665954787,0.1426609279460475,0.038490732331794564,0.0,0
44692,19,1,2.6984669744838437,2.9395084445831516,0.241041470099308,0.20098266896697536,0.0,0.0773868849432677,1
44692,19,2,2.6984669744838437,3.0435913565665795,0.3451243820827359,0.23263501309300003,0.03165234412602466,0.0,0
44692,19,3,2.6984669744838437,3.095639293797035,0.3971723193131913,0.24005171656708238,0.039069047600107015,0.0,0
44692,20,1,1.4613589663088427,1.6326428322664703,0.17128386595762768,0.19455721652430158,0.0,0.0773868849432677,1
44692,20,2,1.4613589663088427,1.8321599484145525,0.3708009821057099,0.21140456561755833,0.016847349093256747,0.0,0
44692,20,3,1.4613589663088427,1.7185034707356703,0.2571445044268277,0.22144018907050772,0.02688297254620614,0.0,0
44692,21,1,1.8259474027461284,2.4242718372263177,0.5983244344801892,0.14522033726764755,0.0,0.0773868849432677,1
44692,21,2,1.8259474027461284,2.729971906122575,0.9040245033764467,0.14525402741683657,3.369014918902513e-05,0.0,0
44692,21,3,1.8259474027461284,2.689690598650113,0.8637431959039847,0.14661015825271262,0.0013898209850650711,0.0,0
44692,22,1,2.3596666474928507,2.6222077890541606,0.2625411415613099,0.22031325161192677,0.0,0.0,0
44692,22,2,2.3596666474928507,2.9460887356330576,0.5864220881402069,0.22935894187348582,0.009045690261559047,0.0,0
44692,22,3,2.3596666474928507,2.912577651989567,0.5529110044967163,0.22897345492405088,0.00866020331212411,0.0,0
44692,23,1,1.6164541165393451,1.9410790434951273,0.32462492695578216,0.20484459339698055,0.0,0.0,0
44692,23,2,1.6164541165393451,2.182555870265363,0.566101753726018,0.23636032720013284,0.031515733803152285,0.0,0
44692,23,3,1.6164541165393451,2.072516115177289,0.4560619986379437,0.24223223274102934,0.03738763934404879,0.0,0
44692,24,1,1.6692615915752558,1.9128105231731687,0.2435489315979129,0.19101426618433562,0.0,0.09093035277261768,1
44692,24,2,1.6692615915752558,2.196728211783109,0.5274666202078533,0.23342528234592533,0.04241101616158971,0.0,0
44692,24,3,1.6692615915752558,1.9665335941366116,0.2972720025613558,0.23463614377593112,0.0436218775915955,0.0,0
44692,25,1,1.7926480707099395,2.064837334394322,0.27218926368438234,0.18542340880044011,0.0,0.09093035277261771,1
44692,25,2,1.7926480707099395,2.201570747837418,0.40892267712747854,0.1976576985904909,0.012234289790050784,0.0,0
44692,25,3,1.7926480707099395,2.1643335497759715,0.371685479066032,0.20288581890505905,0.017462410104618936,0.0,0
44692,26,1,2.2462355515070214,2.4976714415969887,0.25143589008996736,0.10863688856239287,0.0,0.09093035277261771,1
44692,26,2,2.2462355515070214,2.655724728584662,0.40948917707764076,0.13819038992266638,0.029553501360273515,0.0,0
44692,26,3,2.2462355515070214,2.635674890847742,0.3894393393407207,0.14364500406418823,0.03500811550179536,0.0,0
44692,27,1,2.699133265542804,3.4693140335571693,0.7701807680143653,0.17172214130920116,0.0,0.04123648295953235,1
44692,27,2,2.699133265542804,3.375069801619582,0.6759365360767782,0.2153213895284108,0.04359924821920963,0.0,0
44692,27,3,2.699133265542804,4.811338840996794,2.11220557545399,0.2669706634067049,0.09524852209750373,0.0,0
44692,28,1,1.9281069924893175,2.3208099696095337,0.3927029771202162,0.18590258905075688,0.0,0.0,0
44692,28,2,1.9281069924893175,2.442524529483497,0.5144175369941797,0.2167957572865036,0.030893168235746726,0.0,0
44692,28,3,1.9281069924893175,3.2550324676472995,1.326925475157982,0.2617233925332686,0.07582080348251172,0.0,0
44692,29,1,2.6532311834856457,2.87282225487168,0.2195910713860343,0.2134897922352581,0.0,0.0,0
44692,29,2,2.6532311834856457,3.190440302940999,0.5372091194553534,0.23792862218798785,0.02443882995272975,0.0,0
44692,29,3,2.6532311834856457,3.148573126438984,0.49534194295333833,0.23589231454275275,0.02240252230749465,0.0,0
44692,30,1,2.7337356370508417,3.117810907626264,0.38407527057542223,0.13110387149002678,0.0,0.0,0
44692,30,2,2.7337356370508417,3.3222849700221837,0.588549332971342,0.1439643685534368,0.012860497063410026,0.0,0
44692,30,3,2.7337356370508417,3.2825665417497434,0.5488309046989017,0.1435444112633787,0.01244053977335191,0.0,0
44692,31,1,1.813959470512937,1.9441918013527673,0.13023233083983032,0.1997215178362769,0.0,0.0,0
44692,31,2,1.813959470512937,2.2592094949700323,0.4452500244570954,0.2296636790093233,0.029942161173046405,0.0,0
44692,31,3,1.813959470512937,2.122125245077875,0.308165774564938,0.23041002096892854,0.030688503132651646,0.0,0
44692,32,1,2.6071158597304778,2.715336803187949,0.10822094345747102,0.12772469395635164,0.0,0.0,0
44692,32,2,2.6071158597304778,2.955985879129172,0.34887001939869444,0.14271943947940807,0.014994745523056435,0.0,0
44692,32,3,2.6071158597304778,2.976337529350834,0.3692216696203561,0.14222986457437237,0.01450517061802073,0.0,0
44692,33,1,18.514376050568586,18.569382627381778,0.05500657681319154,0.20587122159802135,0.0,0.0,0
44692,33,2,18.514376050568586,18.589387173277085,0.0750111227084993,0.23034366786466848,0.02447244626664713,0.0,0
44692,33,3,18.514376050568586,18.591687898774307,0.07731184820572068,0.2307287203656899,0.024857498767668545,0.0,0
44692,34,1,18.499945072669,18.574777674647322,0.07483260197832209,0.1721257397979265,0.0,0.0,0
44692,34,2,18.499945072669,18.61973782038369,0.1197927477146905,0.17606208972325874,0.003936349925332233,0.0,0
44692,34,3,18.499945072669,18.608372894480482,0.1084278218114818,0.1766388290608462,0.004513089262919684,0.0,0
44692,35,1,18.488862051129175,18.644195919005707,0.15533386787653214,0.08988431761817144,0.0,0.0,0
44692,35,2,18.488862051129175,18.673249086820384,0.18438703569120918,0.14141692835635403,0.05153261073818259,0.0,0
44692,35,3,18.488862051129175,18.647931464922316,0.15906941379314077,0.13615071381861588,0.04626639620044444,0.0,0
44692,36,1,1.355618753205483,1.6044365131096172,0.24881775990413413,0.14932635300399302,0.0,0.09778659807434215,1
44692,36,2,1.355618753205483,1.733142811677818,0.37752405847233494,0.1682645037175909,0.01893815071359789,0.0,0
44692,36,3,1.355618753205483,1.742463237507898,0.386844484302415,0.17026338722407877,0.02093703422008575,0.0,0
44692,37,1,1.9435596589503485,2.056375262145012,0.11281560319466344,0.14663267805295296,0.0,0.09778659807434215,1
44692,37,2,1.9435596589503485,2.4090316039121498,0.4654719449618012,0.18197456729048608,0.03534188923753312,0.0,0
44692,37,3,1.9435596589503485,2.3197966881692436,0.376237029218895,0.18015542306931026,0.0335227450163573,0.0,0
44692,38,1,2.0774340694118782,3.0808646153086245,1.0034305458967463,0.12637780902723106,0.02486099639969687,0.09778659807434215,1
44692,38,2,2.0774340694118782,2.6249736779303032,0.547539608518425,0.10676003828317426,0.005243225655640074,0.0,0
44692,38,3,2.0774340694118782,2.973625164419712,0.8961910950078336,0.10151681262753419,0.0,0.0,0
44692,39,1,1.0151685617961566,1.6515455608960559,0.6363769990998993,0.12485281206233866,0.0,0.025050988850945255,1
44692,39,2,1.0151685617961566,1.7787669996368725,0.7635984378407159,0.1468990331343044,0.022046221071965758,0.0,0
44692,39,3,1.0151685617961566,1.780391189588029,0.7652226277918726,0.1537343232596732,0.02888151119733455,0.0,0
44692,40,1,1.874495501510172,2.0826906012245114,0.20819509971433936,0.12054524532839765,0.0,0.025050988850945255,1
44692,40,2,1.874495501510172,2.2470573141157617,0.3725618126055896,0.1607000784427725,0.04015483311437486,0.0,0
44692,40,3,1.874495501510172,2.258895709000668,0.38440020749049575,0.1632956437239396,0.04275039839554194,0.0,0
44692,41,1,2.7201711029385534,3.1023616756642425,0.3821905727256891,0.11619810911612628,0.019060274038068814,0.02505098885094527,1
44692,41,2,2.7201711029385534,3.1381443691891744,0.41797326625062103,0.09832931016910357,0.0011914750910460986,0.0,0
44692,41,3,2.7201711029385534,3.1698484458755933,0.44967734293704,0.09713783507805747,0.0,0.0,0
44692,42,1,1.26969176865538,2.133481044034764,0.8637892753793841,0.19947311763319042,0.0048104725892213485,0.0,0
44692,42,2,1.26969176865538,1.9657336843874762,0.6960419157320963,0.19466264504396907,0.0,0.0,0
44692,42,3,1.26969176865538,1.5800253988667718,0.31033363021139193,0.2031635214288968,0.008500876384927719,0.0,0
44692,43,1,1.6285671231934562,1.9097529484836109,0.2811858252901547,0.1270794529960471,0.0,0.0,0
44692,43,2,1.6285671231934562,2.105368912862247,0.47680178966879083,0.13140116078600916,0.004321707789962076,0.0,0
44692,43,3,1.6285671231934562,1.98380460115178,0.35523747795832383,0.13761234848833104,0.01053289549228395,0.0,0
44692,44,1,2.4598272780453425,3.775999340565773,1.3161720625204305,0.10803993011454163,0.007002986548265561,0.0,0
44692,44,2,2.4598272780453425,3.5052980763632164,1.045470798317874,0.10139246423346739,0.00035552066719131414,0.0,0
44692,44,3,2.4598272780453425,3.7267360673367294,1.2669087892913868,0.10103694356627607,0.0,0.0,0
44692,45,1,1.4205201701969081,1.665413975409032,0.2448938052121239,0.18107221904545412,0.0,0.0,0
44692,45,2,1.4205201701969081,1.8724154050098885,0.45189523481298033,0.187145569515669,0.006073350470214872,0.0,0
44692,45,3,1.4205201701969081,1.8323213565052903,0.41180118630838214,0.19159253812387106,0.01052031907841694,0.0,0
44692,46,1,1.3393687117924795,1.5918454287792732,0.25247671698679364,0.1165685390988846,0.0,0.0,0
44692,46,2,1.3393687117924795,1.8583239470049855,0.518955235212506,0.12795339424137342,0.011384855142488826,0.0,0
44692,46,3,1.3393687117924795,1.8206071629883525,0.48123845119587294,0.13237771832199854,0.01580917922311395,0.0,0
44692,47,1,1.8549503609785283,2.2924897350659013,0.437539374087373,0.07539867169884949,0.0,0.0,0
44692,47,2,1.8549503609785283,2.456644995565351,0.6016946345868226,0.07753834870183053,0.0021396770029810386,0.0,0
44692,47,3,1.8549503609785283,2.5090202696466526,0.6540699086681243,0.07815100407354932,0.002752332374699823,0.0,0
44692,48,1,1.8384226203346745,2.0146095450677795,0.17618692473310493,0.18813984861063926,0.0,0.0,0
44692,48,2,1.8384226203346745,2.236729565765197,0.39830694543052236,0.22150861045148548,0.03336876184084622,0.0,0
44692,48,3,1.8384226203346745,2.0707854270020167,0.23236280666734221,0.22334907662898731,0.035209228018348054,0.0,0
44692,49,1,1.882395669472574,2.0390048569632464,0.15660918749067232,0.18134844062946304,0.0,0.0,0
44692,49,2,1.882395669472574,2.2350466614934295,0.35265099202085537,0.19635203442452231,0.015003593795059278,0.0,0
44692,49,3,1.882395669472574,2.144375079221939,0.26197940974936484,0.19968255446214586,0.018334113832682825,0.0,0
44692,50,1,1.2135829483652163,1.590236600553724,0.37665365218850777,0.10667737832435392,0.0,0.0,0
44692,50,2,1.2135829483652163,1.886521564240838,0.6729386158756216,0.14358951967989161,0.03691214135553769,0.0,0
44692,50,3,1.2135829483652163,1.8157249727067786,0.6021420243415623,0.14575300407896544,0.039075625754611515,0.0,0
44692,51,1,25.106153795797347,25.186083131821285,0.07992933602393748,0.2328194486392794,0.0,0.0,0
44692,51,2,25.106153795797347,25.199257507350527,0.09310371155318009,0.23993545348133732,0.0071160048420579325,0.0,0
44692,51,3,25.106153795797347,25.189504138658368,0.08335034286102072,0.24193148775182186,0.009112039112542464,0.0,0
44692,52,1,25.016186546290818,25.05314604666815,0.03695950037733198,0.19047440842095478,0.0,0.0,0
44692,52,2,25.016186546290818,25.067046940816507,0.05086039452568869,0.2088617779265047,0.018387369505549922,0.0,0
44692,52,3,25.016186546290818,25.061380031511426,0.045193485220607954,0.21155690343114486,0.021082495010190078,0.0,0
44692,53,1,24.87638018364546,24.935550896818818,0.059170713173358536,0.19754419933599118,0.0,0.0,0
44692,53,2,24.87638018364546,24.986487092834786,0.11010690918932653,0.20106040598395863,0.0035162066479674514,0.0,0
44692,53,3,24.87638018364546,24.956905887677777,0.0805257040323184,0.20483297951823332,0.007288780182242133,0.0,0
44692,54,1,24.812963854897152,24.943730047558457,0.13076619266130507,0.08146561743204064,0.0,0.0,0
44692,54,2,24.812963854897152,24.96602989118967,0.15306603629251825,0.13523910193612002,0.05377348450407937,0.0,0
44692,54,3,24.812963854897152,24.93916561955998,0.1262017646628273,0.12963375236361754,0.0481681349315769,0.0,0
44692,55,1,0.9967718465913485,1.5562152725038911,0.5594434259125426,0.12365200904907617,0.0,0.0,0
44692,55,2,0.9967718465913485,1.651047032334159,0.6542751857428105,0.1474854406025328,0.02383343155345663,0.0,0
44692,55,3,0.9967718465913485,1.671738245181126,0.6749663985897775,0.15379751754112336,0.030145508492047196,0.0,0
44692,56,1,1.3551572225719286,1.8377910621186366,0.482633839546708,0.10888319501506001,0.0,0.0,0
44692,56,2,1.3551572225719286,2.2013371447532806,0.846179922181352,0.15393680380638597,0.04505360879132596,0.0,0
44692,56,3,1.3551572225719286,2.0628930854969254,0.7077358629249968,0.15734577697607013,0.04846258196101012,0.0,0
44692,57,1,2.2083991226945643,3.316371794218285,1.1079726715237208,0.1106646977247506,0.01255023811314282,0.0,0
44692,57,2,2.2083991226945643,3.1955502239896645,0.9871511012951002,0.09967427755235138,0.0015598179407435991,0.0,0
44692,57,3,2.2083991226945643,3.3363559684344137,1.1279568457398494,0.09811445961160778,0.0,0.0,0
44692,58,1,3.2812969378676784,3.557003287088424,0.27570634922074566,0.20135228504107472,0.0,0.060377585442806,1
44692,58,2,3.2812969378676784,3.673393318396401,0.39209638052872275,0.23282179307337392,0.0314695080322992,0.0,0
44692,58,3,3.2812969378676784,3.6990628753738277,0.4177659375061493,0.2386190225842398,0.03726673754316509,0.0,0
44692,59,1,1.8345667731079023,2.0664846154005003,0.23191784229259804,0.16327959379464427,0.0,0.06037758544280601,1
44692,59,2,1.8345667731079023,2.1892015723147447,0.3546347992068424,0.19422575245853502,0.03094615866389075,0.0,0
44692,59,3,1.8345667731079023,2.149934270099192,0.31536749699128963,0.20634353373340508,0.043063939938760815,0.0,0
44692,60,1,2.0545760102651425,3.082472597923371,1.0278965876582284,0.13620126777716157,0.003803992732773376,0.06037758544280602,1
44692,60,2,2.0545760102651425,2.8347727006156895,0.7801966903505471,0.1323972750443882,0.0,0.0,0
44692,60,3,2.0545760102651425,2.910641710936095,0.8560657006709524,0.1433152289978446,0.010917953953456405,0.0,0
44692,61,1,1.1779083157554582,1.4428016496066332,0.264893333851175,0.19551327884114508,0.0,0.0706724451838262,1
44692,61,2,1.1779083157554582,1.4909327530866947,0.3130244373312365,0.20187171370430423,0.006358434863159151,0.0,0
44692,61,3,1.1779083157554582,1.4367756568377597,0.25886734108230147,0.21076890953000788,0.015255630688862792,0.0,0
44692,62,1,1.079198904248777,1.5213369157424708,0.4421380114936937,0.12682748823935996,0.0,0.07067244518382615,1
44692,62,2,1.079198904248777,1.826119044969395,0.7469201407206179,0.12923007353706992,0.0024025852977099527,0.0,0
44692,62,3,1.079198904248777,1.8194285334366718,0.7402296291878947,0.13260334615063493,0.0057758579112749675,0.0,0
44692,63,1,2.174052166439502,2.980664751822093,0.8066125853825912,0.10690070703739007,0.009236651739739907,0.07067244518382618,1
44692,63,2,2.174052166439502,2.7119451781840986,0.5378930117445968,0.0980690741281565,0.00040501883050633736,0.0,0
44692,63,3,2.174052166439502,2.9913199498201726,0.8172677833806707,0.09766405529765017,0.0,0.0,0
44692,64,1,11.592960319324586,11.798909889759278,0.20594957043469186,0.0812387480527135,0.0,0.00521394987786785,1
44692,64,2,11.592960319324586,11.780286433000304,0.18732611367571828,0.09196173109668634,0.010722983043972845,0.0,0
44692,64,3,11.592960319324586,11.803641575452588,0.2106812561280016,0.09090482205239447,0.009666073999680974,0.0,0
44692,65,1,16.753044464064892,16.886793244035893,0.13374877997100043,0.2024513747677908,0.0,0.0,0
44692,65,2,16.753044464064892,16.93238929044385,0.17934482637895854,0.22860021590206567,0.026148841134274875,0.03191129435004085,1
44692,65,3,16.753044464064892,16.937711069451076,0.18466660538618385,0.23246252005865695,0.030011145290866154,0.04014613928492808,1
44692,66,1,13.364194045974642,14.02076379142407,0.6565697454494277,0.266896544841409,0.009186914162692461,0.0,0
44692,66,2,13.364194045974642,13.897213744727129,0.5330196987524864,0.25770963067871655,0.0,0.008234844934887235,1
44692,66,3,13.364194045974642,13.728851725344589,0.3646576793699463,0.2669181871157236,0.009208556437007076,0.008234844934887235,1
44692,67,1,12.959299848445244,13.151007840567303,0.19170799212205836,0.20647538873622004,0.0,0.0,0
44692,67,2,12.959299848445244,13.208677545584175,0.24937769713893054,0.23361864635892635,0.027143257622706307,0.04516954519871928,1
44692,67,3,12.959299848445244,13.236454379525355,0.2771545310801109,0.24905455710159027,0.042579168365370235,0.05826524796097515,1
44692,68,1,13.265600752122603,13.788942622462617,0.5233418703400137,0.27512633944368864,0.005699674864685589,0.0,0
44692,68,2,13.265600752122603,13.862421553317436,0.5968208011948324,0.26942666457900305,0.0,0.01309570276225588,1
44692,68,3,13.265600752122603,13.700894050400056,0.4352932982774522,0.29044069675564843,0.02101403217664538,0.01309570276225588,1
44693,0,1,1.5758606306227656,3.2286217355158784,1.6527611048931128,0.09462616151331578,0.004328525678830186,0.0,0
44693,0,2,1.5758606306227656,2.4062611982110518,0.8304005675882862,0.09124521020831554,0.0009475743738299458,0.0,0
44693,0,3,1.5758606306227656,2.8082926561377755,1.2324320255150099,0.09029763583448559,0.0,0.0,0
44693,1,1,1.800853481666174,1.924491589443909,0.12363810777773487,0.1572394882517819,0.0,0.0568600355417566,1
44693,1,2,1.800853481666174,1.9375786305869827,0.13672514892080856,0.1796768448234293,0.022437356571647388,0.0,0
44693,1,3,1.800853481666174,2.132131070642809,0.33127758897663506,0.21147996896542298,0.05424048071364107,0.0,0
44693,2,1,1.373718329989623,2.026117039975579,0.6523987099859561,0.17329812160972885,4.427303843926311e-05,0.0,0
44693,2,2,1.373718329989623,2.3021075128322113,0.9283891828425883,0.1732538485712896,0.0,0.0,0
44693,2,3,1.373718329989623,1.7059068412967915,0.33218851130716853,0.21075217722782355,0.037498328656533964,0.0,0
44693,3,1,1.5630575983335682,1.9877505565190763,0.4246929581855081,0.12566812537281413,0.0,0.0,0
44693,3,2,1.5630575983335682,1.9733294793589586,0.4102718810253905,0.1585281709418559,0.03286004556904176,0.0,0
44693,3,3,1.5630575983335682,2.288837240478407,0.7257796421448388,0.19161631404456994,0.06594818867175581,0.0,0
44693,4,1,1.4684884637437583,2.2041371907742966,0.7356487270305383,0.0957602926607153,0.0034560291413464755,0.0,0
44693,4,2,1.4684884637437583,2.865972200504607,1.3974837367608486,0.09230426351936882,0.0,0.0,0
44693,4,3,1.4684884637437583,1.9575370790508946,0.4890486153071363,0.11361478488489923,0.02131052136553041,0.0,0
44693,5,1,1.3181715396869884,1.5435081116356302,0.22533657194864176,0.12423666490658318,0.0,0.0844136128872793,1
44693,5,2,1.3181715396869884,1.6672367074703491,0.3490651677833607,0.13739225096118315,0.013155586054599974,0.048070650465093956,1
44693,5,3,1.3181715396869884,1.8106143356469027,0.49244279595991425,0.14485775292400135,0.020621088017418174,0.0,0
44693,6,1,2.25474831577386,2.5229006116832022,0.2681522959093421,0.12379644903504759,0.0,0.0844136128872793,1
44693,6,2,2.25474831577386,2.945846615149506,0.6910982993756458,0.1533348403903329,0.029538391355285312,0.048070650465093956,1
44693,6,3,2.25474831577386,2.9266575126530205,0.6719091968791604,0.15289880381795745,0.02910235478290986,0.0,0
44693,7,1,1.4469548276042379,1.7029666229338212,0.2560117953295833,0.18920957087762777,0.0,0.0,0
44693,7,2,1.4469548276042379,1.9625814861417301,0.5156266585374922,0.23489822255477305,0.04568865167714528,0.0,0
44693,7,3,1.4469548276042379,2.0927911281376597,0.6458363005334218,0.24352285047624475,0.05431327959861698,0.0,0
44693,8,1,1.1176766562595748,1.2071872176155072,0.08951056135593238,0.15655020139708486,0.0,0.0,0
44693,8,2,1.1176766562595748,1.439849856484313,0.32217320022473817,0.16163687937592144,0.005086677978836579,0.0,0
44693,8,3,1.1176766562595748,1.378069778639864,0.2603931223802891,0.18572143600679888,0.02917123460971402,0.0,0
44693,9,1,1.4254193673230182,1.6278878377723303,0.20246847044931204,0.11278589203097975,0.0,0.0,0
44693,9,2,1.4254193673230182,2.1229751869777433,0.6975558196547251,0.14816648042978378,0.035380588398804036,0.0,0
44693,9,3,1.4254193673230182,2.0739456524870308,0.6485262851640126,0.1479287241270782,0.03514283209609845,0.0,0
44693,10,1,0.8607302742491758,1.189968522848197,0.3292382485990213,0.12519259041711456,0.0,0.10060245246867752,1
44693,10,2,0.8607302742491758,1.3561389705271918,0.495408696278016,0.13203925360731197,0.006846663190197416,0.0,0
44693,10,3,0.8607302742491758,1.6539362134132847,0.7932059391641089,0.13774139632563737,0.012548805908522809,0.0,0
44693,11,1,1.04048729815598,1.3233204229125441,0.2828331247565641,0.11366383781891752,0.0,0.10060245246867752,1
44693,11,2,1.04048729815598,1.775788923537752,0.7353016253817719,0.1350685773466047,0.02140473952768719,0.0,0
44693,11,3,1.04048729815598,1.7781466099614114,0.7376593118054313,0.13467614938378966,0.02101231156487214,0.0,0
44693,12,1,2.282548958629074,4.162191836479211,1.879642877850137,0.11095617793570775,0.022484850830849293,0.10060245246867752,1
44693,12,2,2.282548958629074,3.086014230833416,0.8034652722043418,0.08847132710485846,0.0,0.0,0
44693,12,3,2.282548958629074,3.6355267316796955,1.3529777730506214,0.09154399075115373,0.0030726636462952706,0.0,0
44693,13,1,1.4834146467515947,1.555323154828661,0.07190850807706628,0.17120265387905673,0.0,0.03974863236623111,1
44693,13,2,1.4834146467515947,1.931683092309403,0.4482684455578083,0.19267207001416228,0.021469416135105557,0.0,0
44693,13,3,1.4834146467515947,1.7597041302375398,0.27628948348594506,0.2005828775594219,0.029380223680365164,0.0,0
44693,14,1,1.637812895025418,1.756895754524479,0.11908285949906094,0.14606297177501498,0.0,0.03974863236623111,1
44693,14,2,1.637812895025418,1.9029493752539721,0.2651364802285541,0.1618109188478948,0.015747947072879825,0.0,0
44693,14,3,1.637812895025418,1.8503455438993601,0.21253264887394208,0.16726292172148385,0.02119994994646887,0.0,0
44693,15,1,2.4988024870269436,2.5486184117442923,0.049815924717348636,0.11972161320507121,0.0,0.03974863236623112,1
44693,15,2,2.4988024870269436,2.57758884051836,0.07878635349141616,0.13500267124156673,0.015281058036495515,0.0,0
44693,15,3,2.4988024870269436,2.7143704045364028,0.21556791750945914,0.14238137904336753,0.02265976583829632,0.0,0
44693,16,1,1.5695597958524103,1.7342442439267973,0.16468444807438698,0.19240815680578058,0.0,0.0,0
44693,16,2,1.5695597958524103,1.8984107835152357,0.3288509876628254,0.2416095317280743,0.049201374922293734,0.0,0
44693,16,3,1.5695597958524103,1.9624467703888828,0.3928869745364725,0.24608195885117562,0.05367380204539504,0.0,0
44693,17,1,1.2359072861809188,1.3365523028533812,0.1006450166724624,0.15674878253324262,0.0,0.0,0
44693,17,2,1.2359072861809188,1.4606616326782453,0.2247543464973265,0.16807012474364208,0.01132134221039946,0.0,0
44693,17,3,1.2359072861809188,1.4733900689683275,0.23748278278740864,0.18597594209893148,0.02922715956568886,0.0,0
44693,18,1,1.6743986972035543,1.7995317972146652,0.1251331000111109,0.11085069467620283,0.0,0.0,0
44693,18,2,1.6743986972035543,2.0697787417194187,0.3953800445158644,0.1350789157451711,0.024228221068968284,0.0,0
44693,18,3,1.6743986972035543,2.105401395872407,0.43100269866885266,0.12962774890348863,0.018777054227285803,0.0,0
44693,19,1,2.6997225041304214,3.0088655810457636,0.30914307691534226,0.1845970759571341,0.0,0.07705123672361153,1
44693,19,2,2.6997225041304214,3.4064587794538723,0.706736275323451,0.23569070665733077,0.05109363070019668,0.0,0
44693,19,3,2.6997225041304214,3.2375987106703947,0.5378762065399734,0.24325932528273478,0.058662249325600685,0.0,0
44693,20,1,1.311018382713486,1.4537812005044108,0.1427628177909248,0.18006409345288749,0.0,0.07705123672361153,1
44693,20,2,1.311018382713486,1.9327472271830957,0.6217288444696096,0.2043231200168552,0.024259026563967723,0.0,0
44693,20,3,1.311018382713486,1.5807952092775106,0.2697768265640246,0.21412590905504664,0.03406181560215915,0.0,0
44693,21,1,1.977021463001775,2.3180483108335874,0.34102684783181236,0.13189134729420485,0.0,0.07705123672361153,1
44693,21,2,1.977021463001775,2.610050338464429,0.6330288754626541,0.1324077132373997,0.0005163659431948464,0.0,0
44693,21,3,1.977021463001775,2.524958978029878,0.5479375150281027,0.13968650042610517,0.007795153131900323,0.0,0
44693,22,1,2.240707808404691,2.5098103094434294,0.26910250103873823,0.2116773137108272,0.0,0.0,0
44693,22,2,2.240707808404691,2.950168509546446,0.7094607011417549,0.22479452975444184,0.013117216043614627,0.0,0
44693,22,3,2.240707808404691,2.892018157251654,0.6513103488469629,0.22223241601691757,0.010555102306090358,0.0,0
44693,23,1,1.64004204373011,2.0860431853728763,0.4460011416427663,0.20543993532261834,0.0,0.0,0
44693,23,2,1.64004204373011,2.3851030913227835,0.7450610475926736,0.2432466436563181,0.03780670833369976,0.0,0
44693,23,3,1.64004204373011,2.1262029490729266,0.48616090534281664,0.25918325614765025,0.053743320825031915,0.0,0
44693,24,1,1.6171111738806705,1.862680915839043,0.24556974195837245,0.19715162278349424,0.0,0.09049760814942409,1
44693,24,2,1.6171111738806705,2.0835700284789977,0.46645885459832725,0.24412300082743846,0.04697137804394422,0.0,0
44693,24,3,1.6171111738806705,1.904417399204999,0.2873062253243286,0.24966361353628874,0.0525119907527945,0.0,0
44693,25,1,1.6617013548120219,1.765568354947208,0.10386700013518624,0.1565783915905124,0.0,0.09049760814942412,1
44693,25,2,1.6617013548120219,1.8577187142306961,0.19601735941867426,0.16898509473810375,0.012406703147591347,0.0,0
44693,25,3,1.6617013548120219,1.8452237770220319,0.18352242221001003,0.1848067195181315,0.02822832792761909,0.0,0
44693,26,1,2.28168596132341,2.4110765699719323,0.12939060864852214,0.11909326572650158,0.0,0.09049760814942412,1
44693,26,2,2.28168596132341,2.4250103081244516,0.14332434680104145,0.1304071430150336,0.011313877288532004,0.0,0
44693,26,3,2.28168596132341,2.547184757162857,0.2654987958394468,0.13820848396308685,0.01911521823658527,0.0,0
44693,27,1,2.7309498843060633,3.2015971942454264,0.4706473099393631,0.19441022668779934,0.0,0.04070814496804988,1
44693,27,2,2.7309498843060633,3.357245453770414,0.6262955694643506,0.23984241473415477,0.04543218804635543,0.0,0
44693,27,3,2.7309498843060633,3.979235124968837,1.2482852406627738,0.29912936475776947,0.10471913806997013,0.0,0
44693,28,1,1.9071020206015052,2.064021366736317,0.15691934613481195,0.16654310158806895,0.0,0.0,0
44693,28,2,1.9071020206015052,2.093088841892347,0.18598682129084154,0.1888220719308874,0.02227897034281845,0.0,0
44693,28,3,1.9071020206015052,2.2493921345919845,0.34229011399047926,0.23911344283506422,0.07257034124699527,0.0,0
44693,29,1,2.6147898913060925,3.103271017853676,0.4884811265475837,0.2515908561830696,0.0,0.0,0
44693,29,2,2.6147898913060925,3.332914345956309,0.7181244546502166,0.27760177123289304,0.026010915049823446,0.0,0
44693,29,3,2.6147898913060925,3.2640749433379463,0.6492850520318538,0.27821283621568615,0.026621980032616566,0.0,0
44693,30,1,2.7360339904621016,2.9710540661883953,0.2350200757262937,0.1261347470100547,0.0,0.0,0
44693,30,2,2.7360339904621016,3.113668967392279,0.3776349769301772,0.14183775128758305,0.015703004277528354,0.0,0
44693,30,3,2.7360339904621016,3.0656851556042666,0.32965116514216497,0.14267453061023225,0.01653978360017755,0.0,0
44693,31,1,1.7618018796161254,2.141932521431824,0.38013064181569867,0.2214932951680522,0.0,0.0,0
44693,31,2,1.7618018796161254,2.3995575301892287,0.6377556505731032,0.262154074974501,0.040660779806448805,0.0,0
44693,31,3,1.7618018796161254,2.4569200236213,0.6951181440051744,0.27462786197906763,0.05313456681101544,0.0,0
44693,32,1,2.5225438204336568,2.595903342388278,0.07335952195462125,0.12321678890026365,0.0,0.0,0
44693,32,2,2.5225438204336568,2.950407601785544,0.4278637813518871,0.13480620241817065,0.011589413517907002,0.0,0
44693,32,3,2.5225438204336568,2.9408830457428805,0.41833922530922374,0.1345451614490253,0.011328372548761664,0.0,0
44693,33,1,18.74082048967376,18.887353915491154,0.14653342581739537,0.24576465678962522,0.0,0.0,0
44693,33,2,18.74082048967376,18.85448004427808,0.11365955460432176,0.2648703289118878,0.01910567212226255,0.0,0
44693,33,3,18.74082048967376,18.856277154166357,0.11545666449259784,0.2718024551906167,0.026037798400991463,0.0,0
44693,34,1,18.73852291013291,18.88956331444944,0.15104040431652876,0.1612765461768123,0.0,0.0,0
44693,34,2,18.73852291013291,18.86367518718072,0.1251522770478104,0.16980319372261968,0.00852664754580737,0.0,0
44693,34,3,18.73852291013291,18.8434234422571,0.1049005321241907,0.1773314430899444,0.016054896913132083,0.0,0
44693,35,1,18.731725614445423,18.969660853276075,0.23793523883065149,0.09925108433441368,0.0,0.0,0
44693,35,2,18.731725614445423,18.94707654248125,0.215350928035825,0.1320226199594552,0.03277153562504151,0.0,0
44693,35,3,18.731725614445423,18.876520820259326,0.14479520581390304,0.13023166448110754,0.03098058014669386,0.0,0
44693,36,1,1.1944763631197213,1.348828637450545,0.15435227433082366,0.12978049879679276,0.0,0.16846449717268044,1
44693,36,2,1.1944763631197213,1.4033115723395935,0.2088352092198722,0.15025713907609603,0.020476640279303265,0.0972264113877149,1
44693,36,3,1.1944763631197213,1.5443349595060736,0.3498585963863523,0.18441743779426556,0.054636938997472795,0.0,0
44693,37,1,2.0240350095330046,2.0954934332856374,0.07145842375263278,0.1315767936589713,0.0,0.16846449717268044,1
44693,37,2,2.0240350095330046,2.109291824623873,0.08525681509086835,0.15787249323728872,0.026295699578317427,0.0972264113877149,1
44693,37,3,2.0240350095330046,2.2804037263828905,0.2563687168498858,0.18428864875039683,0.052711855091425536,0.0,0
44693,38,1,0.9419714117515557,1.235752924864388,0.2937815131128322,0.12393481046438592,0.0,0.02498919458060922,1
44693,38,2,0.9419714117515557,1.618964786236699,0.6769933744851432,0.13972998643435283,0.015795175969966907,0.0,0
44693,38,3,0.9419714117515557,1.5752780495489507,0.6333066377973949,0.14252841086133733,0.018593600396951404,0.0,0
44693,39,1,1.904580517399299,2.027261299864609,0.12268078246531,0.12538145381676222,0.0,0.024989194580609192,1
44693,39,2,1.904580517399299,2.1717648669899225,0.26718434959062365,0.14724699882278253,0.02186554500602031,0.0,0
44693,39,3,1.904580517399299,2.2960358891837322,0.39145537178443335,0.14975281943085805,0.024371365614095836,0.0,0
44693,40,1,2.6177964421901025,3.830064685733806,1.2122682435437033,0.11717595241208703,0.017982391418725208,0.024989194580609206,1
44693,40,2,2.6177964421901025,3.0768756352179367,0.4590791930278342,0.09919356099336182,0.0,0.0,0
44693,40,3,2.6177964421901025,3.6208964669002635,1.003100024710161,0.1014048469129476,0.002211285919585776,0.0,0
44693,41,1,3.2286176958035666,3.7259152182593014,0.4972975224557348,0.2659304930299595,0.0,0.0,0
44693,41,2,3.2286176958035666,3.7407021790525627,0.5120844832489961,0.2809380612718533,0.015007568241893754,0.0,0
44693,41,3,3.2286176958035666,3.78516839433816,0.5565506985345934,0.2929212502953594,0.0269907572653999,0.0,0
44693,42,1,1.11459741109473,1.1641390871234085,0.04954167602867843,0.15363148652663092,0.0,0.0,0
44693,42,2,1.11459741109473,1.2085157713959427,0.09391836030121259,0.16381431036278052,0.010182823836149602,0.0,0
44693,42,3,1.11459741109473,1.2449116819345405,0.1303142708398104,0.1831320410943812,0.029500554567750276,0.0,0
44693,43,1,1.4297448717498737,1.597557238795094,0.1678123670452203,0.12278527942266836,0.0,0.0,0
44693,43,2,1.4297448717498737,1.8437635646120838,0.41401869286221005,0.131455861636268,0.008670582213599634,0.0,0
44693,43,3,1.4297448717498737,1.8890770904666314,0.45933221871675767,0.13276520070555647,0.009979921282888118,0.0,0
44693,44,1,2.492632852971687,3.6252377354485894,1.1326048824769024,0.10842474109192711,0.015254580418117905,0.0,0
44693,44,2,2.492632852971687,3.029067753042218,0.5364349000705309,0.0941631269137586,0.0009929662399493916,0.0,0
44693,44,3,2.492632852971687,3.704631180932523,1.2119983279608362,0.0931701606738092,0.0,0.0,0
44693,45,1,1.326755591731253,1.5680803920056061,0.2413248002743531,0.16523084390237375,0.0,0.0,0
44693,45,2,1.326755591731253,1.619598905736631,0.2928433140053779,0.1717158896274064,0.00648504572503264,0.0,0
44693,45,3,1.326755591731253,1.692085642804838,0.36533005107358507,0.18986536397974413,0.02463452007737038,0.0,0
44693,46,1,1.3091705842087555,1.3991028934398746,0.08993230923111906,0.11326453734401741,0.0,0.0,0
44693,46,2,1.3091705842087555,1.7855999753323224,0.47642939112356686,0.12706288717816078,0.013798349834143367,0.0,0
44693,46,3,1.3091705842087555,1.8015612834844483,0.4923906992756928,0.12713169257650397,0.013867155232486564,0.0,0
44693,47,1,1.847737667182852,2.083672693321004,0.2359350261381521,0.0994455266519014,0.0,0.0,0
44693,47,2,1.847737667182852,2.318463200693294,0.4707255335104419,0.11718084400542955,0.01773531735352815,0.0,0
44693,47,3,1.847737667182852,2.348032329281197,0.5002946620983448,0.1141194576903982,0.014673931038496804,0.0,0
44693,48,1,1.7905261303288333,1.9730713451399666,0.18254521481113328,0.19076752777673045,0.0,0.0,0
44693,48,2,1.7905261303288333,2.280552773381421,0.4900266430525875,0.23170302571618132,0.040935497939450866,0.0,0
44693,48,3,1.7905261303288333,2.138244603426223,0.3477184730973897,0.24149850159738326,0.05073097382065281,0.0,0
44693,49,1,1.8582275412121785,2.0214139135171676,0.1631863723049891,0.1617645760462559,0.0,0.0,0
44693,49,2,1.8582275412121785,2.1617442826045696,0.30351674139239115,0.1782460950028891,0.01648151895663319,0.0,0
44693,49,3,1.8582275412121785,2.2478395577807233,0.38961201656854483,0.18646849705849064,0.02470392101223473,0.0,0
44693,50,1,1.1251846941061996,1.3024230565978834,0.1772383624916838,0.11673225276552959,0.0,0.0,0
44693,50,2,1.1251846941061996,1.5416184226428595,0.41643372853665994,0.13545799565934435,0.018725742893814762,0.0,0
44693,50,3,1.1251846941061996,1.5252272196260468,0.4000425255198472,0.14026132057895727,0.023529067813427673,0.0,0
44693,51,1,25.398888552382353,25.49605343834125,0.09716488595889672,0.22520794610358205,0.0,0.0,0
44693,51,2,25.398888552382353,25.50082486301461,0.10193631063225794,0.24628345742409682,0.021075511320514773,0.0,0
44693,51,3,25.398888552382353,25.458950899907265,0.06006234752491224,0.24344719043142957,0.018239244327847515,0.0,0
44693,52,1,25.33302227749582,25.567793666227118,0.23477138873129633,0.22291331080468096,0.0045333659208523225,0.0,0
44693,52,2,25.33302227749582,25.441095649130194,0.10807337163437225,0.21917557678549926,0.0007956319016706181,0.0,0
44693,52,3,25.33302227749582,25.52011206133424,0.18708978383841668,0.21837994488382864,0.0,0.0,0
44693,53,1,25.202507345095405,25.30591091320277,0.10340356810736395,0.17965752772914248,0.0,0.0,0
44693,53,2,25.202507345095405,25.3440887674784,0.14158142238299476,0.1809672383527072,0.0013097106235647193,0.0,0
44693,53,3,25.202507345095405,25.281618893968563,0.07911154887315774,0.1913121602050826,0.011654632475940119,0.0,0
44693,54,1,25.141974265220068,25.327809429934586,0.18583516471451844,0.09075155540620558,0.0,0.0,0
44693,54,2,25.141974265220068,25.308478909554204,0.16650464433413603,0.128174494404529,0.03742293899832341,0.0,0
44693,54,3,25.141974265220068,25.255301267632078,0.1133270024120101,0.12657073131070032,0.03581917590449474,0.0,0
44693,55,1,0.9330908874479696,1.1858165690912756,0.252725681643306,0.12216328424901612,0.0,0.0,0
44693,55,2,0.9330908874479696,1.3693180730216732,0.43622718557370355,0.13918450051658127,0.017021216267565142,0.0,0
44693,55,3,0.9330908874479696,1.4858771638018091,0.5527862763538395,0.149303035210314,0.027139750961297865,0.0,0
44693,56,1,1.3875671494089794,1.5380628276947705,0.15049567828579113,0.1202536294364226,0.0,0.0,0
44693,56,2,1.3875671494089794,1.7674804218624836,0.37991327245350415,0.14267149340220917,0.022417863965786572,0.0,0
44693,56,3,1.3875671494089794,1.8062770455213606,0.4187098961123812,0.14604354172504933,0.025789912288626732,0.0,0
44693,57,1,2.1992653097292694,3.382803069917583,1.1835377601883135,0.11127196296048006,0.010884554578538694,0.0,0
44693,57,2,2.1992653097292694,2.9703268667693603,0.7710615570400909,0.10038740838194136,0.0,0.0,0
44693,57,3,2.1992653097292694,3.1036228522578764,0.904357542528607,0.10284648866915756,0.0024590802872161976,0.0,0
44693,58,1,3.2791125024685917,3.6597653340583656,0.3806528315897739,0.20279826053039188,0.0,0.05967192297223975,1
44693,58,2,3.2791125024685917,3.9338789120428515,0.6547664095742598,0.24217784972789308,0.0393795891975012,0.0,0
44693,58,3,3.2791125024685917,4.0101852130298585,0.7310727105612669,0.2568300932627724,0.05403183273238052,0.0,0
44693,59,1,1.842309902302624,2.0115592775144955,0.16924937521187156,0.186996946990657,0.0,0.05967192297223972,1
44693,59,2,1.842309902302624,2.2741113795590766,0.4318014772564527,0.20822076366289502,0.02122381667223802,0.0,0
44693,59,3,1.842309902302624,2.1303604444734168,0.28805054217079284,0.221910014985827,0.034913067995169994,0.0,0
44693,60,1,2.335627446650993,3.3053255662477077,0.9696981195967145,0.13259803749324545,0.0031114143592568255,0.05967192297223972,1
44693,60,2,2.335627446650993,3.0551609523422494,0.7195335056912562,0.12948662313398862,0.0,0.0,0
44693,60,3,2.335627446650993,2.9460169822715323,0.6103895356205391,0.13444069312390305,0.004954069989914434,0.0,0
44693,61,1,1.0439599072180594,1.1543556160513309,0.11039570883327143,0.16053278344894267,0.0,0.07087273810232148,1
44693,61,2,1.0439599072180594,1.199616238714641,0.15565633149658153,0.1690907826160331,0.008557999167090435,0.0,0
44693,61,3,1.0439599072180594,1.2724854306750415,0.22852552345698207,0.18559291558732688,0.025060132138384206,0.0,0
44693,62,1,0.950855673490868,1.191043624898591,0.24018795140772298,0.12150989459652542,0.0,0.0708727381023215,1
44693,62,2,0.950855673490868,1.6343969653091097,0.6835412918182417,0.1282057448297266,0.006695850233201184,0.0,0
44693,62,3,0.950855673490868,1.7080483675937501,0.7571926941028821,0.1265553829378954,0.005045488341369975,0.0,0
44693,63,1,2.2643906079157894,3.2397488106293033,0.9753582027135139,0.1103661773844576,0.01800369424351013,0.0708727381023215,1
44693,63,2,2.2643906079157894,2.6626850249895186,0.39829441707372926,0.0933668594684757,0.001004376327528228,0.0,0
44693,63,3,2.2643906079157894,3.2913512705554466,1.0269606626396572,0.09236248314094747,0.0,0.0,0
44693,64,1,1.8663094760890242,2.308586688312493,0.4422772122234686,0.1840448682585629,0.0,0.05561821703449937,1
44693,64,2,1.8663094760890242,2.4613069302260353,0.5949974541370111,0.23664046032333175,0.052595592064768854,0.0,0
44693,64,3,1.8663094760890242,2.7385312638597847,0.8722217877707605,0.27852885570592856,0.09448398744736566,0.0,0
44693,65,1,2.2380497062830633,2.645737745770343,0.4076880394872795,0.1484671255964983,0.0,0.05561821703449938,1
44693,65,2,2.2380497062830633,2.7512689943370225,0.5132192880539592,0.20388959514091473,0.05542246954441643,0.0,0
44693,65,3,2.2380497062830633,3.307080491237252,1.0690307849541885,0.25493437713500783,0.10646725153850953,0.0,0
44693,66,1,11.685665381392424,11.87335066780786,0.18768528641543725,0.06652631398191566,0.0,0.004886498960130679,0
44693,66,2,11.685665381392424,11.940308606700242,0.25464322530781835,0.09580178443251566,0.0292754704506,0.0,0
44693,66,3,11.685665381392424,11.922043771234579,0.2363783898421552,0.09350397251425313,0.026977658532337467,0.0,0
44693,67,1,16.697804794259802,16.87493253147957,0.1771277372197666,0.224084913193665,0.0,0.0,0
44693,67,2,16.697804794259802,16.91515931921053,0.2173545249507285,0.2565208087547828,0.032435895561117783,0.03197908999721211,1
44693,67,3,16.697804794259802,16.978586277993067,0.2807814837332643,0.2785918595575392,0.05450694636387418,0.04032052717352842,1
44693,68,1,13.28804533062609,13.455945504340596,0.16790017371450539,0.18690894537494668,0.0,0.0,0
44693,68,2,13.28804533062609,13.514123358310679,0.22607802768458818,0.22472659847276236,0.03781765309781568,0.00834143717631632,1
44693,68,3,13.28804533062609,13.572563182669537,0.2845178520434466,0.24195235542660423,0.055043410051657554,0.00834143717631632,1
44693,69,1,12.928843035064748,13.140604609675739,0.21176157461099088,0.21027494870394617,0.0,0.0,0
44693,69,2,12.928843035064748,13.192954204576811,0.2641111695120628,0.2487488881340831,0.03847393943013694,0.04496753144121708,1
44693,69,3,12.928843035064748,13.49156746265995,0.5627244275952012,0.3017286640198998,0.09145371531595362,0.05798098249746769,1
44693,70,1,13.193151372703914,13.468871434621771,0.27572006191785725,0.20168013931907372,0.0,0.0,0
44693,70,2,13.193151372703914,13.505884084180432,0.31273271147651727,0.24189138138769242,0.0402112420686187,0.0130134510562506,1
44693,70,3,13.193151372703914,13.953879113314219,0.7607277406103048,0.29764871280560484,0.09596857348653112,0.0130134510562506,1
44694,0,1,1.3722111149657068,1.525008059571959,0.15279694460625226,0.13019963730465764,0.0,0.0,0
44694,0,2,1.3722111149657068,1.6378570145790028,0.265645899613296,0.15502723549400313,0.02482759818934549,0.0,0
44694,0,3,1.3722111149657068,1.755408395488042,0.38319728052233515,0.18014415040392082,0.04994451309926318,0.0,0
44694,1,1,1.5652846690888105,2.121702175414822,0.5564175063260117,0.10110446928991339,0.0,0.0,0
44694,1,2,1.5652846690888105,2.2635447697525675,0.698260100663757,0.17590122581949244,0.07479675652957905,0.0,0
44694,1,3,1.5652846690888105,2.3513448033130198,0.7860601342242093,0.19818726061044664,0.09708279132053325,0.0,0
44694,2,1,1.3142948822669216,1.5781182928940916,0.26382341062716996,0.08583581393061043,0.0,0.0,0
44694,2,2,1.3142948822669216,1.851059847268889,0.5367649650019675,0.11148573468319516,0.025649920752584723,0.0,0
44694,2,3,1.3142948822669216,1.988176668683137,0.6738817864162154,0.12423870423974234,0.03840289030913191,0.0,0
44694,3,1,1.2613084544301758,1.4695689112710049,0.20826045684082906,0.10554948706134042,0.0,0.0859060985974111,1
44694,3,2,1.2613084544301758,1.5462233060039425,0.2849148515737667,0.1417186593743512,0.0361691723130108,0.04890093931802053,1
44694,3,3,1.2613084544301758,1.5858229529282535,0.3245144984980777,0.15340680750367167,0.04785732044233125,0.0,0
44694,4,1,2.4365756094579822,2.513186397357451,0.07661078789946885,0.1200536399169511,0.0,0.08590609859741113,1
44694,4,2,2.4365756094579822,2.645460473355153,0.20888486389717098,0.1650156605261834,0.04496202060923231,0.04890093931802056,1
44694,4,3,2.4365756094579822,2.5909046967984497,0.15432908734046746,0.1721644120253598,0.052110772108408684,0.0,0
44694,5,1,1.4555813154111004,1.577200538965536,0.12161922355443555,0.1282878294586352,0.0,0.0,0
44694,5,2,1.4555813154111004,1.619404529038892,0.16382321362779173,0.17402739322452235,0.04573956376588714,0.0,0
44694,5,3,1.4555813154111004,1.8800669685807851,0.4244856531696848,0.19875726010813352,0.07046943064949832,0.0,0
44694,6,1,1.1207036072448213,1.2149125612087754,0.09420895396395412,0.12553987750948173,0.0,0.0,0
44694,6,2,1.1207036072448213,1.4144703768413032,0.29376676959648185,0.14354631611780005,0.018006438608318326,0.0,0
44694,6,3,1.1207036072448213,1.384853286904192,0.26414967965937075,0.1623392993789175,0.03679942186943577,0.0,0
44694,7,1,1.3700351966146385,1.6916797437748694,0.32164454716023094,0.11190076579147619,0.0,0.0,0
44694,7,2,1.3700351966146385,1.7955848087862,0.4255496121715616,0.15668864068728564,0.044787874895809446,0.0,0
44694,7,3,1.3700351966146385,1.9016462948753603,0.5316110982607218,0.1621177609493387,0.0502169951578625,0.0,0
44694,8,1,0.8458253623169101,1.1324484076370933,0.28662304532018323,0.10457902276030849,0.0,0.10012324028546662,1
44694,8,2,0.8458253623169101,1.2875016065364175,0.44167624421950746,0.12772655045992273,0.023147527699614243,0.0,0
44694,8,3,0.8458253623169101,1.3342987962539978,0.48847343393708775,0.13988543046926954,0.035306407708961055,0.0,0
44694,9,1,1.1607217262544058,1.4717228001935982,0.3110010739391924,0.11680149766520555,0.0,0.1001232402854666,1
44694,9,2,1.1607217262544058,1.646609699321348,0.4858879730669421,0.13798881850421457,0.021187320839009025,0.0,0
44694,9,3,1.1607217262544058,1.7030377073996814,0.5423159811452756,0.14524323962233956,0.028441741957134017,0.0,0
44694,10,1,2.0485267607744366,3.717731395631708,1.6692046348572713,0.1030387059085611,0.00163256523556507,0.10012324028546661,1
44694,10,2,2.0485267607744366,3.2290714691241704,1.1805447083497338,0.10140614067299603,0.0,0.0,0
44694,10,3,2.0485267607744366,3.553311397958256,1.5047846371838194,0.10150118558815396,9.5044915157938e-05,0.0,0
44694,11,1,1.450905527021189,1.5176766917051014,0.06677116468391242,0.1239026908934819,0.0,0.041688501713779635,1
44694,11,2,1.450905527021189,1.6823231305799706,0.2314176035587816,0.16937318510956298,0.045470494216081084,0.0,0
44694,11,3,1.450905527021189,1.6913484949761852,0.2404429679549962,0.18479997300607168,0.06089728211258978,0.0,0
44694,12,1,1.645254625233718,1.769268817703591,0.124014192469873,0.12488260384837378,0.0,0.041688501713779635,1
44694,12,2,1.645254625233718,1.819619621251166,0.17436499601744804,0.15192011385167944,0.027037510003305662,0.0,0
44694,12,3,1.645254625233718,1.8420589965851892,0.19680437135147133,0.16322108770216193,0.038338483853788144,0.0,0
44694,13,1,2.3103145011357458,2.401164830909347,0.09085032977360141,0.1268465980919315,0.0,0.04168850171377965,1
44694,13,2,2.3103145011357458,2.800050435084771,0.48973593394902526,0.15943442814499634,0.03258783005306484,0.0,0
44694,13,3,2.3103145011357458,2.8086598538083045,0.49834535267255875,0.1582753217664784,0.03142872367454691,0.0,0
44694,14,1,1.57194435257461,1.6235239198050373,0.05157956723042734,0.13283938149923133,0.0,0.0,0
44694,14,2,1.57194435257461,1.863402530555592,0.29145817798098195,0.19234493741447814,0.05950555591524681,0.0,0
44694,14,3,1.57194435257461,1.7486567260956214,0.17671237352101143,0.20698004402658776,0.07414066252735643,0.0,0
44694,15,1,1.311151448151619,1.445367663438072,0.134216215286453,0.12369396218346972,0.0,0.0,0
44694,15,2,1.311151448151619,1.5050043908044635,0.19385294265284436,0.15529679358183615,0.031602831398366435,0.0,0
44694,15,3,1.311151448151619,1.5431972629905353,0.23204581483891618,0.1734574511133348,0.04976348892986508,0.0,0
44694,16,1,1.7239354587290527,1.8629070364908393,0.1389715777617866,0.1106094467340225,0.0,0.0,0
44694,16,2,1.7239354587290527,2.2218238411332405,0.49788838240418776,0.1388336288645062,0.028224182130483708,0.0,0
44694,16,3,1.7239354587290527,2.269501224026785,0.5455657652977324,0.13858559333178314,0.02797614659776064,0.0,0
44694,17,1,2.710841923243884,2.8427592802447075,0.13191735700082363,0.12887050330796507,0.0,0.07867547982861317,1
44694,17,2,2.710841923243884,2.891343492616353,0.1805015693724692,0.18993138912950672,0.06106088582154165,0.0,0
44694,17,3,2.710841923243884,3.0539662544401334,0.3431243311962495,0.21011530506824516,0.0812448017602801,0.0,0
44694,18,1,1.3223997980586144,1.393454689181159,0.0710548911225446,0.12391734168014623,0.0,0.07867547982861318,1
44694,18,2,1.3223997980586144,1.4830163444899545,0.16061654643134005,0.16237766171271895,0.038460320032572715,0.0,0
44694,18,3,1.3223997980586144,1.4623764718915915,0.13997667383297707,0.18514842188798894,0.06123108020784271,0.0,0
44694,19,1,1.8055632017896877,2.271654458500297,0.46609125671060947,0.13441380685100096,0.0,0.07867547982861317,1
44694,19,2,1.8055632017896877,2.2969240649664675,0.49136086317677985,0.13945605917947668,0.005042252328475716,0.0,0
44694,19,3,1.8055632017896877,2.5414801690922673,0.7359169673025796,0.14486428365201748,0.010450476801016517,0.0,0
44694,20,1,2.3369209086101184,2.784489137001798,0.44756822839167976,0.2053645763046536,0.0,0.0,0
44694,20,2,2.3369209086101184,2.873930091418669,0.5370091828085508,0.22008085626099128,0.014716279956337674,0.0,0
44694,20,3,2.3369209086101184,3.051056639110463,0.7141357305003448,0.22503062306062277,0.01966604675596917,0.0,0
44694,21,1,1.641547769870558,1.7675504825583914,0.12600271268783336,0.1293432527078303,0.0,0.0,0
44694,21,2,1.641547769870558,1.8239741769342257,0.18242640706366764,0.18030340263327135,0.05096014992544107,0.0,0
44694,21,3,1.641547769870558,1.9156825592638345,0.2741347893932764,0.20989371515021574,0.08055046244238545,0.0,0
44694,22,1,1.707164004236137,1.8245965186506368,0.11743251441449987,0.13767226799355442,0.0,0.09215569354879838,1
44694,22,2,1.707164004236137,2.0266668955362213,0.31950289130008436,0.19680951185234075,0.059137243858786326,0.0,0
44694,22,3,1.707164004236137,1.8772143047089607,0.17005030047282377,0.21106131584810364,0.07338904785454922,0.0,0
44694,23,1,1.6698559931300454,1.7844558275057119,0.11459983437566645,0.13227720468687648,0.0,0.09215569354879836,1
44694,23,2,1.6698559931300454,1.8676553286673567,0.19779933553731133,0.15856002874614702,0.026282824059270543,0.0,0
44694,23,3,1.6698559931300454,1.8909798144567727,0.22112382132672725,0.16791504189634016,0.035637837209463674,0.0,0
44694,24,1,2.234778292996404,2.349832543952047,0.11505425095564314,0.11900348363798373,0.0,0.09215569354879838,1
44694,24,2,2.234778292996404,2.377080318754983,0.1423020257585792,0.1350046255658467,0.016001141927862964,0.0,0
44694,24,3,2.234778292996404,2.5246746099184576,0.28989631692205364,0.1434964859486303,0.024493002310646564,0.0,0
44694,25,1,2.7500758146644637,3.0832868802610327,0.333211065596569,0.12679587732389191,0.0,0.04215727920027906,1
44694,25,2,2.7500758146644637,3.1132196736292146,0.3631438589647509,0.19323428690110625,0.06643840957721434,0.0,0
44694,25,3,2.7500758146644637,3.917718814610965,1.1676429999465014,0.25143585391206985,0.12463997658817794,0.0,0
44694,26,1,1.8524368684018142,1.9474946355765455,0.09505776717473124,0.13368814130477336,0.0,0.0,0
44694,26,2,1.8524368684018142,2.0517402145736345,0.19930334617182033,0.18306830062498372,0.049380159320210365,0.0,0
44694,26,3,1.8524368684018142,2.2994829460112323,0.44704607760941806,0.22916778539846497,0.09547964409369161,0.0,0
44694,27,1,2.636612406654451,3.316538677421611,0.6799262707671598,0.23488733913463164,0.0,0.0,0
44694,27,2,2.636612406654451,3.3527300948292003,0.7161176881747493,0.2614104787555466,0.026523139620914987,0.0,0
44694,27,3,2.636612406654451,3.5015520686805366,0.8649396620260856,0.26089167103965777,0.02600433190502613,0.0,0
44694,28,1,2.746043721722194,3.0850771261943426,0.3390334044721488,0.1373316748515175,0.0,0.0,0
44694,28,2,2.746043721722194,3.220913657105295,0.4748699353831012,0.14425850661443457,0.006926831762917057,0.0,0
44694,28,3,2.746043721722194,3.3098526558374224,0.5638089341152286,0.1454659384121994,0.008134263560681892,0.0,0
44694,29,1,1.7739562016125845,2.307632057445661,0.5336758558330765,0.16762701009647413,0.0,0.0,0
44694,29,2,1.7739562016125845,2.5072339071391334,0.7332777055265489,0.22975212039557738,0.06212511029910325,0.0,0
44694,29,3,1.7739562016125845,2.490724220366886,0.7167680187543013,0.24929878614459575,0.08167177604812162,0.0,0
44694,30,1,2.4890825603846145,2.5791225736231618,0.09004001323854727,0.11877611257019983,0.0,0.0,0
44694,30,2,2.4890825603846145,2.6156836402897023,0.12660107990508784,0.1355660278151375,0.016789915244937656,0.0,0
44694,30,3,2.4890825603846145,2.617479539747718,0.12839697936310346,0.1450736420836698,0.02629752951346996,0.0,0
44694,31,1,18.621025132775998,18.799034672903193,0.17800954012719572,0.22851100768734373,0.0,0.0,0
44694,31,2,18.621025132775998,18.74333826039949,0.12231312762349233,0.24774136936001856,0.019230361672674834,0.0,0
44694,31,3,18.621025132775998,18.794153449095553,0.1731283163195556,0.2551629123815643,0.026651904694220574,0.0,0
44694,32,1,18.60581266756531,18.78026972288369,0.1744570553183813,0.16622887835341546,0.0,0.0,0
44694,32,2,18.60581266756531,18.758988723163448,0.15317605559813785,0.17119754008667643,0.004968661733260965,0.0,0
44694,32,3,18.60581266756531,18.765830849376496,0.16001818181118566,0.17631937423818303,0.01009049588476757,0.0,0
44694,33,1,18.596153649300405,18.892856926363084,0.2967032770626794,0.09919810346970384,0.0,0.0,0
44694,33,2,18.596153649300405,18.810578320134436,0.21442467083403116,0.14074219828914764,0.041544094819443794,0.0,0
44694,33,3,18.596153649300405,18.77098948538127,0.1748358360808666,0.1359273740007643,0.036729270531060454,0.0,0
44694,34,1,1.1660269758588497,1.3045402435873394,0.1385132677284897,0.11847441819615508,0.0,0.16833644406301213,1
44694,34,2,1.1660269758588497,1.4269723103953025,0.26094533453645274,0.17142176178490715,0.05294734358875207,0.09689728610999532,1
44694,34,3,1.1660269758588497,1.5006101506637985,0.3345831748049488,0.18581229375865496,0.06733787556249989,0.0,0
44694,35,1,1.9281881038372604,2.0092788452614365,0.08109074142417616,0.1319581743748662,0.0,0.16833644406301213,1
44694,35,2,1.9281881038372604,2.0940922302036142,0.16590412636635388,0.1876310190292557,0.055672844654389486,0.09689728610999532,1
44694,35,3,1.9281881038372604,2.1207175237121993,0.192529419874939,0.19890102408254692,0.06694284970768072,0.0,0
44694,36,1,0.922776683139291,1.161284753969329,0.238508070830038,0.10393715355457475,0.0,0.025983122835381567,1
44694,36,2,0.922776683139291,1.2786235737155618,0.35584689057627084,0.142394794278208,0.03845764072363325,0.0,0
44694,36,3,0.922776683139291,1.2897724709710972,0.3669957878318062,0.14889764655266732,0.04496049299809257,0.0,0
44694,37,1,1.8929286975936352,2.0369701011912404,0.1440414035976052,0.12531607480800694,0.0,0.025983122835381595,1
44694,37,2,1.8929286975936352,2.1090821041174554,0.2161534065238202,0.16044697750263015,0.03513090269462321,0.0,0
44694,37,3,1.8929286975936352,2.1673915526571284,0.2744628550634931,0.165120140767935,0.03980406595992805,0.0,0
44694,38,1,2.6459846407331784,3.955479703146936,1.3094950624137578,0.11432523774661364,0.00444400924771729,0.025983122835381595,1
44694,38,2,2.6459846407331784,3.3446660048654273,0.6986813641322489,0.11058416934471577,0.0007029408458194136,0.0,0
44694,38,3,2.6459846407331784,3.903839684205116,1.2578550434719378,0.10988122849889635,0.0,0.0,0
44694,39,1,1.1951521030310444,1.3736441237315578,0.1784920207005134,0.14330125604068858,0.0,0.0,0
44694,39,2,1.1951521030310444,1.3795499063683194,0.18439780333727507,0.15364840200602048,0.0103471459653319,0.0,0
44694,39,3,1.1951521030310444,1.5869625776308491,0.3918104745998048,0.16290294877546665,0.019601692734778076,0.0,0
44694,40,1,1.605271794422319,1.8751460001143272,0.26987420569200826,0.12706866406801862,0.0,0.0,0
44694,40,2,1.605271794422319,2.3284788972806205,0.7232071028583016,0.12891804310056104,0.0018493790325424253,0.0,0
44694,40,3,1.605271794422319,2.03590107329223,0.4306292788699111,0.13699105174927897,0.009922387681260358,0.0,0
44694,41,1,2.5921774206418235,3.96645145458493,1.3742740339431063,0.10219206147090956,0.004102300188863928,0.0,0
44694,41,2,2.5921774206418235,3.417621402099423,0.8254439814575996,0.0981919595008588,0.00010219821881315982,0.0,0
44694,41,3,2.5921774206418235,3.7593539013513917,1.1671764807095681,0.09808976128204563,0.0,0.0,0
44694,42,1,1.4230443521116176,1.6211758758432295,0.1981315237316119,0.1352912981504218,0.0,0.0,0
44694,42,2,1.4230443521116176,1.733644401287092,0.31060004917547435,0.16337162069611372,0.028080322545691927,0.0,0
44694,42,3,1.4230443521116176,1.767440498737341,0.3443961466257235,0.1759509659931255,0.04065966784270372,0.0,0
44694,43,1,1.36038104268849,1.5510446984757233,0.19066365578723343,0.09456705350147084,0.0,0.0,0
44694,43,2,1.36038104268849,1.5882191408357709,0.22783809814728095,0.11952610337917441,0.024959049877703574,0.0,0
44694,43,3,1.36038104268849,1.6045984917271223,0.2442174490386324,0.12580353901792446,0.031236485516453624,0.0,0
44694,44,1,1.6770773348410664,1.7821395498067236,0.10506221496565726,0.0894438324922842,0.0,0.0,0
44694,44,2,1.6770773348410664,2.177457714038766,0.5003803791976995,0.09895560726860012,0.009511774776315915,0.0,0
44694,44,3,1.6770773348410664,2.3883212609655593,0.7112439261244929,0.09190563649099136,0.002461803998707157,0.0,0
44694,45,1,1.7939497414047012,1.8918097684088955,0.09786002700419427,0.13317396294189177,0.0,0.0,0
44694,45,2,1.7939497414047012,2.1333221634887307,0.3393724220840295,0.18753068670561843,0.05435672376372666,0.0,0
44694,45,3,1.7939497414047012,2.074654027708437,0.2807042863037359,0.2008817742817808,0.06770781133988904,0.0,0
44694,46,1,1.889825574088236,1.9813548924423336,0.09152931835409772,0.12298656694768498,0.0,0.0,0
44694,46,2,1.889825574088236,2.1483682950222662,0.2585427209340303,0.16063288741491247,0.03764632046722749,0.0,0
44694,46,3,1.889825574088236,2.268681502743549,0.37885592865531303,0.1706107823137816,0.04762421536609662,0.0,0
44694,47,1,1.1590842358085336,1.3887348290757067,0.22965059326717308,0.11853541001390604,0.0,0.0,0
44694,47,2,1.1590842358085336,1.5376773491271014,0.3785931133185678,0.14250288028163335,0.023967470267727317,0.0,0
44694,47,3,1.1590842358085336,1.5271450904903003,0.36806085468176675,0.14970844631674957,0.03117303630284353,0.0,0
44694,48,1,25.241441896008645,25.363260122156454,0.12181822614780913,0.21612640053144141,0.0,0.0,0
44694,48,2,25.241441896008645,25.32387448994985,0.08243259394120628,0.23311224300162445,0.016985842470183032,0.0,0
44694,48,3,25.241441896008645,25.356262899411014,0.11482100340236912,0.2372717404780453,0.02114533994660389,0.0,0
44694,49,1,25.165863965660236,25.29306552083129,0.12720155517105525,0.21336048622724063,0.0,0.0,0
44694,49,2,25.165863965660236,25.27695504697208,0.11109108131184442,0.21552725213656104,0.0021667659093204117,0.0,0
44694,49,3,25.165863965660236,25.26786563211555,0.10200166645531539,0.2218584929475082,0.00849800672026757,0.0,0
44694,50,1,25.026433801056093,25.1500974329623,0.12366363190620788,0.17393823020722218,0.0,0.0,0
44694,50,2,25.026433801056093,25.165221308269345,0.13878750721325162,0.17647508764938935,0.0025368574421671675,0.0,0
44694,50,3,25.026433801056093,25.147714658421748,0.12128085736565453,0.18718451540022096,0.01324628519299878,0.0,0
44694,51,1,24.96040927241829,25.19888759298179,0.2384783205635017,0.09034931015313007,0.0,0.0,0
44694,51,2,24.96040927241829,25.129851824370693,0.16944255195240387,0.13946824786340867,0.0491189377102786,0.0,0
44694,51,3,24.96040927241829,25.094804025487115,0.13439475306882542,0.13390457465011274,0.043555264496982674,0.0,0
44694,52,1,0.9278965309289567,1.1494902481356124,0.22159371720665566,0.10883562408369042,0.0,0.0,0
44694,52,2,0.9278965309289567,1.2546065547155487,0.326710023786592,0.14095417297189464,0.032118548888204215,0.0,0
44694,52,3,0.9278965309289567,1.285127567294864,0.35723103636590736,0.15406703479054526,0.04523141070685484,0.0,0
44694,53,1,1.2150552655900486,1.4516910197923953,0.23663575420234673,0.11151321730028899,0.0,0.0,0
44694,53,2,1.2150552655900486,1.5733899684424557,0.3583347028524071,0.14890129851651804,0.03738808121622905,0.0,0
44694,53,3,1.2150552655900486,1.6717604205149268,0.4567051549248782,0.15386655910571925,0.04235334180543027,0.0,0
44694,54,1,2.2806121649750444,3.211039909704353,0.9304277447293088,0.10793454921597942,0.00025615344274454444,0.0,0
44694,54,2,2.2806121649750444,3.0614822766318976,0.7808701116568533,0.10803214157603655,0.0003537458028016749,0.0,0
44694,54,3,2.2806121649750444,3.4577252496213844,1.17711308464634,0.10767839577323488,0.0,0.0,0
44694,55,1,3.28391551395723,3.431106451506144,0.14719093754891377,0.13237746804142864,0.0,0.06035356129099112,1
44694,55,2,3.28391551395723,3.6140243235255083,0.33010880956827826,0.19326299208464073,0.0608855240432121,0.0,0
44694,55,3,3.28391551395723,3.6940203839050825,0.41010486994785245,0.20672108627073868,0.07434361822931004,0.0,0
44694,56,1,1.8961977681255746,1.9823189788865885,0.08612121076101387,0.12602921623868923,0.0,0.06035356129099109,1
44694,56,2,1.8961977681255746,2.1371857112087764,0.24098794308320182,0.1710709553685046,0.04504173912981538,0.0,0
44694,56,3,1.8961977681255746,2.1204595031501006,0.22426173502452595,0.19561922346167082,0.06959000722298159,0.0,0
44694,57,1,2.087435418674752,3.4776984369028483,1.3902630182280964,0.13691565790203122,0.004294919656908341,0.06035356129099109,1
44694,57,2,2.087435418674752,3.0819697056388873,0.9945342869641354,0.13262073824512288,0.0,0.0,0
44694,57,3,2.087435418674752,2.8833369553396073,0.7959015366648554,0.13719284800140935,0.004572109756286469,0.0,0
44694,58,1,1.0511989703639883,1.1541030252542552,0.10290405489026688,0.14175196001836876,0.0,0.0729037026160147,1
44694,58,2,1.0511989703639883,1.28261947410134,0.23142050373735157,0.16464024592328966,0.022888285904920896,0.0,0
44694,58,3,1.0511989703639883,1.331482383878083,0.2802834135140946,0.17361585878891608,0.03186389877054732,0.0,0
44694,59,1,0.9802082205615674,1.2424865335040591,0.2622783129424917,0.11372418795323093,0.0,0.07290370261601467,1
44694,59,2,0.9802082205615674,1.4362114989350698,0.4560032783735024,0.1219511313952705,0.008226943442039572,0.0,0
44694,59,3,0.9802082205615674,1.4281996693687375,0.4479914488071701,0.12743551871065978,0.01371133075742885,0.0,0
44694,60,1,2.160039158508588,3.717205691535854,1.557166533027266,0.1092991902990944,0.010361237291116071,0.07290370261601468,1
44694,60,2,2.160039158508588,2.8045212805209787,0.6444821220123909,0.10013032515504945,0.0011923721470711163,0.0,0
44694,60,3,2.160039158508588,3.6387376396454796,1.4786984811368917,0.09893795300797834,0.0,0.0,0
44694,61,1,1.8766452556043476,2.2264883387524144,0.3498430831480668,0.12582471457212993,0.0,0.056866317754043494,1
44694,61,2,1.8766452556043476,2.19993256651868,0.3232873109143324,0.19547574076831803,0.0696510261961881,0.0,0
44694,61,3,1.8766452556043476,2.9189679663523007,1.0423227107479531,0.2488314683226748,0.12300675375054487,0.0,0
44694,62,1,2.079543456003641,2.4464853258933945,0.3669418698897533,0.13105246676980148,0.0,0.0568663177540435,1
44694,62,2,2.079543456003641,2.4888255771655663,0.4092821211619251,0.2046890930124854,0.07363662624268391,0.0,0
44694,62,3,2.079543456003641,3.131568184389117,1.0520247283854758,0.25245129000498007,0.12139882323517859,0.0,0
44694,63,1,2.0863112345726895,2.816784292854469,0.7304730582817793,0.16512097343712426,0.0,0.0,0
44694,63,2,2.0863112345726895,3.0279072869983215,0.9415960524256319,0.22948097355149347,0.06436000011436921,0.006855628514152112,1
44694,63,3,2.0863112345726895,4.064745259155653,1.9784340245829632,0.2883777705901953,0.12325679715307106,0.008826220728174294,1
44694,64,1,2.356643835188111,3.0802059501471146,0.7235621149590035,0.14132310286432756,0.0,0.0,0
44694,64,2,2.356643835188111,3.2760428444208323,0.9193990092327211,0.215605203902624,0.07428210103829644,0.001970592214022182,0
44694,64,3,2.356643835188111,4.452907754434337,2.096263919246226,0.2729645531746507,0.13164145031032312,0.012576798557582175,1
44694,65,1,11.713969070123103,11.86346550251003,0.14949643238692722,0.07742456465345374,0.0,0.0048555357068098964,0
44694,65,2,11.713969070123103,11.891983993336948,0.17801492321384593,0.10139842427743755,0.02397385962398381,0.0,0
44694,65,3,11.713969070123103,11.91866118821319,0.2046921180900867,0.09867577060808298,0.021251205954629246,0.0,0
44694,66,1,16.825438007813908,16.903446862234027,0.07800885442011918,0.1404826039518425,0.0,0.0,0
44694,66,2,16.825438007813908,16.947604835900044,0.12216682808613655,0.19676551812791634,0.05628291417607384,0.0324725712917864,1
44694,66,3,16.825438007813908,17.151941074217188,0.32650306640328,0.2353152922755173,0.09483268832367481,0.040712705371611015,1
44694,67,1,13.377690482285029,13.483050857896979,0.10536037561194966,0.14272325487066073,0.0,0.0,0
44694,67,2,13.377690482285029,13.607029439141105,0.22933895685607553,0.21053789627988514,0.06781464140922441,0.008240134079824619,1
44694,67,3,13.377690482285029,13.700815737366622,0.3231252550815924,0.22876899375304025,0.08604573888237951,0.008240134079824619,1
44694,68,1,13.021213778417348,13.147922822203597,0.12670904378624925,0.13275446751149592,0.0,0.0,0
44694,68,2,13.021213778417348,13.19575597417313,0.174542195755782,0.19481071960288096,0.062056252091385045,0.04543301590630604,1
44694,68,3,13.021213778417348,13.524976983419787,0.5037632050024392,0.24664977227379598,0.11389530476230006,0.058500966540501104,1
44694,69,1,13.281759263445725,13.486501264566726,0.2047420011210015,0.14797925116519384,0.0,0.0,0
44694,69,2,13.281759263445725,13.651276966280545,0.3695177028348198,0.23055343380842208,0.08257418264322824,0.013067950634195063,1
44694,69,3,13.281759263445725,14.02337247879333,0.7416132153476056,0.27013774263989443,0.12215849147470059,0.013067950634195063,1
44695,0,1,0.9881724756242756,1.275766325852167,0.2875938502278914,0.14134865965699442,0.0,0.0,0
44695,0,2,0.9881724756242756,1.492499849580825,0.5043273739565495,0.1553084137132956,0.013959754056301177,0.0,0
44695,0,3,0.9881724756242756,1.319730833317499,0.3315583576932235,0.15828000685438573,0.01693134719739131,0.0,0
44695,1,1,1.920581904992536,2.166754506823939,0.246172601831403,0.10282693868192318,0.0,0.0,0
44695,1,2,1.920581904992536,2.3461620247722075,0.4255801197796716,0.110122235349532,0.007295296667608822,0.0,0
44695,1,3,1.920581904992536,2.3741160870257065,0.45353418203317064,0.11562430664266304,0.012797367960739867,0.0,0
44695,2,1,2.0144505570227857,2.1184508009705274,0.10400024394774166,0.22422364137706846,0.0,0.11719371587709235,1
44695,2,2,2.0144505570227857,2.4858430563143714,0.47139249929158566,0.24913051132169572,0.024906869944627263,0.0,0
44695,2,3,2.0144505570227857,2.502782809006085,0.4883322519832993,0.2763161759908636,0.05209253461379515,0.0,0
44695,3,1,0.983046038208238,1.0859100385278997,0.1028640003196617,0.15576117288991123,0.0,0.0994052952975745,1
44695,3,2,0.983046038208238,1.235640239293708,0.25259420108547004,0.16205580237114253,0.006294629481231301,0.0,0
44695,3,3,0.983046038208238,1.167121784607282,0.18407574639904412,0.16344394677388752,0.007682773883976285,0.0,0
44695,4,1,1.3234503603556258,1.6873452805050722,0.36389492014944635,0.13343376703454884,0.0,0.0994052952975745,1
44695,4,2,1.3234503603556258,2.3966118692726583,1.0731615089170325,0.16019162966218334,0.026757862627634493,0.0,0
44695,4,3,1.3234503603556258,2.5264375145254063,1.2029871541697805,0.14481728066323626,0.01138351362868742,0.0,0
44695,5,1,1.9236430514466565,2.9088079082055485,0.985164856758892,0.11204546619804646,0.004575189376579941,0.09940529529757448,1
44695,5,2,1.9236430514466565,2.4494049597900323,0.5257619083433758,0.10747027682146652,0.0,0.0,0
44695,5,3,1.9236430514466565,2.6711202123473385,0.7474771609006821,0.11002302278870968,0.0025527459672431557,0.0,0
44695,6,1,2.219539688084998,2.414260854167032,0.19472116608203383,0.24250438259900003,0.0,0.040973385434023346,1
44695,6,2,2.219539688084998,2.5372275887541926,0.3176879006691946,0.2906598298374373,0.04815544723843729,0.0,0
44695,6,3,2.219539688084998,3.041257709608403,0.821718021523405,0.3136437401857327,0.07113935758673268,0.0,0
44695,7,1,1.4276179600127004,1.5843598766454727,0.15674191663277237,0.15032554031780118,0.0,0.040973385434023346,1
44695,7,2,1.4276179600127004,2.274567834250416,0.8469498742377157,0.20709737133832143,0.05677183102052025,0.0,0
44695,7,3,1.4276179600127004,2.1256673469502823,0.6980493869375819,0.19935657616150762,0.04903103584370644,0.0,0
44695,8,1,1.7136724844912798,1.855258153482589,0.1415856689913091,0.1833934005305277,0.0,0.040973385434023346,1
44695,8,2,1.7136724844912798,2.3383032312375436,0.6246307467462637,0.2240309988159551,0.0406375982854274,0.0,0
44695,8,3,1.7136724844912798,2.319560872052854,0.6058883875615741,0.21290515310101793,0.02951175257049024,0.0,0
44695,9,1,2.622589638413289,2.852278149935894,0.22968851152260505,0.1038891000231463,0.0,0.04097338543402333,1
44695,9,2,2.622589638413289,3.0184766927190045,0.3958870543057156,0.11653324374650445,0.012644143723358148,0.0,0
44695,9,3,2.622589638413289,3.1631738828665514,0.5405842444532625,0.12430881459334155,0.020419714570195244,0.0,0
44695,10,1,1.7298922466028102,1.8634502036349592,0.133557957032149,0.15234799646816133,0.0,0.0,0
44695,10,2,1.7298922466028102,2.1868001388590272,0.4569078922562171,0.2067870482388864,0.05443905177072508,0.0,0
44695,10,3,1.7298922466028102,2.1578082291885217,0.4279159825857115,0.20074061306096483,0.0483926165928035,0.0,0
44695,11,1,1.4430878536084173,1.5406800311287752,0.09759217752035787,0.14638545059760336,0.0,0.0,0
44695,11,2,1.4430878536084173,1.9698111856135399,0.5267233320051226,0.17881666038636332,0.03243120978875996,0.0,0
44695,11,3,1.4430878536084173,1.8904355741056045,0.4473477204971872,0.17741923470123824,0.031033784103634887,0.0,0
44695,12,1,2.432189068283578,2.5900481245230895,0.15785905623951146,0.13650890829712387,0.0,0.0,0
44695,12,2,2.432189068283578,2.945890640269776,0.5137015719861981,0.1553012117215015,0.018792303424377627,0.0,0
44695,12,3,2.432189068283578,3.5022607179088423,1.0700716496252642,0.1379259750802053,0.0014170667830814276,0.0,0
44695,13,1,2.970220753086158,3.0581006393186967,0.0878798862325385,0.17212591996357304,0.0,0.07872520279819883,1
44695,13,2,2.970220753086158,3.4283599795430972,0.45813922645693905,0.22730532021440322,0.05517940025083018,0.0,0
44695,13,3,2.970220753086158,3.221705031686851,0.2514842786006928,0.22451097518692367,0.05238505522335063,0.0,0
44695,14,1,1.2741118896743815,1.4151373494953332,0.14102545982095172,0.1612394020084425,0.0,0.07872520279819883,1
44695,14,2,1.2741118896743815,2.0304729452817716,0.7563610556073901,0.21783102360443868,0.05659162159599618,0.0,0
44695,14,3,1.2741118896743815,1.8809856371542633,0.6068737474798818,0.20740187911541058,0.04616247710696808,0.0,0
44695,15,1,1.8681229913681912,3.1606783124321947,1.2925553210640035,0.16887305428260804,0.01340952328416875,0.07872520279819883,1
44695,15,2,1.8681229913681912,2.6693035287145785,0.8011805373463874,0.1554635309984393,0.0,0.0,0
44695,15,3,1.8681229913681912,2.9229117516622227,1.0547887602940316,0.15807696734967064,0.0026134363512313463,0.0,0
44695,16,1,3.6362805388836366,3.837149139087753,0.20086860020411645,0.2210545879579347,0.0,0.0,0
44695,16,2,3.6362805388836366,3.928159151828993,0.29187861294535633,0.23164092136570494,0.010586333407770238,0.0,0
44695,16,3,3.6362805388836366,4.073514494092184,0.4372339552085478,0.22623062116079043,0.005176033202855729,0.0,0
44695,17,1,2.1723899342298028,2.372447587979509,0.20005765374970608,0.17349486673565612,0.0,0.0,0
44695,17,2,2.1723899342298028,2.746424332865012,0.5740343986352094,0.22166528861851478,0.048170421882858666,0.0,0
44695,17,3,2.1723899342298028,2.609832827304973,0.43744289307517015,0.214826236233984,0.041331369498327886,0.0,0
44695,18,1,2.1207762517078015,2.2530335064613447,0.13225725475354322,0.16850161257805385,0.0,0.0921228452204575,1
44695,18,2,2.1207762517078015,2.551732878305183,0.43095662659738165,0.22871877537237628,0.06021716279432243,0.0,0
44695,18,3,2.1207762517078015,2.4557317603537188,0.3349555086459173,0.22106315575310242,0.052561543175048575,0.0,0
44695,19,1,1.9924861864883154,2.0502988346598183,0.05781264817150289,0.16345367828422228,0.0,0.09212284522045747,1
44695,19,2,1.9924861864883154,2.2305573333637776,0.23807114687546216,0.19022854363514033,0.026774865350918053,0.0,0
44695,19,3,1.9924861864883154,2.2123209456173507,0.21983475912903527,0.1899802758803029,0.026526597596080614,0.0,0
44695,20,1,2.251454677262129,2.5989337579163903,0.34747908065426136,0.11496143198824232,0.0,0.09212284522045748,1
44695,20,2,2.251454677262129,2.6784820511077996,0.4270273738456707,0.11604585828404089,0.0010844262957985656,0.0,0
44695,20,3,2.251454677262129,2.90442086860538,0.6529661913432512,0.11836193688726324,0.003400504899020912,0.0,0
44695,21,1,2.890544848690692,3.872746903573342,0.98220205488265,0.16068530076637458,0.0,0.04140990279499965,1
44695,21,2,2.890544848690692,3.916506216928357,1.025961368237665,0.2332839933378608,0.07259869257148621,0.0,0
44695,21,3,2.890544848690692,4.693971727451979,1.8034268787612868,0.3221919787574159,0.16150667799104132,0.0,0
44695,22,1,2.4311932790461794,2.8808452544460907,0.4496519753999113,0.23857018438571326,0.0,0.0,0
44695,22,2,2.4311932790461794,3.0967313672432075,0.6655380881970281,0.2769497680805859,0.038379583694872654,0.0,0
44695,22,3,2.4311932790461794,3.4047372785291437,0.9735439994829642,0.3514489610863364,0.11287877670062313,0.0,0
44695,23,1,5.800538559113151,6.015484513713446,0.21494595460029498,0.23677977535956443,0.0,0.0,0
44695,23,2,5.800538559113151,6.06856493427609,0.2680263751629388,0.2444175412528913,0.0076377658933268755,0.0,0
44695,23,3,5.800538559113151,6.038024521646699,0.23748596253354837,0.251704366415439,0.014924591055874542,0.0,0
44695,24,1,5.353353197484067,5.427615765185388,0.07426256770132156,0.12723314788969897,0.0,0.0,0
44695,24,2,5.353353197484067,5.611068460878601,0.2577152633945339,0.13349144270596494,0.006258294816265969,0.0,0
44695,24,3,5.353353197484067,5.58815339815125,0.2348002006671832,0.1408220182250657,0.013588870335366737,0.0,0
44695,25,1,2.9869708998122535,3.1044314657160035,0.11746056590374998,0.2058341479098429,0.0,0.0,0
44695,25,2,2.9869708998122535,3.238835570585148,0.25186467077289443,0.23783057742779715,0.031996429517954256,0.0,0
44695,25,3,2.9869708998122535,3.2752218254974723,0.2882509256852188,0.24657449153583874,0.04074034362599585,0.0,0
44695,26,1,3.296883631096771,3.398748250723591,0.10186461962682003,0.120441725256127,0.0,0.0,0
44695,26,2,3.296883631096771,3.479249662034063,0.18236603093729187,0.13198833921364897,0.011546613957521976,0.0,0
44695,26,3,3.296883631096771,3.4384543085470924,0.14157067745032137,0.14429038016659831,0.02384865491047132,0.0,0
44695,27,1,40.011336280539105,40.02792362202301,0.016587341483905504,0.22219781238891545,0.0,0.0,0
44695,27,2,40.011336280539105,40.03709319237803,0.02575691183892559,0.24390996174804294,0.02171214935912749,0.0,0
44695,27,3,40.011336280539105,40.03183603775651,0.020499757217407932,0.2581542101480844,0.03595639775916892,0.0,0
44695,28,1,39.957454105894556,39.96668315649303,0.009229050598477784,0.17125852467326194,0.0,0.0,0
44695,28,2,39.957454105894556,39.988644367140594,0.03119026124603863,0.18010052877977362,0.008842004106511675,0.0,0
44695,28,3,39.957454105894556,39.99243850593291,0.034984400038354124,0.17847700666569444,0.007218481992432496,0.0,0
44695,29,1,39.97685635521273,40.01251779922898,0.03566144401624882,0.06789308312827294,0.0,0.0,0
44695,29,2,39.97685635521273,40.04670541061064,0.06984905539790986,0.07662215642102373,0.008729073292750786,0.0,0
44695,29,3,39.97685635521273,40.06816117173467,0.09130481652194078,0.07350004117224092,0.005606958043967977,0.0,0
44695,30,1,1.0150367620992233,1.441774557873791,0.4267377957745677,0.16139554709181778,0.0,0.16642518740248455,1
44695,30,2,1.0150367620992233,1.4747123286085477,0.4596755665093244,0.1681201378386976,0.0067245907468798105,0.09590026697014986,1
44695,30,3,1.0150367620992233,1.6192264710773319,0.6041897089781085,0.1801478589550261,0.018752311863208332,0.0,0
44695,31,1,2.42000263069721,3.0403800161491707,0.6203773854519605,0.1757909207464485,0.0074504836884052295,0.16642518740248458,1
44695,31,2,2.42000263069721,3.3655380306241924,0.9455353999269822,0.180736526327802,0.012396089269758714,0.09590026697014988,1
44695,31,3,2.42000263069721,4.033965223519912,1.613962592822702,0.16834043705804327,0.0,0.0,0
44695,32,1,0.8882016568485991,1.0870481656788442,0.19884650883024513,0.14092969915244907,0.0,0.02502591271417151,1
44695,32,2,0.8882016568485991,1.3151003784256363,0.42689872157703723,0.14962377620311773,0.008694077050668658,0.0,0
44695,32,3,0.8882016568485991,1.125248690867734,0.23704703401913485,0.1618868941503887,0.020957194997939632,0.0,0
44695,33,1,2.517248558753974,2.9360157846541854,0.4187672259002113,0.13700783335601333,0.0,0.025025912714171483,1
44695,33,2,2.517248558753974,3.5517477708009197,1.0344992120469456,0.15858795604326248,0.021580122687249154,0.0,0
44695,33,3,2.517248558753974,3.2427436677681007,0.7254951090141266,0.15711189826671143,0.020104064910698105,0.0,0
44695,34,1,2.9580850530311267,3.413220619113127,0.45513556608200023,0.10824000346406101,0.0013600412737935358,0.025025912714171483,1
44695,34,2,2.9580850530311267,3.228217785770961,0.2701327327398344,0.10687996219026748,0.0,0.0,0
44695,34,3,2.9580850530311267,3.606634753470911,0.6485497004397844,0.11640079351092304,0.009520831320655565,0.0,0
44695,35,1,2.050668744191229,2.2248163461013823,0.17414760191015333,0.21263630687882548,0.0,0.09644023881596886,1
44695,35,2,2.050668744191229,2.4818407005715732,0.4311719563803442,0.22916742296023346,0.016531116081407976,0.0,0
44695,35,3,2.050668744191229,2.448597493819984,0.3979287496287549,0.22630882970650468,0.013672522827679195,0.0,0
44695,36,1,1.6995890006528072,2.2514037841177563,0.5518147834649492,0.18511793874656324,0.0007822054515397858,0.09644023881596892,1
44695,36,2,1.6995890006528072,2.7737423204596032,1.074153319806796,0.18433573329502345,0.0,0.0,0
44695,36,3,1.6995890006528072,1.9499275559761333,0.25033855532332616,0.19509843378489145,0.010762700489867993,0.0,0
44695,37,1,2.1922736426458425,2.3568767364098613,0.16460309376401883,0.1356046068803652,0.0,0.09644023881596889,1
44695,37,2,2.1922736426458425,2.5383928020209456,0.3461191593751032,0.14248799628400496,0.00688338940363975,0.0,0
44695,37,3,2.1922736426458425,2.4769679830255917,0.2846943403797493,0.14515143958389087,0.00954683270352566,0.0,0
44695,38,1,2.9464254635732248,3.276650667696873,0.3302252041236482,0.09048996711462876,0.0,0.09644023881596887,1
44695,38,2,2.9464254635732248,3.3443687940519737,0.39794333047874897,0.10076733266328988,0.010277365548661127,0.0,0
44695,38,3,2.9464254635732248,3.4080713024728766,0.46164583889965183,0.10639103660940943,0.01590106949478068,0.0,0
44695,39,1,2.020387238362374,2.1665740061552046,0.14618676779283035,0.21569065049079247,0.0,0.0,0
44695,39,2,2.020387238362374,2.454971644084597,0.43458440572222257,0.23586853616429965,0.020177885673507173,0.0,0
44695,39,3,2.020387238362374,2.465367756811248,0.44498051844887376,0.23950445637902923,0.023813805888236755,0.0,0
44695,40,1,1.9701146232190176,2.1020593506196503,0.13194472740063268,0.14619685725747353,0.0,0.0,0
44695,40,2,1.9701146232190176,2.3780327506855317,0.407918127466514,0.16058381140043698,0.014386954142963454,0.0,0
44695,40,3,1.9701146232190176,2.2875461460965085,0.3174315228774909,0.16773797499002877,0.021541117732555237,0.0,0
44695,41,1,1.9082013465958938,2.0154834377415733,0.10728209114567955,0.12999312539161983,0.0,0.0,0
44695,41,2,1.9082013465958938,2.2200679691783813,0.31186662258248754,0.14138889608073033,0.01139577068911049,0.0,0
44695,41,3,1.9082013465958938,2.1040924999357355,0.19589115333984175,0.1500036285447328,0.020010503153112952,0.0,0
44695,42,1,2.334819020674145,2.4868573890243026,0.1520383683501576,0.07958762467088677,0.0,0.0,0
44695,42,2,2.334819020674145,2.669477946456645,0.3346589257825001,0.09192095399219542,0.01233332932130865,0.0,0
44695,42,3,2.334819020674145,2.6277219840260693,0.29290296335192423,0.09363290736604306,0.014045282695156286,0.0,0
44695,43,1,1.6792663454843022,1.8470974084522502,0.16783106296794803,0.15314988327160797,0.0,0.0,0
44695,43,2,1.6792663454843022,2.4011946006038096,0.7219282551195074,0.20259398186766955,0.04944409859606158,0.0,0
44695,43,3,1.6792663454843022,2.5596805829631313,0.8804142374788291,0.1982868698094426,0.04513698653783463,0.0,0
44695,44,1,1.821940087542136,2.013194108415946,0.19125402087380983,0.1385064429681248,0.0,0.0,0
44695,44,2,1.821940087542136,2.654241905052255,0.8323018175101191,0.1813799803616171,0.042873537393492284,0.0,0
44695,44,3,1.821940087542136,2.710342359996117,0.8884022724539811,0.1744338846373713,0.035927441669246496,0.0,0
44695,45,1,1.486192422237803,1.8001166589414066,0.3139242367036037,0.13744182663019536,0.0,0.0,0
44695,45,2,1.486192422237803,2.4642142949550148,0.9780218727172119,0.16113040164652764,0.023688575016332286,0.0,0
44695,45,3,1.486192422237803,2.3253086442960234,0.8391162220582205,0.15190296260469566,0.0144611359745003,0.0,0
44695,46,1,52.84140262850544,52.84930864084555,0.007906012340107793,0.19775368357448375,0.0,0.0,0
44695,46,2,52.84140262850544,52.87011724928925,0.028714620783809153,0.21771766651935,0.01996398294486626,0.0,0
44695,46,3,52.84140262850544,52.86386698451643,0.022464356010985398,0.21650645282512307,0.018752769250639317,0.0,0
44695,47,1,52.84940818260586,52.97622543288567,0.12681725027980661,0.2348851089562957,0.0022429318153933953,0.0,0
44695,47,2,52.84940818260586,52.88039192551378,0.030983742907913836,0.23310465580578535,0.00046247866488305367,0.0,0
44695,47,3,52.84940818260586,52.96294015874702,0.11353197614115373,0.2326421771409023,0.0,0.0,0
44695,48,1,52.74685865596406,52.8691431513407,0.12228449537663977,0.20406164536466673,0.005456130254549996,0.0,0
44695,48,2,52.74685865596406,52.81915477701384,0.07229612104978145,0.19860551511011673,0.0,0.0,0
44695,48,3,52.74685865596406,52.790247139218465,0.04338848325440381,0.2007988467670309,0.0021933316569141548,0.0,0
44695,49,1,52.73523736433573,52.76306813200281,0.027830767667076373,0.05917532034761814,0.0,0.0,0
44695,49,2,52.73523736433573,52.78964903390897,0.054411669573241284,0.07212407099742744,0.012948750649809306,0.0,0
44695,49,3,52.73523736433573,52.799346950650815,0.06410958631508379,0.07004363868664891,0.01086831833903077,0.0,0
44695,50,1,1.9288779672106144,2.2269254016887006,0.2980474344780861,0.22347980053981478,0.0,0.05463759071258406,1
44695,50,2,1.9288779672106144,2.628979402535765,0.7001014353251505,0.24971835124099914,0.02623855070118436,0.0,0
44695,50,3,1.9288779672106144,2.665064558671456,0.7361865914608414,0.2845923642341985,0.0611125636943837,0.0,0
44695,51,1,0.9705618313527185,1.1851513665813485,0.21458953522863,0.13411664653323502,0.0,0.07431476017452598,1
44695,51,2,0.9705618313527185,1.3913318620598953,0.4207700307071769,0.1432235557900003,0.009106909256765272,0.0,0
44695,51,3,0.9705618313527185,1.3850728503969818,0.41451101904426335,0.17060095456453175,0.036484308031296736,0.0,0
44695,52,1,1.937338270577103,2.162172100692418,0.224833830115315,0.13283500586909036,0.0,0.07431476017452598,1
44695,52,2,1.937338270577103,2.6693291945070126,0.7319909239299096,0.15854629038633633,0.02571128451724597,0.0,0
44695,52,3,1.937338270577103,2.4929824386576946,0.5556441680805917,0.15363995726309446,0.020804951394004095,0.0,0
44695,53,1,2.7026826026698165,3.1805601751306893,0.4778775724608728,0.10466325267397274,0.002286317116588471,0.07431476017452597,1
44695,53,2,2.7026826026698165,2.9416201304461955,0.238937527776379,0.10237693555738427,0.0,0.0,0
44695,53,3,2.7026826026698165,3.241570975008627,0.5388883723388105,0.11337445513936702,0.010997519581982751,0.0,0
44695,54,1,3.5752991256033213,3.7288889674431767,0.15358984183985536,0.18272886154749302,0.0,0.059004448740385684,1
44695,54,2,3.5752991256033213,4.276802649566657,0.701503523963336,0.2357703798631045,0.05304151831561149,0.0,0
44695,54,3,3.5752991256033213,3.8096739802691024,0.23437485466578112,0.23691798917414808,0.054189127626655065,0.0,0
44695,55,1,2.1448196237869235,2.2868726288429593,0.1420530050560358,0.17775274301788807,0.0,0.05900444874038574,1
44695,55,2,2.1448196237869235,2.6491355922742814,0.5043159684873579,0.23071218952067346,0.05295944650278539,0.0,0
44695,55,3,2.1448196237869235,2.6715524336481096,0.5267328098611861,0.232126790091323,0.054374047073434933,0.0,0
44695,56,1,2.131012575025646,3.3987200151076293,1.2677074400819834,0.1482341175428933,0.0038895543668209243,0.059004448740385726,1
44695,56,2,2.131012575025646,2.7859621674036203,0.6549495923779745,0.1443445631760724,0.0,0.0,0
44695,56,3,2.131012575025646,2.9168580063707594,0.7858454313451135,0.147026442892899,0.002681879716826624,0.0,0
44695,57,1,2.152768041736104,2.264837214447486,0.11206917271138206,0.2248762450986062,0.0,0.07252361883677949,1
44695,57,2,2.152768041736104,2.494865362131338,0.3420973203952342,0.25230728188809715,0.027431036789490937,0.0,0
44695,57,3,2.152768041736104,2.453871091954111,0.301103050218007,0.25134137214758934,0.026465127048983128,0.0,0
44695,58,1,1.7245060622691348,1.8252541029203058,0.10074804065117093,0.16639759162826806,0.0,0.07252361883677946,1
44695,58,2,1.7245060622691348,2.122867164335999,0.39836110206686404,0.18076833511806947,0.014370743489801413,0.0,0
44695,58,3,1.7245060622691348,1.984490257228564,0.25998419495942926,0.18986326986294888,0.02346567823468082,0.0,0
44695,59,1,1.727337384368027,1.9363347145615095,0.20899733019348243,0.1313155862144192,0.0,0.07252361883677949,1
44695,59,2,1.727337384368027,2.485642182919105,0.758304798551078,0.13439107821575644,0.003075492001337249,0.0,0
44695,59,3,1.727337384368027,2.2562771542616042,0.5289397698935772,0.14160133852896728,0.010285752314548091,0.0,0
44695,60,1,2.221979331518514,2.749467325431728,0.5274879939132138,0.11618749676235521,0.01133748542921248,0.07252361883677949,1
44695,60,2,2.221979331518514,2.4509851157588156,0.2290057842403015,0.10485001133314273,0.0,0.0,0
44695,60,3,2.221979331518514,2.768310989549897,0.5463316580313831,0.11004789583152007,0.005197884498377339,0.0,0
44695,61,1,2.449882937674464,2.766218026350695,0.31633508867623084,0.19205894921823247,0.0,0.05692639055389481,1
44695,61,2,2.449882937674464,2.9450122156489025,0.4951292779744385,0.25980901238327503,0.06775006316504256,0.0,0
44695,61,3,2.449882937674464,3.1542305778663455,0.7043476401918816,0.33612494416805944,0.14406599494982697,0.0,0
44695,62,1,2.3365951152327478,2.6911125929129325,0.3545174776801847,0.18719697485267905,0.0,0.056926390553894805,1
44695,62,2,2.3365951152327478,2.9684613205007926,0.6318662052680448,0.212203553450935,0.025006578598255946,0.0,0
44695,62,3,2.3365951152327478,3.5673198698494644,1.2307247546167166,0.30360893382693466,0.1164119589742556,0.0,0
44695,63,1,2.1870216038417296,3.148694399298988,0.9616727954572584,0.18993730713762083,0.0,0.0,0
44695,63,2,2.1870216038417296,3.245660775866427,1.0586391720246975,0.24235530846450246,0.052418001326881625,0.007723718360233556,1
44695,63,3,2.1870216038417296,4.41635954964751,2.22933794580578,0.3471162392225,0.15717893208487918,0.010064006333699527,1
44695,64,1,3.057106697492822,3.7202627423257866,0.6631560448329648,0.11292914345893307,0.0,0.0,0
44695,64,2,3.057106697492822,3.5353464725109034,0.47823977501808157,0.16885084184150978,0.05592169838257671,0.002340287973465971,0
44695,64,3,3.057106697492822,4.828906546806889,1.7717998493140668,0.28788005161360114,0.17495090815466807,0.014355080539181081,1
44695,65,1,1.221302929176304,1.4219494976365445,0.20064656846024054,0.14525673561341101,0.0,0.04445282158460079,1
44695,65,2,1.221302929176304,1.8877935419216727,0.6664906127453687,0.19428278279664984,0.04902604718323883,0.0,0
44695,65,3,1.221302929176304,1.9235649052086488,0.7022619760323447,0.19207282989478638,0.04681609428137537,0.0,0
44695,66,1,7.651458527835601,7.95363871572374,0.3021801878881387,0.2172086504343956,0.0,0.04445282158460079,1
44695,66,2,7.651458527835601,8.009068279876546,0.35760975204094514,0.2472784023871417,0.030069751952746082,0.0,0
44695,66,3,7.651458527835601,8.095212861171456,0.4437543333358551,0.27980286886750444,0.06259421843310883,0.0,0
44695,67,1,1.1218658887350883,1.4546726921245763,0.332806803389488,0.12664438588991947,0.0,0.0,0
44695,67,2,1.1218658887350883,2.2032891826409275,1.0814232939058392,0.1577784522064322,0.03113406631651272,0.0,0
44695,67,3,1.1218658887350883,2.021718447938926,0.8998525592038376,0.14735433846345022,0.020709952573530754,0.0,0
44695,68,1,16.789325498251156,16.946984049197503,0.15765855094634773,0.10441199135349874,0.0,0.0054536215582729475,1
44695,68,2,16.789325498251156,16.871678834488055,0.08235333623689911,0.10713801685467604,0.002726025501177301,0.0,0
44695,68,3,16.789325498251156,16.948803561405747,0.1594780631545909,0.1078728693295595,0.003460877976060761,0.0,0
44695,69,1,17.716750928681062,17.828079196356434,0.11132826767537196,0.17879604465329066,0.0,0.0,0
44695,69,2,17.716750928681062,17.908739397367118,0.19198846868605557,0.22739383518828316,0.0485977905349925,0.032025004768027006,1
44695,69,3,17.716750928681062,17.90150935989212,0.1847584312110584,0.22689435307835254,0.04809830842506188,0.0395145201052236,1
44695,70,1,14.206715073138403,14.488217765316003,0.28150269217760027,0.25349986892389703,0.0,0.0,0
44695,70,2,14.206715073138403,14.440046207363295,0.23333113422489227,0.27563322508376614,0.02213335615986911,0.007489515337196589,1
44695,70,3,14.206715073138403,14.578909918279683,0.37219484514128,0.29550166615746565,0.042001797233568616,0.007489515337196589,1
44695,71,1,13.695114785245185,13.904781563624033,0.20966677837884795,0.20796512805821235,0.0,0.0,0
44695,71,2,13.695114785245185,13.912816182294273,0.21770139704908864,0.2564520282674138,0.04848690020920146,0.04537007707494981,1
44695,71,3,13.695114785245185,14.278451526873786,0.5833367416286013,0.31549002602398596,0.10752489796577361,0.058120221800061815,1
44695,72,1,14.110615203810104,14.537258272220956,0.4266430684108524,0.2800311072384943,0.0,0.0,0
44695,72,2,14.110615203810104,14.488254985247798,0.3776397814376935,0.3113430893231883,0.031311982084694046,0.012750144725112007,1
44695,72,3,14.110615203810104,15.348567630874033,1.237952427063929,0.406148932971586,0.12611782573309172,0.012750144725112007,1
44696,0,1,0.938099871586471,1.0560376067481099,0.11793773516163886,0.14613294834693877,0.0,0.10092524410636536,1
44696,0,2,0.938099871586471,1.639783838875286,0.7016839672888149,0.1639244204515797,0.017791472104640937,0.0,0
44696,0,3,0.938099871586471,1.7722068298057578,0.8341069582192868,0.16267294726994935,0.016539998923010585,0.0,0
44696,1,1,1.3653275782081309,2.7122147199847744,1.3468871417766435,0.15702731283636703,0.014360984902600321,0.10092524410636536,1
44696,1,2,1.3653275782081309,2.1142476717131347,0.7489200935050038,0.1587799723606005,0.0161136444268338,0.0,0
44696,1,3,1.3653275782081309,2.6216322091960818,1.2563046309879509,0.1426663279337667,0.0,0.0,0
44696,2,1,2.393816073577803,2.742672820401481,0.34885674682367807,0.08621914476107452,0.0,0.10092524410636536,1
44696,2,2,2.393816073577803,2.8214397663273636,0.42762369274956047,0.09940649509201048,0.01318735033093596,0.0,0
44696,2,3,2.393816073577803,2.98361662367945,0.5898005501016468,0.11325349844000825,0.027034353678933726,0.0,0
44696,3,1,2.3980659845083405,2.60958232916438,0.2115163446560393,0.23093238346070152,0.0,0.03952407284495574,1
44696,3,2,2.3980659845083405,2.8470748024108916,0.4490088179025511,0.25045058716855384,0.019518203707852316,0.0,0
44696,3,3,2.3980659845083405,2.7118429649863005,0.31377698047796,0.26778464283110914,0.03685225937040762,0.0,0
44696,4,1,1.3739170125537759,1.5310679131275464,0.15715090057377057,0.15561837626800828,0.0,0.03952407284495568,1
44696,4,2,1.3739170125537759,1.7231152346278589,0.349198222074083,0.17475824226312006,0.019139865995111777,0.0,0
44696,4,3,1.3739170125537759,1.5944388724982237,0.22052185994444784,0.18045341434488735,0.024835038076879062,0.0,0
44696,5,1,1.7509354954032517,1.9860734161943916,0.23513792079113993,0.1977570231673109,0.0,0.03952407284495574,1
44696,5,2,1.7509354954032517,2.2894237270949462,0.5384882316916946,0.22435453485692927,0.02659751168961838,0.0,0
44696,5,3,1.7509354954032517,2.0721761074336853,0.32124061203043364,0.22957413995370654,0.03181711678639565,0.0,0
44696,6,1,2.745809421492841,2.9762744656236317,0.23046504413079072,0.08104738067411815,0.0,0.039524072844955724,1
44696,6,2,2.745809421492841,3.4030590407734094,0.6572496192805684,0.11496196742343169,0.03391458674931354,0.0,0
44696,6,3,2.745809421492841,3.211845320875311,0.46603589938247003,0.11902617395210237,0.037978793277984216,0.0,0
44696,7,1,1.7483460974711496,1.9449015228961286,0.19655542542497906,0.16382093308465176,0.0,0.0,0
44696,7,2,1.7483460974711496,2.3733217691627098,0.6249756716915602,0.18883610918172347,0.025015176097071712,0.0,0
44696,7,3,1.7483460974711496,2.28837171977394,0.5400256223027906,0.18653177177948022,0.022710838694828456,0.0,0
44696,8,1,1.3889262852266948,1.510376634253133,0.12145034902643825,0.15990507045073993,0.0,0.0,0
44696,8,2,1.3889262852266948,1.9349041359798231,0.5459778507531283,0.1725387837129283,0.012633713262188373,0.0,0
44696,8,3,1.3889262852266948,2.028133854522175,0.6392075692954804,0.17212297361775492,0.012217903167014987,0.0,0
44696,9,1,2.3687810508238227,3.923318388640033,1.5545373378162104,0.1605976527607648,0.02911159392046575,0.0,0
44696,9,2,2.3687810508238227,2.9057852935621877,0.537004242738365,0.15249687678467216,0.021010817944373122,0.0,0
44696,9,3,2.3687810508238227,3.5568137984664303,1.1880327476426076,0.13148605884029904,0.0,0.0,0
44696,10,1,3.009916910584107,3.0810471650147333,0.07113025443062648,0.17775854832311605,0.0,0.07922247235764562,1
44696,10,2,3.009916910584107,3.308389376451116,0.29847246586700926,0.2069860526389236,0.029227504315807562,0.0,0
44696,10,3,3.009916910584107,3.166007104482324,0.15609019389821732,0.21304133178473844,0.03528278346162239,0.0,0
44696,11,1,1.295982202486647,1.379237901000208,0.08325569851356107,0.17292198885056959,0.0,0.07922247235764562,1
44696,11,2,1.295982202486647,1.5159888378953243,0.22000663540867738,0.19061261737499643,0.01769062852442685,0.0,0
44696,11,3,1.295982202486647,1.4589745202685493,0.16299231778190237,0.19535105449000853,0.022429065639438944,0.0,0
44696,12,1,2.119517287854871,3.657517686811187,1.5380003989563158,0.1617411059949764,0.011747735464593817,0.07922247235764562,1
44696,12,2,2.119517287854871,2.3951333094897187,0.27561602163484755,0.15141351299265643,0.0014201424622738434,0.0,0
44696,12,3,2.119517287854871,3.460904329298066,1.3413870414431948,0.14999337053038259,0.0,0.0,0
44696,13,1,3.696459818169784,4.892054841186042,1.1955950230162578,0.24546472211587955,0.007910938533460338,0.0,0
44696,13,2,3.696459818169784,4.200779208500466,0.5043193903306817,0.23755378358241921,0.0,0.0,0
44696,13,3,3.696459818169784,4.413959527368239,0.7174997091984552,0.2403707439961891,0.0028169604137698867,0.0,0
44696,14,1,2.1437523260828386,2.3115771621128873,0.16782483603004872,0.1802808548458477,0.0,0.0,0
44696,14,2,2.1437523260828386,3.026655850958721,0.8829035248758825,0.19739684817600067,0.017115993330152984,0.0,0
44696,14,3,2.1437523260828386,2.882045385697072,0.7382930596142332,0.1944424933550406,0.014161638509192914,0.0,0
44696,15,1,2.1479166642981564,2.503116101812594,0.3551994375144374,0.19729353155044987,0.0,0.09076231660084064,1
44696,15,2,2.1479166642981564,2.5644000851213082,0.4164834208231518,0.21099961238210804,0.013706080831658168,0.0,0
44696,15,3,2.1479166642981564,2.6072326325399264,0.45931596824177,0.21396105677062274,0.01666752522017287,0.0,0
44696,16,1,2.0265907211988803,3.0872711323866278,1.0606804111877475,0.18844295508765166,0.0089327890682189,0.09076231660084064,1
44696,16,2,2.0265907211988803,2.9442061650901925,0.9176154438913122,0.17951016601943276,0.0,0.0,0
44696,16,3,2.0265907211988803,2.371219993130243,0.3446292719313626,0.18963686827580473,0.010126702256371967,0.0,0
44696,17,1,2.340008332737986,2.5559347359860825,0.2159264032480963,0.0872757080535157,0.0,0.09076231660084064,1
44696,17,2,2.340008332737986,3.1077649991815397,0.7677566664435536,0.11639584873277237,0.029120140679256667,0.0,0
44696,17,3,2.340008332737986,3.1170562400053874,0.7770479072674012,0.11462732784428929,0.027351619790773593,0.0,0
44696,18,1,2.94041349784516,3.7448748604537423,0.8044613626085821,0.17645911207633452,0.0,0.04170134830911225,1
44696,18,2,2.94041349784516,3.554199932744987,0.613786434899827,0.21178922853752535,0.03533011646119083,0.0,0
44696,18,3,2.94041349784516,5.251377519087178,2.310964021242018,0.2851632365818965,0.108704124505562,0.0,0
44696,19,1,2.4843334994077746,3.0984846498514695,0.614151150443695,0.21683059581555747,0.0,0.0,0
44696,19,2,2.4843334994077746,3.1295240958845034,0.6451905964767288,0.2435974332414473,0.02676683742588984,0.0,0
44696,19,3,2.4843334994077746,4.464102455613021,1.979768956205246,0.316250444570072,0.09941984875451454,0.0,0
44696,20,1,5.899961590542685,6.078462360086162,0.1785007695434766,0.23283289608328409,0.0,0.0,0
44696,20,2,5.899961590542685,6.072502862421993,0.17254127187930823,0.2414180726847663,0.008585176601482225,0.0,0
44696,20,3,5.899961590542685,6.074597523061657,0.1746359325189717,0.2527766364414253,0.0199437403581412,0.0,0
44696,21,1,5.482218654095312,5.821546884939762,0.3393282308444503,0.13533503292662566,0.002115847788134506,0.0,0
44696,21,2,5.482218654095312,6.057015709465092,0.5747970553697801,0.13321918513849115,0.0,0.0,0
44696,21,3,5.482218654095312,6.103147328233253,0.6209286741379412,0.14082354339870498,0.007604358260213828,0.0,0
44696,22,1,3.0140858633578116,3.1959966509505002,0.18191078759268864,0.20699345656052684,0.0,0.0,0
44696,22,2,3.0140858633578116,3.322760512328815,0.3086746489710035,0.22662548264756308,0.019632026087036236,0.0,0
44696,22,3,3.0140858633578116,3.289303776700278,0.2752179133424666,0.23796358425536462,0.030970127694837785,0.0,0
44696,23,1,3.41295023905539,3.520885402567231,0.10793516351184085,0.12686026529627809,0.0,0.0,0
44696,23,2,3.41295023905539,3.54114111743459,0.12819087837920007,0.13153550461451105,0.0046752393182329655,0.0,0
44696,23,3,3.41295023905539,3.697330005191678,0.2843797661362881,0.1396186527342063,0.012758387437928204,0.0,0
44696,24,1,40.66099996299035,40.697932828320255,0.03693286532990214,0.2394544736284399,0.0,0.0,0
44696,24,2,40.66099996299035,40.697758203071466,0.03675824008111306,0.25449774283225174,0.015043269203811827,0.0,0
44696,24,3,40.66099996299035,40.686998777733486,0.025998814743132925,0.26154761767864765,0.022093144050207736,0.0,0
44696,25,1,40.60090956426366,40.74490826011739,0.14399869585373182,0.18563070472446316,0.0037494630442433674,0.0,0
44696,25,2,40.60090956426366,40.62740156356141,0.02649199929775392,0.1833596861029822,0.0014784444227624038,0.0,0
44696,25,3,40.60090956426366,40.782534048570504,0.18162448430684464,0.1818812416802198,0.0,0.0,0
44696,26,1,40.629395783634926,40.76494265817556,0.13554687454063696,0.07771159506518706,0.00424167569685821,0.0,0
44696,26,2,40.629395783634926,40.73005180381542,0.10065602018049447,0.07797315671534434,0.004503237347015493,0.0,0
44696,26,3,40.629395783634926,40.886101613284936,0.2567058296500093,0.07346991936832885,0.0,0.0,0
44696,27,1,1.9358654057732578,3.0107557404560885,1.0748903346828307,0.23659304437407894,0.022557086930986486,0.1541449555459693,1
44696,27,2,1.9358654057732578,2.733366350159213,0.7975009443859551,0.21403595744309245,0.0,0.09724060555620906,1
44696,27,3,1.9358654057732578,2.0845205331813843,0.14865512740812648,0.2664599406006446,0.052423983157552145,0.0,0
44696,28,1,1.5841925053922385,1.7207949971452485,0.13660249175300998,0.1541347783958109,0.0,0.16972084487691433,1
44696,28,2,1.5841925053922385,1.8055096632472847,0.22131715785504613,0.16222443582626808,0.00808965743045717,0.09724060555620906,1
44696,28,3,1.5841925053922385,1.947692097008817,0.3634995916165784,0.17507397064682573,0.020939192251014815,0.0,0
44696,29,1,2.7637185279286967,4.052220792164564,1.2885022642358677,0.18159502884613826,0.020930275651208946,0.16972084487691433,1
44696,29,2,2.7637185279286967,3.2114273856408575,0.44770885771216085,0.17367034469260367,0.013005591497674357,0.09724060555620906,1
44696,29,3,2.7637185279286967,4.195035840103394,1.4313173121746972,0.16066475319492932,0.0,0.0,0
44696,30,1,1.751639466620024,2.2729967937651616,0.5213573271451377,0.22322323187798673,0.006793929440359087,0.0,0
44696,30,2,1.751639466620024,2.487656958635408,0.7360174920153839,0.21642930243762765,0.0,0.0048670518410350305,0
44696,30,3,1.751639466620024,2.11890401928564,0.367264552665616,0.2704699803752704,0.05404067793764278,0.0048670518410350305,0
44696,31,1,0.9074519850295925,1.0137211982710697,0.1062692132414772,0.13662044438270898,0.0,0.024781747367955437,1
44696,31,2,0.9074519850295925,1.180519937283655,0.27306795225406255,0.15102575851648745,0.014405314133778463,0.0,0
44696,31,3,0.9074519850295925,1.2096122750635192,0.30216029003392675,0.15743123002454143,0.020810785641832447,0.0,0
44696,32,1,2.672746540122885,3.8995796703618204,1.2268331302389353,0.16205624028474436,0.011606124735459272,0.02478174736795541,1
44696,32,2,2.672746540122885,3.0953859996997535,0.4226394595768683,0.15638803968000622,0.0059379241307211394,0.0,0
44696,32,3,2.672746540122885,4.058887132595487,1.3861405924726018,0.15045011554928509,0.0,0.0,0
44696,33,1,3.0546308718247976,3.354306038755925,0.2996751669311273,0.08302535267337888,0.0,0.024781747367955423,1
44696,33,2,3.0546308718247976,3.4206526091933847,0.366021737368587,0.09676860146682875,0.013743248793449875,0.0,0
44696,33,3,3.0546308718247976,3.702367494757948,0.6477366229331505,0.10667058772709122,0.02364523505371234,0.0,0
44696,34,1,2.213684970693695,2.927223012520881,0.7135380418271859,0.20835250275743722,0.000193698474737658,0.0964273713357115,1
44696,34,2,2.213684970693695,3.115986858803665,0.90230188810997,0.20815880428269956,0.0,0.0,0
44696,34,3,2.213684970693695,2.652796332523052,0.43911136182935717,0.22284349274927295,0.014684688466573392,0.0,0
44696,35,1,1.7098765240045928,2.004307195400515,0.2944306713959224,0.17309992406953167,0.0,0.0964273713357115,1
44696,35,2,1.7098765240045928,2.195382651593476,0.48550612758888323,0.17825869872612182,0.005158774656590148,0.0,0
44696,35,3,1.7098765240045928,2.1643555305733257,0.45447900656873297,0.18689481627880122,0.01379489220926955,0.0,0
44696,36,1,2.237711171897062,2.586678057799971,0.34896688590290914,0.13854378233566006,0.0,0.09642737133571144,1
44696,36,2,2.237711171897062,2.6310427635772276,0.3933315916801656,0.14019824797736727,0.001654465641707209,0.0,0
44696,36,3,2.237711171897062,2.8452279603312745,0.6075167884342125,0.14143397395895344,0.0028901916232933755,0.0,0
44696,37,1,3.1132262195791034,3.3730055236306313,0.25977930405152794,0.08980383977554421,0.0,0.09642737133571146,1
44696,37,2,3.1132262195791034,3.348758302053348,0.2355320824742444,0.09505358548512857,0.005249745709584364,0.0,0
44696,37,3,3.1132262195791034,3.682620361981887,0.5693941424027837,0.10059489911269624,0.010791059337152034,0.0,0
44696,38,1,1.9424995278941712,2.3978437368045706,0.4553442089103994,0.20618366657553,0.0,0.0,0
44696,38,2,1.9424995278941712,2.7839905685586515,0.8414910406644802,0.23092769568691132,0.02474402911138132,0.0,0
44696,38,3,1.9424995278941712,2.478932483902831,0.5364329560086598,0.2496539720627869,0.04347030548725689,0.0,0
44696,39,1,2.0069691666970675,2.3396877508429057,0.3327185841458382,0.1429208904445671,0.0,0.0,0
44696,39,2,2.0069691666970675,2.4740370261262576,0.46706785942919016,0.14828248706527444,0.005361596620707343,0.0,0
44696,39,3,2.0069691666970675,2.458994608639831,0.4520254419427636,0.15906519193787744,0.016144301493310337,0.0,0
44696,40,1,1.907337916779025,2.158582986254396,0.25124506947537095,0.1245456782210816,0.0,0.0,0
44696,40,2,1.907337916779025,2.2260042371824342,0.31866632040340925,0.13920180120906991,0.01465612298798831,0.0,0
44696,40,3,1.907337916779025,2.248207311911167,0.340869395132142,0.14548830154963038,0.02094262332854878,0.0,0
44696,41,1,2.3834789118650677,2.8589511225689312,0.4754722107038636,0.06840105738579644,0.0,0.0,0
44696,41,2,2.3834789118650677,2.7049531917851475,0.3214742799200798,0.09222522219622604,0.023824164810429607,0.0,0
44696,41,3,2.3834789118650677,2.988213814551862,0.6047349026867943,0.09141111407754797,0.023010056691751532,0.0,0
44696,42,1,2.0166106833594304,2.244849497679824,0.2282388143203935,0.14812359924333077,0.0,0.0,0
44696,42,2,2.0166106833594304,2.596154471137129,0.5795437877776988,0.17650427933554796,0.028380680092217198,0.0,0
44696,42,3,2.0166106833594304,2.357024185747508,0.34041350238807766,0.1807800634011044,0.032656464157773624,0.0,0
44696,43,1,2.0893057131175246,2.283891592726152,0.19458587960862728,0.14020005165352953,0.0,0.0,0
44696,43,2,2.0893057131175246,2.815132552361223,0.7258268392436986,0.1634860826640589,0.023286031010529368,0.0,0
44696,43,3,2.0893057131175246,2.6008521538733684,0.5115464407558439,0.16336844878764462,0.023168397134115087,0.0,0
44696,44,1,1.2441030777719413,2.6016114363266785,1.3575083585547372,0.15679188536799268,0.009612203057018043,0.0,0
44696,44,2,1.2441030777719413,2.0276593571317454,0.7835562793598041,0.15845252020783207,0.01127283789685743,0.0,0
44696,44,3,1.2441030777719413,2.344890595582556,1.1007875178106148,0.14717968231097464,0.0,0.0,0
44696,45,1,53.7024008285513,53.73567407892193,0.03327325037063389,0.23589666266329304,0.0,0.0,0
44696,45,2,53.7024008285513,53.756185595094294,0.053784766542996465,0.24317761378074138,0.0072809511174483366,0.0,0
44696,45,3,53.7024008285513,53.79184943095104,0.08944860239974162,0.23785195404110512,0.001955291377812085,0.0,0
44696,46,1,53.70499186833655,53.817565305044184,0.11257343670763476,0.23490840193067156,0.004569728229556147,0.0,0
44696,46,2,53.70499186833655,53.74119828716598,0.036206418829429765,0.2303386737011154,0.0,0.0,0
44696,46,3,53.70499186833655,53.76815834875462,0.06316648041806872,0.23358149638856202,0.003242822687446606,0.0,0
44696,47,1,53.60383992913502,53.64941457104874,0.04557464191371707,0.2048664970751171,0.004303741823141138,0.0,0
44696,47,2,53.60383992913502,53.648837296841634,0.044997367706614,0.20056275525197595,0.0,0.0,0
44696,47,3,53.60383992913502,53.650937082222605,0.04709715308758433,0.20791267857463683,0.0073499233226608784,0.0,0
44696,48,1,53.59010973575816,53.645500512223215,0.05539077646505319,0.0654534796205037,0.0,0.0,0
44696,48,2,53.59010973575816,53.66694170094665,0.07683196518848945,0.07581334302946285,0.010359863408959155,0.0,0
44696,48,3,53.59010973575816,53.71545748964688,0.12534775388871822,0.0712694031653781,0.005815923544874396,0.0,0
44696,49,1,1.9034395448277732,2.3608619027809303,0.4574223579531571,0.19926987770245957,0.0,0.07378210181962991,1
44696,49,2,1.9034395448277732,2.5402873952562133,0.63684785042844,0.20111535191592733,0.001845474213467757,0.0,0
44696,49,3,1.9034395448277732,2.625191576350984,0.7217520315232107,0.21730097028423054,0.018031092581770963,0.0,0
44696,50,1,0.9680318229047533,1.0690971733027368,0.10106535039798348,0.13032473849869505,0.0,0.07378210181962985,1
44696,50,2,0.9680318229047533,1.1907093022705564,0.22267747936580307,0.14323878279369887,0.012914044295003813,0.0,0
44696,50,3,0.9680318229047533,1.2585428308490585,0.2905110079443052,0.16129630286468838,0.030971564365993326,0.0,0
44696,51,1,1.5723127374072263,3.3655653927822806,1.7932526553750543,0.1621033807536809,0.01625585113916267,0.07378210181962988,1
44696,51,2,1.5723127374072263,2.2291725210797906,0.6568597836725643,0.15629032501533932,0.010442795400821103,0.0,0
44696,51,3,1.5723127374072263,3.1196970945278673,1.547384357120641,0.14584752961451822,0.0,0.0,0
44696,52,1,2.711004479940864,3.1612870677749685,0.4502825878341046,0.09874451318082923,0.0,0.0737821018196299,1
44696,52,2,2.711004479940864,3.0053695847259325,0.2943651047850686,0.09926183090745413,0.0005173177266249024,0.0,0
44696,52,3,2.711004479940864,3.4032885525860004,0.6922840726451365,0.10807206296983744,0.00932754978900821,0.0,0
44696,53,1,3.708617077597758,3.8304502573346553,0.12183317973689745,0.18600100479345164,0.0,0.059238511865995214,1
44696,53,2,3.708617077597758,4.075783793049049,0.3671667154512912,0.21071820720162007,0.024717202408168437,0.0,0
44696,53,3,3.708617077597758,3.874729656151183,0.1661125785534252,0.2180323884391948,0.03203138364574318,0.0,0
44696,54,1,2.305245154455057,2.5264022222615345,0.2211570678064776,0.1817006921453238,0.0,0.05923851186599523,1
44696,54,2,2.305245154455057,2.749925155756916,0.44468000130185903,0.2091710112475007,0.0274703191021769,0.0,0
44696,54,3,2.305245154455057,2.6123767765709403,0.3071316221158833,0.21134590470550083,0.02964521256017702,0.0,0
44696,55,1,2.282819705309637,3.9323911860999763,1.6495714807903394,0.14698771104899075,0.007846208882188954,0.05923851186599522,1
44696,55,2,2.282819705309637,2.6649103266342875,0.38209062132465066,0.14095406299521382,0.0018125608284120243,0.0,0
44696,55,3,2.282819705309637,3.936773995668081,1.653954290358444,0.1391415021668018,0.0,0.0,0
44696,56,1,2.1937823708960047,2.7812682430178066,0.5874858721218019,0.2555596621233809,0.0,0.07188784639236828,1
44696,56,2,2.1937823708960047,2.756111509572399,0.5623291386763944,0.26439563412187006,0.008835971998489178,0.0,0
44696,56,3,2.1937823708960047,2.6442300747383207,0.450447703842316,0.27412826825489245,0.018568606131511567,0.0,0
44696,57,1,1.72867887050911,1.9612447363274548,0.2325658658183447,0.16226818931439402,0.0,0.07188784639236831,1
44696,57,2,1.72867887050911,2.4531505823676367,0.7244717118585267,0.16364687432084524,0.001378685006451219,0.0,0
44696,57,3,1.72867887050911,2.022720198243854,0.2940413277347438,0.18406794534432014,0.02179975602992612,0.0,0
44696,58,1,1.7558220018675261,2.279177830347341,0.5233558284798148,0.12306366467975594,0.0,0.07188784639236831,1
44696,58,2,1.7558220018675261,2.3378788663981376,0.5820568645306115,0.13270361578588688,0.009639951106130945,0.0,0
44696,58,3,1.7558220018675261,2.613740123682404,0.8579181218148777,0.13805229029408894,0.014988625614333007,0.0,0
44696,59,1,2.402032045592909,2.7657436787843266,0.3637116331914174,0.09167428501364129,0.0,0.07188784639236831,1
44696,59,2,2.402032045592909,2.8008546901655285,0.3988226445726193,0.09800046233137381,0.006326177317732523,0.0,0
44696,59,3,2.402032045592909,3.033963642193115,0.6319315966002059,0.10330096914955451,0.011626684135913223,0.0,0
44696,60,1,2.483792748221394,2.913411062609306,0.4296183143879122,0.18871462046904516,0.0,0.05789891208674092,1
44696,60,2,2.483792748221394,2.9135042130594413,0.42971146483804734,0.2104214687030046,0.021706848233959436,0.0,0
44696,60,3,2.483792748221394,4.058122060108509,1.5743293118871153,0.28198794806807886,0.0932733275990337,0.0,0
44696,61,1,2.3481739363365173,3.1495935914106936,0.8014196550741763,0.17169938543975835,0.0,0.057898912086740924,1
44696,61,2,2.3481739363365173,2.946419771199937,0.5982458348634196,0.20498432747793655,0.033284942038178195,0.0,0
44696,61,3,2.3481739363365173,4.4362629249109915,2.0880889885744742,0.27519456451820823,0.10349517907844988,0.0,0
44696,62,1,2.6988089889848155,3.6242173166491147,0.9254083276642993,0.22349928628691632,0.0,0.0,0
44696,62,2,2.6988089889848155,3.9342703375719097,1.2354613485870942,0.2261492169888239,0.0026499307019075824,0.009192802699558633,1
44696,62,3,2.6988089889848155,6.297924167328739,3.599115178343924,0.3500499061920444,0.1265506199051281,0.0146890121916744,1
44696,63,1,3.0437122861994146,4.436046693880949,1.3923344076815347,0.11241570421209543,0.0,0.0,0
44696,63,2,3.0437122861994146,3.882248908373236,0.8385366221738213,0.16709560800924877,0.054679903797153345,0.005496209492115739,1
44696,63,3,3.0437122861994146,7.641270398661261,4.597558112461846,0.27714347248058446,0.16472776826848903,0.019748027966748988,1
44696,64,1,1.401928397368409,1.5620978768621638,0.16016947949375493,0.15341009567829283,0.0,0.04509527598126137,1
44696,64,2,1.401928397368409,1.9778494651824405,0.5759210678140316,0.1810656082276654,0.02765551254937257,0.0,0
44696,64,3,1.401928397368409,1.7876304098180689,0.38570201244965996,0.18116137314655134,0.027751277468258506,0.0,0
44696,65,1,7.726770159444816,8.02471676295661,0.2979466035117939,0.2022753832334352,0.0,0.045095275981261354,1
44696,65,2,7.726770159444816,8.026125168334232,0.2993550088894166,0.20989794452984972,0.007622561296414532,0.0,0
44696,65,3,7.726770159444816,8.392521268365496,0.6657511089206798,0.266572568286859,0.0642971850534238,0.0,0
44696,66,1,1.1567921455662717,2.474207931449634,1.3174157858833624,0.1530289435672022,0.01377583270774721,0.0,0
44696,66,2,1.1567921455662717,1.8964866202822699,0.7396944747159981,0.15423062365525164,0.01497751279579665,0.0,0
44696,66,3,1.1567921455662717,2.2738993919873387,1.117107246421067,0.139253110859455,0.0,0.0,0
44696,67,1,9.817848951555082,9.942102195838398,0.12425324428331663,0.2246706893941804,0.0,0.0,0
44696,67,2,9.817848951555082,10.0546246621926,0.23677571063751834,0.2387237815869125,0.014053092192732097,0.0,0
44696,67,3,9.817848951555082,10.053106082433626,0.23525713087854427,0.23860346406092736,0.013932774666746972,0.0,0
44696,68,1,9.601855323168385,9.778957109660501,0.17710178649211628,0.10056453380058751,0.0,0.0,0
44696,68,2,9.601855323168385,9.800990274325038,0.19913495115665292,0.11239473092566651,0.011830197125079003,0.0,0
44696,68,3,9.601855323168385,9.960578062686363,0.35872273951797773,0.11854573710713434,0.01798120330654683,0.0,0
44696,69,1,17.514828745466815,17.561028411738032,0.04619966627121741,0.08366163815036436,0.0,0.005763276347408773,1
44696,69,2,17.514828745466815,17.602425465838415,0.08759672037160016,0.10214578136042303,0.018484143210058673,0.0,0
44696,69,3,17.514828745466815,17.682646047665106,0.16781730219829072,0.10262865983488485,0.018967021684520496,0.0,0
44696,70,1,18.998777100055673,19.067058966164367,0.0682818661086948,0.19641663297663678,0.0,0.0,0
44696,70,2,18.998777100055673,19.14085910190944,0.14208200185376896,0.22918195517168438,0.0327653221950476,0.03274240717043493,1
44696,70,3,18.998777100055673,19.13317352887351,0.13439642881783698,0.23778007966350767,0.04136344668687089,0.0404727144525152,1
44696,71,1,15.303085822907054,15.506576154993198,0.20349033208614387,0.23554566516407127,0.0,0.0,0
44696,71,2,15.303085822907054,15.50643234878,0.20334652587294677,0.25241032745671566,0.016864662292644383,0.007730307282080268,1
44696,71,3,15.303085822907054,15.748827529093422,0.445741706186368,0.2958843913593445,0.06033872619527325,0.007730307282080268,1
44696,72,1,14.700595666685373,14.760760253568872,0.06016458688349857,0.18734642164592513,0.0,0.0,0
44696,72,2,14.700595666685373,14.796448594988751,0.095852928303378,0.20608025497021773,0.018733833324292598,0.04669546445432418,1
44696,72,3,14.700595666685373,14.870502525050938,0.16990685836556452,0.22885664354720917,0.04151022190128403,0.06019253731669509,1
44696,73,1,15.236137473592919,15.515691777515553,0.2795543039226338,0.23838287549323756,0.0,0.0,0
44696,73,2,15.236137473592919,15.507318773237468,0.2711812996445495,0.25144505187343535,0.013062176380197799,0.013497072862370906,1
44696,73,3,15.236137473592919,16.294061960947392,1.057924487354473,0.3388073228563178,0.10042444736308026,0.013497072862370906,1
44697,0,1,2.042980339643819,2.3531674955817747,0.31018715593795587,0.0954780164947383,0.0,0.10012520830177035,1
44697,0,2,2.042980339643819,2.4586511517841707,0.41567081214035184,0.131346382969252,0.03586836647451369,0.0,0
44697,0,3,2.042980339643819,2.868715598957153,0.8257352593133342,0.1594788139168956,0.06400079742215731,0.0,0
44697,1,1,2.312996409278931,3.0760974864411237,0.7631010771621929,0.22134682220737456,0.012337604854049139,0.03918065850927027,1
44697,1,2,2.312996409278931,2.5000593775249076,0.1870629682459768,0.20900921735332542,0.0,0.0,0
44697,1,3,2.312996409278931,2.9583988634027576,0.6454024541238268,0.21968119594679836,0.010671978593472936,0.0,0
44697,2,1,1.3885265953299721,1.957989063084573,0.569462467754601,0.16016729294941146,0.0,0.039180658509270216,1
44697,2,2,1.3885265953299721,2.7290335420655274,1.3405069467355553,0.19154340398279265,0.0313761110333812,0.0,0
44697,2,3,1.3885265953299721,2.276439425124431,0.887912829794459,0.17874090733837794,0.018573614388966486,0.0,0
44697,3,1,1.7305222889905458,2.2156425970639497,0.4851203080734039,0.21445855040406456,0.0,0.039180658509270216,1
44697,3,2,1.7305222889905458,2.2100868174974386,0.4795645285068928,0.21552826285322127,0.0010697124491567123,0.0,0
44697,3,3,1.7305222889905458,2.2102725343910556,0.4797502454005098,0.2188634027970763,0.004404852393011749,0.0,0
44697,4,1,2.7089021116594787,2.9338462227362685,0.2249441110767898,0.0886765030083542,0.0,0.039180658509270244,1
44697,4,2,2.7089021116594787,3.1089210669582794,0.4000189552988007,0.11031143400976945,0.021634931001415253,0.0,0
44697,4,3,2.7089021116594787,3.42719783701596,0.7182957253564815,0.11219534521181566,0.023518842203461468,0.0,0
44697,5,1,1.8086367090982052,2.394092501369849,0.5854557922716437,0.18120574872280396,0.0,0.0,0
44697,5,2,1.8086367090982052,2.6332730726953413,0.8246363635971361,0.2075961453380495,0.02639039661524553,0.0,0
44697,5,3,1.8086367090982052,2.230052693157232,0.421415984059027,0.20946934947271353,0.02826360074990958,0.0,0
44697,6,1,1.437488256732396,1.9664918329822902,0.5290035762498941,0.17988820501623795,0.0031071426430905325,0.0,0
44697,6,2,1.437488256732396,2.3290987861030503,0.8916105293706542,0.18138599052990653,0.004604928156759114,0.0,0
44697,6,3,1.437488256732396,2.2201802414444067,0.7826919847120106,0.17678106237314742,0.0,0.0,0
44697,7,1,1.985427927085573,2.1656812102951704,0.18025328320959733,0.10090222512763314,0.0,0.0,0
44697,7,2,1.985427927085573,2.2961444349538054,0.31071650786823235,0.11914060091483686,0.01823837578720372,0.0,0
44697,7,3,1.985427927085573,2.392524829930669,0.4070969028450959,0.10639751251081243,0.005495287383179295,0.0,0
44697,8,1,3.088206819647185,3.3450662990612963,0.25685947941411147,0.2148035232768942,0.0,0.0797724921676353,1
44697,8,2,3.088206819647185,3.4428193596484653,0.3546125400012805,0.2267663669992055,0.011962843722311295,0.0,0
44697,8,3,3.088206819647185,3.457571607425624,0.3693647877784394,0.24607879259544438,0.03127526931855018,0.0,0
44697,9,1,1.4329717293512092,1.8366291340809635,0.4036574047297543,0.20249046777475171,0.0,0.0797724921676353,1
44697,9,2,1.4329717293512092,1.914417949438631,0.4814462200874219,0.20648364404403202,0.0039931762692803074,0.0,0
44697,9,3,1.4329717293512092,1.6856123428915861,0.2526406135403769,0.21499135240164033,0.012500884626888614,0.0,0
44697,10,1,1.7715024043937766,2.548092798330138,0.7765903939363614,0.14518493820768427,0.0024992773646160815,0.0797724921676353,1
44697,10,2,1.7715024043937766,2.5409243692947774,0.7694219649010008,0.1426856608430682,0.0,0.0,0
44697,10,3,1.7715024043937766,2.3502144548404216,0.578712050446645,0.14866308773407788,0.005977426891009691,0.0,0
44697,11,1,3.5790913197272998,4.801119599653463,1.222028279926163,0.24205639624898564,0.005229894874563379,0.0,0
44697,11,2,3.5790913197272998,4.14845004606598,0.5693587263386801,0.23682650137442227,0.0,0.0,0
44697,11,3,3.5790913197272998,4.487003930637322,0.9079126109100226,0.2377123693409927,0.0008858679665704472,0.0,0
44697,12,1,2.456006038788579,3.070416928690831,0.6144108899022522,0.22298230080457054,0.018976774714376504,0.0,0
44697,12,2,2.456006038788579,2.7074581672295452,0.2514521284409663,0.20400552609019404,0.0,0.0,0
44697,12,3,2.456006038788579,2.993067767405357,0.537061728616778,0.21413255729088307,0.01012703120068903,0.0,0
44697,13,1,2.2406977471411573,2.6884624493946907,0.4477647022535334,0.19628957419119464,0.0,0.09098835977358766,1
44697,13,2,2.2406977471411573,2.761999859146778,0.5213021120056207,0.2224218026819811,0.026132228490786474,0.0,0
44697,13,3,2.2406977471411573,2.710389596919672,0.46969184977851475,0.22900728546104826,0.03271771126985362,0.0,0
44697,14,1,1.9678695445723526,2.527599353737396,0.5597298091650436,0.18814882146819,0.0029116916655869407,0.09098835977358768,1
44697,14,2,1.9678695445723526,2.3623913155084777,0.39452177093612506,0.18523712980260307,0.0,0.0,0
44697,14,3,1.9678695445723526,2.243769645501231,0.2759001009288784,0.19200065920669127,0.006763529404088198,0.0,0
44697,15,1,2.3351671290958236,2.7827597670198765,0.4475926379240529,0.08681969944143621,0.0,0.09098835977358767,1
44697,15,2,2.3351671290958236,3.025613352277067,0.6904462231812434,0.10666573846021868,0.01984603901878247,0.0,0
44697,15,3,2.3351671290958236,2.9730416499217696,0.637874520825946,0.10778942798969678,0.02096972854826057,0.0,0
44697,16,1,2.96164728579906,3.4712531861006175,0.5096059003015574,0.20345466609861548,0.0,0.042299980927453684,1
44697,16,2,2.96164728579906,3.4039291264473173,0.44228184064825715,0.22386148023607183,0.020406814137456347,0.0,0
44697,16,3,2.96164728579906,4.062506110605126,1.1008588248060658,0.2757097516137057,0.07225508551509022,0.0,0
44697,17,1,2.2618191375814076,3.035786521549457,0.7739673839680492,0.2033390354733973,0.0,0.0,0
44697,17,2,2.2618191375814076,3.075433811442882,0.8136146738614745,0.2355693732069743,0.032230337733577,0.0,0
44697,17,3,2.2618191375814076,3.297520896943979,1.0357017593625715,0.27507758644552255,0.07173855097212525,0.0,0
44697,18,1,5.99073890743694,6.268703752712067,0.2779648452751271,0.24923840994443366,0.0,0.0,0
44697,18,2,5.99073890743694,6.329685754493608,0.33894684705666744,0.25777606076821374,0.00853765082378008,0.0,0
44697,18,3,5.99073890743694,6.376641164125579,0.385902256688639,0.2762906776469185,0.02705226770248484,0.0,0
44697,19,1,5.522834394426067,5.901212298646574,0.3783779042205069,0.12582745779510854,0.0008995126396696002,0.0,0
44697,19,2,5.522834394426067,6.266083323176855,0.7432489287507877,0.12492794515543894,0.0,0.0,0
44697,19,3,5.522834394426067,6.0618580975887335,0.5390237031626661,0.13950938383066117,0.014581438675222227,0.0,0
44697,20,1,3.180436600606348,3.5200429800804627,0.33960637947411465,0.220777247696412,0.0,0.0,0
44697,20,2,3.180436600606348,3.54463930851452,0.3642027079081718,0.24371269463015208,0.022935446933740083,0.0,0
44697,20,3,3.180436600606348,3.673419861287816,0.49298326068146814,0.26904930213491585,0.04827205443850385,0.0,0
44697,21,1,3.4135519535649053,3.6433486550656893,0.22979670150078402,0.12343233380205793,0.0,0.0,0
44697,21,2,3.4135519535649053,3.7544583513212926,0.3409063977563873,0.12644895959660957,0.0030166257945516417,0.0,0
44697,21,3,3.4135519535649053,3.744424488591946,0.3308725350270407,0.13928328789820427,0.01585095409614634,0.0,0
44697,22,1,41.41056595945859,41.449001245515056,0.038435286056468954,0.24385364186099334,0.0,0.0,0
44697,22,2,41.41056595945859,41.45453333068539,0.04396737122680605,0.2565715939845832,0.012717952123589837,0.0,0
44697,22,3,41.41056595945859,41.46499414195871,0.05442818250012493,0.271546779367175,0.02769313750618163,0.0,0
44697,23,1,41.33199443645314,41.378579340492095,0.04658490403895854,0.17711701330167884,0.0003379738054990755,0.0,0
44697,23,2,41.33199443645314,41.407246019022445,0.07525158256930808,0.17677903949617976,0.0,0.0,0
44697,23,3,41.33199443645314,41.4178109055325,0.08581646907936147,0.17869727477887148,0.0019182352826917215,0.0,0
44697,24,1,41.34430876251663,41.43445031177468,0.09014154925804974,0.05824297199674786,0.0,0.0,0
44697,24,2,41.34430876251663,41.478540074421346,0.13423131190471338,0.06775468824895763,0.009511716252209763,0.0,0
44697,24,3,41.34430876251663,41.55208566515561,0.20777690263897597,0.060976482896558576,0.0027335108998107135,0.0,0
44697,25,1,1.8338025967847429,2.4022597940999746,0.5684571973152317,0.22892155544397685,0.0,0.1687177777913605,1
44697,25,2,1.8338025967847429,2.3057735661035714,0.47197096931882854,0.2297681416803558,0.0008465862363789545,0.0964408407263605,1
44697,25,3,1.8338025967847429,2.1509312826921727,0.3171286859074298,0.25439377343708297,0.025472217993106117,0.0,0
44697,26,1,1.6940411120425183,2.312878459684033,0.6188373476415148,0.1526376474030732,0.0005847225993804717,0.16871777779136052,1
44697,26,2,1.6940411120425183,2.2752086382978502,0.581167526255332,0.15205292480369273,0.0,0.0964408407263605,1
44697,26,3,1.6940411120425183,2.004813784414994,0.3107726723724755,0.17468145407988445,0.022628529276191717,0.0,0
44697,27,1,2.448175887354745,3.5879801094633663,1.1398042221086215,0.1419601511187819,0.004774358551946467,0.1687177777913605,1
44697,27,2,2.448175887354745,3.0142657362706586,0.5660898489159139,0.13730264796802863,0.00011685540119318882,0.0964408407263605,1
44697,27,3,2.448175887354745,3.4005505018952666,0.9523746145405219,0.13718579256683544,0.0,0.0,0
44697,28,1,1.5750054411053516,2.424089267695485,0.8490838265901333,0.25241747986334695,0.017203950924561562,0.023983063934511273,1
44697,28,2,1.5750054411053516,2.067995860270659,0.4929904191653074,0.2352135289387854,0.0,0.0,0
44697,28,3,1.5750054411053516,2.175508972772502,0.6005035316671503,0.25306451496418814,0.01785098602540275,0.0,0
44697,29,1,1.0751132274616342,1.3924004616427068,0.31728723418107263,0.16906169102238305,0.0,0.023983063934511245,1
44697,29,2,1.0751132274616342,1.3928407666575262,0.31772753919589203,0.17222838927510534,0.003166698252722283,0.0,0
44697,29,3,1.0751132274616342,1.54195234925263,0.46683912179099574,0.1888734975407559,0.01981180651837286,0.0,0
44697,30,1,2.539237070353142,3.075287436049737,0.5360503656965951,0.11287157525220437,0.0,0.023983063934511273,1
44697,30,2,2.539237070353142,3.2291174429387666,0.6898803725856246,0.11864591105653724,0.00577433580433287,0.0,0
44697,30,3,2.539237070353142,3.6537121698550066,1.1144750995018646,0.12420919959697167,0.011337624344767303,0.0,0
44697,31,1,3.0629722540240545,3.2895695244241536,0.22659727040009914,0.09581501986987268,0.0,0.02398306393451126,1
44697,31,2,3.0629722540240545,3.4281567936825454,0.36518453965849096,0.10546200840044859,0.009646988530575912,0.0,0
44697,31,3,3.0629722540240545,3.8018764604542357,0.7389042064301812,0.11344044406289763,0.017625424193024958,0.0,0
44697,32,1,2.3372325962188922,3.0201049125250057,0.6828723163061134,0.2189432049720634,0.004831866288381337,0.09588268391595334,1
44697,32,2,2.3372325962188922,2.646264460396091,0.30903186417719875,0.21411133868368207,0.0,0.0,0
44697,32,3,2.3372325962188922,2.488877082357244,0.1516444861383519,0.21897861920016282,0.004867280516480749,0.0,0
44697,33,1,1.756503512471576,2.1202056995756364,0.36370218710406044,0.17621006256943428,0.0013504594869017117,0.09588268391595339,1
44697,33,2,1.756503512471576,2.068133346944107,0.31162983447253123,0.17485960308253257,0.0,0.0,0
44697,33,3,1.756503512471576,1.9235109937498458,0.1670074812782698,0.18568049029754716,0.01082088721501459,0.0,0
44697,34,1,2.3850056725363844,3.1264627354434964,0.741457062907112,0.13386863104189128,0.0028112816158292475,0.09588268391595339,1
44697,34,2,2.3850056725363844,2.8427010036562086,0.4576953311198242,0.13105734942606204,0.0,0.0,0
44697,34,3,2.3850056725363844,2.862309457553001,0.47730378501661663,0.13405683144497066,0.0029994820189086224,0.0,0
44697,35,1,3.1439223204556983,3.441489875162856,0.2975675547071579,0.10058896294766388,0.0,0.09588268391595339,1
44697,35,2,3.1439223204556983,3.6957131535516625,0.5517908330959642,0.10205646495769935,0.001467502010035468,0.0,0
44697,35,3,3.1439223204556983,3.8981524554520077,0.7542301349963094,0.10214541397907444,0.001556451031410555,0.0,0
44697,36,1,2.126748193549778,2.8434438599020035,0.7166956663522255,0.22133795272776424,0.004496453927568783,0.0,0
44697,36,2,2.126748193549778,2.257472996707443,0.1307248031576651,0.21684149880019546,0.0,0.0,0
44697,36,3,2.126748193549778,2.7764047163190364,0.6496565227692583,0.2529688516185242,0.03612735281832877,0.0,0
44697,37,1,2.244727464321747,2.6964023313265395,0.45167486700479254,0.14845188538485737,0.0,0.0,0
44697,37,2,2.244727464321747,2.6797039355226984,0.4349764712009514,0.16105304984115748,0.012601164456300107,0.0,0
44697,37,3,2.244727464321747,2.5308651849425097,0.2861377206207627,0.16508509891688652,0.01663321353202915,0.0,0
44697,38,1,1.924149380485765,2.28409012649045,0.35994074600468506,0.15280144627239273,0.0,0.0,0
44697,38,2,1.924149380485765,2.5231978480678277,0.5990484675820626,0.1709433703921205,0.01814192411972776,0.0,0
44697,38,3,1.924149380485765,2.261357863178387,0.3372084826926218,0.1783099355138367,0.02550848924144397,0.0,0
44697,39,1,2.411019154374231,2.643806397248812,0.23278724287458097,0.061098303337302824,0.0,0.0,0
44697,39,2,2.411019154374231,2.63223591962901,0.22121676525477874,0.07959709602846575,0.018498792691162926,0.0,0
44697,39,3,2.411019154374231,2.702635611820548,0.2916164574463167,0.07568505915228767,0.014586755814984843,0.0,0
44697,40,1,2.0399825675516827,2.499757274717208,0.45977470716552515,0.18547673269862358,0.0,0.0,0
44697,40,2,2.0399825675516827,2.5491747547656867,0.5091921872140039,0.19904576284984324,0.013569030151219658,0.0,0
44697,40,3,2.0399825675516827,2.4511749485424823,0.4111923809907996,0.20554362193289347,0.020066889234269886,0.0,0
44697,41,1,2.0499521038931605,2.435325560515578,0.3853734566224176,0.15943503858077662,0.0,0.0,0
44697,41,2,2.0499521038931605,3.018328397381207,0.9683762934880464,0.1785455315414617,0.019110492960685066,0.0,0
44697,41,3,2.0499521038931605,2.8224840080726197,0.7725319041794592,0.17001137928566754,0.010576340704890913,0.0,0
44697,42,1,1.5665750444531286,1.8483840559697389,0.2818090115166103,0.09287309117377787,0.0,0.0,0
44697,42,2,1.5665750444531286,2.0825689020959337,0.5159938576428051,0.11301517334456565,0.02014208217078778,0.0,0
44697,42,3,1.5665750444531286,2.2450392803466976,0.6784642358935691,0.09853247953274649,0.00565938835896862,0.0,0
44697,43,1,54.68188113704789,54.703189960080394,0.021308823032505586,0.22361120386018418,0.0,0.0,0
44697,43,2,54.68188113704789,54.71138892689415,0.029507789846263677,0.24395804855475856,0.020346844694574373,0.0,0
44697,43,3,54.68188113704789,54.71400472984364,0.032123592795748834,0.24991248940320315,0.02630128554301897,0.0,0
44697,44,1,54.686422236846475,54.78995825226175,0.10353601541527269,0.23799815688541354,0.0016986215835795015,0.0,0
44697,44,2,54.686422236846475,54.722108418881604,0.03568618203512841,0.2365606531846467,0.00026111788281266146,0.0,0
44697,44,3,54.686422236846475,54.83404082365151,0.14761858680503792,0.23629953530183403,0.0,0.0,0
44697,45,1,54.54987088453667,54.66379972225202,0.11392883771534912,0.2123453317529838,0.011473592917004144,0.0,0
44697,45,2,54.54987088453667,54.603877709369634,0.054006824832960376,0.20087173883597967,0.0,0.0,0
44697,45,3,54.54987088453667,54.607435263862854,0.057564379326180415,0.20859755571434954,0.007725816878369873,0.0,0
44697,46,1,54.544333466140834,54.60898713793777,0.0646536717969326,0.050418596609947006,0.0,0.0,0
44697,46,2,54.544333466140834,54.63113687669714,0.08680341055630691,0.06926811910016245,0.018849522490215445,0.0,0
44697,46,3,54.544333466140834,54.67945974640626,0.13512628026542473,0.06336016208018243,0.012941565470235422,0.0,0
44697,47,1,2.079534540164201,2.725267052493904,0.6457325123297029,0.19622178427749115,0.01122266484764406,0.07319592071910369,1
44697,47,2,2.079534540164201,2.308239689843736,0.2287051496795347,0.1849991194298471,0.0,0.0,0
44697,47,3,2.079534540164201,3.2634940978199625,1.1839595576557613,0.1861926691530626,0.0011935497232155035,0.0,0
44697,48,1,1.0790719450462336,1.3554925647590292,0.27642061971279563,0.1723728580258378,0.0,0.07319592071910375,1
44697,48,2,1.0790719450462336,1.9191557092490066,0.840083764202773,0.1850700543787951,0.012697196352957296,0.0,0
44697,48,3,1.0790719450462336,1.5049784568462286,0.42590651179999495,0.18865270239186832,0.016279844366030527,0.0,0
44697,49,1,1.6715413023994556,1.9620062695538352,0.2904649671543795,0.10359158138354946,0.0,0.07319592071910372,1
44697,49,2,1.6715413023994556,2.480935032868659,0.8093937304692034,0.12197545303664903,0.01838387165309957,0.0,0
44697,49,3,1.6715413023994556,2.33359451477619,0.6620532123767342,0.11587708459416281,0.01228550321061335,0.0,0
44697,50,1,2.5943758364267016,3.271338970789656,0.6769631343629543,0.10166037541125511,0.0005758613169074556,0.07319592071910372,1
44697,50,2,2.5943758364267016,3.3822147692475815,0.7878389328208799,0.10108451409434765,0.0,0.0,0
44697,50,3,2.5943758364267016,3.3127337268828447,0.7183578904561432,0.10217478748219823,0.0010902733878505738,0.0,0
44697,51,1,3.78057878510757,4.203620725635073,0.423041940527503,0.23830395653688802,0.0006905898839306979,0.05864940174646627,1
44697,51,2,3.78057878510757,4.331439179607649,0.5508603945000794,0.23761336665295732,0.0,0.0,0
44697,51,3,3.78057878510757,4.1750594318322065,0.3944806467246367,0.25833104084202024,0.020717674189062923,0.0,0
44697,52,1,2.225936582130173,2.8165417611961003,0.5906051790659275,0.21000786577098837,0.0,0.058649401746466295,1
44697,52,2,2.225936582130173,2.8974911163810333,0.6715545342508604,0.23088884175750515,0.02088097598651678,0.0,0
44697,52,3,2.225936582130173,2.8143075432463855,0.5883709611162127,0.23919856682745466,0.02919070105646629,0.0,0
44697,53,1,2.1845890130519363,3.0792159009558318,0.8946268879038954,0.1450010340509231,0.007544126553047786,0.05864940174646628,1
44697,53,2,2.1845890130519363,2.9128675332214775,0.7282785201695412,0.1374569074978753,0.0,0.0,0
44697,53,3,2.1845890130519363,2.7393499638070886,0.5547609507551523,0.15006128303750935,0.012604375539634033,0.0,0
44697,54,1,2.292114091856351,2.7876840373030767,0.4955699454467255,0.23932569345574486,0.0009729439610773882,0.07203159033739426,1
44697,54,2,2.292114091856351,2.4378913336201613,0.14577724176381013,0.23835274949466748,0.0,0.0,0
44697,54,3,2.292114091856351,2.564458313782001,0.2723442219256498,0.24447745377955096,0.0061247042848834865,0.0,0
44697,55,1,1.5718373071864067,2.487103923263967,0.9152666160775602,0.1799824034052145,0.02012052043000201,0.07203159033739429,1
44697,55,2,1.5718373071864067,2.027768219060836,0.45593091187442947,0.1598618829752125,0.0,0.0,0
44697,55,3,1.5718373071864067,2.0927414466290273,0.5209041394426206,0.1754909873696874,0.015629104394474902,0.0,0
44697,56,1,1.6772773044949567,2.2145241744311046,0.5372468699361479,0.12815223600680328,0.00093092240470663,0.0720315903373943,1
44697,56,2,1.6772773044949567,2.5252552005362654,0.8479778960413087,0.12722131360209665,0.0,0.0,0
44697,56,3,1.6772773044949567,2.276949785395922,0.5996724809009655,0.13284500201118354,0.005623688409086891,0.0,0
44697,57,1,2.2892337721058893,3.3817863911080805,1.0925526190021912,0.10275054852186016,0.001311329465690736,0.07203159033739429,1
44697,57,2,2.2892337721058893,3.2316185926962797,0.9423848205903904,0.10143921905616943,0.0,0.0,0
44697,57,3,2.2892337721058893,2.8794775936705483,0.590243821564659,0.10305893554192752,0.0016197164857580937,0.0,0
44697,58,1,2.610250744954854,2.8541723420592215,0.24392159710436756,0.21780619871186113,0.0,0.05919643578119364,1
44697,58,2,2.610250744954854,3.008214369577249,0.397963624622395,0.21843663787203,0.0006304391601688608,0.0,0
44697,58,3,2.610250744954854,3.4762631773200674,0.8660124323652134,0.27160929344203805,0.053803094730176915,0.0,0
44697,59,1,2.2954147151998763,3.2613560125945797,0.9659412973947035,0.19316070481175698,0.0,0.05919643578119366,1
44697,59,2,2.2954147151998763,3.1335232947782443,0.838108579578368,0.2344616907162536,0.04130098590449663,0.0,0
44697,59,3,2.2954147151998763,3.5462066403507158,1.2507919251508395,0.2897422697856938,0.0965815649739368,0.0,0
44697,60,1,2.157696028493332,3.39236526744813,1.234669238954798,0.26074066944972735,0.0,0.0,0
44697,60,2,2.157696028493332,3.165824695226303,1.0081286667329707,0.27773901512276716,0.016998345673039816,0.009264319354401696,1
44697,60,3,2.157696028493332,4.1515205489391676,1.9938245204458354,0.36324227999454956,0.10250161054482221,0.01506886880030267,1
44697,61,1,3.0304302597511183,3.779415778298019,0.7489855185469008,0.12099682208582771,0.0,0.0,0
44697,61,2,3.0304302597511183,3.916298105217495,0.8858678454663766,0.19880565463658076,0.07780883255075305,0.0058045494459010305,1
44697,61,3,3.0304302597511183,4.437543146736947,1.4071128869858285,0.25813465617638465,0.13713783409055694,0.020490032536613523,1
44697,62,1,1.4793144977355048,2.1193029683796407,0.6399884706441359,0.1799909853548924,0.0,0.04602134242133099,1
44697,62,2,1.4793144977355048,2.1770220977689663,0.6977076000334614,0.1947114271074548,0.014720441752562374,0.0,0
44697,62,3,1.4793144977355048,1.855676324180094,0.37636182644458915,0.20239165312008345,0.022400667765191035,0.0,0
44697,63,1,7.888735216653508,8.663023207504418,0.7742879908509099,0.27510043021980884,0.0,0.04602134242133102,1
44697,63,2,7.888735216653508,8.730513144676209,0.8417779280227009,0.3154659167590746,0.04036548653926575,0.0,0
44697,63,3,7.888735216653508,9.770581847917992,1.8818466312644837,0.39369031639295693,0.11858988617314808,0.0,0
44697,64,1,1.2081170671177508,1.4075587672849927,0.19944170016724194,0.08667510956104688,0.0,0.0,0
44697,64,2,1.2081170671177508,1.5284013032366885,0.32028423611893775,0.1060275114243671,0.019352401863320226,0.0,0
44697,64,3,1.2081170671177508,1.7630922887254958,0.554975221607745,0.09099160264133681,0.004316493080289932,0.0,0
44697,65,1,10.017989745316296,10.135748966246855,0.11775922093055868,0.2228554950178497,0.0,0.0,0
44697,65,2,10.017989745316296,10.169172819778643,0.15118307446234702,0.23416656824390325,0.011311073226053542,0.0,0
44697,65,3,10.017989745316296,10.18811155585803,0.17012181054173503,0.2492957233482563,0.0264402283304066,0.0,0
44697,66,1,9.746683153685968,9.934008766043013,0.1873256123570446,0.1075064015250713,0.0,0.0,0
44697,66,2,9.746683153685968,10.03150461564169,0.28482146195572255,0.11483890518469236,0.00733250365962107,0.0,0
44697,66,3,9.746683153685968,10.042248853283473,0.2955656995975051,0.12900358202211692,0.02149718049704563,0.0,0
44697,67,1,3.2880097666558052,3.474345425942026,0.18633565928622087,0.20283273326030377,0.0,0.08194442880487374,1
44697,67,2,3.2880097666558052,3.518293886589979,0.23028411993417386,0.21274763653553586,0.00991490327523209,0.0,0
44697,67,3,3.2880097666558052,3.405408570811818,0.11739880415601256,0.22202651485071065,0.019193781590406883,0.0,0
44697,68,1,2.2719582684953616,3.131823162875752,0.8598648943803902,0.2313534555306575,0.013758107311072132,0.08194442880487375,1
44697,68,2,2.2719582684953616,2.6855866065413996,0.41362833804603794,0.21759534821958537,0.0,0.0,0
44697,68,3,2.2719582684953616,2.7590085381294203,0.4870502696340586,0.2282557200552585,0.010660371835673116,0.0,0
44697,69,1,2.2153245238024137,2.9799315670863527,0.7646070432839389,0.14164860461476006,0.008498306113799814,0.08194442880487375,1
44697,69,2,2.2153245238024137,2.8632739709647366,0.6479494471623228,0.13315029850096025,0.0,0.0,0
44697,69,3,2.2153245238024137,2.6123617388861518,0.397037215083738,0.14692361142094704,0.013773312919986791,0.0,0
44697,70,1,17.435464853859838,17.512781360597174,0.07731650673733625,0.08582752759949608,0.0,0.006295446229098209,1
44697,70,2,17.435464853859838,17.56501337739056,0.12954852353072255,0.10812240802065876,0.022294880421162677,0.0,0
44697,70,3,17.435464853859838,17.586701520421357,0.15123666656151968,0.12362717996564782,0.03779965236615174,0.0,0
44697,71,1,18.55603052072551,18.874572137971274,0.3185416172457636,0.2884158534044608,0.0,0.0,0
44697,71,2,18.55603052072551,18.89157516855231,0.3355446478268007,0.2903170154741706,0.0019011620697098053,0.032963235294805944,1
44697,71,3,18.55603052072551,18.87374566095594,0.3177151402304297,0.30920079667417083,0.020784943269710032,0.04058571809364977,1
44697,72,1,14.850179848495305,15.198105511386197,0.34792566289089244,0.2592566609233873,0.0,0.0,0
44697,72,2,14.850179848495305,15.231234753178729,0.38105490468342396,0.2766345631409322,0.017377902217544927,0.007622482798843828,1
44697,72,3,14.850179848495305,15.834297234993306,0.9841173864980011,0.3486802867739657,0.08942362585057839,0.007622482798843828,1
44697,73,1,14.368711349164093,14.62299309835844,0.2542817491943481,0.22173294885029043,0.008171615396914078,0.0,0
44697,73,2,14.368711349164093,14.681847649519156,0.31313630035506357,0.21356133345337636,0.0,0.04672001086166719,1
44697,73,3,14.368711349164093,14.563959083929301,0.19524773476520885,0.2371547762962864,0.02359344284291004,0.06015933089590755,1
44697,74,1,14.759546108758641,15.13459450498274,0.37504839622409847,0.25400954218241695,0.0,0.0,0
44697,74,2,14.759546108758641,15.17309930312114,0.41355319436249793,0.27178462712311924,0.01777508494070229,0.013439320034240365,1
44697,74,3,14.759546108758641,16.079523854302458,1.3199777455438166,0.3633309434737559,0.10932140129133894,0.013439320034240365,1
44698,0,1,1.3676690769984252,2.0123004332096657,0.6446313562112405,0.16298685865857845,0.0,0.03878812071715701,1
44698,0,2,1.3676690769984252,2.280145899504121,0.9124768225056958,0.19750949290465883,0.034522634246080375,0.0,0
44698,0,3,1.3676690769984252,2.4637494753608538,1.0960803983624285,0.19246836221695168,0.02948150355837323,0.0,0
44698,1,1,1.6244258937469656,2.792850543416531,1.1684246496695654,0.2000108080762699,0.013787196305365457,0.03878812071715701,1
44698,1,2,1.6244258937469656,2.2915156917807207,0.6670897980337551,0.19498890547072195,0.008765293699817517,0.0,0
44698,1,3,1.6244258937469656,2.4068748648948834,0.7824489711479179,0.18622361177090443,0.0,0.0,0
44698,2,1,2.682531756550134,2.8785564590423847,0.19602470249225057,0.09284676582230757,0.0,0.038788120717157024,1
44698,2,2,2.682531756550134,3.183523113548008,0.5009913569978739,0.10633996505691813,0.013493199234610564,0.0,0
44698,2,3,2.682531756550134,3.2119524015235976,0.5294206449734635,0.10793925464932227,0.015092488827014708,0.0,0
44698,3,1,1.8218950039658026,2.4954906486580946,0.6735956446922919,0.16714198278303224,0.0,0.0,0
44698,3,2,1.8218950039658026,2.729248217009856,0.9073532130440534,0.20879636118636558,0.04165437840333333,0.0,0
44698,3,3,1.8218950039658026,2.5521175893604666,0.730222585394664,0.2124527631107719,0.045310780327739664,0.0,0
44698,4,1,1.3969574396964715,1.7401538123016707,0.3431963726051992,0.18925203499929735,0.0,0.0,0
44698,4,2,1.3969574396964715,1.9781120843352529,0.5811546446387814,0.20839342526652288,0.019141390267225528,0.0,0
44698,4,3,1.3969574396964715,1.9434657854741946,0.5465083457777231,0.1915469962731314,0.002294961273834051,0.0,0
44698,5,1,2.105532162610647,2.3737432031881798,0.26821104057753287,0.06765257620013884,0.0,0.0,0
44698,5,2,2.105532162610647,2.518534526083617,0.41300236347297004,0.09864907827165782,0.03099650207151898,0.0,0
44698,5,3,2.105532162610647,2.499858815670595,0.3943266530599483,0.09211887530357832,0.024466299103439476,0.0,0
44698,6,1,3.1492553173412796,3.410643617204001,0.2613882998627215,0.19997389586073414,0.0,0.07859941933843506,1
44698,6,2,3.1492553173412796,3.7691350268573713,0.6198797095160917,0.23513935118773954,0.03516545532700541,0.0,0
44698,6,3,3.1492553173412796,3.6593059206237015,0.5100506032824219,0.2256151041739088,0.02564120831317465,0.0,0
44698,7,1,1.4494989654654833,2.2815468893851714,0.8320479239196881,0.21834823417179414,0.00648553409508032,0.07859941933843508,1
44698,7,2,1.4494989654654833,2.04844698958543,0.5989480241199465,0.23628850695457285,0.02442580687785903,0.0,0
44698,7,3,1.4494989654654833,2.121131520550526,0.6716325550850426,0.21186270007671382,0.0,0.0,0
44698,8,1,2.061857979765983,3.052853153900862,0.9909951741348793,0.14468920698033905,0.015124507657706121,0.07859941933843509,1
44698,8,2,2.061857979765983,2.617758403015414,0.5559004232494313,0.1324544864908652,0.0028897871682322662,0.0,0
44698,8,3,2.061857979765983,2.9032256788908755,0.8413676991248926,0.12956469932263293,0.0,0.0,0
44698,9,1,3.606723723594925,4.201162963149874,0.5944392395549487,0.24144717080563857,0.0,0.0,0
44698,9,2,3.606723723594925,4.346670923445421,0.7399471998504961,0.24672053172748884,0.0052733609218502675,0.0,0
44698,9,3,3.606723723594925,4.55242049552525,0.9456967719303249,0.24415091113505755,0.0027037403294189744,0.0,0
44698,10,1,1.908645431739425,2.6383893103220126,0.7297438785825876,0.19757856689983438,0.005763944652881242,0.0,0
44698,10,2,1.908645431739425,2.461798343774351,0.5531529120349261,0.2056113175707196,0.013796695323766456,0.0,0
44698,10,3,1.908645431739425,2.547098335656526,0.6384529039171012,0.19181462224695314,0.0,0.0,0
44698,11,1,2.2056196332204707,2.812301823812503,0.6066821905920321,0.17411449376259638,0.0,0.0900496960240186,1
44698,11,2,2.2056196332204707,3.0641137366201443,0.8584941033996736,0.22229060917328133,0.04817611541068495,0.0,0
44698,11,3,2.2056196332204707,3.125700209132242,0.9200805759117712,0.22198198028451635,0.047867486521919966,0.0,0
44698,12,1,1.990974546918031,3.0318504127416213,1.0408758658235902,0.21516109082223492,0.02741132132868046,0.0900496960240186,1
44698,12,2,1.990974546918031,2.9136453239453064,0.9226707770272753,0.1909280441076385,0.0031782746140840423,0.0,0
44698,12,3,1.990974546918031,2.6506657221015018,0.6596911751834706,0.18774976949355446,0.0,0.0,0
44698,13,1,2.1982983064214885,2.7561060646180646,0.5578077581965761,0.08790428030496661,0.0,0.0900496960240186,1
44698,13,2,2.1982983064214885,2.950442077726551,0.7521437713050627,0.1027312759801415,0.014826995675174898,0.0,0
44698,13,3,2.1982983064214885,2.842001770529918,0.6437034641084294,0.10439994310943548,0.016495662804468875,0.0,0
44698,14,1,3.070149563275873,4.2033003442000005,1.1331507809241277,0.21085905195297788,0.0,0.041603987429538886,1
44698,14,2,3.070149563275873,3.885135493270554,0.8149859299946813,0.23693253696025368,0.0260734850072758,0.0,0
44698,14,3,3.070149563275873,5.584453364054593,2.5143038007787197,0.2947363424219768,0.08387729046899894,0.0,0
44698,15,1,2.0821113196069416,3.4193753901447854,1.3372640705378438,0.2080983535312859,0.0,0.0,0
44698,15,2,2.0821113196069416,3.2085016262696895,1.1263903066627479,0.2290409511342257,0.020942597602939816,0.0,0
44698,15,3,2.0821113196069416,5.032814928005107,2.950703608398165,0.2949479962397704,0.08684964270848453,0.0,0
44698,16,1,5.846637978835885,6.647804213789399,0.8011662349535147,0.2607121295118212,0.005682908213974658,0.0,0
44698,16,2,5.846637978835885,6.857231929260495,1.0105939504246102,0.25502922129784655,0.0,0.0,0
44698,16,3,5.846637978835885,6.730765233578916,0.8841272547430314,0.266865151227042,0.011835929929195466,0.0,0
44698,17,1,5.494214059864147,5.825400757084617,0.33118669722047045,0.12928593317688228,0.0,0.0,0
44698,17,2,5.494214059864147,5.906376259720719,0.41216219985657165,0.13514758896221069,0.005861655785328407,0.0,0
44698,17,3,5.494214059864147,6.079214064649718,0.585000004785571,0.137744839891111,0.00845890671422872,0.0,0
44698,18,1,3.143420650773456,3.4826848615633876,0.33926421078993174,0.21023376220860143,0.0,0.0,0
44698,18,2,3.143420650773456,3.589377512526383,0.44595686175292704,0.2401578229405913,0.02992406073198986,0.0,0
44698,18,3,3.143420650773456,3.7833324548919913,0.6399118041185354,0.26252839523278454,0.05229463302418311,0.0,0
44698,19,1,3.3135500794026136,3.6338620368588677,0.32031195745625407,0.1309739411062417,0.0023865686709360068,0.0,0
44698,19,2,3.3135500794026136,3.852345124575527,0.5387950451729133,0.13375249910942913,0.005165126674123444,0.0,0
44698,19,3,3.3135500794026136,4.164874699756885,0.851324620354271,0.12858737243530569,0.0,0.0,0
44698,20,1,41.00580463458557,41.07009697560845,0.06429234102287751,0.24465768303195998,0.0,0.0,0
44698,20,2,41.00580463458557,41.07997562411558,0.07417098953001044,0.25357173168923874,0.008914048657278767,0.0,0
44698,20,3,41.00580463458557,41.12993157691032,0.12412694232475019,0.2646493621506798,0.019991679118719824,0.0,0
44698,21,1,40.93176258539999,40.97814424096731,0.04638165556732332,0.18408261433852682,0.0,0.0,0
44698,21,2,40.93176258539999,40.99366049681857,0.06189791141858336,0.19272688292927762,0.008644268590750792,0.0,0
44698,21,3,40.93176258539999,41.05089621985891,0.119133634458926,0.19036505836327539,0.0062824440247485625,0.0,0
44698,22,1,40.949552040479475,41.03117862156702,0.08162658108754783,0.05550679613279902,0.0,0.0,0
44698,22,2,40.949552040479475,41.06092951188828,0.11137747140880805,0.06308950325989171,0.007582707127092692,0.0,0
44698,22,3,40.949552040479475,41.11134439476591,0.16179235428643324,0.06279673881461671,0.007289942681817693,0.0,0
44698,23,1,2.416434949097057,3.0413503474952397,0.6249153983981826,0.24295175632216107,0.011028383577175366,0.17059625336041725,1
44698,23,2,2.416434949097057,2.891709739402688,0.4752747903056309,0.23645494248926693,0.004531569744281233,0.09718706158717091,1
44698,23,3,2.416434949097057,2.77278335295428,0.3563484038572229,0.2319233727449857,0.0,0.0,0
44698,24,1,1.0934192827523008,1.7373218212402997,0.6439025384879988,0.13302493315922906,0.0027251524679449135,0.17059625336041728,1
44698,24,2,1.0934192827523008,1.6123614510032378,0.518942168250937,0.144700536822266,0.014400756130981851,0.09718706158717089,1
44698,24,3,1.0934192827523008,2.0124882816389507,0.9190689988866498,0.13029978069128414,0.0,0.0,0
44698,25,1,2.573145929553454,2.839520584451281,0.26637465489782697,0.10740825409222611,0.0,0.17059625336041723,1
44698,25,2,2.573145929553454,3.008739566480336,0.4355936369268818,0.11636924820746149,0.008960994115235377,0.0971870615871709,1
44698,25,3,2.573145929553454,3.0703760008369985,0.49723007128354446,0.11360380820224644,0.006195554110020332,0.0,0
44698,26,1,2.5140917787099775,3.23247727540443,0.7183854966944527,0.2779122978255196,0.02655687470535234,0.0,0
44698,26,2,2.5140917787099775,2.97360371558725,0.45951193687727265,0.2748681821784133,0.023512759058246013,0.006363616073581824,1
44698,26,3,2.5140917787099775,2.8757607732026353,0.3616689944926579,0.2513554231201673,0.0,0.006363616073581824,1
44698,27,1,1.0669453850243775,1.2981882239615072,0.2312428389371297,0.12347747035348676,0.0,0.02474673213970452,1
44698,27,2,1.0669453850243775,1.4059061435759685,0.338960758551591,0.1321596994708266,0.008682229117339832,0.0,0
44698,27,3,1.0669453850243775,1.6002298965789277,0.5332845115545501,0.12987113434393016,0.006393663990443402,0.0,0
44698,28,1,2.979904415943561,3.4787329885062013,0.49882857256264046,0.08877035293074514,0.0,0.02474673213970452,1
44698,28,2,2.979904415943561,3.587786416920907,0.6078820009773462,0.1153809206893749,0.026610567758629758,0.0,0
44698,28,3,2.979904415943561,3.5170336150280916,0.5371291990845308,0.10771548184897921,0.018945128918234064,0.0,0
44698,29,1,3.0233677329445525,3.236070276426454,0.21270254348190143,0.09505811187540929,0.0,0.024746732139704505,1
44698,29,2,3.0233677329445525,3.3746491250179402,0.3512813920733877,0.10018163935036839,0.0051235274749591025,0.0,0
44698,29,3,3.0233677329445525,3.5251886318336667,0.5018208988891142,0.1042521683340273,0.00919405645861801,0.0,0
44698,30,1,2.4281726846774725,2.622871776775244,0.1946990920977716,0.20975286950306743,0.0,0.09621179187604367,1
44698,30,2,2.4281726846774725,2.767871956328534,0.3396992716510616,0.22897952744693023,0.0192266579438628,0.0,0
44698,30,3,2.4281726846774725,2.8792502968183458,0.4510776121408733,0.2181913884597338,0.008438518956666363,0.0,0
44698,31,1,1.665133627895089,1.7930677093487624,0.12793408145367335,0.16313846859243125,0.0,0.09621179187604373,1
44698,31,2,1.665133627895089,2.2290379269571776,0.5639042990620886,0.16987680251302492,0.00673833392059367,0.0,0
44698,31,3,1.665133627895089,2.34278141563322,0.6776477877381308,0.17437143495426757,0.011232966361836322,0.0,0
44698,32,1,2.203742876306312,2.699839563862646,0.49609668755633374,0.12334073987780324,0.0034061944729191634,0.09621179187604371,1
44698,32,2,2.203742876306312,2.496914061681013,0.293171185374701,0.133573357683474,0.013638812278589929,0.0,0
44698,32,3,2.203742876306312,2.8728234537141875,0.6690805774078754,0.11993454540488407,0.0,0.0,0
44698,33,1,3.0185007241797495,3.353479862267202,0.3349791380874527,0.08495976649414522,0.0,0.09621179187604371,1
44698,33,2,3.0185007241797495,3.552016573144301,0.5335158489645515,0.09957480674047771,0.014615040246332492,0.0,0
44698,33,3,3.0185007241797495,3.502159907797023,0.48365918361727367,0.10204555713401942,0.0170857906398742,0.0,0
44698,34,1,2.1200263836391957,2.7863573619296895,0.6663309782904938,0.22744480441663678,0.0,0.0,0
44698,34,2,2.1200263836391957,2.500092318326338,0.38006593468714245,0.24230793188993074,0.014863127473293963,0.0,0
44698,34,3,2.1200263836391957,2.897150931253299,0.7771245476141031,0.2460498399933819,0.018605035576745116,0.0,0
44698,35,1,2.202729862678322,2.4952659919866274,0.2925361293083055,0.15140098083821252,0.0,0.0,0
44698,35,2,2.202729862678322,2.693484125515446,0.490754262837124,0.17888444796829323,0.027483467130080708,0.0,0
44698,35,3,2.202729862678322,3.026712222227936,0.8239823595496141,0.17630262822085777,0.024901647382645248,0.0,0
44698,36,1,1.7825106119478717,1.9591243709256916,0.17661375897781983,0.11271426158598641,0.0,0.0,0
44698,36,2,1.7825106119478717,2.069140030932735,0.28662941898486327,0.12390183566814307,0.011187574082156662,0.0,0
44698,36,3,1.7825106119478717,2.2346218468770673,0.4521112349291956,0.12328768404260954,0.010573422456623127,0.0,0
44698,37,1,2.358529463616029,2.5265753043749584,0.16804584075892937,0.05471753432004081,0.0,0.0,0
44698,37,2,2.358529463616029,2.532059098662139,0.1735296350461102,0.07064737668745728,0.015929842367416472,0.0,0
44698,37,3,2.358529463616029,2.606100421459143,0.24757095784311378,0.06938809276405428,0.014670558444013465,0.0,0
44698,38,1,2.0482837663610605,2.459808429316378,0.41152466295531775,0.1668796558446015,0.0,0.0,0
44698,38,2,2.0482837663610605,2.708761944656442,0.6604781782953815,0.199921547829126,0.03304189198452451,0.0,0
44698,38,3,2.0482837663610605,2.8447516780692625,0.7964679117082021,0.19871245369748955,0.03183279785288806,0.0,0
44698,39,1,2.087023332398968,2.5626216776731576,0.4755983452741894,0.15090765368084508,0.0,0.0,0
44698,39,2,2.087023332398968,2.667719819466594,0.5806964870676259,0.18540914215821025,0.03450148847736517,0.0,0
44698,39,3,2.087023332398968,2.951795392386493,0.8647720599875246,0.18191325117298773,0.031005597492142656,0.0,0
44698,40,1,1.2262975828817366,1.3869257590748174,0.16062817619308078,0.06651365602973626,0.0,0.0,0
44698,40,2,1.2262975828817366,1.5413898562911958,0.3150922734094592,0.0897280714880789,0.023214415458342644,0.0,0
44698,40,3,1.2262975828817366,1.520187599893242,0.2938900170115053,0.08437607063785293,0.017862414608116675,0.0,0
44698,41,1,54.15552427946858,54.19313442278589,0.03761014331730905,0.22829618895532103,0.0,0.0,0
44698,41,2,54.15552427946858,54.19469463582529,0.0391703563567134,0.2525685555165135,0.0242723665611925,0.0,0
44698,41,3,54.15552427946858,54.2421698708895,0.08664559142091832,0.2540577712583002,0.025761582302979175,0.0,0
44698,42,1,54.16428178700469,54.22076170234163,0.05647991533694352,0.22983297634105673,0.0,0.0,0
44698,42,2,54.16428178700469,54.23167003750427,0.06738825049958308,0.23029008929282682,0.0004571129517700889,0.0,0
44698,42,3,54.16428178700469,54.28592657451715,0.12164478751245866,0.23159313348057495,0.0017601571395182147,0.0,0
44698,43,1,54.0369889311242,54.17524858124129,0.1382596501170923,0.19571404311518292,0.000749526856089644,0.0,0
44698,43,2,54.0369889311242,54.087874266473804,0.05088533534960504,0.1957003444957115,0.0007358282366182189,0.0,0
44698,43,3,54.0369889311242,54.180897166578255,0.14390823545405595,0.19496451625909328,0.0,0.0,0
44698,44,1,54.02098172690451,54.07832049848008,0.05733877157557288,0.05209689227800537,0.0,0.0,0
44698,44,2,54.02098172690451,54.089109675770736,0.06812794886622697,0.06356161900469427,0.011464726726688905,0.0,0
44698,44,3,54.02098172690451,54.141976067580096,0.1209943406755869,0.06364214915857491,0.011545256880569545,0.0,0
44698,45,1,2.156979262160873,2.919781382158159,0.7628021199972856,0.20142524905345618,0.020324806975941023,0.03227335069212617,1
44698,45,2,2.156979262160873,2.685925649033517,0.5289463868726436,0.2128534936244018,0.03175305154688665,0.07382549684568623,1
44698,45,3,2.156979262160873,2.89711979977192,0.7401405376110466,0.18110044207751516,0.0,0.0,0
44698,46,1,1.0057781417020213,1.7096026873509529,0.7038245456489316,0.13084629444330387,0.003918776557327974,0.03227335069212614,1
44698,46,2,1.0057781417020213,1.4078788347148286,0.40210069301280726,0.142713075062866,0.01578555717689012,0.0738254968456862,1
44698,46,3,1.0057781417020213,1.9508269035673376,0.9450487618653163,0.1269275178859759,0.0,0.0,0
44698,47,1,2.624880703082091,2.8935476721749414,0.2686669690928505,0.0918654252910427,0.0,0.03227335069212614,1
44698,47,2,2.624880703082091,3.1976571366808777,0.5727764335987868,0.11893368942510787,0.02706826413406517,0.07382549684568623,1
44698,47,3,2.624880703082091,3.2010003295594345,0.5761196264773436,0.10782032108468402,0.015954895793641316,0.0,0
44698,48,1,2.4630714210974505,2.8069198636535004,0.34384844255604996,0.0985041924588963,0.0,0.07382549684568623,1
44698,48,2,2.4630714210974505,3.0669197547973748,0.6038483336999243,0.10188252355663029,0.003378331097733986,0.0,0
44698,48,3,2.4630714210974505,3.0689395582191654,0.605868137121715,0.10230996662319641,0.003805774164300113,0.0,0
44698,49,1,3.8529846470575193,4.133333303229891,0.28034865617237203,0.20668971344413994,0.0,0.05845217540659017,1
44698,49,2,3.8529846470575193,4.429360299958293,0.5763756529007735,0.23440886042542983,0.027719146981289883,0.0,0
44698,49,3,3.8529846470575193,4.364831132546786,0.5118464854892664,0.2303561685721735,0.02366645512803356,0.0,0
44698,50,1,2.2042384368901056,2.896793635657255,0.6925551987671494,0.19256835195670174,0.0,0.05845217540659019,1
44698,50,2,2.2042384368901056,2.9514331943980805,0.7471947575079749,0.23023584323807075,0.03766749128136901,0.0,0
44698,50,3,2.2042384368901056,2.881770298461298,0.6775318615711923,0.23154900825578636,0.03898065629908462,0.0,0
44698,51,1,2.1901485084672005,2.957498975243881,0.7673504667766804,0.12273244763805856,0.0006095916706112398,0.058452175406590194,1
44698,51,2,2.1901485084672005,2.791360578150605,0.6012120696834042,0.12212285596744732,0.0,0.0,0
44698,51,3,2.1901485084672005,3.1371254524756855,0.946976944008485,0.12354944092668911,0.0014265849592417917,0.0,0
44698,52,1,2.2393586296501864,2.5591419358807967,0.31978330623061035,0.22196681268836882,0.0,0.07173802582267086,1
44698,52,2,2.2393586296501864,2.422791031128141,0.1834324014779547,0.24328649725527274,0.021319684566903918,0.0,0
44698,52,3,2.2393586296501864,2.7741246227300023,0.5347659930798159,0.23208462943674318,0.010117816748374364,0.0,0
44698,53,1,1.647365784387477,2.9981732322442376,1.3508074478567607,0.20330141918975797,0.033714185339276725,0.07173802582267086,1
44698,53,2,1.647365784387477,2.6356468836805087,0.9882810992930318,0.17639459059084717,0.006807356740365922,0.0,0
44698,53,3,1.647365784387477,2.60870231008159,0.9613365256941129,0.16958723385048124,0.0,0.0,0
44698,54,1,1.9679050494937982,2.2003455707264283,0.23244052123263015,0.12320849048610048,0.0,0.07173802582267086,1
44698,54,2,1.9679050494937982,2.315318676690766,0.3474136271969679,0.12823965086845254,0.0050311603823520595,0.0,0
44698,54,3,1.9679050494937982,2.531382569753027,0.5634775202592286,0.12467843600383807,0.0014699455177375892,0.0,0
44698,55,1,2.1325582408693555,2.864331291954405,0.7317730510850495,0.10812061440739167,0.005767906912278492,0.07173802582267086,1
44698,55,2,2.1325582408693555,2.4551880844337917,0.32262984356443614,0.10235270749511317,0.0,0.0,0
44698,55,3,2.1325582408693555,2.6703399008692332,0.5377816599998777,0.10413489315847907,0.0017821856633658956,0.0,0
44698,56,1,2.2795955064773197,2.9231175283298425,0.6435220218525228,0.23214032924223557,0.0,0.05828533517659287,1
44698,56,2,2.2795955064773197,3.111140322850443,0.8315448163731234,0.24160866129504055,0.009468332052804979,0.0,0
44698,56,3,2.2795955064773197,4.427416873098947,2.1478213666216273,0.2945622677050139,0.062421938462778354,0.0,0
44698,57,1,2.2169201586559697,3.37073460250216,1.1538144438461901,0.15211460888210732,0.0,0.05828533517659288,1
44698,57,2,2.2169201586559697,3.025480552252235,0.8085603935962653,0.17943008871868377,0.02731547983657645,0.0,0
44698,57,3,2.2169201586559697,4.704019462914929,2.4870993042589595,0.23953637483093781,0.0874217659488305,0.0,0
44698,58,1,2.4687188930491692,5.191645182105555,2.7229262890563857,0.18227352523079227,0.0,0.0,0
44698,58,2,2.4687188930491692,4.178678182959883,1.709959289910714,0.23075649648110952,0.04848297125031725,0.009502165953042319,1
44698,58,3,2.4687188930491692,10.228989568036942,7.760270674987773,0.3447773235391113,0.16250379830831901,0.015916525456340536,1
44698,59,1,3.0968676124500765,6.436061404510428,3.339193792060352,0.09013778064766731,0.0,0.0,0
44698,59,2,3.0968676124500765,5.287035529660473,2.1901679172103967,0.16729659804088956,0.07715881739322225,0.006414359503298245,1
44698,59,3,3.0968676124500765,11.090758947384542,7.993891334934466,0.26958926388282234,0.17945148323515503,0.02047030441174441,1
44698,60,1,1.4892183470331581,2.153264231618812,0.6640458845856541,0.1644306115391357,0.0,0.04617964292534815,1
44698,60,2,1.4892183470331581,2.5509329291090985,1.0617145820759404,0.2050791179040929,0.040648506364957177,0.0,0
44698,60,3,1.4892183470331581,2.5083275607943376,1.0191092137611795,0.2034206782061417,0.038990066667005996,0.0,0
44698,61,1,8.934624760863866,9.323496370145216,0.38887160928135067,0.22762777930383468,0.0,0.04617964292534818,1
44698,61,2,8.934624760863866,9.523429729107695,0.5888049682438297,0.24885360575433896,0.021225826450504276,0.0,0
44698,61,3,8.934624760863866,9.404694004373914,0.4700692435100482,0.2436010254960889,0.01597324619225421,0.0,0
44698,62,1,1.1526269090929873,1.4099866757560338,0.2573597666630465,0.06466596431567698,0.0,0.0,0
44698,62,2,1.1526269090929873,1.4771924779433205,0.3245655688503333,0.08593278803192758,0.021266823716250605,0.0,0
44698,62,3,1.1526269090929873,1.47807242500451,0.3254455159115228,0.08011469043201783,0.01544872611634085,0.0,0
44698,63,1,9.890638647056694,10.144949793182038,0.2543111461253442,0.23640559621825438,0.0,0.0,0
44698,63,2,9.890638647056694,10.240024710688965,0.34938606363227187,0.241343165666882,0.00493756944862761,0.0,0
44698,63,3,9.890638647056694,10.354923809157016,0.4642851621003228,0.25396873869524844,0.01756314247699406,0.0,0
44698,64,1,9.62146788239551,9.815046616325784,0.19357873393027347,0.10274860989024996,0.0,0.0,0
44698,64,2,9.62146788239551,9.907687479858204,0.28621959746269354,0.118029077181108,0.015280467290858038,0.0,0
44698,64,3,9.62146788239551,10.0913571632899,0.46988928089438886,0.11746759681037916,0.014718986920129198,0.0,0
44698,65,1,3.129102155950315,3.245885938782977,0.11678378283266211,0.19216146458566052,0.0,0.08273436452784869,1
44698,65,2,3.129102155950315,3.4932914758346136,0.3641893198842987,0.2168960238082355,0.024734559222574976,0.0,0
44698,65,3,3.129102155950315,3.5830399500794514,0.4539377941291365,0.20549985590198247,0.013338391316321946,0.0,0
44698,66,1,2.2340910081473075,3.2814018355987296,1.047310827451422,0.24327577537931647,0.01993119099563906,0.08273436452784867,1
44698,66,2,2.2340910081473075,3.228863629232162,0.9947726210848544,0.257539390737318,0.03419480635364061,0.0,0
44698,66,3,2.2340910081473075,2.9458873953719413,0.7117963872246338,0.2233445843836774,0.0,0.0,0
44698,67,1,2.3337220147547786,2.8714216943521973,0.5376996795974187,0.12388288171626688,0.0,0.08273436452784869,1
44698,67,2,2.3337220147547786,3.058455193048271,0.7247331782934925,0.13152660933278817,0.007643727616521295,0.0,0
44698,67,3,2.3337220147547786,2.9223809431472096,0.5886589283924311,0.13168858872779454,0.007805707011527663,0.0,0
44698,68,1,17.05354519561013,17.22560597895977,0.17206078334963948,0.10375994380546763,0.0,0.005952593332688293,1
44698,68,2,17.05354519561013,17.178725750181947,0.12518055457181632,0.1076725107490889,0.003912566943621271,0.0,0
44698,68,3,17.05354519561013,17.199476884467757,0.14593168885762609,0.11093775370120028,0.007177809895732648,0.0,0
44698,69,1,18.04867474984902,18.276533616089758,0.22785886624073726,0.28512892017874036,0.0,0.0,0
44698,69,2,18.04867474984902,18.25732558221548,0.20865083236645887,0.2953512365129673,0.010222316334226933,0.03334388719466152,1
44698,69,3,18.04867474984902,18.317216914959314,0.2685421651102935,0.28704827156787993,0.0019193513891395675,0.0424135030162768,1
44698,70,1,14.516828566578416,14.741808196272865,0.22497962969444885,0.23162921446443108,0.005318594723243447,0.0,0
44698,70,2,14.516828566578416,14.860375057647545,0.3435464910691284,0.22631061974118763,0.0,0.009069615821615275,1
44698,70,3,14.516828566578416,14.752160575390494,0.23533200881207783,0.23809286214624992,0.011782242405062288,0.009069615821615275,1
44698,71,1,14.01029338513035,14.433444192638609,0.42315080750825906,0.2501631561950366,0.011264622839036759,0.0,0
44698,71,2,14.01029338513035,14.430444361382154,0.4201509762518043,0.23889853335599984,0.0,0.0475097761957608,1
44698,71,3,14.01029338513035,14.252237233988472,0.24194384885812248,0.2395954461041037,0.0006969127481038506,0.06262278405771397,1
44698,72,1,14.418214095324828,14.664127991083145,0.24591389575831712,0.23327856987986004,0.0,0.0,0
44698,72,2,14.418214095324828,14.806491008888088,0.38827691356326,0.23550137376876656,0.002222803888906527,0.01511300786195318,1
44698,72,3,14.418214095324828,15.465261420630265,1.0470473253054369,0.29347572035646974,0.0601971504766097,0.01511300786195318,1
44699,0,1,1.8443487600203792,1.9685355286834745,0.1241867686630953,0.15767152855232908,0.0,0.0,0
44699,0,2,1.8443487600203792,2.213525460629689,0.3691767006093096,0.18774979044771764,0.030078261895388564,0.0,0
44699,0,3,1.8443487600203792,2.176928308662027,0.3325795486416476,0.1913125451494773,0.033641016597148216,0.0,0
44699,1,1,1.4803758999077323,1.86886812752231,0.3884922276145777,0.17183089392630835,0.0,0.0,0
44699,1,2,1.4803758999077323,1.7705254270827246,0.2901495271749923,0.18798654057710676,0.01615564665079841,0.0,0
44699,1,3,1.4803758999077323,2.0715793436864898,0.5912034437787574,0.17329151270746185,0.0014606187811534999,0.0,0
44699,2,1,2.074131028170275,2.271963384763438,0.197832356593163,0.08050357216175393,0.0,0.0,0
44699,2,2,2.074131028170275,2.333638237414329,0.25950720924405424,0.1060829374629012,0.02557936530114728,0.0,0
44699,2,3,2.074131028170275,2.3688018469180583,0.29467081874778334,0.09612182068666685,0.01561824852491292,0.0,0
44699,3,1,3.293146152656756,3.3813890094256998,0.08824285676894394,0.18473378682029098,0.0,0.07728111209633376,1
44699,3,2,3.293146152656756,3.5501793402201143,0.25703318756335847,0.2055811826029077,0.020847395782616712,0.0,0
44699,3,3,3.293146152656756,3.7455335628546065,0.45238741019785067,0.20589712383739986,0.021163337017108874,0.0,0
44699,4,1,1.4343781406755043,2.088634370648129,0.6542562299726247,0.18288416580235622,0.0,0.07728111209633376,1
44699,4,2,1.4343781406755043,2.0456494121786823,0.6112712715031781,0.1903868278203614,0.007502662018005174,0.0,0
44699,4,3,1.4343781406755043,2.1895703093388517,0.7551921686633474,0.187189822228194,0.004305656425837773,0.0,0
44699,5,1,2.0587593522337744,2.922813223250528,0.8640538710167536,0.13499000893303056,0.0008784545956554701,0.07728111209633376,1
44699,5,2,2.0587593522337744,2.616320805626293,0.5575614533925188,0.1415085762040186,0.007397021866643511,0.0,0
44699,5,3,2.0587593522337744,2.834015811321873,0.7752564590880988,0.1341115543373751,0.0,0.0,0
44699,6,1,3.659028025603496,4.444967816814327,0.7859397912108315,0.22742563982856642,0.0,0.0,0
44699,6,2,3.659028025603496,4.013504134268954,0.3544761086654584,0.23097105154090194,0.003545411712335522,0.0,0
44699,6,3,3.659028025603496,4.948724341019359,1.289696315415863,0.23222419724682827,0.004798557418261851,0.0,0
44699,7,1,1.9336331505429574,2.846636740618403,0.9130035900754458,0.1916901436912532,0.015590588276018086,0.0,0
44699,7,2,1.9336331505429574,2.4824602422713236,0.5488270917283662,0.19516916261865688,0.019069607203421768,0.0,0
44699,7,3,1.9336331505429574,2.420873480099778,0.4872403295568206,0.17609955541523512,0.0,0.0,0
44699,8,1,2.2103035979728336,2.3772764626926586,0.16697286471982498,0.17036196455185992,0.0,0.08952345600868788,1
44699,8,2,2.2103035979728336,2.5165511957764877,0.30624759780365407,0.19835012850012623,0.02798816394826631,0.0,0
44699,8,3,2.2103035979728336,2.6617081278764863,0.45140452990365265,0.199238041670122,0.028876077118262067,0.0,0
44699,9,1,2.0597087213088434,2.517807346353307,0.4580986250444634,0.18602967635975245,0.007082187925435857,0.08952345600868787,1
44699,9,2,2.0597087213088434,2.471809159820446,0.4121004385116027,0.1837433171577586,0.004795828723442003,0.0,0
44699,9,3,2.0597087213088434,2.400793873697497,0.3410851523886538,0.1789474884343166,0.0,0.0,0
44699,10,1,2.196063111907363,2.41414665517996,0.21808354327259716,0.09851413095770692,0.0,0.08952345600868787,1
44699,10,2,2.196063111907363,2.521888176564752,0.3258250646573888,0.10963347774379732,0.011119346786090403,0.0,0
44699,10,3,2.196063111907363,2.656171145977763,0.4601080340703998,0.11340717380704245,0.014893042849335528,0.0,0
44699,11,1,3.044079338344354,4.071584559866814,1.02750522152246,0.17475362611647327,0.0,0.04088480412203778,1
44699,11,2,3.044079338344354,3.8109922940435097,0.7669129556991559,0.20763851881342207,0.0328848926969488,0.0,0
44699,11,3,3.044079338344354,5.877276658320608,2.833197319976254,0.29009769793204004,0.11534407181556677,0.0,0
44699,12,1,2.006873728717387,2.9839271878590656,0.9770534591416786,0.20793945971235225,0.0,0.0,0
44699,12,2,2.006873728717387,2.9474782755153073,0.9406045467979203,0.2358464077979407,0.02790694808558844,0.0,0
44699,12,3,2.006873728717387,4.265539033750594,2.258665305033207,0.3049865745260254,0.09704711481367315,0.0,0
44699,13,1,5.8920126396890575,6.502931065121499,0.6109184254324411,0.25638006609073544,0.0,0.0,0
44699,13,2,5.8920126396890575,6.25538516739058,0.3633725277015225,0.26835115265192766,0.011971086561192223,0.0,0
44699,13,3,5.8920126396890575,6.90772285510983,1.0157102154207722,0.2813333976503052,0.024953331559569747,0.0,0
44699,14,1,5.5245849344907425,5.860224807585858,0.3356398730951158,0.12574051667695665,0.0,0.0,0
44699,14,2,5.5245849344907425,5.804236222294777,0.27965128780403425,0.13686836569251298,0.01112784901555633,0.0,0
44699,14,3,5.5245849344907425,6.420130460245877,0.8955455257551348,0.13710824121746026,0.01136772454050361,0.0,0
44699,15,1,3.158331557701953,3.565491497207281,0.4071599395053278,0.22464686821894592,0.0,0.0,0
44699,15,2,3.158331557701953,3.4379466789813407,0.2796151212793876,0.2477348923470103,0.023088024128064377,0.0,0
44699,15,3,3.158331557701953,3.6897934007449193,0.5314618430429663,0.2662938450201672,0.04164697680122126,0.0,0
44699,16,1,3.3399254524984747,3.607017823469346,0.26709237097087124,0.13452547955050476,0.0,0.0,0
44699,16,2,3.3399254524984747,3.6434809523907274,0.3035554998922527,0.13928538494638681,0.004759905395882058,0.0,0
44699,16,3,3.3399254524984747,3.7489131172382537,0.408987664739779,0.1356539600967054,0.0011284805462006553,0.0,0
44699,17,1,41.31118524829469,41.39256200422256,0.08137675592787019,0.2406217249669387,0.0,0.0,0
44699,17,2,41.31118524829469,41.3522602634378,0.04107501514310741,0.2512639837056866,0.010642258738747884,0.0,0
44699,17,3,41.31118524829469,41.459628477703234,0.14844322940854227,0.2633330606462852,0.022711335679346495,0.0,0
44699,18,1,41.23490914271042,41.28603550064428,0.051126357933860334,0.1661988587807647,0.0,0.0,0
44699,18,2,41.23490914271042,41.267691164508165,0.032782021797743255,0.18085410446318764,0.014655245682422935,0.0,0
44699,18,3,41.23490914271042,41.337882034751246,0.1029728920408246,0.17931792336152186,0.01311906458075715,0.0,0
44699,19,1,41.248159062951245,41.30671128693685,0.058552223985607554,0.07540306312023996,0.0,0.0,0
44699,19,2,41.248159062951245,41.32466301549397,0.07650395254272269,0.08487163798440758,0.00946857486416762,0.0,0
44699,19,3,41.248159062951245,41.4067662602247,0.1586071972734544,0.08434384252875742,0.008940779408517452,0.0,0
44699,20,1,2.3971825374856217,3.3302440515531773,0.9330615140675556,0.24150362866186365,0.0008052419911044606,0.1717931737872116,1
44699,20,2,2.3971825374856217,3.0843323129664277,0.687149775480806,0.24895288141474886,0.008254494743989677,0.09839427689946312,1
44699,20,3,2.3971825374856217,2.9222088598341647,0.525026322348543,0.24069838667075918,0.0,0.0,0
44699,21,1,1.0958607862923615,1.575315820601255,0.47945503430889347,0.13129712322436587,0.0,0.17179317378721162,1
44699,21,2,1.0958607862923615,1.704842306204809,0.6089815199124475,0.15284908017068075,0.02155195694631487,0.09839427689946315,1
44699,21,3,1.0958607862923615,1.8628959875894027,0.7670352012970412,0.14133947661656468,0.010042353392198805,0.0,0
44699,22,1,2.2476413877809183,2.4682111657274843,0.22056977794656607,0.11391568809119455,0.0,0.1717931737872116,1
44699,22,2,2.2476413877809183,2.694243754507295,0.44660236672637676,0.12128967284900039,0.007373984757805832,0.09839427689946315,1
44699,22,3,2.2476413877809183,2.913260126908608,0.6656187391276895,0.12208709655574668,0.008171408464552124,0.0,0
44699,23,1,3.0479527944575393,3.9229223630282006,0.8749695685706613,0.26979128686161513,0.012769080428554236,0.0,0
44699,23,2,3.0479527944575393,3.6816736242038046,0.6337208297462653,0.27410247764069595,0.017080271207635056,0.011981445263865187,1
44699,23,3,3.0479527944575393,3.525534775693668,0.4775819812361286,0.2570222064330609,0.0,0.011981445263865187,1
44699,24,1,1.206585813444391,1.477936922908545,0.2713511094641541,0.12175306355623458,0.0,0.02170361332548848,1
44699,24,2,1.206585813444391,1.571951860838397,0.36536604739400613,0.1498260314267293,0.02807296787049471,0.0,0
44699,24,3,1.206585813444391,1.6764013879426063,0.4698155744982153,0.13915732081927756,0.017404257263042983,0.0,0
44699,25,1,3.4628928767138154,3.9283693525641654,0.46547647585035,0.09988164141621567,0.0,0.021703613325488508,1
44699,25,2,3.4628928767138154,4.055990115366589,0.5930972386527733,0.11744197348615223,0.01756033206993657,0.0,0
44699,25,3,3.4628928767138154,4.119367752255002,0.6564748755411864,0.1112184941758538,0.011336852759638139,0.0,0
44699,26,1,2.6186181762329723,3.629096984894211,1.0104788086612388,0.1150110375333786,0.0032216898379013453,0.021703613325488494,1
44699,26,2,2.6186181762329723,3.4345576858340245,0.8159395096010522,0.11178934769547726,0.0,0.0,0
44699,26,3,2.6186181762329723,3.291588115556743,0.6729699393237705,0.11687285597050637,0.005083508275029111,0.0,0
44699,27,1,2.408146636907195,2.8392575224747163,0.4311108855675214,0.1956913894661025,0.0,0.09485697253155195,1
44699,27,2,2.408146636907195,2.760426226099561,0.35227958919236624,0.20120469227747834,0.005513302811375825,0.0,0
44699,27,3,2.408146636907195,2.7708882548074776,0.3627416179002827,0.19783920046719564,0.002147811001093125,0.0,0
44699,28,1,1.7189153444109238,2.1409035117305093,0.42198816731958555,0.15701195515770344,0.0,0.09485697253155193,1
44699,28,2,1.7189153444109238,2.4091861938171912,0.6902708494062675,0.16214454171961573,0.005132586561912289,0.0,0
44699,28,3,1.7189153444109238,2.567225479534852,0.8483101351239282,0.16767817679475983,0.010666221637056383,0.0,0
44699,29,1,2.146366402684522,2.4356366304480193,0.2892702277634971,0.12150709435328128,0.0,0.09485697253155194,1
44699,29,2,2.146366402684522,2.5442678178727807,0.3979014151882585,0.13055681134248362,0.009049716989202344,0.0,0
44699,29,3,2.146366402684522,2.538710709274825,0.39234430659030295,0.12313995713842425,0.0016328627851429772,0.0,0
44699,30,1,3.037631195013092,3.221103737242828,0.18347254222973586,0.09587669083234437,0.0,0.09485697253155193,1
44699,30,2,3.037631195013092,3.3295775708527744,0.2919463758396823,0.10186716519414014,0.0059904743617957695,0.0,0
44699,30,3,3.037631195013092,3.5535147258343978,0.5158835308213057,0.10194312107270077,0.006066430240356399,0.0,0
44699,31,1,2.255983254980724,2.916878654249851,0.6608953992691267,0.2015234393573598,0.0,0.0,0
44699,31,2,2.255983254980724,2.392773365141155,0.13679011016043097,0.2139770462009168,0.01245360684355698,0.0,0
44699,31,3,2.255983254980724,3.15860055569823,0.9026173007175058,0.21867126908753437,0.017147829730174563,0.0,0
44699,32,1,2.2486807886031324,2.384826318124147,0.13614552952101455,0.15946523938635784,0.0,0.0,0
44699,32,2,2.2486807886031324,2.5300685847880553,0.28138779618492293,0.1767234454450481,0.017258206058690245,0.0,0
44699,32,3,2.2486807886031324,2.735783392331238,0.48710260372810543,0.18176437239334353,0.02229913300698569,0.0,0
44699,33,1,1.8442539431314775,2.1389943123926582,0.29474036926118075,0.10906139191640818,0.0,0.0,0
44699,33,2,1.8442539431314775,2.1480716476404274,0.30381770450894985,0.13241704143765146,0.023355649521243277,0.0,0
44699,33,3,1.8442539431314775,2.3233939713063325,0.479140028174855,0.13155445980048633,0.02249306788407815,0.0,0
44699,34,1,2.381997070337291,2.5509443165027608,0.16894724616546997,0.05830555694818696,0.0,0.0,0
44699,34,2,2.381997070337291,2.561628290338844,0.17963122000155307,0.08098418719750167,0.022678630249314706,0.0,0
44699,34,3,2.381997070337291,2.588871915132434,0.20687484479514318,0.07679991609029227,0.01849435914210531,0.0,0
44699,35,1,1.92321924149308,2.108506659157249,0.185287417664169,0.16233003158051004,0.0,0.0,0
44699,35,2,1.92321924149308,2.2500410223913847,0.3268217808983047,0.18816307191852394,0.025833040338013896,0.0,0
44699,35,3,1.92321924149308,2.336468502920893,0.41324926142781293,0.19674666735095392,0.034416635770443876,0.0,0
44699,36,1,1.8926187079308616,2.0554400623335476,0.16282135440268597,0.15294932351490026,0.0,0.0,0
44699,36,2,1.8926187079308616,2.2951805009117496,0.402561792980888,0.17318511667478195,0.020235793159881693,0.0,0
44699,36,3,1.8926187079308616,2.45517979498791,0.5625610870570483,0.18447854339822162,0.03152921988332136,0.0,0
44699,37,1,1.3896910444142994,1.5448602201714237,0.1551691757571243,0.07708626624143736,0.0,0.0,0
44699,37,2,1.3896910444142994,1.5861724162035862,0.19648137178928682,0.09660455316982708,0.019518286928389722,0.0,0
44699,37,3,1.3896910444142994,1.6840644329985817,0.2943733885842823,0.08925417710642844,0.012167910864991083,0.0,0
44699,38,1,54.55764009919945,54.60994166125678,0.05230156205732328,0.21645178970128476,0.0,0.0,0
44699,38,2,54.55764009919945,54.574215023997226,0.016574924797772894,0.2312892060250814,0.014837416323796648,0.0,0
44699,38,3,54.55764009919945,54.66083432547184,0.10319422627238595,0.23867287625344155,0.022221086552156794,0.0,0
44699,39,1,54.57349960811598,54.62891835158907,0.055418743473090615,0.23358108663012672,0.005481814290334286,0.0,0
44699,39,2,54.57349960811598,54.6433521186518,0.0698525105358172,0.22809927233979244,0.0,0.0,0
44699,39,3,54.57349960811598,54.68420396816509,0.11070436004911244,0.236070286358207,0.007971014018414574,0.0,0
44699,40,1,54.43635045854772,54.53029163906915,0.0939411805214263,0.1949669791889573,0.011294373180190082,0.0,0
44699,40,2,54.43635045854772,54.48322440080504,0.04687394225732078,0.1851352354177707,0.001462629409003463,0.0,0
44699,40,3,54.43635045854772,54.522973389245294,0.08662293069757254,0.18367260600876723,0.0,0.0,0
44699,41,1,54.41794430282148,54.45567963944389,0.03773533662241135,0.07354453268790366,0.0,0.0,0
44699,41,2,54.41794430282148,54.467690127258585,0.04974582443710318,0.08691946163486947,0.013374928946965806,0.0,0
44699,41,3,54.41794430282148,54.53423677400919,0.11629247118770536,0.08441191894575015,0.010867386257846487,0.0,0
44699,42,1,2.11001000946958,2.9429241609385612,0.8329141514689811,0.19838549084646476,0.01775163856657655,0.03189992687694365,1
44699,42,2,2.11001000946958,2.8871696828944704,0.7771596734248902,0.20681081937398177,0.02617696709409356,0.07185191111740397,1
44699,42,3,2.11001000946958,2.7059544213023425,0.5959444118327624,0.1806338522798882,0.0,0.0,0
44699,43,1,1.0484024129794134,1.3253248109935059,0.27692239801409246,0.12611923418086746,0.0,0.03189992687694365,1
44699,43,2,1.0484024129794134,1.5302214529937324,0.48181904001431897,0.15554630526652624,0.029427071085658785,0.07185191111740397,1
44699,43,3,1.0484024129794134,1.6758557762550084,0.627453363275595,0.13698945648446706,0.010870222303599603,0.0,0
44699,44,1,2.541220081833617,2.7047185994586314,0.16349851762501455,0.09417646824691031,0.0,0.031899926876943624,1
44699,44,2,2.541220081833617,2.874942786349771,0.33372270451615416,0.11994369775321405,0.025767229506303738,0.07185191111740397,1
44699,44,3,2.541220081833617,3.0067520946899036,0.46553201285628676,0.11005264535689321,0.015876177109982903,0.0,0
44699,45,1,2.4231838465780577,3.0293878498351186,0.6062040032570608,0.10419440764571747,0.0008799291263482251,0.07185191111740397,1
44699,45,2,2.4231838465780577,2.830663701599941,0.40747985502188344,0.10804673917414065,0.004732260654771406,0.0,0
44699,45,3,2.4231838465780577,3.2242468149942076,0.8010629684161499,0.10331447851936924,0.0,0.0,0
44699,46,1,4.013102277611063,4.308782015747466,0.29567973813640336,0.20137228648367186,0.0,0.060352969512424276,1
44699,46,2,4.013102277611063,4.3893819299152135,0.3762796523041505,0.21469615475725234,0.01332386827358048,0.0,0
44699,46,3,4.013102277611063,4.63387553386235,0.6207732562512867,0.2184590851048653,0.017086798621193444,0.0,0
44699,47,1,2.0144543890222333,2.3548520872002667,0.34039769817803345,0.19012258976554794,0.0,0.060352969512424304,1
44699,47,2,2.0144543890222333,2.5220975399933634,0.5076431509711301,0.21057636849794523,0.020453778732397287,0.0,0
44699,47,3,2.0144543890222333,2.7125673439928066,0.6981129549705734,0.2170888490443032,0.02696625927875526,0.0,0
44699,48,1,2.0873332370891107,2.6624128832574927,0.575079646168382,0.11785548751894477,0.0,0.06035296951242431,1
44699,48,2,2.0873332370891107,2.795969635294538,0.7086363982054271,0.12965737541804837,0.011801887899103594,0.0,0
44699,48,3,2.0873332370891107,2.9636627432169904,0.8763295061278797,0.12768610670204836,0.009830619183103587,0.0,0
44699,49,1,2.2011264870210923,2.8581856005257884,0.6570591135046961,0.21273376556098955,0.0,0.0702760012197341,1
44699,49,2,2.2011264870210923,2.6437597863099227,0.44263329928883044,0.21842777401558633,0.005694008454596777,0.0,0
44699,49,3,2.2011264870210923,2.6045488569568027,0.40342236993571046,0.213232396958295,0.0004986313973054379,0.0,0
44699,50,1,1.6707377160764065,2.3882333934955184,0.7174956774191119,0.20371006237348158,0.029228349950405935,0.07027600121973412,1
44699,50,2,1.6707377160764065,2.247395536833633,0.5766578207572266,0.18676638503703108,0.012284672613955439,0.0,0
44699,50,3,1.6707377160764065,2.168068039983786,0.4973303239073794,0.17448171242307564,0.0,0.0,0
44699,51,1,1.8934473809082284,2.2509333381749186,0.3574859572666902,0.11620920521747781,0.0,0.07027600121973407,1
44699,51,2,1.8934473809082284,2.3023777911581034,0.408930410249875,0.12738832244248494,0.011179117225007126,0.0,0
44699,51,3,1.8934473809082284,2.358191640648119,0.46474425973989075,0.12688341652194954,0.010674211304471729,0.0,0
44699,52,1,2.199017091551389,2.3629512419497223,0.16393415039833314,0.09619935161262948,0.0,0.0702760012197341,1
44699,52,2,2.199017091551389,2.59851968925824,0.3995025977068507,0.10002012808785696,0.0038207764752274803,0.0,0
44699,52,3,2.199017091551389,2.6496109096115035,0.45059381806011434,0.1014808847803207,0.005281533167691227,0.0,0
44699,53,1,2.2426909369845602,2.916138440847176,0.673447503862616,0.2071691193607321,0.0,0.05838535428231105,1
44699,53,2,2.2426909369845602,2.759274103890186,0.5165831669056256,0.23142832269876198,0.02425920333802989,0.0,0
44699,53,3,2.2426909369845602,3.950077524578615,1.7073865875940548,0.28984684875889805,0.08267772939816595,0.0,0
44699,54,1,2.0930400585136972,3.1541835394993916,1.0611434809856943,0.15454749020520703,0.0,0.05838535428231105,1
44699,54,2,2.0930400585136972,3.0403039358215,0.9472638773078028,0.186730215064744,0.032182724859536965,0.0,0
44699,54,3,2.0930400585136972,4.945688365958877,2.85264830744518,0.2721975363160779,0.11765004611087088,0.0,0
44699,55,1,2.392394301904556,4.3701800072476775,1.9777857053431216,0.18779366380768048,0.0,0.0,0
44699,55,2,2.392394301904556,4.010440727835045,1.6180464259304888,0.2389691430364236,0.05117547922874313,0.009062582026501564,1
44699,55,3,2.392394301904556,7.731941655395832,5.339547353491276,0.3458381947766456,0.15804453096896515,0.014613860567695536,1
44699,56,1,2.740284178923477,5.490815120267005,2.750530941343528,0.0931920113138452,0.0,0.0,0
44699,56,2,2.740284178923477,4.732933404071252,1.9926492251477752,0.1709158418006963,0.0777238304868511,0.005551278541193888,1
44699,56,3,2.740284178923477,9.771243458088957,7.03095927916548,0.28917315922912495,0.19598114791527976,0.018227398965977526,1
44699,57,1,1.503541551416733,1.710089756172707,0.20654820475597413,0.14872355137753476,0.0,0.047020582137614675,1
44699,57,2,1.503541551416733,1.9809934797849595,0.4774519283682266,0.1757252163144374,0.027001664936902647,0.0,0
44699,57,3,1.503541551416733,2.026246983164703,0.52270543174797,0.180725375910659,0.032001824533124223,0.0,0
44699,58,1,9.652495213730072,10.034995220265131,0.382500006535059,0.2288287534376426,0.0,0.04702058213761466,1
44699,58,2,9.652495213730072,9.947333874434952,0.29483866070487963,0.2474350710834027,0.018606317645760095,0.0,0
44699,58,3,9.652495213730072,10.152447439139973,0.4999522254099009,0.2522991410332156,0.02347038759557299,0.0,0
44699,59,1,1.1650480803709444,1.4328015945772277,0.26775351420628324,0.07759822718523464,0.0,0.0,0
44699,59,2,1.1650480803709444,1.5493388433615825,0.384290762990638,0.09024129039167174,0.0126430632064371,0.0,0
44699,59,3,1.1650480803709444,1.5938407840646698,0.42879270369372535,0.08241806150630607,0.004819834321071428,0.0,0
44699,60,1,9.961969672358121,10.263912322847693,0.3019426504895719,0.22924484840210255,0.0,0.0,0
44699,60,2,9.961969672358121,10.10822662014149,0.14625694778336928,0.23738423923359128,0.008139390831488735,0.0,0
44699,60,3,9.961969672358121,10.523106408845972,0.5611367364878515,0.24445833369137315,0.015213485289270606,0.0,0
44699,61,1,9.668327749994209,9.953634140084343,0.2853063900901347,0.09887967340918243,0.0,0.0,0
44699,61,2,9.668327749994209,9.87460984396117,0.20628209396696207,0.12046945380600778,0.021589780396825353,0.0,0
44699,61,3,9.668327749994209,10.156683779019344,0.48835602902513564,0.11924339151340357,0.02036371810422115,0.0,0
44699,62,1,3.172614862832245,3.2979432419464816,0.12532837911423655,0.1756130019375705,0.0,0.08282683296824125,1
44699,62,2,3.172614862832245,3.445929517151737,0.273314654319492,0.19073601111740543,0.015123009179834918,0.0,0
44699,62,3,3.172614862832245,3.564277628532215,0.39166276569996983,0.19309139803842376,0.01747839610085325,0.0,0
44699,63,1,2.2550702699758114,3.1369488053729073,0.8818785353970959,0.22454721815993672,0.01552421922625255,0.08282683296824125,1
44699,63,2,2.2550702699758114,2.949597624656664,0.6945273546808526,0.2263940198245351,0.017371020890850936,0.0,0
44699,63,3,2.2550702699758114,2.8242833220803827,0.5692130521045713,0.20902299893368417,0.0,0.0,0
44699,64,1,2.203663317872683,2.4204523440682406,0.21678902619555762,0.12441690140870491,0.0,0.08282683296824125,1
44699,64,2,2.203663317872683,2.575349844186369,0.3716865263136859,0.1376027363465206,0.01318583493781568,0.0,0
44699,64,3,2.203663317872683,2.6084779913025997,0.4048146734299167,0.13318173863817898,0.008764837229474062,0.0,0
44699,65,1,3.0595954011901947,4.052869853026968,0.9932744518367729,0.23472193742106318,0.0010646637857219254,0.039157119409554075,1
44699,65,2,3.0595954011901947,4.366861577731375,1.3072661765411802,0.23365727363534125,0.0,0.037861569680073426,1
44699,65,3,3.0595954011901947,4.1381050703054365,1.0785096691152418,0.2358871677791159,0.002229894143774641,0.0,0
44699,66,1,5.6000573988753555,5.825757081055602,0.22569968218024616,0.12237911322161046,0.0,0.037861569680073454,1
44699,66,2,5.6000573988753555,5.878352815851715,0.2782954169763592,0.1288503324685658,0.006471219246955345,0.0,0
44699,66,3,5.6000573988753555,6.0849182913984405,0.48486089252308506,0.13787586559922574,0.015496752377615275,0.0,0
44699,67,1,16.98730386019472,17.14904341295892,0.1617395527641996,0.09952458689498274,0.0010559845867196826,0.00639178712737435,1
44699,67,2,16.98730386019472,17.253337175600553,0.2660333154058314,0.09846860230826306,0.0,0.0,0
44699,67,3,16.98730386019472,17.22701867473672,0.2397148145419976,0.10069021756644488,0.0022216152581818194,0.0,0
44699,68,1,17.86530203051453,18.355676082918944,0.49037405240441245,0.29887461040718544,0.02258352273031511,0.0,0
44699,68,2,17.86530203051453,18.204681228445036,0.33937919793050497,0.2801639048376417,0.003872817160771369,0.033305586635622345,1
44699,68,3,17.86530203051453,18.246598918047592,0.3812968875330611,0.27629108767687033,0.0,0.04277838717419562,1
44699,69,1,14.240354468970875,14.606762990556259,0.3664085215853845,0.24101758057897746,0.0,0.0,0
44699,69,2,14.240354468970875,14.498338312840636,0.25798384386976103,0.2455045203360352,0.004486939757057745,0.00947280053857327,1
44699,69,3,14.240354468970875,14.628476096256573,0.3881216272856989,0.24777859664270518,0.006761016063727726,0.00947280053857327,1
44699,70,1,13.76828931814166,14.067477874763279,0.29918855662161903,0.2171640455951069,0.0,0.0,0
44699,70,2,13.76828931814166,14.025193605827985,0.256904287686325,0.2201102639761781,0.002946218381071203,0.047077632721119055,1
44699,70,3,13.76828931814166,14.117205271219078,0.34891595307741774,0.24058671289814207,0.02342266730303516,0.06213021993768155,1
44699,71,1,14.063569940129582,14.418909536666973,0.3553395965373909,0.24226038539106026,0.0,0.0,0
44699,71,2,14.063569940129582,14.434111833034837,0.37054189290525485,0.26018069840749436,0.017920313016434097,0.015052587216562486,1
44699,71,3,14.063569940129582,15.040370287629624,0.976800347500042,0.3207654714328863,0.07850508604182604,0.015052587216562486,1
44699,72,1,13.719101355245698,14.490955407809022,0.7718540525633237,0.3289873746559533,0.024342019928308978,0.0,0
44699,72,2,13.719101355245698,14.30834004953184,0.5892386942861414,0.30873024946461697,0.004084894736972655,0.01084443404489948,1
44699,72,3,13.719101355245698,14.370814684578832,0.6517133293331341,0.3046453547276443,0.0,0.01084443404489948,1
44700,0,1,1.9272337051181339,2.410975059393451,0.4837413542753173,0.18879449988950345,0.0,0.0,0
44700,0,2,1.9272337051181339,2.422987501283221,0.4957537961650873,0.19437816463472488,0.005583664745221428,0.0,0
44700,0,3,1.9272337051181339,2.2753356356817407,0.34810193056360683,0.21089527236390032,0.022100772474396874,0.0,0
44700,1,1,1.5539940771741527,2.2439099369260576,0.6899158597519048,0.1796903084987255,0.009236395558902544,0.0,0
44700,1,2,1.5539940771741527,1.764292443243439,0.2102983660692863,0.17045391293982295,0.0,0.0,0
44700,1,3,1.5539940771741527,1.9625294531014563,0.4085353759273036,0.18158457661971955,0.011130663679896596,0.0,0
44700,2,1,1.9122510236330375,2.360133801859872,0.44788277822683464,0.11693625309266598,0.0,0.0,0
44700,2,2,1.9122510236330375,2.8274560477446338,0.9152050241115963,0.13855450470797553,0.02161825161530956,0.0,0
44700,2,3,1.9122510236330375,2.600550345576206,0.6882993219431686,0.12995837729936016,0.013022124206694186,0.0,0
44700,3,1,3.3308492996399033,3.7717710855550535,0.4409217859151502,0.2128699559625896,0.018406281579794848,0.07732377987427702,1
44700,3,2,3.3308492996399033,3.4205810190180026,0.08973171937809932,0.19446367438279474,0.0,0.0,0
44700,3,3,3.3308492996399033,3.5761293354494286,0.2452800358095253,0.2170771783700652,0.022613503987270467,0.0,0
44700,4,1,1.436524985558974,1.974228024373946,0.5377030388149722,0.18579792356891128,0.010833659993187056,0.07732377987427701,1
44700,4,2,1.436524985558974,1.6464366784500561,0.20991169289108225,0.17496426357572423,0.0,0.0,0
44700,4,3,1.436524985558974,1.9501591278966515,0.5136341423376776,0.19578243261748435,0.02081816904176012,0.0,0
44700,5,1,2.8082130022869003,3.942250277807884,1.1340372755209835,0.141373151381792,0.010839572406799697,0.07732377987427701,1
44700,5,2,2.8082130022869003,3.2947872180908795,0.4865742158039792,0.1305335789749923,0.0,0.0,0
44700,5,3,2.8082130022869003,3.3376050989281625,0.5293920966412622,0.14105673644642913,0.01052315747143684,0.0,0
44700,6,1,3.545731118279143,4.233474054801183,0.6877429365220404,0.22026131633987578,0.0,0.0,0
44700,6,2,3.545731118279143,4.107161876519944,0.5614307582408014,0.2212046944000363,0.0009433780601605102,0.0,0
44700,6,3,3.545731118279143,4.052240547593398,0.5065094293142547,0.2328829286699721,0.012621612330096316,0.0,0
44700,7,1,2.0548873280911937,2.8318252464012024,0.7769379183100087,0.23747420612209338,0.04387886135475916,0.0,0
44700,7,2,2.0548873280911937,2.3533980235950747,0.298510695503881,0.19359534476733423,0.0,0.0,0
44700,7,3,2.0548873280911937,2.8428102841347664,0.7879229560435728,0.21151614892772447,0.01792080416039024,0.0,0
44700,8,1,2.2989844682426335,2.656509545463134,0.35752507722050053,0.19856661755346497,0.0018999928376156605,0.08864110251160678,1
44700,8,2,2.2989844682426335,2.480299594615764,0.18131512637313074,0.1966666247158493,0.0,0.0,0
44700,8,3,2.2989844682426335,2.5547984705482625,0.255814002305629,0.21744196268901866,0.020775337973169355,0.0,0
44700,9,1,2.0734970075562864,2.880320864446186,0.8068238568898995,0.19916254069647882,0.008151443721525986,0.08864110251160677,1
44700,9,2,2.0734970075562864,2.7198025357774838,0.6463055282211974,0.19661989516789247,0.005608798192939635,0.0,0
44700,9,3,2.0734970075562864,3.5323631247423193,1.4588661171860329,0.19101109697495283,0.0,0.0,0
44700,10,1,2.316814806786437,2.7710696407656332,0.4542548339791961,0.10894413760759242,0.0,0.08864110251160676,1
44700,10,2,2.316814806786437,2.9570999212980826,0.6402851145116455,0.12792942207127306,0.01898528446368064,0.0,0
44700,10,3,2.316814806786437,2.946224251931784,0.6294094451453467,0.13633183011750913,0.02738769250991671,0.0,0
44700,11,1,3.388727113906339,4.0210823337539905,0.6323552198476516,0.1683383517032415,0.0,0.0410217015139108,1
44700,11,2,3.388727113906339,3.9900303834990813,0.6013032695927425,0.186246075714493,0.017907724011251513,0.062254645674879955,1
44700,11,3,3.388727113906339,5.914434638455416,2.5257075245490768,0.28467267471210284,0.11633432300886135,0.0,0
44700,12,1,2.284148605828598,3.089684972248192,0.8055363664195938,0.20413542082986816,0.015355533279734768,0.06225464567487997,1
44700,12,2,2.284148605828598,2.813185864527125,0.5290372586985268,0.1887798875501334,0.0,0.0,0
44700,12,3,2.284148605828598,3.684365493847731,1.4002168880191328,0.2704484050077004,0.08166851745756701,0.0,0
44700,13,1,5.845624441198309,6.417732704764776,0.5721082635664674,0.2502412653874177,0.0,0.0,0
44700,13,2,5.845624441198309,6.548584857389206,0.7029604161908969,0.2738032716342922,0.02356200624687449,0.0,0
44700,13,3,5.845624441198309,6.276336822035341,0.4307123808370319,0.27682735975077616,0.02658609436335846,0.0,0
44700,14,1,5.478320694258055,5.9555412298271095,0.47722053556905486,0.1352181556431801,0.0,0.0,0
44700,14,2,5.478320694258055,6.224429366410068,0.7461086721520136,0.1364712889905282,0.001253133347348112,0.0,0
44700,14,3,5.478320694258055,6.344327186500485,0.8660064922424304,0.13538705102907975,0.0001688953858996478,0.0,0
44700,15,1,3.0949729949598503,3.5402417982571635,0.4452688032973131,0.23427192482207318,0.0,0.0,0
44700,15,2,3.0949729949598503,3.968832061785591,0.8738590668257404,0.26169946084551304,0.027427536023439864,0.0,0
44700,15,3,3.0949729949598503,3.378640054915801,0.28366705995595076,0.26716796783677504,0.032896043014701865,0.0,0
44700,16,1,3.3590750782141603,3.9649015190520465,0.6058264408378862,0.13362208113178192,0.006190176198039188,0.0,0
44700,16,2,3.3590750782141603,3.5675926082394165,0.2085175300252562,0.12743190493374273,0.0,0.0,0
44700,16,3,3.3590750782141603,3.666252962431404,0.3071778842172437,0.13380789820988762,0.006375993276144881,0.0,0
44700,17,1,41.30424071693497,41.38452308718812,0.08028237025315121,0.23928355686363162,0.0,0.0,0
44700,17,2,41.30424071693497,41.38245265053859,0.07821193360361889,0.254858204520726,0.015574647657094376,0.0,0
44700,17,3,41.30424071693497,41.35897667804758,0.054735961112612586,0.2604792037445084,0.021195646880876773,0.0,0
44700,18,1,41.23227525546419,41.28933189966283,0.05705664419863865,0.1766602662796503,0.0,0.0,0
44700,18,2,41.23227525546419,41.328206830697,0.09593157523281093,0.18200803098601717,0.005347764706366859,0.0,0
44700,18,3,41.23227525546419,41.31535280701566,0.08307755155146879,0.18056807213564813,0.003907805855997815,0.0,0
44700,19,1,41.244428025540024,41.32758272241129,0.08315469687126864,0.09030219109375477,0.0,0.0,0
44700,19,2,41.244428025540024,41.366318096047266,0.12189007050724143,0.13366296266880462,0.04336077157504985,0.0,0
44700,19,3,41.244428025540024,41.31077564606896,0.06634762052893706,0.12554552406920222,0.03524333297544745,0.0,0
44700,20,1,2.0893814827119477,3.495282722689673,1.4059012399777253,0.276045849204246,0.06441250076134003,0.17305501164884307,1
44700,20,2,2.0893814827119477,2.6604330496827244,0.5710515669707767,0.2293070969605037,0.017673748517597704,0.09912626539312319,1
44700,20,3,2.0893814827119477,3.376646706416164,1.2872652237042161,0.211633348442906,0.0,0.0,0
44700,21,1,1.0700340175147431,1.6117773609944206,0.5417433434796775,0.1408053322642109,0.0,0.17305501164884307,1
44700,21,2,1.0700340175147431,1.603906511922882,0.5338724944081388,0.14178824131324663,0.000982909049035724,0.09912626539312319,1
44700,21,3,1.0700340175147431,1.8976503434853533,0.8276163259706102,0.16737620217904126,0.026570869914830347,0.0,0
44700,22,1,2.299609213168245,2.589073015068924,0.2894638019006788,0.13218775895788545,0.0,0.17305501164884302,1
44700,22,2,2.299609213168245,3.185860919150716,0.8862517059824708,0.15530478350785154,0.023117024549966086,0.0991262653931232,1
44700,22,3,2.299609213168245,2.9496345104718364,0.6500252973035914,0.1604597787105932,0.02827201975270774,0.0,0
44700,23,1,3.0865729306285252,4.288816759783715,1.2022438291551896,0.290362888286313,0.06268117499955594,0.0,0
44700,23,2,3.0865729306285252,3.5278771723881968,0.44130424175967153,0.24080033926195812,0.013118625975201054,0.01085106143823733,1
44700,23,3,3.0865729306285252,4.111778164289499,1.0252052336609734,0.22768171328675707,0.0,0.01085106143823733,1
44700,24,1,1.231890312875709,1.5563782659598915,0.32448795308418243,0.1257686127290459,0.0,0.022993596403394517,1
44700,24,2,1.231890312875709,1.538606069674226,0.30671575679851704,0.13155287109814037,0.005784258369094464,0.0,0
44700,24,3,1.231890312875709,1.6762136270881978,0.4443233142124887,0.14915327736748887,0.023384664638442965,0.0,0
44700,25,1,3.118336128421766,3.665440695683118,0.5471045672613521,0.11873755330466516,0.0,0.022993596403394517,1
44700,25,2,3.118336128421766,3.9783897213800956,0.8600535929583297,0.14504440645644393,0.02630685315177876,0.0,0
44700,25,3,3.118336128421766,3.6210724179658937,0.5027362895441279,0.1415441495408342,0.022806596236169027,0.0,0
44700,26,1,2.747270145782833,3.818702050850464,1.071431905067631,0.11271118768814381,0.019193580251528772,0.022993596403394503,1
44700,26,2,2.747270145782833,3.393731866174568,0.6464617203917351,0.09351760743661504,0.0,0.0,0
44700,26,3,2.747270145782833,3.4015098542571516,0.6542397084743188,0.10062137602707416,0.0071037685904591225,0.0,0
44700,27,1,2.3627274434506274,2.665029759542767,0.30230231609213964,0.2152857211629423,0.02879346653430051,0.09350671534576394,1
44700,27,2,2.3627274434506274,2.456260773696458,0.09353333024583055,0.1864922546286418,0.0,0.0,0
44700,27,3,2.3627274434506274,2.7251179751881476,0.3623905317375202,0.2114164328901017,0.0249241782614599,0.0,0
44700,28,1,1.740905601703717,2.3205340269183594,0.5796284252146424,0.16014624154740628,0.009812845792296715,0.09350671534576385,1
44700,28,2,1.740905601703717,2.0558514017596763,0.3149458000559593,0.15033339575510957,0.0,0.0,0
44700,28,3,1.740905601703717,2.0420692814480454,0.30116367974432845,0.17197239479624996,0.02163899904114039,0.0,0
44700,29,1,2.077203665577813,2.893115685133575,0.8159120195557619,0.13083138918979584,0.004920825945322643,0.09350671534576388,1
44700,29,2,2.077203665577813,2.571741641179419,0.49453797560160595,0.1259105632444732,0.0,0.0,0
44700,29,3,2.077203665577813,2.8906195042609872,0.813415838683174,0.12763485962933796,0.0017242963848647652,0.0,0
44700,30,1,3.088704763571492,3.426511020237252,0.3378062566657598,0.10585267691490087,0.016207676007351193,0.09350671534576388,1
44700,30,2,3.088704763571492,3.216070547841801,0.12736578427030887,0.08964500090754968,0.0,0.0,0
44700,30,3,3.088704763571492,3.290427410320499,0.20172264674900697,0.09478811510237072,0.0051431141948210385,0.0,0
44700,31,1,2.1672001583507026,2.6198235368813747,0.45262337853067214,0.24647633313186526,0.020790146199028026,0.0,0
44700,31,2,2.1672001583507026,2.4893170229673176,0.32211686461661504,0.22568618693283723,0.0,0.0,0
44700,31,3,2.1672001583507026,2.6570441933818674,0.4898440350311648,0.23554896431532013,0.009862777382482896,0.0,0
44700,32,1,2.2400803670542286,2.6537435950572386,0.4136632280030099,0.1825921409102296,0.0036082491154187657,0.0,0
44700,32,2,2.2400803670542286,2.4656049537745965,0.2255245867203679,0.17898389179481083,0.0,0.0,0
44700,32,3,2.2400803670542286,2.617937073479424,0.3778567064251952,0.18965159340811696,0.01066770161330613,0.0,0
44700,33,1,1.8505607298852695,2.2112169925802734,0.36065626269500384,0.11501416111409439,0.0,0.0,0
44700,33,2,1.8505607298852695,2.274021751150639,0.42346102126536933,0.11707594909791244,0.0020617879838180503,0.0,0
44700,33,3,1.8505607298852695,2.0924963724697014,0.2419356425844319,0.13474327946624634,0.01972911835215195,0.0,0
44700,34,1,2.375116286940458,3.014250075897272,0.6391337889568143,0.0740270703598714,0.0016488073769404116,0.0,0
44700,34,2,2.375116286940458,3.023064636807004,0.6479483498665464,0.07237826298293099,0.0,0.0,0
44700,34,3,2.375116286940458,2.93222454058035,0.5571082536398921,0.07678340775197959,0.004405144769048602,0.0,0
44700,35,1,1.9049177663114256,2.3520019512666046,0.447084184955179,0.19159071581279138,0.0007901941562488968,0.0,0
44700,35,2,1.9049177663114256,2.128130543686747,0.2232127773753212,0.1908005216565425,0.0,0.0,0
44700,35,3,1.9049177663114256,2.3442466614933193,0.43932889518189366,0.210357902565364,0.019557380908821503,0.0,0
44700,36,1,1.8792837403663998,2.1937921364362873,0.31450839606988756,0.1756930019173326,0.0014945903491565826,0.0,0
44700,36,2,1.8792837403663998,2.061024407059033,0.1817406666926331,0.174198411568176,0.0,0.0,0
44700,36,3,1.8792837403663998,2.354789081533353,0.4755053411669534,0.1874570081195119,0.013258596551335905,0.0,0
44700,37,1,1.2207138965307807,1.4580721459000272,0.23735824936924654,0.10187351580485386,0.0,0.0,0
44700,37,2,1.2207138965307807,2.282812712242378,1.0620988157115971,0.13632022747409295,0.034446711669239086,0.0,0
44700,37,3,1.2207138965307807,1.9155962316302702,0.6948823350994895,0.13641639054652552,0.034542874741671656,0.0,0
44700,38,1,54.545367672914765,54.60461340507226,0.059245732157492625,0.2170487266076614,0.0,0.0,0
44700,38,2,54.545367672914765,54.60352487640694,0.058157203492172016,0.23655320744125136,0.019504480833589966,0.0,0
44700,38,3,54.545367672914765,54.577562998275155,0.032195325360390825,0.2439076525682936,0.02685892596063222,0.0,0
44700,39,1,54.569517703741006,54.62425970485202,0.054742001111016236,0.22785602279561343,0.006541643498100602,0.0,0
44700,39,2,54.569517703741006,54.603914657303235,0.03439695356222927,0.22131437929751283,0.0,0.0,0
44700,39,3,54.569517703741006,54.61854329335934,0.04902558961833137,0.22908870614928334,0.007774326851770513,0.0,0
44700,40,1,54.433811570518415,54.477603300920194,0.04379173040177875,0.18042078381610613,0.010434077573221456,0.0,0
44700,40,2,54.433811570518415,54.471969801682846,0.038158231164430845,0.16998670624288467,0.0,0.0,0
44700,40,3,54.433811570518415,54.467206387781474,0.033394817263058485,0.1865195574984202,0.016532851255535524,0.0,0
44700,41,1,54.42030290475293,54.4750610481564,0.054758143403468296,0.08355317769808002,0.0,0.0,0
44700,41,2,54.42030290475293,54.502255231615166,0.08195232686223619,0.12320523196846321,0.039652054270383194,0.0,0
44700,41,3,54.42030290475293,54.48526341747707,0.0649605127241415,0.11033525609012908,0.02678207839204906,0.0,0
44700,42,1,2.1634492161166925,2.783991163097275,0.6205419469805826,0.22169900329179218,0.04366535521845494,0.032245473279670644,1
44700,42,2,2.1634492161166925,2.2906529677135246,0.12720375159683206,0.17803364807333724,0.0,0.07166891231055172,1
44700,42,3,2.1634492161166925,3.0122201892340508,0.8487709731173583,0.18523998110825401,0.007206333034916773,0.0,0
44700,43,1,1.1018151107151335,1.3225442492354387,0.22072913852030518,0.13025153546675214,0.0,0.032245473279670644,1
44700,43,2,1.1018151107151335,1.369951595205145,0.2681364844900116,0.13451726845619005,0.004265732989437915,0.07166891231055172,1
44700,43,3,1.1018151107151335,1.5690194452597783,0.46720433454464483,0.15023908121925933,0.01998754575250719,0.0,0
44700,44,1,2.5612967934892303,2.738775178094119,0.17747838460488863,0.11700218881372168,0.0,0.032245473279670644,1
44700,44,2,2.5612967934892303,3.318949357967044,0.7576525644778136,0.1377356303153941,0.020733441501672417,0.0716689123105517,1
44700,44,3,2.5612967934892303,3.0508302151260756,0.4895334216368452,0.14013086286250456,0.023128674048782882,0.0,0
44700,45,1,2.8878459343794365,3.9660335746598094,1.078187640280373,0.1168982610982482,0.023684320713884655,0.07166891231055171,1
44700,45,2,2.8878459343794365,3.462772497593588,0.5749265632141514,0.09321394038436355,0.0,0.0,0
44700,45,3,2.8878459343794365,3.4987820819220774,0.6109361475426409,0.10377468338841803,0.010560743004054476,0.0,0
44700,46,1,4.011042908000828,4.639174125665228,0.6281312176644,0.2282211231607922,0.009258481740530261,0.06206364417966978,1
44700,46,2,4.011042908000828,4.325975598415818,0.31493269041498984,0.21896264142026195,0.0,0.0,0
44700,46,3,4.011042908000828,4.419046964284044,0.40800405628321634,0.22855028263843294,0.009587641218170989,0.0,0
44700,47,1,2.067489513267838,2.5664468191418353,0.4989573058739971,0.20871405565424658,0.002574216331999779,0.06206364417966978,1
44700,47,2,2.067489513267838,2.4081707530642626,0.3406812397964245,0.2061398393222468,0.0,0.0,0
44700,47,3,2.067489513267838,2.580069849099141,0.512580335831303,0.22103376979421627,0.014893930471969463,0.0,0
44700,48,1,2.259556169064355,2.7039549022807905,0.44439873321643564,0.09098685988627594,0.0,0.06206364417966978,1
44700,48,2,2.259556169064355,3.1060057920294026,0.8464496229650478,0.12688830331597176,0.03590144342969581,0.0,0
44700,48,3,2.259556169064355,2.827868343129035,0.5683121740646802,0.1473064789366186,0.05631961905034266,0.0,0
44700,49,1,2.2243531547216597,2.592035926585308,0.3676827718636484,0.24504243975424125,0.03032964395226348,0.07022518116139054,1
44700,49,2,2.2243531547216597,2.409482450638907,0.18512929591724747,0.21471279580197777,0.0,0.0,0
44700,49,3,2.2243531547216597,2.7474651556193197,0.52311200089766,0.22897226470222598,0.014259468900248207,0.0,0
44700,50,1,1.6125409084510829,2.4273548601872843,0.8148139517362014,0.19532708401915416,0.02491372513057441,0.07022518116139054,1
44700,50,2,1.6125409084510829,2.1168563334044923,0.5043154249534094,0.17041335888857975,0.0,0.0,0
44700,50,3,1.6125409084510829,2.7197752340508803,1.1072343255997974,0.18045008496446036,0.010036726075880603,0.0,0
44700,51,1,1.688558254141118,2.7214248633788447,1.0328666092377268,0.12838478474641415,0.007444685009589044,0.07022518116139054,1
44700,51,2,1.688558254141118,2.464477235409334,0.7759189812682159,0.12094009973682511,0.0,0.0,0
44700,51,3,1.688558254141118,2.3537998587716817,0.6652416046305638,0.13063446859828773,0.009694368861462618,0.0,0
44700,52,1,2.253673136196186,2.7678746483263152,0.5142015121301293,0.0939360101076822,0.01005322350396283,0.07022518116139052,1
44700,52,2,2.253673136196186,2.541311386476232,0.28763825028004586,0.08388278660371937,0.0,0.0,0
44700,52,3,2.253673136196186,2.757968541876984,0.5042954056807982,0.08853441823329758,0.004651631629578212,0.0,0
44700,53,1,2.2545185429844077,2.7986698259429774,0.5441512829585697,0.2189889904363312,0.007978389239452072,0.058783477524020133,1
44700,53,2,2.2545185429844077,2.7961020782453025,0.5415835352608949,0.21101060119687912,0.0,0.0,0
44700,53,3,2.2545185429844077,3.5028853721596334,1.2483668291752257,0.29074004444645113,0.07972944324957201,0.0,0
44700,54,1,2.203234335335293,2.8772840053959357,0.6740496700606426,0.15072642110406992,0.0,0.05878347752402013,1
44700,54,2,2.203234335335293,2.7836916009245884,0.5804572655892954,0.16005279204433304,0.009326370940263118,0.0,0
44700,54,3,2.203234335335293,4.631392456353872,2.428158121018579,0.25931267689872717,0.10858625579465725,0.0,0
44700,55,1,2.5025573035323956,3.3577386722258624,0.8551813686934668,0.21331611334697184,0.0,0.0,0
44700,55,2,2.5025573035323956,3.39941317516636,0.8968558716339645,0.22209885434907084,0.008782741002098998,0.00976640137807816,1
44700,55,3,2.5025573035323956,4.131382511085667,1.628825207553271,0.2915157415312789,0.07819962818430706,0.0162037472140103,1
44700,56,1,2.6892914749413244,5.1442583050388535,2.454966830097529,0.08648554007645363,0.0,0.0,0
44700,56,2,2.6892914749413244,4.71046754393128,2.0211760689899556,0.1663325514726976,0.07984701139624396,0.006437345835932112,1
44700,56,3,2.6892914749413244,8.956194189456461,6.266902714515137,0.27527481974269175,0.1887892796662381,0.0195926117508487,1
44700,57,1,1.4869496547483638,2.1089810649236105,0.6220314101752467,0.1758615405118529,0.0,0.0,0
44700,57,2,1.4869496547483638,1.924444705646587,0.43749505089822316,0.17600169436855903,0.00014015385670612668,0.0,0
44700,57,3,1.4869496547483638,1.8912444405100763,0.4042947857617125,0.2029976210544609,0.027136080542607993,0.0,0
44700,58,1,9.610721271796782,10.666940642621912,1.0562193708251293,0.2855439527975333,0.05619463288220855,0.0,0
44700,58,2,9.610721271796782,9.982781742423413,0.3720604706266304,0.23985768033267585,0.010508360417351092,0.0,0
44700,58,3,9.610721271796782,10.377912393922607,0.7671911221258245,0.22934931991532476,0.0,0.0,0
44700,59,1,1.1766309728481246,1.4785143208750948,0.30188334802697026,0.10227581995476,0.0,0.0,0
44700,59,2,1.1766309728481246,2.2580613486938987,1.0814303758457742,0.13687495522327284,0.03459913526851284,0.0,0
44700,59,3,1.1766309728481246,1.9257671498898123,0.7491361770416878,0.13535306956011456,0.03307724960535456,0.0,0
44700,60,1,9.897805205341786,10.19938303169522,0.30157782635343366,0.2265719805305466,0.0,0.0,0
44700,60,2,9.897805205341786,10.233605348757507,0.33580014341572095,0.24827056349409643,0.021698582963549817,0.0,0
44700,60,3,9.897805205341786,10.10058962027352,0.2027844149317346,0.25350461547630354,0.026932634945756928,0.0,0
44700,61,1,9.607747309991634,9.9031542930753,0.29540698308366586,0.10786308208915708,0.0,0.0,0
44700,61,2,9.607747309991634,9.872320073108519,0.2645727631168846,0.12126243292779956,0.01339935083864248,0.0,0
44700,61,3,9.607747309991634,9.856287265940274,0.2485399559486403,0.12414020562000518,0.016277123530848092,0.0,0
44700,62,1,3.266054477934037,3.472206553877703,0.20615207594366636,0.19510886309390366,0.004168938005629369,0.08433137983833627,1
44700,62,2,3.266054477934037,3.332334499059833,0.06628002112579612,0.1909399250882743,0.0,0.0,0
44700,62,3,3.266054477934037,3.4017315895140663,0.13567711158002949,0.20725245285465782,0.016312527766383533,0.0,0
44700,63,1,2.2922821301765457,3.549136641578021,1.256854511401475,0.2380315022386445,0.0317148524398258,0.08433137983833629,1
44700,63,2,2.2922821301765457,2.8137858057180902,0.5215036755415445,0.2063166497988187,0.0,0.0,0
44700,63,3,2.2922821301765457,3.4604835269128436,1.1682013967362979,0.22095464142193508,0.014637991623116381,0.0,0
44700,64,1,2.4512901503557822,2.6290791512076117,0.17778900085182947,0.1268266304061019,0.0,0.08433137983833627,1
44700,64,2,2.4512901503557822,2.973550328302589,0.5222601779468068,0.13278654577238522,0.005959915366283319,0.0,0
44700,64,3,2.4512901503557822,2.936880630349948,0.48559047999416594,0.14666995984036144,0.019843329434259538,0.0,0
44700,65,1,3.0102761549824573,4.314250912875009,1.3039747578925516,0.251416245823416,0.029126625567924225,0.03678783635361027,1
44700,65,2,3.0102761549824573,3.6611233961041902,0.650847241121733,0.22228962025549176,0.0,0.0,0
44700,65,3,3.0102761549824573,3.8111750412560155,0.8008988862735582,0.24003567657728325,0.017746056321791492,0.0,0
44700,66,1,5.5667760718707076,6.084273907559437,0.5174978356887294,0.11670419436921502,0.0,0.03678783635361027,1
44700,66,2,5.5667760718707076,5.741036865442409,0.1742607935717011,0.12478587017525179,0.008081675806036775,0.0,0
44700,66,3,5.5667760718707076,5.840114265988133,0.2733381941174251,0.13688019948614924,0.020176005116934223,0.0,0
44700,67,1,2.431710029197176,3.538448062442953,1.1067380332457768,0.21512563224565306,0.026770020858319726,0.01193752185580993,1
44700,67,2,2.431710029197176,3.0685177783023354,0.6368077491051594,0.18835561138733334,0.0,0.014069749047488311,1
44700,67,3,2.431710029197176,2.9534016775206697,0.5216916483234937,0.23183448728535988,0.04347887589802654,0.0,0
44700,68,1,2.3064961793203125,3.11657597577472,0.8100797964544073,0.10824280975420773,0.0,0.01193752185580993,1
44700,68,2,2.3064961793203125,3.401158362092074,1.0946621827717613,0.14622091690323966,0.03797810714903192,0.014069749047488311,1
44700,68,3,2.3064961793203125,4.243484651774817,1.9369884724545043,0.2162756126297831,0.10803280287557536,0.0,0
44700,69,1,16.96998510993972,17.171832029178773,0.20184691923905262,0.07931014425091445,0.0008812795359323944,0.007382996127091618,1
44700,69,2,16.96998510993972,17.10257962036644,0.13259451042672055,0.07842886471498206,0.0,0.0,0
44700,69,3,16.96998510993972,17.16022267258342,0.1902375626436985,0.07926942133400701,0.0008405566190249486,0.0,0
44700,70,1,17.819670625623264,18.072563996886725,0.2528933712634611,0.23271222556517157,0.0154285548668186,0.0,0
44700,70,2,17.819670625623264,17.97618297733231,0.15651235170904698,0.21728367069835297,0.0,0.03263889439906362,1
44700,70,3,17.819670625623264,18.02684143451561,0.20717080889234651,0.23977691634193146,0.02249324564357849,0.04151010927034629,1
44700,71,1,14.223637736240923,14.394442191490043,0.17080445524912058,0.17622808816690222,0.006183972325356862,0.0,0
44700,71,2,14.223637736240923,14.376823279006842,0.1531855427659199,0.17004411584154536,0.0,0.00887121487128268,1
44700,71,3,14.223637736240923,14.579508010100747,0.35587027385982495,0.22713387326726747,0.057089757425722115,0.00887121487128268,1
44700,72,1,13.682712598952767,13.865923536290216,0.1832109373374493,0.20398342772770725,0.007467680871706156,0.0,0
44700,72,2,13.682712598952767,13.80359261815748,0.12088001920471392,0.1965157468560011,0.0,0.04727370835297323,1
44700,72,3,13.682712598952767,14.018173878250362,0.3354612792975953,0.24589575112023354,0.04938000426423245,0.062366017022759554,1
44700,73,1,14.058666402844542,14.327134560250963,0.2684681574064207,0.17955269605745258,0.0,0.0,0
44700,73,2,14.058666402844542,14.251554100498382,0.1928876976538394,0.18172485208624223,0.0021721560287896458,0.015092308669786319,1
44700,73,3,14.058666402844542,14.803575595977676,0.7449091931331342,0.2627236597811114,0.08317096372365881,0.015092308669786319,1
44701,0,1,3.518420108996229,3.8284405278663542,0.31002041887012544,0.20737551443583738,0.012512589502079535,0.07703916523963386,1
44701,0,2,3.518420108996229,3.877465183211138,0.3590450742149094,0.19562179016029876,0.0007588652265409224,0.0,0
44701,0,3,3.518420108996229,3.6626392112592265,0.14421910226299772,0.19486292493375784,0.0,0.0,0
44701,1,1,1.443055354806539,1.9452517995110654,0.5021964447045264,0.18678356494522494,0.005120442590218016,0.07703916523963386,1
44701,1,2,1.443055354806539,1.6890654546038035,0.24601009979726451,0.18166312235500692,0.0,0.0,0
44701,1,3,1.443055354806539,1.900789992727939,0.4577346379214,0.1896869844777622,0.008023862122755271,0.0,0
44701,2,1,1.9263900888581602,2.8343566718414177,0.9079665829832575,0.12126168168902136,0.010688233868187291,0.07703916523963386,1
44701,2,2,1.9263900888581602,2.8048600248427356,0.8784699359845753,0.11330020085404971,0.002726753033215637,0.0,0
44701,2,3,1.9263900888581602,3.0945649047172683,1.168174815859108,0.11057344782083407,0.0,0.0,0
44701,3,1,3.7454649162592957,4.6644652760319705,0.9190003597726748,0.22717452220693723,0.0,0.0,0
44701,3,2,3.7454649162592957,4.673886857762637,0.9284219415033417,0.22928463994386794,0.0021101177369307056,0.0,0
44701,3,3,3.7454649162592957,4.77604641353489,1.0305814972755942,0.22800906088288872,0.000834538675951485,0.0,0
44701,4,1,2.0060843864882063,2.800463561685003,0.7943791751967968,0.221957528925557,0.040720292231038846,0.0,0
44701,4,2,2.0060843864882063,2.66600009840061,0.6599157119124035,0.1963211591931996,0.015083922498681429,0.0,0
44701,4,3,2.0060843864882063,2.7657915878936423,0.759707201405436,0.18123723669451816,0.0,0.0,0
44701,5,1,1.8196718928276372,2.2551785928586954,0.4355067000310582,0.19819738963820632,0.0,0.08880929638418919,1
44701,5,2,1.8196718928276372,2.1358084403583564,0.3161365475307192,0.19937374204464514,0.0011763524064388187,0.0,0
44701,5,3,1.8196718928276372,2.0390049744824332,0.21933308165479604,0.20919952046090973,0.011002130822703404,0.0,0
44701,6,1,2.0884759637767933,2.532962284737402,0.4444863209606087,0.18892276636017552,0.010229134710224602,0.08880929638418919,1
44701,6,2,2.0884759637767933,2.7410619681135064,0.6525860043367131,0.18449531380498316,0.0058016821550322395,0.0,0
44701,6,3,2.0884759637767933,2.585875721361452,0.4973997575846587,0.17869363164995092,0.0,0.0,0
44701,7,1,2.0010938947080867,2.4319715944621008,0.430877699754014,0.09915272392139232,0.0,0.08880929638418919,1
44701,7,2,2.0010938947080867,2.6865035205074705,0.6854096257993838,0.11035938248488524,0.011206658563492913,0.0,0
44701,7,3,2.0010938947080867,2.7073157706992017,0.706221875991115,0.11326230928863383,0.014109585367241509,0.0,0
44701,8,1,2.99359681686597,3.8953475236597086,0.9017507067937385,0.16314046624429981,0.0,0.04018313379957367,1
44701,8,2,2.99359681686597,3.7152127031782562,0.7216158863122861,0.18369277356184185,0.02055230731754204,0.0,0
44701,8,3,2.99359681686597,4.984636288767435,1.9910394719014648,0.22028887186917112,0.05714840562487131,0.0,0
44701,9,1,2.0171354834134916,2.8412395636243333,0.8241040802108417,0.21474560795822575,0.020966262615922826,0.0,0
44701,9,2,2.0171354834134916,2.5786652591481865,0.5615297757346949,0.19377934534230293,0.0,0.0,0
44701,9,3,2.0171354834134916,2.837875884107251,0.8207404006937593,0.2110811693933834,0.017301824051080467,0.0,0
44701,10,1,6.181150630114928,6.927639975849196,0.7464893457342683,0.2692850911524016,0.0,0.0,0
44701,10,2,6.181150630114928,6.651780103101146,0.47062947298621793,0.27750659981867015,0.008221508666268529,0.0,0
44701,10,3,6.181150630114928,7.147165413371911,0.9660147832569832,0.28938231001340997,0.020097218861008348,0.0,0
44701,11,1,5.784504279196755,6.133972363380713,0.34946808418395836,0.11475968085904871,0.0,0.0,0
44701,11,2,5.784504279196755,6.088671168824009,0.304166889627254,0.13332102482709843,0.018561343968049718,0.0,0
44701,11,3,5.784504279196755,6.481901976063258,0.6973976968665037,0.1375251207794941,0.0227654399204454,0.0,0
44701,12,1,2.9179401592282677,3.6488500576893883,0.7309098984611206,0.2662764527116423,0.0,0.0,0
44701,12,2,2.9179401592282677,3.5022226163881287,0.584282457159861,0.2724442027641387,0.0061677500524964235,0.0,0
44701,12,3,2.9179401592282677,3.913909590679046,0.9959694314507783,0.28979091277117364,0.02351446005953134,0.0,0
44701,13,1,3.6925141836553963,4.085136817535497,0.3926226338801011,0.11199631836095768,0.0,0.0,0
44701,13,2,3.6925141836553963,3.9859082697681343,0.293394086112738,0.11912664061865223,0.007130322257694555,0.0,0
44701,13,3,3.6925141836553963,4.238906112637383,0.5463919289819867,0.12388267008359456,0.011886351722636884,0.0,0
44701,14,1,42.1130900942351,42.23655281184623,0.12346271761113314,0.2544456561147576,0.0,0.0,0
44701,14,2,42.1130900942351,42.18344378435656,0.07035369012146475,0.25947096527694025,0.005025309162182634,0.0,0
44701,14,3,42.1130900942351,42.27942367770621,0.16633358347111482,0.2618325602421339,0.007386904127376304,0.0,0
44701,15,1,42.03718289200053,42.11428172249932,0.07709883049879096,0.1733815627384217,0.0,0.0,0
44701,15,2,42.03718289200053,42.10446243532429,0.06727954332375674,0.17981758277619742,0.006436020037775714,0.0,0
44701,15,3,42.03718289200053,42.157297271018514,0.12011437901798416,0.17748612193766164,0.004104559199239938,0.0,0
44701,16,1,42.04237295456021,42.07435878731355,0.031985832753342436,0.10593346457526052,0.0,0.0,0
44701,16,2,42.04237295456021,42.118732923240415,0.07635996868020811,0.13541993965987675,0.02948647508461623,0.0,0
44701,16,3,42.04237295456021,42.16365005211645,0.12127709755624494,0.12461011008511418,0.01867664550985365,0.0,0
44701,17,1,2.032707421382804,2.3666141638492872,0.3339067424664832,0.19951340488739328,0.021947957154205472,0.1559631593166182,1
44701,17,2,2.032707421382804,2.488895616295081,0.456188194912277,0.180100743117508,0.0025352953843202075,0.09914787809874548,1
44701,17,3,2.032707421382804,2.569324607503501,0.5366171861206968,0.1775654477331878,0.0,0.0,0
44701,18,1,1.4429145439110702,2.71384144186221,1.2709268979511397,0.12475400048819059,0.01630733316388444,0.17143203514957048,1
44701,18,2,1.4429145439110702,2.266765237745058,0.8238506938339876,0.10844666732430615,0.0,0.09914787809874545,1
44701,18,3,1.4429145439110702,1.9859880154802823,0.543073471569212,0.12480176646389006,0.016355099139583912,0.0,0
44701,19,1,2.1113623452415546,2.962217892194586,0.8508555469530314,0.12347942171723345,0.006351305978574209,0.17143203514957048,1
44701,19,2,2.1113623452415546,2.844097184588059,0.7327348393465045,0.11712811573865924,0.0,0.09914787809874545,1
44701,19,3,2.1113623452415546,2.6848860457370542,0.5735237004954996,0.11867848069236936,0.0015503649537101233,0.0,0
44701,20,1,1.8968074166661453,2.1752472324522505,0.2784398157861052,0.20318445295136245,0.021722113719375435,0.0,0
44701,20,2,1.8968074166661453,2.355261835418866,0.45845441875272086,0.181462339231987,0.0,0.011710501519578309,1
44701,20,3,1.8968074166661453,2.7270825036285675,0.8302750869624222,0.1971957750963729,0.015733435864385886,0.011710501519578309,1
44701,21,1,1.1708096103012227,1.897734295566917,0.7269246852656943,0.10693111725936517,0.004091683202876756,0.022166243012370274,1
44701,21,2,1.1708096103012227,1.2721384534252362,0.10132884312401358,0.10283943405648842,0.0,0.0,0
44701,21,3,1.1708096103012227,1.7029828292377176,0.5321732189364949,0.11630629713392443,0.013466863077436012,0.0,0
44701,22,1,2.51357986688698,3.0118847395629933,0.4983048726760133,0.12037793512415834,0.0,0.022166243012370246,1
44701,22,2,2.51357986688698,3.092054609065264,0.5784747421782841,0.13042226388622888,0.010044328762070537,0.0,0
44701,22,3,2.51357986688698,2.7683543066153558,0.25477443972837577,0.12508695120314428,0.004709016078985939,0.0,0
44701,23,1,2.5437214706479114,3.341815394755082,0.7980939241071705,0.12552988992362277,0.0,0.022166243012370246,1
44701,23,2,2.5437214706479114,3.3987799774714995,0.8550585068235881,0.13298855892477418,0.007458669001151413,0.0,0
44701,23,3,2.5437214706479114,3.1020479872722238,0.5583265166243123,0.1291887445481893,0.0036588546245665265,0.0,0
44701,24,1,2.2471017607263386,2.499431880634969,0.2523301199086303,0.21504166425281054,0.017824328597253913,0.09428437321426236,1
44701,24,2,2.2471017607263386,2.5121572592835846,0.26505549855724597,0.19845045153675028,0.0012331158811936527,0.0,0
44701,24,3,2.2471017607263386,2.6049921095445976,0.357890348818259,0.19721733565555663,0.0,0.0,0
44701,25,1,1.546570085155626,2.088816519234047,0.5422464340784208,0.1610351254338914,0.0194852215677859,0.09428437321426236,1
44701,25,2,1.546570085155626,1.8065440698185042,0.25997398466287813,0.1415499038661055,0.0,0.0,0
44701,25,3,1.546570085155626,2.230792398329039,0.6842223131734131,0.14793847848483757,0.0063885746187320736,0.0,0
44701,26,1,2.1219219938569793,2.535513822219953,0.4135918283629736,0.11705736078578452,0.0012065183504049726,0.09428437321426232,1
44701,26,2,2.1219219938569793,2.5245149375934894,0.4025929437365101,0.11585084243537955,0.0,0.0,0
44701,26,3,2.1219219938569793,2.5275596198775903,0.40563762602061093,0.12179537811989008,0.005944535684510532,0.0,0
44701,27,1,3.029435368700488,3.510366963511358,0.48093159481087033,0.1024528511194131,0.0,0.09428437321426233,1
44701,27,2,3.029435368700488,3.6507343930709526,0.6212990243704648,0.1099598583087358,0.0075070071893226925,0.0,0
44701,27,3,3.029435368700488,3.3918669172645677,0.3624315485640799,0.10458975255475521,0.002136901435342106,0.0,0
44701,28,1,2.1800918974665424,2.365712439256319,0.18562054178977672,0.23471467870591006,0.015557922729509094,0.0,0
44701,28,2,2.1800918974665424,2.5757954538655112,0.3957035563989688,0.226176715201856,0.007019959225455036,0.0,0
44701,28,3,2.1800918974665424,2.4080014013430273,0.2279095038764849,0.21915675597640097,0.0,0.0,0
44701,29,1,1.9656657801738298,2.414767498398281,0.44910171822445144,0.18740638454965558,0.0037484599771410165,0.0,0
44701,29,2,1.9656657801738298,2.2011836786685635,0.2355178984947337,0.18365792457251456,0.0,0.0,0
44701,29,3,1.9656657801738298,2.225265696780183,0.2595999166063534,0.19271927117765134,0.009061346605136772,0.0,0
44701,30,1,1.8700565722691198,2.7839166431843303,0.9138600709152105,0.09906746100460845,0.0,0.0,0
44701,30,2,1.8700565722691198,2.4074624142195096,0.5374058419503898,0.10291162168916455,0.0038441606845561055,0.0,0
44701,30,3,1.8700565722691198,2.540493114481297,0.6704365422121772,0.11681785792503212,0.01775039692042367,0.0,0
44701,31,1,2.4839107729987977,2.745937139646308,0.2620263666475102,0.06135339394946853,0.0,0.0,0
44701,31,2,2.4839107729987977,2.967129910368357,0.48321913736955935,0.09637468019391235,0.03502128624444382,0.0,0
44701,31,3,2.4839107729987977,2.8384098481746523,0.35449907517585455,0.0878590970116556,0.026505703062187073,0.0,0
44701,32,1,1.7926472544768857,2.4745088843472485,0.6818616298703628,0.2300121874273849,0.01969302898091091,0.0,0
44701,32,2,1.7926472544768857,2.3315613782964753,0.5389141238195896,0.210319158446474,0.0,0.0,0
44701,32,3,1.7926472544768857,2.5808320247944203,0.7881847703175346,0.22515965764294504,0.014840499196471041,0.0,0
44701,33,1,1.874961726999257,2.573365112324544,0.6984033853252869,0.19500084239934148,0.007291195779370346,0.0,0
44701,33,2,1.874961726999257,2.314404576377278,0.43944284937802114,0.18770964661997114,0.0,0.0,0
44701,33,3,1.874961726999257,2.496001644410277,0.6210399174110199,0.19290530759744837,0.005195660977477229,0.0,0
44701,34,1,1.3578014660560582,1.602672979255928,0.24487151319986977,0.09829843089096647,0.0,0.0,0
44701,34,2,1.3578014660560582,1.6459234963360276,0.2881220302799694,0.11068626756064401,0.012387836669677535,0.0,0
44701,34,3,1.3578014660560582,1.7886654031157392,0.43086393705968096,0.10342250073712736,0.005124069846160886,0.0,0
44701,35,1,55.594427557698474,55.659923617428674,0.06549605973020078,0.20679522496054503,0.0,0.0,0
44701,35,2,55.594427557698474,55.66316304685988,0.06873548916140493,0.2265274763588955,0.01973225139835047,0.0,0
44701,35,3,55.594427557698474,55.682882770184094,0.08845521248561994,0.22437111281163638,0.01757588785109135,0.0,0
44701,36,1,55.61233472975183,55.69785906433619,0.08552433458436326,0.23064953498691143,0.00024462102477879055,0.0,0
44701,36,2,55.61233472975183,55.656444807142336,0.04411007739050632,0.23040491396213264,0.0,0.0,0
44701,36,3,55.61233472975183,55.74373113686348,0.13139640711165157,0.23517298014289517,0.004768066180762531,0.0,0
44701,37,1,55.45971228563055,55.5822280980874,0.12251581245684662,0.16587141945484835,0.006046734176168772,0.0,0
44701,37,2,55.45971228563055,55.4907149264067,0.031002640776151225,0.16238983908789367,0.002565153809214099,0.0,0
44701,37,3,55.45971228563055,55.601984334338134,0.14227204870758214,0.15982468527867957,0.0,0.0,0
44701,38,1,55.42749731740046,55.44764906692596,0.02015174952550325,0.09683899328022966,0.0,0.0,0
44701,38,2,55.42749731740046,55.49404710414848,0.06654978674801981,0.1320885049567355,0.035249511676505835,0.0,0
44701,38,3,55.42749731740046,55.529818633381204,0.10232131598074545,0.11726753250949232,0.02042853922926266,0.0,0
44701,39,1,2.352655923510091,2.706646705311176,0.3539907818010848,0.20099067469306267,0.03333269015615442,0.0322073697340346,1
44701,39,2,2.352655923510091,2.6438855432640893,0.2912296197539983,0.16765798453690825,0.0,0.07166818956343912,1
44701,39,3,2.352655923510091,2.740760836942955,0.3881049134328638,0.17776387941889396,0.01010589488198571,0.0,0
44701,40,1,1.2292833322566001,1.7387368309423423,0.5094534986857422,0.10433506847560793,0.004786283954223619,0.0322073697340346,1
44701,40,2,1.2292833322566001,1.325767241846099,0.09648390958949893,0.09954878452138431,0.0,0.07166818956343912,1
44701,40,3,1.2292833322566001,1.6535323154019452,0.4242489831453451,0.11243051585540749,0.012881731334023178,0.0,0
44701,41,1,1.5507937587834666,2.7105963216775066,1.15980256289404,0.10938934159149208,0.003229237266136012,0.0322073697340346,1
44701,41,2,1.5507937587834666,2.3154897558568472,0.7646959970733807,0.11136469168648495,0.005204587361128887,0.07166818956343912,1
44701,41,3,1.5507937587834666,2.9743721535320704,1.4235783947486038,0.10616010432535607,0.0,0.0,0
44701,42,1,2.4539082917032067,3.2471869155118798,0.7932786238086731,0.10022615658989815,0.005090978755685774,0.07166818956343914,1
44701,42,2,2.4539082917032067,2.9859634507320862,0.5320551590288796,0.09513517783421238,0.0,0.0,0
44701,42,3,2.4539082917032067,2.8724838509657364,0.41857555926252976,0.10087370680286369,0.005738528968651305,0.0,0
44701,43,1,4.034821725319591,4.661758275394242,0.6269365500746513,0.2519127957988514,0.020732970301465925,0.060854045182162086,1
44701,43,2,4.034821725319591,4.504683733210422,0.4698620078908311,0.23117982549738547,0.0,0.0,0
44701,43,3,4.034821725319591,4.544853672013572,0.5100319466939807,0.2331300240330347,0.0019501985356492335,0.0,0
44701,44,1,1.9235451672058244,2.779970010750536,0.8564248435447117,0.2372575347417177,0.006432991206045208,0.060854045182162086,1
44701,44,2,1.9235451672058244,2.4727244292760906,0.5491792620702662,0.2308245435356725,0.0,0.0,0
44701,44,3,1.9235451672058244,2.3832664721898906,0.45972130498406627,0.24093408758797089,0.010109544052298386,0.0,0
44701,45,1,1.9187756562433413,3.1666295488740692,1.2478538926307279,0.11465546200412965,0.007885610587843137,0.060854045182162086,1
44701,45,2,1.9187756562433413,2.8238170079901357,0.9050413517467943,0.10676985141628652,0.0,0.0,0
44701,45,3,1.9187756562433413,2.823652692549831,0.9048770363064895,0.11647982546806501,0.009709974051778494,0.0,0
44701,46,1,2.3157518529794654,2.536152481351354,0.22040062837188845,0.24487986871066472,0.025274975398103833,0.06965719158111428,1
44701,46,2,2.3157518529794654,2.448059989246886,0.13230813626742055,0.2196048933125609,0.0,0.0,0
44701,46,3,2.3157518529794654,2.4443151884878835,0.12856333550841814,0.2221770229218532,0.0025721296092923174,0.0,0
44701,47,1,1.648975913645129,2.1997318801823402,0.5507559665372113,0.19665319009211943,0.009659789526212992,0.06965719158111428,1
44701,47,2,1.648975913645129,2.2053262569628593,0.5563503433177304,0.1889016970530356,0.001908296487129174,0.0,0
44701,47,3,1.648975913645129,2.3263330107764912,0.6773570971313623,0.18699340056590644,0.0,0.0,0
44701,48,1,1.9955627926642592,2.5559346496403856,0.5603718569761265,0.12531201945305492,0.01756765726162969,0.0696571915811143,1
44701,48,2,1.9955627926642592,2.4637505333256504,0.46818774066139124,0.10774436219142523,0.0,0.0,0
44701,48,3,1.9955627926642592,2.607481954993172,0.6119191623289129,0.11196659816200208,0.004222235970576846,0.0,0
44701,49,1,2.1661356382655605,2.7496796472547276,0.583544008989167,0.08957204245648624,0.0,0.0696571915811143,1
44701,49,2,2.1661356382655605,3.0901680040845374,0.9240323658189769,0.09402886368575483,0.00445682122926859,0.0,0
44701,49,3,2.1661356382655605,2.9848346396848155,0.818699001419255,0.0966402157510802,0.007068173294593957,0.0,0
44701,50,1,2.39966986117179,4.255142784157117,1.855472922985327,0.21612793548348608,0.0,0.05922472466168194,1
44701,50,2,2.39966986117179,3.4344525780143713,1.0347827168425812,0.2326734555433628,0.016545520059876723,0.0,0
44701,50,3,2.39966986117179,6.313214842657841,3.9135449814860506,0.3007876352508628,0.0846596997673767,0.0,0
44701,51,1,2.034310927376102,3.54386528529153,1.509554357915428,0.14313024113927775,0.0,0.059224724661681924,1
44701,51,2,2.034310927376102,3.773067977745908,1.7387570503698058,0.1496743872699615,0.006544146130683742,0.0,0
44701,51,3,2.034310927376102,7.640767652977138,5.606456725601035,0.26501746382968094,0.1218872226904032,0.0,0
44701,52,1,2.3077403133512475,3.761225268881186,1.4534849555299383,0.16495546931763397,0.0,0.0,0
44701,52,2,2.3077403133512475,3.862433129491516,1.5546928161402684,0.18192884624497463,0.01697337692734066,0.009782260116701469,1
44701,52,3,2.3077403133512475,8.25742064061894,5.949680327267693,0.29500728161414863,0.13005181229651466,0.015267121115282112,1
44701,53,1,2.758606266195643,6.0682569648084685,3.3096506986128253,0.11445619457303297,0.0,0.0,0
44701,53,2,2.758606266195643,4.98514467168855,2.226538405492907,0.185135966477254,0.07067977190422103,0.005484860998580643,1
44701,53,3,2.758606266195643,12.018329291727278,9.259723025531635,0.29761942927866797,0.183163234705635,0.019050419239482363,1
44701,54,1,1.4173266624855874,2.089633630807639,0.6723069683220517,0.1818707529282185,0.0,0.0,0
44701,54,2,1.4173266624855874,1.7704637554250255,0.3531370929394382,0.18235926664398222,0.000488513715763722,0.0,0
44701,54,3,1.4173266624855874,1.7824633276920518,0.3651366652064645,0.18998154300005762,0.008110790071839125,0.0,0
44701,55,1,9.00080280362529,9.577951239266522,0.5771484356412326,0.2007609866699316,0.028283955712251757,0.0,0
44701,55,2,9.00080280362529,9.29575988918069,0.2949570855554011,0.17247703095767986,0.0,0.0,0
44701,55,3,9.00080280362529,9.309759696824436,0.3089568931991469,0.1908464881939842,0.018369457236304343,0.0,0
44701,56,1,1.4066898534316237,1.86556886734478,0.4588790139131562,0.09656120600341703,0.0,0.0,0
44701,56,2,1.4066898534316237,1.8851563651642742,0.47846651173265053,0.11654296035721837,0.01998175435380134,0.0,0
44701,56,3,1.4066898534316237,1.7482879589031264,0.3415981054715027,0.11260652171066898,0.016045315707251956,0.0,0
44701,57,1,10.303105481939635,10.65671631100459,0.3536108290649551,0.22267678002170077,0.0,0.0,0
44701,57,2,10.303105481939635,10.661170958219117,0.3580654762794815,0.2393887023388506,0.016711922317149824,0.0,0
44701,57,3,10.303105481939635,10.681037833580433,0.37793235164079775,0.23620423138262478,0.013527451360924009,0.0,0
44701,58,1,10.07718565266572,10.361229790524474,0.2840441378587535,0.11206494861391246,0.0,0.0,0
44701,58,2,10.07718565266572,10.246555287196527,0.16936963453080622,0.12708225782425228,0.015017309210339821,0.0,0
44701,58,3,10.07718565266572,10.497615545538427,0.42042989287270593,0.1323279492404971,0.020263000626584635,0.0,0
44701,59,1,3.13350926843735,3.5529474569733046,0.4194381885359548,0.2283558463297774,0.018550975280915788,0.08341892197011569,1
44701,59,2,3.13350926843735,3.3351214696438958,0.201612201206546,0.2130756994284141,0.003270828379552476,0.0,0
44701,59,3,3.13350926843735,3.4922543763034732,0.35874510786612346,0.2098048710488616,0.0,0.0,0
44701,60,1,2.2291517051340692,2.7755156545619903,0.5463639494279211,0.20918103546763925,0.018034858030511358,0.08341892197011568,1
44701,60,2,2.2291517051340692,2.863883767268637,0.6347320621345678,0.19257838609386066,0.0014322086567327696,0.0,0
44701,60,3,2.2291517051340692,2.6508697521654296,0.4217180470313604,0.1911461774371279,0.0,0.0,0
44701,61,1,2.043949782219747,3.00117458205104,0.9572247998312928,0.11537052528749342,0.008536617823552861,0.08341892197011569,1
44701,61,2,2.043949782219747,2.871531551302899,0.8275817690831517,0.10683390746394056,0.0,0.0,0
44701,61,3,2.043949782219747,2.330602001283063,0.2866522190633156,0.11360627484237873,0.006772367378438171,0.0,0
44701,62,1,3.3278147579542976,3.9240499512690166,0.596235193314719,0.2220266300756622,0.013976260788304218,0.03692284875300342,1
44701,62,2,3.3278147579542976,3.8664293398303093,0.5386145818760117,0.21252164804693346,0.004471278759575481,0.0,0
44701,62,3,3.3278147579542976,3.9585525928411824,0.6307378348868848,0.20805036928735798,0.0,0.0,0
44701,63,1,5.675104774730299,5.948934876016516,0.273830101286217,0.10135045858843583,0.0,0.03692284875300343,1
44701,63,2,5.675104774730299,5.917054940409445,0.24195016567914607,0.11793851827685298,0.016588059688417145,0.0,0
44701,63,3,5.675104774730299,5.94847026597071,0.2733654912404111,0.12436045126914635,0.023009992680710523,0.0,0
44701,64,1,2.4544339898940737,3.3863917522838434,0.9319577623897697,0.19034054701365502,0.03127636132780989,0.011639336605046402,1
44701,64,2,2.4544339898940737,3.2331899060319613,0.7787559161378876,0.16417767687956764,0.005113491193722508,0.013151520117390625,1
44701,64,3,2.4544339898940737,3.2536255037962944,0.7991915139022208,0.15906418568584513,0.0,0.0,0
44701,65,1,2.1969466842828727,2.739513700745772,0.5425670164628995,0.10876300713570103,0.0,0.011639336605046346,1
44701,65,2,2.1969466842828727,3.023039011831469,0.8260923275485963,0.11546373159733826,0.0067007244616372336,0.013151520117390625,1
44701,65,3,2.1969466842828727,3.1775816510358132,0.9806349667529406,0.13785926024682135,0.029096253111120324,0.0,0
44701,66,1,2.0531986142225236,2.5349861220104684,0.48178750778794477,0.21712882969948571,0.017330381109881055,0.0,0
44701,66,2,2.0531986142225236,2.3678569162708234,0.3146583020482998,0.20284627721985066,0.0030478286302459967,0.0,0
44701,66,3,2.0531986142225236,2.6717097921772472,0.6185111779547237,0.19979844858960466,0.0,0.0,0
44701,67,1,17.477611052763887,17.67053311023063,0.19292205746674185,0.20028660773280893,0.013032239393084039,0.0,0
44701,67,2,17.477611052763887,17.635874605206194,0.15826355244230683,0.1872543683397249,0.0,0.03389446887554164,1
44701,67,3,17.477611052763887,17.641675614477148,0.16406456171326056,0.20172883466778516,0.014474466328060265,0.043084629318784796,1
44701,68,1,14.030026949542641,14.368334102306282,0.3383071527636403,0.18248775385234486,0.01032571275855429,0.0,0
44701,68,2,14.030026949542641,14.241489860812939,0.21146291127029748,0.17437648522974397,0.0022144441359533973,0.009190160443243157,1
44701,68,3,14.030026949542641,14.379355552467283,0.34932860292464163,0.17216204109379057,0.0,0.009190160443243157,1
44701,69,1,13.512349878277092,13.767716287550758,0.25536640927366605,0.21847089413437765,0.014540526552814431,0.0,0
44701,69,2,13.512349878277092,13.677093017418525,0.16474313914143224,0.20715804045775546,0.0032276728761922446,0.04857116503017619,1
44701,69,3,13.512349878277092,13.800823721577524,0.2884738433004319,0.20393036758156322,0.0,0.06333879431380479,1
44701,70,1,13.940411151515303,14.313943701694324,0.3735325501790214,0.18982589308415337,0.015904645044319266,0.0,0
44701,70,2,13.940411151515303,14.170554562181493,0.23014341066619082,0.17672422272097074,0.002802974681136633,0.014767629283628621,1
44701,70,3,13.940411151515303,14.309452404991827,0.3690412534765244,0.1739212480398341,0.0,0.014767629283628621,1
44701,71,1,13.659911277511384,13.962781350288605,0.3028700727772211,0.20741486748864854,0.00583648214633406,0.0,0
44701,71,2,13.659911277511384,13.933265964866312,0.27335468735492796,0.20157838534231448,0.0,0.009987263068149385,1
44701,71,3,13.659911277511384,13.896824286278868,0.236913008767484,0.20949230999145269,0.007913924649138204,0.009987263068149385,1
44702,0,1,1.9429214327135356,2.9561738167844576,1.013252384070922,0.11472314842339393,0.014067384067076014,0.07700987330328321,1
44702,0,2,1.9429214327135356,2.5824484776949035,0.6395270449813679,0.10065576435631791,0.0,0.0,0
44702,0,3,1.9429214327135356,2.231126686659919,0.2882052539463833,0.11703782806660917,0.01638206371029126,0.0,0
44702,1,1,3.733204757588664,4.103137282419992,0.36993252483132766,0.20278461802400458,0.0,0.0,0
44702,1,2,3.733204757588664,4.462284576513078,0.7290798189244136,0.22024737802318606,0.017462759999181482,0.0,0
44702,1,3,3.733204757588664,4.165968488320909,0.4327637307322454,0.22253068039407498,0.0197460623700704,0.0,0
44702,2,1,1.9798519804133874,2.5548362655232792,0.5749842851098919,0.17962563497429518,0.011217706580568976,0.0,0
44702,2,2,1.9798519804133874,2.4238233856013243,0.4439714051879369,0.1685478622731557,0.0001399338794295102,0.0,0
44702,2,3,1.9798519804133874,2.8527871089107264,0.872935128497339,0.1684079283937262,0.0,0.0,0
44702,3,1,1.9518128550632334,2.4915331812412225,0.539720326177989,0.18134058636616446,0.0,0.08864403834967755,1
44702,3,2,1.9518128550632334,2.643629419027289,0.6918165639640557,0.19339412875644868,0.012053542390284222,0.0,0
44702,3,3,1.9518128550632334,3.188662757383375,1.2368499023201416,0.2175833368812689,0.03624275051510445,0.0,0
44702,4,1,1.9852787444144475,2.626211578480583,0.6409328340661355,0.16534196168597912,0.002856848805999429,0.08864403834967755,1
44702,4,2,1.9852787444144475,2.2963834520309403,0.3111047076164928,0.1624851128799797,0.0,0.0,0
44702,4,3,1.9852787444144475,2.499902537302926,0.5146237928884787,0.18531268778274274,0.022827574902763048,0.0,0
44702,5,1,2.1890238769656056,2.615458420648643,0.42643454368303724,0.06941909142410553,0.0,0.08864403834967755,1
44702,5,2,2.1890238769656056,2.871700325590676,0.6826764486250703,0.10844753523376655,0.039028443809661015,0.0,0
44702,5,3,2.1890238769656056,3.118752769333146,0.9297288923675402,0.11283331263011885,0.04341422120601332,0.0,0
44702,6,1,2.9526210130926724,3.4666731918927303,0.5140521788000578,0.1556227756749634,0.0,0.04149329421164098,1
44702,6,2,2.9526210130926724,3.3661145284517544,0.41349351535908196,0.167521788489513,0.011899012814549581,0.0,0
44702,6,3,2.9526210130926724,3.354709390987748,0.4020883778950757,0.18060828738736578,0.024985511712402375,0.0,0
44702,7,1,2.287828610575367,3.1759128901432065,0.8880842795678396,0.18954258667288298,0.011778771631793833,0.0,0
44702,7,2,2.287828610575367,2.951523599141853,0.663694988566486,0.17776381504108915,0.0,0.0,0
44702,7,3,2.287828610575367,3.2736363400843205,0.9858077295089536,0.18274899311148196,0.0049851780703928095,0.0,0
44702,8,1,6.131572131849417,6.624253494588471,0.49268136273905405,0.26632179205968337,0.0,0.0,0
44702,8,2,6.131572131849417,6.860575403317098,0.7290032714676808,0.2803322008029143,0.014010408743230951,0.0,0
44702,8,3,6.131572131849417,6.745105612482035,0.6135334806326185,0.28181824561230234,0.015496453552618972,0.0,0
44702,9,1,5.74095374303582,6.015498084462138,0.274544341426318,0.13098936884287163,0.0,0.0,0
44702,9,2,5.74095374303582,6.359594471924223,0.618640728888403,0.14335251985595,0.01236315101307836,0.0,0
44702,9,3,5.74095374303582,6.48482641563662,0.7438726726008005,0.13956540060639733,0.008576031763525699,0.0,0
44702,10,1,2.9861527100991374,3.7368693062073732,0.7507165961082358,0.2646830989822241,0.0,0.0,0
44702,10,2,2.9861527100991374,3.743163626552808,0.7570109164536705,0.272974309096806,0.008291210114581893,0.0,0
44702,10,3,2.9861527100991374,3.8105009908783662,0.8243482807792288,0.2780661886591337,0.013383089676909599,0.0,0
44702,11,1,3.585100868908402,4.441059181425762,0.8559583125173598,0.12602486996204854,0.015110790853320621,0.0,0
44702,11,2,3.585100868908402,3.9091015988569127,0.3240007299485108,0.11091407910872791,0.0,0.0,0
44702,11,3,3.585100868908402,4.347181871457417,0.7620810025490155,0.11672797226640855,0.005813893157680633,0.0,0
44702,12,1,42.63492910148418,42.701478278125386,0.06654917664120319,0.2495986258509307,0.0,0.0,0
44702,12,2,42.63492910148418,42.712945137356655,0.07801603587247286,0.25336331437842025,0.0037646885274895403,0.0,0
44702,12,3,42.63492910148418,42.749844004471655,0.11491490298747209,0.2545950972620666,0.004996471411135878,0.0,0
44702,13,1,42.558401646720824,42.59862870469236,0.04022705797153492,0.1727340523064884,0.0,0.0,0
44702,13,2,42.558401646720824,42.64121633547021,0.08281468874938724,0.17737581739950367,0.004641765093015282,0.0,0
44702,13,3,42.558401646720824,42.703416306434704,0.14501465971387972,0.17486855940252483,0.0021345070960364365,0.0,0
44702,14,1,42.56357276077465,42.660925760058056,0.09735299928340879,0.0816873905351931,0.0,0.0,0
44702,14,2,42.56357276077465,42.80823530364417,0.24466254286951994,0.13827247205714183,0.05658508152194873,0.0,0
44702,14,3,42.56357276077465,42.65364513114368,0.09007237036903604,0.12570720223696624,0.044019811701773146,0.0,0
44702,15,1,1.9767361210819492,2.8696588652915427,0.8929227442095935,0.1542844519283467,0.0009651483645500281,0.1724207937704985,1
44702,15,2,1.9767361210819492,2.4964858945319603,0.5197497734500112,0.15331930356379667,0.0,0.09891043895627896,1
44702,15,3,1.9767361210819492,2.5248815258234765,0.5481454047415273,0.16006707080942217,0.006747767245625508,0.0,0
44702,16,1,1.3669914072661409,2.0506836216329978,0.6836922143668569,0.11472448392555014,0.013809869085565155,0.17242079377049851,1
44702,16,2,1.3669914072661409,1.844190261092292,0.4771988538261511,0.10091461483998498,0.0,0.09891043895627896,1
44702,16,3,1.3669914072661409,1.7228934489175258,0.35590204165138495,0.11686259505503634,0.015947980215051352,0.0,0
44702,17,1,2.104175350505547,2.2146104808648976,0.11043513035935071,0.09042504672300089,0.0,0.1724207937704985,1
44702,17,2,2.104175350505547,2.2448453321404713,0.1406699816349244,0.129134319112204,0.0387092723892031,0.09891043895627896,1
44702,17,3,2.104175350505547,2.27603269537848,0.17185734487293303,0.12175348358839289,0.031328436865391995,0.0,0
44702,18,1,1.8820277967555874,2.3853577241669486,0.5033299274113612,0.14814037217689088,0.0,0.022089478168986154,1
44702,18,2,1.8820277967555874,2.342441212939128,0.4604134161835407,0.15694461321970232,0.00880424104281144,0.0,0
44702,18,3,1.8820277967555874,2.298155151106722,0.4161273543511348,0.17114316355096187,0.02300279137407099,0.0,0
44702,19,1,1.1260068504779912,1.6125379736956007,0.4865311232176095,0.11071480212011453,0.016916706748246857,0.022089478168986154,1
44702,19,2,1.1260068504779912,1.2974347830367177,0.17142793255872646,0.09379809537186767,0.0,0.0,0
44702,19,3,1.1260068504779912,1.607576648272802,0.4815697977948108,0.11329372227388776,0.019495626902020086,0.0,0
44702,20,1,2.5427208475978427,2.890573805817308,0.34785295821946516,0.09933345650159892,0.0,0.0220894781689861,1
44702,20,2,2.5427208475978427,3.087180551484582,0.5444597038867394,0.12552855692705991,0.026195100425461,0.0,0
44702,20,3,2.5427208475978427,2.9787619841404904,0.43604113654264776,0.12461849589649655,0.025285039394897638,0.0,0
44702,21,1,2.730360724037328,4.319830361202348,1.5894696371650197,0.09848921625802327,0.014239153540781035,0.022089478168986112,1
44702,21,2,2.730360724037328,3.848167376641411,1.117806652604083,0.08425006271724224,0.0,0.0,0
44702,21,3,2.730360724037328,3.59785899350448,0.867498269467152,0.09200892573995506,0.0077588630227128225,0.0,0
44702,22,1,2.3180022864351453,2.8994714528478696,0.5814691664127243,0.1788619751875003,0.007905357313608391,0.09462387691209106,1
44702,22,2,2.3180022864351453,2.6798045569421327,0.36180227050698743,0.1709566178738919,0.0,0.0,0
44702,22,3,2.3180022864351453,3.026554462522415,0.7085521760872697,0.20326186269852406,0.03230524482463215,0.0,0
44702,23,1,1.6034298212575102,2.2199144612737762,0.616484640016266,0.14382207118432327,0.013345495129080287,0.09462387691209101,1
44702,23,2,1.6034298212575102,1.8391725081373114,0.23574268687980116,0.130476576055243,0.0,0.0,0
44702,23,3,1.6034298212575102,2.1988509843905577,0.5954211631330475,0.15570529492492224,0.025228718869679256,0.0,0
44702,24,1,2.1790917661205276,2.990752409175374,0.8116606430548465,0.1247310549787692,0.005966042335080787,0.09462387691209101,1
44702,24,2,2.1790917661205276,2.804003518147974,0.6249117520274465,0.11896893762601435,0.00020392498232593703,0.0,0
44702,24,3,2.1790917661205276,3.4348932612118097,1.2558014950912821,0.11876501264368841,0.0,0.0,0
44702,25,1,3.037714486780213,4.535024551993597,1.4973100652133846,0.099153190848421,0.008962654890756108,0.09462387691209101,1
44702,25,2,3.037714486780213,3.8699877602229322,0.8322732734427194,0.0901905359576649,0.0,0.0,0
44702,25,3,3.037714486780213,4.032646446473752,0.9949319596935391,0.09247887165713718,0.002288335699472288,0.0,0
44702,26,1,2.227685865724161,3.1308371887444375,0.9031513230202766,0.20545240328300735,0.013409833867879167,0.0,0
44702,26,2,2.227685865724161,2.8680865061765135,0.6404006404523526,0.19204256941512818,0.0,0.0,0
44702,26,3,2.227685865724161,3.238586134909916,1.010900269185755,0.221842343689589,0.029799774274460816,0.0,0
44702,27,1,2.087297622547097,2.703645944277292,0.6163483217301953,0.16243000936045227,0.0,0.0,0
44702,27,2,2.087297622547097,2.57097968280124,0.48368206025414295,0.16725220694038828,0.004822197579936016,0.0,0
44702,27,3,2.087297622547097,3.0435750649035684,0.9562774423564715,0.19134736018504375,0.028917350824591487,0.0,0
44702,28,1,1.9997078001440791,2.6385851203169923,0.6388773201729132,0.10612791308844133,0.0092248217687559,0.0,0
44702,28,2,1.9997078001440791,2.2218214783724397,0.2221136782283606,0.09690309131968543,0.0,0.0,0
44702,28,3,1.9997078001440791,2.328408398363249,0.32870059821916997,0.11644736823225732,0.019544276912571892,0.0,0
44702,29,1,2.6214682025738894,2.9801358835544343,0.3586676809805449,0.051531624838772605,0.0,0.0,0
44702,29,2,2.6214682025738894,3.1680380049314163,0.546569802357527,0.08991319070129417,0.03838156586252156,0.0,0
44702,29,3,2.6214682025738894,3.082549111920802,0.4610809093469128,0.08393072571116078,0.032399100872388176,0.0,0
44702,30,1,1.8402983073725783,2.3878968244035836,0.5475985170310054,0.21278065366512913,0.007683630914627287,0.0,0
44702,30,2,1.8402983073725783,2.576691944961082,0.7363936375885038,0.2072539975013064,0.0021569747508045634,0.0,0
44702,30,3,1.8402983073725783,2.46200078095293,0.6217024735803518,0.20509702275050185,0.0,0.0,0
44702,31,1,1.9032152078465885,2.3807600204398067,0.47754481259321824,0.17320241443581372,0.0,0.0,0
44702,31,2,1.9032152078465885,2.610450528806447,0.7072353209598583,0.18285803908913503,0.009655624653321315,0.0,0
44702,31,3,1.9032152078465885,2.3807382332951126,0.4775230254485241,0.17927013533079447,0.006067720894980755,0.0,0
44702,32,1,1.3482903662650156,1.5704076699132519,0.22211730364823623,0.08560682753816952,0.0,0.0,0
44702,32,2,1.3482903662650156,2.0431515453304363,0.6948611790654207,0.11003736816747815,0.024430540629308634,0.0,0
44702,32,3,1.3482903662650156,1.871006024974531,0.5227156587095154,0.11039713923279569,0.02479031169462617,0.0,0
44702,33,1,56.28183112979093,56.311302031152856,0.029470901361925428,0.21264933907846595,0.0,0.0,0
44702,33,2,56.28183112979093,56.356359388868555,0.07452825907762417,0.22221201163013934,0.009562672551673396,0.0,0
44702,33,3,56.28183112979093,56.39192268849733,0.11009155870640086,0.21723627017528768,0.004586931096821734,0.0,0
44702,34,1,56.29685545579306,56.33188277401966,0.035027318226603654,0.22198472145577558,0.0,0.0,0
44702,34,2,56.29685545579306,56.32899505168344,0.03213959589038495,0.2247554091315876,0.0027706876758120114,0.0,0
44702,34,3,56.29685545579306,56.3662564084719,0.06940095267884061,0.2286532636565145,0.006668542200738925,0.0,0
44702,35,1,56.15152514384026,56.22150545058514,0.0699803067448812,0.16069166570820378,0.006537380288159783,0.0,0
44702,35,2,56.15152514384026,56.196861320987374,0.04533617714711369,0.154154285420044,0.0,0.0,0
44702,35,3,56.15152514384026,56.21686723455476,0.06534209071450192,0.16175180824597454,0.007597522825930542,0.0,0
44702,36,1,56.13566917602442,56.229771594969726,0.09410241894530458,0.06331038564008655,0.0,0.0,0
44702,36,2,56.13566917602442,56.37227648432679,0.23660730830236787,0.13058477293943774,0.06727438729935119,0.0,0
44702,36,3,56.13566917602442,56.224184222501904,0.08851504647748243,0.1185326556422337,0.05522227000214715,0.0,0
44702,37,1,2.221396387960861,2.9139698800192946,0.6925734920584334,0.1659952556659134,0.007456249120206648,0.0,0
44702,37,2,2.221396387960861,2.692952540913593,0.4715561529527319,0.15853900654570674,0.0,0.0,0
44702,37,3,2.221396387960861,3.0661661766263513,0.8447697886654901,0.16380714358020887,0.0052681370345021294,0.0,0
44702,38,1,1.175537045961995,1.8747314355969522,0.6991943896349573,0.10500341573903163,0.012744436473843643,0.0,0
44702,38,2,1.175537045961995,1.3253495415930683,0.14981249563107335,0.09225897926518799,0.0,0.0,0
44702,38,3,1.175537045961995,1.714140458755356,0.538603412793361,0.1122819097631704,0.020022930497982414,0.0,0
44702,39,1,1.5608521845943604,2.206906712124018,0.6460545275296576,0.09203507224516737,0.0,0.0,0
44702,39,2,1.5608521845943604,2.6103874127747595,1.0495352281803991,0.10957924922559391,0.01754417698042654,0.0,0
44702,39,3,1.5608521845943604,1.902988002719989,0.34213581812562865,0.11247320030599468,0.020438128060827315,0.0,0
44702,40,1,2.3328336302790644,3.9626147694738956,1.6297811391948311,0.0947278261406745,0.009067817275384443,0.0,0
44702,40,2,2.3328336302790644,3.512886044723904,1.1800524144448397,0.08566000886529006,0.0,0.0,0
44702,40,3,2.3328336302790644,3.560723743382929,1.2278901131038644,0.0893355256701487,0.0036755168048586417,0.0,0
44702,41,1,3.4980355144112307,4.031440995876668,0.5334054814654374,0.22769812591939528,0.009334920985735407,0.06062076971358482,1
44702,41,2,3.4980355144112307,3.8521450971009172,0.3541095826896865,0.21836320493365988,0.0,0.0,0
44702,41,3,3.4980355144112307,4.017418092930153,0.5193825785189219,0.21986558176396692,0.001502376830307045,0.0,0
44702,42,1,1.942971734425536,2.4325805428541054,0.48960880842856946,0.20432757725316575,0.0,0.06062076971358479,1
44702,42,2,1.942971734425536,2.7424168740960773,0.7994451396705413,0.20918209016084668,0.004854512907680936,0.0,0
44702,42,3,1.942971734425536,2.6208802991415707,0.6779085647160348,0.2191026675704588,0.014775090317293044,0.0,0
44702,43,1,2.1651338507351094,3.085114242859193,0.9199803921240837,0.11454842747449434,0.007787838061721855,0.060620769713584814,1
44702,43,2,2.1651338507351094,3.0161937705345814,0.8510599197994719,0.10676058941277249,0.0,0.0,0
44702,43,3,2.1651338507351094,2.7614550422740964,0.596321191538987,0.13395166786050303,0.02719107844773054,0.0,0
44702,44,1,2.292851370896925,3.208553433447412,0.915702062550487,0.217710762900167,0.01474759189947017,0.06981201078846067,1
44702,44,2,2.292851370896925,2.875084245974918,0.582232875077993,0.20296317100069683,0.0,0.0,0
44702,44,3,2.292851370896925,2.9302341768477893,0.6373828059508644,0.23412113233691884,0.031157961336222006,0.0,0
44702,45,1,1.5999454338187333,2.3398103316061296,0.7398648977873963,0.16649432666641625,0.004339876073453569,0.06981201078846064,1
44702,45,2,1.5999454338187333,1.9749558319933604,0.3750103981746271,0.16215445059296268,0.0,0.0,0
44702,45,3,1.5999454338187333,2.190928641838814,0.5909832080200808,0.18617704563451196,0.02402259504154927,0.0,0
44702,46,1,1.7721020388426407,2.533499488001635,0.7613974491589943,0.12508430467145065,0.023087838324544807,0.06981201078846067,1
44702,46,2,1.7721020388426407,2.2225836621044865,0.4504816232618458,0.10199646634690585,0.0,0.0,0
44702,46,3,1.7721020388426407,2.756863764618717,0.9847617257760761,0.10980894639060917,0.007812480043703329,0.0,0
44702,47,1,2.2536296420464064,3.458906045734463,1.2052764036880568,0.0894385100869558,0.004200791865347386,0.06981201078846067,1
44702,47,2,2.2536296420464064,2.9230564228201787,0.6694267807737724,0.08523771822160842,0.0,0.0,0
44702,47,3,2.2536296420464064,3.2957131125332815,1.042083470486875,0.0862881605874149,0.001050442365806481,0.0,0
44702,48,1,2.169933380315508,3.272831614932998,1.10289823461749,0.19134630626800253,0.0,0.05896917795170667,1
44702,48,2,2.169933380315508,3.0324169054006402,0.8624835250851324,0.196058569145981,0.0047122628779784625,0.0,0
44702,48,3,2.169933380315508,5.512574456598755,3.3426410762832472,0.2590639969804535,0.06771769071245098,0.0,0
44702,49,1,2.405565791762685,3.6505228592172343,1.2449570674545494,0.13918942977070095,0.0,0.05896917795170665,1
44702,49,2,2.405565791762685,3.552663769358478,1.1470979775957932,0.16409184673679206,0.024902416966091107,0.0,0
44702,49,3,2.405565791762685,6.765341097145023,4.359775305382338,0.23886801583105313,0.09967858606035218,0.0,0
44702,50,1,2.641627820057912,4.0127108649008765,1.3710830448429645,0.15104987007293263,0.0,0.0,0
44702,50,2,2.641627820057912,3.8256868356711884,1.1840590156132764,0.1826470022498211,0.031597132176888476,0.009253473696064052,1
44702,50,3,2.641627820057912,7.078930055095107,4.437302235037195,0.25612372977893255,0.10507385970599992,0.015236805926827024,1
44702,51,1,3.0375215861184612,5.126939334343506,2.0894177482250447,0.1197300241443669,0.0,0.0,0
44702,51,2,3.0375215861184612,4.582553698682804,1.5450321125643427,0.1740767110139116,0.05434668686954469,0.005983332230762972,1
44702,51,3,3.0375215861184612,10.200418073361003,7.162896487242542,0.2655701628663209,0.145840138721954,0.019622991969299064,1
44702,52,1,1.44668294565041,2.237341922821037,0.7906589771706272,0.1667757076979717,0.0,0.0,0
44702,52,2,1.44668294565041,1.9324219287761217,0.48573898312571173,0.1676438541297791,0.0008681464318074095,0.0,0
44702,52,3,1.44668294565041,2.1069038605174146,0.6602209148670046,0.17018646541405894,0.0034107577160872316,0.0,0
44702,53,1,8.038999005458177,8.454347544023234,0.41534853856505727,0.15017493203564963,0.0,0.0,0
44702,53,2,8.038999005458177,8.313186922416886,0.27418791695870937,0.16601747220448876,0.015842540168839125,0.0,0
44702,53,3,8.038999005458177,8.442730817375416,0.4037318119172397,0.17854310759940226,0.028368175563752623,0.0,0
44702,54,1,1.2829800787444818,1.630694127874874,0.3477140491303923,0.08113590554220547,0.0,0.0,0
44702,54,2,1.2829800787444818,1.6856905579209123,0.40271047917643044,0.12241867903297851,0.04128277349077304,0.0,0
44702,54,3,1.2829800787444818,1.60415144377748,0.32117136503299815,0.11478585076655286,0.03364994522434739,0.0,0
44702,55,1,10.340309985373136,10.528404168219481,0.1880941828463456,0.22400693497812452,0.0,0.0,0
44702,55,2,10.340309985373136,10.788679957876434,0.4483699725032988,0.2359877406280452,0.011980805649920684,0.0,0
44702,55,3,10.340309985373136,10.850438043243775,0.5101280578706398,0.22932628349017142,0.005319348512046906,0.0,0
44702,56,1,10.123743447232254,10.301497433310178,0.17775398607792425,0.11416298049459092,0.0,0.0,0
44702,56,2,10.123743447232254,10.409259544407902,0.2855160971756483,0.12888093932871367,0.014717958834122746,0.0,0
44702,56,3,10.123743447232254,10.380164710350265,0.2564212631180105,0.12912667429791017,0.014963693803319245,0.0,0
44702,57,1,3.031091345144269,3.5091134505172534,0.4780221053729843,0.21044629038634705,0.01279962024642825,0.08336782138680698,1
44702,57,2,3.031091345144269,3.5073849570310345,0.47629361188676533,0.2061167285238498,0.008470058383931,0.0,0
44702,57,3,3.031091345144269,3.5183703116581064,0.4872789665138373,0.1976466701399188,0.0,0.0,0
44702,58,1,2.1797668593391637,2.593940521262812,0.41417366192364824,0.16651626179202927,0.006086600900452044,0.08336782138680701,1
44702,58,2,2.1797668593391637,2.4956349390590438,0.31586807971988007,0.16042966089157723,0.0,0.0,0
44702,58,3,2.1797668593391637,2.6258843020053915,0.44611744266622777,0.1642615977864546,0.0038319368948773747,0.0,0
44702,59,1,2.1686811759214253,3.266430284358697,1.097749108437272,0.10842011923553035,0.0070502714761221524,0.08336782138680698,1
44702,59,2,2.1686811759214253,3.1594950909254806,0.9908139150040554,0.1013698477594082,0.0,0.0,0
44702,59,3,2.1686811759214253,2.734223216276325,0.5655420403548996,0.11956986692190462,0.018200019162496417,0.0,0
44702,60,1,3.3870253941638433,3.841960480164416,0.45493508600057275,0.16083931238874075,0.0,0.037138336811466416,1
44702,60,2,3.3870253941638433,3.8172097115020707,0.4301843173382274,0.1712649718989653,0.01042565951022456,0.0,0
44702,60,3,3.3870253941638433,4.024683416351946,0.637658022188103,0.20335787945227063,0.04251856706352988,0.0,0
44702,61,1,5.511504086969985,5.889377140402361,0.377873053432376,0.09420274133691346,0.0,0.0371383368114664,1
44702,61,2,5.511504086969985,5.682053148199525,0.17054906122953994,0.10377651064353698,0.009573769306623514,0.0,0
44702,61,3,5.511504086969985,5.757088585950257,0.24558449898027135,0.11926797359329987,0.025065232256386405,0.0,0
44702,62,1,2.2993860632887597,2.794797314148009,0.4954112508592492,0.14734656089933387,0.015170227748788234,0.011669286301481119,1
44702,62,2,2.2993860632887597,2.730781677814016,0.4313956145252562,0.13217633315054564,0.0,0.013473057041066494,1
44702,62,3,2.2993860632887597,2.7432341510350424,0.4438480877462827,0.14589689567650901,0.013720562525963376,0.0,0
44702,63,1,2.939901232725621,3.443577409016831,0.5036761762912101,0.12076281408414402,0.005042646486461647,0.011669286301481174,1
44702,63,2,2.939901232725621,3.466200910093316,0.5262996773676951,0.11572016759768237,0.0,0.01347305704106655,1
44702,63,3,2.939901232725621,3.2860365541132976,0.3461353213876768,0.14106004644700892,0.02533987884932655,0.0,0
44702,64,1,2.074596762324243,2.6460666812968654,0.5714699189726224,0.18145604396746584,0.004020087273938711,0.0,0
44702,64,2,2.074596762324243,2.585019697572421,0.5104229352481782,0.17743595669352713,0.0,0.0,0
44702,64,3,2.074596762324243,2.7716157522648155,0.6970189899405725,0.20413428236420858,0.02669832567068145,0.0,0
44702,65,1,4.6456360724321355,5.344788117078874,0.6991520446467385,0.15462701261622874,0.0,0.08336755208785107,1
44702,65,2,4.6456360724321355,5.19965810207076,0.5540220296386247,0.17821289287251182,0.02358588025628308,0.0,0
44702,65,3,4.6456360724321355,5.467718063589218,0.8220819911570825,0.18944677871642757,0.03481976610019882,0.0,0
44702,66,1,1.8255313943895062,2.4823187613633317,0.6567873669738256,0.18281269217081741,0.010327882170071578,0.06474545853685099,1
44702,66,2,1.8255313943895062,2.353568210793133,0.5280368164036267,0.17248481000074584,0.0,0.0,0
44702,66,3,1.8255313943895062,2.573530122331692,0.747998727942186,0.17798796848207113,0.005503158481325293,0.0,0
44702,67,1,1.7501901591343962,2.5812039661553396,0.8310138070209434,0.14200674420291615,0.008163788782583115,0.064745458536851,1
44702,67,2,1.7501901591343962,2.1980076732844496,0.44781751415005333,0.13384295542033303,0.0,0.0,0
44702,67,3,1.7501901591343962,2.1129963447095346,0.36280618557513833,0.14789399031768696,0.014051034897353931,0.0,0
44702,68,1,2.531185256721333,3.171837043256764,0.6406517865354311,0.07101337361470823,0.0,0.06474545853685099,1
44702,68,2,2.531185256721333,3.3918853441387973,0.8607000874174644,0.11487646296084277,0.04386308934613453,0.0,0
44702,68,3,2.531185256721333,3.631851159829702,1.1006659031083692,0.12376447640025073,0.0527511027855425,0.0,0
44702,69,1,17.586604337361365,17.711713886626292,0.125109549264927,0.17365166797661366,0.003526469296635415,0.0,0
44702,69,2,17.586604337361365,17.66691761136685,0.08031327400548349,0.17012519867997825,0.0,0.03331010897212498,1
44702,69,3,17.586604337361365,17.671453134355374,0.08484879699400949,0.17806701599397,0.007941817313991767,0.04251661570249886,1
44702,70,1,14.175205055804977,14.39147483452559,0.21626977872061381,0.1292207851090808,0.0,0.0,0
44702,70,2,14.175205055804977,14.293255881830913,0.11805082602593586,0.13241146285766767,0.003190677748586862,0.009206506730373876,1
44702,70,3,14.175205055804977,14.46044429888632,0.2852392430813442,0.1639494430211252,0.03472865791204441,0.009206506730373876,1
44702,71,1,13.601177345446875,13.784346646247059,0.18316930080018423,0.1752979970271761,0.0015560726053640284,0.0,0
44702,71,2,13.601177345446875,13.714566328142174,0.11338898269529984,0.17374192442181208,0.0,0.04742060937806572,1
44702,71,3,13.601177345446875,13.714686940168306,0.11350959472143174,0.17834669146674767,0.004604767044935593,0.06225682269840638,1
44702,72,1,14.116256194465524,14.292220601100482,0.17596440663495727,0.13723056615692375,0.002606423972398325,0.0,0
44702,72,2,14.116256194465524,14.237918514173202,0.12166231970767782,0.13462414218452542,0.0,0.014836213320340658,1
44702,72,3,14.116256194465524,14.278629949691837,0.16237375522631226,0.15942625128732843,0.024802109102803005,0.014836213320340658,1
44703,0,1,1.7698065778878989,2.205409140582141,0.43560256269424213,0.23776014400513013,0.01591026066471049,0.08832710527325677,1
44703,0,2,1.7698065778878989,2.20134943286865,0.43154285498075096,0.22184988334041963,0.0,0.0,0
44703,0,3,1.7698065778878989,2.370871966830427,0.6010653889425281,0.22832989044115345,0.00648000710073382,0.0,0
44703,1,1,1.8754323276738916,2.248108071790829,0.3726757441169375,0.20513616371281065,0.0348996655524208,0.0883271052732568,1
44703,1,2,1.8754323276738916,2.2179628154357203,0.3425304877618287,0.17174604960686868,0.001509551446478824,0.0,0
44703,1,3,1.8754323276738916,2.1097820687350106,0.23434974106111905,0.17023649816038985,0.0,0.0,0
44703,2,1,2.3408986068609314,3.573580562881767,1.2326819560208357,0.0862511042437312,0.0,0.08832710527325678,1
44703,2,2,2.3408986068609314,3.003055371974381,0.6621567651134495,0.1051489752938792,0.018897871050148007,0.0,0
44703,2,3,2.3408986068609314,3.4066446246028983,1.0657460177419669,0.10978387678996702,0.023532772546235828,0.0,0
44703,3,1,3.0077660846689898,4.945311469270216,1.937545384601226,0.17874112933929928,0.0,0.04107652585261931,1
44703,3,2,3.0077660846689898,3.2468907532317743,0.23912466856278458,0.18314836951187113,0.004407240172571852,0.0,0
44703,3,3,3.0077660846689898,5.312212021968611,2.304445937299621,0.22284802596752612,0.04410689662822684,0.0,0
44703,4,1,1.8401322795191568,2.373247372617662,0.5331150930985054,0.2115106074707493,0.04755215691709605,0.0,0
44703,4,2,1.8401322795191568,2.117690002400925,0.27755772288176805,0.17186301218687244,0.007904561633219204,0.0,0
44703,4,3,1.8401322795191568,2.036215171840277,0.1960828923211202,0.16395845055365324,0.0,0.0,0
44703,5,1,5.080815610628134,6.044323488983754,0.9635078783556201,0.26890716000718434,0.0,0.0,0
44703,5,2,5.080815610628134,5.45902692688106,0.3782113162529255,0.27473234672504016,0.0058251867178558125,0.0,0
44703,5,3,5.080815610628134,5.916883888098331,0.8360682774701971,0.28505432234694966,0.01614716233976532,0.0,0
44703,6,1,4.744469099688265,5.6457210990678375,0.9012519993795722,0.13095447510883945,0.0,0.0,0
44703,6,2,4.744469099688265,5.382338268956696,0.6378691692684306,0.14060307838330474,0.00964860327446529,0.0,0
44703,6,3,4.744469099688265,5.234659641282688,0.49019054159442277,0.13697945648018772,0.00602498137134827,0.0,0
44703,7,1,2.8407069077152207,4.288818725623306,1.4481118179080856,0.26437079039515476,0.0,0.0,0
44703,7,2,2.8407069077152207,3.323318835624369,0.4826119279091481,0.2728153230629945,0.008444532667839733,0.0,0
44703,7,3,2.8407069077152207,3.89450706000976,1.0538001522945395,0.2799658300450246,0.015595039649869857,0.0,0
44703,8,1,3.383370202967259,3.8763555952058666,0.4929853922386074,0.13118154466003734,0.01723501985506025,0.0,0
44703,8,2,3.383370202967259,3.7790264845023955,0.3956562815351363,0.11394652480497709,0.0,0.0,0
44703,8,3,3.383370202967259,3.7981540730467445,0.41478387007948525,0.11423785682574185,0.0002913320207647563,0.0,0
44703,9,1,36.27357092277475,36.4217451710562,0.14817424828144965,0.2486728045855901,0.0,0.0,0
44703,9,2,36.27357092277475,36.34035748007399,0.06678655729923832,0.2589365611775482,0.010263756591958106,0.0,0
44703,9,3,36.27357092277475,36.40994243373744,0.1363715109626895,0.2629071742785384,0.014234369692948279,0.0,0
44703,10,1,36.176358023105806,36.261931897888445,0.08557387478263934,0.18831474143234092,0.01273113928525213,0.0,0
44703,10,2,36.176358023105806,36.206748489947394,0.030390466841588193,0.17639331052307136,0.0008097083759825707,0.0,0
44703,10,3,36.176358023105806,36.26923577071,0.09287774760419154,0.1755836021470888,0.0,0.0,0
44703,11,1,36.21401491575911,36.370166867728386,0.156151951969278,0.11051899981088302,0.0,0.0,0
44703,11,2,36.21401491575911,36.346359989836465,0.13234507407735663,0.13649727150510182,0.025978271694218805,0.0,0
44703,11,3,36.21401491575911,36.282470244219006,0.06845532845989766,0.12400381705492133,0.013484817244038313,0.0,0
44703,12,1,1.996469024992581,2.6286635335659354,0.6321945085733545,0.2214807135723351,0.06143002449003282,0.16012072164774765,1
44703,12,2,1.996469024992581,2.535295484662215,0.5388264596696339,0.17585466144844863,0.015803972366146363,0.09986804806067656,1
44703,12,3,1.996469024992581,2.4842677318483384,0.48779870685575744,0.16005068908230227,0.0,0.0,0
44703,13,1,1.5880729010542418,1.8284727172272206,0.2403998161729788,0.12322221858951783,0.025649179428428648,0.17440586803174551,1
44703,13,2,1.5880729010542418,1.833455080737577,0.2453821796833351,0.09757303916108918,0.0,0.09986804806067656,1
44703,13,3,1.5880729010542418,2.186703661269982,0.5986307602157401,0.1167623572512364,0.01918931809014722,0.0,0
44703,14,1,2.272401579102042,2.6824314523737796,0.41002987327173734,0.12791668449731894,0.006953052841857751,0.1744058680317455,1
44703,14,2,2.272401579102042,2.615009261845408,0.34260768274336595,0.12414808903057807,0.0031844573751168836,0.09986804806067659,1
44703,14,3,2.272401579102042,2.631332211063987,0.35893063196194497,0.12096363165546119,0.0,0.0,0
44703,15,1,2.1814012332809796,2.524972425729083,0.3435711924481035,0.218328625953276,0.05381448035967562,0.0,0
44703,15,2,2.1814012332809796,2.488222988408773,0.3068217551277934,0.1766582956946657,0.012144150101065315,0.013323457184160559,1
44703,15,3,2.1814012332809796,2.4775826820317333,0.2961814487507537,0.1645141455936004,0.0,0.013323457184160559,1
44703,16,1,1.313047230027164,1.6514388300622034,0.3383916000350393,0.12393908098138648,0.02728144155006726,0.02094292773279033,1
44703,16,2,1.313047230027164,1.6250398156771753,0.3119925856500112,0.09665763943131922,0.0,0.0,0
44703,16,3,1.313047230027164,1.6464843926058301,0.33343716257866607,0.10730831616129467,0.010650676729975453,0.0,0
44703,17,1,2.4515726498339285,2.614083639896262,0.1625109900623336,0.13007248094993154,0.010052789293496442,0.02094292773279033,1
44703,17,2,2.4515726498339285,2.830516385745816,0.37894373591188746,0.12629663197107252,0.006276940314637422,0.0,0
44703,17,3,2.4515726498339285,2.734709525378347,0.2831368755444186,0.1200196916564351,0.0,0.0,0
44703,18,1,2.9149252402214985,3.481512908353533,0.5665876681320348,0.10086024954271501,0.013465482490030364,0.020942927732790315,1
44703,18,2,2.9149252402214985,3.49996140343483,0.5850361632133314,0.08739476705268465,0.0,0.0,0
44703,18,3,2.9149252402214985,3.4004913834131343,0.4855661431916358,0.08934712561765891,0.001952358564974263,0.0,0
44703,19,1,2.5181440177605525,2.7140145633134436,0.19587054555289107,0.22438468206493423,0.04066879981478913,0.0,0
44703,19,2,2.5181440177605525,2.81643246752056,0.29828844976000735,0.19383217110509443,0.010116288854949335,0.0,0
44703,19,3,2.5181440177605525,2.7460980426741295,0.22795402491357697,0.1837158822501451,0.0,0.0,0
44703,20,1,1.7049577201763928,1.8251426398733552,0.12018491969696243,0.16405740303830593,0.027992146193378697,0.0,0
44703,20,2,1.7049577201763928,1.9525105620346601,0.24755284185826731,0.13606525684492723,0.0,0.0,0
44703,20,3,1.7049577201763928,2.034842378698265,0.3298846585218722,0.14192644724906497,0.005861190404137739,0.0,0
44703,21,1,2.187333092161327,2.354258055013111,0.16692496285178393,0.12516826960209623,0.012569113910659,0.0,0
44703,21,2,2.187333092161327,2.480737876708404,0.29340478454707686,0.11259915569143723,0.0,0.0,0
44703,21,3,2.187333092161327,2.6198127358576686,0.4324796436963414,0.11852253931981466,0.005923383628377424,0.0,0
44703,22,1,3.0060607728916175,3.4058202668066464,0.39975949391502885,0.09976513437677063,0.00951078491053424,0.0,0
44703,22,2,3.0060607728916175,3.5254254127054545,0.519364639813837,0.0902543494662364,0.0,0.0,0
44703,22,3,3.0060607728916175,3.4612997772157463,0.4552390043241288,0.09059442210102023,0.00034007263478383343,0.0,0
44703,23,1,2.1691667307661233,2.771416688288334,0.6022499575222109,0.29060629025010964,0.03894818446970477,0.0,0
44703,23,2,2.1691667307661233,2.7396590475380442,0.5704923167719209,0.2516581057804049,0.0,0.0,0
44703,23,3,2.1691667307661233,3.0665206321157026,0.8973539013495793,0.2637209986794435,0.012062892899038613,0.0,0
44703,24,1,1.896610280680904,2.14849987639117,0.25188959571026603,0.18949380050674908,0.026004875270918326,0.0,0
44703,24,2,1.896610280680904,2.2319512903398087,0.3353410096589047,0.16348892523583075,0.0,0.0,0
44703,24,3,1.896610280680904,2.3548913355044467,0.45828105482354276,0.1657234491161926,0.002234523880361855,0.0,0
44703,25,1,1.8959140579656109,2.1227369374022595,0.2268228794366487,0.11813718269114343,0.022882628533226756,0.0,0
44703,25,2,1.8959140579656109,2.150075441893989,0.2541613839283783,0.09525455415791667,0.0,0.0,0
44703,25,3,1.8959140579656109,2.249457605555558,0.3535435475899473,0.10500905538946392,0.009754501231547252,0.0,0
44703,26,1,2.504688854877479,3.8079882567516266,1.3032994018741477,0.07135950658029466,0.0,0.0,0
44703,26,2,2.504688854877479,3.2177428216979678,0.7130539668204889,0.07487867518325814,0.003519168602963474,0.0,0
44703,26,3,2.504688854877479,3.1845696595885666,0.6798808047110878,0.07430917269386367,0.002949666113569005,0.0,0
44703,27,1,1.8244306090240925,2.595487168134715,0.7710565591106224,0.22002992002659288,0.004273410315251885,0.0,0
44703,27,2,1.8244306090240925,2.246706944742564,0.42227633571847134,0.215756509711341,0.0,0.0,0
44703,27,3,1.8244306090240925,2.4061125897850273,0.5816819807609348,0.21782996820288988,0.002073458491548885,0.0,0
44703,28,1,1.936588329998338,2.354536390480367,0.41794806048202915,0.1858684947368067,0.03402613587162079,0.0,0
44703,28,2,1.936588329998338,2.560505107187814,0.6239167771894762,0.17119078901887164,0.01934843015368573,0.0,0
44703,28,3,1.936588329998338,2.2672671118128145,0.3306787818144765,0.1518423588651859,0.0,0.0,0
44703,29,1,1.4608930885705163,1.6066564550745608,0.14576336650404453,0.12106597703598997,0.01522765415015244,0.0,0
44703,29,2,1.4608930885705163,1.6256299184986118,0.16473682992809557,0.10991673321048283,0.004078410324645301,0.0,0
44703,29,3,1.4608930885705163,1.5054452679289607,0.044552179358444466,0.10583832288583753,0.0,0.0,0
44703,30,1,48.04062798901079,48.11760727392914,0.07697928491835171,0.24738116918246733,0.013544213578199321,0.0,0
44703,30,2,48.04062798901079,48.087228200859,0.04660021184821517,0.233836955604268,0.0,0.0,0
44703,30,3,48.04062798901079,48.10025799665394,0.05963000764315041,0.24290955019393778,0.009072594589669775,0.0,0
44703,31,1,48.0627735924814,48.12161521453394,0.05884162205254029,0.21477595159684515,0.003154066534705985,0.0,0
44703,31,2,48.0627735924814,48.142035906015636,0.07926231353423674,0.22363780041279085,0.01201591535065169,0.0,0
44703,31,3,48.0627735924814,48.13705019525817,0.07427660277677006,0.21162188506213916,0.0,0.0,0
44703,32,1,47.90535570324735,47.9689123992208,0.06355669597344615,0.168587027758145,0.009179537651804931,0.0,0
44703,32,2,47.90535570324735,47.924346431814946,0.018990728567594317,0.16189978968543992,0.0024922995790998548,0.0,0
44703,32,3,47.90535570324735,47.9758279707343,0.07047226748694868,0.15940749010634006,0.0,0.0,0
44703,33,1,47.912468170586465,48.07892248008173,0.16645430949526485,0.07877534824006009,0.0,0.0,0
44703,33,2,47.912468170586465,48.09181651851216,0.17934834792569632,0.12670352643610755,0.04792817819604746,0.0,0
44703,33,3,47.912468170586465,47.99876932769772,0.08630115711125796,0.11150024239190784,0.03272489415184775,0.0,0
44703,34,1,2.3447009209800647,2.9489706198471644,0.6042696988670997,0.2217757002877161,0.06750691421977015,0.0,0
44703,34,2,2.3447009209800647,2.864477313339653,0.5197763923595882,0.17733433647089258,0.02306555040294664,0.0,0
44703,34,3,2.3447009209800647,2.8527181482459674,0.5080172272659027,0.15426878606794595,0.0,0.0,0
44703,35,1,1.1557320623253182,1.319841253979596,0.16410919165427784,0.11489504229085175,0.019144561692754872,0.0,0
44703,35,2,1.1557320623253182,1.3293260594657235,0.17359399714040524,0.09575048059809688,0.0,0.0,0
44703,35,3,1.1557320623253182,1.3515017404072147,0.1957696780818965,0.10422562502755062,0.00847514442945374,0.0,0
44703,36,1,1.5950197861310398,1.9557793804729193,0.36075959434187954,0.13051982228017175,0.023841358720581393,0.0,0
44703,36,2,1.5950197861310398,2.0271097446262774,0.43208995849523757,0.10923950512366423,0.002561041564073871,0.0,0
44703,36,3,1.5950197861310398,2.074599727427973,0.47957994129693327,0.10667846355959036,0.0,0.0,0
44703,37,1,2.509231977380245,2.806111624826749,0.2968796474465041,0.10198615788484422,0.012876295774853705,0.0,0
44703,37,2,2.509231977380245,3.0074457751859383,0.4982137978056933,0.08910986210999051,0.0,0.0,0
44703,37,3,2.509231977380245,2.899706244366708,0.3904742669864629,0.09121373733486951,0.0021038752248789955,0.0,0
44703,38,1,3.4880648609841316,4.366784114411496,0.8787192534273647,0.23868143623516216,0.006319216840040692,0.06134977409247097,1
44703,38,2,3.4880648609841316,4.546786704932947,1.058721843948815,0.24341742462108193,0.011055205225960457,0.0,0
44703,38,3,3.4880648609841316,3.9019318640202068,0.41386700303607515,0.23236221939512147,0.0,0.0,0
44703,39,1,1.90422750843804,2.331981719897443,0.42775421145940284,0.21125031849198245,0.03446443317612613,0.061349774092470985,1
44703,39,2,1.90422750843804,2.9124647837416466,1.0082372753036066,0.20550132852243372,0.0287154432065774,0.0,0
44703,39,3,1.90422750843804,2.2547946536340056,0.35056714519596555,0.17678588531585632,0.0,0.0,0
44703,40,1,2.128008548117273,2.5789807025439813,0.45097215442670846,0.11702057904556369,0.024131715817071547,0.06134977409247098,1
44703,40,2,2.128008548117273,2.6236272838497596,0.4956187357324868,0.09288886322849214,0.0,0.0,0
44703,40,3,2.128008548117273,2.7180797899582556,0.5900712418409828,0.10785427181716775,0.014965408588675608,0.0,0
44703,41,1,2.227920969106134,2.486612948953423,0.25869197984728887,0.30483721884486537,0.05124431573231186,0.06922631050993683,1
44703,41,2,2.227920969106134,2.5396603848146997,0.31173941570856556,0.2545589577533408,0.0009660546407873061,0.0,0
44703,41,3,2.227920969106134,2.4216582844284265,0.19373731532229232,0.2535929031125535,0.0,0.0,0
44703,42,1,1.5594779023323864,1.8204664654010982,0.2609885630687119,0.20460792021321444,0.030717357769194376,0.06922631050993688,1
44703,42,2,1.5594779023323864,2.0170303609096196,0.45755245857723326,0.17508084409572366,0.0011902816517035952,0.0,0
44703,42,3,1.5594779023323864,1.955937088234494,0.3964591859021076,0.17389056244402007,0.0,0.0,0
44703,43,1,1.5012933263359431,1.7687705538893428,0.26747722755339964,0.12672063808363437,0.028435894607036744,0.06922631050993686,1
44703,43,2,1.5012933263359431,1.9620980284619278,0.4608047021259847,0.09828474347659763,0.0,0.0,0
44703,43,3,1.5012933263359431,1.980255068705881,0.47896174236993794,0.10559275122605313,0.007308007749455503,0.0,0
44703,44,1,2.340132343957973,3.4817861875827587,1.1416538436247858,0.08681634420419342,0.0,0.06922631050993687,1
44703,44,2,2.340132343957973,2.8087718124313916,0.46863946847341875,0.08844707675771218,0.0016307325535187683,0.0,0
44703,44,3,2.340132343957973,3.0622679538639,0.7221356099059273,0.0912647073417189,0.004448363137525488,0.0,0
44703,45,1,1.9825545858345404,4.1160010266779965,2.133446440843456,0.24884776098855654,0.009046396816573848,0.05939631814241053,1
44703,45,2,1.9825545858345404,2.78748411098671,0.8049295251521698,0.2398013641719827,0.0,0.0,0
44703,45,3,1.9825545858345404,5.52219298637208,3.539638400537539,0.29719659565094725,0.05739523147896455,0.0,0
44703,46,1,1.9823109113755333,4.057592148463892,2.075281237088359,0.1504173441132461,0.000757257553026025,0.05939631814241053,1
44703,46,2,1.9823109113755333,2.721012366958539,0.7387014555830058,0.14966008656022006,0.0,0.0,0
44703,46,3,1.9823109113755333,6.4538092358062995,4.471498324430766,0.22759632450095554,0.07793623794073548,0.0,0
44703,47,1,2.623563284060274,4.59568189550769,1.9721186114474163,0.16760287010426708,0.0,0.0,0
44703,47,2,2.623563284060274,3.4058907893985504,0.7823275053382766,0.17151012673777147,0.003907256633504386,0.010243172965481884,1
44703,47,3,2.623563284060274,7.272993001704836,4.649429717644562,0.2536037863066379,0.0860009162023708,0.016897723015859456,1
44703,48,1,3.433120831819346,6.645033210732157,3.211912378912811,0.11243982275783057,0.0,0.0,0
44703,48,2,3.433120831819346,4.932012433377473,1.4988916015581268,0.16727023279995887,0.0548304100421283,0.006654550050377572,1
44703,48,3,3.433120831819346,11.818559885783529,8.385439053964182,0.2696955093188308,0.15725568656100022,0.02031555891579484,1
44703,49,1,1.4484949014373716,1.678401053576491,0.22990615213911947,0.22510885106126322,0.020346903716091547,0.0,0
44703,49,2,1.4484949014373716,1.679407557963419,0.2309126565260473,0.20476194734517167,0.0,0.0,0
44703,49,3,1.4484949014373716,1.8614704554711707,0.41297555403379915,0.2163243520186594,0.011562404673487736,0.0,0
44703,50,1,8.19240855242941,8.768003790024238,0.575595237594829,0.22652388233216192,0.060053453906627585,0.0,0
44703,50,2,8.19240855242941,8.402922331505438,0.2105137790760292,0.18308984312114962,0.016619414695615287,0.0,0
44703,50,3,8.19240855242941,8.420658562652307,0.22825001022289726,0.16647042842553433,0.0,0.0,0
44703,51,1,1.1903766342411266,1.317922820862902,0.1275461866217753,0.12412624259978963,0.008558329968316944,0.0,0
44703,51,2,1.1903766342411266,1.657036939430943,0.4666603051898164,0.12080693048613658,0.005239017854663894,0.0,0
44703,51,3,1.1903766342411266,1.5168038984652192,0.32642726422409263,0.11556791263147269,0.0,0.0,0
44703,52,1,8.575909188574057,8.906558925766486,0.33064973719242907,0.2520167481759196,0.00696576491514897,0.0,0
44703,52,2,8.575909188574057,8.85236332357566,0.2764541350016021,0.24505098326077066,0.0,0.0,0
44703,52,3,8.575909188574057,9.064840688961556,0.48893150038749944,0.25746872709616325,0.012417743835392597,0.0,0
44703,53,1,8.367772823408604,8.979657942908883,0.611885119500279,0.11467634017161107,0.0,0.0,0
44703,53,2,8.367772823408604,8.790377744974007,0.4226049215654033,0.1282993485467106,0.013623008375099527,0.0,0
44703,53,3,8.367772823408604,8.697806029686802,0.3300332062781983,0.12500712055353674,0.01033078038192567,0.0,0
44703,54,1,3.0427823251129107,3.418268251174271,0.37548592606136033,0.2259463336309409,0.010104082785232865,0.08373482175341274,1
44703,54,2,3.0427823251129107,3.6131732167209414,0.5703908916080307,0.22320934092532835,0.007367090079620303,0.0,0
44703,54,3,3.0427823251129107,3.355253029206318,0.3124707040934074,0.21584225084570804,0.0,0.0,0
44703,55,1,2.084988382741983,2.3543283615091655,0.2693399787671824,0.2114064367753323,0.05024332482072347,0.08373482175341276,1
44703,55,2,2.084988382741983,2.431549627893458,0.346561245151475,0.18284125343835675,0.021678141483747915,0.0,0
44703,55,3,2.084988382741983,2.292749244358391,0.20776086161640794,0.16116311195460883,0.0,0.0,0
44703,56,1,2.238822919064174,2.5981291288274493,0.3593062097632753,0.11096272710165583,0.016219171847247443,0.08373482175341275,1
44703,56,2,2.238822919064174,2.888794223611316,0.649971304547142,0.09474355525440839,0.0,0.0,0
44703,56,3,2.238822919064174,3.040968592036882,0.8021456729727081,0.11071393517638324,0.01597037992197485,0.0,0
44703,57,1,3.402342764579088,3.870943778161751,0.46860101358266304,0.23463015765158676,0.015159931785464403,0.03969802469196132,1
44703,57,2,3.402342764579088,3.8624358224678574,0.4600930578887694,0.21947022586612236,0.0,0.03703034991198628,1
44703,57,3,3.402342764579088,4.139485409669464,0.7371426450903762,0.2284115765194331,0.008941350653310753,0.0,0
44703,58,1,5.488199788471902,5.804774351643656,0.3165745631717538,0.10576412794339322,0.008164778965039268,0.037030349911986296,1
44703,58,2,5.488199788471902,5.642219283071448,0.15401949459954611,0.09759934897835396,0.0,0.0,0
44703,58,3,5.488199788471902,6.042453669949274,0.5542538814773721,0.10888041795022244,0.01128106897186848,0.0,0
44703,59,1,2.394607229045101,3.053861340393855,0.659254111348754,0.18848854755721833,0.04982586227908767,0.011305414614125375,1
44703,59,2,2.394607229045101,2.7164753247489424,0.32186809570384156,0.14693940181257784,0.00827671653444717,0.0,0
44703,59,3,2.394607229045101,2.734639893981883,0.34003266493678197,0.13866268527813067,0.0,0.0030697695000244107,0
44703,60,1,2.373923349757812,2.857166350510051,0.483243000752239,0.11769730729469799,0.014509753249121932,0.009429112590440714,1
44703,60,2,2.373923349757812,2.5937341392455515,0.21981078948773947,0.10318755404557606,0.0,0.012498882090465124,1
44703,60,3,2.373923349757812,3.040198301898515,0.6662749521407028,0.12098714927081324,0.017799595225237178,0.0,0
44703,61,1,1.9397374152219231,2.214172418948044,0.27443500372612073,0.19230497362363128,0.023609762514085614,0.0,0
44703,61,2,1.9397374152219231,2.2556691183060122,0.31593170308408913,0.16869521110954566,0.0,0.0,0
44703,61,3,1.9397374152219231,2.3588688754947458,0.41913146027282266,0.16975232716507924,0.0010571160555335746,0.0,0
44703,62,1,1.684620010836642,2.1641428975892887,0.47952288675264665,0.22216997517760648,0.057338055099999896,0.06534615794364063,1
44703,62,2,1.684620010836642,2.432390146018789,0.7477701351821469,0.1960610435713322,0.031229123493725613,0.0,0
44703,62,3,1.684620010836642,2.0838260178778802,0.3992060070412382,0.16483192007760658,0.0,0.0,0
44703,63,1,1.615730394234522,2.130610371918167,0.5148799776836448,0.18651136849471456,0.0564609873216419,0.06534615794364063,1
44703,63,2,1.615730394234522,1.9435563899110782,0.3278259956765561,0.14461478394367902,0.01456440277060636,0.0,0
44703,63,3,1.615730394234522,1.9680548599729863,0.3523244657384643,0.13005038117307266,0.0,0.0,0
44703,64,1,2.218370704294961,3.3978207016845294,1.1794499973895682,0.0948129737990918,0.0,0.06534615794364063,1
44703,64,2,2.218370704294961,3.4218072317988906,1.2034365275039294,0.10405038875788704,0.009237414958795237,0.0,0
44703,64,3,2.218370704294961,2.6635474909799,0.445176786684939,0.10372726601391422,0.008914292214822414,0.0,0
44703,65,1,1.6972872503516712,2.258334131750824,0.5610468813991529,0.2608217327782875,0.027784045096409943,0.06638739354561266,1
44703,65,2,1.6972872503516712,2.594843474001983,0.8975562236503118,0.23303768768187758,0.0,0.0,0
44703,65,3,1.6972872503516712,2.5714024016699413,0.8741151513182701,0.23733565051362857,0.00429796283175099,0.0,0
44703,66,1,2.9693651117033304,3.2200033349874473,0.2506382232841169,0.11536650637878894,0.018454537571245655,0.06638739354561266,1
44703,66,2,2.9693651117033304,3.279857647300511,0.3104925355971808,0.09691196880754328,0.0,0.0,0
44703,66,3,2.9693651117033304,3.4705758017601354,0.501210690056805,0.10804831147323543,0.011136342665692148,0.0,0
44703,67,1,17.55823236897387,17.72073621444114,0.16250384546727048,0.23544872705150327,0.029420493974571416,0.0,0
44703,67,2,17.55823236897387,17.66304680130188,0.10481443232801269,0.20602823307693185,0.0,0.033253700266223235,1
44703,67,3,17.55823236897387,17.7477826785856,0.18955030961173236,0.22395190650569044,0.017923673428758585,0.04227067442003141,1
44703,68,1,14.084006826666613,14.206610843154252,0.12260401648763875,0.1811928635374063,0.024784051275413554,0.0,0
44703,68,2,14.084006826666613,14.13154968853343,0.04754286186681789,0.15640881226199274,0.0,0.009016974153808179,1
44703,68,3,14.084006826666613,14.242717254165026,0.1587104274984128,0.15653771769296682,0.00012890543097407448,0.009016974153808179,1
44703,69,1,13.575819139916558,13.773084689770249,0.19726554985369127,0.2349834462205013,0.027438218734062908,0.0,0
44703,69,2,13.575819139916558,13.711690393828718,0.13587125391216048,0.2075452274864384,0.0,0.04767993355959393,1
44703,69,3,13.575819139916558,13.816597229392368,0.24077808947581048,0.22431805966686819,0.016772832180429798,0.06226048265711396,1
44703,70,1,13.973507518322325,14.101352128319453,0.127844609997128,0.18539210694144012,0.025925451615708084,0.0,0
44703,70,2,13.973507518322325,14.028023177172216,0.054515658849890514,0.15946665532573204,0.0,0.014580549097520028,1
44703,70,3,13.973507518322325,14.091621076487153,0.11811355816482738,0.16686915280999567,0.007402497484263637,0.014580549097520028,1
44703,71,1,11.750527293729963,11.969269972449942,0.21874267871997866,0.19654063851054027,0.014503423121162484,0.005234910895177261,1
44703,71,2,11.750527293729963,11.865886138405079,0.11535884467511615,0.18203721538937778,0.0,0.0,0
44703,71,3,11.750527293729963,12.230840912259834,0.48031361852987153,0.2169423350457281,0.03490511965635032,0.0,0
44703,72,1,13.718576988384768,14.150057896515156,0.4314809081303874,0.2720795956462334,0.05419671753758093,0.0,0
44703,72,2,13.718576988384768,13.921113572350615,0.20253658396584662,0.21788287810865248,0.0,0.010062275794699566,1
44703,72,3,13.718576988384768,13.98311528804324,0.2645382996584722,0.23834876925674134,0.02046589114808886,0.010062275794699566,1
44704,0,1,3.2580198296699776,4.956908672197431,1.6988888425274538,0.16860058967355074,0.0,0.0412441768028155,1
44704,0,2,3.2580198296699776,3.922925284727428,0.6649054550574505,0.18539400795473657,0.01679341828118583,0.0,0
44704,0,3,3.2580198296699776,7.725396081333943,4.467376251663966,0.2599022598971084,0.09130167022355767,0.0,0
44704,1,1,2.014687885564239,4.342795816845916,2.328107931281677,0.21628326044918228,0.0,0.0,0
44704,1,2,2.014687885564239,3.267890620713847,1.2532027351496078,0.24059606222614094,0.02431280177695866,0.0,0
44704,1,3,2.014687885564239,7.094136974055675,5.079449088491436,0.307814670708861,0.0915314102596787,0.0,0
44704,2,1,4.980743682675391,6.023191836527551,1.0424481538521597,0.2754174597601236,0.0,0.0,0
44704,2,2,4.980743682675391,5.285995801434586,0.3052521187591948,0.2759978201011409,0.000580360341017272,0.0,0
44704,2,3,4.980743682675391,5.77295483748419,0.7922111548087987,0.28136910241382584,0.005951642653702238,0.0,0
44704,3,1,4.73013929513551,5.754780932348397,1.0246416372128868,0.13126391655072056,0.0,0.0,0
44704,3,2,4.73013929513551,5.732163689725018,1.0020243945895082,0.140594730024442,0.009330813473721444,0.0,0
44704,3,3,4.73013929513551,5.273833623976153,0.5436943288406431,0.13957903825298223,0.008315121702261674,0.0,0
44704,4,1,2.6445033425554882,3.342302452806396,0.6977991102509078,0.28123563462659884,0.006521902037773586,0.0,0
44704,4,2,2.6445033425554882,3.0937358827587396,0.4492325402032513,0.27471373258882525,0.0,0.0,0
44704,4,3,2.6445033425554882,3.4087953092111825,0.7642919666556942,0.2777449839798174,0.00303125139099214,0.0,0
44704,5,1,3.9265243746633773,4.165045631092118,0.2385212564287409,0.16275742377558602,0.0173424285830992,0.0,0
44704,5,2,3.9265243746633773,4.18877227412425,0.26224789946087235,0.14541499519248682,0.0,0.0,0
44704,5,3,3.9265243746633773,4.152589928216519,0.22606555355314129,0.14667012691106154,0.0012551317185747202,0.0,0
44704,6,1,35.4526178223244,35.53279955716301,0.08018173483861091,0.26004602085942835,0.002689923631936042,0.0,0
44704,6,2,35.4526178223244,35.501594283666634,0.04897646134223521,0.2573560972274923,0.0,0.0,0
44704,6,3,35.4526178223244,35.555888193174965,0.10327037085056645,0.2667512683184837,0.009395171090991417,0.0,0
44704,7,1,35.346439547051354,35.41345496853055,0.06701542147919781,0.18677287702059062,0.014415984592958231,0.0,0
44704,7,2,35.346439547051354,35.37670903404823,0.030269486996878925,0.17624925670212,0.0038923642744876086,0.0,0
44704,7,3,35.346439547051354,35.467446402025836,0.12100685497448183,0.17235689242763239,0.0,0.0,0
44704,8,1,35.41235460261259,35.503800210675955,0.09144560806336699,0.09158994537836707,0.00707699568440745,0.0,0
44704,8,2,35.41235460261259,35.58670411639103,0.174349513778445,0.09214927929415426,0.007636329600194641,0.0,0
44704,8,3,35.41235460261259,35.570030413165206,0.15767581055261815,0.08451294969395962,0.0,0.0,0
44704,9,1,2.0510939657932483,2.606432960109811,0.5553389943165628,0.2204624702369679,0.03575835366394936,0.17697237542510202,1
44704,9,2,2.0510939657932483,2.9179283732163936,0.8668344074231453,0.20436962932127886,0.01966551274826031,0.10184160311613139,1
44704,9,3,2.0510939657932483,2.598329143949927,0.5472351781566789,0.18470411657301855,0.0,0.0,0
44704,10,1,1.574150195211864,2.3637443501775057,0.7895941549656418,0.13560091688428183,0.00681044757980398,0.17697237542510202,1
44704,10,2,1.574150195211864,1.788211022842119,0.21406082763025513,0.12879046930447785,0.0,0.10184160311613133,1
44704,10,3,1.574150195211864,2.5117604530502717,0.9376102578384078,0.16325009010400113,0.03445962079952328,0.0,0
44704,11,1,2.3812560698388046,3.1562347116381724,0.7749786417993678,0.12778752678069139,0.0,0.17697237542510202,1
44704,11,2,2.3812560698388046,2.8360643945421846,0.45480832470338006,0.13425946376446182,0.006471936983770438,0.10184160311613134,1
44704,11,3,2.3812560698388046,3.316053968941304,0.9347978991024997,0.15259940442558645,0.024811877644895064,0.0,0
44704,12,1,2.3071930558940057,2.802002412301693,0.4948093564076874,0.22778609675718212,0.04560784920053179,0.01948241024580194,1
44704,12,2,2.3071930558940057,2.990885076155783,0.6836920202617773,0.20767519082900823,0.025496943272357908,0.0,0
44704,12,3,2.3071930558940057,2.781782507793536,0.47458945189953017,0.18217824755665032,0.0,0.0,0
44704,13,1,1.54876109754446,1.8136650393490334,0.26490394180457355,0.1356772218963554,0.021793751296531577,0.019482410245801884,1
44704,13,2,1.54876109754446,1.7497521847075368,0.2009910871630769,0.11388347059982382,0.0,0.0,0
44704,13,3,1.54876109754446,1.9915387645097027,0.4427776669652428,0.12954645618210628,0.015662985582282463,0.0,0
44704,14,1,2.704865879633893,3.026262749796496,0.3213968701626029,0.16166523700521565,0.021813270056435324,0.019482410245801912,1
44704,14,2,2.704865879633893,2.9316638155837613,0.2267979359498682,0.13985196694878033,0.0,0.0,0
44704,14,3,2.704865879633893,2.998194815366233,0.29332893573233987,0.14382414111818206,0.003972174169401738,0.0,0
44704,15,1,2.9265040146678194,3.4553422761140524,0.528838261446233,0.11363563989595395,0.005888334406792456,0.019482410245801926,1
44704,15,2,2.9265040146678194,3.1999505963883865,0.27344658172056713,0.10774730548916149,0.0,0.0,0
44704,15,3,2.9265040146678194,3.455227102648565,0.5287230879807456,0.12574010363730953,0.01799279814814804,0.0,0
44704,16,1,2.2979676499831845,2.5995381010033793,0.30157045102019486,0.22800016492476632,0.036052228669803565,0.09284365759470342,1
44704,16,2,2.2979676499831845,2.625634354746259,0.32766670476307436,0.2042968035189379,0.012348867263975133,0.0,0
44704,16,3,2.2979676499831845,2.5302655048919123,0.23229785490872779,0.19194793625496276,0.0,0.0,0
44704,17,1,1.5971338137855549,2.480707076656397,0.8835732628708421,0.16967827411911057,0.0,0.09284365759470342,1
44704,17,2,1.5971338137855549,1.753832271347336,0.15669845756178113,0.17541686920435373,0.005738595085243159,0.0,0
44704,17,3,1.5971338137855549,2.3553093393342546,0.7581755255486997,0.2061787367134936,0.036500462594383026,0.0,0
44704,18,1,1.9463630919531323,2.4258207849650435,0.4794576930119112,0.1262191687170551,0.0190338063371904,0.09284365759470341,1
44704,18,2,1.9463630919531323,2.170686365922805,0.22432327396967255,0.1071853623798647,0.0,0.0,0
44704,18,3,1.9463630919531323,2.671125914218524,0.7247628222653917,0.11925558979240619,0.01207022741254149,0.0,0
44704,19,1,3.0671535771168483,3.693788656290335,0.6266350791734867,0.1100718782098237,0.012595033935712069,0.09284365759470341,1
44704,19,2,3.0671535771168483,3.2129016674079063,0.14574809029105795,0.09747684427411163,0.0,0.0,0
44704,19,3,3.0671535771168483,3.588169413964374,0.5210158368475257,0.09811313877201391,0.0006362944979022844,0.0,0
44704,20,1,2.2890396692268977,2.3912679866633373,0.10222831743643956,0.29693058025209373,0.039681994163789425,0.0,0
44704,20,2,2.2890396692268977,2.790790897531036,0.5017512283041383,0.2572485860883043,0.0,0.0,0
44704,20,3,2.2890396692268977,2.680138394527117,0.3910987253002194,0.2626976119161499,0.005449025827845566,0.0,0
44704,21,1,1.7201179074715232,1.9771384913231238,0.25702058385160065,0.2046331633226293,0.028296372378152412,0.0,0
44704,21,2,1.7201179074715232,1.9511159502616966,0.23099804279017344,0.1781985633952086,0.0018617724507317135,0.0,0
44704,21,3,1.7201179074715232,1.873055291525462,0.15293738405393875,0.17633679094447688,0.0,0.0,0
44704,22,1,1.8426285216975686,2.1543573555259705,0.3117288338284019,0.1214774733058788,0.01466432824924399,0.0,0
44704,22,2,1.8426285216975686,2.1614446793847284,0.31881615768715976,0.1068131450566348,0.0,0.0,0
44704,22,3,1.8426285216975686,2.4713538665980033,0.6287253449004346,0.1190808521173145,0.0122677070606797,0.0,0
44704,23,1,2.3791917135340257,2.918244688334842,0.5390529748008164,0.08124036762778557,0.015843730119896746,0.0,0
44704,23,2,2.3791917135340257,2.78919788945724,0.4100061759232143,0.06688979240085932,0.0014931548929704996,0.0,0
44704,23,3,2.3791917135340257,3.031174010238522,0.6519822967044964,0.06539663750788882,0.0,0.0,0
44704,24,1,1.8479357723624044,2.2183314421384828,0.3703956697760784,0.22757484553437468,0.01529136962366387,0.0,0
44704,24,2,1.8479357723624044,2.2413584010265977,0.3934226286641933,0.21829592200856412,0.006012446097853313,0.0,0
44704,24,3,1.8479357723624044,2.155520525881907,0.30758475351950265,0.2122834759107108,0.0,0.0,0
44704,25,1,1.8532638542979132,2.2076389974446875,0.3543751431467743,0.19222275186436388,0.03007413568217765,0.0,0
44704,25,2,1.8532638542979132,2.4589441587994156,0.6056803045015025,0.1781071168456246,0.015958500663438374,0.0,0
44704,25,3,1.8532638542979132,2.263633503359714,0.41036964906180073,0.16214861618218623,0.0,0.0,0
44704,26,1,1.5434094648575922,1.9611624549375708,0.41775299007997857,0.146656250400812,0.019143805845912992,0.0,0
44704,26,2,1.5434094648575922,1.7405232925069107,0.1971138276493185,0.12751244455489902,0.0,0.0,0
44704,26,3,1.5434094648575922,2.0670546213267755,0.5236451564691833,0.13262786408522997,0.005115419530330956,0.0,0
44704,27,1,46.95242595772981,47.003474619718226,0.05104866198841762,0.23857806789476493,0.010557614100073442,0.0,0
44704,27,2,46.95242595772981,46.978702132479995,0.026276174750186954,0.2280204537946915,0.0,0.0,0
44704,27,3,46.95242595772981,46.99770473322921,0.045278775499404844,0.2352868518734447,0.007266398078753206,0.0,0
44704,28,1,46.983182565126015,47.02215917733601,0.03897661220999282,0.22524728970120178,0.0018944348480091633,0.0,0
44704,28,2,46.983182565126015,47.00841034544644,0.02522778032042794,0.22335285485319262,0.0,0.0,0
44704,28,3,46.983182565126015,47.0497355835729,0.0665530184468821,0.2257431109787188,0.00239025612552618,0.0,0
44704,29,1,46.82530060417268,46.96084531893346,0.13554471476077623,0.17566714873417125,0.0,0.0,0
44704,29,2,46.82530060417268,46.86608522208279,0.04078461791010568,0.19251316956716993,0.016846020832998687,0.0,0
44704,29,3,46.82530060417268,47.029244224846344,0.20394362067366245,0.22132305619179118,0.04565590745761994,0.0,0
44704,30,1,46.81525280282507,46.957160352796954,0.14190754997188293,0.07612404899132737,0.0,0.0,0
44704,30,2,46.81525280282507,46.96273988971684,0.14748708689177192,0.08900546131691506,0.01288141232558769,0.0,0
44704,30,3,46.81525280282507,46.899845022121845,0.08459221929677341,0.0806512384541904,0.004527189462863027,0.0,0
44704,31,1,2.2379468320610956,2.6477998940155847,0.4098530619544891,0.22988654377209475,0.025644426045304203,0.06952685864177643,1
44704,31,2,2.2379468320610956,2.5545894494425494,0.31664261738145383,0.2064763027884688,0.0022341850616782455,0.0,0
44704,31,3,2.2379468320610956,2.4633584878453254,0.22541165578422984,0.20424211772679055,0.0,0.0,0
44704,32,1,1.072212995823851,1.7471257714189317,0.6749127755950806,0.13335231605194772,0.012657098615079757,0.06952685864177646,1
44704,32,2,1.072212995823851,1.3880329270466325,0.3158199312227814,0.12069521743686797,0.0,0.0,0
44704,32,3,1.072212995823851,1.6682321804219413,0.5960191845980902,0.15243950518155305,0.03174428774468509,0.0,0
44704,33,1,1.577804278744734,2.3983040253883767,0.8204997466436428,0.13774770445071338,0.008937808076182496,0.06952685864177649,1
44704,33,2,1.577804278744734,1.7407113869816986,0.16290710823696464,0.12880989637453089,0.0,0.0,0
44704,33,3,1.577804278744734,2.2951295305643606,0.7173252518196267,0.14064137504873753,0.011831478674206641,0.0,0
44704,34,1,2.842021693880825,3.252771875130511,0.41075018124968565,0.12153919565520785,0.0043794694707234155,0.06952685864177649,1
44704,34,2,2.842021693880825,3.0539770976992187,0.2119554038183935,0.11715972618448443,0.0,0.0,0
44704,34,3,2.842021693880825,3.3549659167749253,0.5129442228941001,0.13808797915524945,0.02092825297076502,0.0,0
44704,35,1,3.960223752072931,4.261541679199256,0.3013179271263251,0.2626395469940978,0.02412960360489183,0.0640655927873989,1
44704,35,2,3.960223752072931,4.234580437605468,0.27435668553253656,0.2485425912502576,0.010032647861051625,0.0,0
44704,35,3,3.960223752072931,4.1882036673156575,0.22797991524272643,0.23850994338920598,0.0,0.0,0
44704,36,1,2.2129344182567334,2.5511938256394275,0.3382594073826941,0.23378203577387066,0.033180721485695064,0.06406559278739887,1
44704,36,2,2.2129344182567334,2.6364233337155105,0.4234889154587771,0.2145320046518928,0.01393069036371719,0.0,0
44704,36,3,2.2129344182567334,2.5251732292779545,0.3122388110212211,0.2006013142881756,0.0,0.0,0
44704,37,1,1.8754271321804006,2.6309980258142707,0.7555708936338701,0.1195476059256975,0.02351751385232473,0.06406559278739887,1
44704,37,2,1.8754271321804006,2.4152036708290616,0.539776538648661,0.09603009207337278,0.0,0.0,0
44704,37,3,1.8754271321804006,2.862242323152531,0.9868151909721306,0.118553755999797,0.02252366392642423,0.0,0
44704,38,1,2.3181540809940406,3.189071045196262,0.8709169642022214,0.32060643170728675,0.06045348548169904,0.06846805676923506,1
44704,38,2,2.3181540809940406,2.8397978895327247,0.5216438085386841,0.2601529462255877,0.0,0.0,0
44704,38,3,2.3181540809940406,2.719760295397532,0.40160621440349153,0.26818337493195754,0.00803042870636983,0.0,0
44704,39,1,1.538772828635739,1.9812555236946232,0.44248269505888427,0.1958822194356373,0.01581380386141762,0.06846805676923506,1
44704,39,2,1.538772828635739,1.7883583252874762,0.24958549665173724,0.1805907742527481,0.0005223586785284284,0.0,0
44704,39,3,1.538772828635739,2.0308137605183254,0.49204093188258646,0.18006841557421968,0.0,0.0,0
44704,40,1,1.9493687594460831,2.257274907742133,0.3079061482960497,0.12434425368900641,0.021523954823925467,0.06846805676923505,1
44704,40,2,1.9493687594460831,2.254790374020776,0.30542161457469286,0.10282029886508094,0.0,0.0,0
44704,40,3,1.9493687594460831,2.519699218955911,0.5703304595098277,0.1124558891335309,0.009635590268449956,0.0,0
44704,41,1,2.132781112912478,2.947888979397706,0.8151078664852278,0.09719667872925153,0.0014079718939662283,0.06846805676923506,1
44704,41,2,2.132781112912478,2.3485235165977594,0.2157424036852813,0.0957887068352853,0.0,0.0,0
44704,41,3,2.132781112912478,2.6157746331859615,0.4829935202734834,0.09724864714722861,0.0014599403119433113,0.0,0
44704,42,1,1.9835029073088708,3.407598357335437,1.4240954500265661,0.23096915241183036,0.0,0.0,0
44704,42,2,1.9835029073088708,2.5880648714401246,0.6045619641312538,0.24030680950104477,0.009337657089214413,0.0,0
44704,42,3,1.9835029073088708,4.598496597885697,2.6149936905768265,0.28771058809712685,0.05674143568529649,0.0,0
44704,43,1,2.0392476371658472,5.194575155690403,3.155327518524556,0.15971294775275818,0.0,0.0,0
44704,43,2,2.0392476371658472,3.77652533923442,1.7372777020685728,0.18942503855785983,0.02971209080510165,0.0,0
44704,43,3,2.0392476371658472,10.175318699863125,8.136071062697278,0.2850269116114055,0.1253139638586473,0.0,0
44704,44,1,2.5731455056351438,5.3769205173234464,2.8037750116883027,0.15223419666642007,0.0,0.0,0
44704,44,2,2.5731455056351438,4.0139087460174006,1.4407632403822568,0.17745182349518138,0.025217626828761303,0.009720023668616962,1
44704,44,3,2.5731455056351438,10.333249182030627,7.760103676395484,0.27372640435281814,0.12149220768639807,0.015722984473071522,1
44704,45,1,3.21031187097772,8.161231192647051,4.950919321669331,0.10567312061579412,0.0,0.0,0
44704,45,2,3.21031187097772,6.424777395825572,3.214465524847852,0.17243337916129683,0.06676025854550272,0.006002960804454616,1
44704,45,3,3.21031187097772,15.519772259420458,12.309460388442737,0.2840851093904452,0.17841198877465106,0.018920525096818935,1
44704,46,1,1.508176456897289,1.9970150078359736,0.48883855093868456,0.2147102191247646,0.011117066455012675,0.0,0
44704,46,2,1.508176456897289,1.7747096382973904,0.2665331814001013,0.20359315266975192,0.0,0.0,0
44704,46,3,1.508176456897289,2.1206779657078934,0.6125015088106043,0.20774788932140356,0.0041547366516516415,0.0,0
44704,47,1,9.586794153673392,10.143983401454017,0.5571892477806255,0.2798179935284325,0.008985348372537505,0.0,0
44704,47,2,9.586794153673392,9.947918649659812,0.36112449598642016,0.270832645155895,0.0,0.0,0
44704,47,3,9.586794153673392,10.335263336846117,0.748469183172725,0.28573075284129856,0.014898107685403561,0.0,0
44704,48,1,1.2499229953431121,1.6625006958095476,0.4125777004664355,0.12732155939122183,0.018549387249693017,0.0,0
44704,48,2,1.2499229953431121,1.785364106899813,0.5354411115567008,0.11165041183794307,0.0028782396964142504,0.0,0
44704,48,3,1.2499229953431121,2.0085560474684376,0.7586330521253255,0.10877217214152882,0.0,0.0,0
44704,49,1,8.405853006849572,8.633770865472083,0.22791785862251146,0.25613939982904177,0.009024075487515354,0.0,0
44704,49,2,8.405853006849572,8.562760305726998,0.15690729887742627,0.24711532434152642,0.0,0.0,0
44704,49,3,8.405853006849572,8.724325112182594,0.31847210533302217,0.2549541344938592,0.007838810152332759,0.0,0
44704,50,1,8.235701014725587,8.872326942926751,0.6366259282011644,0.11755635905581141,0.0,0.0,0
44704,50,2,8.235701014725587,8.458425394184562,0.22272437945897572,0.11791032839757966,0.00035396934176824824,0.0,0
44704,50,3,8.235701014725587,8.70948321564567,0.47378220092008405,0.12018124596788235,0.0026248869120709395,0.0,0
44704,51,1,3.150742394873825,3.972329069893013,0.821586675019188,0.22890335073831844,0.005328964441937839,0.08507831075942962,1
44704,51,2,3.150742394873825,3.5691159780029054,0.41837358312908046,0.22836684945457614,0.004792463158195537,0.0,0
44704,51,3,3.150742394873825,3.2888749971976194,0.13813260232379454,0.2235743862963806,0.0,0.0,0
44704,52,1,2.231200152659707,2.7319345459364333,0.5007343932767263,0.2087253295983499,0.013236551241440686,0.08507831075942963,1
44704,52,2,2.231200152659707,2.7352805803082982,0.5040804276485913,0.20816848370397575,0.012679705347066528,0.0,0
44704,52,3,2.231200152659707,2.6533710506047923,0.42217089794508533,0.19548877835690923,0.0,0.0,0
44704,53,1,2.134623011617581,2.913327688867236,0.7787046772496549,0.12441573098756217,0.011650238034293839,0.08507831075942962,1
44704,53,2,2.134623011617581,2.5077145784935135,0.3730915668759325,0.11276549295326833,0.0,0.0,0
44704,53,3,2.134623011617581,2.8165548177796653,0.6819318061620843,0.13214645045097975,0.019380957497711418,0.0,0
44704,54,1,3.664192292385402,4.004836310335091,0.340644017949689,0.24103346654905222,0.01565148451604781,0.036503018706458584,1
44704,54,2,3.664192292385402,3.933370943273522,0.26917865088812,0.2347582462404993,0.009376264207494878,0.0,0
44704,54,3,3.664192292385402,3.9981609036151533,0.3339686112297513,0.2253819820330044,0.0,0.0,0
44704,55,1,6.180650151487844,6.482495383294205,0.3018452318063618,0.15705332595828478,0.022459064268063045,0.0365030187064586,1
44704,55,2,6.180650151487844,6.403870164561285,0.22322001307344141,0.13459426169022173,0.0,0.0,0
44704,55,3,6.180650151487844,7.1213949861852,0.9407448346973561,0.1570958953222216,0.022501633631999862,0.0,0
44704,56,1,2.7127723505763037,3.7205915384569948,1.007819187880691,0.20261073360223655,0.0,0.00880074314789564,1
44704,56,2,2.7127723505763037,3.2119565186976673,0.49918416812136357,0.21903517733404448,0.01642444373180793,0.01178012583203275,1
44704,56,3,2.7127723505763037,3.92346855223762,1.210696201661316,0.24034311926295956,0.03773238566072301,0.0,0
44704,57,1,2.2548001104478423,3.0916289254936027,0.8368288150457603,0.13270782094647998,0.006422547354281827,0.008800743147895584,1
44704,57,2,2.2548001104478423,2.6649848000306826,0.41018468958284027,0.12628527359219816,0.0,0.01178012583203275,1
44704,57,3,2.2548001104478423,3.6101326802911453,1.355332569843303,0.16065084367626442,0.034365570084066266,0.0,0
44704,58,1,1.652455746720009,1.9120564254243235,0.2596006787043146,0.20659472791064062,0.03064535663195006,0.0,0
44704,58,2,1.652455746720009,2.05533533245948,0.4028795857394709,0.17667944312400533,0.0007300718453147614,0.0,0
44704,58,3,1.652455746720009,1.8591677079723645,0.20671196125235558,0.17594937127869056,0.0,0.0,0
44704,59,1,5.236381778809401,5.944836395449873,0.7084546166404726,0.2922264457270279,0.00858094521423386,0.08471227000176051,1
44704,59,2,5.236381778809401,5.76072268027411,0.5243409014647096,0.2852960892463991,0.001650588733605074,0.0,0
44704,59,3,5.236381778809401,5.793344269574954,0.556962490765553,0.283645500512794,0.0,0.0,0
44704,60,1,1.6499906704306944,2.241556460605359,0.5915657901746645,0.21876866673095452,0.03612652734319591,0.06741999006087596,1
44704,60,2,1.6499906704306944,2.2909873532046285,0.6409966827739342,0.20630741683302423,0.023665277445265614,0.0,0
44704,60,3,1.6499906704306944,2.0672615354308688,0.4172708650001744,0.1826421393877586,0.0,0.0,0
44704,61,1,1.7042361272392612,2.6294500574233446,0.9252139301840834,0.19011434228940968,0.0,0.06741999006087596,1
44704,61,2,1.7042361272392612,2.8346851301448615,1.1304490029056002,0.2014903370177201,0.011375994728310412,0.0,0
44704,61,3,1.7042361272392612,2.652044499865537,0.9478083726262758,0.20120636937521516,0.011092027085805478,0.0,0
44704,62,1,2.138585496971352,2.7753002205343997,0.6367147235630477,0.10535317061720635,0.0009992166102520406,0.06741999006087598,1
44704,62,2,2.138585496971352,2.4164996605572653,0.27791416358591325,0.10435395400695431,0.0,0.0,0
44704,62,3,2.138585496971352,2.5126812350495724,0.3740957380782204,0.10872412714012229,0.004370173133167982,0.0,0
44704,63,1,2.0056238092694025,2.4749483398098513,0.46932453054044876,0.25011610677867,0.019153725677305222,0.0,0
44704,63,2,2.0056238092694025,2.509563290385356,0.5039394811159537,0.23525068766361898,0.004288306562254179,0.0,0
44704,63,3,2.0056238092694025,2.368511213159785,0.36288740389038265,0.2309623811013648,0.0,0.0,0
44704,64,1,3.617537159760663,3.86879413164975,0.25125697188908713,0.1727398871628134,0.025175253326974567,0.0,0
44704,64,2,3.617537159760663,3.916470068850103,0.2989329090894399,0.14756463383583884,0.0,0.0,0
44704,64,3,3.617537159760663,4.192681519534672,0.5751443597740087,0.1655900959453279,0.01802546210948905,0.0,0
44704,65,1,3.0321263178999045,3.3129156949266667,0.2807893770267622,0.2699976232861204,0.03705586481223033,0.0,0
44704,65,2,3.0321263178999045,3.214681132219403,0.1825548143194986,0.24356485730697217,0.010623098833082073,0.0,0
44704,65,3,3.0321263178999045,3.1627664648934304,0.13064014699352589,0.2329417584738901,0.0,0.0,0
44704,66,1,2.3163516688535237,2.6060851576357322,0.2897334887822085,0.17694436543981534,0.01888207482924323,0.0,0
44704,66,2,2.3163516688535237,2.56621392089071,0.24986225203718648,0.1673912206439603,0.009328930033388194,0.0,0
44704,66,3,2.3163516688535237,2.6231043411196224,0.3067526722660987,0.15806229061057211,0.0,0.0,0
44704,67,1,0.9315935987374662,2.1114040543572314,1.1798104556197653,0.1641604396517494,0.0,0.0,0
44704,67,2,0.9315935987374662,1.4191704504404241,0.48757685170295795,0.1696865196368975,0.005526079985148091,0.0,0
44704,67,3,0.9315935987374662,1.8011469521836574,0.8695533534461912,0.19016224952174104,0.02600180986999165,0.0,0
44704,68,1,3.86210803281118,4.383761343680639,0.5216533108694592,0.1309697174741383,0.013640510655132984,0.0,0
44704,68,2,3.86210803281118,4.123717712957858,0.26160968014667807,0.11732920681900531,0.0,0.0,0
44704,68,3,3.86210803281118,4.3751981664260295,0.5130901336148495,0.12887655465118564,0.011547347832180324,0.0,0
44704,69,1,18.214616817732672,18.33295558738597,0.11833876965329893,0.2209687715172833,0.010440677484339522,0.0,0
44704,69,2,18.214616817732672,18.45788633990955,0.24326952217687747,0.22431862907578795,0.013790535042844165,0.03319362510881214,1
44704,69,3,18.214616817732672,18.465472067672334,0.25085524993966146,0.21052809403294379,0.0,0.04253319308678074,1
44704,70,1,14.61665774264281,15.160863788068895,0.5442060454260851,0.20773776464503801,0.0,0.0,0
44704,70,2,14.61665774264281,15.007952966742712,0.3912952240999026,0.2400395802016055,0.0323018155565675,0.009339567977968605,1
44704,70,3,14.61665774264281,15.636933596030957,1.0202758533881475,0.2729288422099128,0.0651910775648748,0.009339567977968605,1
44704,71,1,14.115945893059802,14.460786646505586,0.3448407534457836,0.21558890798902333,0.0,0.0,0
44704,71,2,14.115945893059802,14.230226870399765,0.11428097733996267,0.2260632879782046,0.01047437998918127,0.04754681730903175,1
44704,71,3,14.115945893059802,14.461619364209918,0.34567347115011593,0.2397037006365279,0.024114792647504574,0.06213259218851516,1
44704,72,1,14.518379730881875,15.442604212857495,0.9242244819756191,0.2021178070119792,0.0,0.0,0
44704,72,2,14.518379730881875,15.107533834918422,0.5891541040365471,0.24542799058737502,0.043310183575395816,0.014585774879483409,1
44704,72,3,14.518379730881875,17.16276131508435,2.644381584202474,0.30795854334473766,0.10584073633275845,0.014585774879483409,1
44704,73,1,12.117175403341506,12.442995575457815,0.325820172116309,0.1774779605724672,0.0021313550013517535,0.005201782626000961,1
44704,73,2,12.117175403341506,12.249322017661417,0.13214661431991104,0.17534660557111545,0.0,0.0,0
44704,73,3,12.117175403341506,13.047713964727688,0.9305385613861823,0.2299905765079269,0.05464397093681145,0.0,0
44704,74,1,14.175886628332426,14.44589533679417,0.2700087084617433,0.25028439728002705,0.010258245254782389,0.0,0
44704,74,2,14.175886628332426,14.359527861131067,0.18364123279864053,0.24002615202524466,0.0,0.009985115875086041,1
44704,74,3,14.175886628332426,14.49045177241474,0.31456514408231406,0.241706571329023,0.0016804193037783521,0.009985115875086041,1
44705,0,1,2.218058734879201,2.796692183924196,0.5786334490449949,0.08514237301381958,0.0,0.08902690780568903,1
44705,0,2,2.218058734879201,2.5325561815379736,0.31449744665877244,0.10037813173866961,0.01523575872485003,0.0,0
44705,0,3,2.218058734879201,3.1556796104436167,0.9376208755644155,0.09985891948997588,0.014716546476156306,0.0,0
44705,1,1,3.019052770434217,5.612004797629576,2.592952027195359,0.14951507497965064,0.0,0.04200104701983723,1
44705,1,2,3.019052770434217,4.530745601211385,1.511692830777168,0.19091024273006066,0.04139516775041002,0.0,0
44705,1,3,3.019052770434217,9.589656052929925,6.570603282495708,0.28630564936504094,0.1367905743853903,0.0,0
44705,2,1,1.8995097604703353,3.2465815598233156,1.3470717993529804,0.19616559097711342,0.00385606896298496,0.0,0
44705,2,2,1.8995097604703353,2.8778005991616262,0.978290838691291,0.19230952201412846,0.0,0.0,0
44705,2,3,1.8995097604703353,4.819012906567319,2.9195031460969836,0.2631643311184886,0.07085480910436012,0.0,0
44705,3,1,4.81509466872124,5.864521183225134,1.0494265145038932,0.26055443313945903,0.0,0.0,0
44705,3,2,4.81509466872124,5.441863324968926,0.6267686562476857,0.26775258210595115,0.007198148966492124,0.0,0
44705,3,3,4.81509466872124,5.596857024644283,0.7817623559230427,0.2693838024580374,0.008829369318578362,0.0,0
44705,4,1,4.613254161475019,5.400916280237537,0.7876621187625181,0.13236530075646954,0.0,0.0,0
44705,4,2,4.613254161475019,5.015055901979752,0.40180174050473294,0.13601433522646372,0.003649034469994178,0.0,0
44705,4,3,4.613254161475019,5.374141739557189,0.76088757808217,0.13664156927845772,0.004276268521988175,0.0,0
44705,5,1,2.6108386303917834,4.1398894889356,1.5290508585438163,0.2608821261034146,0.0,0.0,0
44705,5,2,2.6108386303917834,3.226760847726471,0.6159222173346874,0.26457829260279453,0.003696166499379927,0.0,0
44705,5,3,2.6108386303917834,3.4847260454594933,0.8738874150677098,0.2686581160486022,0.007775989945187578,0.0,0
44705,6,1,3.439883545162833,3.959210142721387,0.5193265975585537,0.132903769600021,0.005620493131300919,0.0,0
44705,6,2,3.439883545162833,3.8459077067561003,0.40602416159326715,0.13583767156599583,0.008554395097275735,0.0,0
44705,6,3,3.439883545162833,4.015935420905352,0.576051875742519,0.1272832764687201,0.0,0.0,0
44705,7,1,35.67070362153275,35.82127574836145,0.15057212682869903,0.2533966424094916,0.0,0.0,0
44705,7,2,35.67070362153275,35.76401571222359,0.09331209069083712,0.2633906671736071,0.009994024764115483,0.0,0
44705,7,3,35.67070362153275,35.829207540539116,0.15850391900636396,0.2670782896370124,0.013681647227520799,0.0,0
44705,8,1,35.573201379263054,35.67125955658077,0.09805817731771782,0.18517931458818188,0.012232076007322068,0.0,0
44705,8,2,35.573201379263054,35.636792073208156,0.06359069394510186,0.17299048660890917,4.324802804936412e-05,0.0,0
44705,8,3,35.573201379263054,35.65285290777386,0.07965152851080859,0.1729472385808598,0.0,0.0,0
44705,9,1,35.62020954017291,35.7320870900234,0.11187754985049025,0.0872901497361319,0.002761260540645044,0.0,0
44705,9,2,35.62020954017291,35.72992004695011,0.10971050677720484,0.09219411942729878,0.007665230231811926,0.0,0
44705,9,3,35.62020954017291,35.74921151118107,0.12900197100816513,0.08452888919548686,0.0,0.0,0
44705,10,1,1.565287174120533,1.9466551592628836,0.3813679851423506,0.12215475879124368,0.0,0.17724015785954475,1
44705,10,2,1.565287174120533,2.118859504077816,0.553572329957283,0.13870785596571072,0.01655309717446704,0.1015957830813839,1
44705,10,3,1.565287174120533,2.6465539722649334,1.0812667981444004,0.15336949188130344,0.03121473309005976,0.0,0
44705,11,1,2.22657367699152,2.599183274051051,0.37260959705953134,0.10589406666351027,0.0,0.17724015785954472,1
44705,11,2,2.22657367699152,2.7372153985212955,0.5106417215297756,0.11932005198370353,0.013425985320193262,0.1015957830813839,1
44705,11,3,2.22657367699152,3.0790966006715585,0.8525229236800387,0.1361529814145786,0.03025891475106833,0.0,0
44705,12,1,1.1972981915288679,1.4645824074484999,0.26728421591963203,0.12514375877047193,0.0,0.020871486847003573,1
44705,12,2,1.1972981915288679,1.9627067291846365,0.7654085376557687,0.1353493137005555,0.010205554930083571,0.0,0
44705,12,3,1.1972981915288679,1.972573333475356,0.7752751419464881,0.13208824576088027,0.006944486990408338,0.0,0
44705,13,1,2.571179788372068,3.1394161797400026,0.5682363913679347,0.13219975340147375,0.0,0.020871486847003545,1
44705,13,2,2.571179788372068,3.007918700698901,0.43673891232683326,0.1431048700925651,0.010905116691091343,0.0,0
44705,13,3,2.571179788372068,3.1533668413434,0.582187052971332,0.13568900597355463,0.003489252572080881,0.0,0
44705,14,1,2.9646899901833477,3.244801699081232,0.28011170889788417,0.09901087213956165,0.0,0.02087148684700356,1
44705,14,2,2.9646899901833477,3.3489776281391577,0.38428763795581,0.1064582870468366,0.007447414907274949,0.0,0
44705,14,3,2.9646899901833477,3.49450349251491,0.5298135023315624,0.11379273256940028,0.01478186042983863,0.0,0
44705,15,1,2.413906373361331,2.8506632464741877,0.4367568731128566,0.20982686143054527,0.025195590682116048,0.0,0
44705,15,2,2.413906373361331,2.677666725287943,0.26376035192661185,0.18463127074842922,0.0,0.0,0
44705,15,3,2.413906373361331,2.941420639498304,0.5275142661369729,0.1873215697410446,0.0026902989926153864,0.0,0
44705,16,1,1.658859476842073,2.1067722192020457,0.4479127423599727,0.16282144156572328,0.022515840981710417,0.0,0
44705,16,2,1.658859476842073,2.0733966831227026,0.4145372062806296,0.14030560058401287,0.0,0.0,0
44705,16,3,1.658859476842073,2.122804927144044,0.4639454503019711,0.1474750205384754,0.007169419954462519,0.0,0
44705,17,1,1.8549882708102803,2.426792703053855,0.5718044322435747,0.12998526275728645,0.005058539592156491,0.0,0
44705,17,2,1.8549882708102803,2.206591001764809,0.3516027309545289,0.13317326066204047,0.008246537496910511,0.0,0
44705,17,3,1.8549882708102803,2.2687445095409715,0.41375623873069123,0.12492672316512995,0.0,0.0,0
44705,18,1,3.149373099540472,3.7197965092974625,0.5704234097569905,0.09988466126261195,0.004451683134656964,0.0,0
44705,18,2,3.149373099540472,3.6721541342029553,0.5227810346624833,0.09658111548623013,0.001148137358275153,0.0,0
44705,18,3,3.149373099540472,3.7002130615056243,0.5508399619651523,0.09543297812795498,0.0,0.0,0
44705,19,1,2.4007957640192217,3.1420293350938526,0.741233571074631,0.31002978300997636,0.06688472091587713,0.0,0
44705,19,2,2.4007957640192217,2.6154134685130686,0.21461770449384687,0.24314506209409922,0.0,0.0,0
44705,19,3,2.4007957640192217,2.9183962961045387,0.517600532085317,0.2546007226627827,0.011455660568683496,0.0,0
44705,20,1,1.7132253489601634,1.886110968874597,0.17288561991443352,0.19506894054812654,0.030330601583598876,0.0,0
44705,20,2,1.7132253489601634,1.9252465913817232,0.21202124242155973,0.16473833896452766,0.0,0.0,0
44705,20,3,1.7132253489601634,2.1195412309806763,0.40631588202051283,0.16728836882810016,0.0025500298635725005,0.0,0
44705,21,1,1.7825041316154326,2.1170306831533154,0.3345265515378828,0.11853673685496481,0.0,0.0,0
44705,21,2,1.7825041316154326,2.3586930388920186,0.576188907276586,0.1265250322413385,0.007988295386373676,0.0,0
44705,21,3,1.7825041316154326,2.35949681580426,0.5769926841888275,0.12135537214208976,0.0028186352871249487,0.0,0
44705,22,1,2.3014323524762395,2.5545333683537743,0.25310101587753486,0.06968508975114483,0.0,0.0,0
44705,22,2,2.3014323524762395,2.5825099507310463,0.2810775982548068,0.07249448856459748,0.002809398813452643,0.0,0
44705,22,3,2.3014323524762395,2.6573873364135348,0.3559549839372953,0.07396068575354088,0.004275596002396048,0.0,0
44705,23,1,1.8033996208968532,2.494398281238424,0.6909986603415708,0.1936437699318472,0.011439115172630049,0.0,0
44705,23,2,1.8033996208968532,2.050638329439393,0.2472387085425396,0.18220465475921716,0.0,0.0,0
44705,23,3,1.8033996208968532,2.4819128112513007,0.6785131903544475,0.19360507352707237,0.01140041876785522,0.0,0
44705,24,1,1.8778211932602162,2.1482640099820767,0.27044281672186044,0.16808855333009082,0.027976172902640317,0.0,0
44705,24,2,1.8778211932602162,2.431169705146209,0.5533485118859929,0.14814446443115892,0.008032084003708417,0.0,0
44705,24,3,1.8778211932602162,2.437897995862943,0.560076802602727,0.1401123804274505,0.0,0.0,0
44705,25,1,1.1490466947923692,1.989109933287358,0.8400632384949889,0.1266463870425433,0.004003407666379785,0.0,0
44705,25,2,1.1490466947923692,1.8136423964965225,0.6645957017041533,0.1346488869466502,0.012005907570486682,0.0,0
44705,25,3,1.1490466947923692,1.8587461716831437,0.7096994768907745,0.12264297937616352,0.0,0.0,0
44705,26,1,47.27185022432164,47.33226394580204,0.06041372148040125,0.2345034145684133,0.004169358260683598,0.0,0
44705,26,2,47.27185022432164,47.3568836638693,0.08503343954765796,0.2303340563077297,0.0,0.0,0
44705,26,3,47.27185022432164,47.3664871024297,0.0946368781080622,0.23688744688264882,0.006553390574919105,0.0,0
44705,27,1,47.2869787599855,47.36376822228743,0.07678946230193162,0.21539275282833711,0.008598302218605275,0.0,0
44705,27,2,47.2869787599855,47.329003283516236,0.042024523530734825,0.21384593094552376,0.007051480335791921,0.0,0
44705,27,3,47.2869787599855,47.352347043793216,0.06536828380771453,0.20679445060973184,0.0,0.0,0
44705,28,1,47.13485206408857,47.205579319769114,0.07072725568054494,0.166493078570246,0.009237673571277583,0.0,0
44705,28,2,47.13485206408857,47.20696951769159,0.07211745360302046,0.15725540499896842,0.0,0.0,0
44705,28,3,47.13485206408857,47.1743278395291,0.03947577544052905,0.1628559557768973,0.00560055077792887,0.0,0
44705,29,1,47.13329678296866,47.27028759872125,0.13699081575258987,0.072449813238863,0.0,0.0,0
44705,29,2,47.13329678296866,47.230033055699685,0.0967362727310288,0.08912787184286654,0.016678058604003537,0.0,0
44705,29,3,47.13329678296866,47.21144716195945,0.07815037899079158,0.080775685694983,0.008325872456120001,0.0,0
44705,30,1,2.2245920571001223,3.207824843108289,0.9832327860081667,0.2033554551045483,0.060767032241479085,0.0,0
44705,30,2,2.2245920571001223,2.810696287594714,0.5861042304945916,0.14976978126806575,0.007181358404996535,0.0,0
44705,30,3,2.2245920571001223,3.2682314337677125,1.0436393766675902,0.14258842286306922,0.0,0.0,0
44705,31,1,1.0727821129646287,1.3167623732913325,0.24398026032670384,0.11880255070249295,0.0,0.0,0
44705,31,2,1.0727821129646287,1.4461177089596615,0.37333559599503285,0.13135651411910554,0.012553963416612593,0.0,0
44705,31,3,1.0727821129646287,1.3714622610103162,0.29868014804568754,0.1316606681139908,0.012858117411497852,0.0,0
44705,32,1,1.4364257808113359,1.9054056110934585,0.46897983028212265,0.12156723412275316,0.0,0.0,0
44705,32,2,1.4364257808113359,1.8172670032338452,0.3808412224225093,0.1289476348389328,0.007380400716179625,0.0,0
44705,32,3,1.4364257808113359,1.961709537296046,0.5252837564847102,0.1232545607768971,0.0016873266541439363,0.0,0
44705,33,1,2.641804226653824,3.114536154150412,0.472731927496588,0.10352728012912658,0.0028505475355653093,0.0,0
44705,33,2,2.641804226653824,3.379229636674141,0.7374254100203168,0.10067673259356127,0.0,0.0,0
44705,33,3,2.641804226653824,3.072880796502858,0.43107656984903375,0.11115527253724893,0.01047853994368765,0.0,0
44705,34,1,3.810444664673357,4.2048836838769805,0.39443901920362334,0.22531015150474526,0.011304144811686817,0.06434092023420954,1
44705,34,2,3.810444664673357,4.13453319382723,0.3240885291538729,0.21400600669305844,0.0,0.0,0
44705,34,3,3.810444664673357,4.330757011831578,0.5203123471582205,0.21463208402251113,0.00062607732945269,0.0,0
44705,35,1,1.7917510846272187,2.0875806102136325,0.29582952558641384,0.21224136450861789,0.03686103123599438,0.06434092023420955,1
44705,35,2,1.7917510846272187,2.8197179531887295,1.0279668685615109,0.20020097478195073,0.024820641509327224,0.0,0
44705,35,3,1.7917510846272187,2.4060386291351783,0.6142875445079596,0.1753803332726235,0.0,0.0,0
44705,36,1,2.1748335254609783,2.6295971094668276,0.45476358400584926,0.1193693519745314,0.0,0.06434092023420954,1
44705,36,2,2.1748335254609783,2.857683417190503,0.6828498917295245,0.12174858821967585,0.002379236245144453,0.0,0
44705,36,3,2.1748335254609783,2.9722643189078526,0.7974307934468743,0.12693491985893682,0.007565567884405419,0.0,0
44705,37,1,2.980830329663506,3.6948188696326363,0.7139885399691304,0.30983214085444255,0.06770987356384583,0.06998045922895507,1
44705,37,2,2.980830329663506,3.1693547471095345,0.18852441744602855,0.24212226729059672,0.0,0.0,0
44705,37,3,2.980830329663506,3.4676085990944117,0.48677826943090574,0.24346210644207217,0.0013398391514754526,0.0,0
44705,38,1,1.4493327059752716,1.782512629049846,0.33317992307457445,0.19983639929070426,0.030682169798883274,0.06998045922895513,1
44705,38,2,1.4493327059752716,1.839910353858332,0.39057764788306026,0.169154229491821,0.0,0.0,0
44705,38,3,1.4493327059752716,1.9151399066259676,0.4658072006506959,0.17586368092111143,0.006709451429290442,0.0,0
44705,39,1,1.469530949764223,2.254715542693815,0.7851845929295918,0.12164405000447791,0.0,0.06998045922895511,1
44705,39,2,1.469530949764223,1.9695741722538262,0.5000432224896032,0.13114306155618854,0.009499011551710637,0.0,0
44705,39,3,1.469530949764223,1.982492810751334,0.5129618609871109,0.12251919833425451,0.0008751483297766011,0.0,0
44705,40,1,2.4390878018306053,2.947624036202396,0.5085362343717907,0.08679439003702302,0.0,0.06998045922895511,1
44705,40,2,2.4390878018306053,3.0197087110409613,0.580620909210356,0.09446215062149436,0.007667760584471342,0.0,0
44705,40,3,2.4390878018306053,3.1552468194154373,0.716159017584832,0.09448951199698313,0.007695121959960111,0.0,0
44705,41,1,1.9478201147770586,3.839192738039017,1.8913726232619585,0.20956508194813644,0.0,0.06093615622390795,1
44705,41,2,1.9478201147770586,2.838462712774882,0.8906425979978234,0.2121254597459526,0.002560377797816149,0.0,0
44705,41,3,1.9478201147770586,5.954481983920974,4.006661869143915,0.2962365765611859,0.08667149461304946,0.0,0
44705,42,1,1.8248978773181856,4.44919046733424,2.6242925900160547,0.13873858567156463,0.0,0.06093615622390794,1
44705,42,2,1.8248978773181856,3.763600226769693,1.9387023494515074,0.18022833939840804,0.04148975372684341,0.0,0
44705,42,3,1.8248978773181856,8.604944817283084,6.7800469399648975,0.2693943425732986,0.13065575690173395,0.0,0
44705,43,1,2.6033613850116692,4.479960127523286,1.876598742511617,0.15452510478344703,0.0,0.0,0
44705,43,2,2.6033613850116692,4.109898962267731,1.5065375772560614,0.17469125716031525,0.020166152376868224,0.008875740651136055,1
44705,43,3,2.6033613850116692,8.769370687033561,6.166009302021892,0.27540851185560505,0.12088340707215803,0.013232451005167012,1
44705,44,1,3.4101279419331734,7.579756227362628,4.169628285429455,0.09511627559472505,0.0,0.0,0
44705,44,2,3.4101279419331734,6.524910208573482,3.114782266640309,0.17517795337937295,0.0800616777846479,0.004356710354030957,0
44705,44,3,3.4101279419331734,14.261435217023376,10.851307275090203,0.29189016677349583,0.19677389117877078,0.01584616496904287,1
44705,45,1,1.476546630580738,2.17571263259568,0.6991660020149422,0.19085095848881387,0.015062562559792103,0.0,0
44705,45,2,1.476546630580738,1.5927149309130981,0.11616830033236014,0.17578839592902176,0.0,0.0,0
44705,45,3,1.476546630580738,2.195981189898806,0.7194345593180682,0.19947079737765339,0.023682401448631624,0.0,0
44705,46,1,9.178495019667201,10.213587441788018,1.035092422120817,0.218485489427874,0.05416662399352071,0.0,0
44705,46,2,9.178495019667201,9.536084510894359,0.35758949122715755,0.16431886543435328,0.0,0.0,0
44705,46,3,9.178495019667201,9.503771471672938,0.3252764520057365,0.16552145136613128,0.0012025859317779941,0.0,0
44705,47,1,1.1334132088680002,1.8904447922299474,0.7570315833619472,0.11765616507038973,0.0024529548780343052,0.0,0
44705,47,2,1.1334132088680002,1.8009158426400067,0.6675026337720065,0.12513536532315628,0.009932155130800854,0.0,0
44705,47,3,1.1334132088680002,2.1201696205820695,0.9867564117140692,0.11520321019235542,0.0,0.0,0
44705,48,1,8.36434642735317,8.983195995094913,0.6188495677417443,0.2467123377110347,0.0,0.0,0
44705,48,2,8.36434642735317,8.623724036541503,0.2593776091883342,0.24778169603342187,0.001069358322387165,0.0,0
44705,48,3,8.36434642735317,8.821368134447304,0.45702170709413537,0.2579218191162033,0.011209481405168614,0.0,0
44705,49,1,8.14315409513265,8.743570835282554,0.600416740149905,0.10871920702869918,0.0,0.0,0
44705,49,2,8.14315409513265,8.428684596048646,0.2855305009159963,0.11453428807478837,0.005815081046089188,0.0,0
44705,49,3,8.14315409513265,8.666717614589711,0.5235635194570616,0.11602365004390665,0.007304443015207468,0.0,0
44705,50,1,3.1249675319679944,3.323634261033674,0.19866672906567961,0.19772656314988804,0.013940776059435861,0.08513367014615184,1
44705,50,2,3.1249675319679944,3.2485397107773637,0.12357217880936933,0.18378578709045218,0.0,0.0,0
44705,50,3,3.1249675319679944,3.367586698452963,0.24261916648496884,0.18884150469689975,0.005055717606447574,0.0,0
44705,51,1,2.1910167712129174,2.4361894169364837,0.24517264572356634,0.18796015454197448,0.03754043449117073,0.08513367014615182,1
44705,51,2,2.1910167712129174,2.4771491255380935,0.28613235432517614,0.15873518435144587,0.008315464300642117,0.0,0
44705,51,3,2.1910167712129174,2.5720363536915385,0.3810195824786211,0.15041972005080376,0.0,0.0,0
44705,52,1,2.130926489357663,2.463315461943478,0.3323889725858149,0.11575858976576282,0.0,0.08513367014615181,1
44705,52,2,2.130926489357663,2.4913633761921448,0.36043688683448183,0.13028704709921296,0.014528457333450137,0.0,0
44705,52,3,2.130926489357663,2.7281973281776044,0.5972708388199415,0.1340700941705483,0.018311504404785475,0.0,0
44705,53,1,3.3097371324166347,3.7669942992193923,0.45725716680275763,0.2309244829433245,0.01888288651072101,0.03723753914653183,1
44705,53,2,3.3097371324166347,3.7646422125012053,0.45490508008457065,0.21204159643260348,0.0,0.0,0
44705,53,3,3.3097371324166347,3.758010512088403,0.44827337967176817,0.22024975926896195,0.008208162836358474,0.0,0
44705,54,1,5.607643594952842,6.130551416656882,0.5229078217040399,0.12012858439673739,0.0,0.0372375391465318,1
44705,54,2,5.607643594952842,6.0535301234417815,0.4458865284889395,0.12767659377223464,0.007548009375497253,0.0,0
44705,54,3,5.607643594952842,5.7749753154775005,0.1673317205246585,0.12647037090253044,0.006341786505793048,0.0,0
44705,55,1,2.4159152055439157,3.154088507150516,0.7381733016066003,0.18419035390330665,0.025659186922513788,0.009927730886303943,1
44705,55,2,2.4159152055439157,3.030487746015408,0.6145725404714923,0.15853116698079286,0.0,0.012694815384006963,1
44705,55,3,2.4159152055439157,3.4307022260290068,1.014787020485091,0.18560801676649047,0.027076849785697604,0.0,0
44705,56,1,2.3023086671780013,2.980872671146309,0.6785640039683076,0.1263105272139487,0.0,0.009927730886303943,1
44705,56,2,2.3023086671780013,3.2203837757112383,0.918075108533237,0.1345187054000516,0.008208178186102894,0.012694815384006963,1
44705,56,3,2.3023086671780013,4.740763048872723,2.4384543816947217,0.18985606169178137,0.06354553447783268,0.0,0
44705,57,1,1.6952186267225091,1.9003046061604103,0.2050859794379012,0.19806550127319592,0.027400664818404002,0.0,0
44705,57,2,1.6952186267225091,2.014428621601322,0.31920999487881296,0.1706648364547919,0.0,0.0,0
44705,57,3,1.6952186267225091,2.1826365398472745,0.48741791312476535,0.17204557153931632,0.0013807350845244093,0.0,0
44705,58,1,4.973608175977851,5.607829601178097,0.6342214252002458,0.23443227822273352,0.038033475738426525,0.08569563023084725,1
44705,58,2,4.973608175977851,5.371298039776349,0.39768986379849736,0.196398802484307,0.0,0.0,0
44705,58,3,4.973608175977851,5.405199600251757,0.43159142427390584,0.2140945623520056,0.017695759867698613,0.0,0
44705,59,1,1.4674950853213915,1.8926877695080353,0.4251926841866438,0.19698830271313172,0.0406075710557213,0.06766576080131717,1
44705,59,2,1.4674950853213915,1.8517550317484204,0.3842599464270289,0.16080014565939976,0.004419414001989336,0.0,0
44705,59,3,1.4674950853213915,1.8810495065351964,0.4135544212138049,0.15638073165741043,0.0,0.0,0
44705,60,1,1.5712676970587758,2.3137893622385146,0.7425216651797388,0.17615091579856013,0.046257128068969505,0.06766576080131717,1
44705,60,2,1.5712676970587758,2.1729526913352,0.6016849942764244,0.1386128385059609,0.00871905077637028,0.0,0
44705,60,3,1.5712676970587758,2.0514742823690897,0.4802065853103139,0.12989378772959062,0.0,0.0,0
44705,61,1,2.1689210207258194,2.420307846533422,0.2513868258076024,0.0904843411003672,0.0,0.06766576080131717,1
44705,61,2,2.1689210207258194,2.5691352985196696,0.4002142777938502,0.10304196424995922,0.012557623149592023,0.0,0
44705,61,3,2.1689210207258194,2.815129609434201,0.6462085887083817,0.10869246557164176,0.018208124471274567,0.0,0
44705,62,1,1.7114516327101934,2.1335830659451114,0.422131433234918,0.23151100824748252,0.0367756699553613,0.0,0
44705,62,2,1.7114516327101934,2.27709703010592,0.5656453973957265,0.19473533829212122,0.0,0.0,0
44705,62,3,1.7114516327101934,2.7818652542652345,1.070413621555041,0.21921149863915124,0.024476160347030013,0.0,0
44705,63,1,2.955179574801766,3.594377265445871,0.6391976906441053,0.12975910608201352,0.0,0.0,0
44705,63,2,2.955179574801766,3.4695153292721344,0.5143357544703684,0.13890703462314585,0.009147928541132333,0.0,0
44705,63,3,2.955179574801766,3.6182945965952387,0.6631150217934727,0.14931453492183222,0.0195554288398187,0.0,0
44705,64,1,3.386471742526234,3.730697785369017,0.344226042842783,0.23048772325076244,0.03974509388533112,0.0,0
44705,64,2,3.386471742526234,3.4793849938707226,0.09291325134448858,0.19074262936543132,0.0,0.03536877868331756,1
44705,64,3,3.386471742526234,3.6422054567321402,0.2557337142059062,0.20817705606174572,0.017434426696314398,0.03536877868331756,1
44705,65,1,2.3094750608195307,2.4751348104996436,0.16565974968011288,0.16468626323026048,0.02613913481612737,0.0,0
44705,65,2,2.3094750608195307,2.629891454218143,0.32041639339861216,0.14149693752652,0.002949809112386903,0.0,0
44705,65,3,2.3094750608195307,2.685851085247178,0.3763760244276475,0.1385471284141331,0.0,0.0,0
44705,66,1,1.0600366047690162,1.657460000122482,0.5974233953534658,0.1533962751845364,0.027295678103925775,0.0,0
44705,66,2,1.0600366047690162,1.821550305441915,0.7615137006728989,0.12610059708061064,0.0,0.0,0
44705,66,3,1.0600366047690162,1.8430770421825968,0.7830404374135806,0.1264146160438462,0.0003140189632355739,0.0,0
44705,67,1,3.217039997271231,3.9083618718439554,0.6913218745727243,0.09373264027915516,0.0,0.0,0
44705,67,2,3.217039997271231,3.7816476515394597,0.5646076542682286,0.104407813446949,0.01067517316779383,0.0,0
44705,67,3,3.217039997271231,3.7898422467600867,0.5728022494888556,0.10907988730452826,0.0153472470253731,0.0,0
44705,68,1,17.172605503712365,17.468486474285033,0.29588097057266793,0.19731032538795498,0.024479389016236336,0.0,0
44705,68,2,17.172605503712365,17.304705490227082,0.13209998651471722,0.17283093637171865,0.0,0.021127537169080654,1
44705,68,3,17.172605503712365,17.376926452452746,0.20432094874038143,0.19388966464867033,0.021058728276951683,0.030864515416404323,1
44705,69,1,13.742577488933836,14.37746302060278,0.6348855316689441,0.19218027433107665,0.04750694859835336,0.0,0
44705,69,2,13.742577488933836,13.939914571271885,0.19733708233804848,0.1446733257327233,0.0,0.009736978247323658,1
44705,69,3,13.742577488933836,13.951220053784189,0.20864256485035249,0.15139642944907014,0.006723103716346851,0.009736978247323658,1
44705,70,1,13.281091743351809,13.567925884959351,0.2868341416075424,0.20579883973090654,0.017557246253876224,0.0,0
44705,70,2,13.281091743351809,13.47691525783118,0.19582351447937185,0.18824159347703032,0.0,0.04796080143229192,1
44705,70,3,13.281091743351809,13.973742589775227,0.6926508464234189,0.2376313677588336,0.04938977428180327,0.0627273096597882,1
44705,71,1,13.64798169062631,13.93469250474873,0.2867108141224204,0.18502341900422292,0.0241994900577282,0.0,0
44705,71,2,13.64798169062631,13.929016833694678,0.28103514306836885,0.16082392894649472,0.0,0.014766508227496283,1
44705,71,3,13.64798169062631,14.295787435893033,0.647805745266723,0.21151683750965083,0.050692908563156114,0.014766508227496283,1
44705,72,1,11.615034144354093,11.856564414805904,0.2415302704518112,0.19581413874180786,0.008682576253057295,0.004449670814684281,0
44705,72,2,11.615034144354093,11.90289684155085,0.2878626971967577,0.18713156248875057,0.0,0.0,0
44705,72,3,11.615034144354093,12.234820687538832,0.6197865431847394,0.22163287743758883,0.03450131494883826,0.0,0
44705,73,1,13.420830991792263,13.699412490463535,0.27858149867127224,0.20595539222898954,0.017278809388201838,0.0,0
44705,73,2,13.420830991792263,13.636526214484594,0.21569522269233055,0.1886765828407877,0.0,0.010652942599776068,1
44705,73,3,13.420830991792263,13.772231203939779,0.3514002121475155,0.21771457000461025,0.029037987163822554,0.010652942599776068,1
44706,0,1,4.936373276450884,5.266987097786691,0.33061382133580697,0.2584704507754315,0.0,0.0,0
44706,0,2,4.936373276450884,5.3305687196105795,0.39419544315969546,0.2673003627420251,0.008829911966593607,0.0,0
44706,0,3,4.936373276450884,5.341409023682748,0.40503574723186375,0.2859518070308775,0.02748135625544601,0.0,0
44706,1,1,4.614925419613242,5.1203681270599235,0.5054427074466812,0.13958826068625585,0.0026248440988167476,0.0,0
44706,1,2,4.614925419613242,5.168262486028874,0.5533370664156321,0.14141300240960447,0.0044495858221653695,0.0,0
44706,1,3,4.614925419613242,5.574916606196754,0.9599911865835118,0.1369634165874391,0.0,0.0,0
44706,2,1,2.78766271535286,3.1529712492254,0.3653085338725397,0.2598069620601445,0.0,0.0,0
44706,2,2,2.78766271535286,3.3191875192001588,0.5315248038472986,0.2679865907520611,0.00817962869191663,0.0,0
44706,2,3,2.78766271535286,3.13096169918057,0.34329898382770985,0.2838810800650325,0.024074118004888012,0.0,0
44706,3,1,3.8886548055151224,4.651467029152192,0.7628122236370696,0.160235836546615,0.03651986674348058,0.0,0
44706,3,2,3.8886548055151224,4.078162749868072,0.18950794435294993,0.12763049135728383,0.003914521554149411,0.0,0
44706,3,3,3.8886548055151224,4.489651656269608,0.6009968507544854,0.12371596980313442,0.0,0.0,0
44706,4,1,34.797960488831805,34.875771456458054,0.07781096762624884,0.2543663644094656,0.0,0.0,0
44706,4,2,34.797960488831805,34.87044974812473,0.07248925929292227,0.2618969722044603,0.007530607794994704,0.0,0
44706,4,3,34.797960488831805,34.87346305577322,0.07550256694141666,0.2720219374646562,0.01765557305519061,0.0,0
44706,5,1,34.68731825350566,34.73830300357863,0.05098475007297054,0.1698003663463207,0.0,0.0,0
44706,5,2,34.68731825350566,34.76163509842996,0.07431684492430435,0.17389701300268173,0.00409664665636103,0.0,0
44706,5,3,34.68731825350566,34.74049669239535,0.053178438889688096,0.17162802148216805,0.0018276551358473447,0.0,0
44706,6,1,34.74302267618205,34.85868074472184,0.115658068539787,0.055090066704615456,0.0,0.0,0
44706,6,2,34.74302267618205,34.87690908820867,0.13388641202661944,0.09072560464371322,0.03563553793909777,0.0,0
44706,6,3,34.74302267618205,34.82210527897338,0.07908260279133117,0.08457089582675269,0.02948082912213723,0.0,0
44706,7,1,1.421253384232843,1.8254922320939477,0.40423884786110476,0.1439531420178203,0.02796149137264775,0.10297152191969444,1
44706,7,2,1.421253384232843,1.6277146000866867,0.2064612158538437,0.11599165064517256,0.0,0.0,0
44706,7,3,1.421253384232843,1.984149812527269,0.562896428294426,0.13482832165417183,0.018836671008999273,0.0,0
44706,8,1,2.116834184022875,2.4127163692639444,0.29588218524106935,0.07786099512801499,0.0,0.10297152191969441,1
44706,8,2,2.116834184022875,2.717162660808138,0.600328476785263,0.10817044152165842,0.030309446393643427,0.0,0
44706,8,3,2.116834184022875,2.7589984197001023,0.6421642356772272,0.11900012395637917,0.04113912882836418,0.0,0
44706,9,1,3.1731265210427955,3.430212861432037,0.2570863403892414,0.07577716559393255,0.0,0.10297152191969443,1
44706,9,2,3.1731265210427955,3.559939393912299,0.3868128728695037,0.09005679833027207,0.014279632736339518,0.0,0
44706,9,3,3.1731265210427955,3.729096148641589,0.5559696275987935,0.10969485472809752,0.03391768913416497,0.0,0
44706,10,1,1.246916054922748,1.4798775671957682,0.2329615122730202,0.1498395025485249,0.03585248284941647,0.018216374956448483,1
44706,10,2,1.246916054922748,1.5167346623630094,0.2698186074402613,0.11398701969910843,0.0,0.0,0
44706,10,3,1.246916054922748,1.6009621291825638,0.3540460742598157,0.11882114854560526,0.004834128846496824,0.0,0
44706,11,1,2.6234202840628194,3.0217647802494243,0.39834449618660495,0.08828478298681323,0.0,0.018216374956448456,1
44706,11,2,2.6234202840628194,3.165433932212147,0.5420136481493278,0.11862193536729661,0.030337152380483373,0.0,0
44706,11,3,2.6234202840628194,2.9977012039286075,0.37428091986578815,0.1111858775850435,0.022901094598230268,0.0,0
44706,12,1,2.813441975250975,3.033104393807116,0.21966241855614088,0.09217246882856772,0.0,0.018216374956448483,1
44706,12,2,2.813441975250975,3.135016464447802,0.32157448919682663,0.10306888962388788,0.01089642079532016,0.0,0
44706,12,3,2.813441975250975,3.128012886147455,0.3145709108964798,0.09984431661945971,0.007671847790891986,0.0,0
44706,13,1,2.8579901589194017,3.304540979058637,0.4465508201392354,0.2190892964140855,0.023516460709716497,0.0,0
44706,13,2,2.8579901589194017,3.1903090791197357,0.33231892020033404,0.19760119684556396,0.002028361141194951,0.0,0
44706,13,3,2.8579901589194017,3.505919539132338,0.6479293802129362,0.195572835704369,0.0,0.0,0
44706,14,1,1.7117894218436955,1.861534232714628,0.1497448108709325,0.16324690906652728,0.021921958023661398,0.0,0
44706,14,2,1.7117894218436955,1.8771731418961501,0.1653837200524546,0.14132495104286588,0.0,0.0,0
44706,14,3,1.7117894218436955,2.0721100262851757,0.3603206044414802,0.15188111786841954,0.010556166825553659,0.0,0
44706,15,1,1.8890593509536053,2.358094557119294,0.46903520616568883,0.14340051784109667,0.018791767917713226,0.0,0
44706,15,2,1.8890593509536053,2.5549799800221775,0.6659206290685722,0.1360933032154492,0.011484553292065769,0.0,0
44706,15,3,1.8890593509536053,2.4288664833288696,0.5398071323752642,0.12460874992338344,0.0,0.0,0
44706,16,1,3.075827707125299,3.8999541113118554,0.8241264041865564,0.10095984171747975,0.011839926337337145,0.0,0
44706,16,2,3.075827707125299,3.582883123056118,0.5070554159308189,0.0891199153801426,0.0,0.0,0
44706,16,3,3.075827707125299,3.6764522741053325,0.6006245669800334,0.08989695403616396,0.000777038656021356,0.0,0
44706,17,1,3.3037500862415805,3.9136979234099654,0.6099478371683849,0.3098962973533111,0.038206968031829935,0.0,0
44706,17,2,3.3037500862415805,3.611660564865879,0.30791047862429854,0.27168932932148115,0.0,0.0,0
44706,17,3,3.3037500862415805,3.7926800148483886,0.48892992860680806,0.2937704528943503,0.02208112357286912,0.0,0
44706,18,1,1.7890068379445356,2.1507559729051415,0.3617491349606059,0.17896464174305768,0.013183635228985024,0.0,0
44706,18,2,1.7890068379445356,2.166406745098802,0.3773999071542664,0.16578100651407265,0.0,0.0,0
44706,18,3,1.7890068379445356,2.5837459533100784,0.7947391153655428,0.1751842690445472,0.009403262530474549,0.0,0
44706,19,1,1.9256419473753514,2.0282980426333186,0.10265609525796715,0.1379486277681644,0.02167855254281184,0.0,0
44706,19,2,1.9256419473753514,2.025949347663403,0.10030740028805174,0.11627007522535257,0.0,0.0,0
44706,19,3,1.9256419473753514,2.0678534472340906,0.14221149985873915,0.12241184610112793,0.00614177087577536,0.0,0
44706,20,1,2.4196777341268145,2.61114614394948,0.19146840982266555,0.07430559212348188,0.0,0.0,0
44706,20,2,2.4196777341268145,2.9048637785143603,0.48518604438754576,0.07834285748383575,0.00403726536035387,0.0,0
44706,20,3,2.4196777341268145,2.7968528111987165,0.377175077071902,0.07678252720131472,0.002476935077832837,0.0,0
44706,21,1,1.8676680958745018,2.629035429883799,0.761367334009297,0.20646937079055686,0.0,0.0,0
44706,21,2,1.8676680958745018,2.5552310743397197,0.687562978465218,0.21953714008398095,0.013067769293424097,0.0,0
44706,21,3,1.8676680958745018,2.2492220904408304,0.38155399456632866,0.2333337618057314,0.026864391015174544,0.0,0
44706,22,1,1.9041824299763181,2.179431762594013,0.2752493326176948,0.1714673560118775,0.018456644059571453,0.0,0
44706,22,2,1.9041824299763181,2.582302322170321,0.6781198921940028,0.16483898178924555,0.01182826983693952,0.0,0
44706,22,3,1.9041824299763181,2.3671439476706673,0.4629615176943491,0.15301071195230603,0.0,0.0,0
44706,23,1,1.5628156084879032,1.8804154081968627,0.31759979970895946,0.09225897471900026,0.0,0.0,0
44706,23,2,1.5628156084879032,2.1252571049608067,0.5624414964729034,0.11372431567570615,0.021465340956705894,0.0,0
44706,23,3,1.5628156084879032,2.0005372108847586,0.4377216023968553,0.10641622712374495,0.014157252404744691,0.0,0
44706,24,1,46.09147687175511,46.13863338431493,0.04715651255981612,0.22497048922386123,0.0,0.0,0
44706,24,2,46.09147687175511,46.1340721737896,0.042595302034484916,0.23479063215975682,0.009820142935895587,0.0,0
44706,24,3,46.09147687175511,46.13553796651936,0.04406109476424547,0.24286610239865467,0.017895613174793434,0.0,0
44706,25,1,46.10739245050307,46.15251554507418,0.0451230945711103,0.20604265941176172,0.004112749455218584,0.0,0
44706,25,2,46.10739245050307,46.16732113821255,0.05992868770947979,0.21301219297186502,0.011082283015321881,0.0,0
44706,25,3,46.10739245050307,46.20815777064131,0.1007653201382368,0.20192990995654314,0.0,0.0,0
44706,26,1,45.938907173049515,46.054106604336994,0.11519943128747911,0.16200088911117447,0.010436976985289559,0.0,0
44706,26,2,45.938907173049515,46.015381285949935,0.07647411290042072,0.1515639121258849,0.0,0.0,0
44706,26,3,45.938907173049515,45.97095589570703,0.032048722657513906,0.15872328448082357,0.007159372354938659,0.0,0
44706,27,1,45.95231887862173,46.04177266416505,0.08945378554331995,0.0508810373883456,0.0,0.0,0
44706,27,2,45.95231887862173,46.05621081212727,0.10389193350553683,0.08607479308954337,0.03519375570119777,0.0,0
44706,27,3,45.95231887862173,46.01413230761993,0.06181342899819953,0.07793921687109784,0.027058179482752236,0.0,0
44706,28,1,2.4801242918033646,3.359697995407905,0.8795737036045406,0.200341964189458,0.05287489114671759,0.0,0
44706,28,2,2.4801242918033646,3.19729007854888,0.7171657867455155,0.16657414018927572,0.019107067146535317,0.0,0
44706,28,3,2.4801242918033646,3.407529134528174,0.9274048427248096,0.1474670730427404,0.0,0.0,0
44706,29,1,1.2248436334657176,1.5283926550406253,0.3035490215749077,0.1475759455288703,0.03884901654110186,0.0,0
44706,29,2,1.2248436334657176,1.4642236693632196,0.239380035897502,0.10872692898776844,0.0,0.0,0
44706,29,3,1.2248436334657176,1.654419511679981,0.42957587821426335,0.11556789633429175,0.006840967346523313,0.0,0
44706,30,1,1.60058521344638,2.0496461095104475,0.4490608960640674,0.07942763112610796,0.0,0.0,0
44706,30,2,1.60058521344638,2.31662470503825,0.71603949159187,0.0851889500493833,0.0057613189232753464,0.0,0
44706,30,3,1.60058521344638,2.007857473158058,0.407272259711678,0.0903731438348129,0.010945512708704946,0.0,0
44706,31,1,2.525166739887832,3.2950669925725697,0.7699002526847378,0.10506256793773062,0.013173091873519727,0.0,0
44706,31,2,2.525166739887832,2.9510555506941984,0.42588881080636654,0.0918894760642109,0.0,0.0,0
44706,31,3,2.525166739887832,2.9520224731016595,0.42685573321382764,0.09734342727596972,0.005453951211758817,0.0,0
44706,32,1,4.230675091292811,4.540169299833301,0.3094942085404897,0.2191729490160814,0.0,0.06540319167557104,1
44706,32,2,4.230675091292811,4.506506912641567,0.2758318213487554,0.22731371586730514,0.008140766851223752,0.0,0
44706,32,3,4.230675091292811,4.456064467394422,0.22538937610161103,0.2425966348852972,0.02342368586921581,0.0,0
44706,33,1,1.7323945983880278,2.438651000856398,0.7062564024683704,0.19112361252841115,0.006029158545930613,0.06540319167557103,1
44706,33,2,1.7323945983880278,2.8326463800814334,1.1002517816934057,0.19732270293239568,0.012228248949915144,0.0,0
44706,33,3,1.7323945983880278,2.330952324443794,0.5985577260557662,0.18509445398248053,0.0,0.0,0
44706,34,1,2.0014649682600387,2.4805049022351424,0.4790399339751037,0.1049301034713967,0.0,0.06540319167557104,1
44706,34,2,2.0014649682600387,2.651382668178464,0.6499176999184253,0.11637441478373393,0.011444311312337238,0.0,0
44706,34,3,2.0014649682600387,2.7366098120357614,0.7351448437757226,0.11892012208901184,0.013990018617615146,0.0,0
44706,35,1,4.321954149798299,4.9555135116485385,0.6335593618502395,0.3141487562697825,0.03879487153713046,0.06800304705179278,1
44706,35,2,4.321954149798299,4.694389536978045,0.37243538717974634,0.27535388473265204,0.0,0.0,0
44706,35,3,4.321954149798299,4.821828868921659,0.4998747191233601,0.2823913476300595,0.007037462897407476,0.0,0
44706,36,1,1.7497895403062418,1.931302929746661,0.18151338944041928,0.19512910006354653,0.01972112092969361,0.06800304705179275,1
44706,36,2,1.7497895403062418,2.0115439826598336,0.2617544423535918,0.17540797913385292,0.0,0.0,0
44706,36,3,1.7497895403062418,2.0642313169228714,0.31444177661662964,0.18442708431712704,0.009019105183274118,0.0,0
44706,37,1,1.838259479242558,2.428501166640274,0.5902416873977159,0.14726251798708676,0.02672918647659389,0.06800304705179278,1
44706,37,2,1.838259479242558,2.3995189152321066,0.5612594359895486,0.12053333151049286,0.0,0.0,0
44706,37,3,1.838259479242558,2.2675502108488756,0.4292907316063177,0.1226225812474046,0.0020892497369117413,0.0,0
44706,38,1,2.0389657095152467,3.0899095805741488,1.050943871058902,0.08964768889817692,0.006637192312486592,0.06800304705179276,1
44706,38,2,2.0389657095152467,2.9953065408657435,0.9563408313504969,0.08301049658569033,0.0,0.0,0
44706,38,3,2.0389657095152467,2.811793274142077,0.7728275646268301,0.08313924031419483,0.00012874372850449345,0.0,0
44706,39,1,1.8588597368190432,3.5636028997288007,1.7047431629097576,0.20927666108551,0.0,0.06071143730624168,1
44706,39,2,1.8588597368190432,2.7906230970392807,0.9317633602202375,0.22911639231031988,0.019839731224809892,0.0,0
44706,39,3,1.8588597368190432,5.679327150446034,3.820467413626991,0.33658443744892075,0.12730777636341076,0.0,0
44706,40,1,2.1149728068808984,3.692356266770838,1.5773834598899397,0.14142892525192283,0.0,0.06071143730624167,1
44706,40,2,2.1149728068808984,3.192165002590391,1.0771921957094928,0.16919708977080494,0.027768164518882116,0.0,0
44706,40,3,2.1149728068808984,6.6631245514032,4.548151744522302,0.28810401189773105,0.14667508664580822,0.0,0
44706,41,1,1.5229416328290184,2.2223693066358616,0.6994276738068432,0.19903035334714075,0.0,0.0,0
44706,41,2,1.5229416328290184,2.204981684685245,0.6820400518562266,0.21241661889600907,0.01338626554886832,0.0,0
44706,41,3,1.5229416328290184,1.8770605598424719,0.3541189270134535,0.23382952149920294,0.03479916815206219,0.0,0
44706,42,1,9.456742895600886,10.243343195496738,0.7866002998958521,0.2331573499545778,0.045204872018568126,0.0,0
44706,42,2,9.456742895600886,9.637363103608719,0.18062020800783252,0.2035035012685148,0.015551023332505132,0.0,0
44706,42,3,9.456742895600886,10.075431211136458,0.6186883155355716,0.18795247793600967,0.0,0.0,0
44706,43,1,1.2027929647319573,1.8002913888217091,0.5974984240897518,0.07311838628405032,0.0,0.0,0
44706,43,2,1.2027929647319573,2.168657963218621,0.9658649984866636,0.08463736049233798,0.011518974208287666,0.0,0
44706,43,3,1.2027929647319573,1.7348472999134024,0.5320543351814451,0.08186585220280611,0.00874746591875579,0.0,0
44706,44,1,8.32694217059348,8.613711153287783,0.2867689826943032,0.25266025225167166,0.0011033993954549515,0.0,0
44706,44,2,8.32694217059348,8.706450873064734,0.379508702471254,0.2515568528562167,0.0,0.0,0
44706,44,3,8.32694217059348,8.540585901231932,0.2136437306384522,0.26827063618373254,0.01671378332751583,0.0,0
44706,45,1,8.05549291114715,8.31621435156208,0.2607214404149296,0.11705684574357297,0.0,0.0,0
44706,45,2,8.05549291114715,8.36709600701687,0.3116030958697209,0.11808085185841669,0.0010240061148437118,0.0,0
44706,45,3,8.05549291114715,8.364405112541935,0.3089122013947847,0.11818864275962443,0.0011317970160514557,0.0,0
44706,46,1,3.2905520162718247,3.510357199479605,0.21980518320778009,0.20925465218380268,0.0002872838709649661,0.08570074795962745,1
44706,46,2,3.2905520162718247,3.4887529628335665,0.1982009465617418,0.20896736831283771,0.0,0.0,0
44706,46,3,3.2905520162718247,3.532440704870525,0.24188868859870016,0.21178530700053125,0.002817938687693533,0.0,0
44706,47,1,1.9148071523438852,2.6100085748413795,0.6952014224974943,0.18991413186487197,0.03336550645811942,0.0857007479596275,1
44706,47,2,1.9148071523438852,2.5148175258834558,0.6000103735395705,0.16909712129987678,0.012548495893124234,0.0,0
44706,47,3,1.9148071523438852,2.5075039463919686,0.5926967940480834,0.15654862540675255,0.0,0.0,0
44706,48,1,2.0507362932105004,2.935094518532531,0.8843582253220306,0.1190900266289012,0.006087075686482188,0.08570074795962748,1
44706,48,2,2.0507362932105004,2.634115974063649,0.5833796808531484,0.11300295094241901,0.0,0.0,0
44706,48,3,2.0507362932105004,2.5932835332458426,0.5425472400353422,0.1191649561764885,0.006162005234069498,0.0,0
44706,49,1,3.464881271518835,4.234567934537712,0.7696866630188772,0.22940138806071841,0.003078682081545908,0.03643903623705114,1
44706,49,2,3.464881271518835,4.002598649912946,0.5377173783941105,0.2263227059791725,0.0,0.0,0
44706,49,3,3.464881271518835,4.190899907800693,0.7260186362818581,0.2502738655449391,0.023951159565766572,0.0,0
44706,50,1,5.85658495655519,6.639043533472032,0.7824585769168415,0.13442080395886888,0.010669671150086324,0.03643903623705114,1
44706,50,2,5.85658495655519,6.1667899142690725,0.3102049577138821,0.12632833389793552,0.002577201089152964,0.0,0
44706,50,3,5.85658495655519,6.614322564861159,0.7577376083059688,0.12375113280878255,0.0,0.0,0
44706,51,1,3.1538053645479964,3.7930877389594633,0.6392823744114668,0.1870993239043843,0.03870844528391579,0.006633144275509206,1
44706,51,2,3.1538053645479964,3.7203294354866365,0.5665240709386401,0.1483908786204685,0.0,0.010319525014557351,1
44706,51,3,3.1538053645479964,3.8710792153647207,0.7172738508167242,0.18927872932803927,0.040887850707570755,0.0,0
44706,52,1,2.2626413990178746,2.9727263030441953,0.7100849040263206,0.12254910369177187,0.0,0.006633144275509206,1
44706,52,2,2.2626413990178746,2.8870588268481256,0.624417427830251,0.13152937023629713,0.008980266544525259,0.010319525014557296,1
44706,52,3,2.2626413990178746,4.207231595490597,1.9445901964727228,0.1879840385528542,0.06543493486108233,0.0,0
44706,53,1,1.6932109224105527,2.2333258578766113,0.5401149354660586,0.1871384960505404,0.01206227694912465,0.0,0
44706,53,2,1.6932109224105527,2.18969158879293,0.4964806663823771,0.17507621910141574,0.0,0.0,0
44706,53,3,1.6932109224105527,2.4708582222585305,0.7776472998479778,0.18048086555728068,0.005404646455864942,0.0,0
44706,54,1,1.7821969754135805,2.1830599396436297,0.4008629642300492,0.20264452459042576,0.03187775082856045,0.06825479450435151,1
44706,54,2,1.7821969754135805,2.227684767916423,0.44548779250284243,0.18629526989488943,0.015528496133024122,0.0,0
44706,54,3,1.7821969754135805,2.103342333290997,0.3211453578774166,0.1707667737618653,0.0,0.0,0
44706,55,1,1.7965089468217657,2.266155158139861,0.4696462113180955,0.18308237310628558,0.051281236179090584,0.06825479450435151,1
44706,55,2,1.7965089468217657,2.0023146524558593,0.20580570563409362,0.14159293816461577,0.009791801237420766,0.0,0
44706,55,3,1.7965089468217657,1.9695594401430536,0.17305049332128797,0.131801136927195,0.0,0.0,0
44706,56,1,2.261721843030444,2.8417240354023527,0.5800021923719085,0.04596159904430581,0.0,0.06825479450435151,1
44706,56,2,2.261721843030444,2.970697133231137,0.7089752902006929,0.08555597983598602,0.03959438079168021,0.0,0
44706,56,3,2.261721843030444,2.980874069600311,0.7191522265698667,0.08461599040901355,0.03865439136470774,0.0,0
44706,57,1,2.008063952409783,2.7782042526846356,0.7701403002748526,0.25045070221556737,0.029766798510054565,0.0,0
44706,57,2,2.008063952409783,2.52723551714021,0.5191715647304269,0.2206839037055128,0.0,0.0,0
44706,57,3,2.008063952409783,2.7934076447488856,0.7853436923391026,0.2599916884786305,0.03930778477311772,0.0,0
44706,58,1,2.8886711431071337,3.886712921602988,0.9980417784958542,0.15313394062946734,0.03335607468454593,0.0,0
44706,58,2,2.8886711431071337,3.568200134135959,0.6795289910288251,0.1197778659449214,0.0,0.0,0
44706,58,3,2.8886711431071337,3.4983409616488004,0.6096698185416667,0.13650069720746144,0.01672283126254004,0.0,0
44706,59,1,2.372762506488006,2.6400630851594324,0.2673005786714264,0.16844055629441557,0.01771221823862218,0.0,0
44706,59,2,2.372762506488006,2.9187656715975345,0.5460031651095285,0.16196246558527527,0.011234127529481885,0.0,0
44706,59,3,2.372762506488006,2.6946909836144752,0.3219284771264692,0.1507283380557934,0.0,0.0,0
44706,60,1,1.1593610504980298,1.3377975957659307,0.17843654526790087,0.1589131639484281,0.030818004457397963,0.0,0
44706,60,2,1.1593610504980298,1.3562114093471975,0.19685035884916768,0.12809515949103015,0.0,0.0,0
44706,60,3,1.1593610504980298,1.3889772819902533,0.22961623149222343,0.12849528975391705,0.00040013026288690523,0.0,0
44706,61,1,3.4076471028957434,3.905508174940695,0.49786107204495167,0.09009517302175811,0.0,0.0,0
44706,61,2,3.4076471028957434,3.918144700573488,0.5104975976777446,0.09554619048321987,0.00545101746146176,0.0,0
44706,61,3,3.4076471028957434,3.805714643259473,0.3980675403637295,0.09665458701645394,0.006559413994695826,0.0,0
44706,62,1,1.4479719673480345,1.9812588907647402,0.5332869234167057,0.14689882030134227,0.028778683928548557,0.10182054415188155,1
44706,62,2,1.4479719673480345,2.0004178112982434,0.5524458439502089,0.11812013637279371,0.0,0.0,0
44706,62,3,1.4479719673480345,2.025343726845256,0.5773717594972214,0.12286465462235452,0.004744518249560806,0.0,0
44706,63,1,1.9173361724034272,2.125981895400134,0.2086457229967067,0.0952533903534782,0.0,0.06611556078593722,1
44706,63,2,1.9173361724034272,2.205389659754827,0.2880534873513998,0.11690196128434162,0.02164857093086342,0.0,0
44706,63,3,1.9173361724034272,2.1949973741484086,0.2776612017449813,0.11160757941299251,0.016354189059514315,0.0,0
44706,64,1,3.3970426094383184,4.09573053240243,0.6986879229641119,0.10809594077860177,0.018248357262535764,0.06611556078593721,1
44706,64,2,3.3970426094383184,3.9148926529570076,0.5178500435186892,0.089847583516066,0.0,0.0,0
44706,64,3,3.3970426094383184,3.8116748394242705,0.41463222998595217,0.09215744188691241,0.002309858370846407,0.0,0
44706,65,1,17.85681554930436,18.206150201805144,0.349334652500783,0.2033096635729655,0.0,0.0,0
44706,65,2,17.85681554930436,17.9523990436537,0.09558349434933788,0.20413423098570674,0.0008245674127412284,0.020868572014657943,1
44706,65,3,17.85681554930436,18.216860293440668,0.3600447441363066,0.22621593987738928,0.022906276304423767,0.030771475544895344,1
44706,66,1,14.342216938102633,14.507335241230468,0.16511830312783538,0.16519058737170575,0.03405094295909722,0.0,0
44706,66,2,14.342216938102633,14.441623677097729,0.09940673899509633,0.14004259590823703,0.008902951495628503,0.0099029035302374,1
44706,66,3,14.342216938102633,14.591109884044908,0.2488929459422753,0.13113964441260853,0.0,0.0099029035302374,1
44706,67,1,15.39838488914928,15.782475461070643,0.3840905719213623,0.16195702664849726,0.0,0.0,0
44706,67,2,15.39838488914928,15.617956275952256,0.2195713868029756,0.20252006296505579,0.040563036316558526,0.007266612835287418,1
44706,67,3,15.39838488914928,16.242063761920125,0.8436788727708446,0.2415485785728861,0.07959155192438885,0.007266612835287418,1
44706,68,1,13.779519815596379,14.275989885615099,0.4964700700187201,0.20278739488848185,0.0,0.0,0
44706,68,2,13.779519815596379,13.899627730467433,0.12010791487105443,0.20728053785884729,0.004493142970365432,0.03009500729879616,1
44706,68,3,13.779519815596379,14.766199117361747,0.9866793017653688,0.2781228567734042,0.07533546188492235,0.04497803009411165,1
44706,69,1,14.280358211385249,14.485454779984698,0.20509656859944947,0.1626827290727695,0.017169013859291316,0.0,0
44706,69,2,14.280358211385249,14.417655925805818,0.13729771442056915,0.1455137152134782,0.0,0.014883022795315486,1
44706,69,3,14.280358211385249,14.7190788617666,0.43872065038135233,0.19504930911704985,0.04953559390357165,0.014883022795315486,1
44706,70,1,11.858055388593137,12.341199186981592,0.4831437983884559,0.19115547885360218,0.0,0.004928594408558813,0
44706,70,2,11.858055388593137,12.04016909872318,0.18211371013004296,0.21419826528739974,0.023042786433797563,0.0,0
44706,70,3,11.858055388593137,12.726182095823422,0.8681267072302852,0.25376051905463004,0.06260504020102786,0.0,0
44706,71,1,13.855194521565645,14.238302203313586,0.38310768174794063,0.20270727372068512,0.0011500777895910863,0.0,0
44706,71,2,13.855194521565645,13.98395219224435,0.1287576706787057,0.20155719593109403,0.0,0.01017853106412863,1
44706,71,3,13.855194521565645,14.31454440565789,0.4593498840922443,0.23296298176952734,0.031405785838433314,0.01017853106412863,1
44707,0,1,1.8904880221013425,3.03514725943523,1.1446592373338875,0.16863676308897518,0.0,0.0,0
44707,0,2,1.8904880221013425,3.041454505773509,1.1509664836721667,0.19257648960374305,0.02393972651476786,0.0,0
44707,0,3,1.8904880221013425,5.57310841231087,3.682620390209528,0.2915360334710683,0.12289927038209314,0.0,0
44707,1,1,4.747967386940514,5.199795439980015,0.4518280530395007,0.26291792020020044,0.0,0.0,0
44707,1,2,4.747967386940514,5.250162271815276,0.5021948848747613,0.26979177985372294,0.006873859653522496,0.0,0
44707,1,3,4.747967386940514,5.181485986532175,0.43351859959166106,0.2779888496121024,0.015070929411901968,0.0,0
44707,2,1,4.581657149090553,5.533050009520295,0.9513928604297419,0.14374037185381447,0.007658698620754634,0.0,0
44707,2,2,4.581657149090553,5.2886547122330185,0.7069975631424654,0.13608167323305984,0.0,0.0,0
44707,2,3,4.581657149090553,5.075189165120564,0.4935320160300112,0.13892853182251008,0.0028468585894502463,0.0,0
44707,3,1,2.497044998978365,2.7221869369902114,0.22514193801184623,0.24530216453298875,0.0,0.0,0
44707,3,2,2.497044998978365,2.9304221262231644,0.43337712724479927,0.2646004474005956,0.01929828286760682,0.0,0
44707,3,3,2.497044998978365,2.7776778006597964,0.28063280168143123,0.27706035863089323,0.03175819409790448,0.0,0
44707,4,1,3.554366220637042,4.4776969382682115,0.9233307176311696,0.12945656107769038,0.004151014794607305,0.0,0
44707,4,2,3.554366220637042,4.07052340820479,0.5161571875677478,0.12530554628308307,0.0,0.0,0
44707,4,3,3.554366220637042,3.9806186598980147,0.4262524392609728,0.1284740628489198,0.003168516565836721,0.0,0
44707,5,1,34.78102264841789,34.8824753257754,0.10145267735751418,0.260704706800001,0.0,0.0,0
44707,5,2,34.78102264841789,34.893063993524976,0.11204134510708741,0.26142330352844395,0.0007185967284429329,0.0,0
44707,5,3,34.78102264841789,34.89070389296834,0.10968124455045114,0.27140881082367085,0.010704104023669836,0.0,0
44707,6,1,34.67616137674254,34.73198660642171,0.055825229679165034,0.17089969527449478,0.0,0.0,0
44707,6,2,34.67616137674254,34.737073086648465,0.06091170990592332,0.17860766011639428,0.007707964841899506,0.0,0
44707,6,3,34.67616137674254,34.74438009175117,0.06821871500862642,0.17865826678240623,0.007758571507911455,0.0,0
44707,7,1,34.726573824493,34.85274980647015,0.1261759819771484,0.0535002738280565,0.0,0.0,0
44707,7,2,34.726573824493,34.84980988384284,0.12323605934983561,0.09524724521475057,0.04174697138669407,0.0,0
44707,7,3,34.726573824493,34.82357401583832,0.09700019134531601,0.0943493622221038,0.0408490883940473,0.0,0
44707,8,1,1.3899477288660929,2.140251297381176,0.750303568515083,0.12038115125933312,0.005779431794697629,0.17687539353155574,1
44707,8,2,1.3899477288660929,2.051721330535872,0.6617736016697793,0.11460171946463549,0.0,0.10354030493166966,1
44707,8,3,1.3899477288660929,1.9860947442390369,0.596147015372944,0.12561250638065213,0.011010786916016646,0.0,0
44707,9,1,2.1984706636721874,2.4232210466372823,0.22475038296509497,0.04907290354271017,0.0,0.17687539353155574,1
44707,9,2,2.1984706636721874,2.6114612069559113,0.412990543283724,0.10571332309876481,0.056640419556054644,0.10354030493166964,1
44707,9,3,2.1984706636721874,2.692820603239447,0.4943499395672597,0.1146052689138767,0.06553236537116654,0.0,0
44707,10,1,1.1018533996818647,1.5441550048775272,0.44230160519566253,0.11379117343204678,0.0069647991367704915,0.0178584995864719,1
44707,10,2,1.1018533996818647,1.6825098131167173,0.5806564134348526,0.10682637429527629,0.0,0.0,0
44707,10,3,1.1018533996818647,1.9479326758240052,0.8460792761421405,0.10928435831164479,0.0024579840163685,0.0,0
44707,11,1,2.652799467242864,2.826246717294531,0.17344725005166728,0.06812557951146007,0.0,0.0178584995864719,1
44707,11,2,2.652799467242864,2.9893052057651976,0.3365057385223338,0.10038571742663377,0.032260137915173695,0.0,0
44707,11,3,2.652799467242864,2.933788824637808,0.28098935739494424,0.09988247805266078,0.0317568985412007,0.0,0
44707,12,1,2.8584651626541926,2.930608358540325,0.07214319588613227,0.05477105088956939,0.0,0.01785849958647187,1
44707,12,2,2.8584651626541926,3.099496887863422,0.24103172520922955,0.0881310059582327,0.03335995506866331,0.0,0
44707,12,3,2.8584651626541926,3.0256076941197234,0.16714253146553082,0.0987859764202758,0.044014925530706406,0.0,0
44707,13,1,2.4449907968826006,3.0039188543115203,0.5589280574289197,0.1850334268139144,0.004377429396616173,0.0,0
44707,13,2,2.4449907968826006,3.0370271670149362,0.5920363701323357,0.18065599741729824,0.0,0.0,0
44707,13,3,2.4449907968826006,2.68609616259338,0.24110536571077956,0.19297926240077387,0.012323264983475635,0.0,0
44707,14,1,1.4913837000190722,1.6875389399790262,0.196155239959954,0.15097798974675994,0.012116320831947858,0.0,0
44707,14,2,1.4913837000190722,1.8840922744832125,0.3927085744641403,0.13886166891481208,0.0,0.0,0
44707,14,3,1.4913837000190722,1.801143922130383,0.30976022211131093,0.1466491132247495,0.0077874443099374135,0.0,0
44707,15,1,1.8681942014323156,2.5025104032143517,0.6343162017820361,0.1338811689818787,0.00991958952746766,0.0,0
44707,15,2,1.8681942014323156,2.5059521441270705,0.6377579426947548,0.12396157945441105,0.0,0.0,0
44707,15,3,1.8681942014323156,2.632380491036544,0.7641862896042282,0.12520915950061554,0.0012475800462044828,0.0,0
44707,16,1,3.1014576464180945,3.3217522429183477,0.22029459650025318,0.06298337585496458,0.0,0.0,0
44707,16,2,3.1014576464180945,3.5456514689919407,0.4441938225738462,0.08066981928501134,0.017686443430046758,0.0,0
44707,16,3,3.1014576464180945,3.3623064133685987,0.2608487669505042,0.08178081269245088,0.018797436837486303,0.0,0
44707,17,1,2.492966313180811,2.6720859838476203,0.17911967066680923,0.20928384368144495,0.0,0.0,0
44707,17,2,2.492966313180811,2.7543993629820775,0.26143304980126647,0.22726908153423833,0.01798523785279338,0.0,0
44707,17,3,2.492966313180811,3.048722000102347,0.5557556869215361,0.2615689641728952,0.05228512049145026,0.0,0
44707,18,1,1.6732368518936194,2.2899061196894923,0.6166692677958729,0.1604505158034305,0.0014074735446713282,0.0,0
44707,18,2,1.6732368518936194,2.298608665344458,0.6253718134508386,0.15904304225875918,0.0,0.0,0
44707,18,3,1.6732368518936194,2.2056838749753904,0.532447023081771,0.1743847160611183,0.015341673802359124,0.0,0
44707,19,1,1.7582597079289901,2.443964452350044,0.6857047444210538,0.10663976026961453,0.0,0.0,0
44707,19,2,1.7582597079289901,2.396537229541938,0.6382775216129477,0.1126850755521719,0.006045315282557376,0.0,0
44707,19,3,1.7582597079289901,2.2668410346450556,0.5085813267160655,0.1152654056634664,0.008625645393851869,0.0,0
44707,20,1,2.3528736330332167,2.490454433287584,0.13758080025436747,0.048819994540007024,0.0,0.0,0
44707,20,2,2.3528736330332167,2.635041996631343,0.28216836359812625,0.07659569316535848,0.02777569862535146,0.0,0
44707,20,3,2.3528736330332167,2.6254320560182998,0.27255842298508304,0.07681453144369423,0.027994536903687202,0.0,0
44707,21,1,1.7974495838687061,2.08358037606181,0.286130792193104,0.17585060773323377,0.0,0.0,0
44707,21,2,1.7974495838687061,2.179757351122128,0.3823077672534221,0.19880676378200338,0.022956156048769605,0.0,0
44707,21,3,1.7974495838687061,2.131826030351065,0.33437644648235887,0.21089194415648296,0.03504133642324919,0.0,0
44707,22,1,1.8413299967092116,2.334707161001998,0.4933771642927862,0.14814079784559578,0.0012525237194206673,0.0,0
44707,22,2,1.8413299967092116,2.392262151224266,0.5509321545150545,0.15991641089990818,0.013028136773733073,0.0,0
44707,22,3,1.8413299967092116,2.6217025485677015,0.7803725518584899,0.1468882741261751,0.0,0.0,0
44707,23,1,1.1800320048360966,1.2975502389217337,0.11751823408563711,0.06107373190510782,0.0,0.0,0
44707,23,2,1.1800320048360966,1.5697990083612932,0.38976700352519655,0.09535673048024491,0.03428299857513709,0.0,0
44707,23,3,1.1800320048360966,1.5730104512309961,0.39297844639489954,0.09196701266455622,0.030893280759448395,0.0,0
44707,24,1,46.08182597783817,46.137282069892635,0.05545609205446311,0.22396559043106024,0.0,0.0,0
44707,24,2,46.08182597783817,46.13214217094893,0.050316193110759855,0.23269572686870882,0.008730136437648583,0.0,0
44707,24,3,46.08182597783817,46.137068183738805,0.05524220590063322,0.24035835739233943,0.016392766961279198,0.0,0
44707,25,1,46.10808673024885,46.15359586139558,0.04550913114672994,0.2138226798315982,0.0030081151438502707,0.0,0
44707,25,2,46.10808673024885,46.171802608157066,0.06371587790821565,0.2197433576849206,0.008928792997172669,0.0,0
44707,25,3,46.10808673024885,46.206265787883595,0.09817905763474499,0.21081456468774792,0.0,0.0,0
44707,26,1,45.93683652371899,46.03502761984209,0.09819109612310228,0.16242677601364286,0.008166510853001907,0.0,0
44707,26,2,45.93683652371899,46.021948418099534,0.085111894380546,0.15426026516064095,0.0,0.0,0
44707,26,3,45.93683652371899,45.98459773328907,0.04776120957008345,0.15719536952478536,0.002935104364144403,0.0,0
44707,27,1,45.937378706231385,46.032194709827294,0.09481600359590914,0.04992905461878085,0.0,0.0,0
44707,27,2,45.937378706231385,46.03054670614222,0.09316799991083258,0.08735301873135878,0.03742396411257793,0.0,0
44707,27,3,45.937378706231385,46.0106800464235,0.07330134019211698,0.08551747802608192,0.03558842340730107,0.0,0
44707,28,1,2.22595295649964,2.506816986962948,0.2808640304633081,0.16513453640266018,0.0,0.0,0
44707,28,2,2.22595295649964,2.901260994386413,0.6753080378867731,0.18121116243895463,0.01607662603629445,0.0,0
44707,28,3,2.22595295649964,3.361199122178077,1.1352461656784372,0.1666257795181766,0.0014912431155164052,0.0,0
44707,29,1,1.05547910861405,1.612541954928711,0.557062846314661,0.1150553659697528,0.005622457604520514,0.0,0
44707,29,2,1.05547910861405,1.6859495947860927,0.6304704861720427,0.10943290836523228,0.0,0.0,0
44707,29,3,1.05547910861405,1.893435402672154,0.837956294058104,0.1117696182001537,0.002336709834921416,0.0,0
44707,30,1,1.2665024822679924,1.4293609286839906,0.16285844641599811,0.06158450053011928,0.0,0.0,0
44707,30,2,1.2665024822679924,1.8135054810293805,0.547002998761388,0.10071406203497642,0.039129561504857135,0.0,0
44707,30,3,1.2665024822679924,1.7949447150704714,0.5284422328024789,0.0976572841524805,0.036072783622361215,0.0,0
44707,31,1,2.4822793320036864,2.6188114931234514,0.13653216111976496,0.06602023697679024,0.0,0.0,0
44707,31,2,2.4822793320036864,2.783017737580246,0.3007384055765594,0.08641299296577883,0.020392755988988584,0.0,0
44707,31,3,2.4822793320036864,2.7575970460914214,0.275317714087735,0.08976350037690259,0.023743263400112347,0.0,0
44707,32,1,3.742151099769623,3.9146119111393647,0.17246081136974167,0.1806659420550748,0.0,0.06553959970205614,1
44707,32,2,3.742151099769623,4.052812774814666,0.31066167504504305,0.2057259531301162,0.02506001107504141,0.0,0
44707,32,3,3.742151099769623,3.9897962968022966,0.24764519703267363,0.2155323838969374,0.034866441841862605,0.0,0
44707,33,1,1.737405041137766,2.0734123655356926,0.3360073243979267,0.16020031983009075,0.0,0.06553959970205613,1
44707,33,2,1.737405041137766,2.2969333545157418,0.5595283133779758,0.17857608796149865,0.0183757681314079,0.0,0
44707,33,3,1.737405041137766,2.5680876704835804,0.8306826293458145,0.1678742995181176,0.007673979688026855,0.0,0
44707,34,1,2.1020687191681513,2.685553734539284,0.5834850153711328,0.11196712800268137,0.0,0.06553959970205611,1
44707,34,2,2.1020687191681513,2.5599485281032073,0.457879808935056,0.1374235300799743,0.025456402077292925,0.0,0
44707,34,3,2.1020687191681513,2.8364282946005983,0.734359575432447,0.12460681465129678,0.012639686648615409,0.0,0
44707,35,1,2.558665538109072,2.8638454178373567,0.30517987972828475,0.1935090537914231,0.0,0.025984318228306713,1
44707,35,2,2.558665538109072,3.0195726729834593,0.4609071348743874,0.23154626467634956,0.03803721088492645,0.0,0
44707,35,3,2.558665538109072,3.270312089267049,0.711646551157977,0.2576406442592812,0.06413159046785807,0.0,0
44707,36,1,1.3300169113730684,1.8784661805841476,0.5484492692110792,0.17248906361115798,0.015808035092799766,0.06670965689644978,1
44707,36,2,1.3300169113730684,1.8141638612861037,0.4841469499130353,0.15668102851835822,0.0,0.0,0
44707,36,3,1.3300169113730684,2.0689136991035446,0.7388967877304762,0.17356100964845833,0.016879981130100113,0.0,0
44707,37,1,1.4823529864591038,2.0492556998666815,0.5669027134075777,0.12068953932850705,0.0021077403354248375,0.06670965689644978,1
44707,37,2,1.4823529864591038,2.0183675511572154,0.5360145646981116,0.11858179899308222,0.0,0.0,0
44707,37,3,1.4823529864591038,2.0795689064071046,0.5972159199480007,0.12041771163683297,0.0018359126437507561,0.0,0
44707,38,1,2.216927986424784,2.2906718127528047,0.07374382632802057,0.040403861458112526,0.0,0.06670965689644978,1
44707,38,2,2.216927986424784,2.4669121507023655,0.2499841642775813,0.07920948245231435,0.038805620994201824,0.0,0
44707,38,3,2.216927986424784,2.435069042454263,0.21814105602947897,0.0784748662349906,0.038071004776878074,0.0,0
44707,39,1,1.958198596008571,3.9083821488090797,1.9501835528005087,0.14510906130146825,0.0,0.048942428766114016,1
44707,39,2,1.958198596008571,3.0576243698278573,1.0994257738192863,0.2141625136620747,0.06905345236060645,0.05955124416055907,1
44707,39,3,1.958198596008571,7.011427800142556,5.053229204133985,0.3298575657751095,0.18474850447364125,0.0,0
44707,40,1,2.0172884486442157,3.468769195260672,1.4514807466164563,0.13478017244377521,0.0,0.05955124416055907,1
44707,40,2,2.0172884486442157,3.4954269062170633,1.4781384575728476,0.16629836602212156,0.03151819357834634,0.0,0
44707,40,3,2.0172884486442157,6.743005615514958,4.7257171668707425,0.29218799599165773,0.15740782354788252,0.0,0
44707,41,1,1.4343006196965402,1.6422810410109112,0.207980421314371,0.16818143245116587,0.0,0.0,0
44707,41,2,1.4343006196965402,1.6684766488742564,0.23417602917771618,0.18856561217795959,0.02038417972679371,0.0,0
44707,41,3,1.4343006196965402,1.7817417152413093,0.3474410955447691,0.2097520730958573,0.04157064064469143,0.0,0
44707,42,1,9.30557257978387,9.447307729544807,0.1417351497609367,0.1666676016711434,0.0,0.0,0
44707,42,2,9.30557257978387,9.573912231059944,0.26833965127607406,0.1890064844798266,0.022338882808683208,0.0,0
44707,42,3,9.30557257978387,9.45427591965338,0.14870333986950968,0.19121927603999067,0.02455167436884728,0.0,0
44707,43,1,1.1289603048211279,1.345159365634014,0.2161990608128861,0.05778597202855216,0.0,0.0,0
44707,43,2,1.1289603048211279,1.7889158545937534,0.6599555497726255,0.0884603364103586,0.030674364381806436,0.0,0
44707,43,3,1.1289603048211279,1.6253370449623126,0.4963767401411847,0.08739995928802521,0.029613987259473055,0.0,0
44707,44,1,8.197097137395641,8.520699396022426,0.32360225862678504,0.25215988643122805,0.0037244560690924966,0.0,0
44707,44,2,8.197097137395641,8.646807287540998,0.4497101501453571,0.24843543036213556,0.0,0.0,0
44707,44,3,8.197097137395641,8.418504841599576,0.2214077042039353,0.26528598517293556,0.0168505548108,0.0,0
44707,45,1,7.992969692139381,8.212974478969707,0.22000478683032654,0.10516825297966309,0.0,0.0,0
44707,45,2,7.992969692139381,8.287660210550449,0.29469051841106797,0.11174129630421276,0.0065730433245496656,0.0,0
44707,45,3,7.992969692139381,8.283738512275855,0.2907688201364742,0.11559095404453361,0.010422701064870518,0.0,0
44707,46,1,3.156499592943711,3.2433340973456537,0.08683450440194251,0.18497233337690475,0.0,0.03631822549164615,1
44707,46,2,3.156499592943711,3.2519471589902955,0.09544756604658433,0.1955432830964088,0.010570949719504064,0.08592239069395577,1
44707,46,3,3.156499592943711,3.3178383968648992,0.16133880392118805,0.20236930281584525,0.017396969438940507,0.0,0
44707,47,1,2.1399828042230853,2.807612394838973,0.6676295906158876,0.13379175591751144,0.0,0.03631822549164615,1
44707,47,2,2.1399828042230853,2.837584855809712,0.6976020515866268,0.1635128988515621,0.02972114293405065,0.0859223906939558,1
44707,47,3,2.1399828042230853,2.9631459124582684,0.8231631082351831,0.15147556103248408,0.01768380511497264,0.0,0
44707,48,1,2.0602922632657155,2.689598958976048,0.6293066957103326,0.11002031403939212,0.0,0.0859223906939558,1
44707,48,2,2.0602922632657155,2.7025037010173643,0.6422114377516488,0.11875968498172412,0.008739370942332,0.0,0
44707,48,3,2.0602922632657155,2.781364016223698,0.7210717529579824,0.11589435328303183,0.005874039243639703,0.0,0
44707,49,1,3.371031234470061,4.029762290391778,0.658731055921717,0.14824699210058034,0.0,0.03920777420984528,1
44707,49,2,3.371031234470061,3.8099479422414646,0.43891670777140357,0.1873091213376863,0.03906212923710595,0.03598704921503326,1
44707,49,3,3.371031234470061,4.346462873652241,0.97543163918218,0.2154022920196497,0.06715529991906935,0.0,0
44707,50,1,6.008255037089945,6.298751578779366,0.2904965416894214,0.12101590641080284,0.0,0.03598704921503325,1
44707,50,2,6.008255037089945,6.5119067916795474,0.5036517545896029,0.1266562933433192,0.005640386932516367,0.0,0
44707,50,3,6.008255037089945,6.34255649893683,0.33430146184688514,0.12667752928878606,0.005661622877983219,0.0,0
44707,51,1,2.4727843409615256,3.253419014365216,0.7806346734036906,0.14371774987004904,0.0,0.011635337531651635,1
44707,51,2,2.4727843409615256,3.2869959258042956,0.81421158484277,0.15059235615549915,0.006874606285450113,0.0,0
44707,51,3,2.4727843409615256,3.675524515316437,1.2027401743549113,0.20258696672819262,0.058869216858143586,0.002034348925165741,0
44707,52,1,2.0329786397830434,2.8795120816820434,0.846533441899,0.13113682567996812,0.0,0.008801224135744773,1
44707,52,2,2.0329786397830434,2.8668466516373736,0.8338680118543302,0.1486439593818773,0.017507133701909178,0.010835573060910486,1
44707,52,3,2.0329786397830434,3.720563456734945,1.6875848169519014,0.2003827450127128,0.06924591933274468,0.0,0
44707,53,1,1.5892885445961376,1.8344951305071748,0.24520658591103728,0.15355967677852742,0.0,0.0,0
44707,53,2,1.5892885445961376,1.9449620490754835,0.355673504479346,0.1614219624417906,0.007862285663263191,0.0,0
44707,53,3,1.5892885445961376,2.1185850199365808,0.5292964753404432,0.17471728076409893,0.02115760398557151,0.0,0
44707,54,1,1.504945204657163,2.0220587356975193,0.5171135310403563,0.16698259100301077,0.007023759547607228,0.1398304061524398,1
44707,54,2,1.504945204657163,1.9612020909244552,0.4562568862672922,0.17061460444647694,0.010655772991073398,0.06781860835806808,1
44707,54,3,1.504945204657163,1.7454299747508741,0.24048477009371116,0.15995883145540354,0.0,0.0,0
44707,55,1,1.696369081664607,2.0216040175233316,0.32523493585872454,0.14423099953335228,0.017601027300486877,0.1398304061524398,1
44707,55,2,1.696369081664607,1.963617651277182,0.2672485696125748,0.13662739564356405,0.009997423410698647,0.06781860835806809,1
44707,55,3,1.696369081664607,1.8730323570385767,0.17666327537396964,0.1266299722328654,0.0,0.0,0
44707,56,1,1.7395058285281102,2.334277766853215,0.5947719383251047,0.19875508925976992,0.0,0.06409900547679098,1
44707,56,2,1.7395058285281102,2.42850341522967,0.6889975867015596,0.2056633615703496,0.006908272310579666,0.0,0
44707,56,3,1.7395058285281102,2.5529605818685233,0.8134547533404131,0.2378368722917242,0.03908178303195428,0.0,0
44707,57,1,2.9284805403527887,3.529215471986204,0.6007349316334154,0.11850814077771822,0.00026703682685197405,0.06409900547679098,1
44707,57,2,2.9284805403527887,3.6855992720087736,0.7571187316559849,0.11824110395086625,0.0,0.0,0
44707,57,3,2.9284805403527887,3.4338433498940164,0.5053628095412277,0.12943482864257885,0.011193724691712606,0.0,0
44707,58,1,3.050989688887653,3.5681352664876784,0.5171455776000253,0.15988163904758804,0.0,0.0,0
44707,58,2,3.050989688887653,3.606832339684037,0.5558426507963841,0.20869119773821151,0.04880955869062348,0.0348022372624362,1
44707,58,3,3.050989688887653,4.040397044805308,0.9894073559176553,0.2347040406640272,0.07482240161643916,0.0348022372624362,1
44707,59,1,2.3131097884175285,2.766872049694072,0.45376226127654373,0.153532577784919,0.00726831412564885,0.0,0
44707,59,2,2.3131097884175285,2.747481311570028,0.4343715231524996,0.1594899291107285,0.013225665451458368,0.0,0
44707,59,3,2.3131097884175285,2.6264859315370304,0.3133761431195019,0.14626426365927014,0.0,0.0,0
44707,60,1,1.0068228424573373,1.3708853373568926,0.3640624948995552,0.14441920849650847,0.019190574511337988,0.0,0
44707,60,2,1.0068228424573373,1.4870193708432542,0.48019652838591687,0.13061698663205015,0.005388352646879674,0.0,0
44707,60,3,1.0068228424573373,1.367421440781332,0.36059859832399477,0.12522863398517048,0.0,0.0,0
44707,61,1,3.3010462569652246,3.6602335742618903,0.35918731729666575,0.05759448927468643,0.0,0.0,0
44707,61,2,3.3010462569652246,4.047045851896294,0.7459995949310692,0.09257859721255812,0.03498410793787169,0.0,0
44707,61,3,3.3010462569652246,3.7131753179207623,0.4121290609555377,0.09008807199789512,0.03249358272320869,0.0,0
44707,62,1,1.6689457519444642,2.4391964337510643,0.7702506818066002,0.1249903804564207,0.012163271417002672,0.039266701371824364,1
44707,62,2,1.6689457519444642,2.472285945759099,0.8033401938146347,0.11343684232728928,0.0006097332878712419,0.0,0
44707,62,3,1.6689457519444642,2.185115770301457,0.5161700183569928,0.11282710903941803,0.0,0.0048783499671088415,0
44707,63,1,1.962637793794811,2.253883819738134,0.29124602594332294,0.05844341084623838,0.0,0.060835415222524364,1
44707,63,2,1.962637793794811,2.37169535829184,0.4090575644970291,0.10075881614056703,0.04231540529432865,0.06571376518963315,1
44707,63,3,1.962637793794811,2.3905460613066216,0.42790826751181066,0.09620269565565528,0.037759284809416906,0.0,0
44707,64,1,3.507471757569378,3.721210510866753,0.2137387532973749,0.06354200387727019,0.0,0.06571376518963315,1
44707,64,2,3.507471757569378,4.025520070814652,0.518048313245274,0.08422949370249996,0.020687489825229777,0.0,0
44707,64,3,3.507471757569378,3.799958737178161,0.2924869796087828,0.08456518421087195,0.02102318033360176,0.0,0
44707,65,1,1.6591920979953834,2.447351038602059,0.7881589406066758,0.177435824264732,0.02953853518806776,0.0,0
44707,65,2,1.6591920979953834,2.191711316487016,0.5325192184916325,0.17133503866288405,0.023437749586219803,0.0,0
44707,65,3,1.6591920979953834,2.140076144642758,0.4808840466473745,0.14789728907666425,0.0,0.0,0
44707,66,1,17.914877801703078,18.164753806474955,0.24987600477187755,0.14510792779148043,0.0,0.0,0
44707,66,2,17.914877801703078,18.03329434370659,0.11841654200351215,0.18506569370874706,0.03995776591726663,0.021793296177466254,1
44707,66,3,17.914877801703078,18.24804708119573,0.33316927949265107,0.2014480481450869,0.05634012035360647,0.031197180534703897,1
44707,67,1,14.386854699594284,14.643357636885785,0.25650293729150064,0.13863033935193375,0.0,0.0,0
44707,67,2,14.386854699594284,14.607574828072291,0.22072012847800693,0.14881601229886968,0.010185672946935925,0.009403884357237654,1
44707,67,3,14.386854699594284,14.60229067557815,0.21543597598386555,0.14307461974734936,0.004444280395415612,0.009403884357237654,1
44707,68,1,13.817144424207012,14.23419074436868,0.41704632016166876,0.14838195149550024,0.0,0.0,0
44707,68,2,13.817144424207012,13.964763434281537,0.14761901007452494,0.1962313558174245,0.04784940432192428,0.048679386277241166,1
44707,68,3,13.817144424207012,14.953997942469693,1.136853518262681,0.27336859719072876,0.12498664569522852,0.06323973362344916,1
44707,69,1,14.30267956884926,14.567161987708939,0.2644824188596786,0.14583272253240545,0.0,0.0,0
44707,69,2,14.30267956884926,14.446130248301818,0.14345067945255785,0.17069406127676823,0.024861338744362776,0.014560347346207987,1
44707,69,3,14.30267956884926,15.056293012609473,0.7536134437602122,0.24073306407675968,0.09490034154435423,0.014560347346207987,1
44707,70,1,11.960779613779891,12.290316101536018,0.3295364877561262,0.12196834282035313,0.0,0.005492376372607133,1
44707,70,2,11.960779613779891,12.181111681812064,0.22033206803217276,0.1882552912120539,0.06628694839170077,0.0,0
44707,70,3,11.960779613779891,13.030626005663853,1.0698463918839618,0.2409493403744981,0.11898099755414498,0.0,0
44707,71,1,13.928727322477354,14.188332557843017,0.2596052353656635,0.13959257018772084,0.0,0.0,0
44707,71,2,13.928727322477354,14.084118011611258,0.1553906891339043,0.1830004013759096,0.04340783118818875,0.009594910347364323,1
44707,71,3,13.928727322477354,14.343053958812408,0.41432663633505484,0.20192698380437832,0.06233441361665748,0.009594910347364323,1
44708,0,1,1.389318709240431,2.304387971949782,0.9150692627093511,0.12579277701492408,0.0009123583135183522,0.1749054368054069,1
44708,0,2,1.389318709240431,1.9454517561911835,0.5561330469507524,0.12488041870140573,0.0,0.102578858637941,1
44708,0,3,1.389318709240431,2.2422940853034765,0.8529753760630454,0.13398706550670975,0.009106646805304014,0.0,0
44708,1,1,2.015415404813708,2.592655906564039,0.5772405017503313,0.08256004421314164,0.0,0.1749054368054069,1
44708,1,2,2.015415404813708,2.6902848027301625,0.6748693979164546,0.11273060448340488,0.03017056027026324,0.102578858637941,1
44708,1,3,2.015415404813708,2.726470169740223,0.7110547649265153,0.10817148695435211,0.025611442741210466,0.0,0
44708,2,1,1.6708551845011228,2.014393306217164,0.34353812171604137,0.17001245624577097,0.02662061877376959,0.01815990450060867,1
44708,2,2,1.6708551845011228,1.9180813168883688,0.247226132387246,0.15769306467900351,0.014301227207002137,0.0,0
44708,2,3,1.6708551845011228,1.97776822430858,0.3069130398074571,0.14339183747200138,0.0,0.0,0
44708,3,1,1.1743072779462262,1.6722348249661827,0.49792754701995645,0.1254141032329993,0.0064762278707878596,0.01815990450060867,1
44708,3,2,1.1743072779462262,1.7873749528313465,0.6130676748851203,0.11893787536221145,0.0,0.0,0
44708,3,3,1.1743072779462262,1.8749611152989396,0.7006538373527134,0.11992509395162622,0.000987218589414765,0.0,0
44708,4,1,2.401040841085146,2.8363315682118375,0.4352907271266915,0.12534583463231852,0.008144421298422133,0.01815990450060867,1
44708,4,2,2.401040841085146,2.842427312687904,0.4413864716027578,0.12170159052489236,0.004500177190995977,0.0,0
44708,4,3,2.401040841085146,3.0321719009366097,0.6311310598514637,0.11720141333389639,0.0,0.0,0
44708,5,1,2.6393240774532947,2.847878276698227,0.20855419924493246,0.049363467228008495,0.0,0.01815990450060867,1
44708,5,2,2.6393240774532947,3.0493680563128107,0.41004397885951605,0.08968762832777208,0.040324161099763584,0.0,0
44708,5,3,2.6393240774532947,3.0937488830975037,0.45442480564420906,0.08977216560782961,0.04040869837982111,0.0,0
44708,6,1,1.9607526623102793,2.6549013210540826,0.6941486587438033,0.22681101322487293,0.005473404889386968,0.09332891930711196,1
44708,6,2,1.9607526623102793,2.521278461738616,0.5605257994283366,0.22771731018473704,0.006379701849251074,0.0,0
44708,6,3,1.9607526623102793,2.417706253190861,0.45695359088058174,0.22133760833548596,0.0,0.0,0
44708,7,1,0.9405359661687299,1.0845255656115236,0.14398959944279366,0.1726120896772669,0.019197795038422005,0.09332891930711196,1
44708,7,2,0.9405359661687299,1.6091321203039748,0.6685961541352449,0.1534142946388449,0.0,0.0,0
44708,7,3,0.9405359661687299,1.5234795011881075,0.5829435350193776,0.15630329634174384,0.0028890017028989357,0.0,0
44708,8,1,1.2666307490558875,1.7932814783852649,0.5266507293293774,0.14072518026705358,0.011347105886944764,0.09332891930711194,1
44708,8,2,1.2666307490558875,2.0125116238755787,0.7458808748196912,0.12937807438010882,0.0,0.0,0
44708,8,3,1.2666307490558875,1.8727673330727668,0.6061365840168793,0.13132857979383386,0.0019505054137250455,0.0,0
44708,9,1,2.8533760712917937,3.148314854361407,0.2949387830696133,0.0553655569089174,0.0,0.09332891930711196,1
44708,9,2,2.8533760712917937,3.3685505364931827,0.515174465201389,0.08143028997645932,0.026064733067541916,0.0,0
44708,9,3,2.8533760712917937,3.2246468465230462,0.3712707752312525,0.08017083786204843,0.024805280953131024,0.0,0
44708,10,1,2.3645464971466392,3.0990890512510116,0.7345425541043724,0.27154000443433773,0.015810638646475084,0.0,0
44708,10,2,2.3645464971466392,3.087245781018302,0.7226992838716626,0.25572936578786265,0.0,0.0,0
44708,10,3,2.3645464971466392,3.3635229139570866,0.9989764168104474,0.2848158409528751,0.02908647516501245,0.0,0
44708,11,1,0.8162569113222485,1.9616536658843877,1.1453967545621393,0.19483129279390732,0.006213635752021857,0.0,0
44708,11,2,0.8162569113222485,2.2198748026821176,1.4036178913598691,0.19849506052533666,0.009877403483451203,0.0,0
44708,11,3,0.8162569113222485,1.4649705106058484,0.6487135992835998,0.18861765704188546,0.0,0.0,0
44708,12,1,1.187386647601698,2.169049506562929,0.9816628589612311,0.1232029761438456,0.0,0.0,0
44708,12,2,1.187386647601698,1.61471229295889,0.42732564535719186,0.12344908575239867,0.0002461096085530773,0.0,0
44708,12,3,1.187386647601698,2.468716333667909,1.281329686066211,0.12895486689301255,0.00575189074916696,0.0,0
44708,13,1,1.7275762553523215,2.114477380445647,0.3869011250933254,0.05911329526544939,0.0,0.0,0
44708,13,2,1.7275762553523215,2.2763446869737427,0.5487684316214212,0.06975710131171947,0.010643806046270084,0.0,0
44708,13,3,1.7275762553523215,2.2477636903082354,0.5201874349559139,0.06768400261275927,0.008570707347309879,0.0,0
44708,14,1,1.5499687001505729,2.1008680231181116,0.5508993229675387,0.20136180211775764,0.0,0.0,0
44708,14,2,1.5499687001505729,2.073252006703952,0.5232833065533793,0.21078587991814157,0.009424077800383929,0.0,0
44708,14,3,1.5499687001505729,1.923918067991926,0.37394936784135324,0.23048017806617535,0.029118375948417707,0.0,0
44708,15,1,1.5263571781073544,2.128543175244841,0.6021859971374866,0.17699825124941224,0.018462167025747794,0.0,0
44708,15,2,1.5263571781073544,2.0554276526384214,0.529070474531067,0.17116653772806073,0.012630453504396288,0.0,0
44708,15,3,1.5263571781073544,2.175570011677141,0.6492128335697867,0.15853608422366444,0.0,0.0,0
44708,16,1,1.4000870827682654,1.955156285383127,0.5550692026148616,0.1345735988134307,0.030997061104968568,0.0,0
44708,16,2,1.4000870827682654,1.720545415262179,0.32045833249391364,0.11184096106746316,0.00826442335900103,0.0,0
44708,16,3,1.4000870827682654,1.9241149576515801,0.5240278748833147,0.10357653770846213,0.0,0.0,0
44708,17,1,4.974414604801613,5.371758488309141,0.3973438835075287,0.24067529942731297,0.007579590692225663,0.0,0
44708,17,2,4.974414604801613,5.249836503487408,0.2754218986857957,0.2330957087350873,0.0,0.0,0
44708,17,3,4.974414604801613,5.475356955163528,0.5009423503619157,0.2429554936510254,0.009859784915938086,0.0,0
44708,18,1,5.028525921337504,5.427485735693696,0.3989598143561919,0.2193701056931067,0.008763374734851115,0.0,0
44708,18,2,5.028525921337504,5.691085279558696,0.6625593582211922,0.22314676485619786,0.012540033897942282,0.0,0
44708,18,3,5.028525921337504,5.601052382083841,0.572526460746337,0.21060673095825558,0.0,0.0,0
44708,19,1,4.381166883994245,5.0333146207911215,0.6521477367968762,0.1785249290980385,0.021726966196125658,0.0,0
44708,19,2,4.381166883994245,4.9342841632827605,0.5531172792885153,0.15679796290191284,0.0,0.0,0
44708,19,3,4.381166883994245,4.750052315462949,0.368885431468704,0.16359602269827808,0.006798059796365247,0.0,0
44708,20,1,3.924266578014668,4.848087613143908,0.9238210351292397,0.06127015495303422,0.0,0.0,0
44708,20,2,3.924266578014668,4.798024032958744,0.8737574549440761,0.08114574467775543,0.019875589724721206,0.0,0
44708,20,3,3.924266578014668,4.506254169612246,0.5819875915975783,0.07447268582776814,0.013202530874733921,0.0,0
44708,21,1,2.098993842402537,2.8101980749561286,0.7112042325535914,0.18803712862309996,0.04290910587058103,0.06940770712412664,1
44708,21,2,2.098993842402537,2.633418968561221,0.5344251261586836,0.16964472975247802,0.024516706999959087,0.0,0
44708,21,3,2.098993842402537,2.678557159971933,0.5795633175693959,0.14512802275251893,0.0,0.0,0
44708,22,1,1.1126469040387057,1.808680186735441,0.6960332826967353,0.11840016195853494,0.0,0.06940770712412664,1
44708,22,2,1.1126469040387057,1.6866159254155932,0.5739690213768875,0.11981344884458409,0.0014132868860491504,0.0,0
44708,22,3,1.1126469040387057,2.3552925786232644,1.2426456745845587,0.12026254697032449,0.0018623850117895496,0.0,0
44708,23,1,1.1268656297254032,1.8426594698994658,0.7157938401740627,0.08828431410559905,0.0,0.06940770712412664,1
44708,23,2,1.1268656297254032,1.9867964681687014,0.8599308384432982,0.10137799809118038,0.013093683985581334,0.0,0
44708,23,3,1.1268656297254032,1.903122014466133,0.7762563847407298,0.09574185974602058,0.007457545640421531,0.0,0
44708,24,1,2.600836269056834,2.814184700680145,0.21334843162331119,0.05749485651161891,0.0,0.06940770712412664,1
44708,24,2,2.600836269056834,2.9000270402151926,0.2991907711583588,0.08741719948862278,0.02992234297700387,0.0,0
44708,24,3,2.600836269056834,2.9564325016355673,0.3555962325787334,0.08595980043740631,0.028464943925787398,0.0,0
44708,25,1,3.177593636801815,3.8785889664693505,0.7009953296675353,0.19890244904948945,0.0,0.06474427928780319,1
44708,25,2,3.177593636801815,3.829574803644622,0.6519811668428068,0.21581120420008285,0.016908755150593396,0.0,0
44708,25,3,3.177593636801815,3.8058154111877114,0.6282217743858962,0.23684639017782097,0.03794394112833152,0.0,0
44708,26,1,1.4540338040911553,2.153593241539477,0.6995594374483218,0.1929010486551964,0.0004302091778776995,0.06474427928780317,1
44708,26,2,1.4540338040911553,2.3798624254038114,0.9258286213126561,0.19679492644385987,0.004324086966541185,0.0,0
44708,26,3,1.4540338040911553,2.2749733066071554,0.820939502516,0.1924708394773187,0.0,0.0,0
44708,27,1,2.0249981055015924,2.567254069491116,0.5422559639895237,0.1031851475125402,0.0,0.06474427928780319,1
44708,27,2,2.0249981055015924,2.5210850998185097,0.4960869943169173,0.11825649452661588,0.015071347014075684,0.0,0
44708,27,3,2.0249981055015924,2.623599569489098,0.5986014639875057,0.12547872072251728,0.02229357320997709,0.0,0
44708,28,1,2.544223521657613,3.2523923839585294,0.7081688623009166,0.2615739555728498,0.004757846440663183,0.0677888096516418,1
44708,28,2,2.544223521657613,3.165724780881716,0.6215012592241034,0.2582294103061444,0.0014133011739577706,0.0,0
44708,28,3,2.544223521657613,3.5438713172819147,0.999647795624302,0.2568161091321866,0.0,0.0,0
44708,29,1,1.1025997497249231,1.3489473978001456,0.24634764807522247,0.186645169380018,0.015271042824352044,0.06778880965164183,1
44708,29,2,1.1025997497249231,1.8160076375969587,0.7134078878720356,0.17137412655566595,0.0,0.0,0
44708,29,3,1.1025997497249231,2.187912643313688,1.0853128935887648,0.18277864920755998,0.011404522651894039,0.0,0
44708,30,1,1.6351650388452164,2.186803242060177,0.5516382032149607,0.12977900302377315,0.004064628629044775,0.06778880965164186,1
44708,30,2,1.6351650388452164,2.216130509571319,0.5809654707261027,0.12571437439472838,0.0,0.0,0
44708,30,3,1.6351650388452164,2.258396075900405,0.6232310370551886,0.12868309529411712,0.002968720899388738,0.0,0
44708,31,1,1.90901739356937,2.0114822026725037,0.10246480910313371,0.047115145021063835,0.0,0.06778880965164184,1
44708,31,2,1.90901739356937,2.2350061087642183,0.3259887151948484,0.0772419836884565,0.030126838667392665,0.0,0
44708,31,3,1.90901739356937,2.2900441611333173,0.3810267675639474,0.07762166851549282,0.030506523494428985,0.0,0
44708,32,1,1.7089430681053923,3.3844274837658452,1.675484415660453,0.18329238212707555,0.0,0.06081069261344371,1
44708,32,2,1.7089430681053923,2.584061983213186,0.8751189151077938,0.2138964345424493,0.030604052415373756,0.0,0
44708,32,3,1.7089430681053923,5.413271469465375,3.704328401359983,0.31274387045640406,0.1294514883293285,0.0,0
44708,33,1,1.6281251867361786,3.027786227087154,1.3996610403509753,0.13929948443109083,0.0,0.060810692613443726,1
44708,33,2,1.6281251867361786,2.5906039873622357,0.9624788006260572,0.17553019622151064,0.03623071179041981,0.0,0
44708,33,3,1.6281251867361786,5.750094143024613,4.121968956288435,0.2752967275384463,0.13599724310735548,0.0,0
44708,34,1,2.6177249282588315,3.9960469718284046,1.378322043569573,0.15971196810961016,0.0,0.0,0
44708,34,2,2.6177249282588315,3.5213378801101376,0.9036129518513061,0.20602251863317939,0.04631055052356922,0.01772427543356636,1
44708,34,3,2.6177249282588315,6.844461669335294,4.226736741076462,0.3204770316276167,0.16076506351800654,0.02421661387893448,1
44708,35,1,2.2121830840771355,3.588298901507983,1.3761158174308474,0.11632713856091566,0.0,0.0,0
44708,35,2,2.2121830840771355,3.2724472831904405,1.060264199113305,0.16733851163294522,0.05101137307202956,0.006492338445368062,1
44708,35,3,2.2121830840771355,6.416133996755522,4.203950912678387,0.2705127454292506,0.15418560686833493,0.007551530840829435,1
44708,36,1,1.4019226486818752,1.8263856721033336,0.42446302342145836,0.19418264918703018,0.0,0.0,0
44708,36,2,1.4019226486818752,1.7590586444674439,0.35713599578556865,0.1957988631020149,0.0016162139149847043,0.0,0
44708,36,3,1.4019226486818752,1.7342198539626394,0.33229720528076423,0.22540667622056262,0.031224027033532442,0.0,0
44708,37,1,8.62661838913316,8.980751712588678,0.3541333234555175,0.17952604702841257,0.0,0.0,0
44708,37,2,8.62661838913316,9.20331117766673,0.5766927885335704,0.18376115129576087,0.0042351042673483,0.0,0
44708,37,3,8.62661838913316,8.865093357837514,0.23847496870435414,0.18206385928632396,0.002537812257911387,0.0,0
44708,38,1,1.346224634025886,2.4248256721868016,1.0786010381609155,0.07907447899924944,0.0031588008706848053,0.0,0
44708,38,2,1.346224634025886,1.9848920963407863,0.6386674623149002,0.08237195805380867,0.006456279925244043,0.0,0
44708,38,3,1.346224634025886,2.1061159991804437,0.7598913651545576,0.07591567812856463,0.0,0.0,0
44708,39,1,1.884051232171314,2.6960124710730033,0.8119612389016893,0.27038356726630863,0.011401134943992752,0.0,0
44708,39,2,1.884051232171314,2.3206742200585007,0.43662298788718656,0.2589824323223159,0.0,0.0,0
44708,39,3,1.884051232171314,2.4444756143119744,0.5604243821406603,0.2790471915516192,0.02006475922930334,0.0,0
44708,40,1,1.8199236273093007,2.6508792414425737,0.830955614133273,0.10806863682243333,0.0,0.0,0
44708,40,2,1.8199236273093007,2.3731340567549486,0.5532104294456479,0.11458614716497262,0.006517510342539293,0.0,0
44708,40,3,1.8199236273093007,2.9488812797740467,1.128957652464746,0.11622526466764213,0.008156627845208805,0.0,0
44708,41,1,2.85020815815428,2.9810181491493895,0.13080999099510926,0.20309000937737443,0.0,0.08440561534976343,1
44708,41,2,2.85020815815428,3.3508440953632594,0.5006359372089793,0.2095375967099101,0.00644758733253567,0.0,0
44708,41,3,2.85020815815428,3.400103046226642,0.549894888072362,0.2088993887079523,0.005809379330577874,0.0,0
44708,42,1,1.858381129226101,2.471496206941727,0.613115077715626,0.1809923116432857,0.017415666183269035,0.08440561534976343,1
44708,42,2,1.858381129226101,2.5598106979420736,0.7014295687159726,0.1756850190692613,0.012108373609244633,0.0,0
44708,42,3,1.858381129226101,2.5403802101288298,0.6819990809027288,0.16357664546001666,0.0,0.0,0
44708,43,1,1.9731927458279839,2.5215452428949927,0.5483524970670088,0.11212423937785247,0.0,0.08440561534976343,1
44708,43,2,1.9731927458279839,2.629784523298369,0.6565917774703851,0.12430185225305777,0.012177612875205301,0.0,0
44708,43,3,1.9731927458279839,2.7280045170412643,0.7548117712132805,0.125528503432629,0.01340426405477653,0.0,0
44708,44,1,2.4629633941962665,3.515250997229,1.0522876030327333,0.22354639406960677,0.0,0.03674077750059085,1
44708,44,2,2.4629633941962665,3.2766263443209054,0.8136629501246389,0.2311788815972157,0.007632487527608922,0.0,0
44708,44,3,2.4629633941962665,3.3542214279508613,0.8912580337545948,0.24645940849740253,0.022913014427795753,0.0,0
44708,45,1,4.905926980278897,5.501484118543145,0.5955571382642475,0.11059336211531193,0.0,0.036740777500590835,1
44708,45,2,4.905926980278897,5.418222843575299,0.5122958632964014,0.12596245183444674,0.01536908971913481,0.0,0
44708,45,3,4.905926980278897,5.2607096717914965,0.35478269151259934,0.13281636624056029,0.022223004125248358,0.0,0
44708,46,1,2.3179239415828787,3.0581593682030728,0.740235426620194,0.15264112785160053,0.0,0.0,0
44708,46,2,2.3179239415828787,2.688698867194421,0.37077492561154246,0.17121593080185138,0.01857480295025085,0.017898469647212534,1
44708,46,3,2.3179239415828787,3.992136988416072,1.6742130468331933,0.21893317663344877,0.06629204878184825,0.0066197662531702894,1
44708,47,1,2.1851835292834174,3.1110940629067696,0.9259105336233522,0.15772874197954226,0.003480948983402843,0.010407046480006954,1
44708,47,2,2.1851835292834174,2.817588835213617,0.6324053059301997,0.15424779299613942,0.0,0.0112787033940423,1
44708,47,3,2.1851835292834174,3.2160401850102027,1.0308566557267853,0.185893607758674,0.031645814762534585,0.0,0
44708,48,1,1.9792959282443185,2.6220618542043206,0.642765925960002,0.13138422429055915,0.0,0.010407046480006954,1
44708,48,2,1.9792959282443185,2.461685265440533,0.48238933719621424,0.1426321729259589,0.01124794863539974,0.011278703394042244,1
44708,48,3,1.9792959282443185,3.185317566808397,1.2060216385640785,0.18331693204408148,0.05193270775352232,0.0,0
44708,49,1,1.1991804817901908,1.915562469066543,0.7163819872763522,0.19927817329755795,0.007430159574186579,0.0,0
44708,49,2,1.1991804817901908,1.940074784187057,0.7408943023968662,0.19896284243001902,0.007114828706647647,0.0,0
44708,49,3,1.1991804817901908,1.769283495165261,0.5701030133750702,0.19184801372337137,0.0,0.0,0
44708,50,1,3.993555613275814,4.8378186852321665,0.8442630719563526,0.16459265855827604,0.0,0.06774396284580392,1
44708,50,2,3.993555613275814,4.590920096870366,0.5973644835945517,0.1891012418414642,0.024508583283188168,0.0,0
44708,50,3,3.993555613275814,4.875290087633223,0.8817344743574091,0.21271830526693022,0.048125646708654185,0.0,0
44708,51,1,1.8397726866541404,2.4700425190277584,0.630269832373618,0.19904701813796272,0.027813959580433756,0.06774396284580392,1
44708,51,2,1.8397726866541404,2.4065660411053775,0.5667933544512371,0.179641706171837,0.00840864761430804,0.0,0
44708,51,3,1.8397726866541404,2.457566628836624,0.6177939421824836,0.17123305855752896,0.0,0.0,0
44708,52,1,1.5861777903491734,1.831834069235136,0.24565627888596264,0.15563850438313273,0.024886814276994185,0.0677439628458039,1
44708,52,2,1.5861777903491734,1.9728582716847711,0.38668048133559774,0.14208739307151164,0.01133570296537309,0.0,0
44708,52,3,1.5861777903491734,1.9541308526275767,0.3679530622784033,0.13075169010613855,0.0,0.0,0
44708,53,1,1.9878623343116015,2.3308703936078246,0.343008059296223,0.040386246160069,0.0,0.06774396284580392,1
44708,53,2,1.9878623343116015,2.576503050893335,0.5886407165817336,0.09457326931031985,0.054187023150250854,0.0,0
44708,53,3,1.9878623343116015,2.524517186411149,0.5366548520995476,0.09201138228849172,0.05162513612842272,0.0,0
44708,54,1,1.5918516023646259,2.288831774154061,0.696980171789435,0.22232871989137856,0.010433134511753983,0.0,0
44708,54,2,1.5918516023646259,2.166778278395036,0.5749266760304099,0.21189558537962458,0.0,0.0,0
44708,54,3,1.5918516023646259,2.4134286080259963,0.8215770056613705,0.2522131134319765,0.04031752805235192,0.0,0
44708,55,1,2.259428160600259,3.064978232125157,0.8055500715248978,0.1277352768672957,0.0,0.0,0
44708,55,2,2.259428160600259,3.0873388424807997,0.8279106818805406,0.1352490590308602,0.00751378216356452,0.0,0
44708,55,3,2.259428160600259,2.7125705678609875,0.4531424072607284,0.138964904240749,0.011229627373453316,0.0,0
44708,56,1,2.645541513529388,3.06994400226413,0.42440248873474173,0.18294282032456388,0.0,0.0,0
44708,56,2,2.645541513529388,2.900874446348177,0.255332932818789,0.19593618085038303,0.012993360525819148,0.0,0
44708,56,3,2.645541513529388,2.981767421445455,0.336225907916067,0.2078467719990838,0.02490395167451992,0.0,0
44708,57,1,2.2814089942847238,2.6651516080963944,0.38374261381167063,0.16900318533368536,0.016558991801247536,0.0,0
44708,57,2,2.2814089942847238,2.5691712409519716,0.2877622466672478,0.16483907975622325,0.012394886223785428,0.0,0
44708,57,3,2.2814089942847238,2.64058236310623,0.3591733688215064,0.15244419353243782,0.0,0.0,0
44708,58,1,0.9427091516832901,1.4590959168809654,0.5163867651976753,0.16121164648576908,0.03780237780167606,0.0,0
44708,58,2,0.9427091516832901,1.1646862650272425,0.22197711334395243,0.13598185446760266,0.012572585783509643,0.0,0
44708,58,3,0.9427091516832901,1.2197060767515915,0.2769969250683014,0.12340926868409302,0.0,0.0,0
44708,59,1,2.8288086829889743,3.7142252334711143,0.8854165504821401,0.06354888981459897,0.0,0.0,0
44708,59,2,2.8288086829889743,3.9992704880267773,1.170461805037803,0.09593242855539406,0.032383538740795095,0.0,0
44708,59,3,2.8288086829889743,3.2483794692539227,0.4195707862649485,0.08944596391240295,0.02589707409780398,0.0,0
44708,60,1,1.8345630372325676,2.559476383537698,0.7249133463051305,0.14912813716898696,0.005731481510989872,0.04231058563914475,1
44708,60,2,1.8345630372325676,2.5269706616143113,0.6924076243817436,0.15007001420412824,0.006673358546131158,0.06648993306196421,1
44708,60,3,1.8345630372325676,2.125799874777393,0.2912368375448253,0.14339665565799709,0.0,0.0,0
44708,61,1,1.2271913697146604,1.6547173186527968,0.42752594893813645,0.14608705788714826,0.017892736535820603,0.06154940844536641,1
44708,61,2,1.2271913697146604,1.762388804722994,0.5351974350083337,0.12868892994088954,0.000494608589561879,0.06648993306196418,1
44708,61,3,1.2271913697146604,1.7087505160428254,0.481559146328165,0.12819432135132766,0.0,0.0,0
44708,62,1,1.8655136989106023,2.2934394564829623,0.42792575757236007,0.1424152455851914,0.026161721097997567,0.06154940844536644,1
44708,62,2,1.8655136989106023,2.2021244356348086,0.3366107367242064,0.12542655031369063,0.009173025826496803,0.06648993306196418,1
44708,62,3,1.8655136989106023,2.2813509158804983,0.41583721696989606,0.11625352448719382,0.0,0.0,0
44708,63,1,2.9986931048242544,3.3364730770509916,0.33777997222673717,0.06027200943113,0.0,0.06648993306196418,1
44708,63,2,2.9986931048242544,3.5031665703374735,0.504473465513219,0.08436813595778074,0.02409612652665074,0.0,0
44708,63,3,2.9986931048242544,3.3464373490896664,0.34774424426541195,0.08090027095003133,0.020628261518901327,0.0,0
44708,64,1,1.7255688705267787,2.822832308589816,1.0972634380630373,0.19666115104315895,0.04803195182186126,0.0,0
44708,64,2,1.7255688705267787,2.332145335244147,0.6065764647173681,0.1742415859446969,0.025612386723399216,0.0,0
44708,64,3,1.7255688705267787,2.4489455254031407,0.723376654876362,0.1486291992212977,0.0,0.0,0
44708,65,1,1.5389290927132926,2.908269312635981,1.3693402199226883,0.19853645783411847,0.049732080258852895,0.10157647627806346,1
44708,65,2,1.5389290927132926,2.408548889134049,0.8696197964207566,0.1766336248203702,0.027829247245104632,0.0,0
44708,65,3,1.5389290927132926,2.5533171607336387,1.014388068020346,0.14880437757526557,0.0,0.0,0
44708,66,1,1.0381745733730738,1.698416448771593,0.6602418753985191,0.16295748621847356,0.03798202849102132,0.10157647627806346,1
44708,66,2,1.0381745733730738,1.2898972915895766,0.2517227182165027,0.13826664208074022,0.01329118435328798,0.0,0
44708,66,3,1.0381745733730738,1.5084665835253115,0.47029201015223765,0.12497545772745224,0.0,0.0,0
44708,67,1,1.5479426083818377,2.2082360770363954,0.6602934686545576,0.14010146937811155,0.02055966934467214,0.10157647627806346,1
44708,67,2,1.5479426083818377,2.0697902061803504,0.5218475977985126,0.12785093011506307,0.008309130081623664,0.0,0
44708,67,3,1.5479426083818377,2.195126434655319,0.6471838262734813,0.11954180003343941,0.0,0.0,0
44708,68,1,2.9223971082075817,3.117832071374161,0.1954349631665795,0.044220118053667753,0.0,0.10157647627806346,1
44708,68,2,2.9223971082075817,3.280950070325383,0.3585529621178014,0.0870354244928269,0.04281530643915915,0.0,0
44708,68,3,2.9223971082075817,3.240277713482566,0.3178806052749845,0.08705200560427728,0.04283188755060953,0.0,0
44708,69,1,16.522028658432134,16.806883693072898,0.28485503464076345,0.14706184373057352,0.0,0.0,0
44708,69,2,16.522028658432134,16.597932833255296,0.0759041748231617,0.1734978653797621,0.026436021649188596,0.02185489349030971,1
44708,69,3,16.522028658432134,17.01060374245749,0.48857508402535643,0.20493161866152795,0.05786977493095444,0.03194721174668748,1
44708,70,1,13.278752935841833,13.577899007594931,0.29914607175309804,0.14210857240193514,0.007308633014963817,0.0,0
44708,70,2,13.278752935841833,13.38142434881443,0.10267141297259741,0.13795275135685095,0.0031528119698796264,0.010092318256377762,1
44708,70,3,13.278752935841833,13.561613854368392,0.28286091852655915,0.13479993938697132,0.0,0.010092318256377762,1
44708,71,1,12.753344073668458,13.206408368924698,0.45306429525624026,0.15176055754620316,0.0,0.0,0
44708,71,2,12.753344073668458,12.86648580265144,0.11314172898298125,0.18573782673828337,0.03397726919208022,0.031086363783478024,1
44708,71,3,12.753344073668458,13.920521955307759,1.1671778816393008,0.2548581600164235,0.10309760247022032,0.04591827512087682,1
44708,72,1,13.169211023145257,13.407379875747466,0.2381688526022092,0.14281998251543296,0.0,0.0,0
44708,72,2,13.169211023145257,13.287851355392911,0.11864033224765436,0.1548776245608603,0.012057642045427336,0.014831911337398796,1
44708,72,3,13.169211023145257,13.598935447517468,0.4297244243722105,0.20141344675069536,0.058593464235262405,0.014831911337398796,1
44708,73,1,11.005381442899758,11.43591879671113,0.43053735381137237,0.10121600748500566,0.0,0.004502976717980028,0
44708,73,2,11.005381442899758,11.32834731444296,0.322965871543202,0.16407897617885994,0.06286296869385428,0.0,0
44708,73,3,11.005381442899758,12.392316707947451,1.3869352650476934,0.22310966736109641,0.12189365987609076,0.0,0
44708,74,1,12.836705072857162,13.152417602840519,0.3157125299833563,0.15430112024626427,0.0,0.0,0
44708,74,2,12.836705072857162,12.926058601033606,0.08935352817644393,0.1799672033074314,0.025666083061167133,0.010452726833117196,1
44708,74,3,12.836705072857162,13.527841657956973,0.6911365850998106,0.22404318706747692,0.06974206682121264,0.010452726833117196,1
44709,0,1,2.0389570174429963,2.3547130867336246,0.31575606929062827,0.10511282912034471,0.0,0.17277653965314815,1
44709,0,2,2.0389570174429963,2.5275073517622033,0.488550334319207,0.11746924837026322,0.01235641924991851,0.10096149724464315,1
44709,0,3,2.0389570174429963,2.5623280776706516,0.5233710602276553,0.11641712335357511,0.0113042942332304,0.0,0
44709,1,1,1.8532906249281134,2.2600082981674254,0.40671767323931207,0.1394039056454664,0.0008234095073709757,0.018013165375103113,1
44709,1,2,1.8532906249281134,2.2429931400575995,0.38970251512948617,0.13858049613809542,0.0,0.0,0
44709,1,3,1.8532906249281134,2.014086217740225,0.16079559281211142,0.14407154075308953,0.005491044614994112,0.0,0
44709,2,1,1.4593566589966804,1.9000289382251896,0.44067227922850916,0.13658239145298579,0.007583575773745493,0.018013165375103113,1
44709,2,2,1.4593566589966804,1.6894128972873954,0.23005623829071498,0.1289988156792403,0.0,0.0,0
44709,2,3,1.4593566589966804,2.0231344171376002,0.5637777581409198,0.13363420518350477,0.004635389504264481,0.0,0
44709,3,1,2.3373300912903217,3.2385181620196897,0.901188070729368,0.12742710030819596,0.008452299599945132,0.018013165375103113,1
44709,3,2,2.3373300912903217,2.8300752625711425,0.49274517128082085,0.1306431463806219,0.011668345672371086,0.0,0
44709,3,3,2.3373300912903217,3.1426301838721287,0.805300092581807,0.11897480070825082,0.0,0.0,0
44709,4,1,2.7409120813594017,2.932310949439998,0.19139886808059625,0.09274338977560768,0.0,0.018013165375103113,1
44709,4,2,2.7409120813594017,3.0017912045702984,0.2608791232108967,0.09714981102536274,0.0044064212497550576,0.0,0
44709,4,3,2.7409120813594017,3.064797437095718,0.32388535573631616,0.0998410945543448,0.007097704778737113,0.0,0
44709,5,1,1.997098600730089,3.176668547769278,1.1795699470391892,0.23976213733811486,0.015938441487883565,0.09527869441338638,1
44709,5,2,1.997098600730089,2.5421598423017966,0.5450612415717075,0.2238236958502313,0.0,0.0,0
44709,5,3,1.997098600730089,3.1679005257114503,1.1708019249813613,0.2274409916579352,0.0036172958077038964,0.0,0
44709,6,1,0.9104891619202539,1.9558120848534952,1.0453229229332415,0.17547894078878343,0.024065928282796134,0.09527869441338638,1
44709,6,2,0.9104891619202539,1.1574886795911674,0.24699951767091355,0.1514130125059873,0.0,0.0,0
44709,6,3,0.9104891619202539,1.7168037879311975,0.8063146260109436,0.1567240489773971,0.005311036471409819,0.0,0
44709,7,1,1.5280563990400617,2.076764071011044,0.5487076719709822,0.13805702745890175,0.008488538013582125,0.09527869441338635,1
44709,7,2,1.5280563990400617,1.8942246022811766,0.3661682032411149,0.13679313305589208,0.0072246436105724565,0.0,0
44709,7,3,1.5280563990400617,2.3733863160927218,0.84532991705266,0.12956848944531962,0.0,0.0,0
44709,8,1,2.778540511281206,3.787986470746405,1.0094459594651992,0.09544075950272012,0.005015333482640452,0.09527869441338634,1
44709,8,2,2.778540511281206,3.2172113054493083,0.4386707941681025,0.09156916317467279,0.0011437371545931219,0.0,0
44709,8,3,2.778540511281206,3.594254693622547,0.815714182341341,0.09042542602007966,0.0,0.0,0
44709,9,1,2.156561527008015,3.689068628083208,1.532507101075193,0.2564697399545822,0.011925940495975146,0.0,0
44709,9,2,2.156561527008015,2.9667591562036697,0.8101976291956547,0.24454379945860708,0.0,0.0,0
44709,9,3,2.156561527008015,3.019370583757742,0.8628090567497271,0.2572693434833942,0.012725544024787122,0.0,0
44709,10,1,0.8526227988533128,1.889434305921796,1.0368115070684831,0.19325031525972816,0.003013402552924871,0.0,0
44709,10,2,0.8526227988533128,1.8427995497559095,0.9901767509025967,0.19192692993695765,0.001690017230154356,0.0,0
44709,10,3,0.8526227988533128,2.516827219310539,1.6642044204572264,0.1902369127068033,0.0,0.0,0
44709,11,1,1.1619956868961627,1.6977308561072058,0.535735169211043,0.14112667743321522,0.012539597505693556,0.0,0
44709,11,2,1.1619956868961627,1.3428923232452885,0.18089663634912578,0.12858707992752166,0.0,0.0,0
44709,11,3,1.1619956868961627,1.8925766801977695,0.7305809933016068,0.13340852727397776,0.0048214473464560925,0.0,0
44709,12,1,1.7901056443714745,3.1286282426518577,1.3385225982803832,0.0733057511370742,0.00022855140518006356,0.0,0
44709,12,2,1.7901056443714745,2.6657910679874175,0.875685423615943,0.07307719973189414,0.0,0.0,0
44709,12,3,1.7901056443714745,2.720379635566068,0.9302739911945936,0.07315969769693326,8.249796503911888e-05,0.0,0
44709,13,1,1.5676574078561136,1.9014911376178438,0.3338337297617302,0.16088902111008868,0.0,0.0,0
44709,13,2,1.5676574078561136,1.909412172474455,0.3417547646183414,0.17458155681698267,0.013692535706893993,0.0,0
44709,13,3,1.5676574078561136,2.0733083645379735,0.5056509566818599,0.20668848716720117,0.04579946605711249,0.0,0
44709,14,1,1.5328939601630887,2.4898652243789585,0.9569712642158699,0.14598335232428586,0.004769062619676495,0.0,0
44709,14,2,1.5328939601630887,2.054823151415385,0.5219291912522963,0.14121428970460936,0.0,0.0,0
44709,14,3,1.5328939601630887,2.3330179034372267,0.800123943274138,0.15049211984505217,0.009277830140442811,0.0,0
44709,15,1,1.4508916890850698,2.0966414445552504,0.6457497554701805,0.1407329920741872,0.025523079885190966,0.0,0
44709,15,2,1.4508916890850698,1.711117199862438,0.2602255107773681,0.12117908871133994,0.005969176522343689,0.0,0
44709,15,3,1.4508916890850698,2.297459355841707,0.8465676667566373,0.11520991218899625,0.0,0.0,0
44709,16,1,4.973378274406942,5.372630840935902,0.39925256652896035,0.23360732320925,0.0022924975102958933,0.0,0
44709,16,2,4.973378274406942,5.397917969580945,0.42453969517400303,0.23131482569895412,0.0,0.0,0
44709,16,3,4.973378274406942,5.324755665822707,0.35137739141576496,0.23711624909784595,0.005801423398891836,0.0,0
44709,17,1,5.087388618725685,5.451871784552784,0.3644831658270995,0.22155527793827415,0.0007754579255432326,0.0,0
44709,17,2,5.087388618725685,5.696031591635647,0.608642972909962,0.22077982001273092,0.0,0.0,0
44709,17,3,5.087388618725685,5.495920799829721,0.4085321811040359,0.22647561105972155,0.005695791046990639,0.0,0
44709,18,1,4.414159244889207,5.42184069815133,1.0076814532621228,0.18162007481738768,0.023539143777978833,0.0,0
44709,18,2,4.414159244889207,5.100660857078731,0.6865016121895238,0.15808093103940885,0.0,0.0,0
44709,18,3,4.414159244889207,4.891328512549502,0.47716926766029477,0.16555518770648628,0.0074742566670774335,0.0,0
44709,19,1,3.966924621347173,4.512096839474904,0.5451722181277314,0.0711157075967276,0.0,0.0,0
44709,19,2,3.966924621347173,4.576449630264928,0.6095250089177546,0.08211571166296484,0.011000004066237246,0.0,0
44709,19,3,3.966924621347173,4.696198380685874,0.7292737593387009,0.07362030750265802,0.002504599905930424,0.0,0
44709,20,1,2.1636028587851523,3.006058643819915,0.8424557850347627,0.16184288562005852,0.015938952827068947,0.07009138304755858,1
44709,20,2,2.1636028587851523,2.356472552974556,0.1928696941894037,0.1540513380740984,0.008147405281108827,0.0,0
44709,20,3,2.1636028587851523,3.095564002378821,0.9319611435936688,0.14590393279298958,0.0,0.0,0
44709,21,1,1.0662721584818795,1.6922387875634974,0.6259666290816179,0.13342519771533187,0.0011063172254409948,0.07009138304755858,1
44709,21,2,1.0662721584818795,1.4383155672687473,0.3720434087868678,0.13231888048989088,0.0,0.0,0
44709,21,3,1.0662721584818795,1.786671081573028,0.7203989230911485,0.1329222588861381,0.0006033783962472172,0.0,0
44709,22,1,1.229257340125441,2.2399885079070314,1.0107311677815904,0.11004085098633425,0.008556339180008907,0.07009138304755858,1
44709,22,2,1.229257340125441,1.9071952434225128,0.6779379032970718,0.10148451180632534,0.0,0.0,0
44709,22,3,1.229257340125441,2.28752867711585,1.058271336990409,0.10264184106602874,0.0011573292597033963,0.0,0
44709,23,1,2.636642070692813,2.7952245419778756,0.15858247128506253,0.09407210311505886,0.0,0.07009138304755858,1
44709,23,2,2.636642070692813,2.819605668948468,0.18296359825565478,0.09942703181841224,0.005354928703353384,0.0,0
44709,23,3,2.636642070692813,2.9176719860912184,0.28102991539840527,0.10110514356091121,0.007033040445852359,0.0,0
44709,24,1,3.34103806291919,3.7394332370677987,0.3983951741486087,0.16339348960603203,0.0,0.06237587435710801,1
44709,24,2,3.34103806291919,3.484728229957303,0.143690167038113,0.17894873383532126,0.015555244229289222,0.0,0
44709,24,3,3.34103806291919,4.188476700442422,0.8474386375232319,0.21428303186693454,0.050889542260902504,0.0,0
44709,25,1,1.6006228444354822,2.107834026780817,0.5072111823453349,0.1597117525852102,0.0,0.062375874357107994,1
44709,25,2,1.6006228444354822,2.0710070574133472,0.47038421297786503,0.16706058434120608,0.007348831755995877,0.0,0
44709,25,3,1.6006228444354822,2.2958804353305577,0.6952575908950756,0.19168360606514484,0.03197185347993464,0.0,0
44709,26,1,2.2672477338347927,2.6373348101448983,0.3700870763101056,0.1110937264434291,0.0,0.06237587435710799,1
44709,26,2,2.2672477338347927,2.752153153475674,0.4849054196408811,0.12508730750898928,0.013993581065560173,0.0,0
44709,26,3,2.2672477338347927,2.95899344358143,0.6917457097466371,0.13703494974596236,0.02594122330253326,0.0,0
44709,27,1,2.164355818483302,4.049675325810381,1.885319507327079,0.2744805285275881,0.02858586371108726,0.06811085383214327,1
44709,27,2,2.164355818483302,3.054298157061976,0.889942338578674,0.24589466481650082,0.0,0.0,0
44709,27,3,2.164355818483302,3.521864864017661,1.3575090455343588,0.25648658290655085,0.010591918090050029,0.0,0
44709,28,1,1.243803947181705,1.9719111759779557,0.7281072287962507,0.1837474735778804,0.012131231565699008,0.06811085383214327,1
44709,28,2,1.243803947181705,1.6380221301605116,0.3942181829788065,0.1716162420121814,0.0,0.0,0
44709,28,3,1.243803947181705,2.081714259718244,0.837910312536539,0.1772816360072228,0.005665393995041401,0.0,0
44709,29,1,1.7188370794938934,2.610152468232203,0.8913153887383096,0.13834464680188338,0.009102805170093486,0.06811085383214327,1
44709,29,2,1.7188370794938934,1.9693433373176705,0.2505062578237771,0.13151843995340176,0.002276598321611867,0.0,0
44709,29,3,1.7188370794938934,2.7742006316147076,1.0553635521208142,0.1292418416317899,0.0,0.0,0
44709,30,1,1.788842523946998,2.0154903171706606,0.22664779322366257,0.08522527633370641,0.0,0.06811085383214327,1
44709,30,2,1.788842523946998,2.2912066761497143,0.5023641522027162,0.08822686412162901,0.003001587787922602,0.0,0
44709,30,3,1.788842523946998,2.2569284419475406,0.46808591800054256,0.08826103838556759,0.0030357620518611794,0.0,0
44709,31,1,1.7842842608989333,3.503049516004937,1.7187652551060035,0.1520113962874982,0.0,0.05984087313870308,1
44709,31,2,1.7842842608989333,2.891208377347797,1.1069241164488635,0.19781429504935957,0.04580289876186136,0.0,0
44709,31,3,1.7842842608989333,5.5294139176769805,3.7451296567780474,0.2935843750538181,0.1415729787663199,0.0,0
44709,32,1,1.68655280616962,3.684491024163549,1.997938217993929,0.14402794704475774,0.0,0.059840873138703086,1
44709,32,2,1.68655280616962,3.1164414596792387,1.4298886535096187,0.1896434228599848,0.04561547581522707,0.0,0
44709,32,3,1.68655280616962,5.698942252033133,4.012389445863513,0.2777978197449536,0.13376987270019586,0.0,0
44709,33,1,2.0828347933372564,4.139410956077787,2.056576162740531,0.1179146340978388,0.0,0.0,0
44709,33,2,2.0828347933372564,3.488443734478401,1.4056089411411445,0.16844032957213467,0.050525695474295876,0.006947521958141967,1
44709,33,3,2.0828347933372564,6.638267116010745,4.5554323226734885,0.26737731796280745,0.14946268386496864,0.008207688410753144,1
44709,34,1,2.794168312424455,6.234841908200228,3.440673595775773,0.09235459788631731,0.0,0.0,0
44709,34,2,2.794168312424455,5.425956243162473,2.6317879307380174,0.1895894130265238,0.09723481514020649,0.0012601664526111778,0
44709,34,3,2.794168312424455,9.483402107473163,6.6892337950487075,0.29693397305112984,0.20457937516481253,0.011882386554859958,1
44709,35,1,1.4125786910425429,1.5166512904511853,0.10407259940864244,0.1509841341841969,0.0,0.0,0
44709,35,2,1.4125786910425429,1.495650059351918,0.08307136830937512,0.16371165996997533,0.012727525785778432,0.0,0
44709,35,3,1.4125786910425429,1.6996668833478688,0.2870881923053259,0.19729696631889984,0.04631283213470294,0.0,0
44709,36,1,8.616579902566553,8.935581682902532,0.31900178033597903,0.17225366318948504,0.004900755780335608,0.0,0
44709,36,2,8.616579902566553,8.879354649553571,0.2627747469870183,0.16735290740914943,0.0,0.0,0
44709,36,3,8.616579902566553,9.047004816372544,0.43042491380599124,0.17422802067597298,0.0068751132668235515,0.0,0
44709,37,1,1.377800128282703,2.1759040380915797,0.7981039098088767,0.09181782158608548,0.004482914843827054,0.0,0
44709,37,2,1.377800128282703,1.809547954745494,0.431747826462791,0.09086304570252442,0.003528138960265992,0.0,0
44709,37,3,1.377800128282703,2.465645251571592,1.0878451232888888,0.08733490674225843,0.0,0.0,0
44709,38,1,1.9409874221969443,2.9656873071712275,1.0246998849742832,0.25475286064394675,0.0024344895626349228,0.0,0
44709,38,2,1.9409874221969443,2.727847285404915,0.7868598632079706,0.25231837108131183,0.0,0.0,0
44709,38,3,1.9409874221969443,2.7967512967040427,0.8557638745070983,0.2563290035815309,0.004010632500219047,0.0,0
44709,39,1,1.8861625504675466,2.389186262352079,0.5030237118845327,0.11076204575781945,0.0,0.0,0
44709,39,2,1.8861625504675466,2.783104477451573,0.8969419269840266,0.11510320901565231,0.004341163257832861,0.0,0
44709,39,3,1.8861625504675466,2.364088262051095,0.47792571158354824,0.11580236685799679,0.005040321100177339,0.0,0
44709,40,1,2.9012691051939528,2.9910476393042567,0.0897785341103039,0.16627693264130297,0.0,0.08338910911121825,1
44709,40,2,2.9012691051939528,3.073794610762874,0.1725255055689212,0.17704550004870515,0.010768567407402174,0.0,0
44709,40,3,2.9012691051939528,3.1869517389764814,0.28568263378252867,0.19153226906583584,0.02525533642453287,0.0,0
44709,41,1,1.9260516457361212,2.400793413742938,0.47474176800681667,0.1465787863091976,0.0,0.08338910911121827,1
44709,41,2,1.9260516457361212,2.2098569345176777,0.28380528878155653,0.14693083359734488,0.00035204728814727804,0.0,0
44709,41,3,1.9260516457361212,2.395708926630628,0.469657280894507,0.15765333261856096,0.011074546309363359,0.0,0
44709,42,1,2.0693856702184537,2.5533265607704823,0.4839408905520286,0.10636416731201156,0.0,0.08338910911121827,1
44709,42,2,2.0693856702184537,2.697109415732797,0.6277237455143432,0.13095342622484699,0.02458925891283542,0.0,0
44709,42,3,2.0693856702184537,2.7565651993682727,0.6871795291498191,0.13817498826943764,0.03181082095742607,0.0,0
44709,43,1,2.3910073818486315,3.615318374941282,1.2243109930926503,0.22941467588253828,0.005056906070198708,0.03768048949546954,1
44709,43,2,2.3910073818486315,3.454823680409381,1.0638162985607496,0.22435776981233957,0.0,0.0,0
44709,43,3,2.3910073818486315,3.4750728321190003,1.0840654502703688,0.2372585674632378,0.012900797650898244,0.0,0
44709,44,1,5.028855405778259,5.7049252892791324,0.6760698835008734,0.10596687900069739,0.0,0.03768048949546951,1
44709,44,2,5.028855405778259,5.312582866688379,0.2837274609101197,0.12676922089278467,0.02080234189208728,0.0,0
44709,44,3,5.028855405778259,5.809468399729804,0.7806129939515447,0.1346727143057604,0.028705835305063,0.0,0
44709,45,1,2.2444236686807497,3.0028032777001132,0.7583796090193635,0.15715011167741239,0.0,0.009844237983897053,1
44709,45,2,2.2444236686807497,2.694655847385415,0.4502321787046655,0.16420571459062502,0.0070556029132126385,0.011350506856138198,1
44709,45,3,2.2444236686807497,3.1327082741793717,0.888284605498622,0.19024894449047425,0.03309883281306186,0.0,0
44709,46,1,1.821915589281322,2.595835746055349,0.7739201567740273,0.14149903931600624,0.0,0.009844237983897053,1
44709,46,2,1.821915589281322,2.5094647910365326,0.6875492017552107,0.15045831056440648,0.008959271248400236,0.011350506856138198,1
44709,46,3,1.821915589281322,3.942684400147801,2.120768810866479,0.1973657748456323,0.055866735529626066,0.0,0
44709,47,1,1.4652725673640437,2.087276324154776,0.6220037567907324,0.20542224116697236,0.00842550872669029,0.0,0
44709,47,2,1.4652725673640437,1.9473189243213433,0.4820463569572997,0.2000952625605757,0.0030985301202936244,0.0,0
44709,47,3,1.4652725673640437,2.373873757741997,0.9086011903779532,0.19699673244028207,0.0,0.0,0
44709,48,1,1.7092007561479687,2.374276711140537,0.6650759549925684,0.15525211710616685,0.006075650438454011,0.06600038917101916,1
44709,48,2,1.7092007561479687,2.090945495298995,0.38174473915102647,0.14917646666771284,0.0,0.0,0
44709,48,3,1.7092007561479687,2.0345976273035458,0.325396871155577,0.16438618369714694,0.015209717029434106,0.0,0
44709,49,1,1.655119198765108,2.407051523965736,0.7519323252006282,0.1636129670395699,0.025674306941264657,0.06600038917101915,1
44709,49,2,1.655119198765108,1.921744076541879,0.266624877776771,0.1417827313284519,0.003844071230146656,0.0,0
44709,49,3,1.655119198765108,2.5625251339608495,0.9074059351957415,0.13793866009830524,0.0,0.0,0
44709,50,1,1.7876605830454726,1.9809378536209614,0.19327727057548882,0.0847977653246765,0.0,0.06600038917101915,1
44709,50,2,1.7876605830454726,2.3111865422488647,0.5235259592033921,0.09532353768194367,0.010525772357267163,0.0,0
44709,50,3,1.7876605830454726,2.226670210779993,0.43900962773452035,0.10202951914206529,0.017231753817388784,0.0,0
44709,51,1,1.6285095028258225,2.150778799364114,0.5222692965382913,0.16935591880111128,0.0,0.06592045686543285,1
44709,51,2,1.6285095028258225,2.1123611870076697,0.4838516841818472,0.17974041792961773,0.010384499128506447,0.0,0
44709,51,3,1.6285095028258225,2.4736634423571164,0.8451539395312939,0.20723092559906808,0.0378750067979568,0.0,0
44709,52,1,2.609076636443531,3.230949931478217,0.6218732950346859,0.13874338112234869,0.0,0.06592045686543284,1
44709,52,2,2.609076636443531,2.942710782745631,0.33363414630209975,0.14678447234883826,0.008041091226489577,0.0,0
44709,52,3,2.609076636443531,3.379996516172484,0.7709198797289529,0.15033673994054442,0.011593358818195731,0.0,0
44709,53,1,2.749138749510687,2.9662866843317235,0.21714793482103634,0.15841959245853118,0.0,0.0,0
44709,53,2,2.749138749510687,2.926785620853072,0.17764687134238466,0.1640813023255507,0.0056617098670195265,0.0,0
44709,53,3,2.749138749510687,3.2362438428344973,0.48710509332381013,0.1984129791837854,0.03999338672525421,0.0,0
44709,54,1,2.3033807880526775,2.498756556790684,0.19537576873800644,0.1365287913569842,0.0,0.0,0
44709,54,2,2.3033807880526775,2.4685711460515547,0.16519035799887716,0.13699906461242536,0.0004702732554411615,0.0,0
44709,54,3,2.3033807880526775,2.614051363607641,0.31067057555496325,0.1447960554231373,0.008267264066153107,0.0,0
44709,55,1,0.9072081956671811,1.329657854613348,0.4224496589461668,0.14268580357806443,0.009932337479556935,0.0,0
44709,55,2,0.9072081956671811,1.3837683089160326,0.4765601132488515,0.13287607459094605,0.00012260849243855843,0.0,0
44709,55,3,0.9072081956671811,2.0231830530105794,1.1159748573433983,0.1327534660985075,0.0,0.0,0
44709,56,1,3.0247346202787875,3.6751317668072048,0.6503971465284173,0.08910254960071658,0.0,0.0,0
44709,56,2,3.0247346202787875,3.2864216825207477,0.26168706224196026,0.09763857757804066,0.008536027977324084,0.0,0
44709,56,3,3.0247346202787875,3.789596570428587,0.7648619501497995,0.10079561076868813,0.011693061167971558,0.0,0
44709,57,1,1.2772496893202814,2.0649927573152858,0.7877430679950044,0.1504474785052549,0.01611594107552844,0.06827988910484295,1
44709,57,2,1.2772496893202814,1.6924127868113843,0.4151630974911029,0.13567920805973618,0.001347670630009734,0.0,0
44709,57,3,1.2772496893202814,2.3001054501988083,1.022855760878527,0.13433153742972645,0.0,0.0,0
44709,58,1,1.9831479638279812,2.481501174084245,0.4983532102562638,0.14083483307399705,0.01694965865857513,0.06827988910484295,1
44709,58,2,1.9831479638279812,2.298916354534007,0.3157683907060256,0.1272972017122175,0.003412027296795586,0.0,0
44709,58,3,1.9831479638279812,2.5505800068916393,0.5674320430636581,0.12388517441542192,0.0,0.0,0
44709,59,1,3.180338142579395,4.02693527053261,0.8465971279532147,0.09962369863698124,0.005542786225714205,0.06827988910484292,1
44709,59,2,3.180338142579395,3.8516158536343292,0.6712777110549344,0.09408091241126704,0.0,0.0,0
44709,59,3,3.180338142579395,3.5537908806593395,0.3734527380799446,0.09762121509590083,0.0035403026846337893,0.0,0
44709,60,1,1.562239995691264,2.3919810693579415,0.8297410736666775,0.15344973864162068,0.008366019109734252,0.0,0
44709,60,2,1.562239995691264,2.0315454900129204,0.46930549432165636,0.14915525751882236,0.004071537986935936,0.0,0
44709,60,3,1.562239995691264,2.5474358474579697,0.9851958517667057,0.14508371953188642,0.0,0.0,0
44709,61,1,1.5655597222976576,3.112613869068441,1.5470541467707832,0.16449425901831635,0.015776268455620912,0.09982249765199994,1
44709,61,2,1.5655597222976576,2.2987289544221197,0.7331692321244621,0.16151030868799549,0.012792318125300045,0.0,0
44709,61,3,1.5655597222976576,3.4415456660201897,1.8759859437225321,0.14871799056269544,0.0,0.0,0
44709,62,1,0.9969805401020647,1.6831517199331052,0.6861711798310405,0.14711950128185405,0.011133304594071664,0.09982249765199994,1
44709,62,2,0.9969805401020647,1.4107944977228524,0.41381395762078765,0.1360509836434966,6.478695571421333e-05,0.0,0
44709,62,3,0.9969805401020647,2.3641834037030223,1.3672028636009577,0.1359861966877824,0.0,0.0,0
44709,63,1,1.5405318586666747,2.243513167604969,0.7029813089382944,0.14188761214753173,0.017820082996202663,0.09982249765199994,1
44709,63,2,1.5405318586666747,1.9534118263857931,0.4128799677191184,0.12906599729334262,0.004998468142013546,0.0,0
44709,63,3,1.5405318586666747,2.4013230560411154,0.8607911973744407,0.12406752915132907,0.0,0.0,0
44709,64,1,2.716797475744564,2.8188005565487866,0.10200308080422271,0.08861932108392695,0.0,0.09982249765199994,1
44709,64,2,2.716797475744564,3.042219589125199,0.3254221133806352,0.09476085558906286,0.006141534505135909,0.0,0
44709,64,3,2.716797475744564,2.95334757070511,0.2365500949605459,0.09936844208903761,0.010749121005110662,0.0,0
44709,65,1,2.051117174231215,3.329222221518441,1.2781050472872262,0.11785004176452746,0.0,0.02792122362498603,1
44709,65,2,2.051117174231215,2.8461565602036445,0.7950393859724296,0.15524329492934888,0.03739325316482142,0.0,0
44709,65,3,2.051117174231215,4.424833676567979,2.373716502336764,0.20848029474246466,0.0906302529779372,0.0,0
44709,66,1,2.2429010843928388,2.71841076974158,0.47550968534874105,0.13321876827660356,0.0,0.05199132908501217,1
44709,66,2,2.2429010843928388,2.5000446801043936,0.2571435957115549,0.1402903181876977,0.007071549911094127,0.0,0
44709,66,3,2.2429010843928388,3.1843615838279624,0.9414604994351237,0.1788859761325321,0.04566720785592854,0.0,0
44709,67,1,2.806291153852032,3.163954114647394,0.3576629607953623,0.0867312783143815,0.0,0.05199132908501216,1
44709,67,2,2.806291153852032,3.427492899355029,0.6212017455029972,0.11557923385274042,0.02884795553835892,0.0,0
44709,67,3,2.806291153852032,3.4450693375385755,0.6387781836865436,0.12057522564966648,0.03384394733528498,0.0,0
44709,68,1,16.631055658107663,16.905246085469866,0.27419042736220334,0.13210888885649086,0.0,0.0,0
44709,68,2,16.631055658107663,16.7185804290313,0.0875247709236362,0.15131014653846991,0.019201257681979056,0.02183994357790868,1
44709,68,3,16.631055658107663,17.057862417142513,0.4268067590348501,0.1849463385652748,0.05283744970878393,0.03182773915719041,1
44709,69,1,13.405004585881272,13.543535237217549,0.13853065133627673,0.14031994544462378,0.0086289496913729,0.0,0
44709,69,2,13.405004585881272,13.481046952707691,0.07604236682641918,0.13169099575325088,0.0,0.009987795579281731,1
44709,69,3,13.405004585881272,13.51252569047102,0.10752110458974684,0.14580965179497646,0.014118656041725575,0.009987795579281731,1
44709,70,1,12.833629957979818,13.267063945451525,0.433433987471707,0.13374987087435364,0.0,0.0,0
44709,70,2,12.833629957979818,12.98451862479574,0.15088866681592172,0.167757929715184,0.03400805884083036,0.04854532669063877,1
44709,70,3,12.833629957979818,13.89419841632567,1.060568458345852,0.2326391803702741,0.09888930949592045,0.06334805727399828,1
44709,71,1,13.290356144720814,13.524871461091308,0.23451531637049428,0.14261567192489014,0.0,0.0,0
44709,71,2,13.290356144720814,13.388584631232892,0.0982284865120775,0.1517040035258045,0.009088331600914351,0.014802730583359514,1
44709,71,3,13.290356144720814,13.979102267700686,0.6887461229798717,0.2087960455084474,0.06618037358355727,0.014802730583359514,1
44709,72,1,11.157388437347738,11.738676143687012,0.5812877063392747,0.10102073377272157,0.0,0.0041030843550789176,0
44709,72,2,11.157388437347738,11.457027478698791,0.29963904135105324,0.1506546159088442,0.049633882136122645,0.0,0
44709,72,3,11.157388437347738,12.923389479346335,1.7660010419985976,0.2274032686304423,0.12638253485772072,0.0,0
44709,73,1,12.955511460452467,13.247201961614987,0.2916905011625204,0.13770305436684055,0.0,0.0,0
44709,73,2,12.955511460452467,13.0652774290932,0.10976596864073329,0.15378404157711573,0.016080987210275177,0.010929461149812282,1
44709,73,3,12.955511460452467,13.747734854845726,0.7922233943932593,0.20504517353926985,0.0673421191724293,0.010929461149812282,1
44710,0,1,1.829077067915191,1.9743673768914705,0.14529030897627937,0.1466225574092346,0.0,0.0,0
44710,0,2,1.829077067915191,2.121213046763,0.29213597884780906,0.15212782449731777,0.00550526708808316,0.016820549424901854,1
44710,0,3,1.829077067915191,2.1030843313704004,0.2740072634552093,0.15438893430121392,0.007766376891979315,0.016820549424901854,1
44710,1,1,1.204583810647581,2.342350034974153,1.137766224326572,0.13325523668795164,0.00497195670361808,0.017449455406549186,1
44710,1,2,1.204583810647581,1.6033686972837295,0.39878488663614853,0.12828327998433356,0.0,0.0,0
44710,1,3,1.204583810647581,2.3396612090818207,1.1350773984342397,0.12944059014483433,0.001157310160500774,0.0,0
44710,2,1,2.0936452142149333,2.487787850241914,0.39414263602698085,0.06972018898577138,0.0,0.017449455406549186,1
44710,2,2,2.0936452142149333,2.662434265224289,0.5687890510093556,0.12732139961947297,0.05760121063370159,0.0,0
44710,2,3,2.0936452142149333,2.5217694293998094,0.4281242151848761,0.11825031038271044,0.04853012139693906,0.0,0
44710,3,1,2.2697357312821334,2.7733861967835263,0.5036504655013929,0.07713716360613326,0.0,0.017449455406549186,1
44710,3,2,2.2697357312821334,3.1127482640088333,0.8430125327267,0.08025234671874562,0.0031151831126123575,0.0,0
44710,3,3,2.2697357312821334,3.092095151884282,0.8223594206021487,0.0793022194634111,0.002165055857277831,0.0,0
44710,4,1,2.03691359411304,2.718476898668096,0.681563304555056,0.2184844325184483,0.0031848178827202367,0.09425063763449731,1
44710,4,2,2.03691359411304,2.918235170845211,0.8813215767321712,0.22164628280311408,0.0063466681673860215,0.0,0
44710,4,3,2.03691359411304,3.7147764232270704,1.6778628291140305,0.21529961463572805,0.0,0.0,0
44710,5,1,0.8881115384853671,2.9262099141291182,2.0380983756437514,0.16525622792221462,0.01276445169871604,0.09425063763449734,1
44710,5,2,0.8881115384853671,1.724208690150041,0.836097151664674,0.15249177622349858,0.0,0.0,0
44710,5,3,0.8881115384853671,2.545160043984601,1.6570485054992339,0.1535794120754804,0.0010876358519818219,0.0,0
44710,6,1,1.2770243177497398,2.788761280195321,1.5117369624455814,0.14183036966603288,0.009072853892801103,0.09425063763449736,1
44710,6,2,1.2770243177497398,1.9939725697398951,0.7169482519901553,0.13609806030090274,0.0033405445276709633,0.0,0
44710,6,3,1.2770243177497398,2.7702238519558646,1.4931995342061248,0.13275751577323178,0.0,0.0,0
44710,7,1,2.7687853705252747,4.140003022021895,1.37121765149662,0.08000683237345667,0.0032593617774121647,0.09425063763449734,1
44710,7,2,2.7687853705252747,3.7122981666061987,0.943512796080924,0.07719171724540451,0.0004442466493600056,0.0,0
44710,7,3,2.7687853705252747,4.133206931624421,1.364421561099146,0.0767474705960445,0.0,0.0,0
44710,8,1,1.9880853368810893,3.2158151506979777,1.2277298138168884,0.25164004898338016,0.015538797831605583,0.0,0
44710,8,2,1.9880853368810893,2.8346710992053534,0.8465857623242641,0.23610125115177458,0.0,0.0,0
44710,8,3,1.9880853368810893,2.667879896782703,0.6797945599016135,0.26026490502799116,0.02416365387621658,0.0,0
44710,9,1,0.8296469739114715,1.183042553964503,0.3533955800530316,0.16554812646247077,0.0,0.0,0
44710,9,2,0.8296469739114715,1.7589778150015234,0.9293308410900519,0.18228930418055636,0.016741177718085587,0.0,0
44710,9,3,0.8296469739114715,1.406589181024181,0.5769422071127096,0.18309098286839884,0.017542856405928065,0.0,0
44710,10,1,1.1622016627526168,2.842231869941288,1.680030207188671,0.13764885781818062,0.008481227352708148,0.0,0
44710,10,2,1.1622016627526168,1.6890584205482597,0.5268567577956429,0.12916763046547247,0.0,0.0,0
44710,10,3,1.1622016627526168,2.2050827126666617,1.0428810499140448,0.13304776718864214,0.0038801367231696693,0.0,0
44710,11,1,1.9295476355903092,2.10415438435932,0.1746067487690106,0.05160865807326656,0.0,0.0,0
44710,11,2,1.9295476355903092,2.403315613579013,0.47376797798870385,0.07052383761721441,0.01891517954394785,0.0,0
44710,11,3,1.9295476355903092,2.446645966831125,0.517098331240816,0.07098430060989613,0.019375642536629573,0.0,0
44710,12,1,1.5623104802909704,1.8097765553891219,0.24746607509815144,0.1511718687059698,0.0,0.0,0
44710,12,2,1.5623104802909704,1.8954595577928566,0.33314907750188616,0.17191985330607534,0.020747984600105546,0.0,0
44710,12,3,1.5623104802909704,1.9736711410635626,0.41136066077259215,0.20516759832058223,0.05399572961461244,0.0,0
44710,13,1,1.5379868500037506,1.7451372759424246,0.20715042593867405,0.13275551604578367,0.0,0.0,0
44710,13,2,1.5379868500037506,1.899092824660245,0.3611059746564944,0.14448336869780826,0.011727852652024584,0.0,0
44710,13,3,1.5379868500037506,2.0901117944023104,0.5521249443985599,0.15171882437025802,0.01896330832447435,0.0,0
44710,14,1,1.4289150245367517,1.6974732082434862,0.26855818370673457,0.07839155069905,0.0,0.0,0
44710,14,2,1.4289150245367517,1.8114899681460124,0.3825749436092607,0.12730955602745161,0.04891800532840161,0.0,0
44710,14,3,1.4289150245367517,1.8575714968337498,0.4286564722969981,0.11118834299775744,0.03279679229870744,0.0,0
44710,15,1,4.946639981478655,5.17666344296155,0.23002346148289465,0.22003454656288257,0.0,0.0,0
44710,15,2,4.946639981478655,5.299970143937083,0.35333016245842774,0.22765787971838514,0.007623333155502565,0.0,0
44710,15,3,4.946639981478655,5.273383772523462,0.326743791044807,0.2340975520446674,0.014063005481784824,0.0,0
44710,16,1,5.034162412689073,5.364710096243853,0.33054768355478004,0.21566151745641424,0.0,0.0,0
44710,16,2,5.034162412689073,5.504538129370387,0.47037571668131317,0.22805150247656292,0.01238998502014868,0.0,0
44710,16,3,5.034162412689073,5.549050415993543,0.5148880033044696,0.21833280850515507,0.002671291048740837,0.0,0
44710,17,1,4.3906616578435465,5.661024616049123,1.2703629582055767,0.1737846543696925,0.017021933657651755,0.0,0
44710,17,2,4.3906616578435465,5.291904499722814,0.9012428418792675,0.15676272071204075,0.0,0.0,0
44710,17,3,4.3906616578435465,4.853150794010539,0.46248913616699294,0.16362436464579738,0.006861643933756628,0.0,0
44710,18,1,3.9045625571250433,4.609008833448867,0.7044462763238233,0.04698977673388547,0.0,0.0,0
44710,18,2,3.9045625571250433,4.687274032736736,0.7827114756116931,0.08271692420793642,0.035727147474050945,0.0,0
44710,18,3,3.9045625571250433,4.528114366207123,0.6235518090820795,0.0764294209905055,0.029439644256620025,0.0,0
44710,19,1,2.203611464729028,3.358355723132662,1.154744258403634,0.15641180019554438,0.014573367147297511,0.06897711494117387,1
44710,19,2,2.203611464729028,2.541744898929788,0.3381334342007598,0.15266185707615526,0.010823424027908396,0.0,0
44710,19,3,2.203611464729028,3.5519229884807344,1.3483115237517063,0.14183843304824686,0.0,0.0,0
44710,20,1,1.0769650222193905,1.2886522748599982,0.21168725264060773,0.12781619387083779,0.0,0.06897711494117387,1
44710,20,2,1.0769650222193905,2.1963761497825964,1.119411127563206,0.1288204255195328,0.0010042316486950087,0.0,0
44710,20,3,1.0769650222193905,1.9382147210834766,0.8612496988640861,0.12856244280317422,0.0007462489323364352,0.0,0
44710,21,1,1.2257479573281596,1.4814319813714136,0.2556840240432541,0.060817351183383106,0.0,0.06897711494117384,1
44710,21,2,1.2257479573281596,1.7850375525222297,0.5592895951940702,0.09791477431742605,0.03709742313404295,0.0,0
44710,21,3,1.2257479573281596,1.7329229921475302,0.5071750348193707,0.09293980074365013,0.032122449560267025,0.0,0
44710,22,1,2.336311754811876,3.730132937096536,1.3938211822846602,0.08080256871900822,0.002887606420487368,0.06897711494117384,1
44710,22,2,2.336311754811876,3.492060314265707,1.1557485594538313,0.07791496229852085,0.0,0.0,0
44710,22,3,2.336311754811876,3.3855229918246463,1.0492112370127704,0.07860173900887711,0.00068677671035626,0.0,0
44710,23,1,3.3621913913738246,3.5888936142605856,0.226702222886761,0.16024958499123884,0.0,0.06387034503602573,1
44710,23,2,3.3621913913738246,3.491797824356648,0.12960643298282326,0.17835068057627307,0.018101095585034227,0.0,0
44710,23,3,3.3621913913738246,3.7979707804753984,0.43577938910157377,0.21106365574321861,0.05081407075197977,0.0,0
44710,24,1,1.5484063373882484,1.8237896349231835,0.27538329753493507,0.13798550149702957,0.0,0.06387034503602573,1
44710,24,2,1.5484063373882484,1.9969434994589321,0.4485371620706837,0.15981313685914633,0.021827635362116765,0.0,0
44710,24,3,1.5484063373882484,2.142259548456513,0.5938532110682644,0.18242372187019826,0.04443822037316869,0.0,0
44710,25,1,1.8348964060774329,2.213716926920976,0.37882052084354334,0.09577599269337446,0.0,0.06387034503602573,1
44710,25,2,1.8348964060774329,2.50683636291856,0.6719399568411271,0.12691441141541135,0.03113841872203689,0.0,0
44710,25,3,1.8348964060774329,2.4306042091501032,0.5957078030726703,0.1363060040959057,0.04053001140253125,0.0,0
44710,26,1,2.050572076175828,3.8306541362558577,1.7800820600800296,0.25588985424267585,0.015241164665871887,0.0670811332723536,1
44710,26,2,2.050572076175828,2.9333724650798363,0.8828003889040081,0.24064868957680396,0.0,0.0,0
44710,26,3,2.050572076175828,3.2460252353534536,1.1954531591776254,0.24668095826593636,0.006032268689132397,0.0,0
44710,27,1,1.156320029376704,2.4668172184673316,1.3104971890906276,0.17636413371426476,0.00850472704995528,0.06708113327235363,1
44710,27,2,1.156320029376704,1.7565739501463251,0.6002539207696211,0.16785940666430949,0.0,0.0,0
44710,27,3,1.156320029376704,1.9210081442746993,0.7646881148979954,0.17507269702950717,0.007213290365197689,0.0,0
44710,28,1,2.1387709878668963,3.175554133181003,1.0367831453141068,0.1427680575777842,0.014329942747337843,0.06708113327235361,1
44710,28,2,2.1387709878668963,2.692041000924242,0.5532700130573458,0.12885480170834873,0.00041668687790236136,0.0,0
44710,28,3,2.1387709878668963,3.239270204432755,1.1004992165658587,0.12843811483044637,0.0,0.0,0
44710,29,1,2.6036154086314816,2.8865268226537433,0.2829114140222617,0.053453877837917045,0.0,0.06708113327235361,1
44710,29,2,2.6036154086314816,3.156100475517521,0.5524850668860393,0.07106282656307471,0.017608948725157662,0.0,0
44710,29,3,2.6036154086314816,3.1274797323216768,0.5238643236901952,0.07234279958527738,0.018888921747360336,0.0,0
44710,30,1,1.7778542883075523,2.996317068870787,1.2184627805632349,0.1434878921002023,0.0,0.05892975872878277,1
44710,30,2,1.7778542883075523,2.5134911996101685,0.7356369113026162,0.18363660495665052,0.04014871285644822,0.0,0
44710,30,3,1.7778542883075523,4.95723156641246,3.1793772781049077,0.2968651698092676,0.15337727770906529,0.0,0
44710,31,1,1.6553938165185074,2.482432164241942,0.8270383477234347,0.13932125625174122,0.0,0.058929758728782755,1
44710,31,2,1.6553938165185074,2.5099993260486313,0.8546055095301239,0.16690226989176796,0.02758101364002674,0.0,0
44710,31,3,1.6553938165185074,4.880017058356623,3.224623241838116,0.27074486677681137,0.13142361052507015,0.0,0
44710,32,1,2.116062795696987,3.206698146608789,1.090635350911802,0.11192457317437264,0.0,0.0,0
44710,32,2,2.116062795696987,3.0111463194777395,0.8950835237807526,0.1532974285539699,0.04137285537959727,0.008593723089285576,1
44710,32,3,2.116062795696987,5.857965381393608,3.7419025856966215,0.26449287816825834,0.15256830499388568,0.010682857245364219,1
44710,33,1,2.480790745797326,4.158746717555728,1.6779559717584016,0.10680263501357505,0.0,0.0,0
44710,33,2,2.480790745797326,4.018231670167166,1.5374409243698404,0.1755426333121872,0.06873999829861215,0.0020891341560786425,0
44710,33,3,2.480790745797326,7.807240411830634,5.326449666033308,0.30236169227905424,0.19555905726547917,0.014177735057502,1
44710,34,1,1.4061461974899192,1.5368908119227624,0.13074461443284324,0.13950424506522804,0.0,0.0,0
44710,34,2,1.4061461974899192,1.5847914298953012,0.178645232405382,0.16248907464410403,0.022984829578875987,0.0,0
44710,34,3,1.4061461974899192,1.6935311919672138,0.2873849944772946,0.19908995866568321,0.05958571360045517,0.0,0
44710,35,1,8.60869171178864,8.888347871900276,0.2796561601116352,0.16797366043913847,0.0,0.0,0
44710,35,2,8.60869171178864,8.77979378505869,0.171102073270049,0.17763816684964165,0.009664506410503176,0.0,0
44710,35,3,8.60869171178864,8.940686109753576,0.3319943979649356,0.1825465143530909,0.014572853913952438,0.0,0
44710,36,1,1.2569164771439403,1.963537227755128,0.7066207506111877,0.05540400365178165,0.0,0.0,0
44710,36,2,1.2569164771439403,2.241434883878571,0.9845184067346309,0.09396507594026327,0.038561072288481615,0.0,0
44710,36,3,1.2569164771439403,2.060879555450273,0.8039630783063325,0.0855871874841652,0.030183183832383553,0.0,0
44710,37,1,1.87271476690765,2.633231510133294,0.7605167432256441,0.2476149843708189,0.0,0.0,0
44710,37,2,1.87271476690765,2.610809590399437,0.738094823491787,0.2517217496262514,0.004106765255432465,0.0,0
44710,37,3,1.87271476690765,2.6455743346679133,0.7728595677602632,0.26414216484934694,0.016527180478528025,0.0,0
44710,38,1,1.8590558252839695,1.9811432046231414,0.12208737933917191,0.11263444208303679,0.0,0.0,0
44710,38,2,1.8590558252839695,2.1819175898571723,0.3228617645732028,0.11582020801540115,0.0031857659323643595,0.0,0
44710,38,3,1.8590558252839695,2.181755434742212,0.3226996094582424,0.11865694986575197,0.006022507782715181,0.0,0
44710,39,1,2.8620856892017628,2.9346585709931547,0.07257288179139199,0.16993741633753462,0.0,0.0855480425128684,1
44710,39,2,2.8620856892017628,2.990626053506292,0.1285403643045293,0.18015150555820483,0.010214089220670214,0.0,0
44710,39,3,2.8620856892017628,3.11471390046869,0.25262821126692714,0.19751174976494448,0.027574333427409864,0.0,0
44710,40,1,1.8763669576914435,2.416011673236426,0.5396447155449824,0.14337544042318706,0.0,0.0855480425128684,1
44710,40,2,1.8763669576914435,2.20153051900732,0.32516356131587676,0.1484657636768528,0.005090323253665735,0.0,0
44710,40,3,1.8763669576914435,2.5155200725478783,0.6391531148564349,0.15558722838523192,0.012211787962044862,0.0,0
44710,41,1,1.9912853546976117,2.4232108372809384,0.43192548258332675,0.1020765922159448,0.0,0.08554804251286842,1
44710,41,2,1.9912853546976117,2.7121310956126727,0.720845740915061,0.13048574590156434,0.02840915368561954,0.0,0
44710,41,3,1.9912853546976117,2.6223643984956824,0.6310790437980707,0.13075641586025483,0.02867982364431003,0.0,0
44710,42,1,2.889730415289546,3.9035962286654873,1.0138658133759413,0.21268667737233127,0.0,0.039462709303055954,1
44710,42,2,2.889730415289546,3.5537112122741576,0.6639807969846117,0.22058613675032385,0.00789945937799258,0.037053799254402914,1
44710,42,3,2.889730415289546,3.9187877988473128,1.0290573835577668,0.2311229727543278,0.018436295381996537,0.0,0
44710,43,1,5.614951945531121,6.083503794899085,0.46855184936796324,0.11064288999066084,0.0,0.0370537992544029,1
44710,43,2,5.614951945531121,6.0529304041936625,0.43797845866254104,0.13287780148579598,0.022234911495135137,0.0,0
44710,43,3,5.614951945531121,6.071489837652016,0.45653789212089446,0.13136825384399792,0.020725363853337078,0.0,0
44710,44,1,2.175226175527277,2.8472557989591922,0.6720296234319152,0.14726346809197105,0.0,0.01024631089579403,1
44710,44,2,2.175226175527277,2.6798159316468197,0.5045897561195427,0.15390632508329438,0.0066428569913233315,0.0,0
44710,44,3,2.175226175527277,3.0900728833102837,0.9148467077830067,0.18519282286124855,0.0379293547692775,0.0019384510351687645,0
44710,45,1,1.906282057725901,2.6822265757221437,0.7759445179962428,0.12936157643407417,0.0,0.007395723768232804,1
44710,45,2,1.906282057725901,2.5639876814351075,0.6577056237092065,0.13893816657181898,0.009576590137744811,0.00933417480340154,1
44710,45,3,1.906282057725901,3.498901933314225,1.592619875588324,0.1895991626596661,0.060237586225591916,0.0,0
44710,46,1,1.3265176768842584,1.6227282177215714,0.296210540837313,0.17833066265844588,0.0,0.0,0
44710,46,2,1.3265176768842584,2.0388156485888196,0.7122979717045612,0.19135930446751154,0.013028641809065655,0.0,0
44710,46,3,1.3265176768842584,1.9923787752632207,0.6658610983789623,0.18975889140591645,0.01142822874747057,0.0,0
44710,47,1,1.607645345295678,1.9160775684105844,0.30843222311490637,0.14375645846264357,0.0,0.0724311378966555,1
44710,47,2,1.607645345295678,1.923041278571057,0.31539593327537885,0.14736760489909698,0.0036111464364534107,0.06668048523348541,1
44710,47,3,1.607645345295678,1.8214683370986584,0.21382299180298037,0.16200279013828459,0.01824633167564102,0.0,0
44710,48,1,1.4944121466691325,2.301551766306855,0.8071396196377227,0.14639605804709063,0.011626178766342227,0.07243113789665549,1
44710,48,2,1.4944121466691325,1.7972535193800006,0.3028413727108681,0.14193266969799312,0.007162790417244713,0.0666804852334854,1
44710,48,3,1.4944121466691325,2.559806524709701,1.0653943780405686,0.1347698792807484,0.0,0.0,0
44710,49,1,1.778578411021589,2.2202318122926834,0.4416534012710944,0.036739500114935535,0.0,0.06668048523348538,1
44710,49,2,1.778578411021589,2.313219207126688,0.534640796105099,0.08555353554828353,0.048814035433347995,0.0,0
44710,49,3,1.778578411021589,2.279908451274108,0.5013300402525191,0.08362493098101403,0.0468854308660785,0.0,0
44710,50,1,1.7398328280446027,1.9618331864941319,0.22200035844952914,0.16709672613716428,0.0,0.06549092321236641,1
44710,50,2,1.7398328280446027,2.0372610526225023,0.29742822457789964,0.1723255851707765,0.0052288590336122265,0.0,0
44710,50,3,1.7398328280446027,2.589962612469172,0.8501297844245694,0.22005596495102817,0.052959238813863885,0.0,0
44710,51,1,2.3378590079062214,2.865787034588531,0.5279280266823094,0.12863345637499615,0.0,0.06549092321236641,1
44710,51,2,2.3378590079062214,2.9820122273861536,0.6441532194799322,0.14382223314665174,0.015188776771655588,0.0,0
44710,51,3,2.3378590079062214,3.055776207546056,0.7179171996398348,0.14461251584400042,0.01597905946900427,0.0,0
44710,52,1,2.7930244981451295,2.9834426757325545,0.19041817758742496,0.15234646249454542,0.0,0.0,0
44710,52,2,2.7930244981451295,2.9895192161500774,0.1964947180049479,0.17308673345285788,0.020740270958312462,0.03653627927545372,1
44710,52,3,2.7930244981451295,3.213922242003104,0.4208977438579744,0.20281884850458898,0.05047238601004356,0.03653627927545372,1
44710,53,1,2.338838522957201,2.4278004266544118,0.08896190369721069,0.13383884925349232,0.0,0.0,0
44710,53,2,2.338838522957201,2.391474090496431,0.05263556753922982,0.14003835646215862,0.0061995072086662995,0.0,0
44710,53,3,2.338838522957201,2.565744839920746,0.2269063169635448,0.1498512702869634,0.016012421033471086,0.0,0
44710,54,1,0.9280043751496333,1.4890395357775392,0.5610351606279059,0.1289319313664742,0.0004581346153027521,0.0,0
44710,54,2,0.9280043751496333,1.740281429099197,0.8122770539495637,0.1315588113297224,0.003085014578550954,0.0,0
44710,54,3,0.9280043751496333,2.95486395385512,2.0268595787054866,0.12847379675117146,0.0,0.0,0
44710,55,1,2.916298765896326,3.441177197678951,0.5248784317826249,0.0563587989211693,0.0,0.0,0
44710,55,2,2.916298765896326,3.582417581821835,0.6661188159255089,0.09462158806536654,0.038262789144197236,0.0,0
44710,55,3,2.916298765896326,3.513736247718004,0.5974374818216779,0.09054846829843236,0.03418966937726305,0.0,0
44710,56,1,1.1945890245586512,2.214148636982033,1.019559612423382,0.1467419552696153,0.014117577833124534,0.06719491122797994,1
44710,56,2,1.1945890245586512,1.8354989661309076,0.6409099415722563,0.13586704549259138,0.0032426680561006005,0.0,0
44710,56,3,1.1945890245586512,2.6550220242056946,1.4604329996470433,0.13262437743649078,0.0,0.0,0
44710,57,1,1.6351880268967875,1.812553588762195,0.17736556186540753,0.08006793271963282,0.0,0.06719491122797996,1
44710,57,2,1.6351880268967875,1.8639917228139673,0.22880369591717975,0.13237474129923993,0.05230680857960711,0.0,0
44710,57,3,1.6351880268967875,1.9231127116716387,0.2879246847748511,0.11695172098696704,0.036883788267334225,0.0,0
44710,58,1,3.0664968109839705,4.208870930340298,1.1423741193563277,0.0814379740321573,0.0020011852224067345,0.06719491122797995,1
44710,58,2,3.0664968109839705,3.7604497535667805,0.6939529425828099,0.08009991878988608,0.0006631299801355128,0.0,0
44710,58,3,3.0664968109839705,4.048498618570489,0.9820018075865189,0.07943678880975057,0.0,0.0,0
44710,59,1,1.5626935829830426,2.3700847894821173,0.8073912064990747,0.14708336850755613,0.002346491883508467,0.0,0
44710,59,2,1.5626935829830426,2.6401635567598354,1.0774699737767928,0.14877170062979653,0.004034824005748866,0.0,0
44710,59,3,1.5626935829830426,2.9640920988611423,1.4013985158780997,0.14473687662404766,0.0,0.0,0
44710,60,1,1.5721136976238537,2.5260165703383928,0.9539028727145391,0.15812324997041144,0.007518093572107282,0.10179074218236273,1
44710,60,2,1.5721136976238537,2.6896778941350155,1.1175641965111618,0.16062963206376438,0.01002447566546022,0.0,0
44710,60,3,1.5721136976238537,3.64207609918723,2.069962401563376,0.15060515639830416,0.0,0.0,0
44710,61,1,1.009215226305317,2.780497345497932,1.7712821191926151,0.13767506344267236,0.004689058172329091,0.10179074218236273,1
44710,61,2,1.009215226305317,1.2290046060617394,0.21978937975642254,0.13371821771790918,0.0007322124475659109,0.0,0
44710,61,3,1.009215226305317,3.0848955457156073,2.0756803194102904,0.13298600527034327,0.0,0.0,0
44710,62,1,1.47820116819126,1.8731561972251431,0.39495502903388324,0.08310893218448372,0.0,0.1017907421823627,1
44710,62,2,1.47820116819126,2.2603173532130314,0.7821161850217715,0.13213694959470787,0.04902801741022415,0.0,0
44710,62,3,1.47820116819126,2.033147040848929,0.5549458726576693,0.11743917726300358,0.034330245078519867,0.0,0
44710,63,1,2.197705653285469,2.7004577536571985,0.5027521003717297,0.0713175701248759,0.0,0.10179074218236273,1
44710,63,2,2.197705653285469,3.1536465470010975,0.9559408937156286,0.07591392007721356,0.004596349952337667,0.0,0
44710,63,3,2.197705653285469,2.9729443737802725,0.7752387204948037,0.0747249256396154,0.003407355514739502,0.0,0
44710,64,1,2.0817874974168644,2.8111057770893693,0.7293182796725048,0.11449791577706168,0.0,0.028663515578126852,1
44710,64,2,2.0817874974168644,2.5398133547606467,0.4580258573437823,0.15016710525422902,0.03566918947716734,0.0,0
44710,64,3,2.0817874974168644,3.93428563932679,1.8524981419099258,0.19835039510832628,0.08385247933126459,0.0,0
44710,65,1,1.7117253807098383,2.3089951203841217,0.5972697396742834,0.11023643264003682,0.0,0.05354310596035439,1
44710,65,2,1.7117253807098383,2.129369543547182,0.41764416283734374,0.13807135295903825,0.02783492031900142,0.0,0
44710,65,3,1.7117253807098383,3.097566084753557,1.3858407040437188,0.175936572433646,0.06570013979360917,0.0,0
44710,66,1,2.6255846599982453,3.461561850279554,0.8359771902813087,0.04914119907058425,0.0,0.05354310596035439,1
44710,66,2,2.6255846599982453,3.850949218710307,1.2253645587120618,0.12359292271510168,0.07445172364451744,0.0,0
44710,66,3,2.6255846599982453,3.9227943179301805,1.2972096579319352,0.12659132565752615,0.07745012658694189,0.0,0
44710,67,1,2.525765795382445,3.0657347620377093,0.5399689666552643,0.12640219711033845,0.0,0.04590897817310914,1
44710,67,2,2.525765795382445,2.8038975470658647,0.27813175168341964,0.14043883804457774,0.014036640934239286,0.0,0
44710,67,3,2.525765795382445,3.1229881166242937,0.5972223212418486,0.15192938290957841,0.02552718579923996,0.0,0
44710,68,1,16.745160547405966,16.883891011920266,0.1387304645142997,0.1391654940764678,0.0,0.0,0
44710,68,2,16.745160547405966,16.789125264625746,0.04396471721977946,0.16113560400023158,0.021970109923763775,0.02300512863278323,1
44710,68,3,16.745160547405966,17.09357978189747,0.34841923449150514,0.19183948226406078,0.052673988187592974,0.03255787934213143,1
44710,69,1,13.434131439006231,13.685810540528053,0.2516791015218214,0.13875880804725396,0.0,0.0,0
44710,69,2,13.434131439006231,13.667199405660444,0.2330679666542128,0.1439229989303195,0.00516419088306555,0.0095527507093482,1
44710,69,3,13.434131439006231,13.591156437059624,0.15702499805339265,0.14080756199112196,0.002048753943867998,0.0095527507093482,1
44710,70,1,14.460959567303021,14.726982367836658,0.26602280053363714,0.10226622360647768,0.0,0.0,0
44710,70,2,14.460959567303021,14.671725659030523,0.2107660917275016,0.1611773693023653,0.05891114569588761,0.007406595608234902,1
44710,70,3,14.460959567303021,15.281080437818133,0.8201208705151117,0.21250948522566793,0.11024326161919025,0.007406595608234902,1
44710,71,1,12.921903594782691,13.139861865713442,0.21795827093075104,0.13996932405383006,0.0,0.0,0
44710,71,2,12.921903594782691,12.991022719462512,0.06911912467982084,0.1675751286101082,0.027605804556278146,0.03197128719209717,1
44710,71,3,12.921903594782691,13.752552919339516,0.8306493245568252,0.24119649963015624,0.10122717557632618,0.04679570253248504,1
44710,72,1,13.321387865903512,13.552784420985152,0.23139655508163948,0.1410597309809934,0.0,0.0,0
44710,72,2,13.321387865903512,13.39111469220062,0.06972682629710825,0.15618993083210012,0.015130199851106724,0.014824415340387864,1
44710,72,3,13.321387865903512,13.818520863233209,0.49713299732969674,0.20113567265101379,0.060075941670020394,0.014824415340387864,1
44710,73,1,11.092172296210077,11.460182762866037,0.36801046665596004,0.09081355288369636,0.0,0.005012902879017969,1
44710,73,2,11.092172296210077,11.355825391103348,0.2636530948932716,0.1499341782015734,0.05912062531787704,0.0,0
44710,73,3,11.092172296210077,12.239779228275045,1.1476069320649689,0.2087228723700902,0.11790931948639385,0.0,0
44710,74,1,12.978013016874277,13.188233172531298,0.21022015565702112,0.13552167682680416,0.0,0.0,0
44710,74,2,12.978013016874277,13.044437331435754,0.0664243145614769,0.16371194558096616,0.028190268754162,0.010175591644007866,1
44710,74,3,12.978013016874277,13.619511175524327,0.6414981586500499,0.2071244725943688,0.07160279576756465,0.010175591644007866,1
