condition,true_class,sequence_replicate,evidence_budget,policy,selected_action,reference_action,action_matches_reference,parameter_learning_scale,process_uncertainty_scale,allow_commitment,allow_structural_intervention,estimated_p_pass,estimated_p_fail_A,estimated_p_fail_C,estimated_p_fail_S,reference_p_pass,reference_p_fail_A,reference_p_fail_C,reference_p_fail_S,post_event_state_rmse,post_event_parameter_rmse,final_parameter_error,cumulative_abs_parameter_update,mean_post_event_nis,recovered,recovery_time
measurement_noise_0.850,measurement_noise,0,5,baseline,normal,coverage_wait,False,1.0,1.0,True,True,0.6,0.0,0.4,0.0,0.2,0.22,0.8,0.06,0.3889414116590284,0.008726315002904876,0.002671070193641989,0.855237802081083,0.951487242738321,True,0
measurement_noise_0.850,measurement_noise,0,5,reference_aware,coverage_wait,coverage_wait,True,1.0,1.1,False,False,0.6,0.0,0.4,0.0,0.2,0.22,0.8,0.06,0.39116781226701125,0.008681120134551832,0.0027970594791975056,0.8547157467880692,0.9431752211820043,True,0
measurement_noise_0.850,measurement_noise,0,5,inferred_failure_aware,coverage_wait,coverage_wait,True,1.0,1.1,False,False,0.6,0.0,0.4,0.0,0.2,0.22,0.8,0.06,0.39116781226701125,0.008681120134551832,0.0027970594791975056,0.8547157467880692,0.9431752211820043,True,0
measurement_noise_0.850,measurement_noise,0,10,baseline,normal,coverage_wait,False,1.0,1.0,True,True,0.4,0.1,0.6,0.0,0.2,0.22,0.8,0.06,0.3889414116590284,0.008726315002904876,0.002671070193641989,0.855237802081083,0.951487242738321,True,0
measurement_noise_0.850,measurement_noise,0,10,reference_aware,coverage_wait,coverage_wait,True,1.0,1.1,False,False,0.4,0.1,0.6,0.0,0.2,0.22,0.8,0.06,0.39116781226701125,0.008681120134551832,0.0027970594791975056,0.8547157467880692,0.9431752211820043,True,0
measurement_noise_0.850,measurement_noise,0,10,inferred_failure_aware,coverage_wait,coverage_wait,True,1.0,1.1,False,False,0.4,0.1,0.6,0.0,0.2,0.22,0.8,0.06,0.39116781226701125,0.008681120134551832,0.0027970594791975056,0.8547157467880692,0.9431752211820043,True,0
measurement_noise_0.850,measurement_noise,0,20,baseline,normal,coverage_wait,False,1.0,1.0,True,True,0.2,0.25,0.8,0.05,0.2,0.22,0.8,0.06,0.3889414116590284,0.008726315002904876,0.002671070193641989,0.855237802081083,0.951487242738321,True,0
measurement_noise_0.850,measurement_noise,0,20,reference_aware,coverage_wait,coverage_wait,True,1.0,1.1,False,False,0.2,0.25,0.8,0.05,0.2,0.22,0.8,0.06,0.39116781226701125,0.008681120134551832,0.0027970594791975056,0.8547157467880692,0.9431752211820043,True,0
measurement_noise_0.850,measurement_noise,0,20,inferred_failure_aware,coverage_wait,coverage_wait,True,1.0,1.1,False,False,0.2,0.25,0.8,0.05,0.2,0.22,0.8,0.06,0.39116781226701125,0.008681120134551832,0.0027970594791975056,0.8547157467880692,0.9431752211820043,True,0
measurement_noise_0.850,measurement_noise,1,5,baseline,normal,coverage_wait,False,1.0,1.0,True,True,0.2,0.0,0.8,0.0,0.2,0.22,0.8,0.06,0.43131680307393644,0.00957798478414053,0.0024670918680762544,0.8183021462638829,0.9466417011157904,True,0
measurement_noise_0.850,measurement_noise,1,5,reference_aware,coverage_wait,coverage_wait,True,1.0,1.1,False,False,0.2,0.0,0.8,0.0,0.2,0.22,0.8,0.06,0.43093795467531704,0.00950889100435601,0.002381284780171744,0.8175019327209117,0.93789825084223,True,0
measurement_noise_0.850,measurement_noise,1,5,inferred_failure_aware,coverage_wait,coverage_wait,True,1.0,1.1,False,False,0.2,0.0,0.8,0.0,0.2,0.22,0.8,0.06,0.43093795467531704,0.00950889100435601,0.002381284780171744,0.8175019327209117,0.93789825084223,True,0
measurement_noise_0.850,measurement_noise,1,10,baseline,normal,coverage_wait,False,1.0,1.0,True,True,0.3,0.1,0.7,0.0,0.2,0.22,0.8,0.06,0.43131680307393644,0.00957798478414053,0.0024670918680762544,0.8183021462638829,0.9466417011157904,True,0
measurement_noise_0.850,measurement_noise,1,10,reference_aware,coverage_wait,coverage_wait,True,1.0,1.1,False,False,0.3,0.1,0.7,0.0,0.2,0.22,0.8,0.06,0.43093795467531704,0.00950889100435601,0.002381284780171744,0.8175019327209117,0.93789825084223,True,0
measurement_noise_0.850,measurement_noise,1,10,inferred_failure_aware,coverage_wait,coverage_wait,True,1.0,1.1,False,False,0.3,0.1,0.7,0.0,0.2,0.22,0.8,0.06,0.43093795467531704,0.00950889100435601,0.002381284780171744,0.8175019327209117,0.93789825084223,True,0
measurement_noise_0.850,measurement_noise,1,20,baseline,normal,coverage_wait,False,1.0,1.0,True,True,0.2,0.15,0.8,0.1,0.2,0.22,0.8,0.06,0.43131680307393644,0.00957798478414053,0.0024670918680762544,0.8183021462638829,0.9466417011157904,True,0
measurement_noise_0.850,measurement_noise,1,20,reference_aware,coverage_wait,coverage_wait,True,1.0,1.1,False,False,0.2,0.15,0.8,0.1,0.2,0.22,0.8,0.06,0.43093795467531704,0.00950889100435601,0.002381284780171744,0.8175019327209117,0.93789825084223,True,0
measurement_noise_0.850,measurement_noise,1,20,inferred_failure_aware,coverage_wait,coverage_wait,True,1.0,1.1,False,False,0.2,0.15,0.8,0.1,0.2,0.22,0.8,0.06,0.43093795467531704,0.00950889100435601,0.002381284780171744,0.8175019327209117,0.93789825084223,True,0
measurement_noise_0.850,measurement_noise,2,5,baseline,normal,coverage_wait,False,1.0,1.0,True,True,0.4,0.2,0.6,0.0,0.2,0.22,0.8,0.06,0.47246174837665866,0.011530278285820606,0.014165134396927792,0.8562376803457069,1.0107849407377596,True,0
measurement_noise_0.850,measurement_noise,2,5,reference_aware,coverage_wait,coverage_wait,True,1.0,1.1,False,False,0.4,0.2,0.6,0.0,0.2,0.22,0.8,0.06,0.47425878785093445,0.011471952236272339,0.013752342494478875,0.8538840854944574,0.9982760621890238,True,0
measurement_noise_0.850,measurement_noise,2,5,inferred_failure_aware,coverage_wait,coverage_wait,True,1.0,1.1,False,False,0.4,0.2,0.6,0.0,0.2,0.22,0.8,0.06,0.47425878785093445,0.011471952236272339,0.013752342494478875,0.8538840854944574,0.9982760621890238,True,0
measurement_noise_0.850,measurement_noise,2,10,baseline,normal,coverage_wait,False,1.0,1.0,True,True,0.3,0.3,0.7,0.1,0.2,0.22,0.8,0.06,0.47246174837665866,0.011530278285820606,0.014165134396927792,0.8562376803457069,1.0107849407377596,True,0
measurement_noise_0.850,measurement_noise,2,10,reference_aware,coverage_wait,coverage_wait,True,1.0,1.1,False,False,0.3,0.3,0.7,0.1,0.2,0.22,0.8,0.06,0.47425878785093445,0.011471952236272339,0.013752342494478875,0.8538840854944574,0.9982760621890238,True,0
measurement_noise_0.850,measurement_noise,2,10,inferred_failure_aware,coverage_wait,coverage_wait,True,1.0,1.1,False,False,0.3,0.3,0.7,0.1,0.2,0.22,0.8,0.06,0.47425878785093445,0.011471952236272339,0.013752342494478875,0.8538840854944574,0.9982760621890238,True,0
measurement_noise_0.850,measurement_noise,2,20,baseline,normal,coverage_wait,False,1.0,1.0,True,True,0.25,0.2,0.75,0.1,0.2,0.22,0.8,0.06,0.47246174837665866,0.011530278285820606,0.014165134396927792,0.8562376803457069,1.0107849407377596,True,0
measurement_noise_0.850,measurement_noise,2,20,reference_aware,coverage_wait,coverage_wait,True,1.0,1.1,False,False,0.25,0.2,0.75,0.1,0.2,0.22,0.8,0.06,0.47425878785093445,0.011471952236272339,0.013752342494478875,0.8538840854944574,0.9982760621890238,True,0
measurement_noise_0.850,measurement_noise,2,20,inferred_failure_aware,coverage_wait,coverage_wait,True,1.0,1.1,False,False,0.25,0.2,0.75,0.1,0.2,0.22,0.8,0.06,0.47425878785093445,0.011471952236272339,0.013752342494478875,0.8538840854944574,0.9982760621890238,True,0
measurement_noise_0.850,measurement_noise,3,5,baseline,normal,coverage_wait,False,1.0,1.0,True,True,0.4,0.6,0.6,0.2,0.2,0.22,0.8,0.06,0.329128030732544,0.00781386537119696,0.00781788929618088,0.9344040986466468,0.9369420144035888,True,0
measurement_noise_0.850,measurement_noise,3,5,reference_aware,coverage_wait,coverage_wait,True,1.0,1.1,False,False,0.4,0.6,0.6,0.2,0.2,0.22,0.8,0.06,0.33267468392638905,0.00776269426931708,0.00760199216297186,0.9325910037952739,0.930113209180939,True,0
measurement_noise_0.850,measurement_noise,3,5,inferred_failure_aware,accuracy_guard,coverage_wait,False,0.9,1.75,False,False,0.4,0.6,0.6,0.2,0.2,0.22,0.8,0.06,0.3403798952485481,0.0067059768354604185,0.00614733473665019,0.8502882163510843,0.8761511155754655,True,0
measurement_noise_0.850,measurement_noise,3,10,baseline,normal,coverage_wait,False,1.0,1.0,True,True,0.3,0.6,0.7,0.1,0.2,0.22,0.8,0.06,0.329128030732544,0.00781386537119696,0.00781788929618088,0.9344040986466468,0.9369420144035888,True,0
measurement_noise_0.850,measurement_noise,3,10,reference_aware,coverage_wait,coverage_wait,True,1.0,1.1,False,False,0.3,0.6,0.7,0.1,0.2,0.22,0.8,0.06,0.33267468392638905,0.00776269426931708,0.00760199216297186,0.9325910037952739,0.930113209180939,True,0
measurement_noise_0.850,measurement_noise,3,10,inferred_failure_aware,coverage_wait,coverage_wait,True,1.0,1.1,False,False,0.3,0.6,0.7,0.1,0.2,0.22,0.8,0.06,0.33267468392638905,0.00776269426931708,0.00760199216297186,0.9325910037952739,0.930113209180939,True,0
measurement_noise_0.850,measurement_noise,3,20,baseline,normal,coverage_wait,False,1.0,1.0,True,True,0.2,0.3,0.8,0.05,0.2,0.22,0.8,0.06,0.329128030732544,0.00781386537119696,0.00781788929618088,0.9344040986466468,0.9369420144035888,True,0
measurement_noise_0.850,measurement_noise,3,20,reference_aware,coverage_wait,coverage_wait,True,1.0,1.1,False,False,0.2,0.3,0.8,0.05,0.2,0.22,0.8,0.06,0.33267468392638905,0.00776269426931708,0.00760199216297186,0.9325910037952739,0.930113209180939,True,0
measurement_noise_0.850,measurement_noise,3,20,inferred_failure_aware,coverage_wait,coverage_wait,True,1.0,1.1,False,False,0.2,0.3,0.8,0.05,0.2,0.22,0.8,0.06,0.33267468392638905,0.00776269426931708,0.00760199216297186,0.9325910037952739,0.930113209180939,True,0
measurement_noise_0.850,measurement_noise,4,5,baseline,normal,coverage_wait,False,1.0,1.0,True,True,0.2,0.2,0.8,0.0,0.2,0.22,0.8,0.06,0.4707045956168469,0.010267790982213938,0.005964833175584494,0.8296115335104746,1.0482910901348466,True,0
measurement_noise_0.850,measurement_noise,4,5,reference_aware,coverage_wait,coverage_wait,True,1.0,1.1,False,False,0.2,0.2,0.8,0.0,0.2,0.22,0.8,0.06,0.4713561256915343,0.010148987496913314,0.005775082204478754,0.8282689802970704,1.0358019539530747,True,0
measurement_noise_0.850,measurement_noise,4,5,inferred_failure_aware,coverage_wait,coverage_wait,True,1.0,1.1,False,False,0.2,0.2,0.8,0.0,0.2,0.22,0.8,0.06,0.4713561256915343,0.010148987496913314,0.005775082204478754,0.8282689802970704,1.0358019539530747,True,0
measurement_noise_0.850,measurement_noise,4,10,baseline,normal,coverage_wait,False,1.0,1.0,True,True,0.1,0.2,0.9,0.1,0.2,0.22,0.8,0.06,0.4707045956168469,0.010267790982213938,0.005964833175584494,0.8296115335104746,1.0482910901348466,True,0
measurement_noise_0.850,measurement_noise,4,10,reference_aware,coverage_wait,coverage_wait,True,1.0,1.1,False,False,0.1,0.2,0.9,0.1,0.2,0.22,0.8,0.06,0.4713561256915343,0.010148987496913314,0.005775082204478754,0.8282689802970704,1.0358019539530747,True,0
measurement_noise_0.850,measurement_noise,4,10,inferred_failure_aware,coverage_wait,coverage_wait,True,1.0,1.1,False,False,0.1,0.2,0.9,0.1,0.2,0.22,0.8,0.06,0.4713561256915343,0.010148987496913314,0.005775082204478754,0.8282689802970704,1.0358019539530747,True,0
measurement_noise_0.850,measurement_noise,4,20,baseline,normal,coverage_wait,False,1.0,1.0,True,True,0.1,0.3,0.9,0.1,0.2,0.22,0.8,0.06,0.4707045956168469,0.010267790982213938,0.005964833175584494,0.8296115335104746,1.0482910901348466,True,0
measurement_noise_0.850,measurement_noise,4,20,reference_aware,coverage_wait,coverage_wait,True,1.0,1.1,False,False,0.1,0.3,0.9,0.1,0.2,0.22,0.8,0.06,0.4713561256915343,0.010148987496913314,0.005775082204478754,0.8282689802970704,1.0358019539530747,True,0
measurement_noise_0.850,measurement_noise,4,20,inferred_failure_aware,coverage_wait,coverage_wait,True,1.0,1.1,False,False,0.1,0.3,0.9,0.1,0.2,0.22,0.8,0.06,0.4713561256915343,0.010148987496913314,0.005775082204478754,0.8282689802970704,1.0358019539530747,True,0
measurement_noise_0.850,measurement_noise,5,5,baseline,normal,coverage_wait,False,1.0,1.0,True,True,0.0,0.2,1.0,0.0,0.2,0.22,0.8,0.06,0.33090045720146755,0.005882382743035495,0.014370580041235703,0.8371003587470812,0.9685734344004134,True,0
measurement_noise_0.850,measurement_noise,5,5,reference_aware,coverage_wait,coverage_wait,True,1.0,1.1,False,False,0.0,0.2,1.0,0.0,0.2,0.22,0.8,0.06,0.3327725672500907,0.0059088316535514315,0.014370138777699104,0.8360960180759827,0.9643537568225017,True,0
measurement_noise_0.850,measurement_noise,5,5,inferred_failure_aware,coverage_wait,coverage_wait,True,1.0,1.1,False,False,0.0,0.2,1.0,0.0,0.2,0.22,0.8,0.06,0.3327725672500907,0.0059088316535514315,0.014370138777699104,0.8360960180759827,0.9643537568225017,True,0
measurement_noise_0.850,measurement_noise,5,10,baseline,normal,coverage_wait,False,1.0,1.0,True,True,0.1,0.2,0.9,0.0,0.2,0.22,0.8,0.06,0.33090045720146755,0.005882382743035495,0.014370580041235703,0.8371003587470812,0.9685734344004134,True,0
measurement_noise_0.850,measurement_noise,5,10,reference_aware,coverage_wait,coverage_wait,True,1.0,1.1,False,False,0.1,0.2,0.9,0.0,0.2,0.22,0.8,0.06,0.3327725672500907,0.0059088316535514315,0.014370138777699104,0.8360960180759827,0.9643537568225017,True,0
measurement_noise_0.850,measurement_noise,5,10,inferred_failure_aware,coverage_wait,coverage_wait,True,1.0,1.1,False,False,0.1,0.2,0.9,0.0,0.2,0.22,0.8,0.06,0.3327725672500907,0.0059088316535514315,0.014370138777699104,0.8360960180759827,0.9643537568225017,True,0
measurement_noise_0.850,measurement_noise,5,20,baseline,normal,coverage_wait,False,1.0,1.0,True,True,0.15,0.15,0.85,0.05,0.2,0.22,0.8,0.06,0.33090045720146755,0.005882382743035495,0.014370580041235703,0.8371003587470812,0.9685734344004134,True,0
measurement_noise_0.850,measurement_noise,5,20,reference_aware,coverage_wait,coverage_wait,True,1.0,1.1,False,False,0.15,0.15,0.85,0.05,0.2,0.22,0.8,0.06,0.3327725672500907,0.0059088316535514315,0.014370138777699104,0.8360960180759827,0.9643537568225017,True,0
measurement_noise_0.850,measurement_noise,5,20,inferred_failure_aware,coverage_wait,coverage_wait,True,1.0,1.1,False,False,0.15,0.15,0.85,0.05,0.2,0.22,0.8,0.06,0.3327725672500907,0.0059088316535514315,0.014370138777699104,0.8360960180759827,0.9643537568225017,True,0
measurement_noise_0.850,measurement_noise,6,5,baseline,normal,coverage_wait,False,1.0,1.0,True,True,0.0,0.2,1.0,0.0,0.2,0.22,0.8,0.06,0.34599241608795483,0.007468489588106533,0.004978210841531494,0.8496648406601771,0.8925850091576628,True,0
measurement_noise_0.850,measurement_noise,6,5,reference_aware,coverage_wait,coverage_wait,True,1.0,1.1,False,False,0.0,0.2,1.0,0.0,0.2,0.22,0.8,0.06,0.34839620516830244,0.007452647716834261,0.004692668062928229,0.8494787527211777,0.8879362312941443,True,0
measurement_noise_0.850,measurement_noise,6,5,inferred_failure_aware,coverage_wait,coverage_wait,True,1.0,1.1,False,False,0.0,0.2,1.0,0.0,0.2,0.22,0.8,0.06,0.34839620516830244,0.007452647716834261,0.004692668062928229,0.8494787527211777,0.8879362312941443,True,0
measurement_noise_0.850,measurement_noise,6,10,baseline,normal,coverage_wait,False,1.0,1.0,True,True,0.1,0.2,0.9,0.0,0.2,0.22,0.8,0.06,0.34599241608795483,0.007468489588106533,0.004978210841531494,0.8496648406601771,0.8925850091576628,True,0
measurement_noise_0.850,measurement_noise,6,10,reference_aware,coverage_wait,coverage_wait,True,1.0,1.1,False,False,0.1,0.2,0.9,0.0,0.2,0.22,0.8,0.06,0.34839620516830244,0.007452647716834261,0.004692668062928229,0.8494787527211777,0.8879362312941443,True,0
measurement_noise_0.850,measurement_noise,6,10,inferred_failure_aware,coverage_wait,coverage_wait,True,1.0,1.1,False,False,0.1,0.2,0.9,0.0,0.2,0.22,0.8,0.06,0.34839620516830244,0.007452647716834261,0.004692668062928229,0.8494787527211777,0.8879362312941443,True,0
measurement_noise_0.850,measurement_noise,6,20,baseline,normal,coverage_wait,False,1.0,1.0,True,True,0.15,0.2,0.85,0.0,0.2,0.22,0.8,0.06,0.34599241608795483,0.007468489588106533,0.004978210841531494,0.8496648406601771,0.8925850091576628,True,0
measurement_noise_0.850,measurement_noise,6,20,reference_aware,coverage_wait,coverage_wait,True,1.0,1.1,False,False,0.15,0.2,0.85,0.0,0.2,0.22,0.8,0.06,0.34839620516830244,0.007452647716834261,0.004692668062928229,0.8494787527211777,0.8879362312941443,True,0
measurement_noise_0.850,measurement_noise,6,20,inferred_failure_aware,coverage_wait,coverage_wait,True,1.0,1.1,False,False,0.15,0.2,0.85,0.0,0.2,0.22,0.8,0.06,0.34839620516830244,0.007452647716834261,0.004692668062928229,0.8494787527211777,0.8879362312941443,True,0
measurement_noise_0.850,measurement_noise,7,5,baseline,normal,coverage_wait,False,1.0,1.0,True,True,0.0,0.2,1.0,0.0,0.2,0.22,0.8,0.06,0.48785363677485266,0.00899441620481283,0.014906351851879052,0.8261416431961333,0.7565304447320604,True,0
measurement_noise_0.850,measurement_noise,7,5,reference_aware,coverage_wait,coverage_wait,True,1.0,1.1,False,False,0.0,0.2,1.0,0.0,0.2,0.22,0.8,0.06,0.48672776333782797,0.00891377284996883,0.014836306152309908,0.8248710797187611,0.7505128398685998,True,0
measurement_noise_0.850,measurement_noise,7,5,inferred_failure_aware,coverage_wait,coverage_wait,True,1.0,1.1,False,False,0.0,0.2,1.0,0.0,0.2,0.22,0.8,0.06,0.48672776333782797,0.00891377284996883,0.014836306152309908,0.8248710797187611,0.7505128398685998,True,0
measurement_noise_0.850,measurement_noise,7,10,baseline,normal,coverage_wait,False,1.0,1.0,True,True,0.1,0.3,0.9,0.2,0.2,0.22,0.8,0.06,0.48785363677485266,0.00899441620481283,0.014906351851879052,0.8261416431961333,0.7565304447320604,True,0
measurement_noise_0.850,measurement_noise,7,10,reference_aware,coverage_wait,coverage_wait,True,1.0,1.1,False,False,0.1,0.3,0.9,0.2,0.2,0.22,0.8,0.06,0.48672776333782797,0.00891377284996883,0.014836306152309908,0.8248710797187611,0.7505128398685998,True,0
measurement_noise_0.850,measurement_noise,7,10,inferred_failure_aware,coverage_wait,coverage_wait,True,1.0,1.1,False,False,0.1,0.3,0.9,0.2,0.2,0.22,0.8,0.06,0.48672776333782797,0.00891377284996883,0.014836306152309908,0.8248710797187611,0.7505128398685998,True,0
measurement_noise_0.850,measurement_noise,7,20,baseline,normal,coverage_wait,False,1.0,1.0,True,True,0.15,0.15,0.85,0.1,0.2,0.22,0.8,0.06,0.48785363677485266,0.00899441620481283,0.014906351851879052,0.8261416431961333,0.7565304447320604,True,0
measurement_noise_0.850,measurement_noise,7,20,reference_aware,coverage_wait,coverage_wait,True,1.0,1.1,False,False,0.15,0.15,0.85,0.1,0.2,0.22,0.8,0.06,0.48672776333782797,0.00891377284996883,0.014836306152309908,0.8248710797187611,0.7505128398685998,True,0
measurement_noise_0.850,measurement_noise,7,20,inferred_failure_aware,coverage_wait,coverage_wait,True,1.0,1.1,False,False,0.15,0.15,0.85,0.1,0.2,0.22,0.8,0.06,0.48672776333782797,0.00891377284996883,0.014836306152309908,0.8248710797187611,0.7505128398685998,True,0
measurement_noise_0.850,measurement_noise,8,5,baseline,normal,coverage_wait,False,1.0,1.0,True,True,0.2,0.0,0.8,0.0,0.2,0.22,0.8,0.06,0.2633856029387274,0.006671427102001167,0.004339642892917883,0.882056505262281,1.1041649951933852,True,0
measurement_noise_0.850,measurement_noise,8,5,reference_aware,coverage_wait,coverage_wait,True,1.0,1.1,False,False,0.2,0.0,0.8,0.0,0.2,0.22,0.8,0.06,0.26393086515703185,0.0066296281059619565,0.0040743798536182485,0.881788241254796,1.0977048231078481,True,0
measurement_noise_0.850,measurement_noise,8,5,inferred_failure_aware,coverage_wait,coverage_wait,True,1.0,1.1,False,False,0.2,0.0,0.8,0.0,0.2,0.22,0.8,0.06,0.26393086515703185,0.0066296281059619565,0.0040743798536182485,0.881788241254796,1.0977048231078481,True,0
measurement_noise_0.850,measurement_noise,8,10,baseline,normal,coverage_wait,False,1.0,1.0,True,True,0.2,0.1,0.8,0.0,0.2,0.22,0.8,0.06,0.2633856029387274,0.006671427102001167,0.004339642892917883,0.882056505262281,1.1041649951933852,True,0
measurement_noise_0.850,measurement_noise,8,10,reference_aware,coverage_wait,coverage_wait,True,1.0,1.1,False,False,0.2,0.1,0.8,0.0,0.2,0.22,0.8,0.06,0.26393086515703185,0.0066296281059619565,0.0040743798536182485,0.881788241254796,1.0977048231078481,True,0
measurement_noise_0.850,measurement_noise,8,10,inferred_failure_aware,coverage_wait,coverage_wait,True,1.0,1.1,False,False,0.2,0.1,0.8,0.0,0.2,0.22,0.8,0.06,0.26393086515703185,0.0066296281059619565,0.0040743798536182485,0.881788241254796,1.0977048231078481,True,0
measurement_noise_0.850,measurement_noise,8,20,baseline,normal,coverage_wait,False,1.0,1.0,True,True,0.2,0.15,0.8,0.05,0.2,0.22,0.8,0.06,0.2633856029387274,0.006671427102001167,0.004339642892917883,0.882056505262281,1.1041649951933852,True,0
measurement_noise_0.850,measurement_noise,8,20,reference_aware,coverage_wait,coverage_wait,True,1.0,1.1,False,False,0.2,0.15,0.8,0.05,0.2,0.22,0.8,0.06,0.26393086515703185,0.0066296281059619565,0.0040743798536182485,0.881788241254796,1.0977048231078481,True,0
measurement_noise_0.850,measurement_noise,8,20,inferred_failure_aware,coverage_wait,coverage_wait,True,1.0,1.1,False,False,0.2,0.15,0.8,0.05,0.2,0.22,0.8,0.06,0.26393086515703185,0.0066296281059619565,0.0040743798536182485,0.881788241254796,1.0977048231078481,True,0
measurement_noise_0.850,measurement_noise,9,5,baseline,normal,coverage_wait,False,1.0,1.0,True,True,0.0,0.4,1.0,0.0,0.2,0.22,0.8,0.06,0.5744514032824685,0.011075443644157907,0.0034641430200390566,0.9215445614070843,1.2117234517341782,True,0
measurement_noise_0.850,measurement_noise,9,5,reference_aware,coverage_wait,coverage_wait,True,1.0,1.1,False,False,0.0,0.4,1.0,0.0,0.2,0.22,0.8,0.06,0.5728500059914938,0.010932741312656116,0.003093643750706754,0.9176634171576782,1.1965106671022296,True,0
measurement_noise_0.850,measurement_noise,9,5,inferred_failure_aware,coverage_wait,coverage_wait,True,1.0,1.1,False,False,0.0,0.4,1.0,0.0,0.2,0.22,0.8,0.06,0.5728500059914938,0.010932741312656116,0.003093643750706754,0.9176634171576782,1.1965106671022296,True,0
measurement_noise_0.850,measurement_noise,9,10,baseline,normal,coverage_wait,False,1.0,1.0,True,True,0.1,0.4,0.9,0.1,0.2,0.22,0.8,0.06,0.5744514032824685,0.011075443644157907,0.0034641430200390566,0.9215445614070843,1.2117234517341782,True,0
measurement_noise_0.850,measurement_noise,9,10,reference_aware,coverage_wait,coverage_wait,True,1.0,1.1,False,False,0.1,0.4,0.9,0.1,0.2,0.22,0.8,0.06,0.5728500059914938,0.010932741312656116,0.003093643750706754,0.9176634171576782,1.1965106671022296,True,0
measurement_noise_0.850,measurement_noise,9,10,inferred_failure_aware,coverage_wait,coverage_wait,True,1.0,1.1,False,False,0.1,0.4,0.9,0.1,0.2,0.22,0.8,0.06,0.5728500059914938,0.010932741312656116,0.003093643750706754,0.9176634171576782,1.1965106671022296,True,0
measurement_noise_0.850,measurement_noise,9,20,baseline,normal,coverage_wait,False,1.0,1.0,True,True,0.1,0.25,0.9,0.1,0.2,0.22,0.8,0.06,0.5744514032824685,0.011075443644157907,0.0034641430200390566,0.9215445614070843,1.2117234517341782,True,0
measurement_noise_0.850,measurement_noise,9,20,reference_aware,coverage_wait,coverage_wait,True,1.0,1.1,False,False,0.1,0.25,0.9,0.1,0.2,0.22,0.8,0.06,0.5728500059914938,0.010932741312656116,0.003093643750706754,0.9176634171576782,1.1965106671022296,True,0
measurement_noise_0.850,measurement_noise,9,20,inferred_failure_aware,coverage_wait,coverage_wait,True,1.0,1.1,False,False,0.1,0.25,0.9,0.1,0.2,0.22,0.8,0.06,0.5728500059914938,0.010932741312656116,0.003093643750706754,0.9176634171576782,1.1965106671022296,True,0
measurement_noise_0.850,measurement_noise,10,5,baseline,normal,coverage_wait,False,1.0,1.0,True,True,0.4,0.2,0.6,0.0,0.2,0.22,0.8,0.06,0.33775510036432865,0.008723133727685043,0.00648764715104011,0.9142748883019027,1.1935577092200724,True,0
measurement_noise_0.850,measurement_noise,10,5,reference_aware,coverage_wait,coverage_wait,True,1.0,1.1,False,False,0.4,0.2,0.6,0.0,0.2,0.22,0.8,0.06,0.338819570555364,0.008672802218764817,0.006511465215743972,0.9137178976745166,1.1846674507788284,True,0
measurement_noise_0.850,measurement_noise,10,5,inferred_failure_aware,coverage_wait,coverage_wait,True,1.0,1.1,False,False,0.4,0.2,0.6,0.0,0.2,0.22,0.8,0.06,0.338819570555364,0.008672802218764817,0.006511465215743972,0.9137178976745166,1.1846674507788284,True,0
measurement_noise_0.850,measurement_noise,10,10,baseline,normal,coverage_wait,False,1.0,1.0,True,True,0.3,0.3,0.7,0.0,0.2,0.22,0.8,0.06,0.33775510036432865,0.008723133727685043,0.00648764715104011,0.9142748883019027,1.1935577092200724,True,0
measurement_noise_0.850,measurement_noise,10,10,reference_aware,coverage_wait,coverage_wait,True,1.0,1.1,False,False,0.3,0.3,0.7,0.0,0.2,0.22,0.8,0.06,0.338819570555364,0.008672802218764817,0.006511465215743972,0.9137178976745166,1.1846674507788284,True,0
measurement_noise_0.850,measurement_noise,10,10,inferred_failure_aware,coverage_wait,coverage_wait,True,1.0,1.1,False,False,0.3,0.3,0.7,0.0,0.2,0.22,0.8,0.06,0.338819570555364,0.008672802218764817,0.006511465215743972,0.9137178976745166,1.1846674507788284,True,0
measurement_noise_0.850,measurement_noise,10,20,baseline,normal,coverage_wait,False,1.0,1.0,True,True,0.25,0.2,0.75,0.0,0.2,0.22,0.8,0.06,0.33775510036432865,0.008723133727685043,0.00648764715104011,0.9142748883019027,1.1935577092200724,True,0
measurement_noise_0.850,measurement_noise,10,20,reference_aware,coverage_wait,coverage_wait,True,1.0,1.1,False,False,0.25,0.2,0.75,0.0,0.2,0.22,0.8,0.06,0.338819570555364,0.008672802218764817,0.006511465215743972,0.9137178976745166,1.1846674507788284,True,0
measurement_noise_0.850,measurement_noise,10,20,inferred_failure_aware,coverage_wait,coverage_wait,True,1.0,1.1,False,False,0.25,0.2,0.75,0.0,0.2,0.22,0.8,0.06,0.338819570555364,0.008672802218764817,0.006511465215743972,0.9137178976745166,1.1846674507788284,True,0
measurement_noise_0.850,measurement_noise,11,5,baseline,normal,coverage_wait,False,1.0,1.0,True,True,0.2,0.0,0.8,0.0,0.2,0.22,0.8,0.06,0.4546844857398367,0.00840384651526077,0.0031445762195856375,0.8842701933645005,1.0834799669224493,True,0
measurement_noise_0.850,measurement_noise,11,5,reference_aware,coverage_wait,coverage_wait,True,1.0,1.1,False,False,0.2,0.0,0.8,0.0,0.2,0.22,0.8,0.06,0.4560097142724303,0.008291792499212164,0.003026737586911521,0.8835528115765732,1.07135301743843,True,0
measurement_noise_0.850,measurement_noise,11,5,inferred_failure_aware,coverage_wait,coverage_wait,True,1.0,1.1,False,False,0.2,0.0,0.8,0.0,0.2,0.22,0.8,0.06,0.4560097142724303,0.008291792499212164,0.003026737586911521,0.8835528115765732,1.07135301743843,True,0
measurement_noise_0.850,measurement_noise,11,10,baseline,normal,coverage_wait,False,1.0,1.0,True,True,0.2,0.2,0.8,0.0,0.2,0.22,0.8,0.06,0.4546844857398367,0.00840384651526077,0.0031445762195856375,0.8842701933645005,1.0834799669224493,True,0
measurement_noise_0.850,measurement_noise,11,10,reference_aware,coverage_wait,coverage_wait,True,1.0,1.1,False,False,0.2,0.2,0.8,0.0,0.2,0.22,0.8,0.06,0.4560097142724303,0.008291792499212164,0.003026737586911521,0.8835528115765732,1.07135301743843,True,0
measurement_noise_0.850,measurement_noise,11,10,inferred_failure_aware,coverage_wait,coverage_wait,True,1.0,1.1,False,False,0.2,0.2,0.8,0.0,0.2,0.22,0.8,0.06,0.4560097142724303,0.008291792499212164,0.003026737586911521,0.8835528115765732,1.07135301743843,True,0
measurement_noise_0.850,measurement_noise,11,20,baseline,normal,coverage_wait,False,1.0,1.0,True,True,0.2,0.2,0.8,0.0,0.2,0.22,0.8,0.06,0.4546844857398367,0.00840384651526077,0.0031445762195856375,0.8842701933645005,1.0834799669224493,True,0
measurement_noise_0.850,measurement_noise,11,20,reference_aware,coverage_wait,coverage_wait,True,1.0,1.1,False,False,0.2,0.2,0.8,0.0,0.2,0.22,0.8,0.06,0.4560097142724303,0.008291792499212164,0.003026737586911521,0.8835528115765732,1.07135301743843,True,0
measurement_noise_0.850,measurement_noise,11,20,inferred_failure_aware,coverage_wait,coverage_wait,True,1.0,1.1,False,False,0.2,0.2,0.8,0.0,0.2,0.22,0.8,0.06,0.4560097142724303,0.008291792499212164,0.003026737586911521,0.8835528115765732,1.07135301743843,True,0
measurement_noise_0.850,measurement_noise,12,5,baseline,normal,coverage_wait,False,1.0,1.0,True,True,0.4,0.4,0.6,0.0,0.2,0.22,0.8,0.06,0.31031236772978776,0.00763934998600485,0.008581083368771503,0.954088932579711,0.9544562632598232,True,0
measurement_noise_0.850,measurement_noise,12,5,reference_aware,coverage_wait,coverage_wait,True,1.0,1.1,False,False,0.4,0.4,0.6,0.0,0.2,0.22,0.8,0.06,0.3136409573938266,0.0076575191987470655,0.008099388950926656,0.9518563173245771,0.9464129149405125,True,0
measurement_noise_0.850,measurement_noise,12,5,inferred_failure_aware,coverage_wait,coverage_wait,True,1.0,1.1,False,False,0.4,0.4,0.6,0.0,0.2,0.22,0.8,0.06,0.3136409573938266,0.0076575191987470655,0.008099388950926656,0.9518563173245771,0.9464129149405125,True,0
measurement_noise_0.850,measurement_noise,12,10,baseline,normal,coverage_wait,False,1.0,1.0,True,True,0.4,0.3,0.6,0.2,0.2,0.22,0.8,0.06,0.31031236772978776,0.00763934998600485,0.008581083368771503,0.954088932579711,0.9544562632598232,True,0
measurement_noise_0.850,measurement_noise,12,10,reference_aware,coverage_wait,coverage_wait,True,1.0,1.1,False,False,0.4,0.3,0.6,0.2,0.2,0.22,0.8,0.06,0.3136409573938266,0.0076575191987470655,0.008099388950926656,0.9518563173245771,0.9464129149405125,True,0
measurement_noise_0.850,measurement_noise,12,10,inferred_failure_aware,coverage_wait,coverage_wait,True,1.0,1.1,False,False,0.4,0.3,0.6,0.2,0.2,0.22,0.8,0.06,0.3136409573938266,0.0076575191987470655,0.008099388950926656,0.9518563173245771,0.9464129149405125,True,0
measurement_noise_0.850,measurement_noise,12,20,baseline,normal,coverage_wait,False,1.0,1.0,True,True,0.3,0.3,0.7,0.1,0.2,0.22,0.8,0.06,0.31031236772978776,0.00763934998600485,0.008581083368771503,0.954088932579711,0.9544562632598232,True,0
measurement_noise_0.850,measurement_noise,12,20,reference_aware,coverage_wait,coverage_wait,True,1.0,1.1,False,False,0.3,0.3,0.7,0.1,0.2,0.22,0.8,0.06,0.3136409573938266,0.0076575191987470655,0.008099388950926656,0.9518563173245771,0.9464129149405125,True,0
measurement_noise_0.850,measurement_noise,12,20,inferred_failure_aware,coverage_wait,coverage_wait,True,1.0,1.1,False,False,0.3,0.3,0.7,0.1,0.2,0.22,0.8,0.06,0.3136409573938266,0.0076575191987470655,0.008099388950926656,0.9518563173245771,0.9464129149405125,True,0
measurement_noise_0.850,measurement_noise,13,5,baseline,normal,coverage_wait,False,1.0,1.0,True,True,0.4,0.0,0.6,0.0,0.2,0.22,0.8,0.06,0.4815603781137177,0.008549027459528822,0.0017323182780090152,0.9696534628773852,1.1905760164188544,True,0
measurement_noise_0.850,measurement_noise,13,5,reference_aware,coverage_wait,coverage_wait,True,1.0,1.1,False,False,0.4,0.0,0.6,0.0,0.2,0.22,0.8,0.06,0.48166839225363356,0.008492739588114799,0.001757599760313755,0.9689023280844725,1.1823288463809,True,0
measurement_noise_0.850,measurement_noise,13,5,inferred_failure_aware,coverage_wait,coverage_wait,True,1.0,1.1,False,False,0.4,0.0,0.6,0.0,0.2,0.22,0.8,0.06,0.48166839225363356,0.008492739588114799,0.001757599760313755,0.9689023280844725,1.1823288463809,True,0
measurement_noise_0.850,measurement_noise,13,10,baseline,normal,coverage_wait,False,1.0,1.0,True,True,0.3,0.2,0.7,0.1,0.2,0.22,0.8,0.06,0.4815603781137177,0.008549027459528822,0.0017323182780090152,0.9696534628773852,1.1905760164188544,True,0
measurement_noise_0.850,measurement_noise,13,10,reference_aware,coverage_wait,coverage_wait,True,1.0,1.1,False,False,0.3,0.2,0.7,0.1,0.2,0.22,0.8,0.06,0.48166839225363356,0.008492739588114799,0.001757599760313755,0.9689023280844725,1.1823288463809,True,0
measurement_noise_0.850,measurement_noise,13,10,inferred_failure_aware,coverage_wait,coverage_wait,True,1.0,1.1,False,False,0.3,0.2,0.7,0.1,0.2,0.22,0.8,0.06,0.48166839225363356,0.008492739588114799,0.001757599760313755,0.9689023280844725,1.1823288463809,True,0
measurement_noise_0.850,measurement_noise,13,20,baseline,normal,coverage_wait,False,1.0,1.0,True,True,0.2,0.3,0.8,0.1,0.2,0.22,0.8,0.06,0.4815603781137177,0.008549027459528822,0.0017323182780090152,0.9696534628773852,1.1905760164188544,True,0
measurement_noise_0.850,measurement_noise,13,20,reference_aware,coverage_wait,coverage_wait,True,1.0,1.1,False,False,0.2,0.3,0.8,0.1,0.2,0.22,0.8,0.06,0.48166839225363356,0.008492739588114799,0.001757599760313755,0.9689023280844725,1.1823288463809,True,0
measurement_noise_0.850,measurement_noise,13,20,inferred_failure_aware,coverage_wait,coverage_wait,True,1.0,1.1,False,False,0.2,0.3,0.8,0.1,0.2,0.22,0.8,0.06,0.48166839225363356,0.008492739588114799,0.001757599760313755,0.9689023280844725,1.1823288463809,True,0
measurement_noise_0.850,measurement_noise,14,5,baseline,normal,coverage_wait,False,1.0,1.0,True,True,0.0,0.4,1.0,0.2,0.2,0.22,0.8,0.06,0.48112652912235804,0.009209745726649059,0.0033182103311049094,0.8883366442518871,1.4485198745497272,True,0
measurement_noise_0.850,measurement_noise,14,5,reference_aware,coverage_wait,coverage_wait,True,1.0,1.1,False,False,0.0,0.4,1.0,0.2,0.2,0.22,0.8,0.06,0.4841666488373871,0.00921559373368221,0.0029639211274280486,0.8880704130316748,1.4347244464657247,True,0
measurement_noise_0.850,measurement_noise,14,5,inferred_failure_aware,coverage_wait,coverage_wait,True,1.0,1.1,False,False,0.0,0.4,1.0,0.2,0.2,0.22,0.8,0.06,0.4841666488373871,0.00921559373368221,0.0029639211274280486,0.8880704130316748,1.4347244464657247,True,0
measurement_noise_0.850,measurement_noise,14,10,baseline,normal,coverage_wait,False,1.0,1.0,True,True,0.0,0.3,1.0,0.1,0.2,0.22,0.8,0.06,0.48112652912235804,0.009209745726649059,0.0033182103311049094,0.8883366442518871,1.4485198745497272,True,0
measurement_noise_0.850,measurement_noise,14,10,reference_aware,coverage_wait,coverage_wait,True,1.0,1.1,False,False,0.0,0.3,1.0,0.1,0.2,0.22,0.8,0.06,0.4841666488373871,0.00921559373368221,0.0029639211274280486,0.8880704130316748,1.4347244464657247,True,0
measurement_noise_0.850,measurement_noise,14,10,inferred_failure_aware,coverage_wait,coverage_wait,True,1.0,1.1,False,False,0.0,0.3,1.0,0.1,0.2,0.22,0.8,0.06,0.4841666488373871,0.00921559373368221,0.0029639211274280486,0.8880704130316748,1.4347244464657247,True,0
measurement_noise_0.850,measurement_noise,14,20,baseline,normal,coverage_wait,False,1.0,1.0,True,True,0.15,0.25,0.85,0.05,0.2,0.22,0.8,0.06,0.48112652912235804,0.009209745726649059,0.0033182103311049094,0.8883366442518871,1.4485198745497272,True,0
measurement_noise_0.850,measurement_noise,14,20,reference_aware,coverage_wait,coverage_wait,True,1.0,1.1,False,False,0.15,0.25,0.85,0.05,0.2,0.22,0.8,0.06,0.4841666488373871,0.00921559373368221,0.0029639211274280486,0.8880704130316748,1.4347244464657247,True,0
measurement_noise_0.850,measurement_noise,14,20,inferred_failure_aware,coverage_wait,coverage_wait,True,1.0,1.1,False,False,0.15,0.25,0.85,0.05,0.2,0.22,0.8,0.06,0.4841666488373871,0.00921559373368221,0.0029639211274280486,0.8880704130316748,1.4347244464657247,True,0
measurement_noise_0.850,measurement_noise,15,5,baseline,normal,coverage_wait,False,1.0,1.0,True,True,0.0,0.2,1.0,0.0,0.2,0.22,0.8,0.06,0.456346129522227,0.008675985976039169,0.001157048139831418,0.8722703644408425,0.9388203384196319,True,0
measurement_noise_0.850,measurement_noise,15,5,reference_aware,coverage_wait,coverage_wait,True,1.0,1.1,False,False,0.0,0.2,1.0,0.0,0.2,0.22,0.8,0.06,0.4568076193106542,0.008601392715686084,0.0010383240933716786,0.8714981532741686,0.9335771667700351,True,0
measurement_noise_0.850,measurement_noise,15,5,inferred_failure_aware,coverage_wait,coverage_wait,True,1.0,1.1,False,False,0.0,0.2,1.0,0.0,0.2,0.22,0.8,0.06,0.4568076193106542,0.008601392715686084,0.0010383240933716786,0.8714981532741686,0.9335771667700351,True,0
measurement_noise_0.850,measurement_noise,15,10,baseline,normal,coverage_wait,False,1.0,1.0,True,True,0.1,0.2,0.9,0.0,0.2,0.22,0.8,0.06,0.456346129522227,0.008675985976039169,0.001157048139831418,0.8722703644408425,0.9388203384196319,True,0
measurement_noise_0.850,measurement_noise,15,10,reference_aware,coverage_wait,coverage_wait,True,1.0,1.1,False,False,0.1,0.2,0.9,0.0,0.2,0.22,0.8,0.06,0.4568076193106542,0.008601392715686084,0.0010383240933716786,0.8714981532741686,0.9335771667700351,True,0
measurement_noise_0.850,measurement_noise,15,10,inferred_failure_aware,coverage_wait,coverage_wait,True,1.0,1.1,False,False,0.1,0.2,0.9,0.0,0.2,0.22,0.8,0.06,0.4568076193106542,0.008601392715686084,0.0010383240933716786,0.8714981532741686,0.9335771667700351,True,0
measurement_noise_0.850,measurement_noise,15,20,baseline,normal,coverage_wait,False,1.0,1.0,True,True,0.3,0.1,0.7,0.0,0.2,0.22,0.8,0.06,0.456346129522227,0.008675985976039169,0.001157048139831418,0.8722703644408425,0.9388203384196319,True,0
measurement_noise_0.850,measurement_noise,15,20,reference_aware,coverage_wait,coverage_wait,True,1.0,1.1,False,False,0.3,0.1,0.7,0.0,0.2,0.22,0.8,0.06,0.4568076193106542,0.008601392715686084,0.0010383240933716786,0.8714981532741686,0.9335771667700351,True,0
measurement_noise_0.850,measurement_noise,15,20,inferred_failure_aware,coverage_wait,coverage_wait,True,1.0,1.1,False,False,0.3,0.1,0.7,0.0,0.2,0.22,0.8,0.06,0.4568076193106542,0.008601392715686084,0.0010383240933716786,0.8714981532741686,0.9335771667700351,True,0
measurement_noise_0.850,measurement_noise,16,5,baseline,normal,coverage_wait,False,1.0,1.0,True,True,0.4,0.0,0.6,0.0,0.2,0.22,0.8,0.06,0.28172568206161264,0.006903165636838005,0.0041675557729483614,0.8596085868267273,1.1019667347460522,True,0
measurement_noise_0.850,measurement_noise,16,5,reference_aware,coverage_wait,coverage_wait,True,1.0,1.1,False,False,0.4,0.0,0.6,0.0,0.2,0.22,0.8,0.06,0.28790602699153245,0.00688381992049629,0.004019087786222508,0.8581823513305802,1.0918205536360799,True,0
measurement_noise_0.850,measurement_noise,16,5,inferred_failure_aware,coverage_wait,coverage_wait,True,1.0,1.1,False,False,0.4,0.0,0.6,0.0,0.2,0.22,0.8,0.06,0.28790602699153245,0.00688381992049629,0.004019087786222508,0.8581823513305802,1.0918205536360799,True,0
measurement_noise_0.850,measurement_noise,16,10,baseline,normal,coverage_wait,False,1.0,1.0,True,True,0.3,0.0,0.7,0.1,0.2,0.22,0.8,0.06,0.28172568206161264,0.006903165636838005,0.0041675557729483614,0.8596085868267273,1.1019667347460522,True,0
measurement_noise_0.850,measurement_noise,16,10,reference_aware,coverage_wait,coverage_wait,True,1.0,1.1,False,False,0.3,0.0,0.7,0.1,0.2,0.22,0.8,0.06,0.28790602699153245,0.00688381992049629,0.004019087786222508,0.8581823513305802,1.0918205536360799,True,0
measurement_noise_0.850,measurement_noise,16,10,inferred_failure_aware,coverage_wait,coverage_wait,True,1.0,1.1,False,False,0.3,0.0,0.7,0.1,0.2,0.22,0.8,0.06,0.28790602699153245,0.00688381992049629,0.004019087786222508,0.8581823513305802,1.0918205536360799,True,0
measurement_noise_0.850,measurement_noise,16,20,baseline,normal,coverage_wait,False,1.0,1.0,True,True,0.35,0.1,0.65,0.1,0.2,0.22,0.8,0.06,0.28172568206161264,0.006903165636838005,0.0041675557729483614,0.8596085868267273,1.1019667347460522,True,0
measurement_noise_0.850,measurement_noise,16,20,reference_aware,coverage_wait,coverage_wait,True,1.0,1.1,False,False,0.35,0.1,0.65,0.1,0.2,0.22,0.8,0.06,0.28790602699153245,0.00688381992049629,0.004019087786222508,0.8581823513305802,1.0918205536360799,True,0
measurement_noise_0.850,measurement_noise,16,20,inferred_failure_aware,coverage_wait,coverage_wait,True,1.0,1.1,False,False,0.35,0.1,0.65,0.1,0.2,0.22,0.8,0.06,0.28790602699153245,0.00688381992049629,0.004019087786222508,0.8581823513305802,1.0918205536360799,True,0
measurement_noise_0.850,measurement_noise,17,5,baseline,normal,coverage_wait,False,1.0,1.0,True,True,0.4,0.2,0.6,0.0,0.2,0.22,0.8,0.06,0.30199658638105675,0.006041715696330196,0.0013363717609303771,0.7769834852821974,0.7973921101946635,True,0
measurement_noise_0.850,measurement_noise,17,5,reference_aware,coverage_wait,coverage_wait,True,1.0,1.1,False,False,0.4,0.2,0.6,0.0,0.2,0.22,0.8,0.06,0.3028683144802317,0.006019835054995769,0.001358660070438833,0.776137706872053,0.7917206736027798,True,0
measurement_noise_0.850,measurement_noise,17,5,inferred_failure_aware,coverage_wait,coverage_wait,True,1.0,1.1,False,False,0.4,0.2,0.6,0.0,0.2,0.22,0.8,0.06,0.3028683144802317,0.006019835054995769,0.001358660070438833,0.776137706872053,0.7917206736027798,True,0
measurement_noise_0.850,measurement_noise,17,10,baseline,normal,coverage_wait,False,1.0,1.0,True,True,0.3,0.3,0.7,0.0,0.2,0.22,0.8,0.06,0.30199658638105675,0.006041715696330196,0.0013363717609303771,0.7769834852821974,0.7973921101946635,True,0
measurement_noise_0.850,measurement_noise,17,10,reference_aware,coverage_wait,coverage_wait,True,1.0,1.1,False,False,0.3,0.3,0.7,0.0,0.2,0.22,0.8,0.06,0.3028683144802317,0.006019835054995769,0.001358660070438833,0.776137706872053,0.7917206736027798,True,0
measurement_noise_0.850,measurement_noise,17,10,inferred_failure_aware,coverage_wait,coverage_wait,True,1.0,1.1,False,False,0.3,0.3,0.7,0.0,0.2,0.22,0.8,0.06,0.3028683144802317,0.006019835054995769,0.001358660070438833,0.776137706872053,0.7917206736027798,True,0
measurement_noise_0.850,measurement_noise,17,20,baseline,normal,coverage_wait,False,1.0,1.0,True,True,0.2,0.35,0.8,0.05,0.2,0.22,0.8,0.06,0.30199658638105675,0.006041715696330196,0.0013363717609303771,0.7769834852821974,0.7973921101946635,True,0
measurement_noise_0.850,measurement_noise,17,20,reference_aware,coverage_wait,coverage_wait,True,1.0,1.1,False,False,0.2,0.35,0.8,0.05,0.2,0.22,0.8,0.06,0.3028683144802317,0.006019835054995769,0.001358660070438833,0.776137706872053,0.7917206736027798,True,0
measurement_noise_0.850,measurement_noise,17,20,inferred_failure_aware,coverage_wait,coverage_wait,True,1.0,1.1,False,False,0.2,0.35,0.8,0.05,0.2,0.22,0.8,0.06,0.3028683144802317,0.006019835054995769,0.001358660070438833,0.776137706872053,0.7917206736027798,True,0
measurement_noise_0.850,measurement_noise,18,5,baseline,normal,coverage_wait,False,1.0,1.0,True,True,0.0,0.0,1.0,0.0,0.2,0.22,0.8,0.06,0.6166693778637254,0.011318129361813048,0.002383294118169399,0.9501415766019047,1.2585973664221008,True,0
measurement_noise_0.850,measurement_noise,18,5,reference_aware,coverage_wait,coverage_wait,True,1.0,1.1,False,False,0.0,0.0,1.0,0.0,0.2,0.22,0.8,0.06,0.617594376041053,0.011254117230409028,0.0023136413013399304,0.9483451451032542,1.2443190252600749,True,0
measurement_noise_0.850,measurement_noise,18,5,inferred_failure_aware,coverage_wait,coverage_wait,True,1.0,1.1,False,False,0.0,0.0,1.0,0.0,0.2,0.22,0.8,0.06,0.617594376041053,0.011254117230409028,0.0023136413013399304,0.9483451451032542,1.2443190252600749,True,0
measurement_noise_0.850,measurement_noise,18,10,baseline,normal,coverage_wait,False,1.0,1.0,True,True,0.1,0.2,0.9,0.1,0.2,0.22,0.8,0.06,0.6166693778637254,0.011318129361813048,0.002383294118169399,0.9501415766019047,1.2585973664221008,True,0
measurement_noise_0.850,measurement_noise,18,10,reference_aware,coverage_wait,coverage_wait,True,1.0,1.1,False,False,0.1,0.2,0.9,0.1,0.2,0.22,0.8,0.06,0.617594376041053,0.011254117230409028,0.0023136413013399304,0.9483451451032542,1.2443190252600749,True,0
measurement_noise_0.850,measurement_noise,18,10,inferred_failure_aware,coverage_wait,coverage_wait,True,1.0,1.1,False,False,0.1,0.2,0.9,0.1,0.2,0.22,0.8,0.06,0.617594376041053,0.011254117230409028,0.0023136413013399304,0.9483451451032542,1.2443190252600749,True,0
measurement_noise_0.850,measurement_noise,18,20,baseline,normal,coverage_wait,False,1.0,1.0,True,True,0.15,0.15,0.85,0.1,0.2,0.22,0.8,0.06,0.6166693778637254,0.011318129361813048,0.002383294118169399,0.9501415766019047,1.2585973664221008,True,0
measurement_noise_0.850,measurement_noise,18,20,reference_aware,coverage_wait,coverage_wait,True,1.0,1.1,False,False,0.15,0.15,0.85,0.1,0.2,0.22,0.8,0.06,0.617594376041053,0.011254117230409028,0.0023136413013399304,0.9483451451032542,1.2443190252600749,True,0
measurement_noise_0.850,measurement_noise,18,20,inferred_failure_aware,coverage_wait,coverage_wait,True,1.0,1.1,False,False,0.15,0.15,0.85,0.1,0.2,0.22,0.8,0.06,0.617594376041053,0.011254117230409028,0.0023136413013399304,0.9483451451032542,1.2443190252600749,True,0
measurement_noise_0.850,measurement_noise,19,5,baseline,normal,coverage_wait,False,1.0,1.0,True,True,0.0,0.4,1.0,0.0,0.2,0.22,0.8,0.06,0.481638167706015,0.00974417806230954,0.0022952088462805387,0.8923391348112419,1.2012432712766035,True,0
measurement_noise_0.850,measurement_noise,19,5,reference_aware,coverage_wait,coverage_wait,True,1.0,1.1,False,False,0.0,0.4,1.0,0.0,0.2,0.22,0.8,0.06,0.48261157554654377,0.00965682049796596,0.002489905791410174,0.8903049005627941,1.1893286898239932,True,0
measurement_noise_0.850,measurement_noise,19,5,inferred_failure_aware,coverage_wait,coverage_wait,True,1.0,1.1,False,False,0.0,0.4,1.0,0.0,0.2,0.22,0.8,0.06,0.48261157554654377,0.00965682049796596,0.002489905791410174,0.8903049005627941,1.1893286898239932,True,0
measurement_noise_0.850,measurement_noise,19,10,baseline,normal,coverage_wait,False,1.0,1.0,True,True,0.1,0.5,0.9,0.0,0.2,0.22,0.8,0.06,0.481638167706015,0.00974417806230954,0.0022952088462805387,0.8923391348112419,1.2012432712766035,True,0
measurement_noise_0.850,measurement_noise,19,10,reference_aware,coverage_wait,coverage_wait,True,1.0,1.1,False,False,0.1,0.5,0.9,0.0,0.2,0.22,0.8,0.06,0.48261157554654377,0.00965682049796596,0.002489905791410174,0.8903049005627941,1.1893286898239932,True,0
measurement_noise_0.850,measurement_noise,19,10,inferred_failure_aware,coverage_wait,coverage_wait,True,1.0,1.1,False,False,0.1,0.5,0.9,0.0,0.2,0.22,0.8,0.06,0.48261157554654377,0.00965682049796596,0.002489905791410174,0.8903049005627941,1.1893286898239932,True,0
measurement_noise_0.850,measurement_noise,19,20,baseline,normal,coverage_wait,False,1.0,1.0,True,True,0.25,0.3,0.75,0.0,0.2,0.22,0.8,0.06,0.481638167706015,0.00974417806230954,0.0022952088462805387,0.8923391348112419,1.2012432712766035,True,0
measurement_noise_0.850,measurement_noise,19,20,reference_aware,coverage_wait,coverage_wait,True,1.0,1.1,False,False,0.25,0.3,0.75,0.0,0.2,0.22,0.8,0.06,0.48261157554654377,0.00965682049796596,0.002489905791410174,0.8903049005627941,1.1893286898239932,True,0
measurement_noise_0.850,measurement_noise,19,20,inferred_failure_aware,coverage_wait,coverage_wait,True,1.0,1.1,False,False,0.25,0.3,0.75,0.0,0.2,0.22,0.8,0.06,0.48261157554654377,0.00965682049796596,0.002489905791410174,0.8903049005627941,1.1893286898239932,True,0
measurement_noise_0.850,measurement_noise,20,5,baseline,normal,coverage_wait,False,1.0,1.0,True,True,0.2,0.0,0.8,0.0,0.2,0.22,0.8,0.06,0.44508776952124324,0.009780847656268193,0.004257095799175659,0.797407220505335,1.0602191317578191,True,0
measurement_noise_0.850,measurement_noise,20,5,reference_aware,coverage_wait,coverage_wait,True,1.0,1.1,False,False,0.2,0.0,0.8,0.0,0.2,0.22,0.8,0.06,0.44904498115766156,0.009731274381155758,0.004111480110514321,0.7964250054160004,1.0481961111988354,True,0
measurement_noise_0.850,measurement_noise,20,5,inferred_failure_aware,coverage_wait,coverage_wait,True,1.0,1.1,False,False,0.2,0.0,0.8,0.0,0.2,0.22,0.8,0.06,0.44904498115766156,0.009731274381155758,0.004111480110514321,0.7964250054160004,1.0481961111988354,True,0
measurement_noise_0.850,measurement_noise,20,10,baseline,normal,coverage_wait,False,1.0,1.0,True,True,0.4,0.0,0.6,0.0,0.2,0.22,0.8,0.06,0.44508776952124324,0.009780847656268193,0.004257095799175659,0.797407220505335,1.0602191317578191,True,0
measurement_noise_0.850,measurement_noise,20,10,reference_aware,coverage_wait,coverage_wait,True,1.0,1.1,False,False,0.4,0.0,0.6,0.0,0.2,0.22,0.8,0.06,0.44904498115766156,0.009731274381155758,0.004111480110514321,0.7964250054160004,1.0481961111988354,True,0
measurement_noise_0.850,measurement_noise,20,10,inferred_failure_aware,coverage_wait,coverage_wait,True,1.0,1.1,False,False,0.4,0.0,0.6,0.0,0.2,0.22,0.8,0.06,0.44904498115766156,0.009731274381155758,0.004111480110514321,0.7964250054160004,1.0481961111988354,True,0
measurement_noise_0.850,measurement_noise,20,20,baseline,normal,coverage_wait,False,1.0,1.0,True,True,0.3,0.05,0.7,0.05,0.2,0.22,0.8,0.06,0.44508776952124324,0.009780847656268193,0.004257095799175659,0.797407220505335,1.0602191317578191,True,0
measurement_noise_0.850,measurement_noise,20,20,reference_aware,coverage_wait,coverage_wait,True,1.0,1.1,False,False,0.3,0.05,0.7,0.05,0.2,0.22,0.8,0.06,0.44904498115766156,0.009731274381155758,0.004111480110514321,0.7964250054160004,1.0481961111988354,True,0
measurement_noise_0.850,measurement_noise,20,20,inferred_failure_aware,coverage_wait,coverage_wait,True,1.0,1.1,False,False,0.3,0.05,0.7,0.05,0.2,0.22,0.8,0.06,0.44904498115766156,0.009731274381155758,0.004111480110514321,0.7964250054160004,1.0481961111988354,True,0
measurement_noise_0.850,measurement_noise,21,5,baseline,normal,coverage_wait,False,1.0,1.0,True,True,0.0,0.4,1.0,0.0,0.2,0.22,0.8,0.06,0.3074002106132126,0.006004250938977947,0.0023818894814144898,0.8343290655128219,0.746454270717893,True,0
measurement_noise_0.850,measurement_noise,21,5,reference_aware,coverage_wait,coverage_wait,True,1.0,1.1,False,False,0.0,0.4,1.0,0.0,0.2,0.22,0.8,0.06,0.3078838027079521,0.005922241879668969,0.002326854677637047,0.832414258752857,0.7402146950207471,True,0
measurement_noise_0.850,measurement_noise,21,5,inferred_failure_aware,coverage_wait,coverage_wait,True,1.0,1.1,False,False,0.0,0.4,1.0,0.0,0.2,0.22,0.8,0.06,0.3078838027079521,0.005922241879668969,0.002326854677637047,0.832414258752857,0.7402146950207471,True,0
measurement_noise_0.850,measurement_noise,21,10,baseline,normal,coverage_wait,False,1.0,1.0,True,True,0.2,0.2,0.8,0.0,0.2,0.22,0.8,0.06,0.3074002106132126,0.006004250938977947,0.0023818894814144898,0.8343290655128219,0.746454270717893,True,0
measurement_noise_0.850,measurement_noise,21,10,reference_aware,coverage_wait,coverage_wait,True,1.0,1.1,False,False,0.2,0.2,0.8,0.0,0.2,0.22,0.8,0.06,0.3078838027079521,0.005922241879668969,0.002326854677637047,0.832414258752857,0.7402146950207471,True,0
measurement_noise_0.850,measurement_noise,21,10,inferred_failure_aware,coverage_wait,coverage_wait,True,1.0,1.1,False,False,0.2,0.2,0.8,0.0,0.2,0.22,0.8,0.06,0.3078838027079521,0.005922241879668969,0.002326854677637047,0.832414258752857,0.7402146950207471,True,0
measurement_noise_0.850,measurement_noise,21,20,baseline,normal,coverage_wait,False,1.0,1.0,True,True,0.25,0.2,0.75,0.1,0.2,0.22,0.8,0.06,0.3074002106132126,0.006004250938977947,0.0023818894814144898,0.8343290655128219,0.746454270717893,True,0
measurement_noise_0.850,measurement_noise,21,20,reference_aware,coverage_wait,coverage_wait,True,1.0,1.1,False,False,0.25,0.2,0.75,0.1,0.2,0.22,0.8,0.06,0.3078838027079521,0.005922241879668969,0.002326854677637047,0.832414258752857,0.7402146950207471,True,0
measurement_noise_0.850,measurement_noise,21,20,inferred_failure_aware,coverage_wait,coverage_wait,True,1.0,1.1,False,False,0.25,0.2,0.75,0.1,0.2,0.22,0.8,0.06,0.3078838027079521,0.005922241879668969,0.002326854677637047,0.832414258752857,0.7402146950207471,True,0
measurement_noise_0.850,measurement_noise,22,5,baseline,normal,coverage_wait,False,1.0,1.0,True,True,0.2,0.0,0.8,0.0,0.2,0.22,0.8,0.06,0.42113820029367277,0.008564395237142681,0.0062096347024377385,0.8107922185354868,0.9952251130376549,True,0
measurement_noise_0.850,measurement_noise,22,5,reference_aware,coverage_wait,coverage_wait,True,1.0,1.1,False,False,0.2,0.0,0.8,0.0,0.2,0.22,0.8,0.06,0.4221131553486769,0.00848021016796486,0.006054565221270569,0.8094450644038576,0.9839743546091689,True,0
measurement_noise_0.850,measurement_noise,22,5,inferred_failure_aware,coverage_wait,coverage_wait,True,1.0,1.1,False,False,0.2,0.0,0.8,0.0,0.2,0.22,0.8,0.06,0.4221131553486769,0.00848021016796486,0.006054565221270569,0.8094450644038576,0.9839743546091689,True,0
measurement_noise_0.850,measurement_noise,22,10,baseline,normal,coverage_wait,False,1.0,1.0,True,True,0.2,0.0,0.8,0.0,0.2,0.22,0.8,0.06,0.42113820029367277,0.008564395237142681,0.0062096347024377385,0.8107922185354868,0.9952251130376549,True,0
measurement_noise_0.850,measurement_noise,22,10,reference_aware,coverage_wait,coverage_wait,True,1.0,1.1,False,False,0.2,0.0,0.8,0.0,0.2,0.22,0.8,0.06,0.4221131553486769,0.00848021016796486,0.006054565221270569,0.8094450644038576,0.9839743546091689,True,0
measurement_noise_0.850,measurement_noise,22,10,inferred_failure_aware,coverage_wait,coverage_wait,True,1.0,1.1,False,False,0.2,0.0,0.8,0.0,0.2,0.22,0.8,0.06,0.4221131553486769,0.00848021016796486,0.006054565221270569,0.8094450644038576,0.9839743546091689,True,0
measurement_noise_0.850,measurement_noise,22,20,baseline,normal,coverage_wait,False,1.0,1.0,True,True,0.25,0.1,0.75,0.05,0.2,0.22,0.8,0.06,0.42113820029367277,0.008564395237142681,0.0062096347024377385,0.8107922185354868,0.9952251130376549,True,0
measurement_noise_0.850,measurement_noise,22,20,reference_aware,coverage_wait,coverage_wait,True,1.0,1.1,False,False,0.25,0.1,0.75,0.05,0.2,0.22,0.8,0.06,0.4221131553486769,0.00848021016796486,0.006054565221270569,0.8094450644038576,0.9839743546091689,True,0
measurement_noise_0.850,measurement_noise,22,20,inferred_failure_aware,coverage_wait,coverage_wait,True,1.0,1.1,False,False,0.25,0.1,0.75,0.05,0.2,0.22,0.8,0.06,0.4221131553486769,0.00848021016796486,0.006054565221270569,0.8094450644038576,0.9839743546091689,True,0
measurement_noise_0.850,measurement_noise,23,5,baseline,normal,coverage_wait,False,1.0,1.0,True,True,0.2,0.2,0.8,0.2,0.2,0.22,0.8,0.06,0.5081882425712168,0.011307763749182841,0.004594214822320475,0.9257468509963072,1.0781785837415518,True,0
measurement_noise_0.850,measurement_noise,23,5,reference_aware,coverage_wait,coverage_wait,True,1.0,1.1,False,False,0.2,0.2,0.8,0.2,0.2,0.22,0.8,0.06,0.506971160703634,0.011146234085868692,0.004771505157524447,0.925429808717778,1.0581751032537692,True,0
measurement_noise_0.850,measurement_noise,23,5,inferred_failure_aware,coverage_wait,coverage_wait,True,1.0,1.1,False,False,0.2,0.2,0.8,0.2,0.2,0.22,0.8,0.06,0.506971160703634,0.011146234085868692,0.004771505157524447,0.925429808717778,1.0581751032537692,True,0
measurement_noise_0.850,measurement_noise,23,10,baseline,normal,coverage_wait,False,1.0,1.0,True,True,0.2,0.2,0.8,0.1,0.2,0.22,0.8,0.06,0.5081882425712168,0.011307763749182841,0.004594214822320475,0.9257468509963072,1.0781785837415518,True,0
measurement_noise_0.850,measurement_noise,23,10,reference_aware,coverage_wait,coverage_wait,True,1.0,1.1,False,False,0.2,0.2,0.8,0.1,0.2,0.22,0.8,0.06,0.506971160703634,0.011146234085868692,0.004771505157524447,0.925429808717778,1.0581751032537692,True,0
measurement_noise_0.850,measurement_noise,23,10,inferred_failure_aware,coverage_wait,coverage_wait,True,1.0,1.1,False,False,0.2,0.2,0.8,0.1,0.2,0.22,0.8,0.06,0.506971160703634,0.011146234085868692,0.004771505157524447,0.925429808717778,1.0581751032537692,True,0
measurement_noise_0.850,measurement_noise,23,20,baseline,normal,coverage_wait,False,1.0,1.0,True,True,0.15,0.15,0.85,0.05,0.2,0.22,0.8,0.06,0.5081882425712168,0.011307763749182841,0.004594214822320475,0.9257468509963072,1.0781785837415518,True,0
measurement_noise_0.850,measurement_noise,23,20,reference_aware,coverage_wait,coverage_wait,True,1.0,1.1,False,False,0.15,0.15,0.85,0.05,0.2,0.22,0.8,0.06,0.506971160703634,0.011146234085868692,0.004771505157524447,0.925429808717778,1.0581751032537692,True,0
measurement_noise_0.850,measurement_noise,23,20,inferred_failure_aware,coverage_wait,coverage_wait,True,1.0,1.1,False,False,0.15,0.15,0.85,0.05,0.2,0.22,0.8,0.06,0.506971160703634,0.011146234085868692,0.004771505157524447,0.925429808717778,1.0581751032537692,True,0
measurement_noise_0.850,measurement_noise,24,5,baseline,normal,coverage_wait,False,1.0,1.0,True,True,0.0,0.2,1.0,0.0,0.2,0.22,0.8,0.06,0.3373715916380978,0.007229257889682429,0.0002767992620301696,0.8092859853933643,0.8951125670176341,True,0
measurement_noise_0.850,measurement_noise,24,5,reference_aware,coverage_wait,coverage_wait,True,1.0,1.1,False,False,0.0,0.2,1.0,0.0,0.2,0.22,0.8,0.06,0.337955406403011,0.0071807760028075596,0.0002978074688010368,0.8079331297919137,0.8892698074016097,True,0
measurement_noise_0.850,measurement_noise,24,5,inferred_failure_aware,coverage_wait,coverage_wait,True,1.0,1.1,False,False,0.0,0.2,1.0,0.0,0.2,0.22,0.8,0.06,0.337955406403011,0.0071807760028075596,0.0002978074688010368,0.8079331297919137,0.8892698074016097,True,0
measurement_noise_0.850,measurement_noise,24,10,baseline,normal,coverage_wait,False,1.0,1.0,True,True,0.1,0.2,0.9,0.1,0.2,0.22,0.8,0.06,0.3373715916380978,0.007229257889682429,0.0002767992620301696,0.8092859853933643,0.8951125670176341,True,0
measurement_noise_0.850,measurement_noise,24,10,reference_aware,coverage_wait,coverage_wait,True,1.0,1.1,False,False,0.1,0.2,0.9,0.1,0.2,0.22,0.8,0.06,0.337955406403011,0.0071807760028075596,0.0002978074688010368,0.8079331297919137,0.8892698074016097,True,0
measurement_noise_0.850,measurement_noise,24,10,inferred_failure_aware,coverage_wait,coverage_wait,True,1.0,1.1,False,False,0.1,0.2,0.9,0.1,0.2,0.22,0.8,0.06,0.337955406403011,0.0071807760028075596,0.0002978074688010368,0.8079331297919137,0.8892698074016097,True,0
measurement_noise_0.850,measurement_noise,24,20,baseline,normal,coverage_wait,False,1.0,1.0,True,True,0.1,0.2,0.9,0.1,0.2,0.22,0.8,0.06,0.3373715916380978,0.007229257889682429,0.0002767992620301696,0.8092859853933643,0.8951125670176341,True,0
measurement_noise_0.850,measurement_noise,24,20,reference_aware,coverage_wait,coverage_wait,True,1.0,1.1,False,False,0.1,0.2,0.9,0.1,0.2,0.22,0.8,0.06,0.337955406403011,0.0071807760028075596,0.0002978074688010368,0.8079331297919137,0.8892698074016097,True,0
measurement_noise_0.850,measurement_noise,24,20,inferred_failure_aware,coverage_wait,coverage_wait,True,1.0,1.1,False,False,0.1,0.2,0.9,0.1,0.2,0.22,0.8,0.06,0.337955406403011,0.0071807760028075596,0.0002978074688010368,0.8079331297919137,0.8892698074016097,True,0
measurement_noise_0.850,measurement_noise,25,5,baseline,normal,coverage_wait,False,1.0,1.0,True,True,0.2,0.2,0.8,0.0,0.2,0.22,0.8,0.06,0.35616801375064716,0.006129606873652463,0.007238130312113733,0.9252371411814374,0.9422291305214443,True,0
measurement_noise_0.850,measurement_noise,25,5,reference_aware,coverage_wait,coverage_wait,True,1.0,1.1,False,False,0.2,0.2,0.8,0.0,0.2,0.22,0.8,0.06,0.36195917230556485,0.006156209572160422,0.007234133032748558,0.9251699055546752,0.936723437875375,True,0
measurement_noise_0.850,measurement_noise,25,5,inferred_failure_aware,coverage_wait,coverage_wait,True,1.0,1.1,False,False,0.2,0.2,0.8,0.0,0.2,0.22,0.8,0.06,0.36195917230556485,0.006156209572160422,0.007234133032748558,0.9251699055546752,0.936723437875375,True,0
measurement_noise_0.850,measurement_noise,25,10,baseline,normal,coverage_wait,False,1.0,1.0,True,True,0.1,0.2,0.9,0.2,0.2,0.22,0.8,0.06,0.35616801375064716,0.006129606873652463,0.007238130312113733,0.9252371411814374,0.9422291305214443,True,0
measurement_noise_0.850,measurement_noise,25,10,reference_aware,coverage_wait,coverage_wait,True,1.0,1.1,False,False,0.1,0.2,0.9,0.2,0.2,0.22,0.8,0.06,0.36195917230556485,0.006156209572160422,0.007234133032748558,0.9251699055546752,0.936723437875375,True,0
measurement_noise_0.850,measurement_noise,25,10,inferred_failure_aware,coverage_wait,coverage_wait,True,1.0,1.1,False,False,0.1,0.2,0.9,0.2,0.2,0.22,0.8,0.06,0.36195917230556485,0.006156209572160422,0.007234133032748558,0.9251699055546752,0.936723437875375,True,0
measurement_noise_0.850,measurement_noise,25,20,baseline,normal,coverage_wait,False,1.0,1.0,True,True,0.2,0.2,0.8,0.1,0.2,0.22,0.8,0.06,0.35616801375064716,0.006129606873652463,0.007238130312113733,0.9252371411814374,0.9422291305214443,True,0
measurement_noise_0.850,measurement_noise,25,20,reference_aware,coverage_wait,coverage_wait,True,1.0,1.1,False,False,0.2,0.2,0.8,0.1,0.2,0.22,0.8,0.06,0.36195917230556485,0.006156209572160422,0.007234133032748558,0.9251699055546752,0.936723437875375,True,0
measurement_noise_0.850,measurement_noise,25,20,inferred_failure_aware,coverage_wait,coverage_wait,True,1.0,1.1,False,False,0.2,0.2,0.8,0.1,0.2,0.22,0.8,0.06,0.36195917230556485,0.006156209572160422,0.007234133032748558,0.9251699055546752,0.936723437875375,True,0
measurement_noise_0.850,measurement_noise,26,5,baseline,normal,coverage_wait,False,1.0,1.0,True,True,0.2,0.0,0.8,0.0,0.2,0.22,0.8,0.06,0.48520605220719604,0.008115265935495025,0.016453311950831773,0.7966452700391482,0.7797970131287036,True,0
measurement_noise_0.850,measurement_noise,26,5,reference_aware,coverage_wait,coverage_wait,True,1.0,1.1,False,False,0.2,0.0,0.8,0.0,0.2,0.22,0.8,0.06,0.48675563999235355,0.00807405952266637,0.016256192659188207,0.7979560513341987,0.7746371815425105,True,0
measurement_noise_0.850,measurement_noise,26,5,inferred_failure_aware,coverage_wait,coverage_wait,True,1.0,1.1,False,False,0.2,0.0,0.8,0.0,0.2,0.22,0.8,0.06,0.48675563999235355,0.00807405952266637,0.016256192659188207,0.7979560513341987,0.7746371815425105,True,0
measurement_noise_0.850,measurement_noise,26,10,baseline,normal,coverage_wait,False,1.0,1.0,True,True,0.2,0.1,0.8,0.1,0.2,0.22,0.8,0.06,0.48520605220719604,0.008115265935495025,0.016453311950831773,0.7966452700391482,0.7797970131287036,True,0
measurement_noise_0.850,measurement_noise,26,10,reference_aware,coverage_wait,coverage_wait,True,1.0,1.1,False,False,0.2,0.1,0.8,0.1,0.2,0.22,0.8,0.06,0.48675563999235355,0.00807405952266637,0.016256192659188207,0.7979560513341987,0.7746371815425105,True,0
measurement_noise_0.850,measurement_noise,26,10,inferred_failure_aware,coverage_wait,coverage_wait,True,1.0,1.1,False,False,0.2,0.1,0.8,0.1,0.2,0.22,0.8,0.06,0.48675563999235355,0.00807405952266637,0.016256192659188207,0.7979560513341987,0.7746371815425105,True,0
measurement_noise_0.850,measurement_noise,26,20,baseline,normal,coverage_wait,False,1.0,1.0,True,True,0.15,0.15,0.85,0.05,0.2,0.22,0.8,0.06,0.48520605220719604,0.008115265935495025,0.016453311950831773,0.7966452700391482,0.7797970131287036,True,0
measurement_noise_0.850,measurement_noise,26,20,reference_aware,coverage_wait,coverage_wait,True,1.0,1.1,False,False,0.15,0.15,0.85,0.05,0.2,0.22,0.8,0.06,0.48675563999235355,0.00807405952266637,0.016256192659188207,0.7979560513341987,0.7746371815425105,True,0
measurement_noise_0.850,measurement_noise,26,20,inferred_failure_aware,coverage_wait,coverage_wait,True,1.0,1.1,False,False,0.15,0.15,0.85,0.05,0.2,0.22,0.8,0.06,0.48675563999235355,0.00807405952266637,0.016256192659188207,0.7979560513341987,0.7746371815425105,True,0
measurement_noise_0.850,measurement_noise,27,5,baseline,normal,coverage_wait,False,1.0,1.0,True,True,0.0,0.4,1.0,0.2,0.2,0.22,0.8,0.06,0.46287891008453613,0.009166530063282698,0.004706678781155271,0.9000987605722204,1.053579460429198,True,0
measurement_noise_0.850,measurement_noise,27,5,reference_aware,coverage_wait,coverage_wait,True,1.0,1.1,False,False,0.0,0.4,1.0,0.2,0.2,0.22,0.8,0.06,0.46198258071352033,0.009085322609666848,0.004879923097741323,0.8987637912739553,1.045039840415489,True,0
measurement_noise_0.850,measurement_noise,27,5,inferred_failure_aware,coverage_wait,coverage_wait,True,1.0,1.1,False,False,0.0,0.4,1.0,0.2,0.2,0.22,0.8,0.06,0.46198258071352033,0.009085322609666848,0.004879923097741323,0.8987637912739553,1.045039840415489,True,0
measurement_noise_0.850,measurement_noise,27,10,baseline,normal,coverage_wait,False,1.0,1.0,True,True,0.1,0.4,0.9,0.2,0.2,0.22,0.8,0.06,0.46287891008453613,0.009166530063282698,0.004706678781155271,0.9000987605722204,1.053579460429198,True,0
measurement_noise_0.850,measurement_noise,27,10,reference_aware,coverage_wait,coverage_wait,True,1.0,1.1,False,False,0.1,0.4,0.9,0.2,0.2,0.22,0.8,0.06,0.46198258071352033,0.009085322609666848,0.004879923097741323,0.8987637912739553,1.045039840415489,True,0
measurement_noise_0.850,measurement_noise,27,10,inferred_failure_aware,coverage_wait,coverage_wait,True,1.0,1.1,False,False,0.1,0.4,0.9,0.2,0.2,0.22,0.8,0.06,0.46198258071352033,0.009085322609666848,0.004879923097741323,0.8987637912739553,1.045039840415489,True,0
measurement_noise_0.850,measurement_noise,27,20,baseline,normal,coverage_wait,False,1.0,1.0,True,True,0.2,0.25,0.8,0.15,0.2,0.22,0.8,0.06,0.46287891008453613,0.009166530063282698,0.004706678781155271,0.9000987605722204,1.053579460429198,True,0
measurement_noise_0.850,measurement_noise,27,20,reference_aware,coverage_wait,coverage_wait,True,1.0,1.1,False,False,0.2,0.25,0.8,0.15,0.2,0.22,0.8,0.06,0.46198258071352033,0.009085322609666848,0.004879923097741323,0.8987637912739553,1.045039840415489,True,0
measurement_noise_0.850,measurement_noise,27,20,inferred_failure_aware,coverage_wait,coverage_wait,True,1.0,1.1,False,False,0.2,0.25,0.8,0.15,0.2,0.22,0.8,0.06,0.46198258071352033,0.009085322609666848,0.004879923097741323,0.8987637912739553,1.045039840415489,True,0
measurement_noise_0.850,measurement_noise,28,5,baseline,normal,coverage_wait,False,1.0,1.0,True,True,0.2,0.2,0.8,0.0,0.2,0.22,0.8,0.06,0.40816429190418463,0.007550971872804588,0.0012522671024806087,0.9268648411959963,1.488039184688219,True,0
measurement_noise_0.850,measurement_noise,28,5,reference_aware,coverage_wait,coverage_wait,True,1.0,1.1,False,False,0.2,0.2,0.8,0.0,0.2,0.22,0.8,0.06,0.4127852779545441,0.007482903834528734,0.0012665583504727351,0.9268908413502625,1.469393242094584,True,0
measurement_noise_0.850,measurement_noise,28,5,inferred_failure_aware,coverage_wait,coverage_wait,True,1.0,1.1,False,False,0.2,0.2,0.8,0.0,0.2,0.22,0.8,0.06,0.4127852779545441,0.007482903834528734,0.0012665583504727351,0.9268908413502625,1.469393242094584,True,0
measurement_noise_0.850,measurement_noise,28,10,baseline,normal,coverage_wait,False,1.0,1.0,True,True,0.1,0.2,0.9,0.1,0.2,0.22,0.8,0.06,0.40816429190418463,0.007550971872804588,0.0012522671024806087,0.9268648411959963,1.488039184688219,True,0
measurement_noise_0.850,measurement_noise,28,10,reference_aware,coverage_wait,coverage_wait,True,1.0,1.1,False,False,0.1,0.2,0.9,0.1,0.2,0.22,0.8,0.06,0.4127852779545441,0.007482903834528734,0.0012665583504727351,0.9268908413502625,1.469393242094584,True,0
measurement_noise_0.850,measurement_noise,28,10,inferred_failure_aware,coverage_wait,coverage_wait,True,1.0,1.1,False,False,0.1,0.2,0.9,0.1,0.2,0.22,0.8,0.06,0.4127852779545441,0.007482903834528734,0.0012665583504727351,0.9268908413502625,1.469393242094584,True,0
measurement_noise_0.850,measurement_noise,28,20,baseline,normal,coverage_wait,False,1.0,1.0,True,True,0.2,0.25,0.8,0.05,0.2,0.22,0.8,0.06,0.40816429190418463,0.007550971872804588,0.0012522671024806087,0.9268648411959963,1.488039184688219,True,0
measurement_noise_0.850,measurement_noise,28,20,reference_aware,coverage_wait,coverage_wait,True,1.0,1.1,False,False,0.2,0.25,0.8,0.05,0.2,0.22,0.8,0.06,0.4127852779545441,0.007482903834528734,0.0012665583504727351,0.9268908413502625,1.469393242094584,True,0
measurement_noise_0.850,measurement_noise,28,20,inferred_failure_aware,coverage_wait,coverage_wait,True,1.0,1.1,False,False,0.2,0.25,0.8,0.05,0.2,0.22,0.8,0.06,0.4127852779545441,0.007482903834528734,0.0012665583504727351,0.9268908413502625,1.469393242094584,True,0
measurement_noise_0.850,measurement_noise,29,5,baseline,normal,coverage_wait,False,1.0,1.0,True,True,0.0,0.6,1.0,0.0,0.2,0.22,0.8,0.06,0.3376625785047877,0.006881525923477244,0.005355769822417145,0.8700725078030466,1.0043933229340443,True,0
measurement_noise_0.850,measurement_noise,29,5,reference_aware,coverage_wait,coverage_wait,True,1.0,1.1,False,False,0.0,0.6,1.0,0.0,0.2,0.22,0.8,0.06,0.3379843121697171,0.0068175439820131155,0.005257384278751331,0.8696817945917042,0.9982964421426913,True,0
measurement_noise_0.850,measurement_noise,29,5,inferred_failure_aware,coverage_wait,coverage_wait,True,1.0,1.1,False,False,0.0,0.6,1.0,0.0,0.2,0.22,0.8,0.06,0.3379843121697171,0.0068175439820131155,0.005257384278751331,0.8696817945917042,0.9982964421426913,True,0
measurement_noise_0.850,measurement_noise,29,10,baseline,normal,coverage_wait,False,1.0,1.0,True,True,0.1,0.6,0.9,0.1,0.2,0.22,0.8,0.06,0.3376625785047877,0.006881525923477244,0.005355769822417145,0.8700725078030466,1.0043933229340443,True,0
measurement_noise_0.850,measurement_noise,29,10,reference_aware,coverage_wait,coverage_wait,True,1.0,1.1,False,False,0.1,0.6,0.9,0.1,0.2,0.22,0.8,0.06,0.3379843121697171,0.0068175439820131155,0.005257384278751331,0.8696817945917042,0.9982964421426913,True,0
measurement_noise_0.850,measurement_noise,29,10,inferred_failure_aware,coverage_wait,coverage_wait,True,1.0,1.1,False,False,0.1,0.6,0.9,0.1,0.2,0.22,0.8,0.06,0.3379843121697171,0.0068175439820131155,0.005257384278751331,0.8696817945917042,0.9982964421426913,True,0
measurement_noise_0.850,measurement_noise,29,20,baseline,normal,coverage_wait,False,1.0,1.0,True,True,0.15,0.4,0.85,0.05,0.2,0.22,0.8,0.06,0.3376625785047877,0.006881525923477244,0.005355769822417145,0.8700725078030466,1.0043933229340443,True,0
measurement_noise_0.850,measurement_noise,29,20,reference_aware,coverage_wait,coverage_wait,True,1.0,1.1,False,False,0.15,0.4,0.85,0.05,0.2,0.22,0.8,0.06,0.3379843121697171,0.0068175439820131155,0.005257384278751331,0.8696817945917042,0.9982964421426913,True,0
measurement_noise_0.850,measurement_noise,29,20,inferred_failure_aware,coverage_wait,coverage_wait,True,1.0,1.1,False,False,0.15,0.4,0.85,0.05,0.2,0.22,0.8,0.06,0.3379843121697171,0.0068175439820131155,0.005257384278751331,0.8696817945917042,0.9982964421426913,True,0
measurement_noise_0.850,measurement_noise,30,5,baseline,normal,coverage_wait,False,1.0,1.0,True,True,0.4,0.2,0.6,0.0,0.2,0.22,0.8,0.06,0.34499014852227944,0.0072380623315870885,0.009689162318355704,0.8501013677728791,0.9821217043860194,True,0
measurement_noise_0.850,measurement_noise,30,5,reference_aware,coverage_wait,coverage_wait,True,1.0,1.1,False,False,0.4,0.2,0.6,0.0,0.2,0.22,0.8,0.06,0.3485434894220976,0.007213556227529774,0.009654766855744179,0.8498239628690938,0.9756788641426871,True,0
measurement_noise_0.850,measurement_noise,30,5,inferred_failure_aware,coverage_wait,coverage_wait,True,1.0,1.1,False,False,0.4,0.2,0.6,0.0,0.2,0.22,0.8,0.06,0.3485434894220976,0.007213556227529774,0.009654766855744179,0.8498239628690938,0.9756788641426871,True,0
measurement_noise_0.850,measurement_noise,30,10,baseline,normal,coverage_wait,False,1.0,1.0,True,True,0.2,0.2,0.8,0.2,0.2,0.22,0.8,0.06,0.34499014852227944,0.0072380623315870885,0.009689162318355704,0.8501013677728791,0.9821217043860194,True,0
measurement_noise_0.850,measurement_noise,30,10,reference_aware,coverage_wait,coverage_wait,True,1.0,1.1,False,False,0.2,0.2,0.8,0.2,0.2,0.22,0.8,0.06,0.3485434894220976,0.007213556227529774,0.009654766855744179,0.8498239628690938,0.9756788641426871,True,0
measurement_noise_0.850,measurement_noise,30,10,inferred_failure_aware,coverage_wait,coverage_wait,True,1.0,1.1,False,False,0.2,0.2,0.8,0.2,0.2,0.22,0.8,0.06,0.3485434894220976,0.007213556227529774,0.009654766855744179,0.8498239628690938,0.9756788641426871,True,0
measurement_noise_0.850,measurement_noise,30,20,baseline,normal,coverage_wait,False,1.0,1.0,True,True,0.3,0.15,0.7,0.15,0.2,0.22,0.8,0.06,0.34499014852227944,0.0072380623315870885,0.009689162318355704,0.8501013677728791,0.9821217043860194,True,0
measurement_noise_0.850,measurement_noise,30,20,reference_aware,coverage_wait,coverage_wait,True,1.0,1.1,False,False,0.3,0.15,0.7,0.15,0.2,0.22,0.8,0.06,0.3485434894220976,0.007213556227529774,0.009654766855744179,0.8498239628690938,0.9756788641426871,True,0
measurement_noise_0.850,measurement_noise,30,20,inferred_failure_aware,coverage_wait,coverage_wait,True,1.0,1.1,False,False,0.3,0.15,0.7,0.15,0.2,0.22,0.8,0.06,0.3485434894220976,0.007213556227529774,0.009654766855744179,0.8498239628690938,0.9756788641426871,True,0
measurement_noise_0.850,measurement_noise,31,5,baseline,normal,coverage_wait,False,1.0,1.0,True,True,0.4,0.0,0.6,0.2,0.2,0.22,0.8,0.06,0.24108750873455811,0.007025294123383115,0.008406316278909087,0.9286189089768873,1.2117759857373245,True,0
measurement_noise_0.850,measurement_noise,31,5,reference_aware,coverage_wait,coverage_wait,True,1.0,1.1,False,False,0.4,0.0,0.6,0.2,0.2,0.22,0.8,0.06,0.24427137485717823,0.0070302045975895976,0.008691044986840701,0.927579638039108,1.2058653547516054,True,0
measurement_noise_0.850,measurement_noise,31,5,inferred_failure_aware,coverage_wait,coverage_wait,True,1.0,1.1,False,False,0.4,0.0,0.6,0.2,0.2,0.22,0.8,0.06,0.24427137485717823,0.0070302045975895976,0.008691044986840701,0.927579638039108,1.2058653547516054,True,0
measurement_noise_0.850,measurement_noise,31,10,baseline,normal,coverage_wait,False,1.0,1.0,True,True,0.4,0.0,0.6,0.1,0.2,0.22,0.8,0.06,0.24108750873455811,0.007025294123383115,0.008406316278909087,0.9286189089768873,1.2117759857373245,True,0
measurement_noise_0.850,measurement_noise,31,10,reference_aware,coverage_wait,coverage_wait,True,1.0,1.1,False,False,0.4,0.0,0.6,0.1,0.2,0.22,0.8,0.06,0.24427137485717823,0.0070302045975895976,0.008691044986840701,0.927579638039108,1.2058653547516054,True,0
measurement_noise_0.850,measurement_noise,31,10,inferred_failure_aware,coverage_wait,coverage_wait,True,1.0,1.1,False,False,0.4,0.0,0.6,0.1,0.2,0.22,0.8,0.06,0.24427137485717823,0.0070302045975895976,0.008691044986840701,0.927579638039108,1.2058653547516054,True,0
measurement_noise_0.850,measurement_noise,31,20,baseline,normal,coverage_wait,False,1.0,1.0,True,True,0.25,0.15,0.75,0.1,0.2,0.22,0.8,0.06,0.24108750873455811,0.007025294123383115,0.008406316278909087,0.9286189089768873,1.2117759857373245,True,0
measurement_noise_0.850,measurement_noise,31,20,reference_aware,coverage_wait,coverage_wait,True,1.0,1.1,False,False,0.25,0.15,0.75,0.1,0.2,0.22,0.8,0.06,0.24427137485717823,0.0070302045975895976,0.008691044986840701,0.927579638039108,1.2058653547516054,True,0
measurement_noise_0.850,measurement_noise,31,20,inferred_failure_aware,coverage_wait,coverage_wait,True,1.0,1.1,False,False,0.25,0.15,0.75,0.1,0.2,0.22,0.8,0.06,0.24427137485717823,0.0070302045975895976,0.008691044986840701,0.927579638039108,1.2058653547516054,True,0
measurement_noise_0.850,measurement_noise,32,5,baseline,normal,coverage_wait,False,1.0,1.0,True,True,0.2,0.4,0.8,0.2,0.2,0.22,0.8,0.06,0.2747555032836952,0.007411950908170666,0.003872776773121811,0.823654147766104,1.209847814695301,True,0
measurement_noise_0.850,measurement_noise,32,5,reference_aware,coverage_wait,coverage_wait,True,1.0,1.1,False,False,0.2,0.4,0.8,0.2,0.2,0.22,0.8,0.06,0.2772665092552888,0.00739245049531561,0.0038284962898700314,0.8229833158419128,1.2024749117104885,True,0
measurement_noise_0.850,measurement_noise,32,5,inferred_failure_aware,coverage_wait,coverage_wait,True,1.0,1.1,False,False,0.2,0.4,0.8,0.2,0.2,0.22,0.8,0.06,0.2772665092552888,0.00739245049531561,0.0038284962898700314,0.8229833158419128,1.2024749117104885,True,0
measurement_noise_0.850,measurement_noise,32,10,baseline,normal,coverage_wait,False,1.0,1.0,True,True,0.3,0.3,0.7,0.1,0.2,0.22,0.8,0.06,0.2747555032836952,0.007411950908170666,0.003872776773121811,0.823654147766104,1.209847814695301,True,0
measurement_noise_0.850,measurement_noise,32,10,reference_aware,coverage_wait,coverage_wait,True,1.0,1.1,False,False,0.3,0.3,0.7,0.1,0.2,0.22,0.8,0.06,0.2772665092552888,0.00739245049531561,0.0038284962898700314,0.8229833158419128,1.2024749117104885,True,0
measurement_noise_0.850,measurement_noise,32,10,inferred_failure_aware,coverage_wait,coverage_wait,True,1.0,1.1,False,False,0.3,0.3,0.7,0.1,0.2,0.22,0.8,0.06,0.2772665092552888,0.00739245049531561,0.0038284962898700314,0.8229833158419128,1.2024749117104885,True,0
measurement_noise_0.850,measurement_noise,32,20,baseline,normal,coverage_wait,False,1.0,1.0,True,True,0.25,0.25,0.75,0.05,0.2,0.22,0.8,0.06,0.2747555032836952,0.007411950908170666,0.003872776773121811,0.823654147766104,1.209847814695301,True,0
measurement_noise_0.850,measurement_noise,32,20,reference_aware,coverage_wait,coverage_wait,True,1.0,1.1,False,False,0.25,0.25,0.75,0.05,0.2,0.22,0.8,0.06,0.2772665092552888,0.00739245049531561,0.0038284962898700314,0.8229833158419128,1.2024749117104885,True,0
measurement_noise_0.850,measurement_noise,32,20,inferred_failure_aware,coverage_wait,coverage_wait,True,1.0,1.1,False,False,0.25,0.25,0.75,0.05,0.2,0.22,0.8,0.06,0.2772665092552888,0.00739245049531561,0.0038284962898700314,0.8229833158419128,1.2024749117104885,True,0
measurement_noise_0.850,measurement_noise,33,5,baseline,normal,coverage_wait,False,1.0,1.0,True,True,0.4,0.0,0.6,0.2,0.2,0.22,0.8,0.06,0.3503684379606215,0.0076819223452181005,0.007743120677517368,0.815115521182305,0.7368546958828213,True,0
measurement_noise_0.850,measurement_noise,33,5,reference_aware,coverage_wait,coverage_wait,True,1.0,1.1,False,False,0.4,0.0,0.6,0.2,0.2,0.22,0.8,0.06,0.35112273457420307,0.0076657841432799965,0.00783390322437183,0.814120346093026,0.7315717133203539,True,0
measurement_noise_0.850,measurement_noise,33,5,inferred_failure_aware,coverage_wait,coverage_wait,True,1.0,1.1,False,False,0.4,0.0,0.6,0.2,0.2,0.22,0.8,0.06,0.35112273457420307,0.0076657841432799965,0.00783390322437183,0.814120346093026,0.7315717133203539,True,0
measurement_noise_0.850,measurement_noise,33,10,baseline,normal,coverage_wait,False,1.0,1.0,True,True,0.3,0.1,0.7,0.1,0.2,0.22,0.8,0.06,0.3503684379606215,0.0076819223452181005,0.007743120677517368,0.815115521182305,0.7368546958828213,True,0
measurement_noise_0.850,measurement_noise,33,10,reference_aware,coverage_wait,coverage_wait,True,1.0,1.1,False,False,0.3,0.1,0.7,0.1,0.2,0.22,0.8,0.06,0.35112273457420307,0.0076657841432799965,0.00783390322437183,0.814120346093026,0.7315717133203539,True,0
measurement_noise_0.850,measurement_noise,33,10,inferred_failure_aware,coverage_wait,coverage_wait,True,1.0,1.1,False,False,0.3,0.1,0.7,0.1,0.2,0.22,0.8,0.06,0.35112273457420307,0.0076657841432799965,0.00783390322437183,0.814120346093026,0.7315717133203539,True,0
measurement_noise_0.850,measurement_noise,33,20,baseline,normal,coverage_wait,False,1.0,1.0,True,True,0.25,0.1,0.75,0.1,0.2,0.22,0.8,0.06,0.3503684379606215,0.0076819223452181005,0.007743120677517368,0.815115521182305,0.7368546958828213,True,0
measurement_noise_0.850,measurement_noise,33,20,reference_aware,coverage_wait,coverage_wait,True,1.0,1.1,False,False,0.25,0.1,0.75,0.1,0.2,0.22,0.8,0.06,0.35112273457420307,0.0076657841432799965,0.00783390322437183,0.814120346093026,0.7315717133203539,True,0
measurement_noise_0.850,measurement_noise,33,20,inferred_failure_aware,coverage_wait,coverage_wait,True,1.0,1.1,False,False,0.25,0.1,0.75,0.1,0.2,0.22,0.8,0.06,0.35112273457420307,0.0076657841432799965,0.00783390322437183,0.814120346093026,0.7315717133203539,True,0
measurement_noise_0.850,measurement_noise,34,5,baseline,normal,coverage_wait,False,1.0,1.0,True,True,0.6,0.0,0.4,0.0,0.2,0.22,0.8,0.06,0.3154425253937061,0.006892524838524726,0.005619820985423685,0.8410680686363712,1.0555084608555798,True,0
measurement_noise_0.850,measurement_noise,34,5,reference_aware,coverage_wait,coverage_wait,True,1.0,1.1,False,False,0.6,0.0,0.4,0.0,0.2,0.22,0.8,0.06,0.3191145807820492,0.006876694432331421,0.0056561895454142475,0.8403183703375836,1.0484515618149974,True,0
measurement_noise_0.850,measurement_noise,34,5,inferred_failure_aware,coverage_wait,coverage_wait,True,1.0,1.1,False,False,0.6,0.0,0.4,0.0,0.2,0.22,0.8,0.06,0.3191145807820492,0.006876694432331421,0.0056561895454142475,0.8403183703375836,1.0484515618149974,True,0
measurement_noise_0.850,measurement_noise,34,10,baseline,normal,coverage_wait,False,1.0,1.0,True,True,0.4,0.2,0.6,0.0,0.2,0.22,0.8,0.06,0.3154425253937061,0.006892524838524726,0.005619820985423685,0.8410680686363712,1.0555084608555798,True,0
measurement_noise_0.850,measurement_noise,34,10,reference_aware,coverage_wait,coverage_wait,True,1.0,1.1,False,False,0.4,0.2,0.6,0.0,0.2,0.22,0.8,0.06,0.3191145807820492,0.006876694432331421,0.0056561895454142475,0.8403183703375836,1.0484515618149974,True,0
measurement_noise_0.850,measurement_noise,34,10,inferred_failure_aware,coverage_wait,coverage_wait,True,1.0,1.1,False,False,0.4,0.2,0.6,0.0,0.2,0.22,0.8,0.06,0.3191145807820492,0.006876694432331421,0.0056561895454142475,0.8403183703375836,1.0484515618149974,True,0
measurement_noise_0.850,measurement_noise,34,20,baseline,normal,coverage_wait,False,1.0,1.0,True,True,0.25,0.25,0.75,0.05,0.2,0.22,0.8,0.06,0.3154425253937061,0.006892524838524726,0.005619820985423685,0.8410680686363712,1.0555084608555798,True,0
measurement_noise_0.850,measurement_noise,34,20,reference_aware,coverage_wait,coverage_wait,True,1.0,1.1,False,False,0.25,0.25,0.75,0.05,0.2,0.22,0.8,0.06,0.3191145807820492,0.006876694432331421,0.0056561895454142475,0.8403183703375836,1.0484515618149974,True,0
measurement_noise_0.850,measurement_noise,34,20,inferred_failure_aware,coverage_wait,coverage_wait,True,1.0,1.1,False,False,0.25,0.25,0.75,0.05,0.2,0.22,0.8,0.06,0.3191145807820492,0.006876694432331421,0.0056561895454142475,0.8403183703375836,1.0484515618149974,True,0
measurement_noise_0.850,measurement_noise,35,5,baseline,normal,coverage_wait,False,1.0,1.0,True,True,0.0,0.8,1.0,0.0,0.2,0.22,0.8,0.06,0.4349118961149278,0.009272796617625702,0.0019451205087116508,0.9208135571406857,1.1999684375276223,True,0
measurement_noise_0.850,measurement_noise,35,5,reference_aware,coverage_wait,coverage_wait,True,1.0,1.1,False,False,0.0,0.8,1.0,0.0,0.2,0.22,0.8,0.06,0.4402249656198655,0.009211978719426374,0.0018363626911412911,0.9201108145964486,1.1876760344389443,True,0
measurement_noise_0.850,measurement_noise,35,5,inferred_failure_aware,coverage_wait,coverage_wait,True,1.0,1.1,False,False,0.0,0.8,1.0,0.0,0.2,0.22,0.8,0.06,0.4402249656198655,0.009211978719426374,0.0018363626911412911,0.9201108145964486,1.1876760344389443,True,0
measurement_noise_0.850,measurement_noise,35,10,baseline,normal,coverage_wait,False,1.0,1.0,True,True,0.0,0.6,1.0,0.2,0.2,0.22,0.8,0.06,0.4349118961149278,0.009272796617625702,0.0019451205087116508,0.9208135571406857,1.1999684375276223,True,0
measurement_noise_0.850,measurement_noise,35,10,reference_aware,coverage_wait,coverage_wait,True,1.0,1.1,False,False,0.0,0.6,1.0,0.2,0.2,0.22,0.8,0.06,0.4402249656198655,0.009211978719426374,0.0018363626911412911,0.9201108145964486,1.1876760344389443,True,0
measurement_noise_0.850,measurement_noise,35,10,inferred_failure_aware,coverage_wait,coverage_wait,True,1.0,1.1,False,False,0.0,0.6,1.0,0.2,0.2,0.22,0.8,0.06,0.4402249656198655,0.009211978719426374,0.0018363626911412911,0.9201108145964486,1.1876760344389443,True,0
measurement_noise_0.850,measurement_noise,35,20,baseline,normal,coverage_wait,False,1.0,1.0,True,True,0.0,0.35,1.0,0.1,0.2,0.22,0.8,0.06,0.4349118961149278,0.009272796617625702,0.0019451205087116508,0.9208135571406857,1.1999684375276223,True,0
measurement_noise_0.850,measurement_noise,35,20,reference_aware,coverage_wait,coverage_wait,True,1.0,1.1,False,False,0.0,0.35,1.0,0.1,0.2,0.22,0.8,0.06,0.4402249656198655,0.009211978719426374,0.0018363626911412911,0.9201108145964486,1.1876760344389443,True,0
measurement_noise_0.850,measurement_noise,35,20,inferred_failure_aware,coverage_wait,coverage_wait,True,1.0,1.1,False,False,0.0,0.35,1.0,0.1,0.2,0.22,0.8,0.06,0.4402249656198655,0.009211978719426374,0.0018363626911412911,0.9201108145964486,1.1876760344389443,True,0
measurement_noise_0.850,measurement_noise,36,5,baseline,normal,coverage_wait,False,1.0,1.0,True,True,0.0,0.2,1.0,0.2,0.2,0.22,0.8,0.06,0.4137998737895435,0.008031210173759216,0.004587775836803698,0.8925618923495746,1.1619807177742862,True,0
measurement_noise_0.850,measurement_noise,36,5,reference_aware,coverage_wait,coverage_wait,True,1.0,1.1,False,False,0.0,0.2,1.0,0.2,0.2,0.22,0.8,0.06,0.414262707374309,0.007953185864942732,0.004558125734842933,0.8929057715100317,1.154296068993731,True,0
measurement_noise_0.850,measurement_noise,36,5,inferred_failure_aware,coverage_wait,coverage_wait,True,1.0,1.1,False,False,0.0,0.2,1.0,0.2,0.2,0.22,0.8,0.06,0.414262707374309,0.007953185864942732,0.004558125734842933,0.8929057715100317,1.154296068993731,True,0
measurement_noise_0.850,measurement_noise,36,10,baseline,normal,coverage_wait,False,1.0,1.0,True,True,0.1,0.4,0.9,0.2,0.2,0.22,0.8,0.06,0.4137998737895435,0.008031210173759216,0.004587775836803698,0.8925618923495746,1.1619807177742862,True,0
measurement_noise_0.850,measurement_noise,36,10,reference_aware,coverage_wait,coverage_wait,True,1.0,1.1,False,False,0.1,0.4,0.9,0.2,0.2,0.22,0.8,0.06,0.414262707374309,0.007953185864942732,0.004558125734842933,0.8929057715100317,1.154296068993731,True,0
measurement_noise_0.850,measurement_noise,36,10,inferred_failure_aware,coverage_wait,coverage_wait,True,1.0,1.1,False,False,0.1,0.4,0.9,0.2,0.2,0.22,0.8,0.06,0.414262707374309,0.007953185864942732,0.004558125734842933,0.8929057715100317,1.154296068993731,True,0
measurement_noise_0.850,measurement_noise,36,20,baseline,normal,coverage_wait,False,1.0,1.0,True,True,0.25,0.25,0.75,0.15,0.2,0.22,0.8,0.06,0.4137998737895435,0.008031210173759216,0.004587775836803698,0.8925618923495746,1.1619807177742862,True,0
measurement_noise_0.850,measurement_noise,36,20,reference_aware,coverage_wait,coverage_wait,True,1.0,1.1,False,False,0.25,0.25,0.75,0.15,0.2,0.22,0.8,0.06,0.414262707374309,0.007953185864942732,0.004558125734842933,0.8929057715100317,1.154296068993731,True,0
measurement_noise_0.850,measurement_noise,36,20,inferred_failure_aware,coverage_wait,coverage_wait,True,1.0,1.1,False,False,0.25,0.25,0.75,0.15,0.2,0.22,0.8,0.06,0.414262707374309,0.007953185864942732,0.004558125734842933,0.8929057715100317,1.154296068993731,True,0
measurement_noise_0.850,measurement_noise,37,5,baseline,normal,coverage_wait,False,1.0,1.0,True,True,0.2,0.2,0.8,0.2,0.2,0.22,0.8,0.06,0.3517411160000776,0.008260704970411793,0.003245269755106861,0.8656957394544081,1.2238771693663986,True,0
measurement_noise_0.850,measurement_noise,37,5,reference_aware,coverage_wait,coverage_wait,True,1.0,1.1,False,False,0.2,0.2,0.8,0.2,0.2,0.22,0.8,0.06,0.35519888531980265,0.008226779613180751,0.003359085078665447,0.8656253089793509,1.2140339083968,True,0
measurement_noise_0.850,measurement_noise,37,5,inferred_failure_aware,coverage_wait,coverage_wait,True,1.0,1.1,False,False,0.2,0.2,0.8,0.2,0.2,0.22,0.8,0.06,0.35519888531980265,0.008226779613180751,0.003359085078665447,0.8656253089793509,1.2140339083968,True,0
measurement_noise_0.850,measurement_noise,37,10,baseline,normal,coverage_wait,False,1.0,1.0,True,True,0.2,0.2,0.8,0.1,0.2,0.22,0.8,0.06,0.3517411160000776,0.008260704970411793,0.003245269755106861,0.8656957394544081,1.2238771693663986,True,0
measurement_noise_0.850,measurement_noise,37,10,reference_aware,coverage_wait,coverage_wait,True,1.0,1.1,False,False,0.2,0.2,0.8,0.1,0.2,0.22,0.8,0.06,0.35519888531980265,0.008226779613180751,0.003359085078665447,0.8656253089793509,1.2140339083968,True,0
measurement_noise_0.850,measurement_noise,37,10,inferred_failure_aware,coverage_wait,coverage_wait,True,1.0,1.1,False,False,0.2,0.2,0.8,0.1,0.2,0.22,0.8,0.06,0.35519888531980265,0.008226779613180751,0.003359085078665447,0.8656253089793509,1.2140339083968,True,0
measurement_noise_0.850,measurement_noise,37,20,baseline,normal,coverage_wait,False,1.0,1.0,True,True,0.25,0.15,0.75,0.05,0.2,0.22,0.8,0.06,0.3517411160000776,0.008260704970411793,0.003245269755106861,0.8656957394544081,1.2238771693663986,True,0
measurement_noise_0.850,measurement_noise,37,20,reference_aware,coverage_wait,coverage_wait,True,1.0,1.1,False,False,0.25,0.15,0.75,0.05,0.2,0.22,0.8,0.06,0.35519888531980265,0.008226779613180751,0.003359085078665447,0.8656253089793509,1.2140339083968,True,0
measurement_noise_0.850,measurement_noise,37,20,inferred_failure_aware,coverage_wait,coverage_wait,True,1.0,1.1,False,False,0.25,0.15,0.75,0.05,0.2,0.22,0.8,0.06,0.35519888531980265,0.008226779613180751,0.003359085078665447,0.8656253089793509,1.2140339083968,True,0
measurement_noise_0.850,measurement_noise,38,5,baseline,normal,coverage_wait,False,1.0,1.0,True,True,0.0,0.2,1.0,0.0,0.2,0.22,0.8,0.06,0.4376000742091204,0.008352733323054667,0.006457255749369173,0.9434358024627947,1.446635214862922,True,0
measurement_noise_0.850,measurement_noise,38,5,reference_aware,coverage_wait,coverage_wait,True,1.0,1.1,False,False,0.0,0.2,1.0,0.0,0.2,0.22,0.8,0.06,0.44221616251659335,0.008294321233314349,0.006439567384472378,0.9428732392889998,1.435181336501477,True,0
measurement_noise_0.850,measurement_noise,38,5,inferred_failure_aware,coverage_wait,coverage_wait,True,1.0,1.1,False,False,0.0,0.2,1.0,0.0,0.2,0.22,0.8,0.06,0.44221616251659335,0.008294321233314349,0.006439567384472378,0.9428732392889998,1.435181336501477,True,0
measurement_noise_0.850,measurement_noise,38,10,baseline,normal,coverage_wait,False,1.0,1.0,True,True,0.1,0.2,0.9,0.1,0.2,0.22,0.8,0.06,0.4376000742091204,0.008352733323054667,0.006457255749369173,0.9434358024627947,1.446635214862922,True,0
measurement_noise_0.850,measurement_noise,38,10,reference_aware,coverage_wait,coverage_wait,True,1.0,1.1,False,False,0.1,0.2,0.9,0.1,0.2,0.22,0.8,0.06,0.44221616251659335,0.008294321233314349,0.006439567384472378,0.9428732392889998,1.435181336501477,True,0
measurement_noise_0.850,measurement_noise,38,10,inferred_failure_aware,coverage_wait,coverage_wait,True,1.0,1.1,False,False,0.1,0.2,0.9,0.1,0.2,0.22,0.8,0.06,0.44221616251659335,0.008294321233314349,0.006439567384472378,0.9428732392889998,1.435181336501477,True,0
measurement_noise_0.850,measurement_noise,38,20,baseline,normal,coverage_wait,False,1.0,1.0,True,True,0.15,0.15,0.85,0.1,0.2,0.22,0.8,0.06,0.4376000742091204,0.008352733323054667,0.006457255749369173,0.9434358024627947,1.446635214862922,True,0
measurement_noise_0.850,measurement_noise,38,20,reference_aware,coverage_wait,coverage_wait,True,1.0,1.1,False,False,0.15,0.15,0.85,0.1,0.2,0.22,0.8,0.06,0.44221616251659335,0.008294321233314349,0.006439567384472378,0.9428732392889998,1.435181336501477,True,0
measurement_noise_0.850,measurement_noise,38,20,inferred_failure_aware,coverage_wait,coverage_wait,True,1.0,1.1,False,False,0.15,0.15,0.85,0.1,0.2,0.22,0.8,0.06,0.44221616251659335,0.008294321233314349,0.006439567384472378,0.9428732392889998,1.435181336501477,True,0
measurement_noise_0.850,measurement_noise,39,5,baseline,normal,coverage_wait,False,1.0,1.0,True,True,0.0,0.4,1.0,0.4,0.2,0.22,0.8,0.06,0.40889784789293154,0.009244222067836143,0.012497689546886903,0.8849067746170493,1.1733848053700002,True,0
measurement_noise_0.850,measurement_noise,39,5,reference_aware,coverage_wait,coverage_wait,True,1.0,1.1,False,False,0.0,0.4,1.0,0.4,0.2,0.22,0.8,0.06,0.4108581284834548,0.009158573752095518,0.012675571980800049,0.8850804956123209,1.1617584392550206,True,0
measurement_noise_0.850,measurement_noise,39,5,inferred_failure_aware,coverage_wait,coverage_wait,True,1.0,1.1,False,False,0.0,0.4,1.0,0.4,0.2,0.22,0.8,0.06,0.4108581284834548,0.009158573752095518,0.012675571980800049,0.8850804956123209,1.1617584392550206,True,0
measurement_noise_0.850,measurement_noise,39,10,baseline,normal,coverage_wait,False,1.0,1.0,True,True,0.0,0.4,1.0,0.2,0.2,0.22,0.8,0.06,0.40889784789293154,0.009244222067836143,0.012497689546886903,0.8849067746170493,1.1733848053700002,True,0
measurement_noise_0.850,measurement_noise,39,10,reference_aware,coverage_wait,coverage_wait,True,1.0,1.1,False,False,0.0,0.4,1.0,0.2,0.2,0.22,0.8,0.06,0.4108581284834548,0.009158573752095518,0.012675571980800049,0.8850804956123209,1.1617584392550206,True,0
measurement_noise_0.850,measurement_noise,39,10,inferred_failure_aware,coverage_wait,coverage_wait,True,1.0,1.1,False,False,0.0,0.4,1.0,0.2,0.2,0.22,0.8,0.06,0.4108581284834548,0.009158573752095518,0.012675571980800049,0.8850804956123209,1.1617584392550206,True,0
measurement_noise_0.850,measurement_noise,39,20,baseline,normal,coverage_wait,False,1.0,1.0,True,True,0.1,0.35,0.9,0.1,0.2,0.22,0.8,0.06,0.40889784789293154,0.009244222067836143,0.012497689546886903,0.8849067746170493,1.1733848053700002,True,0
measurement_noise_0.850,measurement_noise,39,20,reference_aware,coverage_wait,coverage_wait,True,1.0,1.1,False,False,0.1,0.35,0.9,0.1,0.2,0.22,0.8,0.06,0.4108581284834548,0.009158573752095518,0.012675571980800049,0.8850804956123209,1.1617584392550206,True,0
measurement_noise_0.850,measurement_noise,39,20,inferred_failure_aware,coverage_wait,coverage_wait,True,1.0,1.1,False,False,0.1,0.35,0.9,0.1,0.2,0.22,0.8,0.06,0.4108581284834548,0.009158573752095518,0.012675571980800049,0.8850804956123209,1.1617584392550206,True,0
measurement_noise_0.850,measurement_noise,40,5,baseline,normal,coverage_wait,False,1.0,1.0,True,True,0.2,0.2,0.8,0.0,0.2,0.22,0.8,0.06,0.32957316155543415,0.0077496954484210625,0.0068090516145802304,0.8940820896506817,0.5525686731066058,True,0
measurement_noise_0.850,measurement_noise,40,5,reference_aware,coverage_wait,coverage_wait,True,1.0,1.1,False,False,0.2,0.2,0.8,0.0,0.2,0.22,0.8,0.06,0.3272206205119619,0.007678145259001352,0.006656833950359653,0.8897183135870904,0.547005170354667,True,0
measurement_noise_0.850,measurement_noise,40,5,inferred_failure_aware,coverage_wait,coverage_wait,True,1.0,1.1,False,False,0.2,0.2,0.8,0.0,0.2,0.22,0.8,0.06,0.3272206205119619,0.007678145259001352,0.006656833950359653,0.8897183135870904,0.547005170354667,True,0
measurement_noise_0.850,measurement_noise,40,10,baseline,normal,coverage_wait,False,1.0,1.0,True,True,0.1,0.5,0.9,0.0,0.2,0.22,0.8,0.06,0.32957316155543415,0.0077496954484210625,0.0068090516145802304,0.8940820896506817,0.5525686731066058,True,0
measurement_noise_0.850,measurement_noise,40,10,reference_aware,coverage_wait,coverage_wait,True,1.0,1.1,False,False,0.1,0.5,0.9,0.0,0.2,0.22,0.8,0.06,0.3272206205119619,0.007678145259001352,0.006656833950359653,0.8897183135870904,0.547005170354667,True,0
measurement_noise_0.850,measurement_noise,40,10,inferred_failure_aware,coverage_wait,coverage_wait,True,1.0,1.1,False,False,0.1,0.5,0.9,0.0,0.2,0.22,0.8,0.06,0.3272206205119619,0.007678145259001352,0.006656833950359653,0.8897183135870904,0.547005170354667,True,0
measurement_noise_0.850,measurement_noise,40,20,baseline,normal,coverage_wait,False,1.0,1.0,True,True,0.1,0.3,0.9,0.05,0.2,0.22,0.8,0.06,0.32957316155543415,0.0077496954484210625,0.0068090516145802304,0.8940820896506817,0.5525686731066058,True,0
measurement_noise_0.850,measurement_noise,40,20,reference_aware,coverage_wait,coverage_wait,True,1.0,1.1,False,False,0.1,0.3,0.9,0.05,0.2,0.22,0.8,0.06,0.3272206205119619,0.007678145259001352,0.006656833950359653,0.8897183135870904,0.547005170354667,True,0
measurement_noise_0.850,measurement_noise,40,20,inferred_failure_aware,coverage_wait,coverage_wait,True,1.0,1.1,False,False,0.1,0.3,0.9,0.05,0.2,0.22,0.8,0.06,0.3272206205119619,0.007678145259001352,0.006656833950359653,0.8897183135870904,0.547005170354667,True,0
measurement_noise_0.850,measurement_noise,41,5,baseline,normal,coverage_wait,False,1.0,1.0,True,True,0.4,0.2,0.6,0.2,0.2,0.22,0.8,0.06,0.3112559343320554,0.006853549194666487,0.006691309691832847,0.896837510412925,0.7747538182830437,True,0
measurement_noise_0.850,measurement_noise,41,5,reference_aware,coverage_wait,coverage_wait,True,1.0,1.1,False,False,0.4,0.2,0.6,0.2,0.2,0.22,0.8,0.06,0.31274584894922425,0.006842651971766407,0.006695424773147773,0.8950298978948386,0.7711233110627107,True,0
measurement_noise_0.850,measurement_noise,41,5,inferred_failure_aware,coverage_wait,coverage_wait,True,1.0,1.1,False,False,0.4,0.2,0.6,0.2,0.2,0.22,0.8,0.06,0.31274584894922425,0.006842651971766407,0.006695424773147773,0.8950298978948386,0.7711233110627107,True,0
measurement_noise_0.850,measurement_noise,41,10,baseline,normal,coverage_wait,False,1.0,1.0,True,True,0.4,0.2,0.6,0.1,0.2,0.22,0.8,0.06,0.3112559343320554,0.006853549194666487,0.006691309691832847,0.896837510412925,0.7747538182830437,True,0
measurement_noise_0.850,measurement_noise,41,10,reference_aware,coverage_wait,coverage_wait,True,1.0,1.1,False,False,0.4,0.2,0.6,0.1,0.2,0.22,0.8,0.06,0.31274584894922425,0.006842651971766407,0.006695424773147773,0.8950298978948386,0.7711233110627107,True,0
measurement_noise_0.850,measurement_noise,41,10,inferred_failure_aware,coverage_wait,coverage_wait,True,1.0,1.1,False,False,0.4,0.2,0.6,0.1,0.2,0.22,0.8,0.06,0.31274584894922425,0.006842651971766407,0.006695424773147773,0.8950298978948386,0.7711233110627107,True,0
measurement_noise_0.850,measurement_noise,41,20,baseline,normal,coverage_wait,False,1.0,1.0,True,True,0.2,0.25,0.8,0.05,0.2,0.22,0.8,0.06,0.3112559343320554,0.006853549194666487,0.006691309691832847,0.896837510412925,0.7747538182830437,True,0
measurement_noise_0.850,measurement_noise,41,20,reference_aware,coverage_wait,coverage_wait,True,1.0,1.1,False,False,0.2,0.25,0.8,0.05,0.2,0.22,0.8,0.06,0.31274584894922425,0.006842651971766407,0.006695424773147773,0.8950298978948386,0.7711233110627107,True,0
measurement_noise_0.850,measurement_noise,41,20,inferred_failure_aware,coverage_wait,coverage_wait,True,1.0,1.1,False,False,0.2,0.25,0.8,0.05,0.2,0.22,0.8,0.06,0.31274584894922425,0.006842651971766407,0.006695424773147773,0.8950298978948386,0.7711233110627107,True,0
measurement_noise_0.850,measurement_noise,42,5,baseline,normal,coverage_wait,False,1.0,1.0,True,True,0.2,0.2,0.8,0.2,0.2,0.22,0.8,0.06,0.4468128109882113,0.00839928329871271,0.0009349028559483274,0.8297872639019317,1.0099685910354814,True,0
measurement_noise_0.850,measurement_noise,42,5,reference_aware,coverage_wait,coverage_wait,True,1.0,1.1,False,False,0.2,0.2,0.8,0.2,0.2,0.22,0.8,0.06,0.44806762176638965,0.00835436471498457,0.0010821439180827008,0.8291523399581643,1.000902574495347,True,0
measurement_noise_0.850,measurement_noise,42,5,inferred_failure_aware,coverage_wait,coverage_wait,True,1.0,1.1,False,False,0.2,0.2,0.8,0.2,0.2,0.22,0.8,0.06,0.44806762176638965,0.00835436471498457,0.0010821439180827008,0.8291523399581643,1.000902574495347,True,0
measurement_noise_0.850,measurement_noise,42,10,baseline,normal,coverage_wait,False,1.0,1.0,True,True,0.1,0.2,0.9,0.2,0.2,0.22,0.8,0.06,0.4468128109882113,0.00839928329871271,0.0009349028559483274,0.8297872639019317,1.0099685910354814,True,0
measurement_noise_0.850,measurement_noise,42,10,reference_aware,coverage_wait,coverage_wait,True,1.0,1.1,False,False,0.1,0.2,0.9,0.2,0.2,0.22,0.8,0.06,0.44806762176638965,0.00835436471498457,0.0010821439180827008,0.8291523399581643,1.000902574495347,True,0
measurement_noise_0.850,measurement_noise,42,10,inferred_failure_aware,coverage_wait,coverage_wait,True,1.0,1.1,False,False,0.1,0.2,0.9,0.2,0.2,0.22,0.8,0.06,0.44806762176638965,0.00835436471498457,0.0010821439180827008,0.8291523399581643,1.000902574495347,True,0
measurement_noise_0.850,measurement_noise,42,20,baseline,normal,coverage_wait,False,1.0,1.0,True,True,0.05,0.25,0.95,0.1,0.2,0.22,0.8,0.06,0.4468128109882113,0.00839928329871271,0.0009349028559483274,0.8297872639019317,1.0099685910354814,True,0
measurement_noise_0.850,measurement_noise,42,20,reference_aware,coverage_wait,coverage_wait,True,1.0,1.1,False,False,0.05,0.25,0.95,0.1,0.2,0.22,0.8,0.06,0.44806762176638965,0.00835436471498457,0.0010821439180827008,0.8291523399581643,1.000902574495347,True,0
measurement_noise_0.850,measurement_noise,42,20,inferred_failure_aware,coverage_wait,coverage_wait,True,1.0,1.1,False,False,0.05,0.25,0.95,0.1,0.2,0.22,0.8,0.06,0.44806762176638965,0.00835436471498457,0.0010821439180827008,0.8291523399581643,1.000902574495347,True,0
measurement_noise_0.850,measurement_noise,43,5,baseline,normal,coverage_wait,False,1.0,1.0,True,True,0.0,0.0,1.0,0.0,0.2,0.22,0.8,0.06,0.3657487792378917,0.006778750755657966,0.01853407617209779,0.8360114479921026,0.9075289333039573,True,0
measurement_noise_0.850,measurement_noise,43,5,reference_aware,coverage_wait,coverage_wait,True,1.0,1.1,False,False,0.0,0.0,1.0,0.0,0.2,0.22,0.8,0.06,0.3712779865106426,0.006774773146484696,0.0184281978685793,0.8336573009370445,0.9021398589238142,True,0
measurement_noise_0.850,measurement_noise,43,5,inferred_failure_aware,coverage_wait,coverage_wait,True,1.0,1.1,False,False,0.0,0.0,1.0,0.0,0.2,0.22,0.8,0.06,0.3712779865106426,0.006774773146484696,0.0184281978685793,0.8336573009370445,0.9021398589238142,True,0
measurement_noise_0.850,measurement_noise,43,10,baseline,normal,coverage_wait,False,1.0,1.0,True,True,0.0,0.1,1.0,0.1,0.2,0.22,0.8,0.06,0.3657487792378917,0.006778750755657966,0.01853407617209779,0.8360114479921026,0.9075289333039573,True,0
measurement_noise_0.850,measurement_noise,43,10,reference_aware,coverage_wait,coverage_wait,True,1.0,1.1,False,False,0.0,0.1,1.0,0.1,0.2,0.22,0.8,0.06,0.3712779865106426,0.006774773146484696,0.0184281978685793,0.8336573009370445,0.9021398589238142,True,0
measurement_noise_0.850,measurement_noise,43,10,inferred_failure_aware,coverage_wait,coverage_wait,True,1.0,1.1,False,False,0.0,0.1,1.0,0.1,0.2,0.22,0.8,0.06,0.3712779865106426,0.006774773146484696,0.0184281978685793,0.8336573009370445,0.9021398589238142,True,0
measurement_noise_0.850,measurement_noise,43,20,baseline,normal,coverage_wait,False,1.0,1.0,True,True,0.0,0.15,1.0,0.1,0.2,0.22,0.8,0.06,0.3657487792378917,0.006778750755657966,0.01853407617209779,0.8360114479921026,0.9075289333039573,True,0
measurement_noise_0.850,measurement_noise,43,20,reference_aware,coverage_wait,coverage_wait,True,1.0,1.1,False,False,0.0,0.15,1.0,0.1,0.2,0.22,0.8,0.06,0.3712779865106426,0.006774773146484696,0.0184281978685793,0.8336573009370445,0.9021398589238142,True,0
measurement_noise_0.850,measurement_noise,43,20,inferred_failure_aware,coverage_wait,coverage_wait,True,1.0,1.1,False,False,0.0,0.15,1.0,0.1,0.2,0.22,0.8,0.06,0.3712779865106426,0.006774773146484696,0.0184281978685793,0.8336573009370445,0.9021398589238142,True,0
measurement_noise_0.850,measurement_noise,44,5,baseline,normal,coverage_wait,False,1.0,1.0,True,True,0.2,0.2,0.8,0.0,0.2,0.22,0.8,0.06,0.4524758807168789,0.009773167432001139,0.0028976270053586717,0.8863083141943856,1.0939025574436205,True,0
measurement_noise_0.850,measurement_noise,44,5,reference_aware,coverage_wait,coverage_wait,True,1.0,1.1,False,False,0.2,0.2,0.8,0.0,0.2,0.22,0.8,0.06,0.45309764390666457,0.009682039783711146,0.0029493567009331034,0.8835551136891528,1.0797960044416814,True,0
measurement_noise_0.850,measurement_noise,44,5,inferred_failure_aware,coverage_wait,coverage_wait,True,1.0,1.1,False,False,0.2,0.2,0.8,0.0,0.2,0.22,0.8,0.06,0.45309764390666457,0.009682039783711146,0.0029493567009331034,0.8835551136891528,1.0797960044416814,True,0
measurement_noise_0.850,measurement_noise,44,10,baseline,normal,coverage_wait,False,1.0,1.0,True,True,0.3,0.1,0.7,0.1,0.2,0.22,0.8,0.06,0.4524758807168789,0.009773167432001139,0.0028976270053586717,0.8863083141943856,1.0939025574436205,True,0
measurement_noise_0.850,measurement_noise,44,10,reference_aware,coverage_wait,coverage_wait,True,1.0,1.1,False,False,0.3,0.1,0.7,0.1,0.2,0.22,0.8,0.06,0.45309764390666457,0.009682039783711146,0.0029493567009331034,0.8835551136891528,1.0797960044416814,True,0
measurement_noise_0.850,measurement_noise,44,10,inferred_failure_aware,coverage_wait,coverage_wait,True,1.0,1.1,False,False,0.3,0.1,0.7,0.1,0.2,0.22,0.8,0.06,0.45309764390666457,0.009682039783711146,0.0029493567009331034,0.8835551136891528,1.0797960044416814,True,0
measurement_noise_0.850,measurement_noise,44,20,baseline,normal,coverage_wait,False,1.0,1.0,True,True,0.25,0.2,0.75,0.1,0.2,0.22,0.8,0.06,0.4524758807168789,0.009773167432001139,0.0028976270053586717,0.8863083141943856,1.0939025574436205,True,0
measurement_noise_0.850,measurement_noise,44,20,reference_aware,coverage_wait,coverage_wait,True,1.0,1.1,False,False,0.25,0.2,0.75,0.1,0.2,0.22,0.8,0.06,0.45309764390666457,0.009682039783711146,0.0029493567009331034,0.8835551136891528,1.0797960044416814,True,0
measurement_noise_0.850,measurement_noise,44,20,inferred_failure_aware,coverage_wait,coverage_wait,True,1.0,1.1,False,False,0.25,0.2,0.75,0.1,0.2,0.22,0.8,0.06,0.45309764390666457,0.009682039783711146,0.0029493567009331034,0.8835551136891528,1.0797960044416814,True,0
measurement_noise_0.850,measurement_noise,45,5,baseline,normal,coverage_wait,False,1.0,1.0,True,True,0.2,0.0,0.8,0.0,0.2,0.22,0.8,0.06,0.3071308291970486,0.008377429513730734,0.007631235402225545,0.889303982687069,1.1697811027571476,True,0
measurement_noise_0.850,measurement_noise,45,5,reference_aware,coverage_wait,coverage_wait,True,1.0,1.1,False,False,0.2,0.0,0.8,0.0,0.2,0.22,0.8,0.06,0.3090063722671357,0.008321530622537304,0.007804621506363518,0.8876253354672108,1.1601376212728594,True,0
measurement_noise_0.850,measurement_noise,45,5,inferred_failure_aware,coverage_wait,coverage_wait,True,1.0,1.1,False,False,0.2,0.0,0.8,0.0,0.2,0.22,0.8,0.06,0.3090063722671357,0.008321530622537304,0.007804621506363518,0.8876253354672108,1.1601376212728594,True,0
measurement_noise_0.850,measurement_noise,45,10,baseline,normal,coverage_wait,False,1.0,1.0,True,True,0.2,0.3,0.8,0.0,0.2,0.22,0.8,0.06,0.3071308291970486,0.008377429513730734,0.007631235402225545,0.889303982687069,1.1697811027571476,True,0
measurement_noise_0.850,measurement_noise,45,10,reference_aware,coverage_wait,coverage_wait,True,1.0,1.1,False,False,0.2,0.3,0.8,0.0,0.2,0.22,0.8,0.06,0.3090063722671357,0.008321530622537304,0.007804621506363518,0.8876253354672108,1.1601376212728594,True,0
measurement_noise_0.850,measurement_noise,45,10,inferred_failure_aware,coverage_wait,coverage_wait,True,1.0,1.1,False,False,0.2,0.3,0.8,0.0,0.2,0.22,0.8,0.06,0.3090063722671357,0.008321530622537304,0.007804621506363518,0.8876253354672108,1.1601376212728594,True,0
measurement_noise_0.850,measurement_noise,45,20,baseline,normal,coverage_wait,False,1.0,1.0,True,True,0.15,0.25,0.85,0.05,0.2,0.22,0.8,0.06,0.3071308291970486,0.008377429513730734,0.007631235402225545,0.889303982687069,1.1697811027571476,True,0
measurement_noise_0.850,measurement_noise,45,20,reference_aware,coverage_wait,coverage_wait,True,1.0,1.1,False,False,0.15,0.25,0.85,0.05,0.2,0.22,0.8,0.06,0.3090063722671357,0.008321530622537304,0.007804621506363518,0.8876253354672108,1.1601376212728594,True,0
measurement_noise_0.850,measurement_noise,45,20,inferred_failure_aware,coverage_wait,coverage_wait,True,1.0,1.1,False,False,0.15,0.25,0.85,0.05,0.2,0.22,0.8,0.06,0.3090063722671357,0.008321530622537304,0.007804621506363518,0.8876253354672108,1.1601376212728594,True,0
measurement_noise_0.850,measurement_noise,46,5,baseline,normal,coverage_wait,False,1.0,1.0,True,True,0.6,0.4,0.4,0.0,0.2,0.22,0.8,0.06,0.31682415603845465,0.007484648592666794,0.012479377214880794,0.896465831726667,1.2465502615103095,True,0
measurement_noise_0.850,measurement_noise,46,5,reference_aware,coverage_wait,coverage_wait,True,1.0,1.1,False,False,0.6,0.4,0.4,0.0,0.2,0.22,0.8,0.06,0.320891824699349,0.007446687323197104,0.0125589116161956,0.8963281408132915,1.2379607167700897,True,0
measurement_noise_0.850,measurement_noise,46,5,inferred_failure_aware,accuracy_guard,coverage_wait,False,0.9,1.75,False,False,0.6,0.4,0.4,0.0,0.2,0.22,0.8,0.06,0.33481754868208397,0.0066129099315086325,0.011943602766659844,0.8308176436017549,1.1769873746760207,True,0
measurement_noise_0.850,measurement_noise,46,10,baseline,normal,coverage_wait,False,1.0,1.0,True,True,0.4,0.2,0.6,0.0,0.2,0.22,0.8,0.06,0.31682415603845465,0.007484648592666794,0.012479377214880794,0.896465831726667,1.2465502615103095,True,0
measurement_noise_0.850,measurement_noise,46,10,reference_aware,coverage_wait,coverage_wait,True,1.0,1.1,False,False,0.4,0.2,0.6,0.0,0.2,0.22,0.8,0.06,0.320891824699349,0.007446687323197104,0.0125589116161956,0.8963281408132915,1.2379607167700897,True,0
measurement_noise_0.850,measurement_noise,46,10,inferred_failure_aware,coverage_wait,coverage_wait,True,1.0,1.1,False,False,0.4,0.2,0.6,0.0,0.2,0.22,0.8,0.06,0.320891824699349,0.007446687323197104,0.0125589116161956,0.8963281408132915,1.2379607167700897,True,0
measurement_noise_0.850,measurement_noise,46,20,baseline,normal,coverage_wait,False,1.0,1.0,True,True,0.3,0.2,0.7,0.05,0.2,0.22,0.8,0.06,0.31682415603845465,0.007484648592666794,0.012479377214880794,0.896465831726667,1.2465502615103095,True,0
measurement_noise_0.850,measurement_noise,46,20,reference_aware,coverage_wait,coverage_wait,True,1.0,1.1,False,False,0.3,0.2,0.7,0.05,0.2,0.22,0.8,0.06,0.320891824699349,0.007446687323197104,0.0125589116161956,0.8963281408132915,1.2379607167700897,True,0
measurement_noise_0.850,measurement_noise,46,20,inferred_failure_aware,coverage_wait,coverage_wait,True,1.0,1.1,False,False,0.3,0.2,0.7,0.05,0.2,0.22,0.8,0.06,0.320891824699349,0.007446687323197104,0.0125589116161956,0.8963281408132915,1.2379607167700897,True,0
measurement_noise_0.850,measurement_noise,47,5,baseline,normal,coverage_wait,False,1.0,1.0,True,True,0.2,0.2,0.8,0.0,0.2,0.22,0.8,0.06,0.41622268415895486,0.006786082506758948,0.00227540454959696,0.7605518960208993,0.7626288703137889,True,0
measurement_noise_0.850,measurement_noise,47,5,reference_aware,coverage_wait,coverage_wait,True,1.0,1.1,False,False,0.2,0.2,0.8,0.0,0.2,0.22,0.8,0.06,0.41508315437800447,0.006690029222817025,0.0024073561926843956,0.7607725599995251,0.7565025932264461,True,0
measurement_noise_0.850,measurement_noise,47,5,inferred_failure_aware,coverage_wait,coverage_wait,True,1.0,1.1,False,False,0.2,0.2,0.8,0.0,0.2,0.22,0.8,0.06,0.41508315437800447,0.006690029222817025,0.0024073561926843956,0.7607725599995251,0.7565025932264461,True,0
measurement_noise_0.850,measurement_noise,47,10,baseline,normal,coverage_wait,False,1.0,1.0,True,True,0.3,0.1,0.7,0.0,0.2,0.22,0.8,0.06,0.41622268415895486,0.006786082506758948,0.00227540454959696,0.7605518960208993,0.7626288703137889,True,0
measurement_noise_0.850,measurement_noise,47,10,reference_aware,coverage_wait,coverage_wait,True,1.0,1.1,False,False,0.3,0.1,0.7,0.0,0.2,0.22,0.8,0.06,0.41508315437800447,0.006690029222817025,0.0024073561926843956,0.7607725599995251,0.7565025932264461,True,0
measurement_noise_0.850,measurement_noise,47,10,inferred_failure_aware,coverage_wait,coverage_wait,True,1.0,1.1,False,False,0.3,0.1,0.7,0.0,0.2,0.22,0.8,0.06,0.41508315437800447,0.006690029222817025,0.0024073561926843956,0.7607725599995251,0.7565025932264461,True,0
measurement_noise_0.850,measurement_noise,47,20,baseline,normal,coverage_wait,False,1.0,1.0,True,True,0.2,0.25,0.8,0.05,0.2,0.22,0.8,0.06,0.41622268415895486,0.006786082506758948,0.00227540454959696,0.7605518960208993,0.7626288703137889,True,0
measurement_noise_0.850,measurement_noise,47,20,reference_aware,coverage_wait,coverage_wait,True,1.0,1.1,False,False,0.2,0.25,0.8,0.05,0.2,0.22,0.8,0.06,0.41508315437800447,0.006690029222817025,0.0024073561926843956,0.7607725599995251,0.7565025932264461,True,0
measurement_noise_0.850,measurement_noise,47,20,inferred_failure_aware,coverage_wait,coverage_wait,True,1.0,1.1,False,False,0.2,0.25,0.8,0.05,0.2,0.22,0.8,0.06,0.41508315437800447,0.006690029222817025,0.0024073561926843956,0.7607725599995251,0.7565025932264461,True,0
measurement_noise_0.850,measurement_noise,48,5,baseline,normal,coverage_wait,False,1.0,1.0,True,True,0.2,0.2,0.8,0.0,0.2,0.22,0.8,0.06,0.565648550647263,0.010256895061842998,0.00256454919136917,0.8973434189987284,1.1655807907046447,True,0
measurement_noise_0.850,measurement_noise,48,5,reference_aware,coverage_wait,coverage_wait,True,1.0,1.1,False,False,0.2,0.2,0.8,0.0,0.2,0.22,0.8,0.06,0.5665730695676532,0.010162531647758205,0.0026711112796078407,0.8941023368372725,1.152665967342937,True,0
measurement_noise_0.850,measurement_noise,48,5,inferred_failure_aware,coverage_wait,coverage_wait,True,1.0,1.1,False,False,0.2,0.2,0.8,0.0,0.2,0.22,0.8,0.06,0.5665730695676532,0.010162531647758205,0.0026711112796078407,0.8941023368372725,1.152665967342937,True,0
measurement_noise_0.850,measurement_noise,48,10,baseline,normal,coverage_wait,False,1.0,1.0,True,True,0.2,0.2,0.8,0.1,0.2,0.22,0.8,0.06,0.565648550647263,0.010256895061842998,0.00256454919136917,0.8973434189987284,1.1655807907046447,True,0
measurement_noise_0.850,measurement_noise,48,10,reference_aware,coverage_wait,coverage_wait,True,1.0,1.1,False,False,0.2,0.2,0.8,0.1,0.2,0.22,0.8,0.06,0.5665730695676532,0.010162531647758205,0.0026711112796078407,0.8941023368372725,1.152665967342937,True,0
measurement_noise_0.850,measurement_noise,48,10,inferred_failure_aware,coverage_wait,coverage_wait,True,1.0,1.1,False,False,0.2,0.2,0.8,0.1,0.2,0.22,0.8,0.06,0.5665730695676532,0.010162531647758205,0.0026711112796078407,0.8941023368372725,1.152665967342937,True,0
measurement_noise_0.850,measurement_noise,48,20,baseline,normal,coverage_wait,False,1.0,1.0,True,True,0.25,0.15,0.75,0.05,0.2,0.22,0.8,0.06,0.565648550647263,0.010256895061842998,0.00256454919136917,0.8973434189987284,1.1655807907046447,True,0
measurement_noise_0.850,measurement_noise,48,20,reference_aware,coverage_wait,coverage_wait,True,1.0,1.1,False,False,0.25,0.15,0.75,0.05,0.2,0.22,0.8,0.06,0.5665730695676532,0.010162531647758205,0.0026711112796078407,0.8941023368372725,1.152665967342937,True,0
measurement_noise_0.850,measurement_noise,48,20,inferred_failure_aware,coverage_wait,coverage_wait,True,1.0,1.1,False,False,0.25,0.15,0.75,0.05,0.2,0.22,0.8,0.06,0.5665730695676532,0.010162531647758205,0.0026711112796078407,0.8941023368372725,1.152665967342937,True,0
measurement_noise_0.850,measurement_noise,49,5,baseline,normal,coverage_wait,False,1.0,1.0,True,True,0.2,0.4,0.8,0.2,0.2,0.22,0.8,0.06,0.4423363143798937,0.0097785863686189,0.008784270150475781,0.9905487208496067,1.2710369608811045,True,0
measurement_noise_0.850,measurement_noise,49,5,reference_aware,coverage_wait,coverage_wait,True,1.0,1.1,False,False,0.2,0.4,0.8,0.2,0.2,0.22,0.8,0.06,0.44633327056962957,0.009769472737706526,0.008705103446556395,0.9887016108556347,1.2593904015772361,True,0
measurement_noise_0.850,measurement_noise,49,5,inferred_failure_aware,coverage_wait,coverage_wait,True,1.0,1.1,False,False,0.2,0.4,0.8,0.2,0.2,0.22,0.8,0.06,0.44633327056962957,0.009769472737706526,0.008705103446556395,0.9887016108556347,1.2593904015772361,True,0
measurement_noise_0.850,measurement_noise,49,10,baseline,normal,coverage_wait,False,1.0,1.0,True,True,0.2,0.3,0.8,0.2,0.2,0.22,0.8,0.06,0.4423363143798937,0.0097785863686189,0.008784270150475781,0.9905487208496067,1.2710369608811045,True,0
measurement_noise_0.850,measurement_noise,49,10,reference_aware,coverage_wait,coverage_wait,True,1.0,1.1,False,False,0.2,0.3,0.8,0.2,0.2,0.22,0.8,0.06,0.44633327056962957,0.009769472737706526,0.008705103446556395,0.9887016108556347,1.2593904015772361,True,0
measurement_noise_0.850,measurement_noise,49,10,inferred_failure_aware,coverage_wait,coverage_wait,True,1.0,1.1,False,False,0.2,0.3,0.8,0.2,0.2,0.22,0.8,0.06,0.44633327056962957,0.009769472737706526,0.008705103446556395,0.9887016108556347,1.2593904015772361,True,0
measurement_noise_0.850,measurement_noise,49,20,baseline,normal,coverage_wait,False,1.0,1.0,True,True,0.1,0.3,0.9,0.1,0.2,0.22,0.8,0.06,0.4423363143798937,0.0097785863686189,0.008784270150475781,0.9905487208496067,1.2710369608811045,True,0
measurement_noise_0.850,measurement_noise,49,20,reference_aware,coverage_wait,coverage_wait,True,1.0,1.1,False,False,0.1,0.3,0.9,0.1,0.2,0.22,0.8,0.06,0.44633327056962957,0.009769472737706526,0.008705103446556395,0.9887016108556347,1.2593904015772361,True,0
measurement_noise_0.850,measurement_noise,49,20,inferred_failure_aware,coverage_wait,coverage_wait,True,1.0,1.1,False,False,0.1,0.3,0.9,0.1,0.2,0.22,0.8,0.06,0.44633327056962957,0.009769472737706526,0.008705103446556395,0.9887016108556347,1.2593904015772361,True,0
measurement_noise_0.850,measurement_noise,50,5,baseline,normal,coverage_wait,False,1.0,1.0,True,True,0.4,0.4,0.6,0.0,0.2,0.22,0.8,0.06,0.31645535344438186,0.006964438920147094,0.005342897415016701,0.8383643577848482,0.8436269019319002,True,0
measurement_noise_0.850,measurement_noise,50,5,reference_aware,coverage_wait,coverage_wait,True,1.0,1.1,False,False,0.4,0.4,0.6,0.0,0.2,0.22,0.8,0.06,0.31824359144865355,0.006933391749271306,0.0053181900622354394,0.8370706026739226,0.8386744195035677,True,0
measurement_noise_0.850,measurement_noise,50,5,inferred_failure_aware,coverage_wait,coverage_wait,True,1.0,1.1,False,False,0.4,0.4,0.6,0.0,0.2,0.22,0.8,0.06,0.31824359144865355,0.006933391749271306,0.0053181900622354394,0.8370706026739226,0.8386744195035677,True,0
measurement_noise_0.850,measurement_noise,50,10,baseline,normal,coverage_wait,False,1.0,1.0,True,True,0.3,0.4,0.7,0.0,0.2,0.22,0.8,0.06,0.31645535344438186,0.006964438920147094,0.005342897415016701,0.8383643577848482,0.8436269019319002,True,0
measurement_noise_0.850,measurement_noise,50,10,reference_aware,coverage_wait,coverage_wait,True,1.0,1.1,False,False,0.3,0.4,0.7,0.0,0.2,0.22,0.8,0.06,0.31824359144865355,0.006933391749271306,0.0053181900622354394,0.8370706026739226,0.8386744195035677,True,0
measurement_noise_0.850,measurement_noise,50,10,inferred_failure_aware,coverage_wait,coverage_wait,True,1.0,1.1,False,False,0.3,0.4,0.7,0.0,0.2,0.22,0.8,0.06,0.31824359144865355,0.006933391749271306,0.0053181900622354394,0.8370706026739226,0.8386744195035677,True,0
measurement_noise_0.850,measurement_noise,50,20,baseline,normal,coverage_wait,False,1.0,1.0,True,True,0.2,0.3,0.8,0.05,0.2,0.22,0.8,0.06,0.31645535344438186,0.006964438920147094,0.005342897415016701,0.8383643577848482,0.8436269019319002,True,0
measurement_noise_0.850,measurement_noise,50,20,reference_aware,coverage_wait,coverage_wait,True,1.0,1.1,False,False,0.2,0.3,0.8,0.05,0.2,0.22,0.8,0.06,0.31824359144865355,0.006933391749271306,0.0053181900622354394,0.8370706026739226,0.8386744195035677,True,0
measurement_noise_0.850,measurement_noise,50,20,inferred_failure_aware,coverage_wait,coverage_wait,True,1.0,1.1,False,False,0.2,0.3,0.8,0.05,0.2,0.22,0.8,0.06,0.31824359144865355,0.006933391749271306,0.0053181900622354394,0.8370706026739226,0.8386744195035677,True,0
measurement_noise_0.850,measurement_noise,51,5,baseline,normal,coverage_wait,False,1.0,1.0,True,True,0.0,0.4,1.0,0.2,0.2,0.22,0.8,0.06,0.358692709659372,0.008383458216448,0.01267146696186272,0.9108781264794743,1.1441478576771118,True,0
measurement_noise_0.850,measurement_noise,51,5,reference_aware,coverage_wait,coverage_wait,True,1.0,1.1,False,False,0.0,0.4,1.0,0.2,0.2,0.22,0.8,0.06,0.3652261097840369,0.008374197551850525,0.012461680616742021,0.9090291823022008,1.1332162445536476,True,0
measurement_noise_0.850,measurement_noise,51,5,inferred_failure_aware,coverage_wait,coverage_wait,True,1.0,1.1,False,False,0.0,0.4,1.0,0.2,0.2,0.22,0.8,0.06,0.3652261097840369,0.008374197551850525,0.012461680616742021,0.9090291823022008,1.1332162445536476,True,0
measurement_noise_0.850,measurement_noise,51,10,baseline,normal,coverage_wait,False,1.0,1.0,True,True,0.1,0.4,0.9,0.2,0.2,0.22,0.8,0.06,0.358692709659372,0.008383458216448,0.01267146696186272,0.9108781264794743,1.1441478576771118,True,0
measurement_noise_0.850,measurement_noise,51,10,reference_aware,coverage_wait,coverage_wait,True,1.0,1.1,False,False,0.1,0.4,0.9,0.2,0.2,0.22,0.8,0.06,0.3652261097840369,0.008374197551850525,0.012461680616742021,0.9090291823022008,1.1332162445536476,True,0
measurement_noise_0.850,measurement_noise,51,10,inferred_failure_aware,coverage_wait,coverage_wait,True,1.0,1.1,False,False,0.1,0.4,0.9,0.2,0.2,0.22,0.8,0.06,0.3652261097840369,0.008374197551850525,0.012461680616742021,0.9090291823022008,1.1332162445536476,True,0
measurement_noise_0.850,measurement_noise,51,20,baseline,normal,coverage_wait,False,1.0,1.0,True,True,0.1,0.25,0.9,0.1,0.2,0.22,0.8,0.06,0.358692709659372,0.008383458216448,0.01267146696186272,0.9108781264794743,1.1441478576771118,True,0
measurement_noise_0.850,measurement_noise,51,20,reference_aware,coverage_wait,coverage_wait,True,1.0,1.1,False,False,0.1,0.25,0.9,0.1,0.2,0.22,0.8,0.06,0.3652261097840369,0.008374197551850525,0.012461680616742021,0.9090291823022008,1.1332162445536476,True,0
measurement_noise_0.850,measurement_noise,51,20,inferred_failure_aware,coverage_wait,coverage_wait,True,1.0,1.1,False,False,0.1,0.25,0.9,0.1,0.2,0.22,0.8,0.06,0.3652261097840369,0.008374197551850525,0.012461680616742021,0.9090291823022008,1.1332162445536476,True,0
measurement_noise_0.850,measurement_noise,52,5,baseline,normal,coverage_wait,False,1.0,1.0,True,True,0.2,0.2,0.8,0.0,0.2,0.22,0.8,0.06,0.36040470154303583,0.009002410800312324,0.005467424866906656,0.8729542908789015,1.0453400332126268,True,0
measurement_noise_0.850,measurement_noise,52,5,reference_aware,coverage_wait,coverage_wait,True,1.0,1.1,False,False,0.2,0.2,0.8,0.0,0.2,0.22,0.8,0.06,0.36461186737354895,0.00894611443361984,0.005214851358971262,0.8699314309419505,1.0344898402955318,True,0
measurement_noise_0.850,measurement_noise,52,5,inferred_failure_aware,coverage_wait,coverage_wait,True,1.0,1.1,False,False,0.2,0.2,0.8,0.0,0.2,0.22,0.8,0.06,0.36461186737354895,0.00894611443361984,0.005214851358971262,0.8699314309419505,1.0344898402955318,True,0
measurement_noise_0.850,measurement_noise,52,10,baseline,normal,coverage_wait,False,1.0,1.0,True,True,0.4,0.1,0.6,0.0,0.2,0.22,0.8,0.06,0.36040470154303583,0.009002410800312324,0.005467424866906656,0.8729542908789015,1.0453400332126268,True,0
measurement_noise_0.850,measurement_noise,52,10,reference_aware,coverage_wait,coverage_wait,True,1.0,1.1,False,False,0.4,0.1,0.6,0.0,0.2,0.22,0.8,0.06,0.36461186737354895,0.00894611443361984,0.005214851358971262,0.8699314309419505,1.0344898402955318,True,0
measurement_noise_0.850,measurement_noise,52,10,inferred_failure_aware,coverage_wait,coverage_wait,True,1.0,1.1,False,False,0.4,0.1,0.6,0.0,0.2,0.22,0.8,0.06,0.36461186737354895,0.00894611443361984,0.005214851358971262,0.8699314309419505,1.0344898402955318,True,0
measurement_noise_0.850,measurement_noise,52,20,baseline,normal,coverage_wait,False,1.0,1.0,True,True,0.3,0.2,0.7,0.05,0.2,0.22,0.8,0.06,0.36040470154303583,0.009002410800312324,0.005467424866906656,0.8729542908789015,1.0453400332126268,True,0
measurement_noise_0.850,measurement_noise,52,20,reference_aware,coverage_wait,coverage_wait,True,1.0,1.1,False,False,0.3,0.2,0.7,0.05,0.2,0.22,0.8,0.06,0.36461186737354895,0.00894611443361984,0.005214851358971262,0.8699314309419505,1.0344898402955318,True,0
measurement_noise_0.850,measurement_noise,52,20,inferred_failure_aware,coverage_wait,coverage_wait,True,1.0,1.1,False,False,0.3,0.2,0.7,0.05,0.2,0.22,0.8,0.06,0.36461186737354895,0.00894611443361984,0.005214851358971262,0.8699314309419505,1.0344898402955318,True,0
measurement_noise_0.850,measurement_noise,53,5,baseline,normal,coverage_wait,False,1.0,1.0,True,True,0.4,0.0,0.6,0.0,0.2,0.22,0.8,0.06,0.30485491297478035,0.006964311735628694,0.0018817819001266667,0.8260908937390355,0.756803673354031,True,0
measurement_noise_0.850,measurement_noise,53,5,reference_aware,coverage_wait,coverage_wait,True,1.0,1.1,False,False,0.4,0.0,0.6,0.0,0.2,0.22,0.8,0.06,0.30366091680316726,0.006901607478027325,0.0017259921331060912,0.8262831376940334,0.7506843003145884,True,0
measurement_noise_0.850,measurement_noise,53,5,inferred_failure_aware,coverage_wait,coverage_wait,True,1.0,1.1,False,False,0.4,0.0,0.6,0.0,0.2,0.22,0.8,0.06,0.30366091680316726,0.006901607478027325,0.0017259921331060912,0.8262831376940334,0.7506843003145884,True,0
measurement_noise_0.850,measurement_noise,53,10,baseline,normal,coverage_wait,False,1.0,1.0,True,True,0.3,0.0,0.7,0.0,0.2,0.22,0.8,0.06,0.30485491297478035,0.006964311735628694,0.0018817819001266667,0.8260908937390355,0.756803673354031,True,0
measurement_noise_0.850,measurement_noise,53,10,reference_aware,coverage_wait,coverage_wait,True,1.0,1.1,False,False,0.3,0.0,0.7,0.0,0.2,0.22,0.8,0.06,0.30366091680316726,0.006901607478027325,0.0017259921331060912,0.8262831376940334,0.7506843003145884,True,0
measurement_noise_0.850,measurement_noise,53,10,inferred_failure_aware,coverage_wait,coverage_wait,True,1.0,1.1,False,False,0.3,0.0,0.7,0.0,0.2,0.22,0.8,0.06,0.30366091680316726,0.006901607478027325,0.0017259921331060912,0.8262831376940334,0.7506843003145884,True,0
measurement_noise_0.850,measurement_noise,53,20,baseline,normal,coverage_wait,False,1.0,1.0,True,True,0.2,0.15,0.8,0.05,0.2,0.22,0.8,0.06,0.30485491297478035,0.006964311735628694,0.0018817819001266667,0.8260908937390355,0.756803673354031,True,0
measurement_noise_0.850,measurement_noise,53,20,reference_aware,coverage_wait,coverage_wait,True,1.0,1.1,False,False,0.2,0.15,0.8,0.05,0.2,0.22,0.8,0.06,0.30366091680316726,0.006901607478027325,0.0017259921331060912,0.8262831376940334,0.7506843003145884,True,0
measurement_noise_0.850,measurement_noise,53,20,inferred_failure_aware,coverage_wait,coverage_wait,True,1.0,1.1,False,False,0.2,0.15,0.8,0.05,0.2,0.22,0.8,0.06,0.30366091680316726,0.006901607478027325,0.0017259921331060912,0.8262831376940334,0.7506843003145884,True,0
measurement_noise_0.850,measurement_noise,54,5,baseline,normal,coverage_wait,False,1.0,1.0,True,True,0.4,0.2,0.6,0.0,0.2,0.22,0.8,0.06,0.2971356466912077,0.007575075792821474,0.00394420519310823,0.9151350595888154,0.9713260669894367,True,0
measurement_noise_0.850,measurement_noise,54,5,reference_aware,coverage_wait,coverage_wait,True,1.0,1.1,False,False,0.4,0.2,0.6,0.0,0.2,0.22,0.8,0.06,0.3024933899958086,0.007549225361440072,0.004007521438267769,0.9148364727565974,0.9653744836295507,True,0
measurement_noise_0.850,measurement_noise,54,5,inferred_failure_aware,coverage_wait,coverage_wait,True,1.0,1.1,False,False,0.4,0.2,0.6,0.0,0.2,0.22,0.8,0.06,0.3024933899958086,0.007549225361440072,0.004007521438267769,0.9148364727565974,0.9653744836295507,True,0
measurement_noise_0.850,measurement_noise,54,10,baseline,normal,coverage_wait,False,1.0,1.0,True,True,0.3,0.1,0.7,0.0,0.2,0.22,0.8,0.06,0.2971356466912077,0.007575075792821474,0.00394420519310823,0.9151350595888154,0.9713260669894367,True,0
measurement_noise_0.850,measurement_noise,54,10,reference_aware,coverage_wait,coverage_wait,True,1.0,1.1,False,False,0.3,0.1,0.7,0.0,0.2,0.22,0.8,0.06,0.3024933899958086,0.007549225361440072,0.004007521438267769,0.9148364727565974,0.9653744836295507,True,0
measurement_noise_0.850,measurement_noise,54,10,inferred_failure_aware,coverage_wait,coverage_wait,True,1.0,1.1,False,False,0.3,0.1,0.7,0.0,0.2,0.22,0.8,0.06,0.3024933899958086,0.007549225361440072,0.004007521438267769,0.9148364727565974,0.9653744836295507,True,0
measurement_noise_0.850,measurement_noise,54,20,baseline,normal,coverage_wait,False,1.0,1.0,True,True,0.25,0.3,0.75,0.05,0.2,0.22,0.8,0.06,0.2971356466912077,0.007575075792821474,0.00394420519310823,0.9151350595888154,0.9713260669894367,True,0
measurement_noise_0.850,measurement_noise,54,20,reference_aware,coverage_wait,coverage_wait,True,1.0,1.1,False,False,0.25,0.3,0.75,0.05,0.2,0.22,0.8,0.06,0.3024933899958086,0.007549225361440072,0.004007521438267769,0.9148364727565974,0.9653744836295507,True,0
measurement_noise_0.850,measurement_noise,54,20,inferred_failure_aware,coverage_wait,coverage_wait,True,1.0,1.1,False,False,0.25,0.3,0.75,0.05,0.2,0.22,0.8,0.06,0.3024933899958086,0.007549225361440072,0.004007521438267769,0.9148364727565974,0.9653744836295507,True,0
measurement_noise_0.850,measurement_noise,55,5,baseline,normal,coverage_wait,False,1.0,1.0,True,True,0.2,0.0,0.8,0.0,0.2,0.22,0.8,0.06,0.6050138470891817,0.010956200186300072,0.00235735132544046,0.8559627632012714,0.8617500245156459,True,0
measurement_noise_0.850,measurement_noise,55,5,reference_aware,coverage_wait,coverage_wait,True,1.0,1.1,False,False,0.2,0.0,0.8,0.0,0.2,0.22,0.8,0.06,0.6012537543821465,0.010826672929242635,0.0022315582170455706,0.8540905465704299,0.8515866092414157,True,0
measurement_noise_0.850,measurement_noise,55,5,inferred_failure_aware,coverage_wait,coverage_wait,True,1.0,1.1,False,False,0.2,0.0,0.8,0.0,0.2,0.22,0.8,0.06,0.6012537543821465,0.010826672929242635,0.0022315582170455706,0.8540905465704299,0.8515866092414157,True,0
measurement_noise_0.850,measurement_noise,55,10,baseline,normal,coverage_wait,False,1.0,1.0,True,True,0.1,0.2,0.9,0.1,0.2,0.22,0.8,0.06,0.6050138470891817,0.010956200186300072,0.00235735132544046,0.8559627632012714,0.8617500245156459,True,0
measurement_noise_0.850,measurement_noise,55,10,reference_aware,coverage_wait,coverage_wait,True,1.0,1.1,False,False,0.1,0.2,0.9,0.1,0.2,0.22,0.8,0.06,0.6012537543821465,0.010826672929242635,0.0022315582170455706,0.8540905465704299,0.8515866092414157,True,0
measurement_noise_0.850,measurement_noise,55,10,inferred_failure_aware,coverage_wait,coverage_wait,True,1.0,1.1,False,False,0.1,0.2,0.9,0.1,0.2,0.22,0.8,0.06,0.6012537543821465,0.010826672929242635,0.0022315582170455706,0.8540905465704299,0.8515866092414157,True,0
measurement_noise_0.850,measurement_noise,55,20,baseline,normal,coverage_wait,False,1.0,1.0,True,True,0.1,0.3,0.9,0.05,0.2,0.22,0.8,0.06,0.6050138470891817,0.010956200186300072,0.00235735132544046,0.8559627632012714,0.8617500245156459,True,0
measurement_noise_0.850,measurement_noise,55,20,reference_aware,coverage_wait,coverage_wait,True,1.0,1.1,False,False,0.1,0.3,0.9,0.05,0.2,0.22,0.8,0.06,0.6012537543821465,0.010826672929242635,0.0022315582170455706,0.8540905465704299,0.8515866092414157,True,0
measurement_noise_0.850,measurement_noise,55,20,inferred_failure_aware,coverage_wait,coverage_wait,True,1.0,1.1,False,False,0.1,0.3,0.9,0.05,0.2,0.22,0.8,0.06,0.6012537543821465,0.010826672929242635,0.0022315582170455706,0.8540905465704299,0.8515866092414157,True,0
measurement_noise_0.850,measurement_noise,56,5,baseline,normal,coverage_wait,False,1.0,1.0,True,True,0.2,0.4,0.8,0.2,0.2,0.22,0.8,0.06,0.43502796100483815,0.00891192694380335,0.0016995402116490865,0.8228712962323546,0.8938076120823286,True,0
measurement_noise_0.850,measurement_noise,56,5,reference_aware,coverage_wait,coverage_wait,True,1.0,1.1,False,False,0.2,0.4,0.8,0.2,0.2,0.22,0.8,0.06,0.43160712669419327,0.008785107367396731,0.002001206182968951,0.8207489194625112,0.8834147667975717,True,0
measurement_noise_0.850,measurement_noise,56,5,inferred_failure_aware,coverage_wait,coverage_wait,True,1.0,1.1,False,False,0.2,0.4,0.8,0.2,0.2,0.22,0.8,0.06,0.43160712669419327,0.008785107367396731,0.002001206182968951,0.8207489194625112,0.8834147667975717,True,0
measurement_noise_0.850,measurement_noise,56,10,baseline,normal,coverage_wait,False,1.0,1.0,True,True,0.1,0.3,0.9,0.2,0.2,0.22,0.8,0.06,0.43502796100483815,0.00891192694380335,0.0016995402116490865,0.8228712962323546,0.8938076120823286,True,0
measurement_noise_0.850,measurement_noise,56,10,reference_aware,coverage_wait,coverage_wait,True,1.0,1.1,False,False,0.1,0.3,0.9,0.2,0.2,0.22,0.8,0.06,0.43160712669419327,0.008785107367396731,0.002001206182968951,0.8207489194625112,0.8834147667975717,True,0
measurement_noise_0.850,measurement_noise,56,10,inferred_failure_aware,coverage_wait,coverage_wait,True,1.0,1.1,False,False,0.1,0.3,0.9,0.2,0.2,0.22,0.8,0.06,0.43160712669419327,0.008785107367396731,0.002001206182968951,0.8207489194625112,0.8834147667975717,True,0
measurement_noise_0.850,measurement_noise,56,20,baseline,normal,coverage_wait,False,1.0,1.0,True,True,0.25,0.2,0.75,0.1,0.2,0.22,0.8,0.06,0.43502796100483815,0.00891192694380335,0.0016995402116490865,0.8228712962323546,0.8938076120823286,True,0
measurement_noise_0.850,measurement_noise,56,20,reference_aware,coverage_wait,coverage_wait,True,1.0,1.1,False,False,0.25,0.2,0.75,0.1,0.2,0.22,0.8,0.06,0.43160712669419327,0.008785107367396731,0.002001206182968951,0.8207489194625112,0.8834147667975717,True,0
measurement_noise_0.850,measurement_noise,56,20,inferred_failure_aware,coverage_wait,coverage_wait,True,1.0,1.1,False,False,0.25,0.2,0.75,0.1,0.2,0.22,0.8,0.06,0.43160712669419327,0.008785107367396731,0.002001206182968951,0.8207489194625112,0.8834147667975717,True,0
measurement_noise_0.850,measurement_noise,57,5,baseline,normal,coverage_wait,False,1.0,1.0,True,True,0.2,0.4,0.8,0.0,0.2,0.22,0.8,0.06,0.4039236278590822,0.009736396087107854,0.004946479564307604,0.8814503851240864,1.1517947085710107,True,0
measurement_noise_0.850,measurement_noise,57,5,reference_aware,coverage_wait,coverage_wait,True,1.0,1.1,False,False,0.2,0.4,0.8,0.0,0.2,0.22,0.8,0.06,0.4069202184133412,0.009619671240000153,0.004810481640097342,0.8801608471711025,1.1374167355634386,True,0
measurement_noise_0.850,measurement_noise,57,5,inferred_failure_aware,coverage_wait,coverage_wait,True,1.0,1.1,False,False,0.2,0.4,0.8,0.0,0.2,0.22,0.8,0.06,0.4069202184133412,0.009619671240000153,0.004810481640097342,0.8801608471711025,1.1374167355634386,True,0
measurement_noise_0.850,measurement_noise,57,10,baseline,normal,coverage_wait,False,1.0,1.0,True,True,0.1,0.4,0.9,0.0,0.2,0.22,0.8,0.06,0.4039236278590822,0.009736396087107854,0.004946479564307604,0.8814503851240864,1.1517947085710107,True,0
measurement_noise_0.850,measurement_noise,57,10,reference_aware,coverage_wait,coverage_wait,True,1.0,1.1,False,False,0.1,0.4,0.9,0.0,0.2,0.22,0.8,0.06,0.4069202184133412,0.009619671240000153,0.004810481640097342,0.8801608471711025,1.1374167355634386,True,0
measurement_noise_0.850,measurement_noise,57,10,inferred_failure_aware,coverage_wait,coverage_wait,True,1.0,1.1,False,False,0.1,0.4,0.9,0.0,0.2,0.22,0.8,0.06,0.4069202184133412,0.009619671240000153,0.004810481640097342,0.8801608471711025,1.1374167355634386,True,0
measurement_noise_0.850,measurement_noise,57,20,baseline,normal,coverage_wait,False,1.0,1.0,True,True,0.2,0.25,0.8,0.0,0.2,0.22,0.8,0.06,0.4039236278590822,0.009736396087107854,0.004946479564307604,0.8814503851240864,1.1517947085710107,True,0
measurement_noise_0.850,measurement_noise,57,20,reference_aware,coverage_wait,coverage_wait,True,1.0,1.1,False,False,0.2,0.25,0.8,0.0,0.2,0.22,0.8,0.06,0.4069202184133412,0.009619671240000153,0.004810481640097342,0.8801608471711025,1.1374167355634386,True,0
measurement_noise_0.850,measurement_noise,57,20,inferred_failure_aware,coverage_wait,coverage_wait,True,1.0,1.1,False,False,0.2,0.25,0.8,0.0,0.2,0.22,0.8,0.06,0.4069202184133412,0.009619671240000153,0.004810481640097342,0.8801608471711025,1.1374167355634386,True,0
measurement_noise_0.850,measurement_noise,58,5,baseline,normal,coverage_wait,False,1.0,1.0,True,True,0.4,0.0,0.6,0.0,0.2,0.22,0.8,0.06,0.4884972432644379,0.008167882197751686,0.009993721854372417,0.9153874369627453,0.8536601259931198,True,0
measurement_noise_0.850,measurement_noise,58,5,reference_aware,coverage_wait,coverage_wait,True,1.0,1.1,False,False,0.4,0.0,0.6,0.0,0.2,0.22,0.8,0.06,0.486697957190949,0.008063247692122275,0.009618417102039367,0.915215703678799,0.8474983734451302,True,0
measurement_noise_0.850,measurement_noise,58,5,inferred_failure_aware,coverage_wait,coverage_wait,True,1.0,1.1,False,False,0.4,0.0,0.6,0.0,0.2,0.22,0.8,0.06,0.486697957190949,0.008063247692122275,0.009618417102039367,0.915215703678799,0.8474983734451302,True,0
measurement_noise_0.850,measurement_noise,58,10,baseline,normal,coverage_wait,False,1.0,1.0,True,True,0.2,0.2,0.8,0.1,0.2,0.22,0.8,0.06,0.4884972432644379,0.008167882197751686,0.009993721854372417,0.9153874369627453,0.8536601259931198,True,0
measurement_noise_0.850,measurement_noise,58,10,reference_aware,coverage_wait,coverage_wait,True,1.0,1.1,False,False,0.2,0.2,0.8,0.1,0.2,0.22,0.8,0.06,0.486697957190949,0.008063247692122275,0.009618417102039367,0.915215703678799,0.8474983734451302,True,0
measurement_noise_0.850,measurement_noise,58,10,inferred_failure_aware,coverage_wait,coverage_wait,True,1.0,1.1,False,False,0.2,0.2,0.8,0.1,0.2,0.22,0.8,0.06,0.486697957190949,0.008063247692122275,0.009618417102039367,0.915215703678799,0.8474983734451302,True,0
measurement_noise_0.850,measurement_noise,58,20,baseline,normal,coverage_wait,False,1.0,1.0,True,True,0.25,0.15,0.75,0.05,0.2,0.22,0.8,0.06,0.4884972432644379,0.008167882197751686,0.009993721854372417,0.9153874369627453,0.8536601259931198,True,0
measurement_noise_0.850,measurement_noise,58,20,reference_aware,coverage_wait,coverage_wait,True,1.0,1.1,False,False,0.25,0.15,0.75,0.05,0.2,0.22,0.8,0.06,0.486697957190949,0.008063247692122275,0.009618417102039367,0.915215703678799,0.8474983734451302,True,0
measurement_noise_0.850,measurement_noise,58,20,inferred_failure_aware,coverage_wait,coverage_wait,True,1.0,1.1,False,False,0.25,0.15,0.75,0.05,0.2,0.22,0.8,0.06,0.486697957190949,0.008063247692122275,0.009618417102039367,0.915215703678799,0.8474983734451302,True,0
measurement_noise_0.850,measurement_noise,59,5,baseline,normal,coverage_wait,False,1.0,1.0,True,True,0.0,0.2,1.0,0.2,0.2,0.22,0.8,0.06,0.41471866639505606,0.00877158492183264,0.003932160457818856,0.8736820540844971,0.9566818637985558,True,0
measurement_noise_0.850,measurement_noise,59,5,reference_aware,coverage_wait,coverage_wait,True,1.0,1.1,False,False,0.0,0.2,1.0,0.2,0.2,0.22,0.8,0.06,0.4141924087171786,0.008721784710671514,0.003890565767133758,0.8732586230723568,0.9498037546438269,True,0
measurement_noise_0.850,measurement_noise,59,5,inferred_failure_aware,coverage_wait,coverage_wait,True,1.0,1.1,False,False,0.0,0.2,1.0,0.2,0.2,0.22,0.8,0.06,0.4141924087171786,0.008721784710671514,0.003890565767133758,0.8732586230723568,0.9498037546438269,True,0
measurement_noise_0.850,measurement_noise,59,10,baseline,normal,coverage_wait,False,1.0,1.0,True,True,0.0,0.3,1.0,0.2,0.2,0.22,0.8,0.06,0.41471866639505606,0.00877158492183264,0.003932160457818856,0.8736820540844971,0.9566818637985558,True,0
measurement_noise_0.850,measurement_noise,59,10,reference_aware,coverage_wait,coverage_wait,True,1.0,1.1,False,False,0.0,0.3,1.0,0.2,0.2,0.22,0.8,0.06,0.4141924087171786,0.008721784710671514,0.003890565767133758,0.8732586230723568,0.9498037546438269,True,0
measurement_noise_0.850,measurement_noise,59,10,inferred_failure_aware,coverage_wait,coverage_wait,True,1.0,1.1,False,False,0.0,0.3,1.0,0.2,0.2,0.22,0.8,0.06,0.4141924087171786,0.008721784710671514,0.003890565767133758,0.8732586230723568,0.9498037546438269,True,0
measurement_noise_0.850,measurement_noise,59,20,baseline,normal,coverage_wait,False,1.0,1.0,True,True,0.1,0.25,0.9,0.1,0.2,0.22,0.8,0.06,0.41471866639505606,0.00877158492183264,0.003932160457818856,0.8736820540844971,0.9566818637985558,True,0
measurement_noise_0.850,measurement_noise,59,20,reference_aware,coverage_wait,coverage_wait,True,1.0,1.1,False,False,0.1,0.25,0.9,0.1,0.2,0.22,0.8,0.06,0.4141924087171786,0.008721784710671514,0.003890565767133758,0.8732586230723568,0.9498037546438269,True,0
measurement_noise_0.850,measurement_noise,59,20,inferred_failure_aware,coverage_wait,coverage_wait,True,1.0,1.1,False,False,0.1,0.25,0.9,0.1,0.2,0.22,0.8,0.06,0.4141924087171786,0.008721784710671514,0.003890565767133758,0.8732586230723568,0.9498037546438269,True,0
measurement_noise_0.850,measurement_noise,60,5,baseline,normal,coverage_wait,False,1.0,1.0,True,True,0.0,0.2,1.0,0.0,0.2,0.22,0.8,0.06,0.46379073569593077,0.008960720682649258,0.004800756011895113,0.8120524301472785,0.8804473036320187,True,0
measurement_noise_0.850,measurement_noise,60,5,reference_aware,coverage_wait,coverage_wait,True,1.0,1.1,False,False,0.0,0.2,1.0,0.0,0.2,0.22,0.8,0.06,0.4658158669863042,0.008898281087721992,0.004602514836165361,0.8101899308146708,0.873480226788796,True,0
measurement_noise_0.850,measurement_noise,60,5,inferred_failure_aware,coverage_wait,coverage_wait,True,1.0,1.1,False,False,0.0,0.2,1.0,0.0,0.2,0.22,0.8,0.06,0.4658158669863042,0.008898281087721992,0.004602514836165361,0.8101899308146708,0.873480226788796,True,0
measurement_noise_0.850,measurement_noise,60,10,baseline,normal,coverage_wait,False,1.0,1.0,True,True,0.1,0.2,0.9,0.1,0.2,0.22,0.8,0.06,0.46379073569593077,0.008960720682649258,0.004800756011895113,0.8120524301472785,0.8804473036320187,True,0
measurement_noise_0.850,measurement_noise,60,10,reference_aware,coverage_wait,coverage_wait,True,1.0,1.1,False,False,0.1,0.2,0.9,0.1,0.2,0.22,0.8,0.06,0.4658158669863042,0.008898281087721992,0.004602514836165361,0.8101899308146708,0.873480226788796,True,0
measurement_noise_0.850,measurement_noise,60,10,inferred_failure_aware,coverage_wait,coverage_wait,True,1.0,1.1,False,False,0.1,0.2,0.9,0.1,0.2,0.22,0.8,0.06,0.4658158669863042,0.008898281087721992,0.004602514836165361,0.8101899308146708,0.873480226788796,True,0
measurement_noise_0.850,measurement_noise,60,20,baseline,normal,coverage_wait,False,1.0,1.0,True,True,0.25,0.2,0.75,0.1,0.2,0.22,0.8,0.06,0.46379073569593077,0.008960720682649258,0.004800756011895113,0.8120524301472785,0.8804473036320187,True,0
measurement_noise_0.850,measurement_noise,60,20,reference_aware,coverage_wait,coverage_wait,True,1.0,1.1,False,False,0.25,0.2,0.75,0.1,0.2,0.22,0.8,0.06,0.4658158669863042,0.008898281087721992,0.004602514836165361,0.8101899308146708,0.873480226788796,True,0
measurement_noise_0.850,measurement_noise,60,20,inferred_failure_aware,coverage_wait,coverage_wait,True,1.0,1.1,False,False,0.25,0.2,0.75,0.1,0.2,0.22,0.8,0.06,0.4658158669863042,0.008898281087721992,0.004602514836165361,0.8101899308146708,0.873480226788796,True,0
measurement_noise_0.850,measurement_noise,61,5,baseline,normal,coverage_wait,False,1.0,1.0,True,True,0.4,0.2,0.6,0.0,0.2,0.22,0.8,0.06,0.4276405092674939,0.007687164192867267,0.0034727247727330823,0.870195403908648,1.0096241611035013,True,0
measurement_noise_0.850,measurement_noise,61,5,reference_aware,coverage_wait,coverage_wait,True,1.0,1.1,False,False,0.4,0.2,0.6,0.0,0.2,0.22,0.8,0.06,0.42937747228321427,0.007652437269704044,0.003398205057752013,0.8701487042384708,1.001941794018713,True,0
measurement_noise_0.850,measurement_noise,61,5,inferred_failure_aware,coverage_wait,coverage_wait,True,1.0,1.1,False,False,0.4,0.2,0.6,0.0,0.2,0.22,0.8,0.06,0.42937747228321427,0.007652437269704044,0.003398205057752013,0.8701487042384708,1.001941794018713,True,0
measurement_noise_0.850,measurement_noise,61,10,baseline,normal,coverage_wait,False,1.0,1.0,True,True,0.4,0.2,0.6,0.0,0.2,0.22,0.8,0.06,0.4276405092674939,0.007687164192867267,0.0034727247727330823,0.870195403908648,1.0096241611035013,True,0
measurement_noise_0.850,measurement_noise,61,10,reference_aware,coverage_wait,coverage_wait,True,1.0,1.1,False,False,0.4,0.2,0.6,0.0,0.2,0.22,0.8,0.06,0.42937747228321427,0.007652437269704044,0.003398205057752013,0.8701487042384708,1.001941794018713,True,0
measurement_noise_0.850,measurement_noise,61,10,inferred_failure_aware,coverage_wait,coverage_wait,True,1.0,1.1,False,False,0.4,0.2,0.6,0.0,0.2,0.22,0.8,0.06,0.42937747228321427,0.007652437269704044,0.003398205057752013,0.8701487042384708,1.001941794018713,True,0
measurement_noise_0.850,measurement_noise,61,20,baseline,normal,coverage_wait,False,1.0,1.0,True,True,0.3,0.2,0.7,0.05,0.2,0.22,0.8,0.06,0.4276405092674939,0.007687164192867267,0.0034727247727330823,0.870195403908648,1.0096241611035013,True,0
measurement_noise_0.850,measurement_noise,61,20,reference_aware,coverage_wait,coverage_wait,True,1.0,1.1,False,False,0.3,0.2,0.7,0.05,0.2,0.22,0.8,0.06,0.42937747228321427,0.007652437269704044,0.003398205057752013,0.8701487042384708,1.001941794018713,True,0
measurement_noise_0.850,measurement_noise,61,20,inferred_failure_aware,coverage_wait,coverage_wait,True,1.0,1.1,False,False,0.3,0.2,0.7,0.05,0.2,0.22,0.8,0.06,0.42937747228321427,0.007652437269704044,0.003398205057752013,0.8701487042384708,1.001941794018713,True,0
measurement_noise_0.850,measurement_noise,62,5,baseline,normal,coverage_wait,False,1.0,1.0,True,True,0.2,0.2,0.8,0.0,0.2,0.22,0.8,0.06,0.36603927335688713,0.00850759094849137,0.002561470161260737,0.8763896130172414,0.8973857827299672,True,0
measurement_noise_0.850,measurement_noise,62,5,reference_aware,coverage_wait,coverage_wait,True,1.0,1.1,False,False,0.2,0.2,0.8,0.0,0.2,0.22,0.8,0.06,0.3662859530355991,0.008413517135496885,0.0025485564997058674,0.8772019943686579,0.8885813999667211,True,0
measurement_noise_0.850,measurement_noise,62,5,inferred_failure_aware,coverage_wait,coverage_wait,True,1.0,1.1,False,False,0.2,0.2,0.8,0.0,0.2,0.22,0.8,0.06,0.3662859530355991,0.008413517135496885,0.0025485564997058674,0.8772019943686579,0.8885813999667211,True,0
measurement_noise_0.850,measurement_noise,62,10,baseline,normal,coverage_wait,False,1.0,1.0,True,True,0.3,0.2,0.7,0.0,0.2,0.22,0.8,0.06,0.36603927335688713,0.00850759094849137,0.002561470161260737,0.8763896130172414,0.8973857827299672,True,0
measurement_noise_0.850,measurement_noise,62,10,reference_aware,coverage_wait,coverage_wait,True,1.0,1.1,False,False,0.3,0.2,0.7,0.0,0.2,0.22,0.8,0.06,0.3662859530355991,0.008413517135496885,0.0025485564997058674,0.8772019943686579,0.8885813999667211,True,0
measurement_noise_0.850,measurement_noise,62,10,inferred_failure_aware,coverage_wait,coverage_wait,True,1.0,1.1,False,False,0.3,0.2,0.7,0.0,0.2,0.22,0.8,0.06,0.3662859530355991,0.008413517135496885,0.0025485564997058674,0.8772019943686579,0.8885813999667211,True,0
measurement_noise_0.850,measurement_noise,62,20,baseline,normal,coverage_wait,False,1.0,1.0,True,True,0.35,0.25,0.65,0.05,0.2,0.22,0.8,0.06,0.36603927335688713,0.00850759094849137,0.002561470161260737,0.8763896130172414,0.8973857827299672,True,0
measurement_noise_0.850,measurement_noise,62,20,reference_aware,coverage_wait,coverage_wait,True,1.0,1.1,False,False,0.35,0.25,0.65,0.05,0.2,0.22,0.8,0.06,0.3662859530355991,0.008413517135496885,0.0025485564997058674,0.8772019943686579,0.8885813999667211,True,0
measurement_noise_0.850,measurement_noise,62,20,inferred_failure_aware,coverage_wait,coverage_wait,True,1.0,1.1,False,False,0.35,0.25,0.65,0.05,0.2,0.22,0.8,0.06,0.3662859530355991,0.008413517135496885,0.0025485564997058674,0.8772019943686579,0.8885813999667211,True,0
measurement_noise_0.850,measurement_noise,63,5,baseline,normal,coverage_wait,False,1.0,1.0,True,True,0.2,0.0,0.8,0.0,0.2,0.22,0.8,0.06,0.546439929566546,0.010807656203256051,0.004771133125553106,0.8913745801667755,1.0141643736957382,True,0
measurement_noise_0.850,measurement_noise,63,5,reference_aware,coverage_wait,coverage_wait,True,1.0,1.1,False,False,0.2,0.0,0.8,0.0,0.2,0.22,0.8,0.06,0.5483597947461992,0.010786105897494078,0.004778437453541895,0.8901302239872806,0.9998007369862285,True,0
measurement_noise_0.850,measurement_noise,63,5,inferred_failure_aware,coverage_wait,coverage_wait,True,1.0,1.1,False,False,0.2,0.0,0.8,0.0,0.2,0.22,0.8,0.06,0.5483597947461992,0.010786105897494078,0.004778437453541895,0.8901302239872806,0.9998007369862285,True,0
measurement_noise_0.850,measurement_noise,63,10,baseline,normal,coverage_wait,False,1.0,1.0,True,True,0.2,0.0,0.8,0.0,0.2,0.22,0.8,0.06,0.546439929566546,0.010807656203256051,0.004771133125553106,0.8913745801667755,1.0141643736957382,True,0
measurement_noise_0.850,measurement_noise,63,10,reference_aware,coverage_wait,coverage_wait,True,1.0,1.1,False,False,0.2,0.0,0.8,0.0,0.2,0.22,0.8,0.06,0.5483597947461992,0.010786105897494078,0.004778437453541895,0.8901302239872806,0.9998007369862285,True,0
measurement_noise_0.850,measurement_noise,63,10,inferred_failure_aware,coverage_wait,coverage_wait,True,1.0,1.1,False,False,0.2,0.0,0.8,0.0,0.2,0.22,0.8,0.06,0.5483597947461992,0.010786105897494078,0.004778437453541895,0.8901302239872806,0.9998007369862285,True,0
measurement_noise_0.850,measurement_noise,63,20,baseline,normal,coverage_wait,False,1.0,1.0,True,True,0.15,0.1,0.85,0.0,0.2,0.22,0.8,0.06,0.546439929566546,0.010807656203256051,0.004771133125553106,0.8913745801667755,1.0141643736957382,True,0
measurement_noise_0.850,measurement_noise,63,20,reference_aware,coverage_wait,coverage_wait,True,1.0,1.1,False,False,0.15,0.1,0.85,0.0,0.2,0.22,0.8,0.06,0.5483597947461992,0.010786105897494078,0.004778437453541895,0.8901302239872806,0.9998007369862285,True,0
measurement_noise_0.850,measurement_noise,63,20,inferred_failure_aware,coverage_wait,coverage_wait,True,1.0,1.1,False,False,0.15,0.1,0.85,0.0,0.2,0.22,0.8,0.06,0.5483597947461992,0.010786105897494078,0.004778437453541895,0.8901302239872806,0.9998007369862285,True,0
measurement_noise_0.850,measurement_noise,64,5,baseline,normal,coverage_wait,False,1.0,1.0,True,True,0.0,0.0,1.0,0.0,0.2,0.22,0.8,0.06,0.3296084941014098,0.008135180979333115,0.012560428811638213,0.8426192513257365,0.8815144745265828,True,0
measurement_noise_0.850,measurement_noise,64,5,reference_aware,coverage_wait,coverage_wait,True,1.0,1.1,False,False,0.0,0.0,1.0,0.0,0.2,0.22,0.8,0.06,0.33038432216191277,0.008096091301245383,0.012420077834937815,0.8414504128636945,0.8755224562480627,True,0
measurement_noise_0.850,measurement_noise,64,5,inferred_failure_aware,coverage_wait,coverage_wait,True,1.0,1.1,False,False,0.0,0.0,1.0,0.0,0.2,0.22,0.8,0.06,0.33038432216191277,0.008096091301245383,0.012420077834937815,0.8414504128636945,0.8755224562480627,True,0
measurement_noise_0.850,measurement_noise,64,10,baseline,normal,coverage_wait,False,1.0,1.0,True,True,0.0,0.2,1.0,0.0,0.2,0.22,0.8,0.06,0.3296084941014098,0.008135180979333115,0.012560428811638213,0.8426192513257365,0.8815144745265828,True,0
measurement_noise_0.850,measurement_noise,64,10,reference_aware,coverage_wait,coverage_wait,True,1.0,1.1,False,False,0.0,0.2,1.0,0.0,0.2,0.22,0.8,0.06,0.33038432216191277,0.008096091301245383,0.012420077834937815,0.8414504128636945,0.8755224562480627,True,0
measurement_noise_0.850,measurement_noise,64,10,inferred_failure_aware,coverage_wait,coverage_wait,True,1.0,1.1,False,False,0.0,0.2,1.0,0.0,0.2,0.22,0.8,0.06,0.33038432216191277,0.008096091301245383,0.012420077834937815,0.8414504128636945,0.8755224562480627,True,0
measurement_noise_0.850,measurement_noise,64,20,baseline,normal,coverage_wait,False,1.0,1.0,True,True,0.15,0.2,0.85,0.05,0.2,0.22,0.8,0.06,0.3296084941014098,0.008135180979333115,0.012560428811638213,0.8426192513257365,0.8815144745265828,True,0
measurement_noise_0.850,measurement_noise,64,20,reference_aware,coverage_wait,coverage_wait,True,1.0,1.1,False,False,0.15,0.2,0.85,0.05,0.2,0.22,0.8,0.06,0.33038432216191277,0.008096091301245383,0.012420077834937815,0.8414504128636945,0.8755224562480627,True,0
measurement_noise_0.850,measurement_noise,64,20,inferred_failure_aware,coverage_wait,coverage_wait,True,1.0,1.1,False,False,0.15,0.2,0.85,0.05,0.2,0.22,0.8,0.06,0.33038432216191277,0.008096091301245383,0.012420077834937815,0.8414504128636945,0.8755224562480627,True,0
measurement_noise_0.850,measurement_noise,65,5,baseline,normal,coverage_wait,False,1.0,1.0,True,True,0.4,0.2,0.6,0.0,0.2,0.22,0.8,0.06,0.4113992813507396,0.009196170755596658,0.010112248737253249,0.9401594639941124,1.1786900874073771,True,0
measurement_noise_0.850,measurement_noise,65,5,reference_aware,coverage_wait,coverage_wait,True,1.0,1.1,False,False,0.4,0.2,0.6,0.0,0.2,0.22,0.8,0.06,0.41171876620102893,0.009149905501654261,0.010313572452052222,0.9390126882651851,1.1688068011232817,True,0
measurement_noise_0.850,measurement_noise,65,5,inferred_failure_aware,coverage_wait,coverage_wait,True,1.0,1.1,False,False,0.4,0.2,0.6,0.0,0.2,0.22,0.8,0.06,0.41171876620102893,0.009149905501654261,0.010313572452052222,0.9390126882651851,1.1688068011232817,True,0
measurement_noise_0.850,measurement_noise,65,10,baseline,normal,coverage_wait,False,1.0,1.0,True,True,0.4,0.1,0.6,0.0,0.2,0.22,0.8,0.06,0.4113992813507396,0.009196170755596658,0.010112248737253249,0.9401594639941124,1.1786900874073771,True,0
measurement_noise_0.850,measurement_noise,65,10,reference_aware,coverage_wait,coverage_wait,True,1.0,1.1,False,False,0.4,0.1,0.6,0.0,0.2,0.22,0.8,0.06,0.41171876620102893,0.009149905501654261,0.010313572452052222,0.9390126882651851,1.1688068011232817,True,0
measurement_noise_0.850,measurement_noise,65,10,inferred_failure_aware,coverage_wait,coverage_wait,True,1.0,1.1,False,False,0.4,0.1,0.6,0.0,0.2,0.22,0.8,0.06,0.41171876620102893,0.009149905501654261,0.010313572452052222,0.9390126882651851,1.1688068011232817,True,0
measurement_noise_0.850,measurement_noise,65,20,baseline,normal,coverage_wait,False,1.0,1.0,True,True,0.25,0.15,0.75,0.0,0.2,0.22,0.8,0.06,0.4113992813507396,0.009196170755596658,0.010112248737253249,0.9401594639941124,1.1786900874073771,True,0
measurement_noise_0.850,measurement_noise,65,20,reference_aware,coverage_wait,coverage_wait,True,1.0,1.1,False,False,0.25,0.15,0.75,0.0,0.2,0.22,0.8,0.06,0.41171876620102893,0.009149905501654261,0.010313572452052222,0.9390126882651851,1.1688068011232817,True,0
measurement_noise_0.850,measurement_noise,65,20,inferred_failure_aware,coverage_wait,coverage_wait,True,1.0,1.1,False,False,0.25,0.15,0.75,0.0,0.2,0.22,0.8,0.06,0.41171876620102893,0.009149905501654261,0.010313572452052222,0.9390126882651851,1.1688068011232817,True,0
measurement_noise_0.850,measurement_noise,66,5,baseline,normal,coverage_wait,False,1.0,1.0,True,True,0.2,0.0,0.8,0.0,0.2,0.22,0.8,0.06,0.2949503018720049,0.007617432459912097,0.0005911336854347304,0.816980998949781,0.9159714670045482,True,0
measurement_noise_0.850,measurement_noise,66,5,reference_aware,coverage_wait,coverage_wait,True,1.0,1.1,False,False,0.2,0.0,0.8,0.0,0.2,0.22,0.8,0.06,0.298992326213528,0.007634866844158415,0.0005336464164875654,0.8173231457490939,0.9117114391481141,True,0
measurement_noise_0.850,measurement_noise,66,5,inferred_failure_aware,coverage_wait,coverage_wait,True,1.0,1.1,False,False,0.2,0.0,0.8,0.0,0.2,0.22,0.8,0.06,0.298992326213528,0.007634866844158415,0.0005336464164875654,0.8173231457490939,0.9117114391481141,True,0
measurement_noise_0.850,measurement_noise,66,10,baseline,normal,coverage_wait,False,1.0,1.0,True,True,0.1,0.2,0.9,0.1,0.2,0.22,0.8,0.06,0.2949503018720049,0.007617432459912097,0.0005911336854347304,0.816980998949781,0.9159714670045482,True,0
measurement_noise_0.850,measurement_noise,66,10,reference_aware,coverage_wait,coverage_wait,True,1.0,1.1,False,False,0.1,0.2,0.9,0.1,0.2,0.22,0.8,0.06,0.298992326213528,0.007634866844158415,0.0005336464164875654,0.8173231457490939,0.9117114391481141,True,0
measurement_noise_0.850,measurement_noise,66,10,inferred_failure_aware,coverage_wait,coverage_wait,True,1.0,1.1,False,False,0.1,0.2,0.9,0.1,0.2,0.22,0.8,0.06,0.298992326213528,0.007634866844158415,0.0005336464164875654,0.8173231457490939,0.9117114391481141,True,0
measurement_noise_0.850,measurement_noise,66,20,baseline,normal,coverage_wait,False,1.0,1.0,True,True,0.2,0.2,0.8,0.05,0.2,0.22,0.8,0.06,0.2949503018720049,0.007617432459912097,0.0005911336854347304,0.816980998949781,0.9159714670045482,True,0
measurement_noise_0.850,measurement_noise,66,20,reference_aware,coverage_wait,coverage_wait,True,1.0,1.1,False,False,0.2,0.2,0.8,0.05,0.2,0.22,0.8,0.06,0.298992326213528,0.007634866844158415,0.0005336464164875654,0.8173231457490939,0.9117114391481141,True,0
measurement_noise_0.850,measurement_noise,66,20,inferred_failure_aware,coverage_wait,coverage_wait,True,1.0,1.1,False,False,0.2,0.2,0.8,0.05,0.2,0.22,0.8,0.06,0.298992326213528,0.007634866844158415,0.0005336464164875654,0.8173231457490939,0.9117114391481141,True,0
measurement_noise_0.850,measurement_noise,67,5,baseline,normal,coverage_wait,False,1.0,1.0,True,True,0.0,0.4,1.0,0.0,0.2,0.22,0.8,0.06,0.5115428155291485,0.010338585394293344,0.02149297228657454,0.8660804735542029,1.2992702489706929,True,0
measurement_noise_0.850,measurement_noise,67,5,reference_aware,coverage_wait,coverage_wait,True,1.0,1.1,False,False,0.0,0.4,1.0,0.0,0.2,0.22,0.8,0.06,0.5134830170196144,0.010245897323111186,0.02135248929453082,0.8647872435738245,1.2865890321264646,True,0
measurement_noise_0.850,measurement_noise,67,5,inferred_failure_aware,coverage_wait,coverage_wait,True,1.0,1.1,False,False,0.0,0.4,1.0,0.0,0.2,0.22,0.8,0.06,0.5134830170196144,0.010245897323111186,0.02135248929453082,0.8647872435738245,1.2865890321264646,True,0
measurement_noise_0.850,measurement_noise,67,10,baseline,normal,coverage_wait,False,1.0,1.0,True,True,0.2,0.2,0.8,0.1,0.2,0.22,0.8,0.06,0.5115428155291485,0.010338585394293344,0.02149297228657454,0.8660804735542029,1.2992702489706929,True,0
measurement_noise_0.850,measurement_noise,67,10,reference_aware,coverage_wait,coverage_wait,True,1.0,1.1,False,False,0.2,0.2,0.8,0.1,0.2,0.22,0.8,0.06,0.5134830170196144,0.010245897323111186,0.02135248929453082,0.8647872435738245,1.2865890321264646,True,0
measurement_noise_0.850,measurement_noise,67,10,inferred_failure_aware,coverage_wait,coverage_wait,True,1.0,1.1,False,False,0.2,0.2,0.8,0.1,0.2,0.22,0.8,0.06,0.5134830170196144,0.010245897323111186,0.02135248929453082,0.8647872435738245,1.2865890321264646,True,0
measurement_noise_0.850,measurement_noise,67,20,baseline,normal,coverage_wait,False,1.0,1.0,True,True,0.2,0.2,0.8,0.05,0.2,0.22,0.8,0.06,0.5115428155291485,0.010338585394293344,0.02149297228657454,0.8660804735542029,1.2992702489706929,True,0
measurement_noise_0.850,measurement_noise,67,20,reference_aware,coverage_wait,coverage_wait,True,1.0,1.1,False,False,0.2,0.2,0.8,0.05,0.2,0.22,0.8,0.06,0.5134830170196144,0.010245897323111186,0.02135248929453082,0.8647872435738245,1.2865890321264646,True,0
measurement_noise_0.850,measurement_noise,67,20,inferred_failure_aware,coverage_wait,coverage_wait,True,1.0,1.1,False,False,0.2,0.2,0.8,0.05,0.2,0.22,0.8,0.06,0.5134830170196144,0.010245897323111186,0.02135248929453082,0.8647872435738245,1.2865890321264646,True,0
measurement_noise_0.850,measurement_noise,68,5,baseline,normal,coverage_wait,False,1.0,1.0,True,True,0.0,0.4,1.0,0.0,0.2,0.22,0.8,0.06,0.23935184563621217,0.005729546941754492,0.009398416548255129,0.8638701575250161,0.7540579417693031,True,0
measurement_noise_0.850,measurement_noise,68,5,reference_aware,coverage_wait,coverage_wait,True,1.0,1.1,False,False,0.0,0.4,1.0,0.0,0.2,0.22,0.8,0.06,0.24139537516619142,0.005691199431594613,0.009200389949910348,0.8627327421287212,0.7505720214150502,True,0
measurement_noise_0.850,measurement_noise,68,5,inferred_failure_aware,coverage_wait,coverage_wait,True,1.0,1.1,False,False,0.0,0.4,1.0,0.0,0.2,0.22,0.8,0.06,0.24139537516619142,0.005691199431594613,0.009200389949910348,0.8627327421287212,0.7505720214150502,True,0
measurement_noise_0.850,measurement_noise,68,10,baseline,normal,coverage_wait,False,1.0,1.0,True,True,0.3,0.4,0.7,0.0,0.2,0.22,0.8,0.06,0.23935184563621217,0.005729546941754492,0.009398416548255129,0.8638701575250161,0.7540579417693031,True,0
measurement_noise_0.850,measurement_noise,68,10,reference_aware,coverage_wait,coverage_wait,True,1.0,1.1,False,False,0.3,0.4,0.7,0.0,0.2,0.22,0.8,0.06,0.24139537516619142,0.005691199431594613,0.009200389949910348,0.8627327421287212,0.7505720214150502,True,0
measurement_noise_0.850,measurement_noise,68,10,inferred_failure_aware,coverage_wait,coverage_wait,True,1.0,1.1,False,False,0.3,0.4,0.7,0.0,0.2,0.22,0.8,0.06,0.24139537516619142,0.005691199431594613,0.009200389949910348,0.8627327421287212,0.7505720214150502,True,0
measurement_noise_0.850,measurement_noise,68,20,baseline,normal,coverage_wait,False,1.0,1.0,True,True,0.2,0.2,0.8,0.05,0.2,0.22,0.8,0.06,0.23935184563621217,0.005729546941754492,0.009398416548255129,0.8638701575250161,0.7540579417693031,True,0
measurement_noise_0.850,measurement_noise,68,20,reference_aware,coverage_wait,coverage_wait,True,1.0,1.1,False,False,0.2,0.2,0.8,0.05,0.2,0.22,0.8,0.06,0.24139537516619142,0.005691199431594613,0.009200389949910348,0.8627327421287212,0.7505720214150502,True,0
measurement_noise_0.850,measurement_noise,68,20,inferred_failure_aware,coverage_wait,coverage_wait,True,1.0,1.1,False,False,0.2,0.2,0.8,0.05,0.2,0.22,0.8,0.06,0.24139537516619142,0.005691199431594613,0.009200389949910348,0.8627327421287212,0.7505720214150502,True,0
measurement_noise_0.850,measurement_noise,69,5,baseline,normal,coverage_wait,False,1.0,1.0,True,True,0.0,0.6,1.0,0.2,0.2,0.22,0.8,0.06,0.33794137032892696,0.006714199467669178,0.013629525238018081,0.8859220153410229,1.2460912440842637,True,0
measurement_noise_0.850,measurement_noise,69,5,reference_aware,coverage_wait,coverage_wait,True,1.0,1.1,False,False,0.0,0.6,1.0,0.2,0.2,0.22,0.8,0.06,0.3415290513302978,0.00669732328274412,0.013360158950717071,0.8846786553921436,1.2353980634056936,True,0
measurement_noise_0.850,measurement_noise,69,5,inferred_failure_aware,coverage_wait,coverage_wait,True,1.0,1.1,False,False,0.0,0.6,1.0,0.2,0.2,0.22,0.8,0.06,0.3415290513302978,0.00669732328274412,0.013360158950717071,0.8846786553921436,1.2353980634056936,True,0
measurement_noise_0.850,measurement_noise,69,10,baseline,normal,coverage_wait,False,1.0,1.0,True,True,0.2,0.4,0.8,0.2,0.2,0.22,0.8,0.06,0.33794137032892696,0.006714199467669178,0.013629525238018081,0.8859220153410229,1.2460912440842637,True,0
measurement_noise_0.850,measurement_noise,69,10,reference_aware,coverage_wait,coverage_wait,True,1.0,1.1,False,False,0.2,0.4,0.8,0.2,0.2,0.22,0.8,0.06,0.3415290513302978,0.00669732328274412,0.013360158950717071,0.8846786553921436,1.2353980634056936,True,0
measurement_noise_0.850,measurement_noise,69,10,inferred_failure_aware,coverage_wait,coverage_wait,True,1.0,1.1,False,False,0.2,0.4,0.8,0.2,0.2,0.22,0.8,0.06,0.3415290513302978,0.00669732328274412,0.013360158950717071,0.8846786553921436,1.2353980634056936,True,0
measurement_noise_0.850,measurement_noise,69,20,baseline,normal,coverage_wait,False,1.0,1.0,True,True,0.35,0.35,0.65,0.1,0.2,0.22,0.8,0.06,0.33794137032892696,0.006714199467669178,0.013629525238018081,0.8859220153410229,1.2460912440842637,True,0
measurement_noise_0.850,measurement_noise,69,20,reference_aware,coverage_wait,coverage_wait,True,1.0,1.1,False,False,0.35,0.35,0.65,0.1,0.2,0.22,0.8,0.06,0.3415290513302978,0.00669732328274412,0.013360158950717071,0.8846786553921436,1.2353980634056936,True,0
measurement_noise_0.850,measurement_noise,69,20,inferred_failure_aware,coverage_wait,coverage_wait,True,1.0,1.1,False,False,0.35,0.35,0.65,0.1,0.2,0.22,0.8,0.06,0.3415290513302978,0.00669732328274412,0.013360158950717071,0.8846786553921436,1.2353980634056936,True,0
measurement_noise_0.850,measurement_noise,70,5,baseline,normal,coverage_wait,False,1.0,1.0,True,True,0.2,0.2,0.8,0.0,0.2,0.22,0.8,0.06,0.3295040607585979,0.00889081534348036,0.026507549852026524,0.8079665032776775,0.8905486715655662,True,0
measurement_noise_0.850,measurement_noise,70,5,reference_aware,coverage_wait,coverage_wait,True,1.0,1.1,False,False,0.2,0.2,0.8,0.0,0.2,0.22,0.8,0.06,0.329520551315681,0.00881527141344481,0.026398474675015215,0.806599348681638,0.8814745633125034,True,0
measurement_noise_0.850,measurement_noise,70,5,inferred_failure_aware,coverage_wait,coverage_wait,True,1.0,1.1,False,False,0.2,0.2,0.8,0.0,0.2,0.22,0.8,0.06,0.329520551315681,0.00881527141344481,0.026398474675015215,0.806599348681638,0.8814745633125034,True,0
measurement_noise_0.850,measurement_noise,70,10,baseline,normal,coverage_wait,False,1.0,1.0,True,True,0.3,0.3,0.7,0.0,0.2,0.22,0.8,0.06,0.3295040607585979,0.00889081534348036,0.026507549852026524,0.8079665032776775,0.8905486715655662,True,0
measurement_noise_0.850,measurement_noise,70,10,reference_aware,coverage_wait,coverage_wait,True,1.0,1.1,False,False,0.3,0.3,0.7,0.0,0.2,0.22,0.8,0.06,0.329520551315681,0.00881527141344481,0.026398474675015215,0.806599348681638,0.8814745633125034,True,0
measurement_noise_0.850,measurement_noise,70,10,inferred_failure_aware,coverage_wait,coverage_wait,True,1.0,1.1,False,False,0.3,0.3,0.7,0.0,0.2,0.22,0.8,0.06,0.329520551315681,0.00881527141344481,0.026398474675015215,0.806599348681638,0.8814745633125034,True,0
measurement_noise_0.850,measurement_noise,70,20,baseline,normal,coverage_wait,False,1.0,1.0,True,True,0.2,0.2,0.8,0.0,0.2,0.22,0.8,0.06,0.3295040607585979,0.00889081534348036,0.026507549852026524,0.8079665032776775,0.8905486715655662,True,0
measurement_noise_0.850,measurement_noise,70,20,reference_aware,coverage_wait,coverage_wait,True,1.0,1.1,False,False,0.2,0.2,0.8,0.0,0.2,0.22,0.8,0.06,0.329520551315681,0.00881527141344481,0.026398474675015215,0.806599348681638,0.8814745633125034,True,0
measurement_noise_0.850,measurement_noise,70,20,inferred_failure_aware,coverage_wait,coverage_wait,True,1.0,1.1,False,False,0.2,0.2,0.8,0.0,0.2,0.22,0.8,0.06,0.329520551315681,0.00881527141344481,0.026398474675015215,0.806599348681638,0.8814745633125034,True,0
measurement_noise_0.850,measurement_noise,71,5,baseline,normal,coverage_wait,False,1.0,1.0,True,True,0.2,0.4,0.8,0.0,0.2,0.22,0.8,0.06,0.40759860967465067,0.00811044896379103,0.0067046944829182165,0.8053892576903219,0.9590951362006416,True,0
measurement_noise_0.850,measurement_noise,71,5,reference_aware,coverage_wait,coverage_wait,True,1.0,1.1,False,False,0.2,0.4,0.8,0.0,0.2,0.22,0.8,0.06,0.40852303637040516,0.008099359173571045,0.0066930791323477346,0.8056291616286981,0.9540901806081121,True,0
measurement_noise_0.850,measurement_noise,71,5,inferred_failure_aware,coverage_wait,coverage_wait,True,1.0,1.1,False,False,0.2,0.4,0.8,0.0,0.2,0.22,0.8,0.06,0.40852303637040516,0.008099359173571045,0.0066930791323477346,0.8056291616286981,0.9540901806081121,True,0
measurement_noise_0.850,measurement_noise,71,10,baseline,normal,coverage_wait,False,1.0,1.0,True,True,0.2,0.3,0.8,0.0,0.2,0.22,0.8,0.06,0.40759860967465067,0.00811044896379103,0.0067046944829182165,0.8053892576903219,0.9590951362006416,True,0
measurement_noise_0.850,measurement_noise,71,10,reference_aware,coverage_wait,coverage_wait,True,1.0,1.1,False,False,0.2,0.3,0.8,0.0,0.2,0.22,0.8,0.06,0.40852303637040516,0.008099359173571045,0.0066930791323477346,0.8056291616286981,0.9540901806081121,True,0
measurement_noise_0.850,measurement_noise,71,10,inferred_failure_aware,coverage_wait,coverage_wait,True,1.0,1.1,False,False,0.2,0.3,0.8,0.0,0.2,0.22,0.8,0.06,0.40852303637040516,0.008099359173571045,0.0066930791323477346,0.8056291616286981,0.9540901806081121,True,0
measurement_noise_0.850,measurement_noise,71,20,baseline,normal,coverage_wait,False,1.0,1.0,True,True,0.25,0.25,0.75,0.0,0.2,0.22,0.8,0.06,0.40759860967465067,0.00811044896379103,0.0067046944829182165,0.8053892576903219,0.9590951362006416,True,0
measurement_noise_0.850,measurement_noise,71,20,reference_aware,coverage_wait,coverage_wait,True,1.0,1.1,False,False,0.25,0.25,0.75,0.0,0.2,0.22,0.8,0.06,0.40852303637040516,0.008099359173571045,0.0066930791323477346,0.8056291616286981,0.9540901806081121,True,0
measurement_noise_0.850,measurement_noise,71,20,inferred_failure_aware,coverage_wait,coverage_wait,True,1.0,1.1,False,False,0.25,0.25,0.75,0.0,0.2,0.22,0.8,0.06,0.40852303637040516,0.008099359173571045,0.0066930791323477346,0.8056291616286981,0.9540901806081121,True,0
measurement_noise_0.850,measurement_noise,72,5,baseline,normal,coverage_wait,False,1.0,1.0,True,True,0.2,0.0,0.8,0.0,0.2,0.22,0.8,0.06,0.38651410797381575,0.008368544213131312,0.0028189533411659973,0.8521457661767787,1.0472479684251532,True,0
measurement_noise_0.850,measurement_noise,72,5,reference_aware,coverage_wait,coverage_wait,True,1.0,1.1,False,False,0.2,0.0,0.8,0.0,0.2,0.22,0.8,0.06,0.38855317485167584,0.008297930703945047,0.0027363152368097277,0.8511165182737881,1.0380707570341456,True,0
measurement_noise_0.850,measurement_noise,72,5,inferred_failure_aware,coverage_wait,coverage_wait,True,1.0,1.1,False,False,0.2,0.0,0.8,0.0,0.2,0.22,0.8,0.06,0.38855317485167584,0.008297930703945047,0.0027363152368097277,0.8511165182737881,1.0380707570341456,True,0
measurement_noise_0.850,measurement_noise,72,10,baseline,normal,coverage_wait,False,1.0,1.0,True,True,0.2,0.1,0.8,0.0,0.2,0.22,0.8,0.06,0.38651410797381575,0.008368544213131312,0.0028189533411659973,0.8521457661767787,1.0472479684251532,True,0
measurement_noise_0.850,measurement_noise,72,10,reference_aware,coverage_wait,coverage_wait,True,1.0,1.1,False,False,0.2,0.1,0.8,0.0,0.2,0.22,0.8,0.06,0.38855317485167584,0.008297930703945047,0.0027363152368097277,0.8511165182737881,1.0380707570341456,True,0
measurement_noise_0.850,measurement_noise,72,10,inferred_failure_aware,coverage_wait,coverage_wait,True,1.0,1.1,False,False,0.2,0.1,0.8,0.0,0.2,0.22,0.8,0.06,0.38855317485167584,0.008297930703945047,0.0027363152368097277,0.8511165182737881,1.0380707570341456,True,0
measurement_noise_0.850,measurement_noise,72,20,baseline,normal,coverage_wait,False,1.0,1.0,True,True,0.2,0.1,0.8,0.05,0.2,0.22,0.8,0.06,0.38651410797381575,0.008368544213131312,0.0028189533411659973,0.8521457661767787,1.0472479684251532,True,0
measurement_noise_0.850,measurement_noise,72,20,reference_aware,coverage_wait,coverage_wait,True,1.0,1.1,False,False,0.2,0.1,0.8,0.05,0.2,0.22,0.8,0.06,0.38855317485167584,0.008297930703945047,0.0027363152368097277,0.8511165182737881,1.0380707570341456,True,0
measurement_noise_0.850,measurement_noise,72,20,inferred_failure_aware,coverage_wait,coverage_wait,True,1.0,1.1,False,False,0.2,0.1,0.8,0.05,0.2,0.22,0.8,0.06,0.38855317485167584,0.008297930703945047,0.0027363152368097277,0.8511165182737881,1.0380707570341456,True,0
measurement_noise_0.850,measurement_noise,73,5,baseline,normal,coverage_wait,False,1.0,1.0,True,True,0.0,0.4,1.0,0.2,0.2,0.22,0.8,0.06,0.7381901251887746,0.012311265005622336,0.0022698571889987473,0.847082746227738,0.9242505290633986,True,0
measurement_noise_0.850,measurement_noise,73,5,reference_aware,coverage_wait,coverage_wait,True,1.0,1.1,False,False,0.0,0.4,1.0,0.2,0.2,0.22,0.8,0.06,0.7349827104625181,0.012133802575966818,0.0020329680386709237,0.845217988429362,0.9115167285246262,True,0
measurement_noise_0.850,measurement_noise,73,5,inferred_failure_aware,coverage_wait,coverage_wait,True,1.0,1.1,False,False,0.0,0.4,1.0,0.2,0.2,0.22,0.8,0.06,0.7349827104625181,0.012133802575966818,0.0020329680386709237,0.845217988429362,0.9115167285246262,True,0
measurement_noise_0.850,measurement_noise,73,10,baseline,normal,coverage_wait,False,1.0,1.0,True,True,0.1,0.4,0.9,0.1,0.2,0.22,0.8,0.06,0.7381901251887746,0.012311265005622336,0.0022698571889987473,0.847082746227738,0.9242505290633986,True,0
measurement_noise_0.850,measurement_noise,73,10,reference_aware,coverage_wait,coverage_wait,True,1.0,1.1,False,False,0.1,0.4,0.9,0.1,0.2,0.22,0.8,0.06,0.7349827104625181,0.012133802575966818,0.0020329680386709237,0.845217988429362,0.9115167285246262,True,0
measurement_noise_0.850,measurement_noise,73,10,inferred_failure_aware,coverage_wait,coverage_wait,True,1.0,1.1,False,False,0.1,0.4,0.9,0.1,0.2,0.22,0.8,0.06,0.7349827104625181,0.012133802575966818,0.0020329680386709237,0.845217988429362,0.9115167285246262,True,0
measurement_noise_0.850,measurement_noise,73,20,baseline,normal,coverage_wait,False,1.0,1.0,True,True,0.25,0.3,0.75,0.05,0.2,0.22,0.8,0.06,0.7381901251887746,0.012311265005622336,0.0022698571889987473,0.847082746227738,0.9242505290633986,True,0
measurement_noise_0.850,measurement_noise,73,20,reference_aware,coverage_wait,coverage_wait,True,1.0,1.1,False,False,0.25,0.3,0.75,0.05,0.2,0.22,0.8,0.06,0.7349827104625181,0.012133802575966818,0.0020329680386709237,0.845217988429362,0.9115167285246262,True,0
measurement_noise_0.850,measurement_noise,73,20,inferred_failure_aware,coverage_wait,coverage_wait,True,1.0,1.1,False,False,0.25,0.3,0.75,0.05,0.2,0.22,0.8,0.06,0.7349827104625181,0.012133802575966818,0.0020329680386709237,0.845217988429362,0.9115167285246262,True,0
measurement_noise_0.850,measurement_noise,74,5,baseline,normal,coverage_wait,False,1.0,1.0,True,True,0.2,0.2,0.8,0.0,0.2,0.22,0.8,0.06,0.538787638288851,0.009703239837037934,0.008948616414447663,0.8902802583300555,1.257428460331629,True,0
measurement_noise_0.850,measurement_noise,74,5,reference_aware,coverage_wait,coverage_wait,True,1.0,1.1,False,False,0.2,0.2,0.8,0.0,0.2,0.22,0.8,0.06,0.5394526481951175,0.009654900186602847,0.009156175567474722,0.889319718785323,1.2459577851181622,True,0
measurement_noise_0.850,measurement_noise,74,5,inferred_failure_aware,coverage_wait,coverage_wait,True,1.0,1.1,False,False,0.2,0.2,0.8,0.0,0.2,0.22,0.8,0.06,0.5394526481951175,0.009654900186602847,0.009156175567474722,0.889319718785323,1.2459577851181622,True,0
measurement_noise_0.850,measurement_noise,74,10,baseline,normal,coverage_wait,False,1.0,1.0,True,True,0.2,0.3,0.8,0.0,0.2,0.22,0.8,0.06,0.538787638288851,0.009703239837037934,0.008948616414447663,0.8902802583300555,1.257428460331629,True,0
measurement_noise_0.850,measurement_noise,74,10,reference_aware,coverage_wait,coverage_wait,True,1.0,1.1,False,False,0.2,0.3,0.8,0.0,0.2,0.22,0.8,0.06,0.5394526481951175,0.009654900186602847,0.009156175567474722,0.889319718785323,1.2459577851181622,True,0
measurement_noise_0.850,measurement_noise,74,10,inferred_failure_aware,coverage_wait,coverage_wait,True,1.0,1.1,False,False,0.2,0.3,0.8,0.0,0.2,0.22,0.8,0.06,0.5394526481951175,0.009654900186602847,0.009156175567474722,0.889319718785323,1.2459577851181622,True,0
measurement_noise_0.850,measurement_noise,74,20,baseline,normal,coverage_wait,False,1.0,1.0,True,True,0.1,0.35,0.9,0.05,0.2,0.22,0.8,0.06,0.538787638288851,0.009703239837037934,0.008948616414447663,0.8902802583300555,1.257428460331629,True,0
measurement_noise_0.850,measurement_noise,74,20,reference_aware,coverage_wait,coverage_wait,True,1.0,1.1,False,False,0.1,0.35,0.9,0.05,0.2,0.22,0.8,0.06,0.5394526481951175,0.009654900186602847,0.009156175567474722,0.889319718785323,1.2459577851181622,True,0
measurement_noise_0.850,measurement_noise,74,20,inferred_failure_aware,coverage_wait,coverage_wait,True,1.0,1.1,False,False,0.1,0.35,0.9,0.05,0.2,0.22,0.8,0.06,0.5394526481951175,0.009654900186602847,0.009156175567474722,0.889319718785323,1.2459577851181622,True,0
measurement_noise_0.850,measurement_noise,75,5,baseline,normal,coverage_wait,False,1.0,1.0,True,True,0.2,0.0,0.8,0.0,0.2,0.22,0.8,0.06,0.4313740395053467,0.007721241119564168,0.008219489261034107,0.8458593049269036,1.1619037326737327,True,0
measurement_noise_0.850,measurement_noise,75,5,reference_aware,coverage_wait,coverage_wait,True,1.0,1.1,False,False,0.2,0.0,0.8,0.0,0.2,0.22,0.8,0.06,0.43507954598222215,0.00771970413641627,0.007997768037091624,0.8448822538513221,1.1536726404809987,True,0
measurement_noise_0.850,measurement_noise,75,5,inferred_failure_aware,coverage_wait,coverage_wait,True,1.0,1.1,False,False,0.2,0.0,0.8,0.0,0.2,0.22,0.8,0.06,0.43507954598222215,0.00771970413641627,0.007997768037091624,0.8448822538513221,1.1536726404809987,True,0
measurement_noise_0.850,measurement_noise,75,10,baseline,normal,coverage_wait,False,1.0,1.0,True,True,0.2,0.1,0.8,0.0,0.2,0.22,0.8,0.06,0.4313740395053467,0.007721241119564168,0.008219489261034107,0.8458593049269036,1.1619037326737327,True,0
measurement_noise_0.850,measurement_noise,75,10,reference_aware,coverage_wait,coverage_wait,True,1.0,1.1,False,False,0.2,0.1,0.8,0.0,0.2,0.22,0.8,0.06,0.43507954598222215,0.00771970413641627,0.007997768037091624,0.8448822538513221,1.1536726404809987,True,0
measurement_noise_0.850,measurement_noise,75,10,inferred_failure_aware,coverage_wait,coverage_wait,True,1.0,1.1,False,False,0.2,0.1,0.8,0.0,0.2,0.22,0.8,0.06,0.43507954598222215,0.00771970413641627,0.007997768037091624,0.8448822538513221,1.1536726404809987,True,0
measurement_noise_0.850,measurement_noise,75,20,baseline,normal,coverage_wait,False,1.0,1.0,True,True,0.15,0.15,0.85,0.0,0.2,0.22,0.8,0.06,0.4313740395053467,0.007721241119564168,0.008219489261034107,0.8458593049269036,1.1619037326737327,True,0
measurement_noise_0.850,measurement_noise,75,20,reference_aware,coverage_wait,coverage_wait,True,1.0,1.1,False,False,0.15,0.15,0.85,0.0,0.2,0.22,0.8,0.06,0.43507954598222215,0.00771970413641627,0.007997768037091624,0.8448822538513221,1.1536726404809987,True,0
measurement_noise_0.850,measurement_noise,75,20,inferred_failure_aware,coverage_wait,coverage_wait,True,1.0,1.1,False,False,0.15,0.15,0.85,0.0,0.2,0.22,0.8,0.06,0.43507954598222215,0.00771970413641627,0.007997768037091624,0.8448822538513221,1.1536726404809987,True,0
measurement_noise_0.850,measurement_noise,76,5,baseline,normal,coverage_wait,False,1.0,1.0,True,True,0.2,0.0,0.8,0.0,0.2,0.22,0.8,0.06,0.579672814968278,0.011173094387113197,0.011010625565784249,0.8453786396319449,0.8260920031325277,True,0
measurement_noise_0.850,measurement_noise,76,5,reference_aware,coverage_wait,coverage_wait,True,1.0,1.1,False,False,0.2,0.0,0.8,0.0,0.2,0.22,0.8,0.06,0.5769755876878846,0.011044938554128669,0.010805492217933477,0.8445553167467404,0.8171720407978976,True,0
measurement_noise_0.850,measurement_noise,76,5,inferred_failure_aware,coverage_wait,coverage_wait,True,1.0,1.1,False,False,0.2,0.0,0.8,0.0,0.2,0.22,0.8,0.06,0.5769755876878846,0.011044938554128669,0.010805492217933477,0.8445553167467404,0.8171720407978976,True,0
measurement_noise_0.850,measurement_noise,76,10,baseline,normal,coverage_wait,False,1.0,1.0,True,True,0.1,0.1,0.9,0.0,0.2,0.22,0.8,0.06,0.579672814968278,0.011173094387113197,0.011010625565784249,0.8453786396319449,0.8260920031325277,True,0
measurement_noise_0.850,measurement_noise,76,10,reference_aware,coverage_wait,coverage_wait,True,1.0,1.1,False,False,0.1,0.1,0.9,0.0,0.2,0.22,0.8,0.06,0.5769755876878846,0.011044938554128669,0.010805492217933477,0.8445553167467404,0.8171720407978976,True,0
measurement_noise_0.850,measurement_noise,76,10,inferred_failure_aware,coverage_wait,coverage_wait,True,1.0,1.1,False,False,0.1,0.1,0.9,0.0,0.2,0.22,0.8,0.06,0.5769755876878846,0.011044938554128669,0.010805492217933477,0.8445553167467404,0.8171720407978976,True,0
measurement_noise_0.850,measurement_noise,76,20,baseline,normal,coverage_wait,False,1.0,1.0,True,True,0.2,0.1,0.8,0.05,0.2,0.22,0.8,0.06,0.579672814968278,0.011173094387113197,0.011010625565784249,0.8453786396319449,0.8260920031325277,True,0
measurement_noise_0.850,measurement_noise,76,20,reference_aware,coverage_wait,coverage_wait,True,1.0,1.1,False,False,0.2,0.1,0.8,0.05,0.2,0.22,0.8,0.06,0.5769755876878846,0.011044938554128669,0.010805492217933477,0.8445553167467404,0.8171720407978976,True,0
measurement_noise_0.850,measurement_noise,76,20,inferred_failure_aware,coverage_wait,coverage_wait,True,1.0,1.1,False,False,0.2,0.1,0.8,0.05,0.2,0.22,0.8,0.06,0.5769755876878846,0.011044938554128669,0.010805492217933477,0.8445553167467404,0.8171720407978976,True,0
measurement_noise_0.850,measurement_noise,77,5,baseline,normal,coverage_wait,False,1.0,1.0,True,True,0.2,0.2,0.8,0.0,0.2,0.22,0.8,0.06,0.35719486694252356,0.008109633089911252,0.007404994318706337,0.9112323301528444,1.155865164648785,True,0
measurement_noise_0.850,measurement_noise,77,5,reference_aware,coverage_wait,coverage_wait,True,1.0,1.1,False,False,0.2,0.2,0.8,0.0,0.2,0.22,0.8,0.06,0.35895893503735454,0.007981711348750907,0.007281611676211774,0.90984672644813,1.1431392316541855,True,0
measurement_noise_0.850,measurement_noise,77,5,inferred_failure_aware,coverage_wait,coverage_wait,True,1.0,1.1,False,False,0.2,0.2,0.8,0.0,0.2,0.22,0.8,0.06,0.35895893503735454,0.007981711348750907,0.007281611676211774,0.90984672644813,1.1431392316541855,True,0
measurement_noise_0.850,measurement_noise,77,10,baseline,normal,coverage_wait,False,1.0,1.0,True,True,0.2,0.4,0.8,0.0,0.2,0.22,0.8,0.06,0.35719486694252356,0.008109633089911252,0.007404994318706337,0.9112323301528444,1.155865164648785,True,0
measurement_noise_0.850,measurement_noise,77,10,reference_aware,coverage_wait,coverage_wait,True,1.0,1.1,False,False,0.2,0.4,0.8,0.0,0.2,0.22,0.8,0.06,0.35895893503735454,0.007981711348750907,0.007281611676211774,0.90984672644813,1.1431392316541855,True,0
measurement_noise_0.850,measurement_noise,77,10,inferred_failure_aware,coverage_wait,coverage_wait,True,1.0,1.1,False,False,0.2,0.4,0.8,0.0,0.2,0.22,0.8,0.06,0.35895893503735454,0.007981711348750907,0.007281611676211774,0.90984672644813,1.1431392316541855,True,0
measurement_noise_0.850,measurement_noise,77,20,baseline,normal,coverage_wait,False,1.0,1.0,True,True,0.3,0.25,0.7,0.0,0.2,0.22,0.8,0.06,0.35719486694252356,0.008109633089911252,0.007404994318706337,0.9112323301528444,1.155865164648785,True,0
measurement_noise_0.850,measurement_noise,77,20,reference_aware,coverage_wait,coverage_wait,True,1.0,1.1,False,False,0.3,0.25,0.7,0.0,0.2,0.22,0.8,0.06,0.35895893503735454,0.007981711348750907,0.007281611676211774,0.90984672644813,1.1431392316541855,True,0
measurement_noise_0.850,measurement_noise,77,20,inferred_failure_aware,coverage_wait,coverage_wait,True,1.0,1.1,False,False,0.3,0.25,0.7,0.0,0.2,0.22,0.8,0.06,0.35895893503735454,0.007981711348750907,0.007281611676211774,0.90984672644813,1.1431392316541855,True,0
measurement_noise_0.850,measurement_noise,78,5,baseline,normal,coverage_wait,False,1.0,1.0,True,True,0.0,0.4,1.0,0.4,0.2,0.22,0.8,0.06,0.4858293980457197,0.010192894009714487,0.0009226622532350071,0.8784223015446467,1.203995416377577,True,0
measurement_noise_0.850,measurement_noise,78,5,reference_aware,coverage_wait,coverage_wait,True,1.0,1.1,False,False,0.0,0.4,1.0,0.4,0.2,0.22,0.8,0.06,0.4871291500112477,0.010113718885676741,0.0008444524642944318,0.8763332081822586,1.1876901358381544,True,0
measurement_noise_0.850,measurement_noise,78,5,inferred_failure_aware,coverage_wait,coverage_wait,True,1.0,1.1,False,False,0.0,0.4,1.0,0.4,0.2,0.22,0.8,0.06,0.4871291500112477,0.010113718885676741,0.0008444524642944318,0.8763332081822586,1.1876901358381544,True,0
measurement_noise_0.850,measurement_noise,78,10,baseline,normal,coverage_wait,False,1.0,1.0,True,True,0.0,0.3,1.0,0.2,0.2,0.22,0.8,0.06,0.4858293980457197,0.010192894009714487,0.0009226622532350071,0.8784223015446467,1.203995416377577,True,0
measurement_noise_0.850,measurement_noise,78,10,reference_aware,coverage_wait,coverage_wait,True,1.0,1.1,False,False,0.0,0.3,1.0,0.2,0.2,0.22,0.8,0.06,0.4871291500112477,0.010113718885676741,0.0008444524642944318,0.8763332081822586,1.1876901358381544,True,0
measurement_noise_0.850,measurement_noise,78,10,inferred_failure_aware,coverage_wait,coverage_wait,True,1.0,1.1,False,False,0.0,0.3,1.0,0.2,0.2,0.22,0.8,0.06,0.4871291500112477,0.010113718885676741,0.0008444524642944318,0.8763332081822586,1.1876901358381544,True,0
measurement_noise_0.850,measurement_noise,78,20,baseline,normal,coverage_wait,False,1.0,1.0,True,True,0.15,0.2,0.85,0.15,0.2,0.22,0.8,0.06,0.4858293980457197,0.010192894009714487,0.0009226622532350071,0.8784223015446467,1.203995416377577,True,0
measurement_noise_0.850,measurement_noise,78,20,reference_aware,coverage_wait,coverage_wait,True,1.0,1.1,False,False,0.15,0.2,0.85,0.15,0.2,0.22,0.8,0.06,0.4871291500112477,0.010113718885676741,0.0008444524642944318,0.8763332081822586,1.1876901358381544,True,0
measurement_noise_0.850,measurement_noise,78,20,inferred_failure_aware,coverage_wait,coverage_wait,True,1.0,1.1,False,False,0.15,0.2,0.85,0.15,0.2,0.22,0.8,0.06,0.4871291500112477,0.010113718885676741,0.0008444524642944318,0.8763332081822586,1.1876901358381544,True,0
measurement_noise_0.850,measurement_noise,79,5,baseline,normal,coverage_wait,False,1.0,1.0,True,True,0.0,0.2,1.0,0.0,0.2,0.22,0.8,0.06,0.46593877853224797,0.009416548297715514,0.0004164797128128894,0.9012808373585937,0.9167717501719904,True,0
measurement_noise_0.850,measurement_noise,79,5,reference_aware,coverage_wait,coverage_wait,True,1.0,1.1,False,False,0.0,0.2,1.0,0.0,0.2,0.22,0.8,0.06,0.4669183753319459,0.009335693854959927,0.00046610730286011925,0.9004121843539106,0.9072443925209027,True,0
measurement_noise_0.850,measurement_noise,79,5,inferred_failure_aware,coverage_wait,coverage_wait,True,1.0,1.1,False,False,0.0,0.2,1.0,0.0,0.2,0.22,0.8,0.06,0.4669183753319459,0.009335693854959927,0.00046610730286011925,0.9004121843539106,0.9072443925209027,True,0
measurement_noise_0.850,measurement_noise,79,10,baseline,normal,coverage_wait,False,1.0,1.0,True,True,0.1,0.4,0.9,0.0,0.2,0.22,0.8,0.06,0.46593877853224797,0.009416548297715514,0.0004164797128128894,0.9012808373585937,0.9167717501719904,True,0
measurement_noise_0.850,measurement_noise,79,10,reference_aware,coverage_wait,coverage_wait,True,1.0,1.1,False,False,0.1,0.4,0.9,0.0,0.2,0.22,0.8,0.06,0.4669183753319459,0.009335693854959927,0.00046610730286011925,0.9004121843539106,0.9072443925209027,True,0
measurement_noise_0.850,measurement_noise,79,10,inferred_failure_aware,coverage_wait,coverage_wait,True,1.0,1.1,False,False,0.1,0.4,0.9,0.0,0.2,0.22,0.8,0.06,0.4669183753319459,0.009335693854959927,0.00046610730286011925,0.9004121843539106,0.9072443925209027,True,0
measurement_noise_0.850,measurement_noise,79,20,baseline,normal,coverage_wait,False,1.0,1.0,True,True,0.15,0.2,0.85,0.0,0.2,0.22,0.8,0.06,0.46593877853224797,0.009416548297715514,0.0004164797128128894,0.9012808373585937,0.9167717501719904,True,0
measurement_noise_0.850,measurement_noise,79,20,reference_aware,coverage_wait,coverage_wait,True,1.0,1.1,False,False,0.15,0.2,0.85,0.0,0.2,0.22,0.8,0.06,0.4669183753319459,0.009335693854959927,0.00046610730286011925,0.9004121843539106,0.9072443925209027,True,0
measurement_noise_0.850,measurement_noise,79,20,inferred_failure_aware,coverage_wait,coverage_wait,True,1.0,1.1,False,False,0.15,0.2,0.85,0.0,0.2,0.22,0.8,0.06,0.4669183753319459,0.009335693854959927,0.00046610730286011925,0.9004121843539106,0.9072443925209027,True,0
measurement_noise_0.850,measurement_noise,80,5,baseline,normal,coverage_wait,False,1.0,1.0,True,True,0.0,0.0,1.0,0.0,0.2,0.22,0.8,0.06,0.48524041034880533,0.010472334589494365,0.014836505048224535,0.879622501625706,1.17304588566775,True,0
measurement_noise_0.850,measurement_noise,80,5,reference_aware,coverage_wait,coverage_wait,True,1.0,1.1,False,False,0.0,0.0,1.0,0.0,0.2,0.22,0.8,0.06,0.48420775667885824,0.01035286839119836,0.014952060204358242,0.8790850932779442,1.1612275541291694,True,0
measurement_noise_0.850,measurement_noise,80,5,inferred_failure_aware,coverage_wait,coverage_wait,True,1.0,1.1,False,False,0.0,0.0,1.0,0.0,0.2,0.22,0.8,0.06,0.48420775667885824,0.01035286839119836,0.014952060204358242,0.8790850932779442,1.1612275541291694,True,0
measurement_noise_0.850,measurement_noise,80,10,baseline,normal,coverage_wait,False,1.0,1.0,True,True,0.2,0.2,0.8,0.1,0.2,0.22,0.8,0.06,0.48524041034880533,0.010472334589494365,0.014836505048224535,0.879622501625706,1.17304588566775,True,0
measurement_noise_0.850,measurement_noise,80,10,reference_aware,coverage_wait,coverage_wait,True,1.0,1.1,False,False,0.2,0.2,0.8,0.1,0.2,0.22,0.8,0.06,0.48420775667885824,0.01035286839119836,0.014952060204358242,0.8790850932779442,1.1612275541291694,True,0
measurement_noise_0.850,measurement_noise,80,10,inferred_failure_aware,coverage_wait,coverage_wait,True,1.0,1.1,False,False,0.2,0.2,0.8,0.1,0.2,0.22,0.8,0.06,0.48420775667885824,0.01035286839119836,0.014952060204358242,0.8790850932779442,1.1612275541291694,True,0
measurement_noise_0.850,measurement_noise,80,20,baseline,normal,coverage_wait,False,1.0,1.0,True,True,0.2,0.2,0.8,0.05,0.2,0.22,0.8,0.06,0.48524041034880533,0.010472334589494365,0.014836505048224535,0.879622501625706,1.17304588566775,True,0
measurement_noise_0.850,measurement_noise,80,20,reference_aware,coverage_wait,coverage_wait,True,1.0,1.1,False,False,0.2,0.2,0.8,0.05,0.2,0.22,0.8,0.06,0.48420775667885824,0.01035286839119836,0.014952060204358242,0.8790850932779442,1.1612275541291694,True,0
measurement_noise_0.850,measurement_noise,80,20,inferred_failure_aware,coverage_wait,coverage_wait,True,1.0,1.1,False,False,0.2,0.2,0.8,0.05,0.2,0.22,0.8,0.06,0.48420775667885824,0.01035286839119836,0.014952060204358242,0.8790850932779442,1.1612275541291694,True,0
measurement_noise_0.850,measurement_noise,81,5,baseline,normal,coverage_wait,False,1.0,1.0,True,True,0.0,0.2,1.0,0.0,0.2,0.22,0.8,0.06,0.518548095744098,0.00905257121713981,0.0015570381683757128,0.9353828018374253,1.2396510344106726,True,0
measurement_noise_0.850,measurement_noise,81,5,reference_aware,coverage_wait,coverage_wait,True,1.0,1.1,False,False,0.0,0.2,1.0,0.0,0.2,0.22,0.8,0.06,0.5243462192698992,0.008954699190392141,0.0017765321881896279,0.933463921525798,1.2261447582504392,True,0
measurement_noise_0.850,measurement_noise,81,5,inferred_failure_aware,coverage_wait,coverage_wait,True,1.0,1.1,False,False,0.0,0.2,1.0,0.0,0.2,0.22,0.8,0.06,0.5243462192698992,0.008954699190392141,0.0017765321881896279,0.933463921525798,1.2261447582504392,True,0
measurement_noise_0.850,measurement_noise,81,10,baseline,normal,coverage_wait,False,1.0,1.0,True,True,0.1,0.2,0.9,0.0,0.2,0.22,0.8,0.06,0.518548095744098,0.00905257121713981,0.0015570381683757128,0.9353828018374253,1.2396510344106726,True,0
measurement_noise_0.850,measurement_noise,81,10,reference_aware,coverage_wait,coverage_wait,True,1.0,1.1,False,False,0.1,0.2,0.9,0.0,0.2,0.22,0.8,0.06,0.5243462192698992,0.008954699190392141,0.0017765321881896279,0.933463921525798,1.2261447582504392,True,0
measurement_noise_0.850,measurement_noise,81,10,inferred_failure_aware,coverage_wait,coverage_wait,True,1.0,1.1,False,False,0.1,0.2,0.9,0.0,0.2,0.22,0.8,0.06,0.5243462192698992,0.008954699190392141,0.0017765321881896279,0.933463921525798,1.2261447582504392,True,0
measurement_noise_0.850,measurement_noise,81,20,baseline,normal,coverage_wait,False,1.0,1.0,True,True,0.15,0.3,0.85,0.1,0.2,0.22,0.8,0.06,0.518548095744098,0.00905257121713981,0.0015570381683757128,0.9353828018374253,1.2396510344106726,True,0
measurement_noise_0.850,measurement_noise,81,20,reference_aware,coverage_wait,coverage_wait,True,1.0,1.1,False,False,0.15,0.3,0.85,0.1,0.2,0.22,0.8,0.06,0.5243462192698992,0.008954699190392141,0.0017765321881896279,0.933463921525798,1.2261447582504392,True,0
measurement_noise_0.850,measurement_noise,81,20,inferred_failure_aware,coverage_wait,coverage_wait,True,1.0,1.1,False,False,0.15,0.3,0.85,0.1,0.2,0.22,0.8,0.06,0.5243462192698992,0.008954699190392141,0.0017765321881896279,0.933463921525798,1.2261447582504392,True,0
measurement_noise_0.850,measurement_noise,82,5,baseline,normal,coverage_wait,False,1.0,1.0,True,True,0.6,0.2,0.4,0.2,0.2,0.22,0.8,0.06,0.34067868600558315,0.00868664464529988,0.017023342292349142,0.8667185992550447,1.0289926399215668,True,0
measurement_noise_0.850,measurement_noise,82,5,reference_aware,coverage_wait,coverage_wait,True,1.0,1.1,False,False,0.6,0.2,0.4,0.2,0.2,0.22,0.8,0.06,0.3427984054444423,0.008616027188710977,0.016799114772220403,0.8655685292938587,1.0201856824448425,True,0
measurement_noise_0.850,measurement_noise,82,5,inferred_failure_aware,coverage_wait,coverage_wait,True,1.0,1.1,False,False,0.6,0.2,0.4,0.2,0.2,0.22,0.8,0.06,0.3427984054444423,0.008616027188710977,0.016799114772220403,0.8655685292938587,1.0201856824448425,True,0
measurement_noise_0.850,measurement_noise,82,10,baseline,normal,coverage_wait,False,1.0,1.0,True,True,0.4,0.2,0.6,0.1,0.2,0.22,0.8,0.06,0.34067868600558315,0.00868664464529988,0.017023342292349142,0.8667185992550447,1.0289926399215668,True,0
measurement_noise_0.850,measurement_noise,82,10,reference_aware,coverage_wait,coverage_wait,True,1.0,1.1,False,False,0.4,0.2,0.6,0.1,0.2,0.22,0.8,0.06,0.3427984054444423,0.008616027188710977,0.016799114772220403,0.8655685292938587,1.0201856824448425,True,0
measurement_noise_0.850,measurement_noise,82,10,inferred_failure_aware,coverage_wait,coverage_wait,True,1.0,1.1,False,False,0.4,0.2,0.6,0.1,0.2,0.22,0.8,0.06,0.3427984054444423,0.008616027188710977,0.016799114772220403,0.8655685292938587,1.0201856824448425,True,0
measurement_noise_0.850,measurement_noise,82,20,baseline,normal,coverage_wait,False,1.0,1.0,True,True,0.2,0.3,0.8,0.05,0.2,0.22,0.8,0.06,0.34067868600558315,0.00868664464529988,0.017023342292349142,0.8667185992550447,1.0289926399215668,True,0
measurement_noise_0.850,measurement_noise,82,20,reference_aware,coverage_wait,coverage_wait,True,1.0,1.1,False,False,0.2,0.3,0.8,0.05,0.2,0.22,0.8,0.06,0.3427984054444423,0.008616027188710977,0.016799114772220403,0.8655685292938587,1.0201856824448425,True,0
measurement_noise_0.850,measurement_noise,82,20,inferred_failure_aware,coverage_wait,coverage_wait,True,1.0,1.1,False,False,0.2,0.3,0.8,0.05,0.2,0.22,0.8,0.06,0.3427984054444423,0.008616027188710977,0.016799114772220403,0.8655685292938587,1.0201856824448425,True,0
measurement_noise_0.850,measurement_noise,83,5,baseline,normal,coverage_wait,False,1.0,1.0,True,True,0.2,0.4,0.8,0.0,0.2,0.22,0.8,0.06,0.4367530445249345,0.00934037516966394,0.002115396440532047,0.909094333557909,1.4428466658734653,True,0
measurement_noise_0.850,measurement_noise,83,5,reference_aware,coverage_wait,coverage_wait,True,1.0,1.1,False,False,0.2,0.4,0.8,0.0,0.2,0.22,0.8,0.06,0.4425640150607437,0.009333032086856626,0.0025501354609878124,0.9075104045648377,1.4299075717749674,True,0
measurement_noise_0.850,measurement_noise,83,5,inferred_failure_aware,coverage_wait,coverage_wait,True,1.0,1.1,False,False,0.2,0.4,0.8,0.0,0.2,0.22,0.8,0.06,0.4425640150607437,0.009333032086856626,0.0025501354609878124,0.9075104045648377,1.4299075717749674,True,0
measurement_noise_0.850,measurement_noise,83,10,baseline,normal,coverage_wait,False,1.0,1.0,True,True,0.2,0.2,0.8,0.0,0.2,0.22,0.8,0.06,0.4367530445249345,0.00934037516966394,0.002115396440532047,0.909094333557909,1.4428466658734653,True,0
measurement_noise_0.850,measurement_noise,83,10,reference_aware,coverage_wait,coverage_wait,True,1.0,1.1,False,False,0.2,0.2,0.8,0.0,0.2,0.22,0.8,0.06,0.4425640150607437,0.009333032086856626,0.0025501354609878124,0.9075104045648377,1.4299075717749674,True,0
measurement_noise_0.850,measurement_noise,83,10,inferred_failure_aware,coverage_wait,coverage_wait,True,1.0,1.1,False,False,0.2,0.2,0.8,0.0,0.2,0.22,0.8,0.06,0.4425640150607437,0.009333032086856626,0.0025501354609878124,0.9075104045648377,1.4299075717749674,True,0
measurement_noise_0.850,measurement_noise,83,20,baseline,normal,coverage_wait,False,1.0,1.0,True,True,0.25,0.15,0.75,0.0,0.2,0.22,0.8,0.06,0.4367530445249345,0.00934037516966394,0.002115396440532047,0.909094333557909,1.4428466658734653,True,0
measurement_noise_0.850,measurement_noise,83,20,reference_aware,coverage_wait,coverage_wait,True,1.0,1.1,False,False,0.25,0.15,0.75,0.0,0.2,0.22,0.8,0.06,0.4425640150607437,0.009333032086856626,0.0025501354609878124,0.9075104045648377,1.4299075717749674,True,0
measurement_noise_0.850,measurement_noise,83,20,inferred_failure_aware,coverage_wait,coverage_wait,True,1.0,1.1,False,False,0.25,0.15,0.75,0.0,0.2,0.22,0.8,0.06,0.4425640150607437,0.009333032086856626,0.0025501354609878124,0.9075104045648377,1.4299075717749674,True,0
measurement_noise_0.850,measurement_noise,84,5,baseline,normal,coverage_wait,False,1.0,1.0,True,True,0.4,0.0,0.6,0.0,0.2,0.22,0.8,0.06,0.27981456710249025,0.007135419731747603,0.016312144827679065,0.890647322625437,0.9038329266888391,True,0
measurement_noise_0.850,measurement_noise,84,5,reference_aware,coverage_wait,coverage_wait,True,1.0,1.1,False,False,0.4,0.0,0.6,0.0,0.2,0.22,0.8,0.06,0.28154772548710233,0.00706437872489517,0.01598486797374632,0.8902190025874677,0.8973414775733243,True,0
measurement_noise_0.850,measurement_noise,84,5,inferred_failure_aware,coverage_wait,coverage_wait,True,1.0,1.1,False,False,0.4,0.0,0.6,0.0,0.2,0.22,0.8,0.06,0.28154772548710233,0.00706437872489517,0.01598486797374632,0.8902190025874677,0.8973414775733243,True,0
measurement_noise_0.850,measurement_noise,84,10,baseline,normal,coverage_wait,False,1.0,1.0,True,True,0.3,0.1,0.7,0.1,0.2,0.22,0.8,0.06,0.27981456710249025,0.007135419731747603,0.016312144827679065,0.890647322625437,0.9038329266888391,True,0
measurement_noise_0.850,measurement_noise,84,10,reference_aware,coverage_wait,coverage_wait,True,1.0,1.1,False,False,0.3,0.1,0.7,0.1,0.2,0.22,0.8,0.06,0.28154772548710233,0.00706437872489517,0.01598486797374632,0.8902190025874677,0.8973414775733243,True,0
measurement_noise_0.850,measurement_noise,84,10,inferred_failure_aware,coverage_wait,coverage_wait,True,1.0,1.1,False,False,0.3,0.1,0.7,0.1,0.2,0.22,0.8,0.06,0.28154772548710233,0.00706437872489517,0.01598486797374632,0.8902190025874677,0.8973414775733243,True,0
measurement_noise_0.850,measurement_noise,84,20,baseline,normal,coverage_wait,False,1.0,1.0,True,True,0.25,0.2,0.75,0.05,0.2,0.22,0.8,0.06,0.27981456710249025,0.007135419731747603,0.016312144827679065,0.890647322625437,0.9038329266888391,True,0
measurement_noise_0.850,measurement_noise,84,20,reference_aware,coverage_wait,coverage_wait,True,1.0,1.1,False,False,0.25,0.2,0.75,0.05,0.2,0.22,0.8,0.06,0.28154772548710233,0.00706437872489517,0.01598486797374632,0.8902190025874677,0.8973414775733243,True,0
measurement_noise_0.850,measurement_noise,84,20,inferred_failure_aware,coverage_wait,coverage_wait,True,1.0,1.1,False,False,0.25,0.2,0.75,0.05,0.2,0.22,0.8,0.06,0.28154772548710233,0.00706437872489517,0.01598486797374632,0.8902190025874677,0.8973414775733243,True,0
measurement_noise_0.850,measurement_noise,85,5,baseline,normal,coverage_wait,False,1.0,1.0,True,True,0.0,0.0,1.0,0.0,0.2,0.22,0.8,0.06,0.2875368014088093,0.006636211591201963,0.004785482809267494,0.8317902174745192,0.8692159094019839,True,0
measurement_noise_0.850,measurement_noise,85,5,reference_aware,coverage_wait,coverage_wait,True,1.0,1.1,False,False,0.0,0.0,1.0,0.0,0.2,0.22,0.8,0.06,0.2887629498390088,0.006547292129735992,0.004536551999732352,0.8306545013792722,0.8610362486856644,True,0
measurement_noise_0.850,measurement_noise,85,5,inferred_failure_aware,coverage_wait,coverage_wait,True,1.0,1.1,False,False,0.0,0.0,1.0,0.0,0.2,0.22,0.8,0.06,0.2887629498390088,0.006547292129735992,0.004536551999732352,0.8306545013792722,0.8610362486856644,True,0
measurement_noise_0.850,measurement_noise,85,10,baseline,normal,coverage_wait,False,1.0,1.0,True,True,0.1,0.1,0.9,0.0,0.2,0.22,0.8,0.06,0.2875368014088093,0.006636211591201963,0.004785482809267494,0.8317902174745192,0.8692159094019839,True,0
measurement_noise_0.850,measurement_noise,85,10,reference_aware,coverage_wait,coverage_wait,True,1.0,1.1,False,False,0.1,0.1,0.9,0.0,0.2,0.22,0.8,0.06,0.2887629498390088,0.006547292129735992,0.004536551999732352,0.8306545013792722,0.8610362486856644,True,0
measurement_noise_0.850,measurement_noise,85,10,inferred_failure_aware,coverage_wait,coverage_wait,True,1.0,1.1,False,False,0.1,0.1,0.9,0.0,0.2,0.22,0.8,0.06,0.2887629498390088,0.006547292129735992,0.004536551999732352,0.8306545013792722,0.8610362486856644,True,0
measurement_noise_0.850,measurement_noise,85,20,baseline,normal,coverage_wait,False,1.0,1.0,True,True,0.2,0.25,0.8,0.1,0.2,0.22,0.8,0.06,0.2875368014088093,0.006636211591201963,0.004785482809267494,0.8317902174745192,0.8692159094019839,True,0
measurement_noise_0.850,measurement_noise,85,20,reference_aware,coverage_wait,coverage_wait,True,1.0,1.1,False,False,0.2,0.25,0.8,0.1,0.2,0.22,0.8,0.06,0.2887629498390088,0.006547292129735992,0.004536551999732352,0.8306545013792722,0.8610362486856644,True,0
measurement_noise_0.850,measurement_noise,85,20,inferred_failure_aware,coverage_wait,coverage_wait,True,1.0,1.1,False,False,0.2,0.25,0.8,0.1,0.2,0.22,0.8,0.06,0.2887629498390088,0.006547292129735992,0.004536551999732352,0.8306545013792722,0.8610362486856644,True,0
measurement_noise_0.850,measurement_noise,86,5,baseline,normal,coverage_wait,False,1.0,1.0,True,True,0.0,0.0,1.0,0.0,0.2,0.22,0.8,0.06,0.4718858487268927,0.008899503492210095,0.0031412944232879214,0.8200206361155628,0.8799891328036847,True,0
measurement_noise_0.850,measurement_noise,86,5,reference_aware,coverage_wait,coverage_wait,True,1.0,1.1,False,False,0.0,0.0,1.0,0.0,0.2,0.22,0.8,0.06,0.4714621507720554,0.008825087047775826,0.0030737332904121617,0.818349333019037,0.8721560102381873,True,0
measurement_noise_0.850,measurement_noise,86,5,inferred_failure_aware,coverage_wait,coverage_wait,True,1.0,1.1,False,False,0.0,0.0,1.0,0.0,0.2,0.22,0.8,0.06,0.4714621507720554,0.008825087047775826,0.0030737332904121617,0.818349333019037,0.8721560102381873,True,0
measurement_noise_0.850,measurement_noise,86,10,baseline,normal,coverage_wait,False,1.0,1.0,True,True,0.1,0.2,0.9,0.0,0.2,0.22,0.8,0.06,0.4718858487268927,0.008899503492210095,0.0031412944232879214,0.8200206361155628,0.8799891328036847,True,0
measurement_noise_0.850,measurement_noise,86,10,reference_aware,coverage_wait,coverage_wait,True,1.0,1.1,False,False,0.1,0.2,0.9,0.0,0.2,0.22,0.8,0.06,0.4714621507720554,0.008825087047775826,0.0030737332904121617,0.818349333019037,0.8721560102381873,True,0
measurement_noise_0.850,measurement_noise,86,10,inferred_failure_aware,coverage_wait,coverage_wait,True,1.0,1.1,False,False,0.1,0.2,0.9,0.0,0.2,0.22,0.8,0.06,0.4714621507720554,0.008825087047775826,0.0030737332904121617,0.818349333019037,0.8721560102381873,True,0
measurement_noise_0.850,measurement_noise,86,20,baseline,normal,coverage_wait,False,1.0,1.0,True,True,0.15,0.2,0.85,0.05,0.2,0.22,0.8,0.06,0.4718858487268927,0.008899503492210095,0.0031412944232879214,0.8200206361155628,0.8799891328036847,True,0
measurement_noise_0.850,measurement_noise,86,20,reference_aware,coverage_wait,coverage_wait,True,1.0,1.1,False,False,0.15,0.2,0.85,0.05,0.2,0.22,0.8,0.06,0.4714621507720554,0.008825087047775826,0.0030737332904121617,0.818349333019037,0.8721560102381873,True,0
measurement_noise_0.850,measurement_noise,86,20,inferred_failure_aware,coverage_wait,coverage_wait,True,1.0,1.1,False,False,0.15,0.2,0.85,0.05,0.2,0.22,0.8,0.06,0.4714621507720554,0.008825087047775826,0.0030737332904121617,0.818349333019037,0.8721560102381873,True,0
measurement_noise_0.850,measurement_noise,87,5,baseline,normal,coverage_wait,False,1.0,1.0,True,True,0.6,0.0,0.4,0.0,0.2,0.22,0.8,0.06,0.3947565081281027,0.0074123381766747895,0.0008118993937822339,0.9733286240799769,1.1064861449140673,True,0
measurement_noise_0.850,measurement_noise,87,5,reference_aware,coverage_wait,coverage_wait,True,1.0,1.1,False,False,0.6,0.0,0.4,0.0,0.2,0.22,0.8,0.06,0.3985531610914524,0.007395001328734279,0.0008158647198783786,0.9753753975237783,1.0984623761589638,True,0
measurement_noise_0.850,measurement_noise,87,5,inferred_failure_aware,coverage_wait,coverage_wait,True,1.0,1.1,False,False,0.6,0.0,0.4,0.0,0.2,0.22,0.8,0.06,0.3985531610914524,0.007395001328734279,0.0008158647198783786,0.9753753975237783,1.0984623761589638,True,0
measurement_noise_0.850,measurement_noise,87,10,baseline,normal,coverage_wait,False,1.0,1.0,True,True,0.3,0.2,0.7,0.1,0.2,0.22,0.8,0.06,0.3947565081281027,0.0074123381766747895,0.0008118993937822339,0.9733286240799769,1.1064861449140673,True,0
measurement_noise_0.850,measurement_noise,87,10,reference_aware,coverage_wait,coverage_wait,True,1.0,1.1,False,False,0.3,0.2,0.7,0.1,0.2,0.22,0.8,0.06,0.3985531610914524,0.007395001328734279,0.0008158647198783786,0.9753753975237783,1.0984623761589638,True,0
measurement_noise_0.850,measurement_noise,87,10,inferred_failure_aware,coverage_wait,coverage_wait,True,1.0,1.1,False,False,0.3,0.2,0.7,0.1,0.2,0.22,0.8,0.06,0.3985531610914524,0.007395001328734279,0.0008158647198783786,0.9753753975237783,1.0984623761589638,True,0
measurement_noise_0.850,measurement_noise,87,20,baseline,normal,coverage_wait,False,1.0,1.0,True,True,0.2,0.15,0.8,0.05,0.2,0.22,0.8,0.06,0.3947565081281027,0.0074123381766747895,0.0008118993937822339,0.9733286240799769,1.1064861449140673,True,0
measurement_noise_0.850,measurement_noise,87,20,reference_aware,coverage_wait,coverage_wait,True,1.0,1.1,False,False,0.2,0.15,0.8,0.05,0.2,0.22,0.8,0.06,0.3985531610914524,0.007395001328734279,0.0008158647198783786,0.9753753975237783,1.0984623761589638,True,0
measurement_noise_0.850,measurement_noise,87,20,inferred_failure_aware,coverage_wait,coverage_wait,True,1.0,1.1,False,False,0.2,0.15,0.8,0.05,0.2,0.22,0.8,0.06,0.3985531610914524,0.007395001328734279,0.0008158647198783786,0.9753753975237783,1.0984623761589638,True,0
measurement_noise_0.850,measurement_noise,88,5,baseline,normal,coverage_wait,False,1.0,1.0,True,True,0.2,0.0,0.8,0.0,0.2,0.22,0.8,0.06,0.2676591757781196,0.007791910965800759,0.01573133007452021,0.8476126370946756,1.001205446484351,True,0
measurement_noise_0.850,measurement_noise,88,5,reference_aware,coverage_wait,coverage_wait,True,1.0,1.1,False,False,0.2,0.0,0.8,0.0,0.2,0.22,0.8,0.06,0.2757283474696851,0.0077568261405010445,0.015562677721976725,0.8463879429909416,0.9912667625144133,True,0
measurement_noise_0.850,measurement_noise,88,5,inferred_failure_aware,coverage_wait,coverage_wait,True,1.0,1.1,False,False,0.2,0.0,0.8,0.0,0.2,0.22,0.8,0.06,0.2757283474696851,0.0077568261405010445,0.015562677721976725,0.8463879429909416,0.9912667625144133,True,0
measurement_noise_0.850,measurement_noise,88,10,baseline,normal,coverage_wait,False,1.0,1.0,True,True,0.2,0.1,0.8,0.0,0.2,0.22,0.8,0.06,0.2676591757781196,0.007791910965800759,0.01573133007452021,0.8476126370946756,1.001205446484351,True,0
measurement_noise_0.850,measurement_noise,88,10,reference_aware,coverage_wait,coverage_wait,True,1.0,1.1,False,False,0.2,0.1,0.8,0.0,0.2,0.22,0.8,0.06,0.2757283474696851,0.0077568261405010445,0.015562677721976725,0.8463879429909416,0.9912667625144133,True,0
measurement_noise_0.850,measurement_noise,88,10,inferred_failure_aware,coverage_wait,coverage_wait,True,1.0,1.1,False,False,0.2,0.1,0.8,0.0,0.2,0.22,0.8,0.06,0.2757283474696851,0.0077568261405010445,0.015562677721976725,0.8463879429909416,0.9912667625144133,True,0
measurement_noise_0.850,measurement_noise,88,20,baseline,normal,coverage_wait,False,1.0,1.0,True,True,0.1,0.1,0.9,0.0,0.2,0.22,0.8,0.06,0.2676591757781196,0.007791910965800759,0.01573133007452021,0.8476126370946756,1.001205446484351,True,0
measurement_noise_0.850,measurement_noise,88,20,reference_aware,coverage_wait,coverage_wait,True,1.0,1.1,False,False,0.1,0.1,0.9,0.0,0.2,0.22,0.8,0.06,0.2757283474696851,0.0077568261405010445,0.015562677721976725,0.8463879429909416,0.9912667625144133,True,0
measurement_noise_0.850,measurement_noise,88,20,inferred_failure_aware,coverage_wait,coverage_wait,True,1.0,1.1,False,False,0.1,0.1,0.9,0.0,0.2,0.22,0.8,0.06,0.2757283474696851,0.0077568261405010445,0.015562677721976725,0.8463879429909416,0.9912667625144133,True,0
measurement_noise_0.850,measurement_noise,89,5,baseline,normal,coverage_wait,False,1.0,1.0,True,True,0.2,0.0,0.8,0.0,0.2,0.22,0.8,0.06,0.3355092187195894,0.007545883901871802,0.02594544186098724,0.8287413008970369,0.9231427147937652,True,0
measurement_noise_0.850,measurement_noise,89,5,reference_aware,coverage_wait,coverage_wait,True,1.0,1.1,False,False,0.2,0.0,0.8,0.0,0.2,0.22,0.8,0.06,0.337910775694368,0.007497663255708049,0.025734204865061616,0.8268843405152642,0.9173155978313319,True,0
measurement_noise_0.850,measurement_noise,89,5,inferred_failure_aware,coverage_wait,coverage_wait,True,1.0,1.1,False,False,0.2,0.0,0.8,0.0,0.2,0.22,0.8,0.06,0.337910775694368,0.007497663255708049,0.025734204865061616,0.8268843405152642,0.9173155978313319,True,0
measurement_noise_0.850,measurement_noise,89,10,baseline,normal,coverage_wait,False,1.0,1.0,True,True,0.1,0.1,0.9,0.0,0.2,0.22,0.8,0.06,0.3355092187195894,0.007545883901871802,0.02594544186098724,0.8287413008970369,0.9231427147937652,True,0
measurement_noise_0.850,measurement_noise,89,10,reference_aware,coverage_wait,coverage_wait,True,1.0,1.1,False,False,0.1,0.1,0.9,0.0,0.2,0.22,0.8,0.06,0.337910775694368,0.007497663255708049,0.025734204865061616,0.8268843405152642,0.9173155978313319,True,0
measurement_noise_0.850,measurement_noise,89,10,inferred_failure_aware,coverage_wait,coverage_wait,True,1.0,1.1,False,False,0.1,0.1,0.9,0.0,0.2,0.22,0.8,0.06,0.337910775694368,0.007497663255708049,0.025734204865061616,0.8268843405152642,0.9173155978313319,True,0
measurement_noise_0.850,measurement_noise,89,20,baseline,normal,coverage_wait,False,1.0,1.0,True,True,0.2,0.2,0.8,0.05,0.2,0.22,0.8,0.06,0.3355092187195894,0.007545883901871802,0.02594544186098724,0.8287413008970369,0.9231427147937652,True,0
measurement_noise_0.850,measurement_noise,89,20,reference_aware,coverage_wait,coverage_wait,True,1.0,1.1,False,False,0.2,0.2,0.8,0.05,0.2,0.22,0.8,0.06,0.337910775694368,0.007497663255708049,0.025734204865061616,0.8268843405152642,0.9173155978313319,True,0
measurement_noise_0.850,measurement_noise,89,20,inferred_failure_aware,coverage_wait,coverage_wait,True,1.0,1.1,False,False,0.2,0.2,0.8,0.05,0.2,0.22,0.8,0.06,0.337910775694368,0.007497663255708049,0.025734204865061616,0.8268843405152642,0.9173155978313319,True,0
measurement_noise_0.850,measurement_noise,90,5,baseline,normal,coverage_wait,False,1.0,1.0,True,True,0.0,0.6,1.0,0.0,0.2,0.22,0.8,0.06,0.4769336129693169,0.007713319425397464,0.000976186044331806,0.8973268833951392,0.8754842700264756,True,0
measurement_noise_0.850,measurement_noise,90,5,reference_aware,coverage_wait,coverage_wait,True,1.0,1.1,False,False,0.0,0.6,1.0,0.0,0.2,0.22,0.8,0.06,0.476725361775615,0.007674570221896313,0.001031960127159337,0.8970312161990679,0.8689628687240465,True,0
measurement_noise_0.850,measurement_noise,90,5,inferred_failure_aware,coverage_wait,coverage_wait,True,1.0,1.1,False,False,0.0,0.6,1.0,0.0,0.2,0.22,0.8,0.06,0.476725361775615,0.007674570221896313,0.001031960127159337,0.8970312161990679,0.8689628687240465,True,0
measurement_noise_0.850,measurement_noise,90,10,baseline,normal,coverage_wait,False,1.0,1.0,True,True,0.1,0.3,0.9,0.0,0.2,0.22,0.8,0.06,0.4769336129693169,0.007713319425397464,0.000976186044331806,0.8973268833951392,0.8754842700264756,True,0
measurement_noise_0.850,measurement_noise,90,10,reference_aware,coverage_wait,coverage_wait,True,1.0,1.1,False,False,0.1,0.3,0.9,0.0,0.2,0.22,0.8,0.06,0.476725361775615,0.007674570221896313,0.001031960127159337,0.8970312161990679,0.8689628687240465,True,0
measurement_noise_0.850,measurement_noise,90,10,inferred_failure_aware,coverage_wait,coverage_wait,True,1.0,1.1,False,False,0.1,0.3,0.9,0.0,0.2,0.22,0.8,0.06,0.476725361775615,0.007674570221896313,0.001031960127159337,0.8970312161990679,0.8689628687240465,True,0
measurement_noise_0.850,measurement_noise,90,20,baseline,normal,coverage_wait,False,1.0,1.0,True,True,0.1,0.2,0.9,0.1,0.2,0.22,0.8,0.06,0.4769336129693169,0.007713319425397464,0.000976186044331806,0.8973268833951392,0.8754842700264756,True,0
measurement_noise_0.850,measurement_noise,90,20,reference_aware,coverage_wait,coverage_wait,True,1.0,1.1,False,False,0.1,0.2,0.9,0.1,0.2,0.22,0.8,0.06,0.476725361775615,0.007674570221896313,0.001031960127159337,0.8970312161990679,0.8689628687240465,True,0
measurement_noise_0.850,measurement_noise,90,20,inferred_failure_aware,coverage_wait,coverage_wait,True,1.0,1.1,False,False,0.1,0.2,0.9,0.1,0.2,0.22,0.8,0.06,0.476725361775615,0.007674570221896313,0.001031960127159337,0.8970312161990679,0.8689628687240465,True,0
measurement_noise_0.850,measurement_noise,91,5,baseline,normal,coverage_wait,False,1.0,1.0,True,True,0.0,0.2,1.0,0.2,0.2,0.22,0.8,0.06,0.4084247627610902,0.01062758575677833,0.02886072452885846,0.8303179487038074,1.010475950236148,True,0
measurement_noise_0.850,measurement_noise,91,5,reference_aware,coverage_wait,coverage_wait,True,1.0,1.1,False,False,0.0,0.2,1.0,0.2,0.2,0.22,0.8,0.06,0.40960907249058437,0.010550911170178673,0.028569646214702704,0.82912748450721,0.9987304180913339,True,0
measurement_noise_0.850,measurement_noise,91,5,inferred_failure_aware,coverage_wait,coverage_wait,True,1.0,1.1,False,False,0.0,0.2,1.0,0.2,0.2,0.22,0.8,0.06,0.40960907249058437,0.010550911170178673,0.028569646214702704,0.82912748450721,0.9987304180913339,True,0
measurement_noise_0.850,measurement_noise,91,10,baseline,normal,coverage_wait,False,1.0,1.0,True,True,0.0,0.1,1.0,0.1,0.2,0.22,0.8,0.06,0.4084247627610902,0.01062758575677833,0.02886072452885846,0.8303179487038074,1.010475950236148,True,0
measurement_noise_0.850,measurement_noise,91,10,reference_aware,coverage_wait,coverage_wait,True,1.0,1.1,False,False,0.0,0.1,1.0,0.1,0.2,0.22,0.8,0.06,0.40960907249058437,0.010550911170178673,0.028569646214702704,0.82912748450721,0.9987304180913339,True,0
measurement_noise_0.850,measurement_noise,91,10,inferred_failure_aware,coverage_wait,coverage_wait,True,1.0,1.1,False,False,0.0,0.1,1.0,0.1,0.2,0.22,0.8,0.06,0.40960907249058437,0.010550911170178673,0.028569646214702704,0.82912748450721,0.9987304180913339,True,0
measurement_noise_0.850,measurement_noise,91,20,baseline,normal,coverage_wait,False,1.0,1.0,True,True,0.15,0.15,0.85,0.1,0.2,0.22,0.8,0.06,0.4084247627610902,0.01062758575677833,0.02886072452885846,0.8303179487038074,1.010475950236148,True,0
measurement_noise_0.850,measurement_noise,91,20,reference_aware,coverage_wait,coverage_wait,True,1.0,1.1,False,False,0.15,0.15,0.85,0.1,0.2,0.22,0.8,0.06,0.40960907249058437,0.010550911170178673,0.028569646214702704,0.82912748450721,0.9987304180913339,True,0
measurement_noise_0.850,measurement_noise,91,20,inferred_failure_aware,coverage_wait,coverage_wait,True,1.0,1.1,False,False,0.15,0.15,0.85,0.1,0.2,0.22,0.8,0.06,0.40960907249058437,0.010550911170178673,0.028569646214702704,0.82912748450721,0.9987304180913339,True,0
measurement_noise_0.850,measurement_noise,92,5,baseline,normal,coverage_wait,False,1.0,1.0,True,True,0.2,0.4,0.8,0.2,0.2,0.22,0.8,0.06,0.6038530563527269,0.011004684818947036,0.009315336268362562,0.9090317506591501,1.3111504479220595,True,0
measurement_noise_0.850,measurement_noise,92,5,reference_aware,coverage_wait,coverage_wait,True,1.0,1.1,False,False,0.2,0.4,0.8,0.2,0.2,0.22,0.8,0.06,0.6047677342013346,0.010932912629240931,0.009240456037763134,0.908517735916511,1.301099209886926,True,0
measurement_noise_0.850,measurement_noise,92,5,inferred_failure_aware,coverage_wait,coverage_wait,True,1.0,1.1,False,False,0.2,0.4,0.8,0.2,0.2,0.22,0.8,0.06,0.6047677342013346,0.010932912629240931,0.009240456037763134,0.908517735916511,1.301099209886926,True,0
measurement_noise_0.850,measurement_noise,92,10,baseline,normal,coverage_wait,False,1.0,1.0,True,True,0.3,0.3,0.7,0.1,0.2,0.22,0.8,0.06,0.6038530563527269,0.011004684818947036,0.009315336268362562,0.9090317506591501,1.3111504479220595,True,0
measurement_noise_0.850,measurement_noise,92,10,reference_aware,coverage_wait,coverage_wait,True,1.0,1.1,False,False,0.3,0.3,0.7,0.1,0.2,0.22,0.8,0.06,0.6047677342013346,0.010932912629240931,0.009240456037763134,0.908517735916511,1.301099209886926,True,0
measurement_noise_0.850,measurement_noise,92,10,inferred_failure_aware,coverage_wait,coverage_wait,True,1.0,1.1,False,False,0.3,0.3,0.7,0.1,0.2,0.22,0.8,0.06,0.6047677342013346,0.010932912629240931,0.009240456037763134,0.908517735916511,1.301099209886926,True,0
measurement_noise_0.850,measurement_noise,92,20,baseline,normal,coverage_wait,False,1.0,1.0,True,True,0.2,0.25,0.8,0.05,0.2,0.22,0.8,0.06,0.6038530563527269,0.011004684818947036,0.009315336268362562,0.9090317506591501,1.3111504479220595,True,0
measurement_noise_0.850,measurement_noise,92,20,reference_aware,coverage_wait,coverage_wait,True,1.0,1.1,False,False,0.2,0.25,0.8,0.05,0.2,0.22,0.8,0.06,0.6047677342013346,0.010932912629240931,0.009240456037763134,0.908517735916511,1.301099209886926,True,0
measurement_noise_0.850,measurement_noise,92,20,inferred_failure_aware,coverage_wait,coverage_wait,True,1.0,1.1,False,False,0.2,0.25,0.8,0.05,0.2,0.22,0.8,0.06,0.6047677342013346,0.010932912629240931,0.009240456037763134,0.908517735916511,1.301099209886926,True,0
measurement_noise_0.850,measurement_noise,93,5,baseline,normal,coverage_wait,False,1.0,1.0,True,True,0.0,0.0,1.0,0.0,0.2,0.22,0.8,0.06,0.3934112529558245,0.007277244086163941,0.00018239817823106907,0.7793169805514925,0.9048184198028068,True,0
measurement_noise_0.850,measurement_noise,93,5,reference_aware,coverage_wait,coverage_wait,True,1.0,1.1,False,False,0.0,0.0,1.0,0.0,0.2,0.22,0.8,0.06,0.3951086670172826,0.007290926479750161,4.307216642174261e-05,0.7781277881515734,0.9025768425345733,True,0
measurement_noise_0.850,measurement_noise,93,5,inferred_failure_aware,coverage_wait,coverage_wait,True,1.0,1.1,False,False,0.0,0.0,1.0,0.0,0.2,0.22,0.8,0.06,0.3951086670172826,0.007290926479750161,4.307216642174261e-05,0.7781277881515734,0.9025768425345733,True,0
measurement_noise_0.850,measurement_noise,93,10,baseline,normal,coverage_wait,False,1.0,1.0,True,True,0.1,0.1,0.9,0.0,0.2,0.22,0.8,0.06,0.3934112529558245,0.007277244086163941,0.00018239817823106907,0.7793169805514925,0.9048184198028068,True,0
measurement_noise_0.850,measurement_noise,93,10,reference_aware,coverage_wait,coverage_wait,True,1.0,1.1,False,False,0.1,0.1,0.9,0.0,0.2,0.22,0.8,0.06,0.3951086670172826,0.007290926479750161,4.307216642174261e-05,0.7781277881515734,0.9025768425345733,True,0
measurement_noise_0.850,measurement_noise,93,10,inferred_failure_aware,coverage_wait,coverage_wait,True,1.0,1.1,False,False,0.1,0.1,0.9,0.0,0.2,0.22,0.8,0.06,0.3951086670172826,0.007290926479750161,4.307216642174261e-05,0.7781277881515734,0.9025768425345733,True,0
measurement_noise_0.850,measurement_noise,93,20,baseline,normal,coverage_wait,False,1.0,1.0,True,True,0.15,0.2,0.85,0.05,0.2,0.22,0.8,0.06,0.3934112529558245,0.007277244086163941,0.00018239817823106907,0.7793169805514925,0.9048184198028068,True,0
measurement_noise_0.850,measurement_noise,93,20,reference_aware,coverage_wait,coverage_wait,True,1.0,1.1,False,False,0.15,0.2,0.85,0.05,0.2,0.22,0.8,0.06,0.3951086670172826,0.007290926479750161,4.307216642174261e-05,0.7781277881515734,0.9025768425345733,True,0
measurement_noise_0.850,measurement_noise,93,20,inferred_failure_aware,coverage_wait,coverage_wait,True,1.0,1.1,False,False,0.15,0.2,0.85,0.05,0.2,0.22,0.8,0.06,0.3951086670172826,0.007290926479750161,4.307216642174261e-05,0.7781277881515734,0.9025768425345733,True,0
measurement_noise_0.850,measurement_noise,94,5,baseline,normal,coverage_wait,False,1.0,1.0,True,True,0.0,0.2,1.0,0.0,0.2,0.22,0.8,0.06,0.44567083478437064,0.008189729498473077,0.007721017183952794,0.8603248317353543,1.1765879804161883,True,0
measurement_noise_0.850,measurement_noise,94,5,reference_aware,coverage_wait,coverage_wait,True,1.0,1.1,False,False,0.0,0.2,1.0,0.0,0.2,0.22,0.8,0.06,0.44723066262037814,0.008138664296027184,0.00781352009564451,0.8599925193983995,1.168262374659723,True,0
measurement_noise_0.850,measurement_noise,94,5,inferred_failure_aware,coverage_wait,coverage_wait,True,1.0,1.1,False,False,0.0,0.2,1.0,0.0,0.2,0.22,0.8,0.06,0.44723066262037814,0.008138664296027184,0.00781352009564451,0.8599925193983995,1.168262374659723,True,0
measurement_noise_0.850,measurement_noise,94,10,baseline,normal,coverage_wait,False,1.0,1.0,True,True,0.1,0.2,0.9,0.0,0.2,0.22,0.8,0.06,0.44567083478437064,0.008189729498473077,0.007721017183952794,0.8603248317353543,1.1765879804161883,True,0
measurement_noise_0.850,measurement_noise,94,10,reference_aware,coverage_wait,coverage_wait,True,1.0,1.1,False,False,0.1,0.2,0.9,0.0,0.2,0.22,0.8,0.06,0.44723066262037814,0.008138664296027184,0.00781352009564451,0.8599925193983995,1.168262374659723,True,0
measurement_noise_0.850,measurement_noise,94,10,inferred_failure_aware,coverage_wait,coverage_wait,True,1.0,1.1,False,False,0.1,0.2,0.9,0.0,0.2,0.22,0.8,0.06,0.44723066262037814,0.008138664296027184,0.00781352009564451,0.8599925193983995,1.168262374659723,True,0
measurement_noise_0.850,measurement_noise,94,20,baseline,normal,coverage_wait,False,1.0,1.0,True,True,0.2,0.1,0.8,0.0,0.2,0.22,0.8,0.06,0.44567083478437064,0.008189729498473077,0.007721017183952794,0.8603248317353543,1.1765879804161883,True,0
measurement_noise_0.850,measurement_noise,94,20,reference_aware,coverage_wait,coverage_wait,True,1.0,1.1,False,False,0.2,0.1,0.8,0.0,0.2,0.22,0.8,0.06,0.44723066262037814,0.008138664296027184,0.00781352009564451,0.8599925193983995,1.168262374659723,True,0
measurement_noise_0.850,measurement_noise,94,20,inferred_failure_aware,coverage_wait,coverage_wait,True,1.0,1.1,False,False,0.2,0.1,0.8,0.0,0.2,0.22,0.8,0.06,0.44723066262037814,0.008138664296027184,0.00781352009564451,0.8599925193983995,1.168262374659723,True,0
measurement_noise_0.850,measurement_noise,95,5,baseline,normal,coverage_wait,False,1.0,1.0,True,True,0.2,0.0,0.8,0.0,0.2,0.22,0.8,0.06,0.3052081382454528,0.0077222415064096715,0.010459104539611741,0.8860959242857811,1.2568339649936222,True,0
measurement_noise_0.850,measurement_noise,95,5,reference_aware,coverage_wait,coverage_wait,True,1.0,1.1,False,False,0.2,0.0,0.8,0.0,0.2,0.22,0.8,0.06,0.31041190129630347,0.007738790037691495,0.010290233844192698,0.8861424392542155,1.2469354852987025,True,0
measurement_noise_0.850,measurement_noise,95,5,inferred_failure_aware,coverage_wait,coverage_wait,True,1.0,1.1,False,False,0.2,0.0,0.8,0.0,0.2,0.22,0.8,0.06,0.31041190129630347,0.007738790037691495,0.010290233844192698,0.8861424392542155,1.2469354852987025,True,0
measurement_noise_0.850,measurement_noise,95,10,baseline,normal,coverage_wait,False,1.0,1.0,True,True,0.1,0.1,0.9,0.2,0.2,0.22,0.8,0.06,0.3052081382454528,0.0077222415064096715,0.010459104539611741,0.8860959242857811,1.2568339649936222,True,0
measurement_noise_0.850,measurement_noise,95,10,reference_aware,coverage_wait,coverage_wait,True,1.0,1.1,False,False,0.1,0.1,0.9,0.2,0.2,0.22,0.8,0.06,0.31041190129630347,0.007738790037691495,0.010290233844192698,0.8861424392542155,1.2469354852987025,True,0
measurement_noise_0.850,measurement_noise,95,10,inferred_failure_aware,coverage_wait,coverage_wait,True,1.0,1.1,False,False,0.1,0.1,0.9,0.2,0.2,0.22,0.8,0.06,0.31041190129630347,0.007738790037691495,0.010290233844192698,0.8861424392542155,1.2469354852987025,True,0
measurement_noise_0.850,measurement_noise,95,20,baseline,normal,coverage_wait,False,1.0,1.0,True,True,0.05,0.2,0.95,0.1,0.2,0.22,0.8,0.06,0.3052081382454528,0.0077222415064096715,0.010459104539611741,0.8860959242857811,1.2568339649936222,True,0
measurement_noise_0.850,measurement_noise,95,20,reference_aware,coverage_wait,coverage_wait,True,1.0,1.1,False,False,0.05,0.2,0.95,0.1,0.2,0.22,0.8,0.06,0.31041190129630347,0.007738790037691495,0.010290233844192698,0.8861424392542155,1.2469354852987025,True,0
measurement_noise_0.850,measurement_noise,95,20,inferred_failure_aware,coverage_wait,coverage_wait,True,1.0,1.1,False,False,0.05,0.2,0.95,0.1,0.2,0.22,0.8,0.06,0.31041190129630347,0.007738790037691495,0.010290233844192698,0.8861424392542155,1.2469354852987025,True,0
measurement_noise_0.850,measurement_noise,96,5,baseline,normal,coverage_wait,False,1.0,1.0,True,True,0.2,0.2,0.8,0.2,0.2,0.22,0.8,0.06,0.4761710254238008,0.00986439531345621,0.01053574662567458,0.8193566624156615,0.8469210111633323,True,0
measurement_noise_0.850,measurement_noise,96,5,reference_aware,coverage_wait,coverage_wait,True,1.0,1.1,False,False,0.2,0.2,0.8,0.2,0.2,0.22,0.8,0.06,0.4736424047689256,0.009778021426309487,0.010328808478128115,0.8188298019185938,0.8400275032763284,True,0
measurement_noise_0.850,measurement_noise,96,5,inferred_failure_aware,coverage_wait,coverage_wait,True,1.0,1.1,False,False,0.2,0.2,0.8,0.2,0.2,0.22,0.8,0.06,0.4736424047689256,0.009778021426309487,0.010328808478128115,0.8188298019185938,0.8400275032763284,True,0
measurement_noise_0.850,measurement_noise,96,10,baseline,normal,coverage_wait,False,1.0,1.0,True,True,0.2,0.2,0.8,0.2,0.2,0.22,0.8,0.06,0.4761710254238008,0.00986439531345621,0.01053574662567458,0.8193566624156615,0.8469210111633323,True,0
measurement_noise_0.850,measurement_noise,96,10,reference_aware,coverage_wait,coverage_wait,True,1.0,1.1,False,False,0.2,0.2,0.8,0.2,0.2,0.22,0.8,0.06,0.4736424047689256,0.009778021426309487,0.010328808478128115,0.8188298019185938,0.8400275032763284,True,0
measurement_noise_0.850,measurement_noise,96,10,inferred_failure_aware,coverage_wait,coverage_wait,True,1.0,1.1,False,False,0.2,0.2,0.8,0.2,0.2,0.22,0.8,0.06,0.4736424047689256,0.009778021426309487,0.010328808478128115,0.8188298019185938,0.8400275032763284,True,0
measurement_noise_0.850,measurement_noise,96,20,baseline,normal,coverage_wait,False,1.0,1.0,True,True,0.15,0.35,0.85,0.1,0.2,0.22,0.8,0.06,0.4761710254238008,0.00986439531345621,0.01053574662567458,0.8193566624156615,0.8469210111633323,True,0
measurement_noise_0.850,measurement_noise,96,20,reference_aware,coverage_wait,coverage_wait,True,1.0,1.1,False,False,0.15,0.35,0.85,0.1,0.2,0.22,0.8,0.06,0.4736424047689256,0.009778021426309487,0.010328808478128115,0.8188298019185938,0.8400275032763284,True,0
measurement_noise_0.850,measurement_noise,96,20,inferred_failure_aware,coverage_wait,coverage_wait,True,1.0,1.1,False,False,0.15,0.35,0.85,0.1,0.2,0.22,0.8,0.06,0.4736424047689256,0.009778021426309487,0.010328808478128115,0.8188298019185938,0.8400275032763284,True,0
measurement_noise_0.850,measurement_noise,97,5,baseline,normal,coverage_wait,False,1.0,1.0,True,True,0.4,0.4,0.6,0.0,0.2,0.22,0.8,0.06,0.43974944181989467,0.008996101139530017,0.00534422319926342,0.8750947606945771,1.248183076955141,True,0
measurement_noise_0.850,measurement_noise,97,5,reference_aware,coverage_wait,coverage_wait,True,1.0,1.1,False,False,0.4,0.4,0.6,0.0,0.2,0.22,0.8,0.06,0.44182128709920804,0.008959517712977724,0.005161151080881776,0.8727161051026732,1.239001440665931,True,0
measurement_noise_0.850,measurement_noise,97,5,inferred_failure_aware,coverage_wait,coverage_wait,True,1.0,1.1,False,False,0.4,0.4,0.6,0.0,0.2,0.22,0.8,0.06,0.44182128709920804,0.008959517712977724,0.005161151080881776,0.8727161051026732,1.239001440665931,True,0
measurement_noise_0.850,measurement_noise,97,10,baseline,normal,coverage_wait,False,1.0,1.0,True,True,0.2,0.3,0.8,0.0,0.2,0.22,0.8,0.06,0.43974944181989467,0.008996101139530017,0.00534422319926342,0.8750947606945771,1.248183076955141,True,0
measurement_noise_0.850,measurement_noise,97,10,reference_aware,coverage_wait,coverage_wait,True,1.0,1.1,False,False,0.2,0.3,0.8,0.0,0.2,0.22,0.8,0.06,0.44182128709920804,0.008959517712977724,0.005161151080881776,0.8727161051026732,1.239001440665931,True,0
measurement_noise_0.850,measurement_noise,97,10,inferred_failure_aware,coverage_wait,coverage_wait,True,1.0,1.1,False,False,0.2,0.3,0.8,0.0,0.2,0.22,0.8,0.06,0.44182128709920804,0.008959517712977724,0.005161151080881776,0.8727161051026732,1.239001440665931,True,0
measurement_noise_0.850,measurement_noise,97,20,baseline,normal,coverage_wait,False,1.0,1.0,True,True,0.15,0.25,0.85,0.1,0.2,0.22,0.8,0.06,0.43974944181989467,0.008996101139530017,0.00534422319926342,0.8750947606945771,1.248183076955141,True,0
measurement_noise_0.850,measurement_noise,97,20,reference_aware,coverage_wait,coverage_wait,True,1.0,1.1,False,False,0.15,0.25,0.85,0.1,0.2,0.22,0.8,0.06,0.44182128709920804,0.008959517712977724,0.005161151080881776,0.8727161051026732,1.239001440665931,True,0
measurement_noise_0.850,measurement_noise,97,20,inferred_failure_aware,coverage_wait,coverage_wait,True,1.0,1.1,False,False,0.15,0.25,0.85,0.1,0.2,0.22,0.8,0.06,0.44182128709920804,0.008959517712977724,0.005161151080881776,0.8727161051026732,1.239001440665931,True,0
measurement_noise_0.850,measurement_noise,98,5,baseline,normal,coverage_wait,False,1.0,1.0,True,True,0.6,0.0,0.4,0.0,0.2,0.22,0.8,0.06,0.5192698699227674,0.009291949156598294,0.005842878978774668,0.879091930129553,1.0094118228677151,True,0
measurement_noise_0.850,measurement_noise,98,5,reference_aware,coverage_wait,coverage_wait,True,1.0,1.1,False,False,0.6,0.0,0.4,0.0,0.2,0.22,0.8,0.06,0.5161527808269305,0.009166877558352923,0.0057106556818044,0.8785767107069344,1.00010288562421,True,0
measurement_noise_0.850,measurement_noise,98,5,inferred_failure_aware,coverage_wait,coverage_wait,True,1.0,1.1,False,False,0.6,0.0,0.4,0.0,0.2,0.22,0.8,0.06,0.5161527808269305,0.009166877558352923,0.0057106556818044,0.8785767107069344,1.00010288562421,True,0
measurement_noise_0.850,measurement_noise,98,10,baseline,normal,coverage_wait,False,1.0,1.0,True,True,0.3,0.1,0.7,0.0,0.2,0.22,0.8,0.06,0.5192698699227674,0.009291949156598294,0.005842878978774668,0.879091930129553,1.0094118228677151,True,0
measurement_noise_0.850,measurement_noise,98,10,reference_aware,coverage_wait,coverage_wait,True,1.0,1.1,False,False,0.3,0.1,0.7,0.0,0.2,0.22,0.8,0.06,0.5161527808269305,0.009166877558352923,0.0057106556818044,0.8785767107069344,1.00010288562421,True,0
measurement_noise_0.850,measurement_noise,98,10,inferred_failure_aware,coverage_wait,coverage_wait,True,1.0,1.1,False,False,0.3,0.1,0.7,0.0,0.2,0.22,0.8,0.06,0.5161527808269305,0.009166877558352923,0.0057106556818044,0.8785767107069344,1.00010288562421,True,0
measurement_noise_0.850,measurement_noise,98,20,baseline,normal,coverage_wait,False,1.0,1.0,True,True,0.25,0.25,0.75,0.1,0.2,0.22,0.8,0.06,0.5192698699227674,0.009291949156598294,0.005842878978774668,0.879091930129553,1.0094118228677151,True,0
measurement_noise_0.850,measurement_noise,98,20,reference_aware,coverage_wait,coverage_wait,True,1.0,1.1,False,False,0.25,0.25,0.75,0.1,0.2,0.22,0.8,0.06,0.5161527808269305,0.009166877558352923,0.0057106556818044,0.8785767107069344,1.00010288562421,True,0
measurement_noise_0.850,measurement_noise,98,20,inferred_failure_aware,coverage_wait,coverage_wait,True,1.0,1.1,False,False,0.25,0.25,0.75,0.1,0.2,0.22,0.8,0.06,0.5161527808269305,0.009166877558352923,0.0057106556818044,0.8785767107069344,1.00010288562421,True,0
measurement_noise_0.850,measurement_noise,99,5,baseline,normal,coverage_wait,False,1.0,1.0,True,True,0.0,0.0,1.0,0.0,0.2,0.22,0.8,0.06,0.4751601772708977,0.00953853907100986,0.010902681339468479,0.8619339835650468,1.1380976986609566,True,0
measurement_noise_0.850,measurement_noise,99,5,reference_aware,coverage_wait,coverage_wait,True,1.0,1.1,False,False,0.0,0.0,1.0,0.0,0.2,0.22,0.8,0.06,0.47431196742994397,0.009468709089693293,0.010988313144909445,0.8611621802963553,1.12894587586118,True,0
measurement_noise_0.850,measurement_noise,99,5,inferred_failure_aware,coverage_wait,coverage_wait,True,1.0,1.1,False,False,0.0,0.0,1.0,0.0,0.2,0.22,0.8,0.06,0.47431196742994397,0.009468709089693293,0.010988313144909445,0.8611621802963553,1.12894587586118,True,0
measurement_noise_0.850,measurement_noise,99,10,baseline,normal,coverage_wait,False,1.0,1.0,True,True,0.1,0.1,0.9,0.0,0.2,0.22,0.8,0.06,0.4751601772708977,0.00953853907100986,0.010902681339468479,0.8619339835650468,1.1380976986609566,True,0
measurement_noise_0.850,measurement_noise,99,10,reference_aware,coverage_wait,coverage_wait,True,1.0,1.1,False,False,0.1,0.1,0.9,0.0,0.2,0.22,0.8,0.06,0.47431196742994397,0.009468709089693293,0.010988313144909445,0.8611621802963553,1.12894587586118,True,0
measurement_noise_0.850,measurement_noise,99,10,inferred_failure_aware,coverage_wait,coverage_wait,True,1.0,1.1,False,False,0.1,0.1,0.9,0.0,0.2,0.22,0.8,0.06,0.47431196742994397,0.009468709089693293,0.010988313144909445,0.8611621802963553,1.12894587586118,True,0
measurement_noise_0.850,measurement_noise,99,20,baseline,normal,coverage_wait,False,1.0,1.0,True,True,0.3,0.15,0.7,0.0,0.2,0.22,0.8,0.06,0.4751601772708977,0.00953853907100986,0.010902681339468479,0.8619339835650468,1.1380976986609566,True,0
measurement_noise_0.850,measurement_noise,99,20,reference_aware,coverage_wait,coverage_wait,True,1.0,1.1,False,False,0.3,0.15,0.7,0.0,0.2,0.22,0.8,0.06,0.47431196742994397,0.009468709089693293,0.010988313144909445,0.8611621802963553,1.12894587586118,True,0
measurement_noise_0.850,measurement_noise,99,20,inferred_failure_aware,coverage_wait,coverage_wait,True,1.0,1.1,False,False,0.3,0.15,0.7,0.0,0.2,0.22,0.8,0.06,0.47431196742994397,0.009468709089693293,0.010988313144909445,0.8611621802963553,1.12894587586118,True,0
process_disturbance_2.70,process_disturbance,0,5,baseline,normal,accuracy_guard,False,1.0,1.0,True,True,0.6,0.4,0.0,0.0,0.54,0.46,0.06,0.06,0.45969204071092473,0.009750278677815328,0.0015161589162359101,0.6933852680493799,1.2987502612146442,True,0
process_disturbance_2.70,process_disturbance,0,5,reference_aware,accuracy_guard,accuracy_guard,True,0.9,1.75,False,False,0.6,0.4,0.0,0.0,0.54,0.46,0.06,0.06,0.4490291480920925,0.008593460054648163,0.0007462627533874056,0.6461767426780062,1.1501627410866067,True,0
process_disturbance_2.70,process_disturbance,0,5,inferred_failure_aware,accuracy_guard,accuracy_guard,True,0.9,1.75,False,False,0.6,0.4,0.0,0.0,0.54,0.46,0.06,0.06,0.4490291480920925,0.008593460054648163,0.0007462627533874056,0.6461767426780062,1.1501627410866067,True,0
process_disturbance_2.70,process_disturbance,0,10,baseline,normal,accuracy_guard,False,1.0,1.0,True,True,0.7,0.3,0.0,0.0,0.54,0.46,0.06,0.06,0.45969204071092473,0.009750278677815328,0.0015161589162359101,0.6933852680493799,1.2987502612146442,True,0
process_disturbance_2.70,process_disturbance,0,10,reference_aware,accuracy_guard,accuracy_guard,True,0.9,1.75,False,False,0.7,0.3,0.0,0.0,0.54,0.46,0.06,0.06,0.4490291480920925,0.008593460054648163,0.0007462627533874056,0.6461767426780062,1.1501627410866067,True,0
process_disturbance_2.70,process_disturbance,0,10,inferred_failure_aware,accuracy_guard,accuracy_guard,True,0.9,1.75,False,False,0.7,0.3,0.0,0.0,0.54,0.46,0.06,0.06,0.4490291480920925,0.008593460054648163,0.0007462627533874056,0.6461767426780062,1.1501627410866067,True,0
process_disturbance_2.70,process_disturbance,0,20,baseline,normal,accuracy_guard,False,1.0,1.0,True,True,0.65,0.35,0.05,0.1,0.54,0.46,0.06,0.06,0.45969204071092473,0.009750278677815328,0.0015161589162359101,0.6933852680493799,1.2987502612146442,True,0
process_disturbance_2.70,process_disturbance,0,20,reference_aware,accuracy_guard,accuracy_guard,True,0.9,1.75,False,False,0.65,0.35,0.05,0.1,0.54,0.46,0.06,0.06,0.4490291480920925,0.008593460054648163,0.0007462627533874056,0.6461767426780062,1.1501627410866067,True,0
process_disturbance_2.70,process_disturbance,0,20,inferred_failure_aware,accuracy_guard,accuracy_guard,True,0.9,1.75,False,False,0.65,0.35,0.05,0.1,0.54,0.46,0.06,0.06,0.4490291480920925,0.008593460054648163,0.0007462627533874056,0.6461767426780062,1.1501627410866067,True,0
process_disturbance_2.70,process_disturbance,1,5,baseline,normal,accuracy_guard,False,1.0,1.0,True,True,0.6,0.4,0.0,0.0,0.54,0.46,0.06,0.06,0.3496750011238599,0.009344401236460957,0.0005979369950911417,0.6664058903603263,1.2179822021112314,True,0
process_disturbance_2.70,process_disturbance,1,5,reference_aware,accuracy_guard,accuracy_guard,True,0.9,1.75,False,False,0.6,0.4,0.0,0.0,0.54,0.46,0.06,0.06,0.34145742711450294,0.008299561594976383,0.0005645066875766824,0.6220695230258786,1.1075834017564776,True,0
process_disturbance_2.70,process_disturbance,1,5,inferred_failure_aware,accuracy_guard,accuracy_guard,True,0.9,1.75,False,False,0.6,0.4,0.0,0.0,0.54,0.46,0.06,0.06,0.34145742711450294,0.008299561594976383,0.0005645066875766824,0.6220695230258786,1.1075834017564776,True,0
process_disturbance_2.70,process_disturbance,1,10,baseline,normal,accuracy_guard,False,1.0,1.0,True,True,0.4,0.6,0.0,0.1,0.54,0.46,0.06,0.06,0.3496750011238599,0.009344401236460957,0.0005979369950911417,0.6664058903603263,1.2179822021112314,True,0
process_disturbance_2.70,process_disturbance,1,10,reference_aware,accuracy_guard,accuracy_guard,True,0.9,1.75,False,False,0.4,0.6,0.0,0.1,0.54,0.46,0.06,0.06,0.34145742711450294,0.008299561594976383,0.0005645066875766824,0.6220695230258786,1.1075834017564776,True,0
process_disturbance_2.70,process_disturbance,1,10,inferred_failure_aware,accuracy_guard,accuracy_guard,True,0.9,1.75,False,False,0.4,0.6,0.0,0.1,0.54,0.46,0.06,0.06,0.34145742711450294,0.008299561594976383,0.0005645066875766824,0.6220695230258786,1.1075834017564776,True,0
process_disturbance_2.70,process_disturbance,1,20,baseline,normal,accuracy_guard,False,1.0,1.0,True,True,0.45,0.55,0.1,0.1,0.54,0.46,0.06,0.06,0.3496750011238599,0.009344401236460957,0.0005979369950911417,0.6664058903603263,1.2179822021112314,True,0
process_disturbance_2.70,process_disturbance,1,20,reference_aware,accuracy_guard,accuracy_guard,True,0.9,1.75,False,False,0.45,0.55,0.1,0.1,0.54,0.46,0.06,0.06,0.34145742711450294,0.008299561594976383,0.0005645066875766824,0.6220695230258786,1.1075834017564776,True,0
process_disturbance_2.70,process_disturbance,1,20,inferred_failure_aware,accuracy_guard,accuracy_guard,True,0.9,1.75,False,False,0.45,0.55,0.1,0.1,0.54,0.46,0.06,0.06,0.34145742711450294,0.008299561594976383,0.0005645066875766824,0.6220695230258786,1.1075834017564776,True,0
process_disturbance_2.70,process_disturbance,2,5,baseline,normal,accuracy_guard,False,1.0,1.0,True,True,0.6,0.4,0.2,0.0,0.54,0.46,0.06,0.06,0.5021519669396011,0.010811969627371285,0.002436103874643991,0.6596403879746451,1.3925438316902075,True,0
process_disturbance_2.70,process_disturbance,2,5,reference_aware,accuracy_guard,accuracy_guard,True,0.9,1.75,False,False,0.6,0.4,0.2,0.0,0.54,0.46,0.06,0.06,0.4926535361779454,0.009995830937029259,0.002366697682647634,0.6209276297908469,1.290398756690135,True,0
process_disturbance_2.70,process_disturbance,2,5,inferred_failure_aware,accuracy_guard,accuracy_guard,True,0.9,1.75,False,False,0.6,0.4,0.2,0.0,0.54,0.46,0.06,0.06,0.4926535361779454,0.009995830937029259,0.002366697682647634,0.6209276297908469,1.290398756690135,True,0
process_disturbance_2.70,process_disturbance,2,10,baseline,normal,accuracy_guard,False,1.0,1.0,True,True,0.4,0.6,0.2,0.0,0.54,0.46,0.06,0.06,0.5021519669396011,0.010811969627371285,0.002436103874643991,0.6596403879746451,1.3925438316902075,True,0
process_disturbance_2.70,process_disturbance,2,10,reference_aware,accuracy_guard,accuracy_guard,True,0.9,1.75,False,False,0.4,0.6,0.2,0.0,0.54,0.46,0.06,0.06,0.4926535361779454,0.009995830937029259,0.002366697682647634,0.6209276297908469,1.290398756690135,True,0
process_disturbance_2.70,process_disturbance,2,10,inferred_failure_aware,accuracy_guard,accuracy_guard,True,0.9,1.75,False,False,0.4,0.6,0.2,0.0,0.54,0.46,0.06,0.06,0.4926535361779454,0.009995830937029259,0.002366697682647634,0.6209276297908469,1.290398756690135,True,0
process_disturbance_2.70,process_disturbance,2,20,baseline,normal,accuracy_guard,False,1.0,1.0,True,True,0.45,0.55,0.1,0.1,0.54,0.46,0.06,0.06,0.5021519669396011,0.010811969627371285,0.002436103874643991,0.6596403879746451,1.3925438316902075,True,0
process_disturbance_2.70,process_disturbance,2,20,reference_aware,accuracy_guard,accuracy_guard,True,0.9,1.75,False,False,0.45,0.55,0.1,0.1,0.54,0.46,0.06,0.06,0.4926535361779454,0.009995830937029259,0.002366697682647634,0.6209276297908469,1.290398756690135,True,0
process_disturbance_2.70,process_disturbance,2,20,inferred_failure_aware,accuracy_guard,accuracy_guard,True,0.9,1.75,False,False,0.45,0.55,0.1,0.1,0.54,0.46,0.06,0.06,0.4926535361779454,0.009995830937029259,0.002366697682647634,0.6209276297908469,1.290398756690135,True,0
process_disturbance_2.70,process_disturbance,3,5,baseline,normal,accuracy_guard,False,1.0,1.0,True,True,0.6,0.4,0.0,0.2,0.54,0.46,0.06,0.06,0.3882999736579325,0.009246101231059461,0.0040375645882438915,0.687337678624302,1.3602308903384999,True,0
process_disturbance_2.70,process_disturbance,3,5,reference_aware,accuracy_guard,accuracy_guard,True,0.9,1.75,False,False,0.6,0.4,0.0,0.2,0.54,0.46,0.06,0.06,0.3931628812941893,0.008683908694174418,0.002852231484632095,0.6440596921160472,1.2455709481288235,True,0
process_disturbance_2.70,process_disturbance,3,5,inferred_failure_aware,accuracy_guard,accuracy_guard,True,0.9,1.75,False,False,0.6,0.4,0.0,0.2,0.54,0.46,0.06,0.06,0.3931628812941893,0.008683908694174418,0.002852231484632095,0.6440596921160472,1.2455709481288235,True,0
process_disturbance_2.70,process_disturbance,3,10,baseline,normal,accuracy_guard,False,1.0,1.0,True,True,0.5,0.5,0.0,0.2,0.54,0.46,0.06,0.06,0.3882999736579325,0.009246101231059461,0.0040375645882438915,0.687337678624302,1.3602308903384999,True,0
process_disturbance_2.70,process_disturbance,3,10,reference_aware,accuracy_guard,accuracy_guard,True,0.9,1.75,False,False,0.5,0.5,0.0,0.2,0.54,0.46,0.06,0.06,0.3931628812941893,0.008683908694174418,0.002852231484632095,0.6440596921160472,1.2455709481288235,True,0
process_disturbance_2.70,process_disturbance,3,10,inferred_failure_aware,accuracy_guard,accuracy_guard,True,0.9,1.75,False,False,0.5,0.5,0.0,0.2,0.54,0.46,0.06,0.06,0.3931628812941893,0.008683908694174418,0.002852231484632095,0.6440596921160472,1.2455709481288235,True,0
process_disturbance_2.70,process_disturbance,3,20,baseline,normal,accuracy_guard,False,1.0,1.0,True,True,0.55,0.45,0.0,0.1,0.54,0.46,0.06,0.06,0.3882999736579325,0.009246101231059461,0.0040375645882438915,0.687337678624302,1.3602308903384999,True,0
process_disturbance_2.70,process_disturbance,3,20,reference_aware,accuracy_guard,accuracy_guard,True,0.9,1.75,False,False,0.55,0.45,0.0,0.1,0.54,0.46,0.06,0.06,0.3931628812941893,0.008683908694174418,0.002852231484632095,0.6440596921160472,1.2455709481288235,True,0
process_disturbance_2.70,process_disturbance,3,20,inferred_failure_aware,accuracy_guard,accuracy_guard,True,0.9,1.75,False,False,0.55,0.45,0.0,0.1,0.54,0.46,0.06,0.06,0.3931628812941893,0.008683908694174418,0.002852231484632095,0.6440596921160472,1.2455709481288235,True,0
process_disturbance_2.70,process_disturbance,4,5,baseline,normal,accuracy_guard,False,1.0,1.0,True,True,0.8,0.2,0.2,0.0,0.54,0.46,0.06,0.06,0.48788938618825006,0.009252446594523931,0.000986079832363873,0.6870185889357252,1.1877918997913461,True,0
process_disturbance_2.70,process_disturbance,4,5,reference_aware,accuracy_guard,accuracy_guard,True,0.9,1.75,False,False,0.8,0.2,0.2,0.0,0.54,0.46,0.06,0.06,0.4804857095892541,0.008233356773968404,0.00124711451098658,0.6489850540715096,1.0623926545601052,True,0
process_disturbance_2.70,process_disturbance,4,5,inferred_failure_aware,accuracy_guard,accuracy_guard,True,0.9,1.75,False,False,0.8,0.2,0.2,0.0,0.54,0.46,0.06,0.06,0.4804857095892541,0.008233356773968404,0.00124711451098658,0.6489850540715096,1.0623926545601052,True,0
process_disturbance_2.70,process_disturbance,4,10,baseline,normal,accuracy_guard,False,1.0,1.0,True,True,0.7,0.3,0.1,0.0,0.54,0.46,0.06,0.06,0.48788938618825006,0.009252446594523931,0.000986079832363873,0.6870185889357252,1.1877918997913461,True,0
process_disturbance_2.70,process_disturbance,4,10,reference_aware,accuracy_guard,accuracy_guard,True,0.9,1.75,False,False,0.7,0.3,0.1,0.0,0.54,0.46,0.06,0.06,0.4804857095892541,0.008233356773968404,0.00124711451098658,0.6489850540715096,1.0623926545601052,True,0
process_disturbance_2.70,process_disturbance,4,10,inferred_failure_aware,accuracy_guard,accuracy_guard,True,0.9,1.75,False,False,0.7,0.3,0.1,0.0,0.54,0.46,0.06,0.06,0.4804857095892541,0.008233356773968404,0.00124711451098658,0.6489850540715096,1.0623926545601052,True,0
process_disturbance_2.70,process_disturbance,4,20,baseline,normal,accuracy_guard,False,1.0,1.0,True,True,0.65,0.35,0.05,0.0,0.54,0.46,0.06,0.06,0.48788938618825006,0.009252446594523931,0.000986079832363873,0.6870185889357252,1.1877918997913461,True,0
process_disturbance_2.70,process_disturbance,4,20,reference_aware,accuracy_guard,accuracy_guard,True,0.9,1.75,False,False,0.65,0.35,0.05,0.0,0.54,0.46,0.06,0.06,0.4804857095892541,0.008233356773968404,0.00124711451098658,0.6489850540715096,1.0623926545601052,True,0
process_disturbance_2.70,process_disturbance,4,20,inferred_failure_aware,accuracy_guard,accuracy_guard,True,0.9,1.75,False,False,0.65,0.35,0.05,0.0,0.54,0.46,0.06,0.06,0.4804857095892541,0.008233356773968404,0.00124711451098658,0.6489850540715096,1.0623926545601052,True,0
process_disturbance_2.70,process_disturbance,5,5,baseline,normal,accuracy_guard,False,1.0,1.0,True,True,0.4,0.6,0.2,0.0,0.54,0.46,0.06,0.06,0.4335414938190894,0.008741180793503422,0.0013953858447359746,0.6562809427958077,1.3429436702660238,True,0
process_disturbance_2.70,process_disturbance,5,5,reference_aware,accuracy_guard,accuracy_guard,True,0.9,1.75,False,False,0.4,0.6,0.2,0.0,0.54,0.46,0.06,0.06,0.4245687171218638,0.007834782184770487,0.0012541757356471228,0.6102123181887876,1.2408465625582812,True,0
process_disturbance_2.70,process_disturbance,5,5,inferred_failure_aware,accuracy_guard,accuracy_guard,True,0.9,1.75,False,False,0.4,0.6,0.2,0.0,0.54,0.46,0.06,0.06,0.4245687171218638,0.007834782184770487,0.0012541757356471228,0.6102123181887876,1.2408465625582812,True,0
process_disturbance_2.70,process_disturbance,5,10,baseline,normal,accuracy_guard,False,1.0,1.0,True,True,0.5,0.5,0.1,0.0,0.54,0.46,0.06,0.06,0.4335414938190894,0.008741180793503422,0.0013953858447359746,0.6562809427958077,1.3429436702660238,True,0
process_disturbance_2.70,process_disturbance,5,10,reference_aware,accuracy_guard,accuracy_guard,True,0.9,1.75,False,False,0.5,0.5,0.1,0.0,0.54,0.46,0.06,0.06,0.4245687171218638,0.007834782184770487,0.0012541757356471228,0.6102123181887876,1.2408465625582812,True,0
process_disturbance_2.70,process_disturbance,5,10,inferred_failure_aware,accuracy_guard,accuracy_guard,True,0.9,1.75,False,False,0.5,0.5,0.1,0.0,0.54,0.46,0.06,0.06,0.4245687171218638,0.007834782184770487,0.0012541757356471228,0.6102123181887876,1.2408465625582812,True,0
process_disturbance_2.70,process_disturbance,5,20,baseline,normal,accuracy_guard,False,1.0,1.0,True,True,0.6,0.4,0.1,0.05,0.54,0.46,0.06,0.06,0.4335414938190894,0.008741180793503422,0.0013953858447359746,0.6562809427958077,1.3429436702660238,True,0
process_disturbance_2.70,process_disturbance,5,20,reference_aware,accuracy_guard,accuracy_guard,True,0.9,1.75,False,False,0.6,0.4,0.1,0.05,0.54,0.46,0.06,0.06,0.4245687171218638,0.007834782184770487,0.0012541757356471228,0.6102123181887876,1.2408465625582812,True,0
process_disturbance_2.70,process_disturbance,5,20,inferred_failure_aware,accuracy_guard,accuracy_guard,True,0.9,1.75,False,False,0.6,0.4,0.1,0.05,0.54,0.46,0.06,0.06,0.4245687171218638,0.007834782184770487,0.0012541757356471228,0.6102123181887876,1.2408465625582812,True,0
process_disturbance_2.70,process_disturbance,6,5,baseline,normal,accuracy_guard,False,1.0,1.0,True,True,0.6,0.4,0.2,0.0,0.54,0.46,0.06,0.06,0.2873680493602108,0.008222284756690708,0.0019204142632197607,0.6707134509633728,1.1185222300822628,True,0
process_disturbance_2.70,process_disturbance,6,5,reference_aware,accuracy_guard,accuracy_guard,True,0.9,1.75,False,False,0.6,0.4,0.2,0.0,0.54,0.46,0.06,0.06,0.2773076204853357,0.007376247737558792,0.0013853137592556575,0.6293171382183682,0.9881484653090076,True,0
process_disturbance_2.70,process_disturbance,6,5,inferred_failure_aware,accuracy_guard,accuracy_guard,True,0.9,1.75,False,False,0.6,0.4,0.2,0.0,0.54,0.46,0.06,0.06,0.2773076204853357,0.007376247737558792,0.0013853137592556575,0.6293171382183682,0.9881484653090076,True,0
process_disturbance_2.70,process_disturbance,6,10,baseline,normal,accuracy_guard,False,1.0,1.0,True,True,0.7,0.3,0.1,0.0,0.54,0.46,0.06,0.06,0.2873680493602108,0.008222284756690708,0.0019204142632197607,0.6707134509633728,1.1185222300822628,True,0
process_disturbance_2.70,process_disturbance,6,10,reference_aware,accuracy_guard,accuracy_guard,True,0.9,1.75,False,False,0.7,0.3,0.1,0.0,0.54,0.46,0.06,0.06,0.2773076204853357,0.007376247737558792,0.0013853137592556575,0.6293171382183682,0.9881484653090076,True,0
process_disturbance_2.70,process_disturbance,6,10,inferred_failure_aware,accuracy_guard,accuracy_guard,True,0.9,1.75,False,False,0.7,0.3,0.1,0.0,0.54,0.46,0.06,0.06,0.2773076204853357,0.007376247737558792,0.0013853137592556575,0.6293171382183682,0.9881484653090076,True,0
process_disturbance_2.70,process_disturbance,6,20,baseline,normal,accuracy_guard,False,1.0,1.0,True,True,0.6,0.4,0.1,0.0,0.54,0.46,0.06,0.06,0.2873680493602108,0.008222284756690708,0.0019204142632197607,0.6707134509633728,1.1185222300822628,True,0
process_disturbance_2.70,process_disturbance,6,20,reference_aware,accuracy_guard,accuracy_guard,True,0.9,1.75,False,False,0.6,0.4,0.1,0.0,0.54,0.46,0.06,0.06,0.2773076204853357,0.007376247737558792,0.0013853137592556575,0.6293171382183682,0.9881484653090076,True,0
process_disturbance_2.70,process_disturbance,6,20,inferred_failure_aware,accuracy_guard,accuracy_guard,True,0.9,1.75,False,False,0.6,0.4,0.1,0.0,0.54,0.46,0.06,0.06,0.2773076204853357,0.007376247737558792,0.0013853137592556575,0.6293171382183682,0.9881484653090076,True,0
process_disturbance_2.70,process_disturbance,7,5,baseline,normal,accuracy_guard,False,1.0,1.0,True,True,0.2,0.8,0.0,0.2,0.54,0.46,0.06,0.06,0.4295236599020648,0.010865249500359327,0.0006688891305088873,0.6696682879115339,1.2418525269441,True,0
process_disturbance_2.70,process_disturbance,7,5,reference_aware,accuracy_guard,accuracy_guard,True,0.9,1.75,False,False,0.2,0.8,0.0,0.2,0.54,0.46,0.06,0.06,0.42285948979271265,0.009951202741060892,0.001440742062973288,0.6312200680934831,1.1196803013658871,True,0
process_disturbance_2.70,process_disturbance,7,5,inferred_failure_aware,accuracy_guard,accuracy_guard,True,0.9,1.75,False,False,0.2,0.8,0.0,0.2,0.54,0.46,0.06,0.06,0.42285948979271265,0.009951202741060892,0.001440742062973288,0.6312200680934831,1.1196803013658871,True,0
process_disturbance_2.70,process_disturbance,7,10,baseline,normal,accuracy_guard,False,1.0,1.0,True,True,0.4,0.6,0.0,0.1,0.54,0.46,0.06,0.06,0.4295236599020648,0.010865249500359327,0.0006688891305088873,0.6696682879115339,1.2418525269441,True,0
process_disturbance_2.70,process_disturbance,7,10,reference_aware,accuracy_guard,accuracy_guard,True,0.9,1.75,False,False,0.4,0.6,0.0,0.1,0.54,0.46,0.06,0.06,0.42285948979271265,0.009951202741060892,0.001440742062973288,0.6312200680934831,1.1196803013658871,True,0
process_disturbance_2.70,process_disturbance,7,10,inferred_failure_aware,accuracy_guard,accuracy_guard,True,0.9,1.75,False,False,0.4,0.6,0.0,0.1,0.54,0.46,0.06,0.06,0.42285948979271265,0.009951202741060892,0.001440742062973288,0.6312200680934831,1.1196803013658871,True,0
process_disturbance_2.70,process_disturbance,7,20,baseline,normal,accuracy_guard,False,1.0,1.0,True,True,0.55,0.45,0.0,0.1,0.54,0.46,0.06,0.06,0.4295236599020648,0.010865249500359327,0.0006688891305088873,0.6696682879115339,1.2418525269441,True,0
process_disturbance_2.70,process_disturbance,7,20,reference_aware,accuracy_guard,accuracy_guard,True,0.9,1.75,False,False,0.55,0.45,0.0,0.1,0.54,0.46,0.06,0.06,0.42285948979271265,0.009951202741060892,0.001440742062973288,0.6312200680934831,1.1196803013658871,True,0
process_disturbance_2.70,process_disturbance,7,20,inferred_failure_aware,accuracy_guard,accuracy_guard,True,0.9,1.75,False,False,0.55,0.45,0.0,0.1,0.54,0.46,0.06,0.06,0.42285948979271265,0.009951202741060892,0.001440742062973288,0.6312200680934831,1.1196803013658871,True,0
process_disturbance_2.70,process_disturbance,8,5,baseline,normal,accuracy_guard,False,1.0,1.0,True,True,0.6,0.4,0.0,0.0,0.54,0.46,0.06,0.06,0.4299535170634764,0.010015633053638992,0.003504194446669051,0.6654328043490425,1.215089225726157,True,0
process_disturbance_2.70,process_disturbance,8,5,reference_aware,accuracy_guard,accuracy_guard,True,0.9,1.75,False,False,0.6,0.4,0.0,0.0,0.54,0.46,0.06,0.06,0.4380006795469941,0.00950626500948007,0.0030529440131809027,0.6340301352535177,1.150121164864627,True,0
process_disturbance_2.70,process_disturbance,8,5,inferred_failure_aware,accuracy_guard,accuracy_guard,True,0.9,1.75,False,False,0.6,0.4,0.0,0.0,0.54,0.46,0.06,0.06,0.4380006795469941,0.00950626500948007,0.0030529440131809027,0.6340301352535177,1.150121164864627,True,0
process_disturbance_2.70,process_disturbance,8,10,baseline,normal,accuracy_guard,False,1.0,1.0,True,True,0.7,0.3,0.0,0.0,0.54,0.46,0.06,0.06,0.4299535170634764,0.010015633053638992,0.003504194446669051,0.6654328043490425,1.215089225726157,True,0
process_disturbance_2.70,process_disturbance,8,10,reference_aware,accuracy_guard,accuracy_guard,True,0.9,1.75,False,False,0.7,0.3,0.0,0.0,0.54,0.46,0.06,0.06,0.4380006795469941,0.00950626500948007,0.0030529440131809027,0.6340301352535177,1.150121164864627,True,0
process_disturbance_2.70,process_disturbance,8,10,inferred_failure_aware,accuracy_guard,accuracy_guard,True,0.9,1.75,False,False,0.7,0.3,0.0,0.0,0.54,0.46,0.06,0.06,0.4380006795469941,0.00950626500948007,0.0030529440131809027,0.6340301352535177,1.150121164864627,True,0
process_disturbance_2.70,process_disturbance,8,20,baseline,normal,accuracy_guard,False,1.0,1.0,True,True,0.6,0.4,0.0,0.0,0.54,0.46,0.06,0.06,0.4299535170634764,0.010015633053638992,0.003504194446669051,0.6654328043490425,1.215089225726157,True,0
process_disturbance_2.70,process_disturbance,8,20,reference_aware,accuracy_guard,accuracy_guard,True,0.9,1.75,False,False,0.6,0.4,0.0,0.0,0.54,0.46,0.06,0.06,0.4380006795469941,0.00950626500948007,0.0030529440131809027,0.6340301352535177,1.150121164864627,True,0
process_disturbance_2.70,process_disturbance,8,20,inferred_failure_aware,accuracy_guard,accuracy_guard,True,0.9,1.75,False,False,0.6,0.4,0.0,0.0,0.54,0.46,0.06,0.06,0.4380006795469941,0.00950626500948007,0.0030529440131809027,0.6340301352535177,1.150121164864627,True,0
process_disturbance_2.70,process_disturbance,9,5,baseline,normal,accuracy_guard,False,1.0,1.0,True,True,0.4,0.6,0.0,0.2,0.54,0.46,0.06,0.06,0.3755167375483695,0.007359522877929384,0.002901723799249911,0.7623135537323346,1.2445241253425436,True,0
process_disturbance_2.70,process_disturbance,9,5,reference_aware,accuracy_guard,accuracy_guard,True,0.9,1.75,False,False,0.4,0.6,0.0,0.2,0.54,0.46,0.06,0.06,0.3693551186164583,0.0070937472722705595,0.003052781767741153,0.7193730578025626,1.1605339824761216,True,0
process_disturbance_2.70,process_disturbance,9,5,inferred_failure_aware,accuracy_guard,accuracy_guard,True,0.9,1.75,False,False,0.4,0.6,0.0,0.2,0.54,0.46,0.06,0.06,0.3693551186164583,0.0070937472722705595,0.003052781767741153,0.7193730578025626,1.1605339824761216,True,0
process_disturbance_2.70,process_disturbance,9,10,baseline,normal,accuracy_guard,False,1.0,1.0,True,True,0.4,0.6,0.0,0.1,0.54,0.46,0.06,0.06,0.3755167375483695,0.007359522877929384,0.002901723799249911,0.7623135537323346,1.2445241253425436,True,0
process_disturbance_2.70,process_disturbance,9,10,reference_aware,accuracy_guard,accuracy_guard,True,0.9,1.75,False,False,0.4,0.6,0.0,0.1,0.54,0.46,0.06,0.06,0.3693551186164583,0.0070937472722705595,0.003052781767741153,0.7193730578025626,1.1605339824761216,True,0
process_disturbance_2.70,process_disturbance,9,10,inferred_failure_aware,accuracy_guard,accuracy_guard,True,0.9,1.75,False,False,0.4,0.6,0.0,0.1,0.54,0.46,0.06,0.06,0.3693551186164583,0.0070937472722705595,0.003052781767741153,0.7193730578025626,1.1605339824761216,True,0
process_disturbance_2.70,process_disturbance,9,20,baseline,normal,accuracy_guard,False,1.0,1.0,True,True,0.5,0.5,0.0,0.05,0.54,0.46,0.06,0.06,0.3755167375483695,0.007359522877929384,0.002901723799249911,0.7623135537323346,1.2445241253425436,True,0
process_disturbance_2.70,process_disturbance,9,20,reference_aware,accuracy_guard,accuracy_guard,True,0.9,1.75,False,False,0.5,0.5,0.0,0.05,0.54,0.46,0.06,0.06,0.3693551186164583,0.0070937472722705595,0.003052781767741153,0.7193730578025626,1.1605339824761216,True,0
process_disturbance_2.70,process_disturbance,9,20,inferred_failure_aware,accuracy_guard,accuracy_guard,True,0.9,1.75,False,False,0.5,0.5,0.0,0.05,0.54,0.46,0.06,0.06,0.3693551186164583,0.0070937472722705595,0.003052781767741153,0.7193730578025626,1.1605339824761216,True,0
process_disturbance_2.70,process_disturbance,10,5,baseline,normal,accuracy_guard,False,1.0,1.0,True,True,0.6,0.4,0.0,0.0,0.54,0.46,0.06,0.06,0.39705372357370233,0.011494830750018122,0.0008190511156166425,0.6724482613255354,1.8254736773184084,True,0
process_disturbance_2.70,process_disturbance,10,5,reference_aware,accuracy_guard,accuracy_guard,True,0.9,1.75,False,False,0.6,0.4,0.0,0.0,0.54,0.46,0.06,0.06,0.39172524881137766,0.01075278827915711,0.0001132668853620622,0.6321181098531723,1.7131729068620392,True,0
process_disturbance_2.70,process_disturbance,10,5,inferred_failure_aware,accuracy_guard,accuracy_guard,True,0.9,1.75,False,False,0.6,0.4,0.0,0.0,0.54,0.46,0.06,0.06,0.39172524881137766,0.01075278827915711,0.0001132668853620622,0.6321181098531723,1.7131729068620392,True,0
process_disturbance_2.70,process_disturbance,10,10,baseline,normal,accuracy_guard,False,1.0,1.0,True,True,0.7,0.3,0.0,0.0,0.54,0.46,0.06,0.06,0.39705372357370233,0.011494830750018122,0.0008190511156166425,0.6724482613255354,1.8254736773184084,True,0
process_disturbance_2.70,process_disturbance,10,10,reference_aware,accuracy_guard,accuracy_guard,True,0.9,1.75,False,False,0.7,0.3,0.0,0.0,0.54,0.46,0.06,0.06,0.39172524881137766,0.01075278827915711,0.0001132668853620622,0.6321181098531723,1.7131729068620392,True,0
process_disturbance_2.70,process_disturbance,10,10,inferred_failure_aware,accuracy_guard,accuracy_guard,True,0.9,1.75,False,False,0.7,0.3,0.0,0.0,0.54,0.46,0.06,0.06,0.39172524881137766,0.01075278827915711,0.0001132668853620622,0.6321181098531723,1.7131729068620392,True,0
process_disturbance_2.70,process_disturbance,10,20,baseline,normal,accuracy_guard,False,1.0,1.0,True,True,0.65,0.35,0.05,0.0,0.54,0.46,0.06,0.06,0.39705372357370233,0.011494830750018122,0.0008190511156166425,0.6724482613255354,1.8254736773184084,True,0
process_disturbance_2.70,process_disturbance,10,20,reference_aware,accuracy_guard,accuracy_guard,True,0.9,1.75,False,False,0.65,0.35,0.05,0.0,0.54,0.46,0.06,0.06,0.39172524881137766,0.01075278827915711,0.0001132668853620622,0.6321181098531723,1.7131729068620392,True,0
process_disturbance_2.70,process_disturbance,10,20,inferred_failure_aware,accuracy_guard,accuracy_guard,True,0.9,1.75,False,False,0.65,0.35,0.05,0.0,0.54,0.46,0.06,0.06,0.39172524881137766,0.01075278827915711,0.0001132668853620622,0.6321181098531723,1.7131729068620392,True,0
process_disturbance_2.70,process_disturbance,11,5,baseline,normal,accuracy_guard,False,1.0,1.0,True,True,0.2,0.8,0.2,0.0,0.54,0.46,0.06,0.06,0.2749049398300197,0.008671872119417402,0.0008890340351346282,0.6345865070341078,1.093275861819303,True,0
process_disturbance_2.70,process_disturbance,11,5,reference_aware,accuracy_guard,accuracy_guard,True,0.9,1.75,False,False,0.2,0.8,0.2,0.0,0.54,0.46,0.06,0.06,0.2741248424060104,0.008276659400540048,0.0009684785641745908,0.6009998663540809,1.0004132219953168,True,0
process_disturbance_2.70,process_disturbance,11,5,inferred_failure_aware,accuracy_guard,accuracy_guard,True,0.9,1.75,False,False,0.2,0.8,0.2,0.0,0.54,0.46,0.06,0.06,0.2741248424060104,0.008276659400540048,0.0009684785641745908,0.6009998663540809,1.0004132219953168,True,0
process_disturbance_2.70,process_disturbance,11,10,baseline,normal,accuracy_guard,False,1.0,1.0,True,True,0.5,0.5,0.1,0.0,0.54,0.46,0.06,0.06,0.2749049398300197,0.008671872119417402,0.0008890340351346282,0.6345865070341078,1.093275861819303,True,0
process_disturbance_2.70,process_disturbance,11,10,reference_aware,accuracy_guard,accuracy_guard,True,0.9,1.75,False,False,0.5,0.5,0.1,0.0,0.54,0.46,0.06,0.06,0.2741248424060104,0.008276659400540048,0.0009684785641745908,0.6009998663540809,1.0004132219953168,True,0
process_disturbance_2.70,process_disturbance,11,10,inferred_failure_aware,accuracy_guard,accuracy_guard,True,0.9,1.75,False,False,0.5,0.5,0.1,0.0,0.54,0.46,0.06,0.06,0.2741248424060104,0.008276659400540048,0.0009684785641745908,0.6009998663540809,1.0004132219953168,True,0
process_disturbance_2.70,process_disturbance,11,20,baseline,normal,accuracy_guard,False,1.0,1.0,True,True,0.5,0.5,0.05,0.1,0.54,0.46,0.06,0.06,0.2749049398300197,0.008671872119417402,0.0008890340351346282,0.6345865070341078,1.093275861819303,True,0
process_disturbance_2.70,process_disturbance,11,20,reference_aware,accuracy_guard,accuracy_guard,True,0.9,1.75,False,False,0.5,0.5,0.05,0.1,0.54,0.46,0.06,0.06,0.2741248424060104,0.008276659400540048,0.0009684785641745908,0.6009998663540809,1.0004132219953168,True,0
process_disturbance_2.70,process_disturbance,11,20,inferred_failure_aware,accuracy_guard,accuracy_guard,True,0.9,1.75,False,False,0.5,0.5,0.05,0.1,0.54,0.46,0.06,0.06,0.2741248424060104,0.008276659400540048,0.0009684785641745908,0.6009998663540809,1.0004132219953168,True,0
process_disturbance_2.70,process_disturbance,12,5,baseline,normal,accuracy_guard,False,1.0,1.0,True,True,0.8,0.2,0.0,0.0,0.54,0.46,0.06,0.06,0.3654883010816007,0.00781721071457369,0.0030232084653821767,0.6469973268782722,0.8837925597739643,True,0
process_disturbance_2.70,process_disturbance,12,5,reference_aware,accuracy_guard,accuracy_guard,True,0.9,1.75,False,False,0.8,0.2,0.0,0.0,0.54,0.46,0.06,0.06,0.3584627752242009,0.007209198358578399,0.0030484500795953107,0.604562307957397,0.8287712480515963,True,0
process_disturbance_2.70,process_disturbance,12,5,inferred_failure_aware,accuracy_guard,accuracy_guard,True,0.9,1.75,False,False,0.8,0.2,0.0,0.0,0.54,0.46,0.06,0.06,0.3584627752242009,0.007209198358578399,0.0030484500795953107,0.604562307957397,0.8287712480515963,True,0
process_disturbance_2.70,process_disturbance,12,10,baseline,normal,accuracy_guard,False,1.0,1.0,True,True,0.7,0.3,0.0,0.0,0.54,0.46,0.06,0.06,0.3654883010816007,0.00781721071457369,0.0030232084653821767,0.6469973268782722,0.8837925597739643,True,0
process_disturbance_2.70,process_disturbance,12,10,reference_aware,accuracy_guard,accuracy_guard,True,0.9,1.75,False,False,0.7,0.3,0.0,0.0,0.54,0.46,0.06,0.06,0.3584627752242009,0.007209198358578399,0.0030484500795953107,0.604562307957397,0.8287712480515963,True,0
process_disturbance_2.70,process_disturbance,12,10,inferred_failure_aware,accuracy_guard,accuracy_guard,True,0.9,1.75,False,False,0.7,0.3,0.0,0.0,0.54,0.46,0.06,0.06,0.3584627752242009,0.007209198358578399,0.0030484500795953107,0.604562307957397,0.8287712480515963,True,0
process_disturbance_2.70,process_disturbance,12,20,baseline,normal,accuracy_guard,False,1.0,1.0,True,True,0.55,0.45,0.0,0.0,0.54,0.46,0.06,0.06,0.3654883010816007,0.00781721071457369,0.0030232084653821767,0.6469973268782722,0.8837925597739643,True,0
process_disturbance_2.70,process_disturbance,12,20,reference_aware,accuracy_guard,accuracy_guard,True,0.9,1.75,False,False,0.55,0.45,0.0,0.0,0.54,0.46,0.06,0.06,0.3584627752242009,0.007209198358578399,0.0030484500795953107,0.604562307957397,0.8287712480515963,True,0
process_disturbance_2.70,process_disturbance,12,20,inferred_failure_aware,accuracy_guard,accuracy_guard,True,0.9,1.75,False,False,0.55,0.45,0.0,0.0,0.54,0.46,0.06,0.06,0.3584627752242009,0.007209198358578399,0.0030484500795953107,0.604562307957397,0.8287712480515963,True,0
process_disturbance_2.70,process_disturbance,13,5,baseline,normal,accuracy_guard,False,1.0,1.0,True,True,0.6,0.4,0.0,0.2,0.54,0.46,0.06,0.06,0.4015629986686082,0.0102405343571438,0.006744215672546794,0.6850914234539697,1.4241966809501276,True,0
process_disturbance_2.70,process_disturbance,13,5,reference_aware,accuracy_guard,accuracy_guard,True,0.9,1.75,False,False,0.6,0.4,0.0,0.2,0.54,0.46,0.06,0.06,0.40901846817791393,0.009439420776827894,0.005337294665028303,0.6453759938742342,1.2571113961165226,True,0
process_disturbance_2.70,process_disturbance,13,5,inferred_failure_aware,accuracy_guard,accuracy_guard,True,0.9,1.75,False,False,0.6,0.4,0.0,0.2,0.54,0.46,0.06,0.06,0.40901846817791393,0.009439420776827894,0.005337294665028303,0.6453759938742342,1.2571113961165226,True,0
process_disturbance_2.70,process_disturbance,13,10,baseline,normal,accuracy_guard,False,1.0,1.0,True,True,0.6,0.4,0.0,0.1,0.54,0.46,0.06,0.06,0.4015629986686082,0.0102405343571438,0.006744215672546794,0.6850914234539697,1.4241966809501276,True,0
process_disturbance_2.70,process_disturbance,13,10,reference_aware,accuracy_guard,accuracy_guard,True,0.9,1.75,False,False,0.6,0.4,0.0,0.1,0.54,0.46,0.06,0.06,0.40901846817791393,0.009439420776827894,0.005337294665028303,0.6453759938742342,1.2571113961165226,True,0
process_disturbance_2.70,process_disturbance,13,10,inferred_failure_aware,accuracy_guard,accuracy_guard,True,0.9,1.75,False,False,0.6,0.4,0.0,0.1,0.54,0.46,0.06,0.06,0.40901846817791393,0.009439420776827894,0.005337294665028303,0.6453759938742342,1.2571113961165226,True,0
process_disturbance_2.70,process_disturbance,13,20,baseline,normal,accuracy_guard,False,1.0,1.0,True,True,0.45,0.55,0.1,0.05,0.54,0.46,0.06,0.06,0.4015629986686082,0.0102405343571438,0.006744215672546794,0.6850914234539697,1.4241966809501276,True,0
process_disturbance_2.70,process_disturbance,13,20,reference_aware,accuracy_guard,accuracy_guard,True,0.9,1.75,False,False,0.45,0.55,0.1,0.05,0.54,0.46,0.06,0.06,0.40901846817791393,0.009439420776827894,0.005337294665028303,0.6453759938742342,1.2571113961165226,True,0
process_disturbance_2.70,process_disturbance,13,20,inferred_failure_aware,accuracy_guard,accuracy_guard,True,0.9,1.75,False,False,0.45,0.55,0.1,0.05,0.54,0.46,0.06,0.06,0.40901846817791393,0.009439420776827894,0.005337294665028303,0.6453759938742342,1.2571113961165226,True,0
process_disturbance_2.70,process_disturbance,14,5,baseline,normal,accuracy_guard,False,1.0,1.0,True,True,0.6,0.4,0.0,0.0,0.54,0.46,0.06,0.06,0.4140828820208227,0.008684999118114082,0.004163312963703536,0.6673946076811678,1.047397873088519,True,0
process_disturbance_2.70,process_disturbance,14,5,reference_aware,accuracy_guard,accuracy_guard,True,0.9,1.75,False,False,0.6,0.4,0.0,0.0,0.54,0.46,0.06,0.06,0.42085664075387413,0.007949504417605717,0.004100421840981361,0.6264437059684522,0.9924278254596761,True,0
process_disturbance_2.70,process_disturbance,14,5,inferred_failure_aware,accuracy_guard,accuracy_guard,True,0.9,1.75,False,False,0.6,0.4,0.0,0.0,0.54,0.46,0.06,0.06,0.42085664075387413,0.007949504417605717,0.004100421840981361,0.6264437059684522,0.9924278254596761,True,0
process_disturbance_2.70,process_disturbance,14,10,baseline,normal,accuracy_guard,False,1.0,1.0,True,True,0.6,0.4,0.0,0.0,0.54,0.46,0.06,0.06,0.4140828820208227,0.008684999118114082,0.004163312963703536,0.6673946076811678,1.047397873088519,True,0
process_disturbance_2.70,process_disturbance,14,10,reference_aware,accuracy_guard,accuracy_guard,True,0.9,1.75,False,False,0.6,0.4,0.0,0.0,0.54,0.46,0.06,0.06,0.42085664075387413,0.007949504417605717,0.004100421840981361,0.6264437059684522,0.9924278254596761,True,0
process_disturbance_2.70,process_disturbance,14,10,inferred_failure_aware,accuracy_guard,accuracy_guard,True,0.9,1.75,False,False,0.6,0.4,0.0,0.0,0.54,0.46,0.06,0.06,0.42085664075387413,0.007949504417605717,0.004100421840981361,0.6264437059684522,0.9924278254596761,True,0
process_disturbance_2.70,process_disturbance,14,20,baseline,normal,accuracy_guard,False,1.0,1.0,True,True,0.5,0.5,0.05,0.05,0.54,0.46,0.06,0.06,0.4140828820208227,0.008684999118114082,0.004163312963703536,0.6673946076811678,1.047397873088519,True,0
process_disturbance_2.70,process_disturbance,14,20,reference_aware,accuracy_guard,accuracy_guard,True,0.9,1.75,False,False,0.5,0.5,0.05,0.05,0.54,0.46,0.06,0.06,0.42085664075387413,0.007949504417605717,0.004100421840981361,0.6264437059684522,0.9924278254596761,True,0
process_disturbance_2.70,process_disturbance,14,20,inferred_failure_aware,accuracy_guard,accuracy_guard,True,0.9,1.75,False,False,0.5,0.5,0.05,0.05,0.54,0.46,0.06,0.06,0.42085664075387413,0.007949504417605717,0.004100421840981361,0.6264437059684522,0.9924278254596761,True,0
process_disturbance_2.70,process_disturbance,15,5,baseline,normal,accuracy_guard,False,1.0,1.0,True,True,0.6,0.4,0.2,0.2,0.54,0.46,0.06,0.06,0.37216270731937556,0.007483667145293648,0.006111367848751215,0.6611798731357047,1.3391361015384204,True,0
process_disturbance_2.70,process_disturbance,15,5,reference_aware,accuracy_guard,accuracy_guard,True,0.9,1.75,False,False,0.6,0.4,0.2,0.2,0.54,0.46,0.06,0.06,0.3701887955069551,0.006826121143027766,0.005986091616233202,0.6143573827201874,1.1773269658423307,True,0
process_disturbance_2.70,process_disturbance,15,5,inferred_failure_aware,accuracy_guard,accuracy_guard,True,0.9,1.75,False,False,0.6,0.4,0.2,0.2,0.54,0.46,0.06,0.06,0.3701887955069551,0.006826121143027766,0.005986091616233202,0.6143573827201874,1.1773269658423307,True,0
process_disturbance_2.70,process_disturbance,15,10,baseline,normal,accuracy_guard,False,1.0,1.0,True,True,0.4,0.6,0.2,0.2,0.54,0.46,0.06,0.06,0.37216270731937556,0.007483667145293648,0.006111367848751215,0.6611798731357047,1.3391361015384204,True,0
process_disturbance_2.70,process_disturbance,15,10,reference_aware,accuracy_guard,accuracy_guard,True,0.9,1.75,False,False,0.4,0.6,0.2,0.2,0.54,0.46,0.06,0.06,0.3701887955069551,0.006826121143027766,0.005986091616233202,0.6143573827201874,1.1773269658423307,True,0
process_disturbance_2.70,process_disturbance,15,10,inferred_failure_aware,accuracy_guard,accuracy_guard,True,0.9,1.75,False,False,0.4,0.6,0.2,0.2,0.54,0.46,0.06,0.06,0.3701887955069551,0.006826121143027766,0.005986091616233202,0.6143573827201874,1.1773269658423307,True,0
process_disturbance_2.70,process_disturbance,15,20,baseline,normal,accuracy_guard,False,1.0,1.0,True,True,0.5,0.5,0.15,0.1,0.54,0.46,0.06,0.06,0.37216270731937556,0.007483667145293648,0.006111367848751215,0.6611798731357047,1.3391361015384204,True,0
process_disturbance_2.70,process_disturbance,15,20,reference_aware,accuracy_guard,accuracy_guard,True,0.9,1.75,False,False,0.5,0.5,0.15,0.1,0.54,0.46,0.06,0.06,0.3701887955069551,0.006826121143027766,0.005986091616233202,0.6143573827201874,1.1773269658423307,True,0
process_disturbance_2.70,process_disturbance,15,20,inferred_failure_aware,accuracy_guard,accuracy_guard,True,0.9,1.75,False,False,0.5,0.5,0.15,0.1,0.54,0.46,0.06,0.06,0.3701887955069551,0.006826121143027766,0.005986091616233202,0.6143573827201874,1.1773269658423307,True,0
process_disturbance_2.70,process_disturbance,16,5,baseline,normal,accuracy_guard,False,1.0,1.0,True,True,0.4,0.6,0.0,0.2,0.54,0.46,0.06,0.06,0.3587191364191345,0.007858217206000296,0.007367307800164702,0.6450464299906461,1.175252923563089,True,0
process_disturbance_2.70,process_disturbance,16,5,reference_aware,accuracy_guard,accuracy_guard,True,0.9,1.75,False,False,0.4,0.6,0.0,0.2,0.54,0.46,0.06,0.06,0.3328945135345351,0.007169609762563303,0.0066233542535698575,0.6117454573879244,1.0433161824908164,True,0
process_disturbance_2.70,process_disturbance,16,5,inferred_failure_aware,accuracy_guard,accuracy_guard,True,0.9,1.75,False,False,0.4,0.6,0.0,0.2,0.54,0.46,0.06,0.06,0.3328945135345351,0.007169609762563303,0.0066233542535698575,0.6117454573879244,1.0433161824908164,True,0
process_disturbance_2.70,process_disturbance,16,10,baseline,normal,accuracy_guard,False,1.0,1.0,True,True,0.6,0.4,0.0,0.1,0.54,0.46,0.06,0.06,0.3587191364191345,0.007858217206000296,0.007367307800164702,0.6450464299906461,1.175252923563089,True,0
process_disturbance_2.70,process_disturbance,16,10,reference_aware,accuracy_guard,accuracy_guard,True,0.9,1.75,False,False,0.6,0.4,0.0,0.1,0.54,0.46,0.06,0.06,0.3328945135345351,0.007169609762563303,0.0066233542535698575,0.6117454573879244,1.0433161824908164,True,0
process_disturbance_2.70,process_disturbance,16,10,inferred_failure_aware,accuracy_guard,accuracy_guard,True,0.9,1.75,False,False,0.6,0.4,0.0,0.1,0.54,0.46,0.06,0.06,0.3328945135345351,0.007169609762563303,0.0066233542535698575,0.6117454573879244,1.0433161824908164,True,0
process_disturbance_2.70,process_disturbance,16,20,baseline,normal,accuracy_guard,False,1.0,1.0,True,True,0.55,0.45,0.0,0.1,0.54,0.46,0.06,0.06,0.3587191364191345,0.007858217206000296,0.007367307800164702,0.6450464299906461,1.175252923563089,True,0
process_disturbance_2.70,process_disturbance,16,20,reference_aware,accuracy_guard,accuracy_guard,True,0.9,1.75,False,False,0.55,0.45,0.0,0.1,0.54,0.46,0.06,0.06,0.3328945135345351,0.007169609762563303,0.0066233542535698575,0.6117454573879244,1.0433161824908164,True,0
process_disturbance_2.70,process_disturbance,16,20,inferred_failure_aware,accuracy_guard,accuracy_guard,True,0.9,1.75,False,False,0.55,0.45,0.0,0.1,0.54,0.46,0.06,0.06,0.3328945135345351,0.007169609762563303,0.0066233542535698575,0.6117454573879244,1.0433161824908164,True,0
process_disturbance_2.70,process_disturbance,17,5,baseline,normal,accuracy_guard,False,1.0,1.0,True,True,0.4,0.6,0.0,0.2,0.54,0.46,0.06,0.06,0.3685739614349684,0.00985614761512815,0.009278988100682062,0.6765660745230656,1.2437965112284683,True,0
process_disturbance_2.70,process_disturbance,17,5,reference_aware,accuracy_guard,accuracy_guard,True,0.9,1.75,False,False,0.4,0.6,0.0,0.2,0.54,0.46,0.06,0.06,0.373584081544722,0.008921917246388994,0.008578702162427398,0.6365218227452245,1.1033487953296999,True,0
process_disturbance_2.70,process_disturbance,17,5,inferred_failure_aware,accuracy_guard,accuracy_guard,True,0.9,1.75,False,False,0.4,0.6,0.0,0.2,0.54,0.46,0.06,0.06,0.373584081544722,0.008921917246388994,0.008578702162427398,0.6365218227452245,1.1033487953296999,True,0
process_disturbance_2.70,process_disturbance,17,10,baseline,normal,accuracy_guard,False,1.0,1.0,True,True,0.4,0.6,0.0,0.2,0.54,0.46,0.06,0.06,0.3685739614349684,0.00985614761512815,0.009278988100682062,0.6765660745230656,1.2437965112284683,True,0
process_disturbance_2.70,process_disturbance,17,10,reference_aware,accuracy_guard,accuracy_guard,True,0.9,1.75,False,False,0.4,0.6,0.0,0.2,0.54,0.46,0.06,0.06,0.373584081544722,0.008921917246388994,0.008578702162427398,0.6365218227452245,1.1033487953296999,True,0
process_disturbance_2.70,process_disturbance,17,10,inferred_failure_aware,accuracy_guard,accuracy_guard,True,0.9,1.75,False,False,0.4,0.6,0.0,0.2,0.54,0.46,0.06,0.06,0.373584081544722,0.008921917246388994,0.008578702162427398,0.6365218227452245,1.1033487953296999,True,0
process_disturbance_2.70,process_disturbance,17,20,baseline,normal,accuracy_guard,False,1.0,1.0,True,True,0.4,0.6,0.0,0.1,0.54,0.46,0.06,0.06,0.3685739614349684,0.00985614761512815,0.009278988100682062,0.6765660745230656,1.2437965112284683,True,0
process_disturbance_2.70,process_disturbance,17,20,reference_aware,accuracy_guard,accuracy_guard,True,0.9,1.75,False,False,0.4,0.6,0.0,0.1,0.54,0.46,0.06,0.06,0.373584081544722,0.008921917246388994,0.008578702162427398,0.6365218227452245,1.1033487953296999,True,0
process_disturbance_2.70,process_disturbance,17,20,inferred_failure_aware,accuracy_guard,accuracy_guard,True,0.9,1.75,False,False,0.4,0.6,0.0,0.1,0.54,0.46,0.06,0.06,0.373584081544722,0.008921917246388994,0.008578702162427398,0.6365218227452245,1.1033487953296999,True,0
process_disturbance_2.70,process_disturbance,18,5,baseline,normal,accuracy_guard,False,1.0,1.0,True,True,0.2,0.8,0.0,0.0,0.54,0.46,0.06,0.06,0.42335175586376916,0.009200061164343638,0.0009258917542112055,0.6825095899353173,1.3416574887246804,True,0
process_disturbance_2.70,process_disturbance,18,5,reference_aware,accuracy_guard,accuracy_guard,True,0.9,1.75,False,False,0.2,0.8,0.0,0.0,0.54,0.46,0.06,0.06,0.422916614412726,0.008374564607300846,0.0009542939872538847,0.6354730853352503,1.2068644848201817,True,0
process_disturbance_2.70,process_disturbance,18,5,inferred_failure_aware,accuracy_guard,accuracy_guard,True,0.9,1.75,False,False,0.2,0.8,0.0,0.0,0.54,0.46,0.06,0.06,0.422916614412726,0.008374564607300846,0.0009542939872538847,0.6354730853352503,1.2068644848201817,True,0
process_disturbance_2.70,process_disturbance,18,10,baseline,normal,accuracy_guard,False,1.0,1.0,True,True,0.5,0.5,0.0,0.0,0.54,0.46,0.06,0.06,0.42335175586376916,0.009200061164343638,0.0009258917542112055,0.6825095899353173,1.3416574887246804,True,0
process_disturbance_2.70,process_disturbance,18,10,reference_aware,accuracy_guard,accuracy_guard,True,0.9,1.75,False,False,0.5,0.5,0.0,0.0,0.54,0.46,0.06,0.06,0.422916614412726,0.008374564607300846,0.0009542939872538847,0.6354730853352503,1.2068644848201817,True,0
process_disturbance_2.70,process_disturbance,18,10,inferred_failure_aware,accuracy_guard,accuracy_guard,True,0.9,1.75,False,False,0.5,0.5,0.0,0.0,0.54,0.46,0.06,0.06,0.422916614412726,0.008374564607300846,0.0009542939872538847,0.6354730853352503,1.2068644848201817,True,0
process_disturbance_2.70,process_disturbance,18,20,baseline,normal,accuracy_guard,False,1.0,1.0,True,True,0.5,0.5,0.05,0.0,0.54,0.46,0.06,0.06,0.42335175586376916,0.009200061164343638,0.0009258917542112055,0.6825095899353173,1.3416574887246804,True,0
process_disturbance_2.70,process_disturbance,18,20,reference_aware,accuracy_guard,accuracy_guard,True,0.9,1.75,False,False,0.5,0.5,0.05,0.0,0.54,0.46,0.06,0.06,0.422916614412726,0.008374564607300846,0.0009542939872538847,0.6354730853352503,1.2068644848201817,True,0
process_disturbance_2.70,process_disturbance,18,20,inferred_failure_aware,accuracy_guard,accuracy_guard,True,0.9,1.75,False,False,0.5,0.5,0.05,0.0,0.54,0.46,0.06,0.06,0.422916614412726,0.008374564607300846,0.0009542939872538847,0.6354730853352503,1.2068644848201817,True,0
process_disturbance_2.70,process_disturbance,19,5,baseline,normal,accuracy_guard,False,1.0,1.0,True,True,0.4,0.6,0.0,0.0,0.54,0.46,0.06,0.06,0.4350243891135047,0.009194094633246002,0.001578492827914002,0.6455695314449172,1.118012580679264,True,0
process_disturbance_2.70,process_disturbance,19,5,reference_aware,accuracy_guard,accuracy_guard,True,0.9,1.75,False,False,0.4,0.6,0.0,0.0,0.54,0.46,0.06,0.06,0.42876496892665883,0.008735758958393796,0.00151117529033451,0.6147048737896023,1.0291653502541918,True,0
process_disturbance_2.70,process_disturbance,19,5,inferred_failure_aware,accuracy_guard,accuracy_guard,True,0.9,1.75,False,False,0.4,0.6,0.0,0.0,0.54,0.46,0.06,0.06,0.42876496892665883,0.008735758958393796,0.00151117529033451,0.6147048737896023,1.0291653502541918,True,0
process_disturbance_2.70,process_disturbance,19,10,baseline,normal,accuracy_guard,False,1.0,1.0,True,True,0.4,0.6,0.1,0.0,0.54,0.46,0.06,0.06,0.4350243891135047,0.009194094633246002,0.001578492827914002,0.6455695314449172,1.118012580679264,True,0
process_disturbance_2.70,process_disturbance,19,10,reference_aware,accuracy_guard,accuracy_guard,True,0.9,1.75,False,False,0.4,0.6,0.1,0.0,0.54,0.46,0.06,0.06,0.42876496892665883,0.008735758958393796,0.00151117529033451,0.6147048737896023,1.0291653502541918,True,0
process_disturbance_2.70,process_disturbance,19,10,inferred_failure_aware,accuracy_guard,accuracy_guard,True,0.9,1.75,False,False,0.4,0.6,0.1,0.0,0.54,0.46,0.06,0.06,0.42876496892665883,0.008735758958393796,0.00151117529033451,0.6147048737896023,1.0291653502541918,True,0
process_disturbance_2.70,process_disturbance,19,20,baseline,normal,accuracy_guard,False,1.0,1.0,True,True,0.55,0.45,0.1,0.05,0.54,0.46,0.06,0.06,0.4350243891135047,0.009194094633246002,0.001578492827914002,0.6455695314449172,1.118012580679264,True,0
process_disturbance_2.70,process_disturbance,19,20,reference_aware,accuracy_guard,accuracy_guard,True,0.9,1.75,False,False,0.55,0.45,0.1,0.05,0.54,0.46,0.06,0.06,0.42876496892665883,0.008735758958393796,0.00151117529033451,0.6147048737896023,1.0291653502541918,True,0
process_disturbance_2.70,process_disturbance,19,20,inferred_failure_aware,accuracy_guard,accuracy_guard,True,0.9,1.75,False,False,0.55,0.45,0.1,0.05,0.54,0.46,0.06,0.06,0.42876496892665883,0.008735758958393796,0.00151117529033451,0.6147048737896023,1.0291653502541918,True,0
process_disturbance_2.70,process_disturbance,20,5,baseline,normal,accuracy_guard,False,1.0,1.0,True,True,0.2,0.8,0.0,0.2,0.54,0.46,0.06,0.06,0.3218025462406831,0.010288249670165898,0.002125472197686551,0.6585502823832742,1.252774307357568,True,0
process_disturbance_2.70,process_disturbance,20,5,reference_aware,accuracy_guard,accuracy_guard,True,0.9,1.75,False,False,0.2,0.8,0.0,0.2,0.54,0.46,0.06,0.06,0.31801331505341407,0.009889436579943836,0.0014075490363610887,0.6244489379821356,1.1457380707649467,True,0
process_disturbance_2.70,process_disturbance,20,5,inferred_failure_aware,accuracy_guard,accuracy_guard,True,0.9,1.75,False,False,0.2,0.8,0.0,0.2,0.54,0.46,0.06,0.06,0.31801331505341407,0.009889436579943836,0.0014075490363610887,0.6244489379821356,1.1457380707649467,True,0
process_disturbance_2.70,process_disturbance,20,10,baseline,normal,accuracy_guard,False,1.0,1.0,True,True,0.5,0.5,0.0,0.1,0.54,0.46,0.06,0.06,0.3218025462406831,0.010288249670165898,0.002125472197686551,0.6585502823832742,1.252774307357568,True,0
process_disturbance_2.70,process_disturbance,20,10,reference_aware,accuracy_guard,accuracy_guard,True,0.9,1.75,False,False,0.5,0.5,0.0,0.1,0.54,0.46,0.06,0.06,0.31801331505341407,0.009889436579943836,0.0014075490363610887,0.6244489379821356,1.1457380707649467,True,0
process_disturbance_2.70,process_disturbance,20,10,inferred_failure_aware,accuracy_guard,accuracy_guard,True,0.9,1.75,False,False,0.5,0.5,0.0,0.1,0.54,0.46,0.06,0.06,0.31801331505341407,0.009889436579943836,0.0014075490363610887,0.6244489379821356,1.1457380707649467,True,0
process_disturbance_2.70,process_disturbance,20,20,baseline,normal,accuracy_guard,False,1.0,1.0,True,True,0.5,0.5,0.0,0.05,0.54,0.46,0.06,0.06,0.3218025462406831,0.010288249670165898,0.002125472197686551,0.6585502823832742,1.252774307357568,True,0
process_disturbance_2.70,process_disturbance,20,20,reference_aware,accuracy_guard,accuracy_guard,True,0.9,1.75,False,False,0.5,0.5,0.0,0.05,0.54,0.46,0.06,0.06,0.31801331505341407,0.009889436579943836,0.0014075490363610887,0.6244489379821356,1.1457380707649467,True,0
process_disturbance_2.70,process_disturbance,20,20,inferred_failure_aware,accuracy_guard,accuracy_guard,True,0.9,1.75,False,False,0.5,0.5,0.0,0.05,0.54,0.46,0.06,0.06,0.31801331505341407,0.009889436579943836,0.0014075490363610887,0.6244489379821356,1.1457380707649467,True,0
process_disturbance_2.70,process_disturbance,21,5,baseline,normal,accuracy_guard,False,1.0,1.0,True,True,0.6,0.4,0.2,0.0,0.54,0.46,0.06,0.06,0.4120228502253057,0.009208830264997943,0.007686988701679165,0.6487583424767184,1.1619240438582374,True,0
process_disturbance_2.70,process_disturbance,21,5,reference_aware,accuracy_guard,accuracy_guard,True,0.9,1.75,False,False,0.6,0.4,0.2,0.0,0.54,0.46,0.06,0.06,0.40182025208160876,0.008180518335458912,0.0068709327336530235,0.6170431809465153,1.0373488462252758,True,0
process_disturbance_2.70,process_disturbance,21,5,inferred_failure_aware,accuracy_guard,accuracy_guard,True,0.9,1.75,False,False,0.6,0.4,0.2,0.0,0.54,0.46,0.06,0.06,0.40182025208160876,0.008180518335458912,0.0068709327336530235,0.6170431809465153,1.0373488462252758,True,0
process_disturbance_2.70,process_disturbance,21,10,baseline,normal,accuracy_guard,False,1.0,1.0,True,True,0.6,0.4,0.2,0.1,0.54,0.46,0.06,0.06,0.4120228502253057,0.009208830264997943,0.007686988701679165,0.6487583424767184,1.1619240438582374,True,0
process_disturbance_2.70,process_disturbance,21,10,reference_aware,accuracy_guard,accuracy_guard,True,0.9,1.75,False,False,0.6,0.4,0.2,0.1,0.54,0.46,0.06,0.06,0.40182025208160876,0.008180518335458912,0.0068709327336530235,0.6170431809465153,1.0373488462252758,True,0
process_disturbance_2.70,process_disturbance,21,10,inferred_failure_aware,accuracy_guard,accuracy_guard,True,0.9,1.75,False,False,0.6,0.4,0.2,0.1,0.54,0.46,0.06,0.06,0.40182025208160876,0.008180518335458912,0.0068709327336530235,0.6170431809465153,1.0373488462252758,True,0
process_disturbance_2.70,process_disturbance,21,20,baseline,normal,accuracy_guard,False,1.0,1.0,True,True,0.5,0.5,0.15,0.05,0.54,0.46,0.06,0.06,0.4120228502253057,0.009208830264997943,0.007686988701679165,0.6487583424767184,1.1619240438582374,True,0
process_disturbance_2.70,process_disturbance,21,20,reference_aware,accuracy_guard,accuracy_guard,True,0.9,1.75,False,False,0.5,0.5,0.15,0.05,0.54,0.46,0.06,0.06,0.40182025208160876,0.008180518335458912,0.0068709327336530235,0.6170431809465153,1.0373488462252758,True,0
process_disturbance_2.70,process_disturbance,21,20,inferred_failure_aware,accuracy_guard,accuracy_guard,True,0.9,1.75,False,False,0.5,0.5,0.15,0.05,0.54,0.46,0.06,0.06,0.40182025208160876,0.008180518335458912,0.0068709327336530235,0.6170431809465153,1.0373488462252758,True,0
process_disturbance_2.70,process_disturbance,22,5,baseline,normal,accuracy_guard,False,1.0,1.0,True,True,0.6,0.4,0.0,0.0,0.54,0.46,0.06,0.06,0.21567587341095779,0.006030457390541194,0.007661117483401925,0.6240797047299801,0.924933574193178,True,0
process_disturbance_2.70,process_disturbance,22,5,reference_aware,accuracy_guard,accuracy_guard,True,0.9,1.75,False,False,0.6,0.4,0.0,0.0,0.54,0.46,0.06,0.06,0.18758027518754442,0.005217351652143692,0.0061909501523429444,0.5855509381680146,0.8195528795999719,True,0
process_disturbance_2.70,process_disturbance,22,5,inferred_failure_aware,accuracy_guard,accuracy_guard,True,0.9,1.75,False,False,0.6,0.4,0.0,0.0,0.54,0.46,0.06,0.06,0.18758027518754442,0.005217351652143692,0.0061909501523429444,0.5855509381680146,0.8195528795999719,True,0
process_disturbance_2.70,process_disturbance,22,10,baseline,normal,accuracy_guard,False,1.0,1.0,True,True,0.6,0.4,0.0,0.0,0.54,0.46,0.06,0.06,0.21567587341095779,0.006030457390541194,0.007661117483401925,0.6240797047299801,0.924933574193178,True,0
process_disturbance_2.70,process_disturbance,22,10,reference_aware,accuracy_guard,accuracy_guard,True,0.9,1.75,False,False,0.6,0.4,0.0,0.0,0.54,0.46,0.06,0.06,0.18758027518754442,0.005217351652143692,0.0061909501523429444,0.5855509381680146,0.8195528795999719,True,0
process_disturbance_2.70,process_disturbance,22,10,inferred_failure_aware,accuracy_guard,accuracy_guard,True,0.9,1.75,False,False,0.6,0.4,0.0,0.0,0.54,0.46,0.06,0.06,0.18758027518754442,0.005217351652143692,0.0061909501523429444,0.5855509381680146,0.8195528795999719,True,0
process_disturbance_2.70,process_disturbance,22,20,baseline,normal,accuracy_guard,False,1.0,1.0,True,True,0.5,0.5,0.0,0.0,0.54,0.46,0.06,0.06,0.21567587341095779,0.006030457390541194,0.007661117483401925,0.6240797047299801,0.924933574193178,True,0
process_disturbance_2.70,process_disturbance,22,20,reference_aware,accuracy_guard,accuracy_guard,True,0.9,1.75,False,False,0.5,0.5,0.0,0.0,0.54,0.46,0.06,0.06,0.18758027518754442,0.005217351652143692,0.0061909501523429444,0.5855509381680146,0.8195528795999719,True,0
process_disturbance_2.70,process_disturbance,22,20,inferred_failure_aware,accuracy_guard,accuracy_guard,True,0.9,1.75,False,False,0.5,0.5,0.0,0.0,0.54,0.46,0.06,0.06,0.18758027518754442,0.005217351652143692,0.0061909501523429444,0.5855509381680146,0.8195528795999719,True,0
process_disturbance_2.70,process_disturbance,23,5,baseline,normal,accuracy_guard,False,1.0,1.0,True,True,0.6,0.4,0.0,0.0,0.54,0.46,0.06,0.06,0.25471869355280397,0.010204116531903722,0.0029559058622720125,0.7161788417364305,1.3025869238201662,True,0
process_disturbance_2.70,process_disturbance,23,5,reference_aware,accuracy_guard,accuracy_guard,True,0.9,1.75,False,False,0.6,0.4,0.0,0.0,0.54,0.46,0.06,0.06,0.24964812703973605,0.009330743086323475,0.002872794204580198,0.6678474103332928,1.1523534181600676,True,0
process_disturbance_2.70,process_disturbance,23,5,inferred_failure_aware,accuracy_guard,accuracy_guard,True,0.9,1.75,False,False,0.6,0.4,0.0,0.0,0.54,0.46,0.06,0.06,0.24964812703973605,0.009330743086323475,0.002872794204580198,0.6678474103332928,1.1523534181600676,True,0
process_disturbance_2.70,process_disturbance,23,10,baseline,normal,accuracy_guard,False,1.0,1.0,True,True,0.6,0.4,0.0,0.1,0.54,0.46,0.06,0.06,0.25471869355280397,0.010204116531903722,0.0029559058622720125,0.7161788417364305,1.3025869238201662,True,0
process_disturbance_2.70,process_disturbance,23,10,reference_aware,accuracy_guard,accuracy_guard,True,0.9,1.75,False,False,0.6,0.4,0.0,0.1,0.54,0.46,0.06,0.06,0.24964812703973605,0.009330743086323475,0.002872794204580198,0.6678474103332928,1.1523534181600676,True,0
process_disturbance_2.70,process_disturbance,23,10,inferred_failure_aware,accuracy_guard,accuracy_guard,True,0.9,1.75,False,False,0.6,0.4,0.0,0.1,0.54,0.46,0.06,0.06,0.24964812703973605,0.009330743086323475,0.002872794204580198,0.6678474103332928,1.1523534181600676,True,0
process_disturbance_2.70,process_disturbance,23,20,baseline,normal,accuracy_guard,False,1.0,1.0,True,True,0.55,0.45,0.0,0.1,0.54,0.46,0.06,0.06,0.25471869355280397,0.010204116531903722,0.0029559058622720125,0.7161788417364305,1.3025869238201662,True,0
process_disturbance_2.70,process_disturbance,23,20,reference_aware,accuracy_guard,accuracy_guard,True,0.9,1.75,False,False,0.55,0.45,0.0,0.1,0.54,0.46,0.06,0.06,0.24964812703973605,0.009330743086323475,0.002872794204580198,0.6678474103332928,1.1523534181600676,True,0
process_disturbance_2.70,process_disturbance,23,20,inferred_failure_aware,accuracy_guard,accuracy_guard,True,0.9,1.75,False,False,0.55,0.45,0.0,0.1,0.54,0.46,0.06,0.06,0.24964812703973605,0.009330743086323475,0.002872794204580198,0.6678474103332928,1.1523534181600676,True,0
process_disturbance_2.70,process_disturbance,24,5,baseline,normal,accuracy_guard,False,1.0,1.0,True,True,0.4,0.6,0.2,0.0,0.54,0.46,0.06,0.06,0.337588185222618,0.008180240540726238,0.0016003384424406741,0.671599397163944,1.2840688776018596,True,0
process_disturbance_2.70,process_disturbance,24,5,reference_aware,accuracy_guard,accuracy_guard,True,0.9,1.75,False,False,0.4,0.6,0.2,0.0,0.54,0.46,0.06,0.06,0.3133403454252099,0.007150132437958751,0.0016662442343290396,0.6328102962347774,1.1240106107415766,True,0
process_disturbance_2.70,process_disturbance,24,5,inferred_failure_aware,accuracy_guard,accuracy_guard,True,0.9,1.75,False,False,0.4,0.6,0.2,0.0,0.54,0.46,0.06,0.06,0.3133403454252099,0.007150132437958751,0.0016662442343290396,0.6328102962347774,1.1240106107415766,True,0
process_disturbance_2.70,process_disturbance,24,10,baseline,normal,accuracy_guard,False,1.0,1.0,True,True,0.6,0.4,0.1,0.0,0.54,0.46,0.06,0.06,0.337588185222618,0.008180240540726238,0.0016003384424406741,0.671599397163944,1.2840688776018596,True,0
process_disturbance_2.70,process_disturbance,24,10,reference_aware,accuracy_guard,accuracy_guard,True,0.9,1.75,False,False,0.6,0.4,0.1,0.0,0.54,0.46,0.06,0.06,0.3133403454252099,0.007150132437958751,0.0016662442343290396,0.6328102962347774,1.1240106107415766,True,0
process_disturbance_2.70,process_disturbance,24,10,inferred_failure_aware,accuracy_guard,accuracy_guard,True,0.9,1.75,False,False,0.6,0.4,0.1,0.0,0.54,0.46,0.06,0.06,0.3133403454252099,0.007150132437958751,0.0016662442343290396,0.6328102962347774,1.1240106107415766,True,0
process_disturbance_2.70,process_disturbance,24,20,baseline,normal,accuracy_guard,False,1.0,1.0,True,True,0.6,0.4,0.1,0.05,0.54,0.46,0.06,0.06,0.337588185222618,0.008180240540726238,0.0016003384424406741,0.671599397163944,1.2840688776018596,True,0
process_disturbance_2.70,process_disturbance,24,20,reference_aware,accuracy_guard,accuracy_guard,True,0.9,1.75,False,False,0.6,0.4,0.1,0.05,0.54,0.46,0.06,0.06,0.3133403454252099,0.007150132437958751,0.0016662442343290396,0.6328102962347774,1.1240106107415766,True,0
process_disturbance_2.70,process_disturbance,24,20,inferred_failure_aware,accuracy_guard,accuracy_guard,True,0.9,1.75,False,False,0.6,0.4,0.1,0.05,0.54,0.46,0.06,0.06,0.3133403454252099,0.007150132437958751,0.0016662442343290396,0.6328102962347774,1.1240106107415766,True,0
process_disturbance_2.70,process_disturbance,25,5,baseline,normal,accuracy_guard,False,1.0,1.0,True,True,0.6,0.4,0.0,0.2,0.54,0.46,0.06,0.06,0.3954707687354915,0.011675979056297343,0.004864854321528278,0.6965519988875447,1.6593191859301046,True,0
process_disturbance_2.70,process_disturbance,25,5,reference_aware,accuracy_guard,accuracy_guard,True,0.9,1.75,False,False,0.6,0.4,0.0,0.2,0.54,0.46,0.06,0.06,0.38900158876854335,0.010969089195580525,0.005043064708021183,0.6539797926506885,1.5217727922006516,True,0
process_disturbance_2.70,process_disturbance,25,5,inferred_failure_aware,accuracy_guard,accuracy_guard,True,0.9,1.75,False,False,0.6,0.4,0.0,0.2,0.54,0.46,0.06,0.06,0.38900158876854335,0.010969089195580525,0.005043064708021183,0.6539797926506885,1.5217727922006516,True,0
process_disturbance_2.70,process_disturbance,25,10,baseline,normal,accuracy_guard,False,1.0,1.0,True,True,0.4,0.6,0.1,0.2,0.54,0.46,0.06,0.06,0.3954707687354915,0.011675979056297343,0.004864854321528278,0.6965519988875447,1.6593191859301046,True,0
process_disturbance_2.70,process_disturbance,25,10,reference_aware,accuracy_guard,accuracy_guard,True,0.9,1.75,False,False,0.4,0.6,0.1,0.2,0.54,0.46,0.06,0.06,0.38900158876854335,0.010969089195580525,0.005043064708021183,0.6539797926506885,1.5217727922006516,True,0
process_disturbance_2.70,process_disturbance,25,10,inferred_failure_aware,accuracy_guard,accuracy_guard,True,0.9,1.75,False,False,0.4,0.6,0.1,0.2,0.54,0.46,0.06,0.06,0.38900158876854335,0.010969089195580525,0.005043064708021183,0.6539797926506885,1.5217727922006516,True,0
process_disturbance_2.70,process_disturbance,25,20,baseline,normal,accuracy_guard,False,1.0,1.0,True,True,0.55,0.45,0.05,0.1,0.54,0.46,0.06,0.06,0.3954707687354915,0.011675979056297343,0.004864854321528278,0.6965519988875447,1.6593191859301046,True,0
process_disturbance_2.70,process_disturbance,25,20,reference_aware,accuracy_guard,accuracy_guard,True,0.9,1.75,False,False,0.55,0.45,0.05,0.1,0.54,0.46,0.06,0.06,0.38900158876854335,0.010969089195580525,0.005043064708021183,0.6539797926506885,1.5217727922006516,True,0
process_disturbance_2.70,process_disturbance,25,20,inferred_failure_aware,accuracy_guard,accuracy_guard,True,0.9,1.75,False,False,0.55,0.45,0.05,0.1,0.54,0.46,0.06,0.06,0.38900158876854335,0.010969089195580525,0.005043064708021183,0.6539797926506885,1.5217727922006516,True,0
process_disturbance_2.70,process_disturbance,26,5,baseline,normal,accuracy_guard,False,1.0,1.0,True,True,0.6,0.4,0.2,0.0,0.54,0.46,0.06,0.06,0.32644412591517535,0.010632029596873073,0.002279214486110126,0.6732171960414527,1.6874359120794848,True,0
process_disturbance_2.70,process_disturbance,26,5,reference_aware,accuracy_guard,accuracy_guard,True,0.9,1.75,False,False,0.6,0.4,0.2,0.0,0.54,0.46,0.06,0.06,0.31539982528970106,0.009615588519799208,0.001577758453940259,0.6349065313590377,1.5457721793427928,True,0
process_disturbance_2.70,process_disturbance,26,5,inferred_failure_aware,accuracy_guard,accuracy_guard,True,0.9,1.75,False,False,0.6,0.4,0.2,0.0,0.54,0.46,0.06,0.06,0.31539982528970106,0.009615588519799208,0.001577758453940259,0.6349065313590377,1.5457721793427928,True,0
process_disturbance_2.70,process_disturbance,26,10,baseline,normal,accuracy_guard,False,1.0,1.0,True,True,0.7,0.3,0.1,0.0,0.54,0.46,0.06,0.06,0.32644412591517535,0.010632029596873073,0.002279214486110126,0.6732171960414527,1.6874359120794848,True,0
process_disturbance_2.70,process_disturbance,26,10,reference_aware,accuracy_guard,accuracy_guard,True,0.9,1.75,False,False,0.7,0.3,0.1,0.0,0.54,0.46,0.06,0.06,0.31539982528970106,0.009615588519799208,0.001577758453940259,0.6349065313590377,1.5457721793427928,True,0
process_disturbance_2.70,process_disturbance,26,10,inferred_failure_aware,accuracy_guard,accuracy_guard,True,0.9,1.75,False,False,0.7,0.3,0.1,0.0,0.54,0.46,0.06,0.06,0.31539982528970106,0.009615588519799208,0.001577758453940259,0.6349065313590377,1.5457721793427928,True,0
process_disturbance_2.70,process_disturbance,26,20,baseline,normal,accuracy_guard,False,1.0,1.0,True,True,0.65,0.35,0.1,0.05,0.54,0.46,0.06,0.06,0.32644412591517535,0.010632029596873073,0.002279214486110126,0.6732171960414527,1.6874359120794848,True,0
process_disturbance_2.70,process_disturbance,26,20,reference_aware,accuracy_guard,accuracy_guard,True,0.9,1.75,False,False,0.65,0.35,0.1,0.05,0.54,0.46,0.06,0.06,0.31539982528970106,0.009615588519799208,0.001577758453940259,0.6349065313590377,1.5457721793427928,True,0
process_disturbance_2.70,process_disturbance,26,20,inferred_failure_aware,accuracy_guard,accuracy_guard,True,0.9,1.75,False,False,0.65,0.35,0.1,0.05,0.54,0.46,0.06,0.06,0.31539982528970106,0.009615588519799208,0.001577758453940259,0.6349065313590377,1.5457721793427928,True,0
process_disturbance_2.70,process_disturbance,27,5,baseline,normal,accuracy_guard,False,1.0,1.0,True,True,0.2,0.8,0.0,0.0,0.54,0.46,0.06,0.06,0.4372832969088545,0.01052666822692841,0.01036985502006571,0.6743520382998277,1.495361633645849,True,0
process_disturbance_2.70,process_disturbance,27,5,reference_aware,accuracy_guard,accuracy_guard,True,0.9,1.75,False,False,0.2,0.8,0.0,0.0,0.54,0.46,0.06,0.06,0.4310024896076313,0.009581724261019556,0.008777698133912382,0.6321281976565762,1.3833541204671618,True,0
process_disturbance_2.70,process_disturbance,27,5,inferred_failure_aware,accuracy_guard,accuracy_guard,True,0.9,1.75,False,False,0.2,0.8,0.0,0.0,0.54,0.46,0.06,0.06,0.4310024896076313,0.009581724261019556,0.008777698133912382,0.6321281976565762,1.3833541204671618,True,0
process_disturbance_2.70,process_disturbance,27,10,baseline,normal,accuracy_guard,False,1.0,1.0,True,True,0.2,0.8,0.0,0.1,0.54,0.46,0.06,0.06,0.4372832969088545,0.01052666822692841,0.01036985502006571,0.6743520382998277,1.495361633645849,True,0
process_disturbance_2.70,process_disturbance,27,10,reference_aware,accuracy_guard,accuracy_guard,True,0.9,1.75,False,False,0.2,0.8,0.0,0.1,0.54,0.46,0.06,0.06,0.4310024896076313,0.009581724261019556,0.008777698133912382,0.6321281976565762,1.3833541204671618,True,0
process_disturbance_2.70,process_disturbance,27,10,inferred_failure_aware,accuracy_guard,accuracy_guard,True,0.9,1.75,False,False,0.2,0.8,0.0,0.1,0.54,0.46,0.06,0.06,0.4310024896076313,0.009581724261019556,0.008777698133912382,0.6321281976565762,1.3833541204671618,True,0
process_disturbance_2.70,process_disturbance,27,20,baseline,normal,accuracy_guard,False,1.0,1.0,True,True,0.35,0.65,0.0,0.15,0.54,0.46,0.06,0.06,0.4372832969088545,0.01052666822692841,0.01036985502006571,0.6743520382998277,1.495361633645849,True,0
process_disturbance_2.70,process_disturbance,27,20,reference_aware,accuracy_guard,accuracy_guard,True,0.9,1.75,False,False,0.35,0.65,0.0,0.15,0.54,0.46,0.06,0.06,0.4310024896076313,0.009581724261019556,0.008777698133912382,0.6321281976565762,1.3833541204671618,True,0
process_disturbance_2.70,process_disturbance,27,20,inferred_failure_aware,accuracy_guard,accuracy_guard,True,0.9,1.75,False,False,0.35,0.65,0.0,0.15,0.54,0.46,0.06,0.06,0.4310024896076313,0.009581724261019556,0.008777698133912382,0.6321281976565762,1.3833541204671618,True,0
process_disturbance_2.70,process_disturbance,28,5,baseline,normal,accuracy_guard,False,1.0,1.0,True,True,0.8,0.2,0.2,0.0,0.54,0.46,0.06,0.06,0.47354700719771786,0.010888613858951261,0.005268982456599347,0.7173710611779989,1.7484887396314845,True,0
process_disturbance_2.70,process_disturbance,28,5,reference_aware,accuracy_guard,accuracy_guard,True,0.9,1.75,False,False,0.8,0.2,0.2,0.0,0.54,0.46,0.06,0.06,0.46952595006636627,0.010043195128528398,0.003651359365523299,0.6718449299256476,1.6134564418039727,True,0
process_disturbance_2.70,process_disturbance,28,5,inferred_failure_aware,accuracy_guard,accuracy_guard,True,0.9,1.75,False,False,0.8,0.2,0.2,0.0,0.54,0.46,0.06,0.06,0.46952595006636627,0.010043195128528398,0.003651359365523299,0.6718449299256476,1.6134564418039727,True,0
process_disturbance_2.70,process_disturbance,28,10,baseline,normal,accuracy_guard,False,1.0,1.0,True,True,0.6,0.4,0.1,0.0,0.54,0.46,0.06,0.06,0.47354700719771786,0.010888613858951261,0.005268982456599347,0.7173710611779989,1.7484887396314845,True,0
process_disturbance_2.70,process_disturbance,28,10,reference_aware,accuracy_guard,accuracy_guard,True,0.9,1.75,False,False,0.6,0.4,0.1,0.0,0.54,0.46,0.06,0.06,0.46952595006636627,0.010043195128528398,0.003651359365523299,0.6718449299256476,1.6134564418039727,True,0
process_disturbance_2.70,process_disturbance,28,10,inferred_failure_aware,accuracy_guard,accuracy_guard,True,0.9,1.75,False,False,0.6,0.4,0.1,0.0,0.54,0.46,0.06,0.06,0.46952595006636627,0.010043195128528398,0.003651359365523299,0.6718449299256476,1.6134564418039727,True,0
process_disturbance_2.70,process_disturbance,28,20,baseline,normal,accuracy_guard,False,1.0,1.0,True,True,0.6,0.4,0.1,0.05,0.54,0.46,0.06,0.06,0.47354700719771786,0.010888613858951261,0.005268982456599347,0.7173710611779989,1.7484887396314845,True,0
process_disturbance_2.70,process_disturbance,28,20,reference_aware,accuracy_guard,accuracy_guard,True,0.9,1.75,False,False,0.6,0.4,0.1,0.05,0.54,0.46,0.06,0.06,0.46952595006636627,0.010043195128528398,0.003651359365523299,0.6718449299256476,1.6134564418039727,True,0
process_disturbance_2.70,process_disturbance,28,20,inferred_failure_aware,accuracy_guard,accuracy_guard,True,0.9,1.75,False,False,0.6,0.4,0.1,0.05,0.54,0.46,0.06,0.06,0.46952595006636627,0.010043195128528398,0.003651359365523299,0.6718449299256476,1.6134564418039727,True,0
process_disturbance_2.70,process_disturbance,29,5,baseline,normal,accuracy_guard,False,1.0,1.0,True,True,0.4,0.6,0.0,0.2,0.54,0.46,0.06,0.06,0.3334210723448473,0.009879093490429225,0.0034171207318304253,0.6461799822472991,1.3165440116150668,True,0
process_disturbance_2.70,process_disturbance,29,5,reference_aware,accuracy_guard,accuracy_guard,True,0.9,1.75,False,False,0.4,0.6,0.0,0.2,0.54,0.46,0.06,0.06,0.32564276278144916,0.009155014150811243,0.0026265446753557242,0.6116043105289408,1.2082907315645064,True,0
process_disturbance_2.70,process_disturbance,29,5,inferred_failure_aware,accuracy_guard,accuracy_guard,True,0.9,1.75,False,False,0.4,0.6,0.0,0.2,0.54,0.46,0.06,0.06,0.32564276278144916,0.009155014150811243,0.0026265446753557242,0.6116043105289408,1.2082907315645064,True,0
process_disturbance_2.70,process_disturbance,29,10,baseline,normal,accuracy_guard,False,1.0,1.0,True,True,0.6,0.4,0.0,0.1,0.54,0.46,0.06,0.06,0.3334210723448473,0.009879093490429225,0.0034171207318304253,0.6461799822472991,1.3165440116150668,True,0
process_disturbance_2.70,process_disturbance,29,10,reference_aware,accuracy_guard,accuracy_guard,True,0.9,1.75,False,False,0.6,0.4,0.0,0.1,0.54,0.46,0.06,0.06,0.32564276278144916,0.009155014150811243,0.0026265446753557242,0.6116043105289408,1.2082907315645064,True,0
process_disturbance_2.70,process_disturbance,29,10,inferred_failure_aware,accuracy_guard,accuracy_guard,True,0.9,1.75,False,False,0.6,0.4,0.0,0.1,0.54,0.46,0.06,0.06,0.32564276278144916,0.009155014150811243,0.0026265446753557242,0.6116043105289408,1.2082907315645064,True,0
process_disturbance_2.70,process_disturbance,29,20,baseline,normal,accuracy_guard,False,1.0,1.0,True,True,0.55,0.45,0.05,0.1,0.54,0.46,0.06,0.06,0.3334210723448473,0.009879093490429225,0.0034171207318304253,0.6461799822472991,1.3165440116150668,True,0
process_disturbance_2.70,process_disturbance,29,20,reference_aware,accuracy_guard,accuracy_guard,True,0.9,1.75,False,False,0.55,0.45,0.05,0.1,0.54,0.46,0.06,0.06,0.32564276278144916,0.009155014150811243,0.0026265446753557242,0.6116043105289408,1.2082907315645064,True,0
process_disturbance_2.70,process_disturbance,29,20,inferred_failure_aware,accuracy_guard,accuracy_guard,True,0.9,1.75,False,False,0.55,0.45,0.05,0.1,0.54,0.46,0.06,0.06,0.32564276278144916,0.009155014150811243,0.0026265446753557242,0.6116043105289408,1.2082907315645064,True,0
process_disturbance_2.70,process_disturbance,30,5,baseline,normal,accuracy_guard,False,1.0,1.0,True,True,0.8,0.2,0.0,0.0,0.54,0.46,0.06,0.06,0.26893721410838656,0.008107507681475525,0.006201948176876582,0.7034872640736529,1.0582748113868046,True,0
process_disturbance_2.70,process_disturbance,30,5,reference_aware,accuracy_guard,accuracy_guard,True,0.9,1.75,False,False,0.8,0.2,0.0,0.0,0.54,0.46,0.06,0.06,0.2551003541960476,0.007380861664068797,0.0057918301811962225,0.6597734337941441,0.9232470543105599,True,0
process_disturbance_2.70,process_disturbance,30,5,inferred_failure_aware,accuracy_guard,accuracy_guard,True,0.9,1.75,False,False,0.8,0.2,0.0,0.0,0.54,0.46,0.06,0.06,0.2551003541960476,0.007380861664068797,0.0057918301811962225,0.6597734337941441,0.9232470543105599,True,0
process_disturbance_2.70,process_disturbance,30,10,baseline,normal,accuracy_guard,False,1.0,1.0,True,True,0.7,0.3,0.0,0.0,0.54,0.46,0.06,0.06,0.26893721410838656,0.008107507681475525,0.006201948176876582,0.7034872640736529,1.0582748113868046,True,0
process_disturbance_2.70,process_disturbance,30,10,reference_aware,accuracy_guard,accuracy_guard,True,0.9,1.75,False,False,0.7,0.3,0.0,0.0,0.54,0.46,0.06,0.06,0.2551003541960476,0.007380861664068797,0.0057918301811962225,0.6597734337941441,0.9232470543105599,True,0
process_disturbance_2.70,process_disturbance,30,10,inferred_failure_aware,accuracy_guard,accuracy_guard,True,0.9,1.75,False,False,0.7,0.3,0.0,0.0,0.54,0.46,0.06,0.06,0.2551003541960476,0.007380861664068797,0.0057918301811962225,0.6597734337941441,0.9232470543105599,True,0
process_disturbance_2.70,process_disturbance,30,20,baseline,normal,accuracy_guard,False,1.0,1.0,True,True,0.65,0.35,0.05,0.0,0.54,0.46,0.06,0.06,0.26893721410838656,0.008107507681475525,0.006201948176876582,0.7034872640736529,1.0582748113868046,True,0
process_disturbance_2.70,process_disturbance,30,20,reference_aware,accuracy_guard,accuracy_guard,True,0.9,1.75,False,False,0.65,0.35,0.05,0.0,0.54,0.46,0.06,0.06,0.2551003541960476,0.007380861664068797,0.0057918301811962225,0.6597734337941441,0.9232470543105599,True,0
process_disturbance_2.70,process_disturbance,30,20,inferred_failure_aware,accuracy_guard,accuracy_guard,True,0.9,1.75,False,False,0.65,0.35,0.05,0.0,0.54,0.46,0.06,0.06,0.2551003541960476,0.007380861664068797,0.0057918301811962225,0.6597734337941441,0.9232470543105599,True,0
process_disturbance_2.70,process_disturbance,31,5,baseline,normal,accuracy_guard,False,1.0,1.0,True,True,0.4,0.6,0.2,0.0,0.54,0.46,0.06,0.06,0.2590334345656198,0.0071685826548855075,0.0025508130923976857,0.6588983414929949,1.2356910631393603,True,0
process_disturbance_2.70,process_disturbance,31,5,reference_aware,accuracy_guard,accuracy_guard,True,0.9,1.75,False,False,0.4,0.6,0.2,0.0,0.54,0.46,0.06,0.06,0.26431975768236016,0.0060775232928503885,0.0022558431676530377,0.6120866304578501,1.0244560621577727,True,0
process_disturbance_2.70,process_disturbance,31,5,inferred_failure_aware,accuracy_guard,accuracy_guard,True,0.9,1.75,False,False,0.4,0.6,0.2,0.0,0.54,0.46,0.06,0.06,0.26431975768236016,0.0060775232928503885,0.0022558431676530377,0.6120866304578501,1.0244560621577727,True,0
process_disturbance_2.70,process_disturbance,31,10,baseline,normal,accuracy_guard,False,1.0,1.0,True,True,0.3,0.7,0.1,0.1,0.54,0.46,0.06,0.06,0.2590334345656198,0.0071685826548855075,0.0025508130923976857,0.6588983414929949,1.2356910631393603,True,0
process_disturbance_2.70,process_disturbance,31,10,reference_aware,accuracy_guard,accuracy_guard,True,0.9,1.75,False,False,0.3,0.7,0.1,0.1,0.54,0.46,0.06,0.06,0.26431975768236016,0.0060775232928503885,0.0022558431676530377,0.6120866304578501,1.0244560621577727,True,0
process_disturbance_2.70,process_disturbance,31,10,inferred_failure_aware,accuracy_guard,accuracy_guard,True,0.9,1.75,False,False,0.3,0.7,0.1,0.1,0.54,0.46,0.06,0.06,0.26431975768236016,0.0060775232928503885,0.0022558431676530377,0.6120866304578501,1.0244560621577727,True,0
process_disturbance_2.70,process_disturbance,31,20,baseline,normal,accuracy_guard,False,1.0,1.0,True,True,0.45,0.55,0.1,0.05,0.54,0.46,0.06,0.06,0.2590334345656198,0.0071685826548855075,0.0025508130923976857,0.6588983414929949,1.2356910631393603,True,0
process_disturbance_2.70,process_disturbance,31,20,reference_aware,accuracy_guard,accuracy_guard,True,0.9,1.75,False,False,0.45,0.55,0.1,0.05,0.54,0.46,0.06,0.06,0.26431975768236016,0.0060775232928503885,0.0022558431676530377,0.6120866304578501,1.0244560621577727,True,0
process_disturbance_2.70,process_disturbance,31,20,inferred_failure_aware,accuracy_guard,accuracy_guard,True,0.9,1.75,False,False,0.45,0.55,0.1,0.05,0.54,0.46,0.06,0.06,0.26431975768236016,0.0060775232928503885,0.0022558431676530377,0.6120866304578501,1.0244560621577727,True,0
process_disturbance_2.70,process_disturbance,32,5,baseline,normal,accuracy_guard,False,1.0,1.0,True,True,0.6,0.4,0.0,0.0,0.54,0.46,0.06,0.06,0.4823494785757743,0.009985394890462098,0.00023750256521604118,0.6992062249336091,1.3715922930479223,True,0
process_disturbance_2.70,process_disturbance,32,5,reference_aware,accuracy_guard,accuracy_guard,True,0.9,1.75,False,False,0.6,0.4,0.0,0.0,0.54,0.46,0.06,0.06,0.471604923449167,0.009299126028520795,0.00023771699216657005,0.6585088096235064,1.2482613153266393,True,0
process_disturbance_2.70,process_disturbance,32,5,inferred_failure_aware,accuracy_guard,accuracy_guard,True,0.9,1.75,False,False,0.6,0.4,0.0,0.0,0.54,0.46,0.06,0.06,0.471604923449167,0.009299126028520795,0.00023771699216657005,0.6585088096235064,1.2482613153266393,True,0
process_disturbance_2.70,process_disturbance,32,10,baseline,normal,accuracy_guard,False,1.0,1.0,True,True,0.7,0.3,0.0,0.0,0.54,0.46,0.06,0.06,0.4823494785757743,0.009985394890462098,0.00023750256521604118,0.6992062249336091,1.3715922930479223,True,0
process_disturbance_2.70,process_disturbance,32,10,reference_aware,accuracy_guard,accuracy_guard,True,0.9,1.75,False,False,0.7,0.3,0.0,0.0,0.54,0.46,0.06,0.06,0.471604923449167,0.009299126028520795,0.00023771699216657005,0.6585088096235064,1.2482613153266393,True,0
process_disturbance_2.70,process_disturbance,32,10,inferred_failure_aware,accuracy_guard,accuracy_guard,True,0.9,1.75,False,False,0.7,0.3,0.0,0.0,0.54,0.46,0.06,0.06,0.471604923449167,0.009299126028520795,0.00023771699216657005,0.6585088096235064,1.2482613153266393,True,0
process_disturbance_2.70,process_disturbance,32,20,baseline,normal,accuracy_guard,False,1.0,1.0,True,True,0.65,0.35,0.0,0.0,0.54,0.46,0.06,0.06,0.4823494785757743,0.009985394890462098,0.00023750256521604118,0.6992062249336091,1.3715922930479223,True,0
process_disturbance_2.70,process_disturbance,32,20,reference_aware,accuracy_guard,accuracy_guard,True,0.9,1.75,False,False,0.65,0.35,0.0,0.0,0.54,0.46,0.06,0.06,0.471604923449167,0.009299126028520795,0.00023771699216657005,0.6585088096235064,1.2482613153266393,True,0
process_disturbance_2.70,process_disturbance,32,20,inferred_failure_aware,accuracy_guard,accuracy_guard,True,0.9,1.75,False,False,0.65,0.35,0.0,0.0,0.54,0.46,0.06,0.06,0.471604923449167,0.009299126028520795,0.00023771699216657005,0.6585088096235064,1.2482613153266393,True,0
process_disturbance_2.70,process_disturbance,33,5,baseline,normal,accuracy_guard,False,1.0,1.0,True,True,0.6,0.4,0.0,0.0,0.54,0.46,0.06,0.06,0.3634084319476,0.011243061434647695,0.006475521081612978,0.6542150161977526,1.2387118522667535,True,0
process_disturbance_2.70,process_disturbance,33,5,reference_aware,accuracy_guard,accuracy_guard,True,0.9,1.75,False,False,0.6,0.4,0.0,0.0,0.54,0.46,0.06,0.06,0.3377012458628368,0.01038448654556715,0.005325301037553021,0.6136152163889259,1.1011762701064591,True,0
process_disturbance_2.70,process_disturbance,33,5,inferred_failure_aware,accuracy_guard,accuracy_guard,True,0.9,1.75,False,False,0.6,0.4,0.0,0.0,0.54,0.46,0.06,0.06,0.3377012458628368,0.01038448654556715,0.005325301037553021,0.6136152163889259,1.1011762701064591,True,0
process_disturbance_2.70,process_disturbance,33,10,baseline,normal,accuracy_guard,False,1.0,1.0,True,True,0.5,0.5,0.0,0.0,0.54,0.46,0.06,0.06,0.3634084319476,0.011243061434647695,0.006475521081612978,0.6542150161977526,1.2387118522667535,True,0
process_disturbance_2.70,process_disturbance,33,10,reference_aware,accuracy_guard,accuracy_guard,True,0.9,1.75,False,False,0.5,0.5,0.0,0.0,0.54,0.46,0.06,0.06,0.3377012458628368,0.01038448654556715,0.005325301037553021,0.6136152163889259,1.1011762701064591,True,0
process_disturbance_2.70,process_disturbance,33,10,inferred_failure_aware,accuracy_guard,accuracy_guard,True,0.9,1.75,False,False,0.5,0.5,0.0,0.0,0.54,0.46,0.06,0.06,0.3377012458628368,0.01038448654556715,0.005325301037553021,0.6136152163889259,1.1011762701064591,True,0
process_disturbance_2.70,process_disturbance,33,20,baseline,normal,accuracy_guard,False,1.0,1.0,True,True,0.45,0.55,0.0,0.05,0.54,0.46,0.06,0.06,0.3634084319476,0.011243061434647695,0.006475521081612978,0.6542150161977526,1.2387118522667535,True,0
process_disturbance_2.70,process_disturbance,33,20,reference_aware,accuracy_guard,accuracy_guard,True,0.9,1.75,False,False,0.45,0.55,0.0,0.05,0.54,0.46,0.06,0.06,0.3377012458628368,0.01038448654556715,0.005325301037553021,0.6136152163889259,1.1011762701064591,True,0
process_disturbance_2.70,process_disturbance,33,20,inferred_failure_aware,accuracy_guard,accuracy_guard,True,0.9,1.75,False,False,0.45,0.55,0.0,0.05,0.54,0.46,0.06,0.06,0.3377012458628368,0.01038448654556715,0.005325301037553021,0.6136152163889259,1.1011762701064591,True,0
process_disturbance_2.70,process_disturbance,34,5,baseline,normal,accuracy_guard,False,1.0,1.0,True,True,0.8,0.2,0.0,0.0,0.54,0.46,0.06,0.06,0.45839904003078646,0.010778126494965684,0.008324560911067591,0.6647586392704368,1.437108049684268,True,0
process_disturbance_2.70,process_disturbance,34,5,reference_aware,accuracy_guard,accuracy_guard,True,0.9,1.75,False,False,0.8,0.2,0.0,0.0,0.54,0.46,0.06,0.06,0.44253266593542273,0.00994872928647742,0.0076174239236308505,0.6259580032492693,1.3232281831210957,True,0
process_disturbance_2.70,process_disturbance,34,5,inferred_failure_aware,accuracy_guard,accuracy_guard,True,0.9,1.75,False,False,0.8,0.2,0.0,0.0,0.54,0.46,0.06,0.06,0.44253266593542273,0.00994872928647742,0.0076174239236308505,0.6259580032492693,1.3232281831210957,True,0
process_disturbance_2.70,process_disturbance,34,10,baseline,normal,accuracy_guard,False,1.0,1.0,True,True,0.7,0.3,0.0,0.1,0.54,0.46,0.06,0.06,0.45839904003078646,0.010778126494965684,0.008324560911067591,0.6647586392704368,1.437108049684268,True,0
process_disturbance_2.70,process_disturbance,34,10,reference_aware,accuracy_guard,accuracy_guard,True,0.9,1.75,False,False,0.7,0.3,0.0,0.1,0.54,0.46,0.06,0.06,0.44253266593542273,0.00994872928647742,0.0076174239236308505,0.6259580032492693,1.3232281831210957,True,0
process_disturbance_2.70,process_disturbance,34,10,inferred_failure_aware,accuracy_guard,accuracy_guard,True,0.9,1.75,False,False,0.7,0.3,0.0,0.1,0.54,0.46,0.06,0.06,0.44253266593542273,0.00994872928647742,0.0076174239236308505,0.6259580032492693,1.3232281831210957,True,0
process_disturbance_2.70,process_disturbance,34,20,baseline,normal,accuracy_guard,False,1.0,1.0,True,True,0.75,0.25,0.0,0.05,0.54,0.46,0.06,0.06,0.45839904003078646,0.010778126494965684,0.008324560911067591,0.6647586392704368,1.437108049684268,True,0
process_disturbance_2.70,process_disturbance,34,20,reference_aware,accuracy_guard,accuracy_guard,True,0.9,1.75,False,False,0.75,0.25,0.0,0.05,0.54,0.46,0.06,0.06,0.44253266593542273,0.00994872928647742,0.0076174239236308505,0.6259580032492693,1.3232281831210957,True,0
process_disturbance_2.70,process_disturbance,34,20,inferred_failure_aware,accuracy_guard,accuracy_guard,True,0.9,1.75,False,False,0.75,0.25,0.0,0.05,0.54,0.46,0.06,0.06,0.44253266593542273,0.00994872928647742,0.0076174239236308505,0.6259580032492693,1.3232281831210957,True,0
process_disturbance_2.70,process_disturbance,35,5,baseline,normal,accuracy_guard,False,1.0,1.0,True,True,0.8,0.2,0.0,0.2,0.54,0.46,0.06,0.06,0.46127034784390136,0.009994417280215783,0.0047207896838863395,0.727478996274488,1.8089836073813463,True,0
process_disturbance_2.70,process_disturbance,35,5,reference_aware,accuracy_guard,accuracy_guard,True,0.9,1.75,False,False,0.8,0.2,0.0,0.2,0.54,0.46,0.06,0.06,0.4616818996331434,0.008934971421524307,0.004506708965148931,0.6772235897303238,1.6261209066696074,True,0
process_disturbance_2.70,process_disturbance,35,5,inferred_failure_aware,accuracy_guard,accuracy_guard,True,0.9,1.75,False,False,0.8,0.2,0.0,0.2,0.54,0.46,0.06,0.06,0.4616818996331434,0.008934971421524307,0.004506708965148931,0.6772235897303238,1.6261209066696074,True,0
process_disturbance_2.70,process_disturbance,35,10,baseline,normal,accuracy_guard,False,1.0,1.0,True,True,0.8,0.2,0.0,0.2,0.54,0.46,0.06,0.06,0.46127034784390136,0.009994417280215783,0.0047207896838863395,0.727478996274488,1.8089836073813463,True,0
process_disturbance_2.70,process_disturbance,35,10,reference_aware,accuracy_guard,accuracy_guard,True,0.9,1.75,False,False,0.8,0.2,0.0,0.2,0.54,0.46,0.06,0.06,0.4616818996331434,0.008934971421524307,0.004506708965148931,0.6772235897303238,1.6261209066696074,True,0
process_disturbance_2.70,process_disturbance,35,10,inferred_failure_aware,accuracy_guard,accuracy_guard,True,0.9,1.75,False,False,0.8,0.2,0.0,0.2,0.54,0.46,0.06,0.06,0.4616818996331434,0.008934971421524307,0.004506708965148931,0.6772235897303238,1.6261209066696074,True,0
process_disturbance_2.70,process_disturbance,35,20,baseline,normal,accuracy_guard,False,1.0,1.0,True,True,0.5,0.5,0.15,0.1,0.54,0.46,0.06,0.06,0.46127034784390136,0.009994417280215783,0.0047207896838863395,0.727478996274488,1.8089836073813463,True,0
process_disturbance_2.70,process_disturbance,35,20,reference_aware,accuracy_guard,accuracy_guard,True,0.9,1.75,False,False,0.5,0.5,0.15,0.1,0.54,0.46,0.06,0.06,0.4616818996331434,0.008934971421524307,0.004506708965148931,0.6772235897303238,1.6261209066696074,True,0
process_disturbance_2.70,process_disturbance,35,20,inferred_failure_aware,accuracy_guard,accuracy_guard,True,0.9,1.75,False,False,0.5,0.5,0.15,0.1,0.54,0.46,0.06,0.06,0.4616818996331434,0.008934971421524307,0.004506708965148931,0.6772235897303238,1.6261209066696074,True,0
process_disturbance_2.70,process_disturbance,36,5,baseline,normal,accuracy_guard,False,1.0,1.0,True,True,0.6,0.4,0.0,0.0,0.54,0.46,0.06,0.06,0.5105659641609172,0.009704972528610226,0.003681589895828341,0.6839744733448592,1.3055568089963183,True,0
process_disturbance_2.70,process_disturbance,36,5,reference_aware,accuracy_guard,accuracy_guard,True,0.9,1.75,False,False,0.6,0.4,0.0,0.0,0.54,0.46,0.06,0.06,0.5052958980720653,0.008972337823455984,0.004577939625047711,0.64231704524074,1.1781119932270192,True,0
process_disturbance_2.70,process_disturbance,36,5,inferred_failure_aware,accuracy_guard,accuracy_guard,True,0.9,1.75,False,False,0.6,0.4,0.0,0.0,0.54,0.46,0.06,0.06,0.5052958980720653,0.008972337823455984,0.004577939625047711,0.64231704524074,1.1781119932270192,True,0
process_disturbance_2.70,process_disturbance,36,10,baseline,normal,accuracy_guard,False,1.0,1.0,True,True,0.6,0.4,0.0,0.1,0.54,0.46,0.06,0.06,0.5105659641609172,0.009704972528610226,0.003681589895828341,0.6839744733448592,1.3055568089963183,True,0
process_disturbance_2.70,process_disturbance,36,10,reference_aware,accuracy_guard,accuracy_guard,True,0.9,1.75,False,False,0.6,0.4,0.0,0.1,0.54,0.46,0.06,0.06,0.5052958980720653,0.008972337823455984,0.004577939625047711,0.64231704524074,1.1781119932270192,True,0
process_disturbance_2.70,process_disturbance,36,10,inferred_failure_aware,accuracy_guard,accuracy_guard,True,0.9,1.75,False,False,0.6,0.4,0.0,0.1,0.54,0.46,0.06,0.06,0.5052958980720653,0.008972337823455984,0.004577939625047711,0.64231704524074,1.1781119932270192,True,0
process_disturbance_2.70,process_disturbance,36,20,baseline,normal,accuracy_guard,False,1.0,1.0,True,True,0.55,0.45,0.0,0.1,0.54,0.46,0.06,0.06,0.5105659641609172,0.009704972528610226,0.003681589895828341,0.6839744733448592,1.3055568089963183,True,0
process_disturbance_2.70,process_disturbance,36,20,reference_aware,accuracy_guard,accuracy_guard,True,0.9,1.75,False,False,0.55,0.45,0.0,0.1,0.54,0.46,0.06,0.06,0.5052958980720653,0.008972337823455984,0.004577939625047711,0.64231704524074,1.1781119932270192,True,0
process_disturbance_2.70,process_disturbance,36,20,inferred_failure_aware,accuracy_guard,accuracy_guard,True,0.9,1.75,False,False,0.55,0.45,0.0,0.1,0.54,0.46,0.06,0.06,0.5052958980720653,0.008972337823455984,0.004577939625047711,0.64231704524074,1.1781119932270192,True,0
process_disturbance_2.70,process_disturbance,37,5,baseline,normal,accuracy_guard,False,1.0,1.0,True,True,0.6,0.4,0.0,0.0,0.54,0.46,0.06,0.06,0.4890142692500034,0.01129210890442337,0.0020159310661518326,0.6674271934414918,1.6009538480380459,True,0
process_disturbance_2.70,process_disturbance,37,5,reference_aware,accuracy_guard,accuracy_guard,True,0.9,1.75,False,False,0.6,0.4,0.0,0.0,0.54,0.46,0.06,0.06,0.4827260222842385,0.01058257066294313,0.0021509645621409224,0.6244567226984321,1.4629888969154603,True,0
process_disturbance_2.70,process_disturbance,37,5,inferred_failure_aware,accuracy_guard,accuracy_guard,True,0.9,1.75,False,False,0.6,0.4,0.0,0.0,0.54,0.46,0.06,0.06,0.4827260222842385,0.01058257066294313,0.0021509645621409224,0.6244567226984321,1.4629888969154603,True,0
process_disturbance_2.70,process_disturbance,37,10,baseline,normal,accuracy_guard,False,1.0,1.0,True,True,0.5,0.5,0.1,0.0,0.54,0.46,0.06,0.06,0.4890142692500034,0.01129210890442337,0.0020159310661518326,0.6674271934414918,1.6009538480380459,True,0
process_disturbance_2.70,process_disturbance,37,10,reference_aware,accuracy_guard,accuracy_guard,True,0.9,1.75,False,False,0.5,0.5,0.1,0.0,0.54,0.46,0.06,0.06,0.4827260222842385,0.01058257066294313,0.0021509645621409224,0.6244567226984321,1.4629888969154603,True,0
process_disturbance_2.70,process_disturbance,37,10,inferred_failure_aware,accuracy_guard,accuracy_guard,True,0.9,1.75,False,False,0.5,0.5,0.1,0.0,0.54,0.46,0.06,0.06,0.4827260222842385,0.01058257066294313,0.0021509645621409224,0.6244567226984321,1.4629888969154603,True,0
process_disturbance_2.70,process_disturbance,37,20,baseline,normal,accuracy_guard,False,1.0,1.0,True,True,0.65,0.35,0.05,0.0,0.54,0.46,0.06,0.06,0.4890142692500034,0.01129210890442337,0.0020159310661518326,0.6674271934414918,1.6009538480380459,True,0
process_disturbance_2.70,process_disturbance,37,20,reference_aware,accuracy_guard,accuracy_guard,True,0.9,1.75,False,False,0.65,0.35,0.05,0.0,0.54,0.46,0.06,0.06,0.4827260222842385,0.01058257066294313,0.0021509645621409224,0.6244567226984321,1.4629888969154603,True,0
process_disturbance_2.70,process_disturbance,37,20,inferred_failure_aware,accuracy_guard,accuracy_guard,True,0.9,1.75,False,False,0.65,0.35,0.05,0.0,0.54,0.46,0.06,0.06,0.4827260222842385,0.01058257066294313,0.0021509645621409224,0.6244567226984321,1.4629888969154603,True,0
process_disturbance_2.70,process_disturbance,38,5,baseline,normal,accuracy_guard,False,1.0,1.0,True,True,0.4,0.6,0.0,0.0,0.54,0.46,0.06,0.06,0.3277880063643553,0.008134669356067374,0.004468529788156372,0.6686419589044633,1.1036859848946219,True,0
process_disturbance_2.70,process_disturbance,38,5,reference_aware,accuracy_guard,accuracy_guard,True,0.9,1.75,False,False,0.4,0.6,0.0,0.0,0.54,0.46,0.06,0.06,0.3279961407840132,0.007269992402321575,0.003628932359880599,0.6312989892502822,0.9640322163465461,True,0
process_disturbance_2.70,process_disturbance,38,5,inferred_failure_aware,accuracy_guard,accuracy_guard,True,0.9,1.75,False,False,0.4,0.6,0.0,0.0,0.54,0.46,0.06,0.06,0.3279961407840132,0.007269992402321575,0.003628932359880599,0.6312989892502822,0.9640322163465461,True,0
process_disturbance_2.70,process_disturbance,38,10,baseline,normal,accuracy_guard,False,1.0,1.0,True,True,0.4,0.6,0.1,0.0,0.54,0.46,0.06,0.06,0.3277880063643553,0.008134669356067374,0.004468529788156372,0.6686419589044633,1.1036859848946219,True,0
process_disturbance_2.70,process_disturbance,38,10,reference_aware,accuracy_guard,accuracy_guard,True,0.9,1.75,False,False,0.4,0.6,0.1,0.0,0.54,0.46,0.06,0.06,0.3279961407840132,0.007269992402321575,0.003628932359880599,0.6312989892502822,0.9640322163465461,True,0
process_disturbance_2.70,process_disturbance,38,10,inferred_failure_aware,accuracy_guard,accuracy_guard,True,0.9,1.75,False,False,0.4,0.6,0.1,0.0,0.54,0.46,0.06,0.06,0.3279961407840132,0.007269992402321575,0.003628932359880599,0.6312989892502822,0.9640322163465461,True,0
process_disturbance_2.70,process_disturbance,38,20,baseline,normal,accuracy_guard,False,1.0,1.0,True,True,0.55,0.45,0.05,0.0,0.54,0.46,0.06,0.06,0.3277880063643553,0.008134669356067374,0.004468529788156372,0.6686419589044633,1.1036859848946219,True,0
process_disturbance_2.70,process_disturbance,38,20,reference_aware,accuracy_guard,accuracy_guard,True,0.9,1.75,False,False,0.55,0.45,0.05,0.0,0.54,0.46,0.06,0.06,0.3279961407840132,0.007269992402321575,0.003628932359880599,0.6312989892502822,0.9640322163465461,True,0
process_disturbance_2.70,process_disturbance,38,20,inferred_failure_aware,accuracy_guard,accuracy_guard,True,0.9,1.75,False,False,0.55,0.45,0.05,0.0,0.54,0.46,0.06,0.06,0.3279961407840132,0.007269992402321575,0.003628932359880599,0.6312989892502822,0.9640322163465461,True,0
process_disturbance_2.70,process_disturbance,39,5,baseline,normal,accuracy_guard,False,1.0,1.0,True,True,0.6,0.4,0.2,0.0,0.54,0.46,0.06,0.06,0.4344627710257287,0.012423542277544776,0.0026285927984278645,0.6593696000621228,1.5707020943708958,True,0
process_disturbance_2.70,process_disturbance,39,5,reference_aware,accuracy_guard,accuracy_guard,True,0.9,1.75,False,False,0.6,0.4,0.2,0.0,0.54,0.46,0.06,0.06,0.4454207686610958,0.011611891819393746,0.0019880807686526447,0.6181396250320557,1.4533668262970645,True,0
process_disturbance_2.70,process_disturbance,39,5,inferred_failure_aware,accuracy_guard,accuracy_guard,True,0.9,1.75,False,False,0.6,0.4,0.2,0.0,0.54,0.46,0.06,0.06,0.4454207686610958,0.011611891819393746,0.0019880807686526447,0.6181396250320557,1.4533668262970645,True,0
process_disturbance_2.70,process_disturbance,39,10,baseline,normal,accuracy_guard,False,1.0,1.0,True,True,0.5,0.5,0.2,0.0,0.54,0.46,0.06,0.06,0.4344627710257287,0.012423542277544776,0.0026285927984278645,0.6593696000621228,1.5707020943708958,True,0
process_disturbance_2.70,process_disturbance,39,10,reference_aware,accuracy_guard,accuracy_guard,True,0.9,1.75,False,False,0.5,0.5,0.2,0.0,0.54,0.46,0.06,0.06,0.4454207686610958,0.011611891819393746,0.0019880807686526447,0.6181396250320557,1.4533668262970645,True,0
process_disturbance_2.70,process_disturbance,39,10,inferred_failure_aware,accuracy_guard,accuracy_guard,True,0.9,1.75,False,False,0.5,0.5,0.2,0.0,0.54,0.46,0.06,0.06,0.4454207686610958,0.011611891819393746,0.0019880807686526447,0.6181396250320557,1.4533668262970645,True,0
process_disturbance_2.70,process_disturbance,39,20,baseline,normal,accuracy_guard,False,1.0,1.0,True,True,0.5,0.5,0.1,0.05,0.54,0.46,0.06,0.06,0.4344627710257287,0.012423542277544776,0.0026285927984278645,0.6593696000621228,1.5707020943708958,True,0
process_disturbance_2.70,process_disturbance,39,20,reference_aware,accuracy_guard,accuracy_guard,True,0.9,1.75,False,False,0.5,0.5,0.1,0.05,0.54,0.46,0.06,0.06,0.4454207686610958,0.011611891819393746,0.0019880807686526447,0.6181396250320557,1.4533668262970645,True,0
process_disturbance_2.70,process_disturbance,39,20,inferred_failure_aware,accuracy_guard,accuracy_guard,True,0.9,1.75,False,False,0.5,0.5,0.1,0.05,0.54,0.46,0.06,0.06,0.4454207686610958,0.011611891819393746,0.0019880807686526447,0.6181396250320557,1.4533668262970645,True,0
process_disturbance_2.70,process_disturbance,40,5,baseline,normal,accuracy_guard,False,1.0,1.0,True,True,0.0,1.0,0.0,0.0,0.54,0.46,0.06,0.06,0.394674585692673,0.011473851488234774,0.00397924387301174,0.6410773618825336,1.5819441700585146,True,0
process_disturbance_2.70,process_disturbance,40,5,reference_aware,accuracy_guard,accuracy_guard,True,0.9,1.75,False,False,0.0,1.0,0.0,0.0,0.54,0.46,0.06,0.06,0.3840527046538584,0.010986434510233723,0.0028603071805414215,0.6018152039333683,1.4712582310534745,True,0
process_disturbance_2.70,process_disturbance,40,5,inferred_failure_aware,accuracy_guard,accuracy_guard,True,0.9,1.75,False,False,0.0,1.0,0.0,0.0,0.54,0.46,0.06,0.06,0.3840527046538584,0.010986434510233723,0.0028603071805414215,0.6018152039333683,1.4712582310534745,True,0
process_disturbance_2.70,process_disturbance,40,10,baseline,normal,accuracy_guard,False,1.0,1.0,True,True,0.4,0.6,0.1,0.0,0.54,0.46,0.06,0.06,0.394674585692673,0.011473851488234774,0.00397924387301174,0.6410773618825336,1.5819441700585146,True,0
process_disturbance_2.70,process_disturbance,40,10,reference_aware,accuracy_guard,accuracy_guard,True,0.9,1.75,False,False,0.4,0.6,0.1,0.0,0.54,0.46,0.06,0.06,0.3840527046538584,0.010986434510233723,0.0028603071805414215,0.6018152039333683,1.4712582310534745,True,0
process_disturbance_2.70,process_disturbance,40,10,inferred_failure_aware,accuracy_guard,accuracy_guard,True,0.9,1.75,False,False,0.4,0.6,0.1,0.0,0.54,0.46,0.06,0.06,0.3840527046538584,0.010986434510233723,0.0028603071805414215,0.6018152039333683,1.4712582310534745,True,0
process_disturbance_2.70,process_disturbance,40,20,baseline,normal,accuracy_guard,False,1.0,1.0,True,True,0.5,0.5,0.05,0.05,0.54,0.46,0.06,0.06,0.394674585692673,0.011473851488234774,0.00397924387301174,0.6410773618825336,1.5819441700585146,True,0
process_disturbance_2.70,process_disturbance,40,20,reference_aware,accuracy_guard,accuracy_guard,True,0.9,1.75,False,False,0.5,0.5,0.05,0.05,0.54,0.46,0.06,0.06,0.3840527046538584,0.010986434510233723,0.0028603071805414215,0.6018152039333683,1.4712582310534745,True,0
process_disturbance_2.70,process_disturbance,40,20,inferred_failure_aware,accuracy_guard,accuracy_guard,True,0.9,1.75,False,False,0.5,0.5,0.05,0.05,0.54,0.46,0.06,0.06,0.3840527046538584,0.010986434510233723,0.0028603071805414215,0.6018152039333683,1.4712582310534745,True,0
process_disturbance_2.70,process_disturbance,41,5,baseline,normal,accuracy_guard,False,1.0,1.0,True,True,0.4,0.6,0.2,0.0,0.54,0.46,0.06,0.06,0.280682896834032,0.007724262235165594,0.0032397068074039304,0.6817990418070198,1.1825328176220462,True,0
process_disturbance_2.70,process_disturbance,41,5,reference_aware,accuracy_guard,accuracy_guard,True,0.9,1.75,False,False,0.4,0.6,0.2,0.0,0.54,0.46,0.06,0.06,0.2745830004426297,0.0072004761323284485,0.003398740949636103,0.6418995858815265,1.0909488103032932,True,0
process_disturbance_2.70,process_disturbance,41,5,inferred_failure_aware,accuracy_guard,accuracy_guard,True,0.9,1.75,False,False,0.4,0.6,0.2,0.0,0.54,0.46,0.06,0.06,0.2745830004426297,0.0072004761323284485,0.003398740949636103,0.6418995858815265,1.0909488103032932,True,0
process_disturbance_2.70,process_disturbance,41,10,baseline,normal,accuracy_guard,False,1.0,1.0,True,True,0.5,0.5,0.1,0.0,0.54,0.46,0.06,0.06,0.280682896834032,0.007724262235165594,0.0032397068074039304,0.6817990418070198,1.1825328176220462,True,0
process_disturbance_2.70,process_disturbance,41,10,reference_aware,accuracy_guard,accuracy_guard,True,0.9,1.75,False,False,0.5,0.5,0.1,0.0,0.54,0.46,0.06,0.06,0.2745830004426297,0.0072004761323284485,0.003398740949636103,0.6418995858815265,1.0909488103032932,True,0
process_disturbance_2.70,process_disturbance,41,10,inferred_failure_aware,accuracy_guard,accuracy_guard,True,0.9,1.75,False,False,0.5,0.5,0.1,0.0,0.54,0.46,0.06,0.06,0.2745830004426297,0.0072004761323284485,0.003398740949636103,0.6418995858815265,1.0909488103032932,True,0
process_disturbance_2.70,process_disturbance,41,20,baseline,normal,accuracy_guard,False,1.0,1.0,True,True,0.4,0.6,0.15,0.05,0.54,0.46,0.06,0.06,0.280682896834032,0.007724262235165594,0.0032397068074039304,0.6817990418070198,1.1825328176220462,True,0
process_disturbance_2.70,process_disturbance,41,20,reference_aware,accuracy_guard,accuracy_guard,True,0.9,1.75,False,False,0.4,0.6,0.15,0.05,0.54,0.46,0.06,0.06,0.2745830004426297,0.0072004761323284485,0.003398740949636103,0.6418995858815265,1.0909488103032932,True,0
process_disturbance_2.70,process_disturbance,41,20,inferred_failure_aware,accuracy_guard,accuracy_guard,True,0.9,1.75,False,False,0.4,0.6,0.15,0.05,0.54,0.46,0.06,0.06,0.2745830004426297,0.0072004761323284485,0.003398740949636103,0.6418995858815265,1.0909488103032932,True,0
process_disturbance_2.70,process_disturbance,42,5,baseline,normal,accuracy_guard,False,1.0,1.0,True,True,0.2,0.8,0.0,0.0,0.54,0.46,0.06,0.06,0.2321410709248674,0.008578414810870317,0.0027253652610531587,0.6717857360281889,1.1024940188091186,True,0
process_disturbance_2.70,process_disturbance,42,5,reference_aware,accuracy_guard,accuracy_guard,True,0.9,1.75,False,False,0.2,0.8,0.0,0.0,0.54,0.46,0.06,0.06,0.23299595093136657,0.0077984601469744935,0.0016837044099320408,0.6334784493684197,0.9666985541022337,True,0
process_disturbance_2.70,process_disturbance,42,5,inferred_failure_aware,accuracy_guard,accuracy_guard,True,0.9,1.75,False,False,0.2,0.8,0.0,0.0,0.54,0.46,0.06,0.06,0.23299595093136657,0.0077984601469744935,0.0016837044099320408,0.6334784493684197,0.9666985541022337,True,0
process_disturbance_2.70,process_disturbance,42,10,baseline,normal,accuracy_guard,False,1.0,1.0,True,True,0.4,0.6,0.0,0.0,0.54,0.46,0.06,0.06,0.2321410709248674,0.008578414810870317,0.0027253652610531587,0.6717857360281889,1.1024940188091186,True,0
process_disturbance_2.70,process_disturbance,42,10,reference_aware,accuracy_guard,accuracy_guard,True,0.9,1.75,False,False,0.4,0.6,0.0,0.0,0.54,0.46,0.06,0.06,0.23299595093136657,0.0077984601469744935,0.0016837044099320408,0.6334784493684197,0.9666985541022337,True,0
process_disturbance_2.70,process_disturbance,42,10,inferred_failure_aware,accuracy_guard,accuracy_guard,True,0.9,1.75,False,False,0.4,0.6,0.0,0.0,0.54,0.46,0.06,0.06,0.23299595093136657,0.0077984601469744935,0.0016837044099320408,0.6334784493684197,0.9666985541022337,True,0
process_disturbance_2.70,process_disturbance,42,20,baseline,normal,accuracy_guard,False,1.0,1.0,True,True,0.6,0.4,0.05,0.0,0.54,0.46,0.06,0.06,0.2321410709248674,0.008578414810870317,0.0027253652610531587,0.6717857360281889,1.1024940188091186,True,0
process_disturbance_2.70,process_disturbance,42,20,reference_aware,accuracy_guard,accuracy_guard,True,0.9,1.75,False,False,0.6,0.4,0.05,0.0,0.54,0.46,0.06,0.06,0.23299595093136657,0.0077984601469744935,0.0016837044099320408,0.6334784493684197,0.9666985541022337,True,0
process_disturbance_2.70,process_disturbance,42,20,inferred_failure_aware,accuracy_guard,accuracy_guard,True,0.9,1.75,False,False,0.6,0.4,0.05,0.0,0.54,0.46,0.06,0.06,0.23299595093136657,0.0077984601469744935,0.0016837044099320408,0.6334784493684197,0.9666985541022337,True,0
process_disturbance_2.70,process_disturbance,43,5,baseline,normal,accuracy_guard,False,1.0,1.0,True,True,0.4,0.6,0.0,0.0,0.54,0.46,0.06,0.06,0.4075534406504285,0.0116328024370779,0.005613599681683512,0.6829743997583733,1.6340512484689766,True,0
process_disturbance_2.70,process_disturbance,43,5,reference_aware,accuracy_guard,accuracy_guard,True,0.9,1.75,False,False,0.4,0.6,0.0,0.0,0.54,0.46,0.06,0.06,0.4076752046604438,0.010948388585356432,0.0055946182785820975,0.6431965902624419,1.5369635086107483,True,0
process_disturbance_2.70,process_disturbance,43,5,inferred_failure_aware,accuracy_guard,accuracy_guard,True,0.9,1.75,False,False,0.4,0.6,0.0,0.0,0.54,0.46,0.06,0.06,0.4076752046604438,0.010948388585356432,0.0055946182785820975,0.6431965902624419,1.5369635086107483,True,0
process_disturbance_2.70,process_disturbance,43,10,baseline,normal,accuracy_guard,False,1.0,1.0,True,True,0.3,0.7,0.2,0.0,0.54,0.46,0.06,0.06,0.4075534406504285,0.0116328024370779,0.005613599681683512,0.6829743997583733,1.6340512484689766,True,0
process_disturbance_2.70,process_disturbance,43,10,reference_aware,accuracy_guard,accuracy_guard,True,0.9,1.75,False,False,0.3,0.7,0.2,0.0,0.54,0.46,0.06,0.06,0.4076752046604438,0.010948388585356432,0.0055946182785820975,0.6431965902624419,1.5369635086107483,True,0
process_disturbance_2.70,process_disturbance,43,10,inferred_failure_aware,accuracy_guard,accuracy_guard,True,0.9,1.75,False,False,0.3,0.7,0.2,0.0,0.54,0.46,0.06,0.06,0.4076752046604438,0.010948388585356432,0.0055946182785820975,0.6431965902624419,1.5369635086107483,True,0
process_disturbance_2.70,process_disturbance,43,20,baseline,normal,accuracy_guard,False,1.0,1.0,True,True,0.45,0.55,0.1,0.1,0.54,0.46,0.06,0.06,0.4075534406504285,0.0116328024370779,0.005613599681683512,0.6829743997583733,1.6340512484689766,True,0
process_disturbance_2.70,process_disturbance,43,20,reference_aware,accuracy_guard,accuracy_guard,True,0.9,1.75,False,False,0.45,0.55,0.1,0.1,0.54,0.46,0.06,0.06,0.4076752046604438,0.010948388585356432,0.0055946182785820975,0.6431965902624419,1.5369635086107483,True,0
process_disturbance_2.70,process_disturbance,43,20,inferred_failure_aware,accuracy_guard,accuracy_guard,True,0.9,1.75,False,False,0.45,0.55,0.1,0.1,0.54,0.46,0.06,0.06,0.4076752046604438,0.010948388585356432,0.0055946182785820975,0.6431965902624419,1.5369635086107483,True,0
process_disturbance_2.70,process_disturbance,44,5,baseline,normal,accuracy_guard,False,1.0,1.0,True,True,0.8,0.2,0.2,0.0,0.54,0.46,0.06,0.06,0.4076112805578834,0.009586653859588554,0.000937963902498451,0.6674231803249313,1.1858785994232248,True,0
process_disturbance_2.70,process_disturbance,44,5,reference_aware,accuracy_guard,accuracy_guard,True,0.9,1.75,False,False,0.8,0.2,0.2,0.0,0.54,0.46,0.06,0.06,0.3913743101115209,0.008803630487641748,0.0007735923831305724,0.6307329732122384,1.073002273387964,True,0
process_disturbance_2.70,process_disturbance,44,5,inferred_failure_aware,accuracy_guard,accuracy_guard,True,0.9,1.75,False,False,0.8,0.2,0.2,0.0,0.54,0.46,0.06,0.06,0.3913743101115209,0.008803630487641748,0.0007735923831305724,0.6307329732122384,1.073002273387964,True,0
process_disturbance_2.70,process_disturbance,44,10,baseline,normal,accuracy_guard,False,1.0,1.0,True,True,0.7,0.3,0.2,0.1,0.54,0.46,0.06,0.06,0.4076112805578834,0.009586653859588554,0.000937963902498451,0.6674231803249313,1.1858785994232248,True,0
process_disturbance_2.70,process_disturbance,44,10,reference_aware,accuracy_guard,accuracy_guard,True,0.9,1.75,False,False,0.7,0.3,0.2,0.1,0.54,0.46,0.06,0.06,0.3913743101115209,0.008803630487641748,0.0007735923831305724,0.6307329732122384,1.073002273387964,True,0
process_disturbance_2.70,process_disturbance,44,10,inferred_failure_aware,accuracy_guard,accuracy_guard,True,0.9,1.75,False,False,0.7,0.3,0.2,0.1,0.54,0.46,0.06,0.06,0.3913743101115209,0.008803630487641748,0.0007735923831305724,0.6307329732122384,1.073002273387964,True,0
process_disturbance_2.70,process_disturbance,44,20,baseline,normal,accuracy_guard,False,1.0,1.0,True,True,0.75,0.25,0.1,0.05,0.54,0.46,0.06,0.06,0.4076112805578834,0.009586653859588554,0.000937963902498451,0.6674231803249313,1.1858785994232248,True,0
process_disturbance_2.70,process_disturbance,44,20,reference_aware,accuracy_guard,accuracy_guard,True,0.9,1.75,False,False,0.75,0.25,0.1,0.05,0.54,0.46,0.06,0.06,0.3913743101115209,0.008803630487641748,0.0007735923831305724,0.6307329732122384,1.073002273387964,True,0
process_disturbance_2.70,process_disturbance,44,20,inferred_failure_aware,accuracy_guard,accuracy_guard,True,0.9,1.75,False,False,0.75,0.25,0.1,0.05,0.54,0.46,0.06,0.06,0.3913743101115209,0.008803630487641748,0.0007735923831305724,0.6307329732122384,1.073002273387964,True,0
process_disturbance_2.70,process_disturbance,45,5,baseline,normal,accuracy_guard,False,1.0,1.0,True,True,0.2,0.8,0.0,0.2,0.54,0.46,0.06,0.06,0.490518044311483,0.012055728944525517,0.005262194355063032,0.6750346859048199,1.5912135738888507,True,0
process_disturbance_2.70,process_disturbance,45,5,reference_aware,accuracy_guard,accuracy_guard,True,0.9,1.75,False,False,0.2,0.8,0.0,0.2,0.54,0.46,0.06,0.06,0.4762877075249982,0.010999717635567688,0.004187909941825385,0.6345697851717154,1.4606263458139181,True,0
process_disturbance_2.70,process_disturbance,45,5,inferred_failure_aware,accuracy_guard,accuracy_guard,True,0.9,1.75,False,False,0.2,0.8,0.0,0.2,0.54,0.46,0.06,0.06,0.4762877075249982,0.010999717635567688,0.004187909941825385,0.6345697851717154,1.4606263458139181,True,0
process_disturbance_2.70,process_disturbance,45,10,baseline,normal,accuracy_guard,False,1.0,1.0,True,True,0.2,0.8,0.1,0.1,0.54,0.46,0.06,0.06,0.490518044311483,0.012055728944525517,0.005262194355063032,0.6750346859048199,1.5912135738888507,True,0
process_disturbance_2.70,process_disturbance,45,10,reference_aware,accuracy_guard,accuracy_guard,True,0.9,1.75,False,False,0.2,0.8,0.1,0.1,0.54,0.46,0.06,0.06,0.4762877075249982,0.010999717635567688,0.004187909941825385,0.6345697851717154,1.4606263458139181,True,0
process_disturbance_2.70,process_disturbance,45,10,inferred_failure_aware,accuracy_guard,accuracy_guard,True,0.9,1.75,False,False,0.2,0.8,0.1,0.1,0.54,0.46,0.06,0.06,0.4762877075249982,0.010999717635567688,0.004187909941825385,0.6345697851717154,1.4606263458139181,True,0
process_disturbance_2.70,process_disturbance,45,20,baseline,normal,accuracy_guard,False,1.0,1.0,True,True,0.45,0.55,0.05,0.05,0.54,0.46,0.06,0.06,0.490518044311483,0.012055728944525517,0.005262194355063032,0.6750346859048199,1.5912135738888507,True,0
process_disturbance_2.70,process_disturbance,45,20,reference_aware,accuracy_guard,accuracy_guard,True,0.9,1.75,False,False,0.45,0.55,0.05,0.05,0.54,0.46,0.06,0.06,0.4762877075249982,0.010999717635567688,0.004187909941825385,0.6345697851717154,1.4606263458139181,True,0
process_disturbance_2.70,process_disturbance,45,20,inferred_failure_aware,accuracy_guard,accuracy_guard,True,0.9,1.75,False,False,0.45,0.55,0.05,0.05,0.54,0.46,0.06,0.06,0.4762877075249982,0.010999717635567688,0.004187909941825385,0.6345697851717154,1.4606263458139181,True,0
process_disturbance_2.70,process_disturbance,46,5,baseline,normal,accuracy_guard,False,1.0,1.0,True,True,0.6,0.4,0.0,0.0,0.54,0.46,0.06,0.06,0.31631781739796166,0.00904732927840707,0.002713665631160267,0.6986991577103148,1.2803135438610296,True,0
process_disturbance_2.70,process_disturbance,46,5,reference_aware,accuracy_guard,accuracy_guard,True,0.9,1.75,False,False,0.6,0.4,0.0,0.0,0.54,0.46,0.06,0.06,0.31252029459457725,0.008275397916028335,0.0030265168759372463,0.6579285478573332,1.1410214103549419,True,0
process_disturbance_2.70,process_disturbance,46,5,inferred_failure_aware,accuracy_guard,accuracy_guard,True,0.9,1.75,False,False,0.6,0.4,0.0,0.0,0.54,0.46,0.06,0.06,0.31252029459457725,0.008275397916028335,0.0030265168759372463,0.6579285478573332,1.1410214103549419,True,0
process_disturbance_2.70,process_disturbance,46,10,baseline,normal,accuracy_guard,False,1.0,1.0,True,True,0.4,0.6,0.0,0.1,0.54,0.46,0.06,0.06,0.31631781739796166,0.00904732927840707,0.002713665631160267,0.6986991577103148,1.2803135438610296,True,0
process_disturbance_2.70,process_disturbance,46,10,reference_aware,accuracy_guard,accuracy_guard,True,0.9,1.75,False,False,0.4,0.6,0.0,0.1,0.54,0.46,0.06,0.06,0.31252029459457725,0.008275397916028335,0.0030265168759372463,0.6579285478573332,1.1410214103549419,True,0
process_disturbance_2.70,process_disturbance,46,10,inferred_failure_aware,accuracy_guard,accuracy_guard,True,0.9,1.75,False,False,0.4,0.6,0.0,0.1,0.54,0.46,0.06,0.06,0.31252029459457725,0.008275397916028335,0.0030265168759372463,0.6579285478573332,1.1410214103549419,True,0
process_disturbance_2.70,process_disturbance,46,20,baseline,normal,accuracy_guard,False,1.0,1.0,True,True,0.45,0.55,0.0,0.15,0.54,0.46,0.06,0.06,0.31631781739796166,0.00904732927840707,0.002713665631160267,0.6986991577103148,1.2803135438610296,True,0
process_disturbance_2.70,process_disturbance,46,20,reference_aware,accuracy_guard,accuracy_guard,True,0.9,1.75,False,False,0.45,0.55,0.0,0.15,0.54,0.46,0.06,0.06,0.31252029459457725,0.008275397916028335,0.0030265168759372463,0.6579285478573332,1.1410214103549419,True,0
process_disturbance_2.70,process_disturbance,46,20,inferred_failure_aware,accuracy_guard,accuracy_guard,True,0.9,1.75,False,False,0.45,0.55,0.0,0.15,0.54,0.46,0.06,0.06,0.31252029459457725,0.008275397916028335,0.0030265168759372463,0.6579285478573332,1.1410214103549419,True,0
process_disturbance_2.70,process_disturbance,47,5,baseline,normal,accuracy_guard,False,1.0,1.0,True,True,0.4,0.6,0.2,0.0,0.54,0.46,0.06,0.06,0.3976397307531558,0.009005213685493644,0.004366428534418487,0.6956787720537797,1.4542162960525595,True,0
process_disturbance_2.70,process_disturbance,47,5,reference_aware,accuracy_guard,accuracy_guard,True,0.9,1.75,False,False,0.4,0.6,0.2,0.0,0.54,0.46,0.06,0.06,0.41073145116050674,0.008582623483443377,0.003329898755697114,0.6531081153984982,1.353468012264559,True,0
process_disturbance_2.70,process_disturbance,47,5,inferred_failure_aware,accuracy_guard,accuracy_guard,True,0.9,1.75,False,False,0.4,0.6,0.2,0.0,0.54,0.46,0.06,0.06,0.41073145116050674,0.008582623483443377,0.003329898755697114,0.6531081153984982,1.353468012264559,True,0
process_disturbance_2.70,process_disturbance,47,10,baseline,normal,accuracy_guard,False,1.0,1.0,True,True,0.5,0.5,0.2,0.0,0.54,0.46,0.06,0.06,0.3976397307531558,0.009005213685493644,0.004366428534418487,0.6956787720537797,1.4542162960525595,True,0
process_disturbance_2.70,process_disturbance,47,10,reference_aware,accuracy_guard,accuracy_guard,True,0.9,1.75,False,False,0.5,0.5,0.2,0.0,0.54,0.46,0.06,0.06,0.41073145116050674,0.008582623483443377,0.003329898755697114,0.6531081153984982,1.353468012264559,True,0
process_disturbance_2.70,process_disturbance,47,10,inferred_failure_aware,accuracy_guard,accuracy_guard,True,0.9,1.75,False,False,0.5,0.5,0.2,0.0,0.54,0.46,0.06,0.06,0.41073145116050674,0.008582623483443377,0.003329898755697114,0.6531081153984982,1.353468012264559,True,0
process_disturbance_2.70,process_disturbance,47,20,baseline,normal,accuracy_guard,False,1.0,1.0,True,True,0.45,0.55,0.15,0.1,0.54,0.46,0.06,0.06,0.3976397307531558,0.009005213685493644,0.004366428534418487,0.6956787720537797,1.4542162960525595,True,0
process_disturbance_2.70,process_disturbance,47,20,reference_aware,accuracy_guard,accuracy_guard,True,0.9,1.75,False,False,0.45,0.55,0.15,0.1,0.54,0.46,0.06,0.06,0.41073145116050674,0.008582623483443377,0.003329898755697114,0.6531081153984982,1.353468012264559,True,0
process_disturbance_2.70,process_disturbance,47,20,inferred_failure_aware,accuracy_guard,accuracy_guard,True,0.9,1.75,False,False,0.45,0.55,0.15,0.1,0.54,0.46,0.06,0.06,0.41073145116050674,0.008582623483443377,0.003329898755697114,0.6531081153984982,1.353468012264559,True,0
process_disturbance_2.70,process_disturbance,48,5,baseline,normal,accuracy_guard,False,1.0,1.0,True,True,0.4,0.6,0.4,0.0,0.54,0.46,0.06,0.06,0.3197204554185449,0.0072910050989776175,0.006195228143598852,0.670459135263902,1.3474845298583566,True,0
process_disturbance_2.70,process_disturbance,48,5,reference_aware,accuracy_guard,accuracy_guard,True,0.9,1.75,False,False,0.4,0.6,0.4,0.0,0.54,0.46,0.06,0.06,0.31846563975618586,0.006301961454537006,0.0037744531907459855,0.6280822478200708,1.1628505162259817,True,0
process_disturbance_2.70,process_disturbance,48,5,inferred_failure_aware,accuracy_guard,accuracy_guard,True,0.9,1.75,False,False,0.4,0.6,0.4,0.0,0.54,0.46,0.06,0.06,0.31846563975618586,0.006301961454537006,0.0037744531907459855,0.6280822478200708,1.1628505162259817,True,0
process_disturbance_2.70,process_disturbance,48,10,baseline,normal,accuracy_guard,False,1.0,1.0,True,True,0.5,0.5,0.2,0.0,0.54,0.46,0.06,0.06,0.3197204554185449,0.0072910050989776175,0.006195228143598852,0.670459135263902,1.3474845298583566,True,0
process_disturbance_2.70,process_disturbance,48,10,reference_aware,accuracy_guard,accuracy_guard,True,0.9,1.75,False,False,0.5,0.5,0.2,0.0,0.54,0.46,0.06,0.06,0.31846563975618586,0.006301961454537006,0.0037744531907459855,0.6280822478200708,1.1628505162259817,True,0
process_disturbance_2.70,process_disturbance,48,10,inferred_failure_aware,accuracy_guard,accuracy_guard,True,0.9,1.75,False,False,0.5,0.5,0.2,0.0,0.54,0.46,0.06,0.06,0.31846563975618586,0.006301961454537006,0.0037744531907459855,0.6280822478200708,1.1628505162259817,True,0
process_disturbance_2.70,process_disturbance,48,20,baseline,normal,accuracy_guard,False,1.0,1.0,True,True,0.55,0.45,0.1,0.05,0.54,0.46,0.06,0.06,0.3197204554185449,0.0072910050989776175,0.006195228143598852,0.670459135263902,1.3474845298583566,True,0
process_disturbance_2.70,process_disturbance,48,20,reference_aware,accuracy_guard,accuracy_guard,True,0.9,1.75,False,False,0.55,0.45,0.1,0.05,0.54,0.46,0.06,0.06,0.31846563975618586,0.006301961454537006,0.0037744531907459855,0.6280822478200708,1.1628505162259817,True,0
process_disturbance_2.70,process_disturbance,48,20,inferred_failure_aware,accuracy_guard,accuracy_guard,True,0.9,1.75,False,False,0.55,0.45,0.1,0.05,0.54,0.46,0.06,0.06,0.31846563975618586,0.006301961454537006,0.0037744531907459855,0.6280822478200708,1.1628505162259817,True,0
process_disturbance_2.70,process_disturbance,49,5,baseline,normal,accuracy_guard,False,1.0,1.0,True,True,0.6,0.4,0.0,0.0,0.54,0.46,0.06,0.06,0.32358756025673713,0.0077910878001390595,0.0004303183367914132,0.6355029750281745,1.150091973044059,True,0
process_disturbance_2.70,process_disturbance,49,5,reference_aware,accuracy_guard,accuracy_guard,True,0.9,1.75,False,False,0.6,0.4,0.0,0.0,0.54,0.46,0.06,0.06,0.31800041378785904,0.0071538284680561035,0.000491146346302207,0.6015701970472055,1.0640937572825107,True,0
process_disturbance_2.70,process_disturbance,49,5,inferred_failure_aware,accuracy_guard,accuracy_guard,True,0.9,1.75,False,False,0.6,0.4,0.0,0.0,0.54,0.46,0.06,0.06,0.31800041378785904,0.0071538284680561035,0.000491146346302207,0.6015701970472055,1.0640937572825107,True,0
process_disturbance_2.70,process_disturbance,49,10,baseline,normal,accuracy_guard,False,1.0,1.0,True,True,0.6,0.4,0.0,0.0,0.54,0.46,0.06,0.06,0.32358756025673713,0.0077910878001390595,0.0004303183367914132,0.6355029750281745,1.150091973044059,True,0
process_disturbance_2.70,process_disturbance,49,10,reference_aware,accuracy_guard,accuracy_guard,True,0.9,1.75,False,False,0.6,0.4,0.0,0.0,0.54,0.46,0.06,0.06,0.31800041378785904,0.0071538284680561035,0.000491146346302207,0.6015701970472055,1.0640937572825107,True,0
process_disturbance_2.70,process_disturbance,49,10,inferred_failure_aware,accuracy_guard,accuracy_guard,True,0.9,1.75,False,False,0.6,0.4,0.0,0.0,0.54,0.46,0.06,0.06,0.31800041378785904,0.0071538284680561035,0.000491146346302207,0.6015701970472055,1.0640937572825107,True,0
process_disturbance_2.70,process_disturbance,49,20,baseline,normal,accuracy_guard,False,1.0,1.0,True,True,0.6,0.4,0.05,0.0,0.54,0.46,0.06,0.06,0.32358756025673713,0.0077910878001390595,0.0004303183367914132,0.6355029750281745,1.150091973044059,True,0
process_disturbance_2.70,process_disturbance,49,20,reference_aware,accuracy_guard,accuracy_guard,True,0.9,1.75,False,False,0.6,0.4,0.05,0.0,0.54,0.46,0.06,0.06,0.31800041378785904,0.0071538284680561035,0.000491146346302207,0.6015701970472055,1.0640937572825107,True,0
process_disturbance_2.70,process_disturbance,49,20,inferred_failure_aware,accuracy_guard,accuracy_guard,True,0.9,1.75,False,False,0.6,0.4,0.05,0.0,0.54,0.46,0.06,0.06,0.31800041378785904,0.0071538284680561035,0.000491146346302207,0.6015701970472055,1.0640937572825107,True,0
process_disturbance_2.70,process_disturbance,50,5,baseline,normal,accuracy_guard,False,1.0,1.0,True,True,0.6,0.4,0.2,0.0,0.54,0.46,0.06,0.06,0.42358298532579747,0.01082706686230942,0.004728148558890366,0.6875470632563586,1.4010941974760105,True,0
process_disturbance_2.70,process_disturbance,50,5,reference_aware,accuracy_guard,accuracy_guard,True,0.9,1.75,False,False,0.6,0.4,0.2,0.0,0.54,0.46,0.06,0.06,0.4072032400849,0.010217676697016825,0.004144484570640428,0.6387762078385152,1.2460483989924882,True,0
process_disturbance_2.70,process_disturbance,50,5,inferred_failure_aware,accuracy_guard,accuracy_guard,True,0.9,1.75,False,False,0.6,0.4,0.2,0.0,0.54,0.46,0.06,0.06,0.4072032400849,0.010217676697016825,0.004144484570640428,0.6387762078385152,1.2460483989924882,True,0
process_disturbance_2.70,process_disturbance,50,10,baseline,normal,accuracy_guard,False,1.0,1.0,True,True,0.7,0.3,0.1,0.1,0.54,0.46,0.06,0.06,0.42358298532579747,0.01082706686230942,0.004728148558890366,0.6875470632563586,1.4010941974760105,True,0
process_disturbance_2.70,process_disturbance,50,10,reference_aware,accuracy_guard,accuracy_guard,True,0.9,1.75,False,False,0.7,0.3,0.1,0.1,0.54,0.46,0.06,0.06,0.4072032400849,0.010217676697016825,0.004144484570640428,0.6387762078385152,1.2460483989924882,True,0
process_disturbance_2.70,process_disturbance,50,10,inferred_failure_aware,accuracy_guard,accuracy_guard,True,0.9,1.75,False,False,0.7,0.3,0.1,0.1,0.54,0.46,0.06,0.06,0.4072032400849,0.010217676697016825,0.004144484570640428,0.6387762078385152,1.2460483989924882,True,0
process_disturbance_2.70,process_disturbance,50,20,baseline,normal,accuracy_guard,False,1.0,1.0,True,True,0.5,0.5,0.1,0.05,0.54,0.46,0.06,0.06,0.42358298532579747,0.01082706686230942,0.004728148558890366,0.6875470632563586,1.4010941974760105,True,0
process_disturbance_2.70,process_disturbance,50,20,reference_aware,accuracy_guard,accuracy_guard,True,0.9,1.75,False,False,0.5,0.5,0.1,0.05,0.54,0.46,0.06,0.06,0.4072032400849,0.010217676697016825,0.004144484570640428,0.6387762078385152,1.2460483989924882,True,0
process_disturbance_2.70,process_disturbance,50,20,inferred_failure_aware,accuracy_guard,accuracy_guard,True,0.9,1.75,False,False,0.5,0.5,0.1,0.05,0.54,0.46,0.06,0.06,0.4072032400849,0.010217676697016825,0.004144484570640428,0.6387762078385152,1.2460483989924882,True,0
process_disturbance_2.70,process_disturbance,51,5,baseline,normal,accuracy_guard,False,1.0,1.0,True,True,0.6,0.4,0.0,0.0,0.54,0.46,0.06,0.06,0.4262241741149323,0.011574984929920765,0.004804213464617679,0.6658556384255386,1.5541025998134075,True,0
process_disturbance_2.70,process_disturbance,51,5,reference_aware,accuracy_guard,accuracy_guard,True,0.9,1.75,False,False,0.6,0.4,0.0,0.0,0.54,0.46,0.06,0.06,0.4079134167964214,0.010766865641779363,0.004420900564579555,0.6226580635693607,1.4256892038227038,True,0
process_disturbance_2.70,process_disturbance,51,5,inferred_failure_aware,accuracy_guard,accuracy_guard,True,0.9,1.75,False,False,0.6,0.4,0.0,0.0,0.54,0.46,0.06,0.06,0.4079134167964214,0.010766865641779363,0.004420900564579555,0.6226580635693607,1.4256892038227038,True,0
process_disturbance_2.70,process_disturbance,51,10,baseline,normal,accuracy_guard,False,1.0,1.0,True,True,0.6,0.4,0.1,0.0,0.54,0.46,0.06,0.06,0.4262241741149323,0.011574984929920765,0.004804213464617679,0.6658556384255386,1.5541025998134075,True,0
process_disturbance_2.70,process_disturbance,51,10,reference_aware,accuracy_guard,accuracy_guard,True,0.9,1.75,False,False,0.6,0.4,0.1,0.0,0.54,0.46,0.06,0.06,0.4079134167964214,0.010766865641779363,0.004420900564579555,0.6226580635693607,1.4256892038227038,True,0
process_disturbance_2.70,process_disturbance,51,10,inferred_failure_aware,accuracy_guard,accuracy_guard,True,0.9,1.75,False,False,0.6,0.4,0.1,0.0,0.54,0.46,0.06,0.06,0.4079134167964214,0.010766865641779363,0.004420900564579555,0.6226580635693607,1.4256892038227038,True,0
process_disturbance_2.70,process_disturbance,51,20,baseline,normal,accuracy_guard,False,1.0,1.0,True,True,0.65,0.35,0.05,0.05,0.54,0.46,0.06,0.06,0.4262241741149323,0.011574984929920765,0.004804213464617679,0.6658556384255386,1.5541025998134075,True,0
process_disturbance_2.70,process_disturbance,51,20,reference_aware,accuracy_guard,accuracy_guard,True,0.9,1.75,False,False,0.65,0.35,0.05,0.05,0.54,0.46,0.06,0.06,0.4079134167964214,0.010766865641779363,0.004420900564579555,0.6226580635693607,1.4256892038227038,True,0
process_disturbance_2.70,process_disturbance,51,20,inferred_failure_aware,accuracy_guard,accuracy_guard,True,0.9,1.75,False,False,0.65,0.35,0.05,0.05,0.54,0.46,0.06,0.06,0.4079134167964214,0.010766865641779363,0.004420900564579555,0.6226580635693607,1.4256892038227038,True,0
process_disturbance_2.70,process_disturbance,52,5,baseline,normal,accuracy_guard,False,1.0,1.0,True,True,0.6,0.4,0.2,0.0,0.54,0.46,0.06,0.06,0.2915488376546763,0.007876083370120631,0.00694255895947582,0.6770946446033566,1.0900721355895064,True,0
process_disturbance_2.70,process_disturbance,52,5,reference_aware,accuracy_guard,accuracy_guard,True,0.9,1.75,False,False,0.6,0.4,0.2,0.0,0.54,0.46,0.06,0.06,0.2791451370088158,0.006768649880045456,0.006158796068015282,0.6367324052167271,0.9665066623297403,True,0
process_disturbance_2.70,process_disturbance,52,5,inferred_failure_aware,accuracy_guard,accuracy_guard,True,0.9,1.75,False,False,0.6,0.4,0.2,0.0,0.54,0.46,0.06,0.06,0.2791451370088158,0.006768649880045456,0.006158796068015282,0.6367324052167271,0.9665066623297403,True,0
process_disturbance_2.70,process_disturbance,52,10,baseline,normal,accuracy_guard,False,1.0,1.0,True,True,0.8,0.2,0.1,0.0,0.54,0.46,0.06,0.06,0.2915488376546763,0.007876083370120631,0.00694255895947582,0.6770946446033566,1.0900721355895064,True,0
process_disturbance_2.70,process_disturbance,52,10,reference_aware,accuracy_guard,accuracy_guard,True,0.9,1.75,False,False,0.8,0.2,0.1,0.0,0.54,0.46,0.06,0.06,0.2791451370088158,0.006768649880045456,0.006158796068015282,0.6367324052167271,0.9665066623297403,True,0
process_disturbance_2.70,process_disturbance,52,10,inferred_failure_aware,accuracy_guard,accuracy_guard,True,0.9,1.75,False,False,0.8,0.2,0.1,0.0,0.54,0.46,0.06,0.06,0.2791451370088158,0.006768649880045456,0.006158796068015282,0.6367324052167271,0.9665066623297403,True,0
process_disturbance_2.70,process_disturbance,52,20,baseline,normal,accuracy_guard,False,1.0,1.0,True,True,0.65,0.35,0.1,0.05,0.54,0.46,0.06,0.06,0.2915488376546763,0.007876083370120631,0.00694255895947582,0.6770946446033566,1.0900721355895064,True,0
process_disturbance_2.70,process_disturbance,52,20,reference_aware,accuracy_guard,accuracy_guard,True,0.9,1.75,False,False,0.65,0.35,0.1,0.05,0.54,0.46,0.06,0.06,0.2791451370088158,0.006768649880045456,0.006158796068015282,0.6367324052167271,0.9665066623297403,True,0
process_disturbance_2.70,process_disturbance,52,20,inferred_failure_aware,accuracy_guard,accuracy_guard,True,0.9,1.75,False,False,0.65,0.35,0.1,0.05,0.54,0.46,0.06,0.06,0.2791451370088158,0.006768649880045456,0.006158796068015282,0.6367324052167271,0.9665066623297403,True,0
process_disturbance_2.70,process_disturbance,53,5,baseline,normal,accuracy_guard,False,1.0,1.0,True,True,0.4,0.6,0.0,0.0,0.54,0.46,0.06,0.06,0.41008084098637304,0.009120127123768976,0.004242551903152925,0.6936056271890599,1.1420360630606132,True,0
process_disturbance_2.70,process_disturbance,53,5,reference_aware,accuracy_guard,accuracy_guard,True,0.9,1.75,False,False,0.4,0.6,0.0,0.0,0.54,0.46,0.06,0.06,0.4103014660662977,0.00846920978209505,0.002571049605360032,0.6502218376657403,1.0483771620364377,True,0
process_disturbance_2.70,process_disturbance,53,5,inferred_failure_aware,accuracy_guard,accuracy_guard,True,0.9,1.75,False,False,0.4,0.6,0.0,0.0,0.54,0.46,0.06,0.06,0.4103014660662977,0.00846920978209505,0.002571049605360032,0.6502218376657403,1.0483771620364377,True,0
process_disturbance_2.70,process_disturbance,53,10,baseline,normal,accuracy_guard,False,1.0,1.0,True,True,0.5,0.5,0.1,0.1,0.54,0.46,0.06,0.06,0.41008084098637304,0.009120127123768976,0.004242551903152925,0.6936056271890599,1.1420360630606132,True,0
process_disturbance_2.70,process_disturbance,53,10,reference_aware,accuracy_guard,accuracy_guard,True,0.9,1.75,False,False,0.5,0.5,0.1,0.1,0.54,0.46,0.06,0.06,0.4103014660662977,0.00846920978209505,0.002571049605360032,0.6502218376657403,1.0483771620364377,True,0
process_disturbance_2.70,process_disturbance,53,10,inferred_failure_aware,accuracy_guard,accuracy_guard,True,0.9,1.75,False,False,0.5,0.5,0.1,0.1,0.54,0.46,0.06,0.06,0.4103014660662977,0.00846920978209505,0.002571049605360032,0.6502218376657403,1.0483771620364377,True,0
process_disturbance_2.70,process_disturbance,53,20,baseline,normal,accuracy_guard,False,1.0,1.0,True,True,0.5,0.5,0.05,0.1,0.54,0.46,0.06,0.06,0.41008084098637304,0.009120127123768976,0.004242551903152925,0.6936056271890599,1.1420360630606132,True,0
process_disturbance_2.70,process_disturbance,53,20,reference_aware,accuracy_guard,accuracy_guard,True,0.9,1.75,False,False,0.5,0.5,0.05,0.1,0.54,0.46,0.06,0.06,0.4103014660662977,0.00846920978209505,0.002571049605360032,0.6502218376657403,1.0483771620364377,True,0
process_disturbance_2.70,process_disturbance,53,20,inferred_failure_aware,accuracy_guard,accuracy_guard,True,0.9,1.75,False,False,0.5,0.5,0.05,0.1,0.54,0.46,0.06,0.06,0.4103014660662977,0.00846920978209505,0.002571049605360032,0.6502218376657403,1.0483771620364377,True,0
process_disturbance_2.70,process_disturbance,54,5,baseline,normal,accuracy_guard,False,1.0,1.0,True,True,0.4,0.6,0.2,0.2,0.54,0.46,0.06,0.06,0.5371963935473562,0.009895203048656721,0.003016092553709493,0.6814003259435818,1.427109233685961,True,0
process_disturbance_2.70,process_disturbance,54,5,reference_aware,accuracy_guard,accuracy_guard,True,0.9,1.75,False,False,0.4,0.6,0.2,0.2,0.54,0.46,0.06,0.06,0.5246151395034804,0.008708853560499984,0.0023395017320243516,0.6407517255280086,1.2867964115141144,True,0
process_disturbance_2.70,process_disturbance,54,5,inferred_failure_aware,accuracy_guard,accuracy_guard,True,0.9,1.75,False,False,0.4,0.6,0.2,0.2,0.54,0.46,0.06,0.06,0.5246151395034804,0.008708853560499984,0.0023395017320243516,0.6407517255280086,1.2867964115141144,True,0
process_disturbance_2.70,process_disturbance,54,10,baseline,normal,accuracy_guard,False,1.0,1.0,True,True,0.5,0.5,0.1,0.1,0.54,0.46,0.06,0.06,0.5371963935473562,0.009895203048656721,0.003016092553709493,0.6814003259435818,1.427109233685961,True,0
process_disturbance_2.70,process_disturbance,54,10,reference_aware,accuracy_guard,accuracy_guard,True,0.9,1.75,False,False,0.5,0.5,0.1,0.1,0.54,0.46,0.06,0.06,0.5246151395034804,0.008708853560499984,0.0023395017320243516,0.6407517255280086,1.2867964115141144,True,0
process_disturbance_2.70,process_disturbance,54,10,inferred_failure_aware,accuracy_guard,accuracy_guard,True,0.9,1.75,False,False,0.5,0.5,0.1,0.1,0.54,0.46,0.06,0.06,0.5246151395034804,0.008708853560499984,0.0023395017320243516,0.6407517255280086,1.2867964115141144,True,0
process_disturbance_2.70,process_disturbance,54,20,baseline,normal,accuracy_guard,False,1.0,1.0,True,True,0.5,0.5,0.1,0.05,0.54,0.46,0.06,0.06,0.5371963935473562,0.009895203048656721,0.003016092553709493,0.6814003259435818,1.427109233685961,True,0
process_disturbance_2.70,process_disturbance,54,20,reference_aware,accuracy_guard,accuracy_guard,True,0.9,1.75,False,False,0.5,0.5,0.1,0.05,0.54,0.46,0.06,0.06,0.5246151395034804,0.008708853560499984,0.0023395017320243516,0.6407517255280086,1.2867964115141144,True,0
process_disturbance_2.70,process_disturbance,54,20,inferred_failure_aware,accuracy_guard,accuracy_guard,True,0.9,1.75,False,False,0.5,0.5,0.1,0.05,0.54,0.46,0.06,0.06,0.5246151395034804,0.008708853560499984,0.0023395017320243516,0.6407517255280086,1.2867964115141144,True,0
process_disturbance_2.70,process_disturbance,55,5,baseline,normal,accuracy_guard,False,1.0,1.0,True,True,0.4,0.6,0.0,0.0,0.54,0.46,0.06,0.06,0.46346971050338664,0.010859909969061863,0.006233572433773316,0.646135213516438,1.7119160658153056,True,0
process_disturbance_2.70,process_disturbance,55,5,reference_aware,accuracy_guard,accuracy_guard,True,0.9,1.75,False,False,0.4,0.6,0.0,0.0,0.54,0.46,0.06,0.06,0.45301423609489233,0.009847368437962132,0.0059809365766384515,0.6129659440352392,1.5804468941813752,True,0
process_disturbance_2.70,process_disturbance,55,5,inferred_failure_aware,accuracy_guard,accuracy_guard,True,0.9,1.75,False,False,0.4,0.6,0.0,0.0,0.54,0.46,0.06,0.06,0.45301423609489233,0.009847368437962132,0.0059809365766384515,0.6129659440352392,1.5804468941813752,True,0
process_disturbance_2.70,process_disturbance,55,10,baseline,normal,accuracy_guard,False,1.0,1.0,True,True,0.5,0.5,0.1,0.0,0.54,0.46,0.06,0.06,0.46346971050338664,0.010859909969061863,0.006233572433773316,0.646135213516438,1.7119160658153056,True,0
process_disturbance_2.70,process_disturbance,55,10,reference_aware,accuracy_guard,accuracy_guard,True,0.9,1.75,False,False,0.5,0.5,0.1,0.0,0.54,0.46,0.06,0.06,0.45301423609489233,0.009847368437962132,0.0059809365766384515,0.6129659440352392,1.5804468941813752,True,0
process_disturbance_2.70,process_disturbance,55,10,inferred_failure_aware,accuracy_guard,accuracy_guard,True,0.9,1.75,False,False,0.5,0.5,0.1,0.0,0.54,0.46,0.06,0.06,0.45301423609489233,0.009847368437962132,0.0059809365766384515,0.6129659440352392,1.5804468941813752,True,0
process_disturbance_2.70,process_disturbance,55,20,baseline,normal,accuracy_guard,False,1.0,1.0,True,True,0.55,0.45,0.15,0.05,0.54,0.46,0.06,0.06,0.46346971050338664,0.010859909969061863,0.006233572433773316,0.646135213516438,1.7119160658153056,True,0
process_disturbance_2.70,process_disturbance,55,20,reference_aware,accuracy_guard,accuracy_guard,True,0.9,1.75,False,False,0.55,0.45,0.15,0.05,0.54,0.46,0.06,0.06,0.45301423609489233,0.009847368437962132,0.0059809365766384515,0.6129659440352392,1.5804468941813752,True,0
process_disturbance_2.70,process_disturbance,55,20,inferred_failure_aware,accuracy_guard,accuracy_guard,True,0.9,1.75,False,False,0.55,0.45,0.15,0.05,0.54,0.46,0.06,0.06,0.45301423609489233,0.009847368437962132,0.0059809365766384515,0.6129659440352392,1.5804468941813752,True,0
process_disturbance_2.70,process_disturbance,56,5,baseline,normal,accuracy_guard,False,1.0,1.0,True,True,0.8,0.2,0.0,0.0,0.54,0.46,0.06,0.06,0.38716328459941973,0.00756425404980478,0.00028699347303617895,0.6506227394799596,1.2621222619534715,True,0
process_disturbance_2.70,process_disturbance,56,5,reference_aware,accuracy_guard,accuracy_guard,True,0.9,1.75,False,False,0.8,0.2,0.0,0.0,0.54,0.46,0.06,0.06,0.3966325027763115,0.006554674086890614,0.0004110269352790574,0.615340804617388,1.1591070234748124,True,0
process_disturbance_2.70,process_disturbance,56,5,inferred_failure_aware,accuracy_guard,accuracy_guard,True,0.9,1.75,False,False,0.8,0.2,0.0,0.0,0.54,0.46,0.06,0.06,0.3966325027763115,0.006554674086890614,0.0004110269352790574,0.615340804617388,1.1591070234748124,True,0
process_disturbance_2.70,process_disturbance,56,10,baseline,normal,accuracy_guard,False,1.0,1.0,True,True,0.6,0.4,0.1,0.0,0.54,0.46,0.06,0.06,0.38716328459941973,0.00756425404980478,0.00028699347303617895,0.6506227394799596,1.2621222619534715,True,0
process_disturbance_2.70,process_disturbance,56,10,reference_aware,accuracy_guard,accuracy_guard,True,0.9,1.75,False,False,0.6,0.4,0.1,0.0,0.54,0.46,0.06,0.06,0.3966325027763115,0.006554674086890614,0.0004110269352790574,0.615340804617388,1.1591070234748124,True,0
process_disturbance_2.70,process_disturbance,56,10,inferred_failure_aware,accuracy_guard,accuracy_guard,True,0.9,1.75,False,False,0.6,0.4,0.1,0.0,0.54,0.46,0.06,0.06,0.3966325027763115,0.006554674086890614,0.0004110269352790574,0.615340804617388,1.1591070234748124,True,0
process_disturbance_2.70,process_disturbance,56,20,baseline,normal,accuracy_guard,False,1.0,1.0,True,True,0.65,0.35,0.1,0.0,0.54,0.46,0.06,0.06,0.38716328459941973,0.00756425404980478,0.00028699347303617895,0.6506227394799596,1.2621222619534715,True,0
process_disturbance_2.70,process_disturbance,56,20,reference_aware,accuracy_guard,accuracy_guard,True,0.9,1.75,False,False,0.65,0.35,0.1,0.0,0.54,0.46,0.06,0.06,0.3966325027763115,0.006554674086890614,0.0004110269352790574,0.615340804617388,1.1591070234748124,True,0
process_disturbance_2.70,process_disturbance,56,20,inferred_failure_aware,accuracy_guard,accuracy_guard,True,0.9,1.75,False,False,0.65,0.35,0.1,0.0,0.54,0.46,0.06,0.06,0.3966325027763115,0.006554674086890614,0.0004110269352790574,0.615340804617388,1.1591070234748124,True,0
process_disturbance_2.70,process_disturbance,57,5,baseline,normal,accuracy_guard,False,1.0,1.0,True,True,0.6,0.4,0.0,0.0,0.54,0.46,0.06,0.06,0.3519824418349997,0.008995508280426272,0.003657574535288144,0.6462832710638944,0.9103906129752737,True,0
process_disturbance_2.70,process_disturbance,57,5,reference_aware,accuracy_guard,accuracy_guard,True,0.9,1.75,False,False,0.6,0.4,0.0,0.0,0.54,0.46,0.06,0.06,0.3477461592739193,0.008107511972553478,0.0034603502507550843,0.6036271982581115,0.833740077451913,True,0
process_disturbance_2.70,process_disturbance,57,5,inferred_failure_aware,accuracy_guard,accuracy_guard,True,0.9,1.75,False,False,0.6,0.4,0.0,0.0,0.54,0.46,0.06,0.06,0.3477461592739193,0.008107511972553478,0.0034603502507550843,0.6036271982581115,0.833740077451913,True,0
process_disturbance_2.70,process_disturbance,57,10,baseline,normal,accuracy_guard,False,1.0,1.0,True,True,0.6,0.4,0.0,0.0,0.54,0.46,0.06,0.06,0.3519824418349997,0.008995508280426272,0.003657574535288144,0.6462832710638944,0.9103906129752737,True,0
process_disturbance_2.70,process_disturbance,57,10,reference_aware,accuracy_guard,accuracy_guard,True,0.9,1.75,False,False,0.6,0.4,0.0,0.0,0.54,0.46,0.06,0.06,0.3477461592739193,0.008107511972553478,0.0034603502507550843,0.6036271982581115,0.833740077451913,True,0
process_disturbance_2.70,process_disturbance,57,10,inferred_failure_aware,accuracy_guard,accuracy_guard,True,0.9,1.75,False,False,0.6,0.4,0.0,0.0,0.54,0.46,0.06,0.06,0.3477461592739193,0.008107511972553478,0.0034603502507550843,0.6036271982581115,0.833740077451913,True,0
process_disturbance_2.70,process_disturbance,57,20,baseline,normal,accuracy_guard,False,1.0,1.0,True,True,0.55,0.45,0.0,0.1,0.54,0.46,0.06,0.06,0.3519824418349997,0.008995508280426272,0.003657574535288144,0.6462832710638944,0.9103906129752737,True,0
process_disturbance_2.70,process_disturbance,57,20,reference_aware,accuracy_guard,accuracy_guard,True,0.9,1.75,False,False,0.55,0.45,0.0,0.1,0.54,0.46,0.06,0.06,0.3477461592739193,0.008107511972553478,0.0034603502507550843,0.6036271982581115,0.833740077451913,True,0
process_disturbance_2.70,process_disturbance,57,20,inferred_failure_aware,accuracy_guard,accuracy_guard,True,0.9,1.75,False,False,0.55,0.45,0.0,0.1,0.54,0.46,0.06,0.06,0.3477461592739193,0.008107511972553478,0.0034603502507550843,0.6036271982581115,0.833740077451913,True,0
process_disturbance_2.70,process_disturbance,58,5,baseline,normal,accuracy_guard,False,1.0,1.0,True,True,0.6,0.4,0.0,0.0,0.54,0.46,0.06,0.06,0.4601645352512371,0.012150176313278497,0.008050068435706437,0.6797119221409221,1.8284793812954758,True,0
process_disturbance_2.70,process_disturbance,58,5,reference_aware,accuracy_guard,accuracy_guard,True,0.9,1.75,False,False,0.6,0.4,0.0,0.0,0.54,0.46,0.06,0.06,0.45419372251306933,0.011047129705848608,0.006978826221573087,0.6374744153766677,1.6869755483732212,True,0
process_disturbance_2.70,process_disturbance,58,5,inferred_failure_aware,accuracy_guard,accuracy_guard,True,0.9,1.75,False,False,0.6,0.4,0.0,0.0,0.54,0.46,0.06,0.06,0.45419372251306933,0.011047129705848608,0.006978826221573087,0.6374744153766677,1.6869755483732212,True,0
process_disturbance_2.70,process_disturbance,58,10,baseline,normal,accuracy_guard,False,1.0,1.0,True,True,0.5,0.5,0.1,0.1,0.54,0.46,0.06,0.06,0.4601645352512371,0.012150176313278497,0.008050068435706437,0.6797119221409221,1.8284793812954758,True,0
process_disturbance_2.70,process_disturbance,58,10,reference_aware,accuracy_guard,accuracy_guard,True,0.9,1.75,False,False,0.5,0.5,0.1,0.1,0.54,0.46,0.06,0.06,0.45419372251306933,0.011047129705848608,0.006978826221573087,0.6374744153766677,1.6869755483732212,True,0
process_disturbance_2.70,process_disturbance,58,10,inferred_failure_aware,accuracy_guard,accuracy_guard,True,0.9,1.75,False,False,0.5,0.5,0.1,0.1,0.54,0.46,0.06,0.06,0.45419372251306933,0.011047129705848608,0.006978826221573087,0.6374744153766677,1.6869755483732212,True,0
process_disturbance_2.70,process_disturbance,58,20,baseline,normal,accuracy_guard,False,1.0,1.0,True,True,0.45,0.55,0.05,0.05,0.54,0.46,0.06,0.06,0.4601645352512371,0.012150176313278497,0.008050068435706437,0.6797119221409221,1.8284793812954758,True,0
process_disturbance_2.70,process_disturbance,58,20,reference_aware,accuracy_guard,accuracy_guard,True,0.9,1.75,False,False,0.45,0.55,0.05,0.05,0.54,0.46,0.06,0.06,0.45419372251306933,0.011047129705848608,0.006978826221573087,0.6374744153766677,1.6869755483732212,True,0
process_disturbance_2.70,process_disturbance,58,20,inferred_failure_aware,accuracy_guard,accuracy_guard,True,0.9,1.75,False,False,0.45,0.55,0.05,0.05,0.54,0.46,0.06,0.06,0.45419372251306933,0.011047129705848608,0.006978826221573087,0.6374744153766677,1.6869755483732212,True,0
process_disturbance_2.70,process_disturbance,59,5,baseline,normal,accuracy_guard,False,1.0,1.0,True,True,1.0,0.0,0.0,0.0,0.54,0.46,0.06,0.06,0.39265245450194214,0.01003692141321483,0.0037458229532946197,0.68997285390023,1.2952126760406604,True,0
process_disturbance_2.70,process_disturbance,59,5,reference_aware,accuracy_guard,accuracy_guard,True,0.9,1.75,False,False,1.0,0.0,0.0,0.0,0.54,0.46,0.06,0.06,0.3706709027443562,0.009078485736133452,0.003141016107121364,0.6376274673542754,1.1418792955135484,True,0
process_disturbance_2.70,process_disturbance,59,5,inferred_failure_aware,accuracy_guard,accuracy_guard,True,0.9,1.75,False,False,1.0,0.0,0.0,0.0,0.54,0.46,0.06,0.06,0.3706709027443562,0.009078485736133452,0.003141016107121364,0.6376274673542754,1.1418792955135484,True,0
process_disturbance_2.70,process_disturbance,59,10,baseline,normal,accuracy_guard,False,1.0,1.0,True,True,0.6,0.4,0.0,0.1,0.54,0.46,0.06,0.06,0.39265245450194214,0.01003692141321483,0.0037458229532946197,0.68997285390023,1.2952126760406604,True,0
process_disturbance_2.70,process_disturbance,59,10,reference_aware,accuracy_guard,accuracy_guard,True,0.9,1.75,False,False,0.6,0.4,0.0,0.1,0.54,0.46,0.06,0.06,0.3706709027443562,0.009078485736133452,0.003141016107121364,0.6376274673542754,1.1418792955135484,True,0
process_disturbance_2.70,process_disturbance,59,10,inferred_failure_aware,accuracy_guard,accuracy_guard,True,0.9,1.75,False,False,0.6,0.4,0.0,0.1,0.54,0.46,0.06,0.06,0.3706709027443562,0.009078485736133452,0.003141016107121364,0.6376274673542754,1.1418792955135484,True,0
process_disturbance_2.70,process_disturbance,59,20,baseline,normal,accuracy_guard,False,1.0,1.0,True,True,0.55,0.45,0.0,0.1,0.54,0.46,0.06,0.06,0.39265245450194214,0.01003692141321483,0.0037458229532946197,0.68997285390023,1.2952126760406604,True,0
process_disturbance_2.70,process_disturbance,59,20,reference_aware,accuracy_guard,accuracy_guard,True,0.9,1.75,False,False,0.55,0.45,0.0,0.1,0.54,0.46,0.06,0.06,0.3706709027443562,0.009078485736133452,0.003141016107121364,0.6376274673542754,1.1418792955135484,True,0
process_disturbance_2.70,process_disturbance,59,20,inferred_failure_aware,accuracy_guard,accuracy_guard,True,0.9,1.75,False,False,0.55,0.45,0.0,0.1,0.54,0.46,0.06,0.06,0.3706709027443562,0.009078485736133452,0.003141016107121364,0.6376274673542754,1.1418792955135484,True,0
process_disturbance_2.70,process_disturbance,60,5,baseline,normal,accuracy_guard,False,1.0,1.0,True,True,0.8,0.2,0.0,0.2,0.54,0.46,0.06,0.06,0.4458061528636056,0.012463218225770987,0.006304836281747606,0.6716385479993051,1.7822563308913746,True,0
process_disturbance_2.70,process_disturbance,60,5,reference_aware,accuracy_guard,accuracy_guard,True,0.9,1.75,False,False,0.8,0.2,0.0,0.2,0.54,0.46,0.06,0.06,0.4395255280679049,0.011880526327496005,0.0059834579628311735,0.6271969910888626,1.687091192457326,True,0
process_disturbance_2.70,process_disturbance,60,5,inferred_failure_aware,accuracy_guard,accuracy_guard,True,0.9,1.75,False,False,0.8,0.2,0.0,0.2,0.54,0.46,0.06,0.06,0.4395255280679049,0.011880526327496005,0.0059834579628311735,0.6271969910888626,1.687091192457326,True,0
process_disturbance_2.70,process_disturbance,60,10,baseline,normal,accuracy_guard,False,1.0,1.0,True,True,0.6,0.4,0.2,0.1,0.54,0.46,0.06,0.06,0.4458061528636056,0.012463218225770987,0.006304836281747606,0.6716385479993051,1.7822563308913746,True,0
process_disturbance_2.70,process_disturbance,60,10,reference_aware,accuracy_guard,accuracy_guard,True,0.9,1.75,False,False,0.6,0.4,0.2,0.1,0.54,0.46,0.06,0.06,0.4395255280679049,0.011880526327496005,0.0059834579628311735,0.6271969910888626,1.687091192457326,True,0
process_disturbance_2.70,process_disturbance,60,10,inferred_failure_aware,accuracy_guard,accuracy_guard,True,0.9,1.75,False,False,0.6,0.4,0.2,0.1,0.54,0.46,0.06,0.06,0.4395255280679049,0.011880526327496005,0.0059834579628311735,0.6271969910888626,1.687091192457326,True,0
process_disturbance_2.70,process_disturbance,60,20,baseline,normal,accuracy_guard,False,1.0,1.0,True,True,0.55,0.45,0.1,0.05,0.54,0.46,0.06,0.06,0.4458061528636056,0.012463218225770987,0.006304836281747606,0.6716385479993051,1.7822563308913746,True,0
process_disturbance_2.70,process_disturbance,60,20,reference_aware,accuracy_guard,accuracy_guard,True,0.9,1.75,False,False,0.55,0.45,0.1,0.05,0.54,0.46,0.06,0.06,0.4395255280679049,0.011880526327496005,0.0059834579628311735,0.6271969910888626,1.687091192457326,True,0
process_disturbance_2.70,process_disturbance,60,20,inferred_failure_aware,accuracy_guard,accuracy_guard,True,0.9,1.75,False,False,0.55,0.45,0.1,0.05,0.54,0.46,0.06,0.06,0.4395255280679049,0.011880526327496005,0.0059834579628311735,0.6271969910888626,1.687091192457326,True,0
process_disturbance_2.70,process_disturbance,61,5,baseline,normal,accuracy_guard,False,1.0,1.0,True,True,0.4,0.6,0.4,0.2,0.54,0.46,0.06,0.06,0.45026091287674075,0.010283309715471249,0.0001796976368632075,0.6380688595908065,1.299142150173272,True,0
process_disturbance_2.70,process_disturbance,61,5,reference_aware,accuracy_guard,accuracy_guard,True,0.9,1.75,False,False,0.4,0.6,0.4,0.2,0.54,0.46,0.06,0.06,0.4385735904471363,0.00957643582116861,3.269400809491341e-05,0.6063789473942804,1.191389569782404,True,0
process_disturbance_2.70,process_disturbance,61,5,inferred_failure_aware,accuracy_guard,accuracy_guard,True,0.9,1.75,False,False,0.4,0.6,0.4,0.2,0.54,0.46,0.06,0.06,0.4385735904471363,0.00957643582116861,3.269400809491341e-05,0.6063789473942804,1.191389569782404,True,0
process_disturbance_2.70,process_disturbance,61,10,baseline,normal,accuracy_guard,False,1.0,1.0,True,True,0.4,0.6,0.3,0.1,0.54,0.46,0.06,0.06,0.45026091287674075,0.010283309715471249,0.0001796976368632075,0.6380688595908065,1.299142150173272,True,0
process_disturbance_2.70,process_disturbance,61,10,reference_aware,accuracy_guard,accuracy_guard,True,0.9,1.75,False,False,0.4,0.6,0.3,0.1,0.54,0.46,0.06,0.06,0.4385735904471363,0.00957643582116861,3.269400809491341e-05,0.6063789473942804,1.191389569782404,True,0
process_disturbance_2.70,process_disturbance,61,10,inferred_failure_aware,accuracy_guard,accuracy_guard,True,0.9,1.75,False,False,0.4,0.6,0.3,0.1,0.54,0.46,0.06,0.06,0.4385735904471363,0.00957643582116861,3.269400809491341e-05,0.6063789473942804,1.191389569782404,True,0
process_disturbance_2.70,process_disturbance,61,20,baseline,normal,accuracy_guard,False,1.0,1.0,True,True,0.55,0.45,0.15,0.05,0.54,0.46,0.06,0.06,0.45026091287674075,0.010283309715471249,0.0001796976368632075,0.6380688595908065,1.299142150173272,True,0
process_disturbance_2.70,process_disturbance,61,20,reference_aware,accuracy_guard,accuracy_guard,True,0.9,1.75,False,False,0.55,0.45,0.15,0.05,0.54,0.46,0.06,0.06,0.4385735904471363,0.00957643582116861,3.269400809491341e-05,0.6063789473942804,1.191389569782404,True,0
process_disturbance_2.70,process_disturbance,61,20,inferred_failure_aware,accuracy_guard,accuracy_guard,True,0.9,1.75,False,False,0.55,0.45,0.15,0.05,0.54,0.46,0.06,0.06,0.4385735904471363,0.00957643582116861,3.269400809491341e-05,0.6063789473942804,1.191389569782404,True,0
process_disturbance_2.70,process_disturbance,62,5,baseline,normal,accuracy_guard,False,1.0,1.0,True,True,0.4,0.6,0.0,0.2,0.54,0.46,0.06,0.06,0.4766699151044449,0.010411574201925525,0.0009710250004436594,0.6719122341631389,1.5187026836249096,True,0
process_disturbance_2.70,process_disturbance,62,5,reference_aware,accuracy_guard,accuracy_guard,True,0.9,1.75,False,False,0.4,0.6,0.0,0.2,0.54,0.46,0.06,0.06,0.4713323226955457,0.009611436699417946,0.0015173507960990484,0.6303718087433634,1.4259724917528418,True,0
process_disturbance_2.70,process_disturbance,62,5,inferred_failure_aware,accuracy_guard,accuracy_guard,True,0.9,1.75,False,False,0.4,0.6,0.0,0.2,0.54,0.46,0.06,0.06,0.4713323226955457,0.009611436699417946,0.0015173507960990484,0.6303718087433634,1.4259724917528418,True,0
process_disturbance_2.70,process_disturbance,62,10,baseline,normal,accuracy_guard,False,1.0,1.0,True,True,0.6,0.4,0.0,0.2,0.54,0.46,0.06,0.06,0.4766699151044449,0.010411574201925525,0.0009710250004436594,0.6719122341631389,1.5187026836249096,True,0
process_disturbance_2.70,process_disturbance,62,10,reference_aware,accuracy_guard,accuracy_guard,True,0.9,1.75,False,False,0.6,0.4,0.0,0.2,0.54,0.46,0.06,0.06,0.4713323226955457,0.009611436699417946,0.0015173507960990484,0.6303718087433634,1.4259724917528418,True,0
process_disturbance_2.70,process_disturbance,62,10,inferred_failure_aware,accuracy_guard,accuracy_guard,True,0.9,1.75,False,False,0.6,0.4,0.0,0.2,0.54,0.46,0.06,0.06,0.4713323226955457,0.009611436699417946,0.0015173507960990484,0.6303718087433634,1.4259724917528418,True,0
process_disturbance_2.70,process_disturbance,62,20,baseline,normal,accuracy_guard,False,1.0,1.0,True,True,0.65,0.35,0.05,0.1,0.54,0.46,0.06,0.06,0.4766699151044449,0.010411574201925525,0.0009710250004436594,0.6719122341631389,1.5187026836249096,True,0
process_disturbance_2.70,process_disturbance,62,20,reference_aware,accuracy_guard,accuracy_guard,True,0.9,1.75,False,False,0.65,0.35,0.05,0.1,0.54,0.46,0.06,0.06,0.4713323226955457,0.009611436699417946,0.0015173507960990484,0.6303718087433634,1.4259724917528418,True,0
process_disturbance_2.70,process_disturbance,62,20,inferred_failure_aware,accuracy_guard,accuracy_guard,True,0.9,1.75,False,False,0.65,0.35,0.05,0.1,0.54,0.46,0.06,0.06,0.4713323226955457,0.009611436699417946,0.0015173507960990484,0.6303718087433634,1.4259724917528418,True,0
process_disturbance_2.70,process_disturbance,63,5,baseline,normal,accuracy_guard,False,1.0,1.0,True,True,0.4,0.6,0.2,0.2,0.54,0.46,0.06,0.06,0.4490946674669986,0.009415047080595363,0.0014923719582776718,0.6618526024074972,1.4072495422243585,True,0
process_disturbance_2.70,process_disturbance,63,5,reference_aware,accuracy_guard,accuracy_guard,True,0.9,1.75,False,False,0.4,0.6,0.2,0.2,0.54,0.46,0.06,0.06,0.43464399075238225,0.00866402898153833,0.0018269122175542662,0.6261425758466629,1.313375660462774,True,0
process_disturbance_2.70,process_disturbance,63,5,inferred_failure_aware,accuracy_guard,accuracy_guard,True,0.9,1.75,False,False,0.4,0.6,0.2,0.2,0.54,0.46,0.06,0.06,0.43464399075238225,0.00866402898153833,0.0018269122175542662,0.6261425758466629,1.313375660462774,True,0
process_disturbance_2.70,process_disturbance,63,10,baseline,normal,accuracy_guard,False,1.0,1.0,True,True,0.5,0.5,0.2,0.1,0.54,0.46,0.06,0.06,0.4490946674669986,0.009415047080595363,0.0014923719582776718,0.6618526024074972,1.4072495422243585,True,0
process_disturbance_2.70,process_disturbance,63,10,reference_aware,accuracy_guard,accuracy_guard,True,0.9,1.75,False,False,0.5,0.5,0.2,0.1,0.54,0.46,0.06,0.06,0.43464399075238225,0.00866402898153833,0.0018269122175542662,0.6261425758466629,1.313375660462774,True,0
process_disturbance_2.70,process_disturbance,63,10,inferred_failure_aware,accuracy_guard,accuracy_guard,True,0.9,1.75,False,False,0.5,0.5,0.2,0.1,0.54,0.46,0.06,0.06,0.43464399075238225,0.00866402898153833,0.0018269122175542662,0.6261425758466629,1.313375660462774,True,0
process_disturbance_2.70,process_disturbance,63,20,baseline,normal,accuracy_guard,False,1.0,1.0,True,True,0.45,0.55,0.1,0.1,0.54,0.46,0.06,0.06,0.4490946674669986,0.009415047080595363,0.0014923719582776718,0.6618526024074972,1.4072495422243585,True,0
process_disturbance_2.70,process_disturbance,63,20,reference_aware,accuracy_guard,accuracy_guard,True,0.9,1.75,False,False,0.45,0.55,0.1,0.1,0.54,0.46,0.06,0.06,0.43464399075238225,0.00866402898153833,0.0018269122175542662,0.6261425758466629,1.313375660462774,True,0
process_disturbance_2.70,process_disturbance,63,20,inferred_failure_aware,accuracy_guard,accuracy_guard,True,0.9,1.75,False,False,0.45,0.55,0.1,0.1,0.54,0.46,0.06,0.06,0.43464399075238225,0.00866402898153833,0.0018269122175542662,0.6261425758466629,1.313375660462774,True,0
process_disturbance_2.70,process_disturbance,64,5,baseline,normal,accuracy_guard,False,1.0,1.0,True,True,0.4,0.6,0.0,0.0,0.54,0.46,0.06,0.06,0.4914128912141592,0.008756136575024415,0.00495925879313408,0.659612193117924,1.4549411797120768,True,0
process_disturbance_2.70,process_disturbance,64,5,reference_aware,accuracy_guard,accuracy_guard,True,0.9,1.75,False,False,0.4,0.6,0.0,0.0,0.54,0.46,0.06,0.06,0.49902148405758123,0.008416522276691166,0.0040977048793156,0.6226837751651274,1.3660902486218034,True,0
process_disturbance_2.70,process_disturbance,64,5,inferred_failure_aware,accuracy_guard,accuracy_guard,True,0.9,1.75,False,False,0.4,0.6,0.0,0.0,0.54,0.46,0.06,0.06,0.49902148405758123,0.008416522276691166,0.0040977048793156,0.6226837751651274,1.3660902486218034,True,0
process_disturbance_2.70,process_disturbance,64,10,baseline,normal,accuracy_guard,False,1.0,1.0,True,True,0.5,0.5,0.1,0.0,0.54,0.46,0.06,0.06,0.4914128912141592,0.008756136575024415,0.00495925879313408,0.659612193117924,1.4549411797120768,True,0
process_disturbance_2.70,process_disturbance,64,10,reference_aware,accuracy_guard,accuracy_guard,True,0.9,1.75,False,False,0.5,0.5,0.1,0.0,0.54,0.46,0.06,0.06,0.49902148405758123,0.008416522276691166,0.0040977048793156,0.6226837751651274,1.3660902486218034,True,0
process_disturbance_2.70,process_disturbance,64,10,inferred_failure_aware,accuracy_guard,accuracy_guard,True,0.9,1.75,False,False,0.5,0.5,0.1,0.0,0.54,0.46,0.06,0.06,0.49902148405758123,0.008416522276691166,0.0040977048793156,0.6226837751651274,1.3660902486218034,True,0
process_disturbance_2.70,process_disturbance,64,20,baseline,normal,accuracy_guard,False,1.0,1.0,True,True,0.55,0.45,0.1,0.05,0.54,0.46,0.06,0.06,0.4914128912141592,0.008756136575024415,0.00495925879313408,0.659612193117924,1.4549411797120768,True,0
process_disturbance_2.70,process_disturbance,64,20,reference_aware,accuracy_guard,accuracy_guard,True,0.9,1.75,False,False,0.55,0.45,0.1,0.05,0.54,0.46,0.06,0.06,0.49902148405758123,0.008416522276691166,0.0040977048793156,0.6226837751651274,1.3660902486218034,True,0
process_disturbance_2.70,process_disturbance,64,20,inferred_failure_aware,accuracy_guard,accuracy_guard,True,0.9,1.75,False,False,0.55,0.45,0.1,0.05,0.54,0.46,0.06,0.06,0.49902148405758123,0.008416522276691166,0.0040977048793156,0.6226837751651274,1.3660902486218034,True,0
process_disturbance_2.70,process_disturbance,65,5,baseline,normal,accuracy_guard,False,1.0,1.0,True,True,0.4,0.6,0.2,0.0,0.54,0.46,0.06,0.06,0.40778417073826495,0.009745493464110314,0.001403968165067715,0.6583107248969576,1.32752941972443,True,0
process_disturbance_2.70,process_disturbance,65,5,reference_aware,accuracy_guard,accuracy_guard,True,0.9,1.75,False,False,0.4,0.6,0.2,0.0,0.54,0.46,0.06,0.06,0.40037087024126605,0.009418938211914018,0.000995786958693845,0.616849116905064,1.2486716990945093,True,0
process_disturbance_2.70,process_disturbance,65,5,inferred_failure_aware,accuracy_guard,accuracy_guard,True,0.9,1.75,False,False,0.4,0.6,0.2,0.0,0.54,0.46,0.06,0.06,0.40037087024126605,0.009418938211914018,0.000995786958693845,0.616849116905064,1.2486716990945093,True,0
process_disturbance_2.70,process_disturbance,65,10,baseline,normal,accuracy_guard,False,1.0,1.0,True,True,0.5,0.5,0.1,0.1,0.54,0.46,0.06,0.06,0.40778417073826495,0.009745493464110314,0.001403968165067715,0.6583107248969576,1.32752941972443,True,0
process_disturbance_2.70,process_disturbance,65,10,reference_aware,accuracy_guard,accuracy_guard,True,0.9,1.75,False,False,0.5,0.5,0.1,0.1,0.54,0.46,0.06,0.06,0.40037087024126605,0.009418938211914018,0.000995786958693845,0.616849116905064,1.2486716990945093,True,0
process_disturbance_2.70,process_disturbance,65,10,inferred_failure_aware,accuracy_guard,accuracy_guard,True,0.9,1.75,False,False,0.5,0.5,0.1,0.1,0.54,0.46,0.06,0.06,0.40037087024126605,0.009418938211914018,0.000995786958693845,0.616849116905064,1.2486716990945093,True,0
process_disturbance_2.70,process_disturbance,65,20,baseline,normal,accuracy_guard,False,1.0,1.0,True,True,0.55,0.45,0.05,0.05,0.54,0.46,0.06,0.06,0.40778417073826495,0.009745493464110314,0.001403968165067715,0.6583107248969576,1.32752941972443,True,0
process_disturbance_2.70,process_disturbance,65,20,reference_aware,accuracy_guard,accuracy_guard,True,0.9,1.75,False,False,0.55,0.45,0.05,0.05,0.54,0.46,0.06,0.06,0.40037087024126605,0.009418938211914018,0.000995786958693845,0.616849116905064,1.2486716990945093,True,0
process_disturbance_2.70,process_disturbance,65,20,inferred_failure_aware,accuracy_guard,accuracy_guard,True,0.9,1.75,False,False,0.55,0.45,0.05,0.05,0.54,0.46,0.06,0.06,0.40037087024126605,0.009418938211914018,0.000995786958693845,0.616849116905064,1.2486716990945093,True,0
process_disturbance_2.70,process_disturbance,66,5,baseline,normal,accuracy_guard,False,1.0,1.0,True,True,0.4,0.6,0.0,0.0,0.54,0.46,0.06,0.06,0.25181918337202347,0.00902632840919308,0.0038260165165748816,0.6527460311228894,1.0526950668442163,True,0
process_disturbance_2.70,process_disturbance,66,5,reference_aware,accuracy_guard,accuracy_guard,True,0.9,1.75,False,False,0.4,0.6,0.0,0.0,0.54,0.46,0.06,0.06,0.24060747285295064,0.008111277564438572,0.0035503445255428145,0.611622402521972,0.9254137487004299,True,0
process_disturbance_2.70,process_disturbance,66,5,inferred_failure_aware,accuracy_guard,accuracy_guard,True,0.9,1.75,False,False,0.4,0.6,0.0,0.0,0.54,0.46,0.06,0.06,0.24060747285295064,0.008111277564438572,0.0035503445255428145,0.611622402521972,0.9254137487004299,True,0
process_disturbance_2.70,process_disturbance,66,10,baseline,normal,accuracy_guard,False,1.0,1.0,True,True,0.3,0.7,0.1,0.1,0.54,0.46,0.06,0.06,0.25181918337202347,0.00902632840919308,0.0038260165165748816,0.6527460311228894,1.0526950668442163,True,0
process_disturbance_2.70,process_disturbance,66,10,reference_aware,accuracy_guard,accuracy_guard,True,0.9,1.75,False,False,0.3,0.7,0.1,0.1,0.54,0.46,0.06,0.06,0.24060747285295064,0.008111277564438572,0.0035503445255428145,0.611622402521972,0.9254137487004299,True,0
process_disturbance_2.70,process_disturbance,66,10,inferred_failure_aware,accuracy_guard,accuracy_guard,True,0.9,1.75,False,False,0.3,0.7,0.1,0.1,0.54,0.46,0.06,0.06,0.24060747285295064,0.008111277564438572,0.0035503445255428145,0.611622402521972,0.9254137487004299,True,0
process_disturbance_2.70,process_disturbance,66,20,baseline,normal,accuracy_guard,False,1.0,1.0,True,True,0.35,0.65,0.1,0.1,0.54,0.46,0.06,0.06,0.25181918337202347,0.00902632840919308,0.0038260165165748816,0.6527460311228894,1.0526950668442163,True,0
process_disturbance_2.70,process_disturbance,66,20,reference_aware,accuracy_guard,accuracy_guard,True,0.9,1.75,False,False,0.35,0.65,0.1,0.1,0.54,0.46,0.06,0.06,0.24060747285295064,0.008111277564438572,0.0035503445255428145,0.611622402521972,0.9254137487004299,True,0
process_disturbance_2.70,process_disturbance,66,20,inferred_failure_aware,accuracy_guard,accuracy_guard,True,0.9,1.75,False,False,0.35,0.65,0.1,0.1,0.54,0.46,0.06,0.06,0.24060747285295064,0.008111277564438572,0.0035503445255428145,0.611622402521972,0.9254137487004299,True,0
process_disturbance_2.70,process_disturbance,67,5,baseline,normal,accuracy_guard,False,1.0,1.0,True,True,0.6,0.4,0.0,0.0,0.54,0.46,0.06,0.06,0.3962069488209932,0.010437650565189674,0.0038463103229952056,0.6964867063766416,1.7472625629625747,True,0
process_disturbance_2.70,process_disturbance,67,5,reference_aware,accuracy_guard,accuracy_guard,True,0.9,1.75,False,False,0.6,0.4,0.0,0.0,0.54,0.46,0.06,0.06,0.40439774885867064,0.010011965201344597,0.0026267142246418906,0.6527922031385367,1.6236717775653016,True,0
process_disturbance_2.70,process_disturbance,67,5,inferred_failure_aware,accuracy_guard,accuracy_guard,True,0.9,1.75,False,False,0.6,0.4,0.0,0.0,0.54,0.46,0.06,0.06,0.40439774885867064,0.010011965201344597,0.0026267142246418906,0.6527922031385367,1.6236717775653016,True,0
process_disturbance_2.70,process_disturbance,67,10,baseline,normal,accuracy_guard,False,1.0,1.0,True,True,0.5,0.5,0.0,0.1,0.54,0.46,0.06,0.06,0.3962069488209932,0.010437650565189674,0.0038463103229952056,0.6964867063766416,1.7472625629625747,True,0
process_disturbance_2.70,process_disturbance,67,10,reference_aware,accuracy_guard,accuracy_guard,True,0.9,1.75,False,False,0.5,0.5,0.0,0.1,0.54,0.46,0.06,0.06,0.40439774885867064,0.010011965201344597,0.0026267142246418906,0.6527922031385367,1.6236717775653016,True,0
process_disturbance_2.70,process_disturbance,67,10,inferred_failure_aware,accuracy_guard,accuracy_guard,True,0.9,1.75,False,False,0.5,0.5,0.0,0.1,0.54,0.46,0.06,0.06,0.40439774885867064,0.010011965201344597,0.0026267142246418906,0.6527922031385367,1.6236717775653016,True,0
process_disturbance_2.70,process_disturbance,67,20,baseline,normal,accuracy_guard,False,1.0,1.0,True,True,0.45,0.55,0.1,0.1,0.54,0.46,0.06,0.06,0.3962069488209932,0.010437650565189674,0.0038463103229952056,0.6964867063766416,1.7472625629625747,True,0
process_disturbance_2.70,process_disturbance,67,20,reference_aware,accuracy_guard,accuracy_guard,True,0.9,1.75,False,False,0.45,0.55,0.1,0.1,0.54,0.46,0.06,0.06,0.40439774885867064,0.010011965201344597,0.0026267142246418906,0.6527922031385367,1.6236717775653016,True,0
process_disturbance_2.70,process_disturbance,67,20,inferred_failure_aware,accuracy_guard,accuracy_guard,True,0.9,1.75,False,False,0.45,0.55,0.1,0.1,0.54,0.46,0.06,0.06,0.40439774885867064,0.010011965201344597,0.0026267142246418906,0.6527922031385367,1.6236717775653016,True,0
process_disturbance_2.70,process_disturbance,68,5,baseline,normal,accuracy_guard,False,1.0,1.0,True,True,0.6,0.4,0.2,0.0,0.54,0.46,0.06,0.06,0.4858068631426787,0.010532643491332727,0.0024496897048394972,0.6699435256122579,1.7214851862395137,True,0
process_disturbance_2.70,process_disturbance,68,5,reference_aware,accuracy_guard,accuracy_guard,True,0.9,1.75,False,False,0.6,0.4,0.2,0.0,0.54,0.46,0.06,0.06,0.4802904949427809,0.009632049932597522,0.0018463855201686918,0.6315879488243037,1.5920671447000398,True,0
process_disturbance_2.70,process_disturbance,68,5,inferred_failure_aware,accuracy_guard,accuracy_guard,True,0.9,1.75,False,False,0.6,0.4,0.2,0.0,0.54,0.46,0.06,0.06,0.4802904949427809,0.009632049932597522,0.0018463855201686918,0.6315879488243037,1.5920671447000398,True,0
process_disturbance_2.70,process_disturbance,68,10,baseline,normal,accuracy_guard,False,1.0,1.0,True,True,0.7,0.3,0.1,0.0,0.54,0.46,0.06,0.06,0.4858068631426787,0.010532643491332727,0.0024496897048394972,0.6699435256122579,1.7214851862395137,True,0
process_disturbance_2.70,process_disturbance,68,10,reference_aware,accuracy_guard,accuracy_guard,True,0.9,1.75,False,False,0.7,0.3,0.1,0.0,0.54,0.46,0.06,0.06,0.4802904949427809,0.009632049932597522,0.0018463855201686918,0.6315879488243037,1.5920671447000398,True,0
process_disturbance_2.70,process_disturbance,68,10,inferred_failure_aware,accuracy_guard,accuracy_guard,True,0.9,1.75,False,False,0.7,0.3,0.1,0.0,0.54,0.46,0.06,0.06,0.4802904949427809,0.009632049932597522,0.0018463855201686918,0.6315879488243037,1.5920671447000398,True,0
process_disturbance_2.70,process_disturbance,68,20,baseline,normal,accuracy_guard,False,1.0,1.0,True,True,0.55,0.45,0.05,0.05,0.54,0.46,0.06,0.06,0.4858068631426787,0.010532643491332727,0.0024496897048394972,0.6699435256122579,1.7214851862395137,True,0
process_disturbance_2.70,process_disturbance,68,20,reference_aware,accuracy_guard,accuracy_guard,True,0.9,1.75,False,False,0.55,0.45,0.05,0.05,0.54,0.46,0.06,0.06,0.4802904949427809,0.009632049932597522,0.0018463855201686918,0.6315879488243037,1.5920671447000398,True,0
process_disturbance_2.70,process_disturbance,68,20,inferred_failure_aware,accuracy_guard,accuracy_guard,True,0.9,1.75,False,False,0.55,0.45,0.05,0.05,0.54,0.46,0.06,0.06,0.4802904949427809,0.009632049932597522,0.0018463855201686918,0.6315879488243037,1.5920671447000398,True,0
process_disturbance_2.70,process_disturbance,69,5,baseline,normal,accuracy_guard,False,1.0,1.0,True,True,0.6,0.4,0.0,0.2,0.54,0.46,0.06,0.06,0.29647718438405174,0.01133129377599729,0.004065746719796648,0.6609538796361608,1.4015095676022675,True,0
process_disturbance_2.70,process_disturbance,69,5,reference_aware,accuracy_guard,accuracy_guard,True,0.9,1.75,False,False,0.6,0.4,0.0,0.2,0.54,0.46,0.06,0.06,0.29248856181417554,0.010047242838476932,0.0032889749149873637,0.6197085542062528,1.2426592719689833,True,0
process_disturbance_2.70,process_disturbance,69,5,inferred_failure_aware,accuracy_guard,accuracy_guard,True,0.9,1.75,False,False,0.6,0.4,0.0,0.2,0.54,0.46,0.06,0.06,0.29248856181417554,0.010047242838476932,0.0032889749149873637,0.6197085542062528,1.2426592719689833,True,0
process_disturbance_2.70,process_disturbance,69,10,baseline,normal,accuracy_guard,False,1.0,1.0,True,True,0.5,0.5,0.1,0.1,0.54,0.46,0.06,0.06,0.29647718438405174,0.01133129377599729,0.004065746719796648,0.6609538796361608,1.4015095676022675,True,0
process_disturbance_2.70,process_disturbance,69,10,reference_aware,accuracy_guard,accuracy_guard,True,0.9,1.75,False,False,0.5,0.5,0.1,0.1,0.54,0.46,0.06,0.06,0.29248856181417554,0.010047242838476932,0.0032889749149873637,0.6197085542062528,1.2426592719689833,True,0
process_disturbance_2.70,process_disturbance,69,10,inferred_failure_aware,accuracy_guard,accuracy_guard,True,0.9,1.75,False,False,0.5,0.5,0.1,0.1,0.54,0.46,0.06,0.06,0.29248856181417554,0.010047242838476932,0.0032889749149873637,0.6197085542062528,1.2426592719689833,True,0
process_disturbance_2.70,process_disturbance,69,20,baseline,normal,accuracy_guard,False,1.0,1.0,True,True,0.45,0.55,0.05,0.1,0.54,0.46,0.06,0.06,0.29647718438405174,0.01133129377599729,0.004065746719796648,0.6609538796361608,1.4015095676022675,True,0
process_disturbance_2.70,process_disturbance,69,20,reference_aware,accuracy_guard,accuracy_guard,True,0.9,1.75,False,False,0.45,0.55,0.05,0.1,0.54,0.46,0.06,0.06,0.29248856181417554,0.010047242838476932,0.0032889749149873637,0.6197085542062528,1.2426592719689833,True,0
process_disturbance_2.70,process_disturbance,69,20,inferred_failure_aware,accuracy_guard,accuracy_guard,True,0.9,1.75,False,False,0.45,0.55,0.05,0.1,0.54,0.46,0.06,0.06,0.29248856181417554,0.010047242838476932,0.0032889749149873637,0.6197085542062528,1.2426592719689833,True,0
process_disturbance_2.70,process_disturbance,70,5,baseline,normal,accuracy_guard,False,1.0,1.0,True,True,0.6,0.4,0.0,0.0,0.54,0.46,0.06,0.06,0.26838268769781526,0.007996140010405675,0.0042615275916377815,0.6577007709421115,1.1991864271921686,True,0
process_disturbance_2.70,process_disturbance,70,5,reference_aware,accuracy_guard,accuracy_guard,True,0.9,1.75,False,False,0.6,0.4,0.0,0.0,0.54,0.46,0.06,0.06,0.25248083099924873,0.007376239212220803,0.003326882365196848,0.6115958108005884,1.0771808866337744,True,0
process_disturbance_2.70,process_disturbance,70,5,inferred_failure_aware,accuracy_guard,accuracy_guard,True,0.9,1.75,False,False,0.6,0.4,0.0,0.0,0.54,0.46,0.06,0.06,0.25248083099924873,0.007376239212220803,0.003326882365196848,0.6115958108005884,1.0771808866337744,True,0
process_disturbance_2.70,process_disturbance,70,10,baseline,normal,accuracy_guard,False,1.0,1.0,True,True,0.6,0.4,0.0,0.0,0.54,0.46,0.06,0.06,0.26838268769781526,0.007996140010405675,0.0042615275916377815,0.6577007709421115,1.1991864271921686,True,0
process_disturbance_2.70,process_disturbance,70,10,reference_aware,accuracy_guard,accuracy_guard,True,0.9,1.75,False,False,0.6,0.4,0.0,0.0,0.54,0.46,0.06,0.06,0.25248083099924873,0.007376239212220803,0.003326882365196848,0.6115958108005884,1.0771808866337744,True,0
process_disturbance_2.70,process_disturbance,70,10,inferred_failure_aware,accuracy_guard,accuracy_guard,True,0.9,1.75,False,False,0.6,0.4,0.0,0.0,0.54,0.46,0.06,0.06,0.25248083099924873,0.007376239212220803,0.003326882365196848,0.6115958108005884,1.0771808866337744,True,0
process_disturbance_2.70,process_disturbance,70,20,baseline,normal,accuracy_guard,False,1.0,1.0,True,True,0.55,0.45,0.0,0.05,0.54,0.46,0.06,0.06,0.26838268769781526,0.007996140010405675,0.0042615275916377815,0.6577007709421115,1.1991864271921686,True,0
process_disturbance_2.70,process_disturbance,70,20,reference_aware,accuracy_guard,accuracy_guard,True,0.9,1.75,False,False,0.55,0.45,0.0,0.05,0.54,0.46,0.06,0.06,0.25248083099924873,0.007376239212220803,0.003326882365196848,0.6115958108005884,1.0771808866337744,True,0
process_disturbance_2.70,process_disturbance,70,20,inferred_failure_aware,accuracy_guard,accuracy_guard,True,0.9,1.75,False,False,0.55,0.45,0.0,0.05,0.54,0.46,0.06,0.06,0.25248083099924873,0.007376239212220803,0.003326882365196848,0.6115958108005884,1.0771808866337744,True,0
process_disturbance_2.70,process_disturbance,71,5,baseline,normal,accuracy_guard,False,1.0,1.0,True,True,0.6,0.4,0.2,0.0,0.54,0.46,0.06,0.06,0.5347191681498031,0.014233332487265084,0.00874134170296137,0.7003200215488873,1.8517693195782343,True,0
process_disturbance_2.70,process_disturbance,71,5,reference_aware,accuracy_guard,accuracy_guard,True,0.9,1.75,False,False,0.6,0.4,0.2,0.0,0.54,0.46,0.06,0.06,0.5390132379171558,0.013616863670563629,0.008142129605587023,0.6649093485005555,1.72835126138057,True,0
process_disturbance_2.70,process_disturbance,71,5,inferred_failure_aware,accuracy_guard,accuracy_guard,True,0.9,1.75,False,False,0.6,0.4,0.2,0.0,0.54,0.46,0.06,0.06,0.5390132379171558,0.013616863670563629,0.008142129605587023,0.6649093485005555,1.72835126138057,True,0
process_disturbance_2.70,process_disturbance,71,10,baseline,normal,accuracy_guard,False,1.0,1.0,True,True,0.5,0.5,0.2,0.0,0.54,0.46,0.06,0.06,0.5347191681498031,0.014233332487265084,0.00874134170296137,0.7003200215488873,1.8517693195782343,True,0
process_disturbance_2.70,process_disturbance,71,10,reference_aware,accuracy_guard,accuracy_guard,True,0.9,1.75,False,False,0.5,0.5,0.2,0.0,0.54,0.46,0.06,0.06,0.5390132379171558,0.013616863670563629,0.008142129605587023,0.6649093485005555,1.72835126138057,True,0
process_disturbance_2.70,process_disturbance,71,10,inferred_failure_aware,accuracy_guard,accuracy_guard,True,0.9,1.75,False,False,0.5,0.5,0.2,0.0,0.54,0.46,0.06,0.06,0.5390132379171558,0.013616863670563629,0.008142129605587023,0.6649093485005555,1.72835126138057,True,0
process_disturbance_2.70,process_disturbance,71,20,baseline,normal,accuracy_guard,False,1.0,1.0,True,True,0.55,0.45,0.1,0.0,0.54,0.46,0.06,0.06,0.5347191681498031,0.014233332487265084,0.00874134170296137,0.7003200215488873,1.8517693195782343,True,0
process_disturbance_2.70,process_disturbance,71,20,reference_aware,accuracy_guard,accuracy_guard,True,0.9,1.75,False,False,0.55,0.45,0.1,0.0,0.54,0.46,0.06,0.06,0.5390132379171558,0.013616863670563629,0.008142129605587023,0.6649093485005555,1.72835126138057,True,0
process_disturbance_2.70,process_disturbance,71,20,inferred_failure_aware,accuracy_guard,accuracy_guard,True,0.9,1.75,False,False,0.55,0.45,0.1,0.0,0.54,0.46,0.06,0.06,0.5390132379171558,0.013616863670563629,0.008142129605587023,0.6649093485005555,1.72835126138057,True,0
process_disturbance_2.70,process_disturbance,72,5,baseline,normal,accuracy_guard,False,1.0,1.0,True,True,0.6,0.4,0.0,0.0,0.54,0.46,0.06,0.06,0.36652095303278787,0.008975869603699322,0.006742293498017249,0.6821319093231113,1.4516226825886314,True,0
process_disturbance_2.70,process_disturbance,72,5,reference_aware,accuracy_guard,accuracy_guard,True,0.9,1.75,False,False,0.6,0.4,0.0,0.0,0.54,0.46,0.06,0.06,0.3598012996844807,0.007817406269049596,0.005869620258479591,0.6379750893821358,1.3185305998407497,True,0
process_disturbance_2.70,process_disturbance,72,5,inferred_failure_aware,accuracy_guard,accuracy_guard,True,0.9,1.75,False,False,0.6,0.4,0.0,0.0,0.54,0.46,0.06,0.06,0.3598012996844807,0.007817406269049596,0.005869620258479591,0.6379750893821358,1.3185305998407497,True,0
process_disturbance_2.70,process_disturbance,72,10,baseline,normal,accuracy_guard,False,1.0,1.0,True,True,0.6,0.4,0.1,0.0,0.54,0.46,0.06,0.06,0.36652095303278787,0.008975869603699322,0.006742293498017249,0.6821319093231113,1.4516226825886314,True,0
process_disturbance_2.70,process_disturbance,72,10,reference_aware,accuracy_guard,accuracy_guard,True,0.9,1.75,False,False,0.6,0.4,0.1,0.0,0.54,0.46,0.06,0.06,0.3598012996844807,0.007817406269049596,0.005869620258479591,0.6379750893821358,1.3185305998407497,True,0
process_disturbance_2.70,process_disturbance,72,10,inferred_failure_aware,accuracy_guard,accuracy_guard,True,0.9,1.75,False,False,0.6,0.4,0.1,0.0,0.54,0.46,0.06,0.06,0.3598012996844807,0.007817406269049596,0.005869620258479591,0.6379750893821358,1.3185305998407497,True,0
process_disturbance_2.70,process_disturbance,72,20,baseline,normal,accuracy_guard,False,1.0,1.0,True,True,0.6,0.4,0.1,0.05,0.54,0.46,0.06,0.06,0.36652095303278787,0.008975869603699322,0.006742293498017249,0.6821319093231113,1.4516226825886314,True,0
process_disturbance_2.70,process_disturbance,72,20,reference_aware,accuracy_guard,accuracy_guard,True,0.9,1.75,False,False,0.6,0.4,0.1,0.05,0.54,0.46,0.06,0.06,0.3598012996844807,0.007817406269049596,0.005869620258479591,0.6379750893821358,1.3185305998407497,True,0
process_disturbance_2.70,process_disturbance,72,20,inferred_failure_aware,accuracy_guard,accuracy_guard,True,0.9,1.75,False,False,0.6,0.4,0.1,0.05,0.54,0.46,0.06,0.06,0.3598012996844807,0.007817406269049596,0.005869620258479591,0.6379750893821358,1.3185305998407497,True,0
process_disturbance_2.70,process_disturbance,73,5,baseline,normal,accuracy_guard,False,1.0,1.0,True,True,0.2,0.8,0.0,0.0,0.54,0.46,0.06,0.06,0.4561602053104861,0.010877721867218177,0.0059539127383198,0.6411318039137265,1.074362584176258,True,0
process_disturbance_2.70,process_disturbance,73,5,reference_aware,accuracy_guard,accuracy_guard,True,0.9,1.75,False,False,0.2,0.8,0.0,0.0,0.54,0.46,0.06,0.06,0.44293089766532107,0.009954831222982304,0.005869416573154762,0.6045502621828216,0.9636265739014029,True,0
process_disturbance_2.70,process_disturbance,73,5,inferred_failure_aware,accuracy_guard,accuracy_guard,True,0.9,1.75,False,False,0.2,0.8,0.0,0.0,0.54,0.46,0.06,0.06,0.44293089766532107,0.009954831222982304,0.005869416573154762,0.6045502621828216,0.9636265739014029,True,0
process_disturbance_2.70,process_disturbance,73,10,baseline,normal,accuracy_guard,False,1.0,1.0,True,True,0.5,0.5,0.0,0.0,0.54,0.46,0.06,0.06,0.4561602053104861,0.010877721867218177,0.0059539127383198,0.6411318039137265,1.074362584176258,True,0
process_disturbance_2.70,process_disturbance,73,10,reference_aware,accuracy_guard,accuracy_guard,True,0.9,1.75,False,False,0.5,0.5,0.0,0.0,0.54,0.46,0.06,0.06,0.44293089766532107,0.009954831222982304,0.005869416573154762,0.6045502621828216,0.9636265739014029,True,0
process_disturbance_2.70,process_disturbance,73,10,inferred_failure_aware,accuracy_guard,accuracy_guard,True,0.9,1.75,False,False,0.5,0.5,0.0,0.0,0.54,0.46,0.06,0.06,0.44293089766532107,0.009954831222982304,0.005869416573154762,0.6045502621828216,0.9636265739014029,True,0
process_disturbance_2.70,process_disturbance,73,20,baseline,normal,accuracy_guard,False,1.0,1.0,True,True,0.5,0.5,0.1,0.0,0.54,0.46,0.06,0.06,0.4561602053104861,0.010877721867218177,0.0059539127383198,0.6411318039137265,1.074362584176258,True,0
process_disturbance_2.70,process_disturbance,73,20,reference_aware,accuracy_guard,accuracy_guard,True,0.9,1.75,False,False,0.5,0.5,0.1,0.0,0.54,0.46,0.06,0.06,0.44293089766532107,0.009954831222982304,0.005869416573154762,0.6045502621828216,0.9636265739014029,True,0
process_disturbance_2.70,process_disturbance,73,20,inferred_failure_aware,accuracy_guard,accuracy_guard,True,0.9,1.75,False,False,0.5,0.5,0.1,0.0,0.54,0.46,0.06,0.06,0.44293089766532107,0.009954831222982304,0.005869416573154762,0.6045502621828216,0.9636265739014029,True,0
process_disturbance_2.70,process_disturbance,74,5,baseline,normal,accuracy_guard,False,1.0,1.0,True,True,0.2,0.8,0.0,0.0,0.54,0.46,0.06,0.06,0.4843403359145583,0.010858960158551657,0.0005133152652512241,0.664629545649123,1.3404612806683567,True,0
process_disturbance_2.70,process_disturbance,74,5,reference_aware,accuracy_guard,accuracy_guard,True,0.9,1.75,False,False,0.2,0.8,0.0,0.0,0.54,0.46,0.06,0.06,0.4877458250720692,0.010154718473057515,0.0006751105039974892,0.6240997817123984,1.2295254104548237,True,0
process_disturbance_2.70,process_disturbance,74,5,inferred_failure_aware,accuracy_guard,accuracy_guard,True,0.9,1.75,False,False,0.2,0.8,0.0,0.0,0.54,0.46,0.06,0.06,0.4877458250720692,0.010154718473057515,0.0006751105039974892,0.6240997817123984,1.2295254104548237,True,0
process_disturbance_2.70,process_disturbance,74,10,baseline,normal,accuracy_guard,False,1.0,1.0,True,True,0.3,0.7,0.1,0.1,0.54,0.46,0.06,0.06,0.4843403359145583,0.010858960158551657,0.0005133152652512241,0.664629545649123,1.3404612806683567,True,0
process_disturbance_2.70,process_disturbance,74,10,reference_aware,accuracy_guard,accuracy_guard,True,0.9,1.75,False,False,0.3,0.7,0.1,0.1,0.54,0.46,0.06,0.06,0.4877458250720692,0.010154718473057515,0.0006751105039974892,0.6240997817123984,1.2295254104548237,True,0
process_disturbance_2.70,process_disturbance,74,10,inferred_failure_aware,accuracy_guard,accuracy_guard,True,0.9,1.75,False,False,0.3,0.7,0.1,0.1,0.54,0.46,0.06,0.06,0.4877458250720692,0.010154718473057515,0.0006751105039974892,0.6240997817123984,1.2295254104548237,True,0
process_disturbance_2.70,process_disturbance,74,20,baseline,normal,accuracy_guard,False,1.0,1.0,True,True,0.55,0.45,0.05,0.05,0.54,0.46,0.06,0.06,0.4843403359145583,0.010858960158551657,0.0005133152652512241,0.664629545649123,1.3404612806683567,True,0
process_disturbance_2.70,process_disturbance,74,20,reference_aware,accuracy_guard,accuracy_guard,True,0.9,1.75,False,False,0.55,0.45,0.05,0.05,0.54,0.46,0.06,0.06,0.4877458250720692,0.010154718473057515,0.0006751105039974892,0.6240997817123984,1.2295254104548237,True,0
process_disturbance_2.70,process_disturbance,74,20,inferred_failure_aware,accuracy_guard,accuracy_guard,True,0.9,1.75,False,False,0.55,0.45,0.05,0.05,0.54,0.46,0.06,0.06,0.4877458250720692,0.010154718473057515,0.0006751105039974892,0.6240997817123984,1.2295254104548237,True,0
process_disturbance_2.70,process_disturbance,75,5,baseline,normal,accuracy_guard,False,1.0,1.0,True,True,0.6,0.4,0.2,0.0,0.54,0.46,0.06,0.06,0.4415563615419352,0.011533549421178686,0.00021766667237743675,0.6661533899063751,1.711584999489985,True,0
process_disturbance_2.70,process_disturbance,75,5,reference_aware,accuracy_guard,accuracy_guard,True,0.9,1.75,False,False,0.6,0.4,0.2,0.0,0.54,0.46,0.06,0.06,0.4268442139156088,0.010591129209167115,5.298469883174839e-05,0.6309453129351689,1.5819277216615197,True,0
process_disturbance_2.70,process_disturbance,75,5,inferred_failure_aware,accuracy_guard,accuracy_guard,True,0.9,1.75,False,False,0.6,0.4,0.2,0.0,0.54,0.46,0.06,0.06,0.4268442139156088,0.010591129209167115,5.298469883174839e-05,0.6309453129351689,1.5819277216615197,True,0
process_disturbance_2.70,process_disturbance,75,10,baseline,normal,accuracy_guard,False,1.0,1.0,True,True,0.6,0.4,0.1,0.0,0.54,0.46,0.06,0.06,0.4415563615419352,0.011533549421178686,0.00021766667237743675,0.6661533899063751,1.711584999489985,True,0
process_disturbance_2.70,process_disturbance,75,10,reference_aware,accuracy_guard,accuracy_guard,True,0.9,1.75,False,False,0.6,0.4,0.1,0.0,0.54,0.46,0.06,0.06,0.4268442139156088,0.010591129209167115,5.298469883174839e-05,0.6309453129351689,1.5819277216615197,True,0
process_disturbance_2.70,process_disturbance,75,10,inferred_failure_aware,accuracy_guard,accuracy_guard,True,0.9,1.75,False,False,0.6,0.4,0.1,0.0,0.54,0.46,0.06,0.06,0.4268442139156088,0.010591129209167115,5.298469883174839e-05,0.6309453129351689,1.5819277216615197,True,0
process_disturbance_2.70,process_disturbance,75,20,baseline,normal,accuracy_guard,False,1.0,1.0,True,True,0.55,0.45,0.05,0.05,0.54,0.46,0.06,0.06,0.4415563615419352,0.011533549421178686,0.00021766667237743675,0.6661533899063751,1.711584999489985,True,0
process_disturbance_2.70,process_disturbance,75,20,reference_aware,accuracy_guard,accuracy_guard,True,0.9,1.75,False,False,0.55,0.45,0.05,0.05,0.54,0.46,0.06,0.06,0.4268442139156088,0.010591129209167115,5.298469883174839e-05,0.6309453129351689,1.5819277216615197,True,0
process_disturbance_2.70,process_disturbance,75,20,inferred_failure_aware,accuracy_guard,accuracy_guard,True,0.9,1.75,False,False,0.55,0.45,0.05,0.05,0.54,0.46,0.06,0.06,0.4268442139156088,0.010591129209167115,5.298469883174839e-05,0.6309453129351689,1.5819277216615197,True,0
process_disturbance_2.70,process_disturbance,76,5,baseline,normal,accuracy_guard,False,1.0,1.0,True,True,0.4,0.6,0.0,0.0,0.54,0.46,0.06,0.06,0.3967119088146809,0.009795830557963892,0.005186484832863658,0.6519868384445284,1.467179748245621,True,0
process_disturbance_2.70,process_disturbance,76,5,reference_aware,accuracy_guard,accuracy_guard,True,0.9,1.75,False,False,0.4,0.6,0.0,0.0,0.54,0.46,0.06,0.06,0.3853947839051449,0.009112333853222054,0.004909265841332555,0.6127776625615503,1.3419581966481586,True,0
process_disturbance_2.70,process_disturbance,76,5,inferred_failure_aware,accuracy_guard,accuracy_guard,True,0.9,1.75,False,False,0.4,0.6,0.0,0.0,0.54,0.46,0.06,0.06,0.3853947839051449,0.009112333853222054,0.004909265841332555,0.6127776625615503,1.3419581966481586,True,0
process_disturbance_2.70,process_disturbance,76,10,baseline,normal,accuracy_guard,False,1.0,1.0,True,True,0.4,0.6,0.2,0.0,0.54,0.46,0.06,0.06,0.3967119088146809,0.009795830557963892,0.005186484832863658,0.6519868384445284,1.467179748245621,True,0
process_disturbance_2.70,process_disturbance,76,10,reference_aware,accuracy_guard,accuracy_guard,True,0.9,1.75,False,False,0.4,0.6,0.2,0.0,0.54,0.46,0.06,0.06,0.3853947839051449,0.009112333853222054,0.004909265841332555,0.6127776625615503,1.3419581966481586,True,0
process_disturbance_2.70,process_disturbance,76,10,inferred_failure_aware,accuracy_guard,accuracy_guard,True,0.9,1.75,False,False,0.4,0.6,0.2,0.0,0.54,0.46,0.06,0.06,0.3853947839051449,0.009112333853222054,0.004909265841332555,0.6127776625615503,1.3419581966481586,True,0
process_disturbance_2.70,process_disturbance,76,20,baseline,normal,accuracy_guard,False,1.0,1.0,True,True,0.6,0.4,0.1,0.05,0.54,0.46,0.06,0.06,0.3967119088146809,0.009795830557963892,0.005186484832863658,0.6519868384445284,1.467179748245621,True,0
process_disturbance_2.70,process_disturbance,76,20,reference_aware,accuracy_guard,accuracy_guard,True,0.9,1.75,False,False,0.6,0.4,0.1,0.05,0.54,0.46,0.06,0.06,0.3853947839051449,0.009112333853222054,0.004909265841332555,0.6127776625615503,1.3419581966481586,True,0
process_disturbance_2.70,process_disturbance,76,20,inferred_failure_aware,accuracy_guard,accuracy_guard,True,0.9,1.75,False,False,0.6,0.4,0.1,0.05,0.54,0.46,0.06,0.06,0.3853947839051449,0.009112333853222054,0.004909265841332555,0.6127776625615503,1.3419581966481586,True,0
process_disturbance_2.70,process_disturbance,77,5,baseline,normal,accuracy_guard,False,1.0,1.0,True,True,0.6,0.4,0.0,0.0,0.54,0.46,0.06,0.06,0.3951754015153463,0.011656310300773276,0.005453403503297705,0.6726675748260427,1.3647333102091936,True,0
process_disturbance_2.70,process_disturbance,77,5,reference_aware,accuracy_guard,accuracy_guard,True,0.9,1.75,False,False,0.6,0.4,0.0,0.0,0.54,0.46,0.06,0.06,0.38807441137997223,0.01048850133739765,0.004931887471078311,0.6259805688567439,1.194508119170854,True,0
process_disturbance_2.70,process_disturbance,77,5,inferred_failure_aware,accuracy_guard,accuracy_guard,True,0.9,1.75,False,False,0.6,0.4,0.0,0.0,0.54,0.46,0.06,0.06,0.38807441137997223,0.01048850133739765,0.004931887471078311,0.6259805688567439,1.194508119170854,True,0
process_disturbance_2.70,process_disturbance,77,10,baseline,normal,accuracy_guard,False,1.0,1.0,True,True,0.4,0.6,0.1,0.2,0.54,0.46,0.06,0.06,0.3951754015153463,0.011656310300773276,0.005453403503297705,0.6726675748260427,1.3647333102091936,True,0
process_disturbance_2.70,process_disturbance,77,10,reference_aware,accuracy_guard,accuracy_guard,True,0.9,1.75,False,False,0.4,0.6,0.1,0.2,0.54,0.46,0.06,0.06,0.38807441137997223,0.01048850133739765,0.004931887471078311,0.6259805688567439,1.194508119170854,True,0
process_disturbance_2.70,process_disturbance,77,10,inferred_failure_aware,accuracy_guard,accuracy_guard,True,0.9,1.75,False,False,0.4,0.6,0.1,0.2,0.54,0.46,0.06,0.06,0.38807441137997223,0.01048850133739765,0.004931887471078311,0.6259805688567439,1.194508119170854,True,0
process_disturbance_2.70,process_disturbance,77,20,baseline,normal,accuracy_guard,False,1.0,1.0,True,True,0.55,0.45,0.1,0.1,0.54,0.46,0.06,0.06,0.3951754015153463,0.011656310300773276,0.005453403503297705,0.6726675748260427,1.3647333102091936,True,0
process_disturbance_2.70,process_disturbance,77,20,reference_aware,accuracy_guard,accuracy_guard,True,0.9,1.75,False,False,0.55,0.45,0.1,0.1,0.54,0.46,0.06,0.06,0.38807441137997223,0.01048850133739765,0.004931887471078311,0.6259805688567439,1.194508119170854,True,0
process_disturbance_2.70,process_disturbance,77,20,inferred_failure_aware,accuracy_guard,accuracy_guard,True,0.9,1.75,False,False,0.55,0.45,0.1,0.1,0.54,0.46,0.06,0.06,0.38807441137997223,0.01048850133739765,0.004931887471078311,0.6259805688567439,1.194508119170854,True,0
process_disturbance_2.70,process_disturbance,78,5,baseline,normal,accuracy_guard,False,1.0,1.0,True,True,0.4,0.6,0.2,0.0,0.54,0.46,0.06,0.06,0.3769503714708842,0.009108670278958796,0.0001411124110936024,0.6627024816268161,1.4788902740507734,True,0
process_disturbance_2.70,process_disturbance,78,5,reference_aware,accuracy_guard,accuracy_guard,True,0.9,1.75,False,False,0.4,0.6,0.2,0.0,0.54,0.46,0.06,0.06,0.3617616299137948,0.008381557894856556,0.0006613230970654582,0.620521074100963,1.3709540128616327,True,0
process_disturbance_2.70,process_disturbance,78,5,inferred_failure_aware,accuracy_guard,accuracy_guard,True,0.9,1.75,False,False,0.4,0.6,0.2,0.0,0.54,0.46,0.06,0.06,0.3617616299137948,0.008381557894856556,0.0006613230970654582,0.620521074100963,1.3709540128616327,True,0
process_disturbance_2.70,process_disturbance,78,10,baseline,normal,accuracy_guard,False,1.0,1.0,True,True,0.4,0.6,0.1,0.0,0.54,0.46,0.06,0.06,0.3769503714708842,0.009108670278958796,0.0001411124110936024,0.6627024816268161,1.4788902740507734,True,0
process_disturbance_2.70,process_disturbance,78,10,reference_aware,accuracy_guard,accuracy_guard,True,0.9,1.75,False,False,0.4,0.6,0.1,0.0,0.54,0.46,0.06,0.06,0.3617616299137948,0.008381557894856556,0.0006613230970654582,0.620521074100963,1.3709540128616327,True,0
process_disturbance_2.70,process_disturbance,78,10,inferred_failure_aware,accuracy_guard,accuracy_guard,True,0.9,1.75,False,False,0.4,0.6,0.1,0.0,0.54,0.46,0.06,0.06,0.3617616299137948,0.008381557894856556,0.0006613230970654582,0.620521074100963,1.3709540128616327,True,0
process_disturbance_2.70,process_disturbance,78,20,baseline,normal,accuracy_guard,False,1.0,1.0,True,True,0.6,0.4,0.05,0.05,0.54,0.46,0.06,0.06,0.3769503714708842,0.009108670278958796,0.0001411124110936024,0.6627024816268161,1.4788902740507734,True,0
process_disturbance_2.70,process_disturbance,78,20,reference_aware,accuracy_guard,accuracy_guard,True,0.9,1.75,False,False,0.6,0.4,0.05,0.05,0.54,0.46,0.06,0.06,0.3617616299137948,0.008381557894856556,0.0006613230970654582,0.620521074100963,1.3709540128616327,True,0
process_disturbance_2.70,process_disturbance,78,20,inferred_failure_aware,accuracy_guard,accuracy_guard,True,0.9,1.75,False,False,0.6,0.4,0.05,0.05,0.54,0.46,0.06,0.06,0.3617616299137948,0.008381557894856556,0.0006613230970654582,0.620521074100963,1.3709540128616327,True,0
process_disturbance_2.70,process_disturbance,79,5,baseline,normal,accuracy_guard,False,1.0,1.0,True,True,0.6,0.4,0.2,0.0,0.54,0.46,0.06,0.06,0.3429756909016163,0.008368288910310998,0.012383712914733502,0.6377118903646736,0.9893794486357321,True,0
process_disturbance_2.70,process_disturbance,79,5,reference_aware,accuracy_guard,accuracy_guard,True,0.9,1.75,False,False,0.6,0.4,0.2,0.0,0.54,0.46,0.06,0.06,0.3283039481416476,0.007398352990269818,0.011038466494465715,0.6031253633657424,0.8904748226532004,True,0
process_disturbance_2.70,process_disturbance,79,5,inferred_failure_aware,accuracy_guard,accuracy_guard,True,0.9,1.75,False,False,0.6,0.4,0.2,0.0,0.54,0.46,0.06,0.06,0.3283039481416476,0.007398352990269818,0.011038466494465715,0.6031253633657424,0.8904748226532004,True,0
process_disturbance_2.70,process_disturbance,79,10,baseline,normal,accuracy_guard,False,1.0,1.0,True,True,0.6,0.4,0.1,0.0,0.54,0.46,0.06,0.06,0.3429756909016163,0.008368288910310998,0.012383712914733502,0.6377118903646736,0.9893794486357321,True,0
process_disturbance_2.70,process_disturbance,79,10,reference_aware,accuracy_guard,accuracy_guard,True,0.9,1.75,False,False,0.6,0.4,0.1,0.0,0.54,0.46,0.06,0.06,0.3283039481416476,0.007398352990269818,0.011038466494465715,0.6031253633657424,0.8904748226532004,True,0
process_disturbance_2.70,process_disturbance,79,10,inferred_failure_aware,accuracy_guard,accuracy_guard,True,0.9,1.75,False,False,0.6,0.4,0.1,0.0,0.54,0.46,0.06,0.06,0.3283039481416476,0.007398352990269818,0.011038466494465715,0.6031253633657424,0.8904748226532004,True,0
process_disturbance_2.70,process_disturbance,79,20,baseline,normal,accuracy_guard,False,1.0,1.0,True,True,0.65,0.35,0.05,0.05,0.54,0.46,0.06,0.06,0.3429756909016163,0.008368288910310998,0.012383712914733502,0.6377118903646736,0.9893794486357321,True,0
process_disturbance_2.70,process_disturbance,79,20,reference_aware,accuracy_guard,accuracy_guard,True,0.9,1.75,False,False,0.65,0.35,0.05,0.05,0.54,0.46,0.06,0.06,0.3283039481416476,0.007398352990269818,0.011038466494465715,0.6031253633657424,0.8904748226532004,True,0
process_disturbance_2.70,process_disturbance,79,20,inferred_failure_aware,accuracy_guard,accuracy_guard,True,0.9,1.75,False,False,0.65,0.35,0.05,0.05,0.54,0.46,0.06,0.06,0.3283039481416476,0.007398352990269818,0.011038466494465715,0.6031253633657424,0.8904748226532004,True,0
process_disturbance_2.70,process_disturbance,80,5,baseline,normal,accuracy_guard,False,1.0,1.0,True,True,0.8,0.2,0.0,0.2,0.54,0.46,0.06,0.06,0.5129536562041898,0.011934308435465564,0.0002895544360037583,0.658174286919267,1.2574166962428883,True,0
process_disturbance_2.70,process_disturbance,80,5,reference_aware,accuracy_guard,accuracy_guard,True,0.9,1.75,False,False,0.8,0.2,0.0,0.2,0.54,0.46,0.06,0.06,0.5024738980621484,0.010869374499437773,0.0001698199290167679,0.6156810742976465,1.1658739238225626,True,0
process_disturbance_2.70,process_disturbance,80,5,inferred_failure_aware,accuracy_guard,accuracy_guard,True,0.9,1.75,False,False,0.8,0.2,0.0,0.2,0.54,0.46,0.06,0.06,0.5024738980621484,0.010869374499437773,0.0001698199290167679,0.6156810742976465,1.1658739238225626,True,0
process_disturbance_2.70,process_disturbance,80,10,baseline,normal,accuracy_guard,False,1.0,1.0,True,True,0.5,0.5,0.0,0.1,0.54,0.46,0.06,0.06,0.5129536562041898,0.011934308435465564,0.0002895544360037583,0.658174286919267,1.2574166962428883,True,0
process_disturbance_2.70,process_disturbance,80,10,reference_aware,accuracy_guard,accuracy_guard,True,0.9,1.75,False,False,0.5,0.5,0.0,0.1,0.54,0.46,0.06,0.06,0.5024738980621484,0.010869374499437773,0.0001698199290167679,0.6156810742976465,1.1658739238225626,True,0
process_disturbance_2.70,process_disturbance,80,10,inferred_failure_aware,accuracy_guard,accuracy_guard,True,0.9,1.75,False,False,0.5,0.5,0.0,0.1,0.54,0.46,0.06,0.06,0.5024738980621484,0.010869374499437773,0.0001698199290167679,0.6156810742976465,1.1658739238225626,True,0
process_disturbance_2.70,process_disturbance,80,20,baseline,normal,accuracy_guard,False,1.0,1.0,True,True,0.45,0.55,0.0,0.15,0.54,0.46,0.06,0.06,0.5129536562041898,0.011934308435465564,0.0002895544360037583,0.658174286919267,1.2574166962428883,True,0
process_disturbance_2.70,process_disturbance,80,20,reference_aware,accuracy_guard,accuracy_guard,True,0.9,1.75,False,False,0.45,0.55,0.0,0.15,0.54,0.46,0.06,0.06,0.5024738980621484,0.010869374499437773,0.0001698199290167679,0.6156810742976465,1.1658739238225626,True,0
process_disturbance_2.70,process_disturbance,80,20,inferred_failure_aware,accuracy_guard,accuracy_guard,True,0.9,1.75,False,False,0.45,0.55,0.0,0.15,0.54,0.46,0.06,0.06,0.5024738980621484,0.010869374499437773,0.0001698199290167679,0.6156810742976465,1.1658739238225626,True,0
process_disturbance_2.70,process_disturbance,81,5,baseline,normal,accuracy_guard,False,1.0,1.0,True,True,0.2,0.8,0.0,0.2,0.54,0.46,0.06,0.06,0.39429449956593354,0.01336328503257196,0.001246803381847128,0.6882396734558237,1.8413138528656485,True,0
process_disturbance_2.70,process_disturbance,81,5,reference_aware,accuracy_guard,accuracy_guard,True,0.9,1.75,False,False,0.2,0.8,0.0,0.2,0.54,0.46,0.06,0.06,0.403646880911182,0.012727473544233675,0.0012905235692166617,0.6560734607546455,1.7241039926641337,True,0
process_disturbance_2.70,process_disturbance,81,5,inferred_failure_aware,accuracy_guard,accuracy_guard,True,0.9,1.75,False,False,0.2,0.8,0.0,0.2,0.54,0.46,0.06,0.06,0.403646880911182,0.012727473544233675,0.0012905235692166617,0.6560734607546455,1.7241039926641337,True,0
process_disturbance_2.70,process_disturbance,81,10,baseline,normal,accuracy_guard,False,1.0,1.0,True,True,0.6,0.4,0.0,0.1,0.54,0.46,0.06,0.06,0.39429449956593354,0.01336328503257196,0.001246803381847128,0.6882396734558237,1.8413138528656485,True,0
process_disturbance_2.70,process_disturbance,81,10,reference_aware,accuracy_guard,accuracy_guard,True,0.9,1.75,False,False,0.6,0.4,0.0,0.1,0.54,0.46,0.06,0.06,0.403646880911182,0.012727473544233675,0.0012905235692166617,0.6560734607546455,1.7241039926641337,True,0
process_disturbance_2.70,process_disturbance,81,10,inferred_failure_aware,accuracy_guard,accuracy_guard,True,0.9,1.75,False,False,0.6,0.4,0.0,0.1,0.54,0.46,0.06,0.06,0.403646880911182,0.012727473544233675,0.0012905235692166617,0.6560734607546455,1.7241039926641337,True,0
process_disturbance_2.70,process_disturbance,81,20,baseline,normal,accuracy_guard,False,1.0,1.0,True,True,0.55,0.45,0.0,0.1,0.54,0.46,0.06,0.06,0.39429449956593354,0.01336328503257196,0.001246803381847128,0.6882396734558237,1.8413138528656485,True,0
process_disturbance_2.70,process_disturbance,81,20,reference_aware,accuracy_guard,accuracy_guard,True,0.9,1.75,False,False,0.55,0.45,0.0,0.1,0.54,0.46,0.06,0.06,0.403646880911182,0.012727473544233675,0.0012905235692166617,0.6560734607546455,1.7241039926641337,True,0
process_disturbance_2.70,process_disturbance,81,20,inferred_failure_aware,accuracy_guard,accuracy_guard,True,0.9,1.75,False,False,0.55,0.45,0.0,0.1,0.54,0.46,0.06,0.06,0.403646880911182,0.012727473544233675,0.0012905235692166617,0.6560734607546455,1.7241039926641337,True,0
process_disturbance_2.70,process_disturbance,82,5,baseline,normal,accuracy_guard,False,1.0,1.0,True,True,0.4,0.6,0.2,0.2,0.54,0.46,0.06,0.06,0.41133484420882893,0.011969538307016643,0.006073276085468149,0.6854037791874907,1.2942651896163269,True,0
process_disturbance_2.70,process_disturbance,82,5,reference_aware,accuracy_guard,accuracy_guard,True,0.9,1.75,False,False,0.4,0.6,0.2,0.2,0.54,0.46,0.06,0.06,0.4031064230286378,0.011527013367926952,0.0052391055166243206,0.6414536519073707,1.2006757980734146,True,0
process_disturbance_2.70,process_disturbance,82,5,inferred_failure_aware,accuracy_guard,accuracy_guard,True,0.9,1.75,False,False,0.4,0.6,0.2,0.2,0.54,0.46,0.06,0.06,0.4031064230286378,0.011527013367926952,0.0052391055166243206,0.6414536519073707,1.2006757980734146,True,0
process_disturbance_2.70,process_disturbance,82,10,baseline,normal,accuracy_guard,False,1.0,1.0,True,True,0.2,0.8,0.1,0.2,0.54,0.46,0.06,0.06,0.41133484420882893,0.011969538307016643,0.006073276085468149,0.6854037791874907,1.2942651896163269,True,0
process_disturbance_2.70,process_disturbance,82,10,reference_aware,accuracy_guard,accuracy_guard,True,0.9,1.75,False,False,0.2,0.8,0.1,0.2,0.54,0.46,0.06,0.06,0.4031064230286378,0.011527013367926952,0.0052391055166243206,0.6414536519073707,1.2006757980734146,True,0
process_disturbance_2.70,process_disturbance,82,10,inferred_failure_aware,accuracy_guard,accuracy_guard,True,0.9,1.75,False,False,0.2,0.8,0.1,0.2,0.54,0.46,0.06,0.06,0.4031064230286378,0.011527013367926952,0.0052391055166243206,0.6414536519073707,1.2006757980734146,True,0
process_disturbance_2.70,process_disturbance,82,20,baseline,normal,accuracy_guard,False,1.0,1.0,True,True,0.45,0.55,0.05,0.1,0.54,0.46,0.06,0.06,0.41133484420882893,0.011969538307016643,0.006073276085468149,0.6854037791874907,1.2942651896163269,True,0
process_disturbance_2.70,process_disturbance,82,20,reference_aware,accuracy_guard,accuracy_guard,True,0.9,1.75,False,False,0.45,0.55,0.05,0.1,0.54,0.46,0.06,0.06,0.4031064230286378,0.011527013367926952,0.0052391055166243206,0.6414536519073707,1.2006757980734146,True,0
process_disturbance_2.70,process_disturbance,82,20,inferred_failure_aware,accuracy_guard,accuracy_guard,True,0.9,1.75,False,False,0.45,0.55,0.05,0.1,0.54,0.46,0.06,0.06,0.4031064230286378,0.011527013367926952,0.0052391055166243206,0.6414536519073707,1.2006757980734146,True,0
process_disturbance_2.70,process_disturbance,83,5,baseline,normal,accuracy_guard,False,1.0,1.0,True,True,0.6,0.4,0.2,0.0,0.54,0.46,0.06,0.06,0.25647750543605524,0.008421251375938299,0.009025179723642474,0.6332040060049294,0.8819329659682665,True,0
process_disturbance_2.70,process_disturbance,83,5,reference_aware,accuracy_guard,accuracy_guard,True,0.9,1.75,False,False,0.6,0.4,0.2,0.0,0.54,0.46,0.06,0.06,0.26267508166053255,0.00739500565468968,0.007600925707768269,0.5917143612854959,0.7687542675851939,True,0
process_disturbance_2.70,process_disturbance,83,5,inferred_failure_aware,accuracy_guard,accuracy_guard,True,0.9,1.75,False,False,0.6,0.4,0.2,0.0,0.54,0.46,0.06,0.06,0.26267508166053255,0.00739500565468968,0.007600925707768269,0.5917143612854959,0.7687542675851939,True,0
process_disturbance_2.70,process_disturbance,83,10,baseline,normal,accuracy_guard,False,1.0,1.0,True,True,0.5,0.5,0.1,0.0,0.54,0.46,0.06,0.06,0.25647750543605524,0.008421251375938299,0.009025179723642474,0.6332040060049294,0.8819329659682665,True,0
process_disturbance_2.70,process_disturbance,83,10,reference_aware,accuracy_guard,accuracy_guard,True,0.9,1.75,False,False,0.5,0.5,0.1,0.0,0.54,0.46,0.06,0.06,0.26267508166053255,0.00739500565468968,0.007600925707768269,0.5917143612854959,0.7687542675851939,True,0
process_disturbance_2.70,process_disturbance,83,10,inferred_failure_aware,accuracy_guard,accuracy_guard,True,0.9,1.75,False,False,0.5,0.5,0.1,0.0,0.54,0.46,0.06,0.06,0.26267508166053255,0.00739500565468968,0.007600925707768269,0.5917143612854959,0.7687542675851939,True,0
process_disturbance_2.70,process_disturbance,83,20,baseline,normal,accuracy_guard,False,1.0,1.0,True,True,0.45,0.55,0.05,0.05,0.54,0.46,0.06,0.06,0.25647750543605524,0.008421251375938299,0.009025179723642474,0.6332040060049294,0.8819329659682665,True,0
process_disturbance_2.70,process_disturbance,83,20,reference_aware,accuracy_guard,accuracy_guard,True,0.9,1.75,False,False,0.45,0.55,0.05,0.05,0.54,0.46,0.06,0.06,0.26267508166053255,0.00739500565468968,0.007600925707768269,0.5917143612854959,0.7687542675851939,True,0
process_disturbance_2.70,process_disturbance,83,20,inferred_failure_aware,accuracy_guard,accuracy_guard,True,0.9,1.75,False,False,0.45,0.55,0.05,0.05,0.54,0.46,0.06,0.06,0.26267508166053255,0.00739500565468968,0.007600925707768269,0.5917143612854959,0.7687542675851939,True,0
process_disturbance_2.70,process_disturbance,84,5,baseline,normal,accuracy_guard,False,1.0,1.0,True,True,0.8,0.2,0.0,0.0,0.54,0.46,0.06,0.06,0.4027364512430978,0.009446815066592082,0.005338220754369405,0.6629569986668005,1.3984808123240537,True,0
process_disturbance_2.70,process_disturbance,84,5,reference_aware,accuracy_guard,accuracy_guard,True,0.9,1.75,False,False,0.8,0.2,0.0,0.0,0.54,0.46,0.06,0.06,0.41101837574531247,0.009174087964046078,0.004911047410470881,0.628786041681029,1.2918651215194088,True,0
process_disturbance_2.70,process_disturbance,84,5,inferred_failure_aware,accuracy_guard,accuracy_guard,True,0.9,1.75,False,False,0.8,0.2,0.0,0.0,0.54,0.46,0.06,0.06,0.41101837574531247,0.009174087964046078,0.004911047410470881,0.628786041681029,1.2918651215194088,True,0
process_disturbance_2.70,process_disturbance,84,10,baseline,normal,accuracy_guard,False,1.0,1.0,True,True,0.8,0.2,0.1,0.0,0.54,0.46,0.06,0.06,0.4027364512430978,0.009446815066592082,0.005338220754369405,0.6629569986668005,1.3984808123240537,True,0
process_disturbance_2.70,process_disturbance,84,10,reference_aware,accuracy_guard,accuracy_guard,True,0.9,1.75,False,False,0.8,0.2,0.1,0.0,0.54,0.46,0.06,0.06,0.41101837574531247,0.009174087964046078,0.004911047410470881,0.628786041681029,1.2918651215194088,True,0
process_disturbance_2.70,process_disturbance,84,10,inferred_failure_aware,accuracy_guard,accuracy_guard,True,0.9,1.75,False,False,0.8,0.2,0.1,0.0,0.54,0.46,0.06,0.06,0.41101837574531247,0.009174087964046078,0.004911047410470881,0.628786041681029,1.2918651215194088,True,0
process_disturbance_2.70,process_disturbance,84,20,baseline,normal,accuracy_guard,False,1.0,1.0,True,True,0.5,0.5,0.15,0.05,0.54,0.46,0.06,0.06,0.4027364512430978,0.009446815066592082,0.005338220754369405,0.6629569986668005,1.3984808123240537,True,0
process_disturbance_2.70,process_disturbance,84,20,reference_aware,accuracy_guard,accuracy_guard,True,0.9,1.75,False,False,0.5,0.5,0.15,0.05,0.54,0.46,0.06,0.06,0.41101837574531247,0.009174087964046078,0.004911047410470881,0.628786041681029,1.2918651215194088,True,0
process_disturbance_2.70,process_disturbance,84,20,inferred_failure_aware,accuracy_guard,accuracy_guard,True,0.9,1.75,False,False,0.5,0.5,0.15,0.05,0.54,0.46,0.06,0.06,0.41101837574531247,0.009174087964046078,0.004911047410470881,0.628786041681029,1.2918651215194088,True,0
process_disturbance_2.70,process_disturbance,85,5,baseline,normal,accuracy_guard,False,1.0,1.0,True,True,0.2,0.8,0.0,0.2,0.54,0.46,0.06,0.06,0.4341366183559643,0.007646461965195355,0.0020711548840373073,0.6766648845256265,1.1880144806679693,True,0
process_disturbance_2.70,process_disturbance,85,5,reference_aware,accuracy_guard,accuracy_guard,True,0.9,1.75,False,False,0.2,0.8,0.0,0.2,0.54,0.46,0.06,0.06,0.42745057262510866,0.006695842572565179,0.0013826239112481042,0.6443286074328941,1.0488729939397234,True,0
process_disturbance_2.70,process_disturbance,85,5,inferred_failure_aware,accuracy_guard,accuracy_guard,True,0.9,1.75,False,False,0.2,0.8,0.0,0.2,0.54,0.46,0.06,0.06,0.42745057262510866,0.006695842572565179,0.0013826239112481042,0.6443286074328941,1.0488729939397234,True,0
process_disturbance_2.70,process_disturbance,85,10,baseline,normal,accuracy_guard,False,1.0,1.0,True,True,0.3,0.7,0.1,0.3,0.54,0.46,0.06,0.06,0.4341366183559643,0.007646461965195355,0.0020711548840373073,0.6766648845256265,1.1880144806679693,True,0
process_disturbance_2.70,process_disturbance,85,10,reference_aware,accuracy_guard,accuracy_guard,True,0.9,1.75,False,False,0.3,0.7,0.1,0.3,0.54,0.46,0.06,0.06,0.42745057262510866,0.006695842572565179,0.0013826239112481042,0.6443286074328941,1.0488729939397234,True,0
process_disturbance_2.70,process_disturbance,85,10,inferred_failure_aware,accuracy_guard,accuracy_guard,True,0.9,1.75,False,False,0.3,0.7,0.1,0.3,0.54,0.46,0.06,0.06,0.42745057262510866,0.006695842572565179,0.0013826239112481042,0.6443286074328941,1.0488729939397234,True,0
process_disturbance_2.70,process_disturbance,85,20,baseline,normal,accuracy_guard,False,1.0,1.0,True,True,0.5,0.5,0.1,0.15,0.54,0.46,0.06,0.06,0.4341366183559643,0.007646461965195355,0.0020711548840373073,0.6766648845256265,1.1880144806679693,True,0
process_disturbance_2.70,process_disturbance,85,20,reference_aware,accuracy_guard,accuracy_guard,True,0.9,1.75,False,False,0.5,0.5,0.1,0.15,0.54,0.46,0.06,0.06,0.42745057262510866,0.006695842572565179,0.0013826239112481042,0.6443286074328941,1.0488729939397234,True,0
process_disturbance_2.70,process_disturbance,85,20,inferred_failure_aware,accuracy_guard,accuracy_guard,True,0.9,1.75,False,False,0.5,0.5,0.1,0.15,0.54,0.46,0.06,0.06,0.42745057262510866,0.006695842572565179,0.0013826239112481042,0.6443286074328941,1.0488729939397234,True,0
process_disturbance_2.70,process_disturbance,86,5,baseline,normal,accuracy_guard,False,1.0,1.0,True,True,0.4,0.6,0.0,0.2,0.54,0.46,0.06,0.06,0.3484264821643433,0.008534679969200888,0.005134278207852727,0.6953319568030473,1.3159854753310047,True,0
process_disturbance_2.70,process_disturbance,86,5,reference_aware,accuracy_guard,accuracy_guard,True,0.9,1.75,False,False,0.4,0.6,0.0,0.2,0.54,0.46,0.06,0.06,0.34528220403962234,0.007636506701003983,0.0041505333961997515,0.6525663318266962,1.1577097702221013,True,0
process_disturbance_2.70,process_disturbance,86,5,inferred_failure_aware,accuracy_guard,accuracy_guard,True,0.9,1.75,False,False,0.4,0.6,0.0,0.2,0.54,0.46,0.06,0.06,0.34528220403962234,0.007636506701003983,0.0041505333961997515,0.6525663318266962,1.1577097702221013,True,0
process_disturbance_2.70,process_disturbance,86,10,baseline,normal,accuracy_guard,False,1.0,1.0,True,True,0.5,0.5,0.0,0.1,0.54,0.46,0.06,0.06,0.3484264821643433,0.008534679969200888,0.005134278207852727,0.6953319568030473,1.3159854753310047,True,0
process_disturbance_2.70,process_disturbance,86,10,reference_aware,accuracy_guard,accuracy_guard,True,0.9,1.75,False,False,0.5,0.5,0.0,0.1,0.54,0.46,0.06,0.06,0.34528220403962234,0.007636506701003983,0.0041505333961997515,0.6525663318266962,1.1577097702221013,True,0
process_disturbance_2.70,process_disturbance,86,10,inferred_failure_aware,accuracy_guard,accuracy_guard,True,0.9,1.75,False,False,0.5,0.5,0.0,0.1,0.54,0.46,0.06,0.06,0.34528220403962234,0.007636506701003983,0.0041505333961997515,0.6525663318266962,1.1577097702221013,True,0
process_disturbance_2.70,process_disturbance,86,20,baseline,normal,accuracy_guard,False,1.0,1.0,True,True,0.6,0.4,0.05,0.1,0.54,0.46,0.06,0.06,0.3484264821643433,0.008534679969200888,0.005134278207852727,0.6953319568030473,1.3159854753310047,True,0
process_disturbance_2.70,process_disturbance,86,20,reference_aware,accuracy_guard,accuracy_guard,True,0.9,1.75,False,False,0.6,0.4,0.05,0.1,0.54,0.46,0.06,0.06,0.34528220403962234,0.007636506701003983,0.0041505333961997515,0.6525663318266962,1.1577097702221013,True,0
process_disturbance_2.70,process_disturbance,86,20,inferred_failure_aware,accuracy_guard,accuracy_guard,True,0.9,1.75,False,False,0.6,0.4,0.05,0.1,0.54,0.46,0.06,0.06,0.34528220403962234,0.007636506701003983,0.0041505333961997515,0.6525663318266962,1.1577097702221013,True,0
process_disturbance_2.70,process_disturbance,87,5,baseline,normal,accuracy_guard,False,1.0,1.0,True,True,0.6,0.4,0.0,0.2,0.54,0.46,0.06,0.06,0.3769585258678838,0.007118140390104822,0.0008743119957019818,0.6839846294547252,1.2404070166791243,True,0
process_disturbance_2.70,process_disturbance,87,5,reference_aware,accuracy_guard,accuracy_guard,True,0.9,1.75,False,False,0.6,0.4,0.0,0.2,0.54,0.46,0.06,0.06,0.38564247579655203,0.006522691415736531,0.00019413352969133157,0.6463955543142332,1.146522085869594,True,0
process_disturbance_2.70,process_disturbance,87,5,inferred_failure_aware,accuracy_guard,accuracy_guard,True,0.9,1.75,False,False,0.6,0.4,0.0,0.2,0.54,0.46,0.06,0.06,0.38564247579655203,0.006522691415736531,0.00019413352969133157,0.6463955543142332,1.146522085869594,True,0
process_disturbance_2.70,process_disturbance,87,10,baseline,normal,accuracy_guard,False,1.0,1.0,True,True,0.7,0.3,0.0,0.1,0.54,0.46,0.06,0.06,0.3769585258678838,0.007118140390104822,0.0008743119957019818,0.6839846294547252,1.2404070166791243,True,0
process_disturbance_2.70,process_disturbance,87,10,reference_aware,accuracy_guard,accuracy_guard,True,0.9,1.75,False,False,0.7,0.3,0.0,0.1,0.54,0.46,0.06,0.06,0.38564247579655203,0.006522691415736531,0.00019413352969133157,0.6463955543142332,1.146522085869594,True,0
process_disturbance_2.70,process_disturbance,87,10,inferred_failure_aware,accuracy_guard,accuracy_guard,True,0.9,1.75,False,False,0.7,0.3,0.0,0.1,0.54,0.46,0.06,0.06,0.38564247579655203,0.006522691415736531,0.00019413352969133157,0.6463955543142332,1.146522085869594,True,0
process_disturbance_2.70,process_disturbance,87,20,baseline,normal,accuracy_guard,False,1.0,1.0,True,True,0.6,0.4,0.05,0.05,0.54,0.46,0.06,0.06,0.3769585258678838,0.007118140390104822,0.0008743119957019818,0.6839846294547252,1.2404070166791243,True,0
process_disturbance_2.70,process_disturbance,87,20,reference_aware,accuracy_guard,accuracy_guard,True,0.9,1.75,False,False,0.6,0.4,0.05,0.05,0.54,0.46,0.06,0.06,0.38564247579655203,0.006522691415736531,0.00019413352969133157,0.6463955543142332,1.146522085869594,True,0
process_disturbance_2.70,process_disturbance,87,20,inferred_failure_aware,accuracy_guard,accuracy_guard,True,0.9,1.75,False,False,0.6,0.4,0.05,0.05,0.54,0.46,0.06,0.06,0.38564247579655203,0.006522691415736531,0.00019413352969133157,0.6463955543142332,1.146522085869594,True,0
process_disturbance_2.70,process_disturbance,88,5,baseline,normal,accuracy_guard,False,1.0,1.0,True,True,0.2,0.8,0.0,0.0,0.54,0.46,0.06,0.06,0.43191896127500085,0.01002049311361437,0.0012100844214385509,0.6785176831301594,1.4301272152374962,True,0
process_disturbance_2.70,process_disturbance,88,5,reference_aware,accuracy_guard,accuracy_guard,True,0.9,1.75,False,False,0.2,0.8,0.0,0.0,0.54,0.46,0.06,0.06,0.42758082477118664,0.008999107873802833,0.0012244753735569658,0.6364596468355985,1.3020546893129046,True,0
process_disturbance_2.70,process_disturbance,88,5,inferred_failure_aware,accuracy_guard,accuracy_guard,True,0.9,1.75,False,False,0.2,0.8,0.0,0.0,0.54,0.46,0.06,0.06,0.42758082477118664,0.008999107873802833,0.0012244753735569658,0.6364596468355985,1.3020546893129046,True,0
process_disturbance_2.70,process_disturbance,88,10,baseline,normal,accuracy_guard,False,1.0,1.0,True,True,0.5,0.5,0.0,0.0,0.54,0.46,0.06,0.06,0.43191896127500085,0.01002049311361437,0.0012100844214385509,0.6785176831301594,1.4301272152374962,True,0
process_disturbance_2.70,process_disturbance,88,10,reference_aware,accuracy_guard,accuracy_guard,True,0.9,1.75,False,False,0.5,0.5,0.0,0.0,0.54,0.46,0.06,0.06,0.42758082477118664,0.008999107873802833,0.0012244753735569658,0.6364596468355985,1.3020546893129046,True,0
process_disturbance_2.70,process_disturbance,88,10,inferred_failure_aware,accuracy_guard,accuracy_guard,True,0.9,1.75,False,False,0.5,0.5,0.0,0.0,0.54,0.46,0.06,0.06,0.42758082477118664,0.008999107873802833,0.0012244753735569658,0.6364596468355985,1.3020546893129046,True,0
process_disturbance_2.70,process_disturbance,88,20,baseline,normal,accuracy_guard,False,1.0,1.0,True,True,0.45,0.55,0.1,0.1,0.54,0.46,0.06,0.06,0.43191896127500085,0.01002049311361437,0.0012100844214385509,0.6785176831301594,1.4301272152374962,True,0
process_disturbance_2.70,process_disturbance,88,20,reference_aware,accuracy_guard,accuracy_guard,True,0.9,1.75,False,False,0.45,0.55,0.1,0.1,0.54,0.46,0.06,0.06,0.42758082477118664,0.008999107873802833,0.0012244753735569658,0.6364596468355985,1.3020546893129046,True,0
process_disturbance_2.70,process_disturbance,88,20,inferred_failure_aware,accuracy_guard,accuracy_guard,True,0.9,1.75,False,False,0.45,0.55,0.1,0.1,0.54,0.46,0.06,0.06,0.42758082477118664,0.008999107873802833,0.0012244753735569658,0.6364596468355985,1.3020546893129046,True,0
process_disturbance_2.70,process_disturbance,89,5,baseline,normal,accuracy_guard,False,1.0,1.0,True,True,0.6,0.4,0.0,0.2,0.54,0.46,0.06,0.06,0.5083139693383074,0.010309476669380306,0.00013302743002596706,0.6642007243488425,1.5231674278679324,True,0
process_disturbance_2.70,process_disturbance,89,5,reference_aware,accuracy_guard,accuracy_guard,True,0.9,1.75,False,False,0.6,0.4,0.0,0.2,0.54,0.46,0.06,0.06,0.48517454859705234,0.009324592531263947,0.0002458936602024453,0.6192440191249491,1.3791007614966975,True,0
process_disturbance_2.70,process_disturbance,89,5,inferred_failure_aware,accuracy_guard,accuracy_guard,True,0.9,1.75,False,False,0.6,0.4,0.0,0.2,0.54,0.46,0.06,0.06,0.48517454859705234,0.009324592531263947,0.0002458936602024453,0.6192440191249491,1.3791007614966975,True,0
process_disturbance_2.70,process_disturbance,89,10,baseline,normal,accuracy_guard,False,1.0,1.0,True,True,0.7,0.3,0.0,0.1,0.54,0.46,0.06,0.06,0.5083139693383074,0.010309476669380306,0.00013302743002596706,0.6642007243488425,1.5231674278679324,True,0
process_disturbance_2.70,process_disturbance,89,10,reference_aware,accuracy_guard,accuracy_guard,True,0.9,1.75,False,False,0.7,0.3,0.0,0.1,0.54,0.46,0.06,0.06,0.48517454859705234,0.009324592531263947,0.0002458936602024453,0.6192440191249491,1.3791007614966975,True,0
process_disturbance_2.70,process_disturbance,89,10,inferred_failure_aware,accuracy_guard,accuracy_guard,True,0.9,1.75,False,False,0.7,0.3,0.0,0.1,0.54,0.46,0.06,0.06,0.48517454859705234,0.009324592531263947,0.0002458936602024453,0.6192440191249491,1.3791007614966975,True,0
process_disturbance_2.70,process_disturbance,89,20,baseline,normal,accuracy_guard,False,1.0,1.0,True,True,0.55,0.45,0.05,0.1,0.54,0.46,0.06,0.06,0.5083139693383074,0.010309476669380306,0.00013302743002596706,0.6642007243488425,1.5231674278679324,True,0
process_disturbance_2.70,process_disturbance,89,20,reference_aware,accuracy_guard,accuracy_guard,True,0.9,1.75,False,False,0.55,0.45,0.05,0.1,0.54,0.46,0.06,0.06,0.48517454859705234,0.009324592531263947,0.0002458936602024453,0.6192440191249491,1.3791007614966975,True,0
process_disturbance_2.70,process_disturbance,89,20,inferred_failure_aware,accuracy_guard,accuracy_guard,True,0.9,1.75,False,False,0.55,0.45,0.05,0.1,0.54,0.46,0.06,0.06,0.48517454859705234,0.009324592531263947,0.0002458936602024453,0.6192440191249491,1.3791007614966975,True,0
process_disturbance_2.70,process_disturbance,90,5,baseline,normal,accuracy_guard,False,1.0,1.0,True,True,0.4,0.6,0.2,0.0,0.54,0.46,0.06,0.06,0.3951174440679564,0.007524516520144166,0.01084276604666956,0.6725891215420201,1.3587529852883748,True,0
process_disturbance_2.70,process_disturbance,90,5,reference_aware,accuracy_guard,accuracy_guard,True,0.9,1.75,False,False,0.4,0.6,0.2,0.0,0.54,0.46,0.06,0.06,0.3902221172182339,0.0069746376186008464,0.00925376050660609,0.6293573377585313,1.2535288221982293,True,0
process_disturbance_2.70,process_disturbance,90,5,inferred_failure_aware,accuracy_guard,accuracy_guard,True,0.9,1.75,False,False,0.4,0.6,0.2,0.0,0.54,0.46,0.06,0.06,0.3902221172182339,0.0069746376186008464,0.00925376050660609,0.6293573377585313,1.2535288221982293,True,0
process_disturbance_2.70,process_disturbance,90,10,baseline,normal,accuracy_guard,False,1.0,1.0,True,True,0.3,0.7,0.1,0.0,0.54,0.46,0.06,0.06,0.3951174440679564,0.007524516520144166,0.01084276604666956,0.6725891215420201,1.3587529852883748,True,0
process_disturbance_2.70,process_disturbance,90,10,reference_aware,accuracy_guard,accuracy_guard,True,0.9,1.75,False,False,0.3,0.7,0.1,0.0,0.54,0.46,0.06,0.06,0.3902221172182339,0.0069746376186008464,0.00925376050660609,0.6293573377585313,1.2535288221982293,True,0
process_disturbance_2.70,process_disturbance,90,10,inferred_failure_aware,accuracy_guard,accuracy_guard,True,0.9,1.75,False,False,0.3,0.7,0.1,0.0,0.54,0.46,0.06,0.06,0.3902221172182339,0.0069746376186008464,0.00925376050660609,0.6293573377585313,1.2535288221982293,True,0
process_disturbance_2.70,process_disturbance,90,20,baseline,normal,accuracy_guard,False,1.0,1.0,True,True,0.55,0.45,0.05,0.05,0.54,0.46,0.06,0.06,0.3951174440679564,0.007524516520144166,0.01084276604666956,0.6725891215420201,1.3587529852883748,True,0
process_disturbance_2.70,process_disturbance,90,20,reference_aware,accuracy_guard,accuracy_guard,True,0.9,1.75,False,False,0.55,0.45,0.05,0.05,0.54,0.46,0.06,0.06,0.3902221172182339,0.0069746376186008464,0.00925376050660609,0.6293573377585313,1.2535288221982293,True,0
process_disturbance_2.70,process_disturbance,90,20,inferred_failure_aware,accuracy_guard,accuracy_guard,True,0.9,1.75,False,False,0.55,0.45,0.05,0.05,0.54,0.46,0.06,0.06,0.3902221172182339,0.0069746376186008464,0.00925376050660609,0.6293573377585313,1.2535288221982293,True,0
process_disturbance_2.70,process_disturbance,91,5,baseline,normal,accuracy_guard,False,1.0,1.0,True,True,0.8,0.2,0.0,0.0,0.54,0.46,0.06,0.06,0.36096521448902685,0.010329571744585302,0.006784997232022416,0.6521841787450526,1.4129874582391722,True,0
process_disturbance_2.70,process_disturbance,91,5,reference_aware,accuracy_guard,accuracy_guard,True,0.9,1.75,False,False,0.8,0.2,0.0,0.0,0.54,0.46,0.06,0.06,0.35108355580604744,0.009315210370426763,0.006259634850510065,0.6132239796168271,1.312918555294945,True,0
process_disturbance_2.70,process_disturbance,91,5,inferred_failure_aware,accuracy_guard,accuracy_guard,True,0.9,1.75,False,False,0.8,0.2,0.0,0.0,0.54,0.46,0.06,0.06,0.35108355580604744,0.009315210370426763,0.006259634850510065,0.6132239796168271,1.312918555294945,True,0
process_disturbance_2.70,process_disturbance,91,10,baseline,normal,accuracy_guard,False,1.0,1.0,True,True,0.6,0.4,0.0,0.1,0.54,0.46,0.06,0.06,0.36096521448902685,0.010329571744585302,0.006784997232022416,0.6521841787450526,1.4129874582391722,True,0
process_disturbance_2.70,process_disturbance,91,10,reference_aware,accuracy_guard,accuracy_guard,True,0.9,1.75,False,False,0.6,0.4,0.0,0.1,0.54,0.46,0.06,0.06,0.35108355580604744,0.009315210370426763,0.006259634850510065,0.6132239796168271,1.312918555294945,True,0
process_disturbance_2.70,process_disturbance,91,10,inferred_failure_aware,accuracy_guard,accuracy_guard,True,0.9,1.75,False,False,0.6,0.4,0.0,0.1,0.54,0.46,0.06,0.06,0.35108355580604744,0.009315210370426763,0.006259634850510065,0.6132239796168271,1.312918555294945,True,0
process_disturbance_2.70,process_disturbance,91,20,baseline,normal,accuracy_guard,False,1.0,1.0,True,True,0.7,0.3,0.0,0.1,0.54,0.46,0.06,0.06,0.36096521448902685,0.010329571744585302,0.006784997232022416,0.6521841787450526,1.4129874582391722,True,0
process_disturbance_2.70,process_disturbance,91,20,reference_aware,accuracy_guard,accuracy_guard,True,0.9,1.75,False,False,0.7,0.3,0.0,0.1,0.54,0.46,0.06,0.06,0.35108355580604744,0.009315210370426763,0.006259634850510065,0.6132239796168271,1.312918555294945,True,0
process_disturbance_2.70,process_disturbance,91,20,inferred_failure_aware,accuracy_guard,accuracy_guard,True,0.9,1.75,False,False,0.7,0.3,0.0,0.1,0.54,0.46,0.06,0.06,0.35108355580604744,0.009315210370426763,0.006259634850510065,0.6132239796168271,1.312918555294945,True,0
process_disturbance_2.70,process_disturbance,92,5,baseline,normal,accuracy_guard,False,1.0,1.0,True,True,0.6,0.4,0.0,0.0,0.54,0.46,0.06,0.06,0.49330062107594674,0.009196552283476687,0.0014164542820090942,0.7120472861404885,1.4996064311768635,True,0
process_disturbance_2.70,process_disturbance,92,5,reference_aware,accuracy_guard,accuracy_guard,True,0.9,1.75,False,False,0.6,0.4,0.0,0.0,0.54,0.46,0.06,0.06,0.4928665680579116,0.00843574842774018,0.0014273140331727552,0.670506234210831,1.391736694928724,True,0
process_disturbance_2.70,process_disturbance,92,5,inferred_failure_aware,accuracy_guard,accuracy_guard,True,0.9,1.75,False,False,0.6,0.4,0.0,0.0,0.54,0.46,0.06,0.06,0.4928665680579116,0.00843574842774018,0.0014273140331727552,0.670506234210831,1.391736694928724,True,0
process_disturbance_2.70,process_disturbance,92,10,baseline,normal,accuracy_guard,False,1.0,1.0,True,True,0.6,0.4,0.0,0.0,0.54,0.46,0.06,0.06,0.49330062107594674,0.009196552283476687,0.0014164542820090942,0.7120472861404885,1.4996064311768635,True,0
process_disturbance_2.70,process_disturbance,92,10,reference_aware,accuracy_guard,accuracy_guard,True,0.9,1.75,False,False,0.6,0.4,0.0,0.0,0.54,0.46,0.06,0.06,0.4928665680579116,0.00843574842774018,0.0014273140331727552,0.670506234210831,1.391736694928724,True,0
process_disturbance_2.70,process_disturbance,92,10,inferred_failure_aware,accuracy_guard,accuracy_guard,True,0.9,1.75,False,False,0.6,0.4,0.0,0.0,0.54,0.46,0.06,0.06,0.4928665680579116,0.00843574842774018,0.0014273140331727552,0.670506234210831,1.391736694928724,True,0
process_disturbance_2.70,process_disturbance,92,20,baseline,normal,accuracy_guard,False,1.0,1.0,True,True,0.6,0.4,0.0,0.1,0.54,0.46,0.06,0.06,0.49330062107594674,0.009196552283476687,0.0014164542820090942,0.7120472861404885,1.4996064311768635,True,0
process_disturbance_2.70,process_disturbance,92,20,reference_aware,accuracy_guard,accuracy_guard,True,0.9,1.75,False,False,0.6,0.4,0.0,0.1,0.54,0.46,0.06,0.06,0.4928665680579116,0.00843574842774018,0.0014273140331727552,0.670506234210831,1.391736694928724,True,0
process_disturbance_2.70,process_disturbance,92,20,inferred_failure_aware,accuracy_guard,accuracy_guard,True,0.9,1.75,False,False,0.6,0.4,0.0,0.1,0.54,0.46,0.06,0.06,0.4928665680579116,0.00843574842774018,0.0014273140331727552,0.670506234210831,1.391736694928724,True,0
process_disturbance_2.70,process_disturbance,93,5,baseline,normal,accuracy_guard,False,1.0,1.0,True,True,0.6,0.4,0.0,0.2,0.54,0.46,0.06,0.06,0.3353822974143042,0.008939684474482906,0.002957927991914411,0.6752896573638523,1.2070671009239207,True,0
process_disturbance_2.70,process_disturbance,93,5,reference_aware,accuracy_guard,accuracy_guard,True,0.9,1.75,False,False,0.6,0.4,0.0,0.2,0.54,0.46,0.06,0.06,0.32933345322363844,0.008445904334718124,0.002327867990047583,0.6400753031823004,1.0972535856286227,True,0
process_disturbance_2.70,process_disturbance,93,5,inferred_failure_aware,accuracy_guard,accuracy_guard,True,0.9,1.75,False,False,0.6,0.4,0.0,0.2,0.54,0.46,0.06,0.06,0.32933345322363844,0.008445904334718124,0.002327867990047583,0.6400753031823004,1.0972535856286227,True,0
process_disturbance_2.70,process_disturbance,93,10,baseline,normal,accuracy_guard,False,1.0,1.0,True,True,0.6,0.4,0.0,0.1,0.54,0.46,0.06,0.06,0.3353822974143042,0.008939684474482906,0.002957927991914411,0.6752896573638523,1.2070671009239207,True,0
process_disturbance_2.70,process_disturbance,93,10,reference_aware,accuracy_guard,accuracy_guard,True,0.9,1.75,False,False,0.6,0.4,0.0,0.1,0.54,0.46,0.06,0.06,0.32933345322363844,0.008445904334718124,0.002327867990047583,0.6400753031823004,1.0972535856286227,True,0
process_disturbance_2.70,process_disturbance,93,10,inferred_failure_aware,accuracy_guard,accuracy_guard,True,0.9,1.75,False,False,0.6,0.4,0.0,0.1,0.54,0.46,0.06,0.06,0.32933345322363844,0.008445904334718124,0.002327867990047583,0.6400753031823004,1.0972535856286227,True,0
process_disturbance_2.70,process_disturbance,93,20,baseline,normal,accuracy_guard,False,1.0,1.0,True,True,0.75,0.25,0.0,0.05,0.54,0.46,0.06,0.06,0.3353822974143042,0.008939684474482906,0.002957927991914411,0.6752896573638523,1.2070671009239207,True,0
process_disturbance_2.70,process_disturbance,93,20,reference_aware,accuracy_guard,accuracy_guard,True,0.9,1.75,False,False,0.75,0.25,0.0,0.05,0.54,0.46,0.06,0.06,0.32933345322363844,0.008445904334718124,0.002327867990047583,0.6400753031823004,1.0972535856286227,True,0
process_disturbance_2.70,process_disturbance,93,20,inferred_failure_aware,accuracy_guard,accuracy_guard,True,0.9,1.75,False,False,0.75,0.25,0.0,0.05,0.54,0.46,0.06,0.06,0.32933345322363844,0.008445904334718124,0.002327867990047583,0.6400753031823004,1.0972535856286227,True,0
process_disturbance_2.70,process_disturbance,94,5,baseline,normal,accuracy_guard,False,1.0,1.0,True,True,0.6,0.4,0.0,0.0,0.54,0.46,0.06,0.06,0.3757047630507398,0.010463037234693912,0.0022512057614189063,0.6505489240446192,1.348089657640625,True,0
process_disturbance_2.70,process_disturbance,94,5,reference_aware,accuracy_guard,accuracy_guard,True,0.9,1.75,False,False,0.6,0.4,0.0,0.0,0.54,0.46,0.06,0.06,0.36260670931102923,0.00954543656363922,0.0020566034651177123,0.6054999931480625,1.2199229929267836,True,0
process_disturbance_2.70,process_disturbance,94,5,inferred_failure_aware,accuracy_guard,accuracy_guard,True,0.9,1.75,False,False,0.6,0.4,0.0,0.0,0.54,0.46,0.06,0.06,0.36260670931102923,0.00954543656363922,0.0020566034651177123,0.6054999931480625,1.2199229929267836,True,0
process_disturbance_2.70,process_disturbance,94,10,baseline,normal,accuracy_guard,False,1.0,1.0,True,True,0.7,0.3,0.1,0.0,0.54,0.46,0.06,0.06,0.3757047630507398,0.010463037234693912,0.0022512057614189063,0.6505489240446192,1.348089657640625,True,0
process_disturbance_2.70,process_disturbance,94,10,reference_aware,accuracy_guard,accuracy_guard,True,0.9,1.75,False,False,0.7,0.3,0.1,0.0,0.54,0.46,0.06,0.06,0.36260670931102923,0.00954543656363922,0.0020566034651177123,0.6054999931480625,1.2199229929267836,True,0
process_disturbance_2.70,process_disturbance,94,10,inferred_failure_aware,accuracy_guard,accuracy_guard,True,0.9,1.75,False,False,0.7,0.3,0.1,0.0,0.54,0.46,0.06,0.06,0.36260670931102923,0.00954543656363922,0.0020566034651177123,0.6054999931480625,1.2199229929267836,True,0
process_disturbance_2.70,process_disturbance,94,20,baseline,normal,accuracy_guard,False,1.0,1.0,True,True,0.65,0.35,0.05,0.0,0.54,0.46,0.06,0.06,0.3757047630507398,0.010463037234693912,0.0022512057614189063,0.6505489240446192,1.348089657640625,True,0
process_disturbance_2.70,process_disturbance,94,20,reference_aware,accuracy_guard,accuracy_guard,True,0.9,1.75,False,False,0.65,0.35,0.05,0.0,0.54,0.46,0.06,0.06,0.36260670931102923,0.00954543656363922,0.0020566034651177123,0.6054999931480625,1.2199229929267836,True,0
process_disturbance_2.70,process_disturbance,94,20,inferred_failure_aware,accuracy_guard,accuracy_guard,True,0.9,1.75,False,False,0.65,0.35,0.05,0.0,0.54,0.46,0.06,0.06,0.36260670931102923,0.00954543656363922,0.0020566034651177123,0.6054999931480625,1.2199229929267836,True,0
process_disturbance_2.70,process_disturbance,95,5,baseline,normal,accuracy_guard,False,1.0,1.0,True,True,0.6,0.4,0.0,0.0,0.54,0.46,0.06,0.06,0.45923393452713596,0.011086393260294957,0.0036623899911658597,0.6791145832139907,1.5171211824499709,True,0
process_disturbance_2.70,process_disturbance,95,5,reference_aware,accuracy_guard,accuracy_guard,True,0.9,1.75,False,False,0.6,0.4,0.0,0.0,0.54,0.46,0.06,0.06,0.4729073976315364,0.010532909895710084,0.0027670288425870604,0.6317489256859277,1.406588578781506,True,0
process_disturbance_2.70,process_disturbance,95,5,inferred_failure_aware,accuracy_guard,accuracy_guard,True,0.9,1.75,False,False,0.6,0.4,0.0,0.0,0.54,0.46,0.06,0.06,0.4729073976315364,0.010532909895710084,0.0027670288425870604,0.6317489256859277,1.406588578781506,True,0
process_disturbance_2.70,process_disturbance,95,10,baseline,normal,accuracy_guard,False,1.0,1.0,True,True,0.6,0.4,0.0,0.1,0.54,0.46,0.06,0.06,0.45923393452713596,0.011086393260294957,0.0036623899911658597,0.6791145832139907,1.5171211824499709,True,0
process_disturbance_2.70,process_disturbance,95,10,reference_aware,accuracy_guard,accuracy_guard,True,0.9,1.75,False,False,0.6,0.4,0.0,0.1,0.54,0.46,0.06,0.06,0.4729073976315364,0.010532909895710084,0.0027670288425870604,0.6317489256859277,1.406588578781506,True,0
process_disturbance_2.70,process_disturbance,95,10,inferred_failure_aware,accuracy_guard,accuracy_guard,True,0.9,1.75,False,False,0.6,0.4,0.0,0.1,0.54,0.46,0.06,0.06,0.4729073976315364,0.010532909895710084,0.0027670288425870604,0.6317489256859277,1.406588578781506,True,0
process_disturbance_2.70,process_disturbance,95,20,baseline,normal,accuracy_guard,False,1.0,1.0,True,True,0.5,0.5,0.05,0.05,0.54,0.46,0.06,0.06,0.45923393452713596,0.011086393260294957,0.0036623899911658597,0.6791145832139907,1.5171211824499709,True,0
process_disturbance_2.70,process_disturbance,95,20,reference_aware,accuracy_guard,accuracy_guard,True,0.9,1.75,False,False,0.5,0.5,0.05,0.05,0.54,0.46,0.06,0.06,0.4729073976315364,0.010532909895710084,0.0027670288425870604,0.6317489256859277,1.406588578781506,True,0
process_disturbance_2.70,process_disturbance,95,20,inferred_failure_aware,accuracy_guard,accuracy_guard,True,0.9,1.75,False,False,0.5,0.5,0.05,0.05,0.54,0.46,0.06,0.06,0.4729073976315364,0.010532909895710084,0.0027670288425870604,0.6317489256859277,1.406588578781506,True,0
process_disturbance_2.70,process_disturbance,96,5,baseline,normal,accuracy_guard,False,1.0,1.0,True,True,0.4,0.6,0.0,0.0,0.54,0.46,0.06,0.06,0.38680914125737637,0.008025719718956595,0.005238144244989806,0.6191274002378483,1.144020786625108,True,0
process_disturbance_2.70,process_disturbance,96,5,reference_aware,accuracy_guard,accuracy_guard,True,0.9,1.75,False,False,0.4,0.6,0.0,0.0,0.54,0.46,0.06,0.06,0.38192334600650024,0.007758242226157019,0.004822042406366189,0.5802204674316311,1.0668106726890685,True,0
process_disturbance_2.70,process_disturbance,96,5,inferred_failure_aware,accuracy_guard,accuracy_guard,True,0.9,1.75,False,False,0.4,0.6,0.0,0.0,0.54,0.46,0.06,0.06,0.38192334600650024,0.007758242226157019,0.004822042406366189,0.5802204674316311,1.0668106726890685,True,0
process_disturbance_2.70,process_disturbance,96,10,baseline,normal,accuracy_guard,False,1.0,1.0,True,True,0.5,0.5,0.0,0.0,0.54,0.46,0.06,0.06,0.38680914125737637,0.008025719718956595,0.005238144244989806,0.6191274002378483,1.144020786625108,True,0
process_disturbance_2.70,process_disturbance,96,10,reference_aware,accuracy_guard,accuracy_guard,True,0.9,1.75,False,False,0.5,0.5,0.0,0.0,0.54,0.46,0.06,0.06,0.38192334600650024,0.007758242226157019,0.004822042406366189,0.5802204674316311,1.0668106726890685,True,0
process_disturbance_2.70,process_disturbance,96,10,inferred_failure_aware,accuracy_guard,accuracy_guard,True,0.9,1.75,False,False,0.5,0.5,0.0,0.0,0.54,0.46,0.06,0.06,0.38192334600650024,0.007758242226157019,0.004822042406366189,0.5802204674316311,1.0668106726890685,True,0
process_disturbance_2.70,process_disturbance,96,20,baseline,normal,accuracy_guard,False,1.0,1.0,True,True,0.6,0.4,0.0,0.0,0.54,0.46,0.06,0.06,0.38680914125737637,0.008025719718956595,0.005238144244989806,0.6191274002378483,1.144020786625108,True,0
process_disturbance_2.70,process_disturbance,96,20,reference_aware,accuracy_guard,accuracy_guard,True,0.9,1.75,False,False,0.6,0.4,0.0,0.0,0.54,0.46,0.06,0.06,0.38192334600650024,0.007758242226157019,0.004822042406366189,0.5802204674316311,1.0668106726890685,True,0
process_disturbance_2.70,process_disturbance,96,20,inferred_failure_aware,accuracy_guard,accuracy_guard,True,0.9,1.75,False,False,0.6,0.4,0.0,0.0,0.54,0.46,0.06,0.06,0.38192334600650024,0.007758242226157019,0.004822042406366189,0.5802204674316311,1.0668106726890685,True,0
process_disturbance_2.70,process_disturbance,97,5,baseline,normal,accuracy_guard,False,1.0,1.0,True,True,0.4,0.6,0.2,0.0,0.54,0.46,0.06,0.06,0.4295426554449774,0.012102779058024545,0.00132929741422394,0.689944026146793,1.6236569270724446,True,0
process_disturbance_2.70,process_disturbance,97,5,reference_aware,accuracy_guard,accuracy_guard,True,0.9,1.75,False,False,0.4,0.6,0.2,0.0,0.54,0.46,0.06,0.06,0.4231215451911417,0.011123124751857918,0.002081136722834165,0.6486601489229289,1.4857014223758904,True,0
process_disturbance_2.70,process_disturbance,97,5,inferred_failure_aware,accuracy_guard,accuracy_guard,True,0.9,1.75,False,False,0.4,0.6,0.2,0.0,0.54,0.46,0.06,0.06,0.4231215451911417,0.011123124751857918,0.002081136722834165,0.6486601489229289,1.4857014223758904,True,0
process_disturbance_2.70,process_disturbance,97,10,baseline,normal,accuracy_guard,False,1.0,1.0,True,True,0.5,0.5,0.1,0.1,0.54,0.46,0.06,0.06,0.4295426554449774,0.012102779058024545,0.00132929741422394,0.689944026146793,1.6236569270724446,True,0
process_disturbance_2.70,process_disturbance,97,10,reference_aware,accuracy_guard,accuracy_guard,True,0.9,1.75,False,False,0.5,0.5,0.1,0.1,0.54,0.46,0.06,0.06,0.4231215451911417,0.011123124751857918,0.002081136722834165,0.6486601489229289,1.4857014223758904,True,0
process_disturbance_2.70,process_disturbance,97,10,inferred_failure_aware,accuracy_guard,accuracy_guard,True,0.9,1.75,False,False,0.5,0.5,0.1,0.1,0.54,0.46,0.06,0.06,0.4231215451911417,0.011123124751857918,0.002081136722834165,0.6486601489229289,1.4857014223758904,True,0
process_disturbance_2.70,process_disturbance,97,20,baseline,normal,accuracy_guard,False,1.0,1.0,True,True,0.45,0.55,0.1,0.05,0.54,0.46,0.06,0.06,0.4295426554449774,0.012102779058024545,0.00132929741422394,0.689944026146793,1.6236569270724446,True,0
process_disturbance_2.70,process_disturbance,97,20,reference_aware,accuracy_guard,accuracy_guard,True,0.9,1.75,False,False,0.45,0.55,0.1,0.05,0.54,0.46,0.06,0.06,0.4231215451911417,0.011123124751857918,0.002081136722834165,0.6486601489229289,1.4857014223758904,True,0
process_disturbance_2.70,process_disturbance,97,20,inferred_failure_aware,accuracy_guard,accuracy_guard,True,0.9,1.75,False,False,0.45,0.55,0.1,0.05,0.54,0.46,0.06,0.06,0.4231215451911417,0.011123124751857918,0.002081136722834165,0.6486601489229289,1.4857014223758904,True,0
process_disturbance_2.70,process_disturbance,98,5,baseline,normal,accuracy_guard,False,1.0,1.0,True,True,0.6,0.4,0.0,0.0,0.54,0.46,0.06,0.06,0.3591154061491158,0.009133102946149827,2.5211399598767947e-05,0.6371526109110269,1.032727608775478,True,0
process_disturbance_2.70,process_disturbance,98,5,reference_aware,accuracy_guard,accuracy_guard,True,0.9,1.75,False,False,0.6,0.4,0.0,0.0,0.54,0.46,0.06,0.06,0.35343376658200304,0.008464338620721707,0.0004368895675462836,0.601326223797312,0.9215673553442312,True,0
process_disturbance_2.70,process_disturbance,98,5,inferred_failure_aware,accuracy_guard,accuracy_guard,True,0.9,1.75,False,False,0.6,0.4,0.0,0.0,0.54,0.46,0.06,0.06,0.35343376658200304,0.008464338620721707,0.0004368895675462836,0.601326223797312,0.9215673553442312,True,0
process_disturbance_2.70,process_disturbance,98,10,baseline,normal,accuracy_guard,False,1.0,1.0,True,True,0.5,0.5,0.1,0.1,0.54,0.46,0.06,0.06,0.3591154061491158,0.009133102946149827,2.5211399598767947e-05,0.6371526109110269,1.032727608775478,True,0
process_disturbance_2.70,process_disturbance,98,10,reference_aware,accuracy_guard,accuracy_guard,True,0.9,1.75,False,False,0.5,0.5,0.1,0.1,0.54,0.46,0.06,0.06,0.35343376658200304,0.008464338620721707,0.0004368895675462836,0.601326223797312,0.9215673553442312,True,0
process_disturbance_2.70,process_disturbance,98,10,inferred_failure_aware,accuracy_guard,accuracy_guard,True,0.9,1.75,False,False,0.5,0.5,0.1,0.1,0.54,0.46,0.06,0.06,0.35343376658200304,0.008464338620721707,0.0004368895675462836,0.601326223797312,0.9215673553442312,True,0
process_disturbance_2.70,process_disturbance,98,20,baseline,normal,accuracy_guard,False,1.0,1.0,True,True,0.4,0.6,0.1,0.05,0.54,0.46,0.06,0.06,0.3591154061491158,0.009133102946149827,2.5211399598767947e-05,0.6371526109110269,1.032727608775478,True,0
process_disturbance_2.70,process_disturbance,98,20,reference_aware,accuracy_guard,accuracy_guard,True,0.9,1.75,False,False,0.4,0.6,0.1,0.05,0.54,0.46,0.06,0.06,0.35343376658200304,0.008464338620721707,0.0004368895675462836,0.601326223797312,0.9215673553442312,True,0
process_disturbance_2.70,process_disturbance,98,20,inferred_failure_aware,accuracy_guard,accuracy_guard,True,0.9,1.75,False,False,0.4,0.6,0.1,0.05,0.54,0.46,0.06,0.06,0.35343376658200304,0.008464338620721707,0.0004368895675462836,0.601326223797312,0.9215673553442312,True,0
process_disturbance_2.70,process_disturbance,99,5,baseline,normal,accuracy_guard,False,1.0,1.0,True,True,0.6,0.4,0.2,0.0,0.54,0.46,0.06,0.06,0.3405302480606645,0.011657935791413781,0.001548607395921886,0.6694654865782326,1.3922585455967311,True,0
process_disturbance_2.70,process_disturbance,99,5,reference_aware,accuracy_guard,accuracy_guard,True,0.9,1.75,False,False,0.6,0.4,0.2,0.0,0.54,0.46,0.06,0.06,0.3429466851028802,0.010441122068364712,0.000835434271346025,0.6345649421304081,1.2271536004988597,True,0
process_disturbance_2.70,process_disturbance,99,5,inferred_failure_aware,accuracy_guard,accuracy_guard,True,0.9,1.75,False,False,0.6,0.4,0.2,0.0,0.54,0.46,0.06,0.06,0.3429466851028802,0.010441122068364712,0.000835434271346025,0.6345649421304081,1.2271536004988597,True,0
process_disturbance_2.70,process_disturbance,99,10,baseline,normal,accuracy_guard,False,1.0,1.0,True,True,0.6,0.4,0.2,0.0,0.54,0.46,0.06,0.06,0.3405302480606645,0.011657935791413781,0.001548607395921886,0.6694654865782326,1.3922585455967311,True,0
process_disturbance_2.70,process_disturbance,99,10,reference_aware,accuracy_guard,accuracy_guard,True,0.9,1.75,False,False,0.6,0.4,0.2,0.0,0.54,0.46,0.06,0.06,0.3429466851028802,0.010441122068364712,0.000835434271346025,0.6345649421304081,1.2271536004988597,True,0
process_disturbance_2.70,process_disturbance,99,10,inferred_failure_aware,accuracy_guard,accuracy_guard,True,0.9,1.75,False,False,0.6,0.4,0.2,0.0,0.54,0.46,0.06,0.06,0.3429466851028802,0.010441122068364712,0.000835434271346025,0.6345649421304081,1.2271536004988597,True,0
process_disturbance_2.70,process_disturbance,99,20,baseline,normal,accuracy_guard,False,1.0,1.0,True,True,0.55,0.45,0.1,0.0,0.54,0.46,0.06,0.06,0.3405302480606645,0.011657935791413781,0.001548607395921886,0.6694654865782326,1.3922585455967311,True,0
process_disturbance_2.70,process_disturbance,99,20,reference_aware,accuracy_guard,accuracy_guard,True,0.9,1.75,False,False,0.55,0.45,0.1,0.0,0.54,0.46,0.06,0.06,0.3429466851028802,0.010441122068364712,0.000835434271346025,0.6345649421304081,1.2271536004988597,True,0
process_disturbance_2.70,process_disturbance,99,20,inferred_failure_aware,accuracy_guard,accuracy_guard,True,0.9,1.75,False,False,0.55,0.45,0.1,0.0,0.54,0.46,0.06,0.06,0.3429466851028802,0.010441122068364712,0.000835434271346025,0.6345649421304081,1.2271536004988597,True,0
parameter_mismatch_delta_0.520,parameter_mismatch,0,5,baseline,normal,coverage_wait,False,1.0,1.0,True,True,0.0,0.2,1.0,0.0,0.42,0.06,0.58,0.0,0.3306528257092825,0.006065830968871821,0.005358616745943734,0.7256847954677291,0.716150227109184,True,0
parameter_mismatch_delta_0.520,parameter_mismatch,0,5,reference_aware,coverage_wait,coverage_wait,True,1.0,1.1,False,False,0.0,0.2,1.0,0.0,0.42,0.06,0.58,0.0,0.33050046014864554,0.006018083347920476,0.005404214273951324,0.7251286060099094,0.7082982876688279,True,0
parameter_mismatch_delta_0.520,parameter_mismatch,0,5,inferred_failure_aware,coverage_wait,coverage_wait,True,1.0,1.1,False,False,0.0,0.2,1.0,0.0,0.42,0.06,0.58,0.0,0.33050046014864554,0.006018083347920476,0.005404214273951324,0.7251286060099094,0.7082982876688279,True,0
parameter_mismatch_delta_0.520,parameter_mismatch,0,10,baseline,normal,coverage_wait,False,1.0,1.0,True,True,0.2,0.2,0.8,0.0,0.42,0.06,0.58,0.0,0.3306528257092825,0.006065830968871821,0.005358616745943734,0.7256847954677291,0.716150227109184,True,0
parameter_mismatch_delta_0.520,parameter_mismatch,0,10,reference_aware,coverage_wait,coverage_wait,True,1.0,1.1,False,False,0.2,0.2,0.8,0.0,0.42,0.06,0.58,0.0,0.33050046014864554,0.006018083347920476,0.005404214273951324,0.7251286060099094,0.7082982876688279,True,0
parameter_mismatch_delta_0.520,parameter_mismatch,0,10,inferred_failure_aware,coverage_wait,coverage_wait,True,1.0,1.1,False,False,0.2,0.2,0.8,0.0,0.42,0.06,0.58,0.0,0.33050046014864554,0.006018083347920476,0.005404214273951324,0.7251286060099094,0.7082982876688279,True,0
parameter_mismatch_delta_0.520,parameter_mismatch,0,20,baseline,normal,coverage_wait,False,1.0,1.0,True,True,0.35,0.1,0.65,0.0,0.42,0.06,0.58,0.0,0.3306528257092825,0.006065830968871821,0.005358616745943734,0.7256847954677291,0.716150227109184,True,0
parameter_mismatch_delta_0.520,parameter_mismatch,0,20,reference_aware,coverage_wait,coverage_wait,True,1.0,1.1,False,False,0.35,0.1,0.65,0.0,0.42,0.06,0.58,0.0,0.33050046014864554,0.006018083347920476,0.005404214273951324,0.7251286060099094,0.7082982876688279,True,0
parameter_mismatch_delta_0.520,parameter_mismatch,0,20,inferred_failure_aware,coverage_wait,coverage_wait,True,1.0,1.1,False,False,0.35,0.1,0.65,0.0,0.42,0.06,0.58,0.0,0.33050046014864554,0.006018083347920476,0.005404214273951324,0.7251286060099094,0.7082982876688279,True,0
parameter_mismatch_delta_0.520,parameter_mismatch,1,5,baseline,normal,coverage_wait,False,1.0,1.0,True,True,0.6,0.2,0.4,0.0,0.42,0.06,0.58,0.0,0.1981018568000522,0.0034444630541854973,0.004779404582553659,0.747656829388821,0.9204456523365864,True,0
parameter_mismatch_delta_0.520,parameter_mismatch,1,5,reference_aware,coverage_wait,coverage_wait,True,1.0,1.1,False,False,0.6,0.2,0.4,0.0,0.42,0.06,0.58,0.0,0.20114439581108778,0.0034405777355003605,0.004704282545919813,0.7476288702861072,0.9154346304442292,True,0
parameter_mismatch_delta_0.520,parameter_mismatch,1,5,inferred_failure_aware,coverage_wait,coverage_wait,True,1.0,1.1,False,False,0.6,0.2,0.4,0.0,0.42,0.06,0.58,0.0,0.20114439581108778,0.0034405777355003605,0.004704282545919813,0.7476288702861072,0.9154346304442292,True,0
parameter_mismatch_delta_0.520,parameter_mismatch,1,10,baseline,normal,coverage_wait,False,1.0,1.0,True,True,0.3,0.2,0.7,0.0,0.42,0.06,0.58,0.0,0.1981018568000522,0.0034444630541854973,0.004779404582553659,0.747656829388821,0.9204456523365864,True,0
parameter_mismatch_delta_0.520,parameter_mismatch,1,10,reference_aware,coverage_wait,coverage_wait,True,1.0,1.1,False,False,0.3,0.2,0.7,0.0,0.42,0.06,0.58,0.0,0.20114439581108778,0.0034405777355003605,0.004704282545919813,0.7476288702861072,0.9154346304442292,True,0
parameter_mismatch_delta_0.520,parameter_mismatch,1,10,inferred_failure_aware,coverage_wait,coverage_wait,True,1.0,1.1,False,False,0.3,0.2,0.7,0.0,0.42,0.06,0.58,0.0,0.20114439581108778,0.0034405777355003605,0.004704282545919813,0.7476288702861072,0.9154346304442292,True,0
parameter_mismatch_delta_0.520,parameter_mismatch,1,20,baseline,normal,coverage_wait,False,1.0,1.0,True,True,0.4,0.15,0.6,0.0,0.42,0.06,0.58,0.0,0.1981018568000522,0.0034444630541854973,0.004779404582553659,0.747656829388821,0.9204456523365864,True,0
parameter_mismatch_delta_0.520,parameter_mismatch,1,20,reference_aware,coverage_wait,coverage_wait,True,1.0,1.1,False,False,0.4,0.15,0.6,0.0,0.42,0.06,0.58,0.0,0.20114439581108778,0.0034405777355003605,0.004704282545919813,0.7476288702861072,0.9154346304442292,True,0
parameter_mismatch_delta_0.520,parameter_mismatch,1,20,inferred_failure_aware,coverage_wait,coverage_wait,True,1.0,1.1,False,False,0.4,0.15,0.6,0.0,0.42,0.06,0.58,0.0,0.20114439581108778,0.0034405777355003605,0.004704282545919813,0.7476288702861072,0.9154346304442292,True,0
parameter_mismatch_delta_0.520,parameter_mismatch,2,5,baseline,normal,coverage_wait,False,1.0,1.0,True,True,0.4,0.0,0.6,0.0,0.42,0.06,0.58,0.0,0.18669563827627847,0.004092110993472764,0.0008963979039758874,0.720733845079115,0.7766325141779603,True,0
parameter_mismatch_delta_0.520,parameter_mismatch,2,5,reference_aware,coverage_wait,coverage_wait,True,1.0,1.1,False,False,0.4,0.0,0.6,0.0,0.42,0.06,0.58,0.0,0.18862645119188653,0.004054729949698054,0.0009787924001849468,0.7204684634142252,0.7687100304829604,True,0
parameter_mismatch_delta_0.520,parameter_mismatch,2,5,inferred_failure_aware,coverage_wait,coverage_wait,True,1.0,1.1,False,False,0.4,0.0,0.6,0.0,0.42,0.06,0.58,0.0,0.18862645119188653,0.004054729949698054,0.0009787924001849468,0.7204684634142252,0.7687100304829604,True,0
parameter_mismatch_delta_0.520,parameter_mismatch,2,10,baseline,normal,coverage_wait,False,1.0,1.0,True,True,0.5,0.0,0.5,0.0,0.42,0.06,0.58,0.0,0.18669563827627847,0.004092110993472764,0.0008963979039758874,0.720733845079115,0.7766325141779603,True,0
parameter_mismatch_delta_0.520,parameter_mismatch,2,10,reference_aware,coverage_wait,coverage_wait,True,1.0,1.1,False,False,0.5,0.0,0.5,0.0,0.42,0.06,0.58,0.0,0.18862645119188653,0.004054729949698054,0.0009787924001849468,0.7204684634142252,0.7687100304829604,True,0
parameter_mismatch_delta_0.520,parameter_mismatch,2,10,inferred_failure_aware,coverage_wait,coverage_wait,True,1.0,1.1,False,False,0.5,0.0,0.5,0.0,0.42,0.06,0.58,0.0,0.18862645119188653,0.004054729949698054,0.0009787924001849468,0.7204684634142252,0.7687100304829604,True,0
parameter_mismatch_delta_0.520,parameter_mismatch,2,20,baseline,normal,coverage_wait,False,1.0,1.0,True,True,0.4,0.0,0.6,0.0,0.42,0.06,0.58,0.0,0.18669563827627847,0.004092110993472764,0.0008963979039758874,0.720733845079115,0.7766325141779603,True,0
parameter_mismatch_delta_0.520,parameter_mismatch,2,20,reference_aware,coverage_wait,coverage_wait,True,1.0,1.1,False,False,0.4,0.0,0.6,0.0,0.42,0.06,0.58,0.0,0.18862645119188653,0.004054729949698054,0.0009787924001849468,0.7204684634142252,0.7687100304829604,True,0
parameter_mismatch_delta_0.520,parameter_mismatch,2,20,inferred_failure_aware,coverage_wait,coverage_wait,True,1.0,1.1,False,False,0.4,0.0,0.6,0.0,0.42,0.06,0.58,0.0,0.18862645119188653,0.004054729949698054,0.0009787924001849468,0.7204684634142252,0.7687100304829604,True,0
parameter_mismatch_delta_0.520,parameter_mismatch,3,5,baseline,normal,coverage_wait,False,1.0,1.0,True,True,0.2,0.0,0.8,0.0,0.42,0.06,0.58,0.0,0.2691779119787034,0.004812592305635838,0.001263391734622643,0.7926726023423747,1.050424836612659,True,0
parameter_mismatch_delta_0.520,parameter_mismatch,3,5,reference_aware,coverage_wait,coverage_wait,True,1.0,1.1,False,False,0.2,0.0,0.8,0.0,0.42,0.06,0.58,0.0,0.2721859977413071,0.004786508693142935,0.00100896976977638,0.7926613462072092,1.0387609067956223,True,0
parameter_mismatch_delta_0.520,parameter_mismatch,3,5,inferred_failure_aware,coverage_wait,coverage_wait,True,1.0,1.1,False,False,0.2,0.0,0.8,0.0,0.42,0.06,0.58,0.0,0.2721859977413071,0.004786508693142935,0.00100896976977638,0.7926613462072092,1.0387609067956223,True,0
parameter_mismatch_delta_0.520,parameter_mismatch,3,10,baseline,normal,coverage_wait,False,1.0,1.0,True,True,0.3,0.0,0.7,0.0,0.42,0.06,0.58,0.0,0.2691779119787034,0.004812592305635838,0.001263391734622643,0.7926726023423747,1.050424836612659,True,0
parameter_mismatch_delta_0.520,parameter_mismatch,3,10,reference_aware,coverage_wait,coverage_wait,True,1.0,1.1,False,False,0.3,0.0,0.7,0.0,0.42,0.06,0.58,0.0,0.2721859977413071,0.004786508693142935,0.00100896976977638,0.7926613462072092,1.0387609067956223,True,0
parameter_mismatch_delta_0.520,parameter_mismatch,3,10,inferred_failure_aware,coverage_wait,coverage_wait,True,1.0,1.1,False,False,0.3,0.0,0.7,0.0,0.42,0.06,0.58,0.0,0.2721859977413071,0.004786508693142935,0.00100896976977638,0.7926613462072092,1.0387609067956223,True,0
parameter_mismatch_delta_0.520,parameter_mismatch,3,20,baseline,normal,coverage_wait,False,1.0,1.0,True,True,0.4,0.0,0.6,0.0,0.42,0.06,0.58,0.0,0.2691779119787034,0.004812592305635838,0.001263391734622643,0.7926726023423747,1.050424836612659,True,0
parameter_mismatch_delta_0.520,parameter_mismatch,3,20,reference_aware,coverage_wait,coverage_wait,True,1.0,1.1,False,False,0.4,0.0,0.6,0.0,0.42,0.06,0.58,0.0,0.2721859977413071,0.004786508693142935,0.00100896976977638,0.7926613462072092,1.0387609067956223,True,0
parameter_mismatch_delta_0.520,parameter_mismatch,3,20,inferred_failure_aware,coverage_wait,coverage_wait,True,1.0,1.1,False,False,0.4,0.0,0.6,0.0,0.42,0.06,0.58,0.0,0.2721859977413071,0.004786508693142935,0.00100896976977638,0.7926613462072092,1.0387609067956223,True,0
parameter_mismatch_delta_0.520,parameter_mismatch,4,5,baseline,normal,coverage_wait,False,1.0,1.0,True,True,0.4,0.0,0.6,0.0,0.42,0.06,0.58,0.0,0.30606007559080145,0.00608929526867683,0.004334654013848471,0.7149516359722522,0.9976364878239423,True,0
parameter_mismatch_delta_0.520,parameter_mismatch,4,5,reference_aware,coverage_wait,coverage_wait,True,1.0,1.1,False,False,0.4,0.0,0.6,0.0,0.42,0.06,0.58,0.0,0.3068017724442856,0.006052880438169178,0.00436460620241097,0.7136968239804685,0.9847050056035319,True,0
parameter_mismatch_delta_0.520,parameter_mismatch,4,5,inferred_failure_aware,coverage_wait,coverage_wait,True,1.0,1.1,False,False,0.4,0.0,0.6,0.0,0.42,0.06,0.58,0.0,0.3068017724442856,0.006052880438169178,0.00436460620241097,0.7136968239804685,0.9847050056035319,True,0
parameter_mismatch_delta_0.520,parameter_mismatch,4,10,baseline,normal,coverage_wait,False,1.0,1.0,True,True,0.3,0.0,0.7,0.0,0.42,0.06,0.58,0.0,0.30606007559080145,0.00608929526867683,0.004334654013848471,0.7149516359722522,0.9976364878239423,True,0
parameter_mismatch_delta_0.520,parameter_mismatch,4,10,reference_aware,coverage_wait,coverage_wait,True,1.0,1.1,False,False,0.3,0.0,0.7,0.0,0.42,0.06,0.58,0.0,0.3068017724442856,0.006052880438169178,0.00436460620241097,0.7136968239804685,0.9847050056035319,True,0
parameter_mismatch_delta_0.520,parameter_mismatch,4,10,inferred_failure_aware,coverage_wait,coverage_wait,True,1.0,1.1,False,False,0.3,0.0,0.7,0.0,0.42,0.06,0.58,0.0,0.3068017724442856,0.006052880438169178,0.00436460620241097,0.7136968239804685,0.9847050056035319,True,0
parameter_mismatch_delta_0.520,parameter_mismatch,4,20,baseline,normal,coverage_wait,False,1.0,1.0,True,True,0.35,0.0,0.65,0.0,0.42,0.06,0.58,0.0,0.30606007559080145,0.00608929526867683,0.004334654013848471,0.7149516359722522,0.9976364878239423,True,0
parameter_mismatch_delta_0.520,parameter_mismatch,4,20,reference_aware,coverage_wait,coverage_wait,True,1.0,1.1,False,False,0.35,0.0,0.65,0.0,0.42,0.06,0.58,0.0,0.3068017724442856,0.006052880438169178,0.00436460620241097,0.7136968239804685,0.9847050056035319,True,0
parameter_mismatch_delta_0.520,parameter_mismatch,4,20,inferred_failure_aware,coverage_wait,coverage_wait,True,1.0,1.1,False,False,0.35,0.0,0.65,0.0,0.42,0.06,0.58,0.0,0.3068017724442856,0.006052880438169178,0.00436460620241097,0.7136968239804685,0.9847050056035319,True,0
parameter_mismatch_delta_0.520,parameter_mismatch,5,5,baseline,normal,coverage_wait,False,1.0,1.0,True,True,0.8,0.0,0.2,0.0,0.42,0.06,0.58,0.0,0.2607376521862989,0.007270884288630349,0.0002537730602486521,0.7017279546203732,0.9954196714863268,True,0
parameter_mismatch_delta_0.520,parameter_mismatch,5,5,reference_aware,coverage_wait,coverage_wait,True,1.0,1.1,False,False,0.8,0.0,0.2,0.0,0.42,0.06,0.58,0.0,0.26049762848589214,0.007235416364138001,0.0005231377558089223,0.7012148204476248,0.9837464846928435,True,0
parameter_mismatch_delta_0.520,parameter_mismatch,5,5,inferred_failure_aware,coverage_wait,coverage_wait,True,1.0,1.1,False,False,0.8,0.0,0.2,0.0,0.42,0.06,0.58,0.0,0.26049762848589214,0.007235416364138001,0.0005231377558089223,0.7012148204476248,0.9837464846928435,True,0
parameter_mismatch_delta_0.520,parameter_mismatch,5,10,baseline,normal,coverage_wait,False,1.0,1.0,True,True,0.5,0.0,0.5,0.0,0.42,0.06,0.58,0.0,0.2607376521862989,0.007270884288630349,0.0002537730602486521,0.7017279546203732,0.9954196714863268,True,0
parameter_mismatch_delta_0.520,parameter_mismatch,5,10,reference_aware,coverage_wait,coverage_wait,True,1.0,1.1,False,False,0.5,0.0,0.5,0.0,0.42,0.06,0.58,0.0,0.26049762848589214,0.007235416364138001,0.0005231377558089223,0.7012148204476248,0.9837464846928435,True,0
parameter_mismatch_delta_0.520,parameter_mismatch,5,10,inferred_failure_aware,coverage_wait,coverage_wait,True,1.0,1.1,False,False,0.5,0.0,0.5,0.0,0.42,0.06,0.58,0.0,0.26049762848589214,0.007235416364138001,0.0005231377558089223,0.7012148204476248,0.9837464846928435,True,0
parameter_mismatch_delta_0.520,parameter_mismatch,5,20,baseline,normal,coverage_wait,False,1.0,1.0,True,True,0.5,0.0,0.5,0.0,0.42,0.06,0.58,0.0,0.2607376521862989,0.007270884288630349,0.0002537730602486521,0.7017279546203732,0.9954196714863268,True,0
parameter_mismatch_delta_0.520,parameter_mismatch,5,20,reference_aware,coverage_wait,coverage_wait,True,1.0,1.1,False,False,0.5,0.0,0.5,0.0,0.42,0.06,0.58,0.0,0.26049762848589214,0.007235416364138001,0.0005231377558089223,0.7012148204476248,0.9837464846928435,True,0
parameter_mismatch_delta_0.520,parameter_mismatch,5,20,inferred_failure_aware,coverage_wait,coverage_wait,True,1.0,1.1,False,False,0.5,0.0,0.5,0.0,0.42,0.06,0.58,0.0,0.26049762848589214,0.007235416364138001,0.0005231377558089223,0.7012148204476248,0.9837464846928435,True,0
parameter_mismatch_delta_0.520,parameter_mismatch,6,5,baseline,normal,coverage_wait,False,1.0,1.0,True,True,0.8,0.0,0.2,0.0,0.42,0.06,0.58,0.0,0.21153589897579594,0.00459764478903083,0.005572811918702514,0.6914003194407495,0.634734311997375,True,0
parameter_mismatch_delta_0.520,parameter_mismatch,6,5,reference_aware,coverage_wait,coverage_wait,True,1.0,1.1,False,False,0.8,0.0,0.2,0.0,0.42,0.06,0.58,0.0,0.21225967657574163,0.004569818861821121,0.005587356114631126,0.690946285643978,0.6279714724803914,True,0
parameter_mismatch_delta_0.520,parameter_mismatch,6,5,inferred_failure_aware,coverage_wait,coverage_wait,True,1.0,1.1,False,False,0.8,0.0,0.2,0.0,0.42,0.06,0.58,0.0,0.21225967657574163,0.004569818861821121,0.005587356114631126,0.690946285643978,0.6279714724803914,True,0
parameter_mismatch_delta_0.520,parameter_mismatch,6,10,baseline,normal,coverage_wait,False,1.0,1.0,True,True,0.4,0.0,0.6,0.0,0.42,0.06,0.58,0.0,0.21153589897579594,0.00459764478903083,0.005572811918702514,0.6914003194407495,0.634734311997375,True,0
parameter_mismatch_delta_0.520,parameter_mismatch,6,10,reference_aware,coverage_wait,coverage_wait,True,1.0,1.1,False,False,0.4,0.0,0.6,0.0,0.42,0.06,0.58,0.0,0.21225967657574163,0.004569818861821121,0.005587356114631126,0.690946285643978,0.6279714724803914,True,0
parameter_mismatch_delta_0.520,parameter_mismatch,6,10,inferred_failure_aware,coverage_wait,coverage_wait,True,1.0,1.1,False,False,0.4,0.0,0.6,0.0,0.42,0.06,0.58,0.0,0.21225967657574163,0.004569818861821121,0.005587356114631126,0.690946285643978,0.6279714724803914,True,0
parameter_mismatch_delta_0.520,parameter_mismatch,6,20,baseline,normal,coverage_wait,False,1.0,1.0,True,True,0.45,0.0,0.55,0.0,0.42,0.06,0.58,0.0,0.21153589897579594,0.00459764478903083,0.005572811918702514,0.6914003194407495,0.634734311997375,True,0
parameter_mismatch_delta_0.520,parameter_mismatch,6,20,reference_aware,coverage_wait,coverage_wait,True,1.0,1.1,False,False,0.45,0.0,0.55,0.0,0.42,0.06,0.58,0.0,0.21225967657574163,0.004569818861821121,0.005587356114631126,0.690946285643978,0.6279714724803914,True,0
parameter_mismatch_delta_0.520,parameter_mismatch,6,20,inferred_failure_aware,coverage_wait,coverage_wait,True,1.0,1.1,False,False,0.45,0.0,0.55,0.0,0.42,0.06,0.58,0.0,0.21225967657574163,0.004569818861821121,0.005587356114631126,0.690946285643978,0.6279714724803914,True,0
parameter_mismatch_delta_0.520,parameter_mismatch,7,5,baseline,normal,coverage_wait,False,1.0,1.0,True,True,0.0,0.2,1.0,0.0,0.42,0.06,0.58,0.0,0.20370745080803238,0.004811624543925002,0.0031063086170233234,0.7291753364849763,0.819846751322245,True,0
parameter_mismatch_delta_0.520,parameter_mismatch,7,5,reference_aware,coverage_wait,coverage_wait,True,1.0,1.1,False,False,0.0,0.2,1.0,0.0,0.42,0.06,0.58,0.0,0.20429167800071524,0.004790386034209699,0.003071194992846915,0.728663484141117,0.8133107335664165,True,0
parameter_mismatch_delta_0.520,parameter_mismatch,7,5,inferred_failure_aware,coverage_wait,coverage_wait,True,1.0,1.1,False,False,0.0,0.2,1.0,0.0,0.42,0.06,0.58,0.0,0.20429167800071524,0.004790386034209699,0.003071194992846915,0.728663484141117,0.8133107335664165,True,0
parameter_mismatch_delta_0.520,parameter_mismatch,7,10,baseline,normal,coverage_wait,False,1.0,1.0,True,True,0.3,0.1,0.7,0.0,0.42,0.06,0.58,0.0,0.20370745080803238,0.004811624543925002,0.0031063086170233234,0.7291753364849763,0.819846751322245,True,0
parameter_mismatch_delta_0.520,parameter_mismatch,7,10,reference_aware,coverage_wait,coverage_wait,True,1.0,1.1,False,False,0.3,0.1,0.7,0.0,0.42,0.06,0.58,0.0,0.20429167800071524,0.004790386034209699,0.003071194992846915,0.728663484141117,0.8133107335664165,True,0
parameter_mismatch_delta_0.520,parameter_mismatch,7,10,inferred_failure_aware,coverage_wait,coverage_wait,True,1.0,1.1,False,False,0.3,0.1,0.7,0.0,0.42,0.06,0.58,0.0,0.20429167800071524,0.004790386034209699,0.003071194992846915,0.728663484141117,0.8133107335664165,True,0
parameter_mismatch_delta_0.520,parameter_mismatch,7,20,baseline,normal,coverage_wait,False,1.0,1.0,True,True,0.4,0.05,0.6,0.0,0.42,0.06,0.58,0.0,0.20370745080803238,0.004811624543925002,0.0031063086170233234,0.7291753364849763,0.819846751322245,True,0
parameter_mismatch_delta_0.520,parameter_mismatch,7,20,reference_aware,coverage_wait,coverage_wait,True,1.0,1.1,False,False,0.4,0.05,0.6,0.0,0.42,0.06,0.58,0.0,0.20429167800071524,0.004790386034209699,0.003071194992846915,0.728663484141117,0.8133107335664165,True,0
parameter_mismatch_delta_0.520,parameter_mismatch,7,20,inferred_failure_aware,coverage_wait,coverage_wait,True,1.0,1.1,False,False,0.4,0.05,0.6,0.0,0.42,0.06,0.58,0.0,0.20429167800071524,0.004790386034209699,0.003071194992846915,0.728663484141117,0.8133107335664165,True,0
parameter_mismatch_delta_0.520,parameter_mismatch,8,5,baseline,normal,coverage_wait,False,1.0,1.0,True,True,0.4,0.0,0.6,0.0,0.42,0.06,0.58,0.0,0.22308024925014713,0.004493458728912674,0.003459043058542277,0.7157310856177864,0.7504906897690271,True,0
parameter_mismatch_delta_0.520,parameter_mismatch,8,5,reference_aware,coverage_wait,coverage_wait,True,1.0,1.1,False,False,0.4,0.0,0.6,0.0,0.42,0.06,0.58,0.0,0.22592410042863917,0.004445268219206716,0.0033003746116174737,0.7150581943683265,0.7402374483941909,True,0
parameter_mismatch_delta_0.520,parameter_mismatch,8,5,inferred_failure_aware,coverage_wait,coverage_wait,True,1.0,1.1,False,False,0.4,0.0,0.6,0.0,0.42,0.06,0.58,0.0,0.22592410042863917,0.004445268219206716,0.0033003746116174737,0.7150581943683265,0.7402374483941909,True,0
parameter_mismatch_delta_0.520,parameter_mismatch,8,10,baseline,normal,coverage_wait,False,1.0,1.0,True,True,0.4,0.1,0.6,0.0,0.42,0.06,0.58,0.0,0.22308024925014713,0.004493458728912674,0.003459043058542277,0.7157310856177864,0.7504906897690271,True,0
parameter_mismatch_delta_0.520,parameter_mismatch,8,10,reference_aware,coverage_wait,coverage_wait,True,1.0,1.1,False,False,0.4,0.1,0.6,0.0,0.42,0.06,0.58,0.0,0.22592410042863917,0.004445268219206716,0.0033003746116174737,0.7150581943683265,0.7402374483941909,True,0
parameter_mismatch_delta_0.520,parameter_mismatch,8,10,inferred_failure_aware,coverage_wait,coverage_wait,True,1.0,1.1,False,False,0.4,0.1,0.6,0.0,0.42,0.06,0.58,0.0,0.22592410042863917,0.004445268219206716,0.0033003746116174737,0.7150581943683265,0.7402374483941909,True,0
parameter_mismatch_delta_0.520,parameter_mismatch,8,20,baseline,normal,coverage_wait,False,1.0,1.0,True,True,0.35,0.1,0.65,0.0,0.42,0.06,0.58,0.0,0.22308024925014713,0.004493458728912674,0.003459043058542277,0.7157310856177864,0.7504906897690271,True,0
parameter_mismatch_delta_0.520,parameter_mismatch,8,20,reference_aware,coverage_wait,coverage_wait,True,1.0,1.1,False,False,0.35,0.1,0.65,0.0,0.42,0.06,0.58,0.0,0.22592410042863917,0.004445268219206716,0.0033003746116174737,0.7150581943683265,0.7402374483941909,True,0
parameter_mismatch_delta_0.520,parameter_mismatch,8,20,inferred_failure_aware,coverage_wait,coverage_wait,True,1.0,1.1,False,False,0.35,0.1,0.65,0.0,0.42,0.06,0.58,0.0,0.22592410042863917,0.004445268219206716,0.0033003746116174737,0.7150581943683265,0.7402374483941909,True,0
parameter_mismatch_delta_0.520,parameter_mismatch,9,5,baseline,normal,coverage_wait,False,1.0,1.0,True,True,0.4,0.0,0.6,0.0,0.42,0.06,0.58,0.0,0.19396371894846448,0.004335627965654881,0.0007379682009979183,0.6993864081206704,0.6558054365736723,True,0
parameter_mismatch_delta_0.520,parameter_mismatch,9,5,reference_aware,coverage_wait,coverage_wait,True,1.0,1.1,False,False,0.4,0.0,0.6,0.0,0.42,0.06,0.58,0.0,0.19404562432224257,0.004292988891538153,0.0007023048271662669,0.6982445195075743,0.6468344129819222,True,0
parameter_mismatch_delta_0.520,parameter_mismatch,9,5,inferred_failure_aware,coverage_wait,coverage_wait,True,1.0,1.1,False,False,0.4,0.0,0.6,0.0,0.42,0.06,0.58,0.0,0.19404562432224257,0.004292988891538153,0.0007023048271662669,0.6982445195075743,0.6468344129819222,True,0
parameter_mismatch_delta_0.520,parameter_mismatch,9,10,baseline,normal,coverage_wait,False,1.0,1.0,True,True,0.5,0.0,0.5,0.0,0.42,0.06,0.58,0.0,0.19396371894846448,0.004335627965654881,0.0007379682009979183,0.6993864081206704,0.6558054365736723,True,0
parameter_mismatch_delta_0.520,parameter_mismatch,9,10,reference_aware,coverage_wait,coverage_wait,True,1.0,1.1,False,False,0.5,0.0,0.5,0.0,0.42,0.06,0.58,0.0,0.19404562432224257,0.004292988891538153,0.0007023048271662669,0.6982445195075743,0.6468344129819222,True,0
parameter_mismatch_delta_0.520,parameter_mismatch,9,10,inferred_failure_aware,coverage_wait,coverage_wait,True,1.0,1.1,False,False,0.5,0.0,0.5,0.0,0.42,0.06,0.58,0.0,0.19404562432224257,0.004292988891538153,0.0007023048271662669,0.6982445195075743,0.6468344129819222,True,0
parameter_mismatch_delta_0.520,parameter_mismatch,9,20,baseline,normal,coverage_wait,False,1.0,1.0,True,True,0.45,0.05,0.55,0.0,0.42,0.06,0.58,0.0,0.19396371894846448,0.004335627965654881,0.0007379682009979183,0.6993864081206704,0.6558054365736723,True,0
parameter_mismatch_delta_0.520,parameter_mismatch,9,20,reference_aware,coverage_wait,coverage_wait,True,1.0,1.1,False,False,0.45,0.05,0.55,0.0,0.42,0.06,0.58,0.0,0.19404562432224257,0.004292988891538153,0.0007023048271662669,0.6982445195075743,0.6468344129819222,True,0
parameter_mismatch_delta_0.520,parameter_mismatch,9,20,inferred_failure_aware,coverage_wait,coverage_wait,True,1.0,1.1,False,False,0.45,0.05,0.55,0.0,0.42,0.06,0.58,0.0,0.19404562432224257,0.004292988891538153,0.0007023048271662669,0.6982445195075743,0.6468344129819222,True,0
parameter_mismatch_delta_0.520,parameter_mismatch,10,5,baseline,normal,coverage_wait,False,1.0,1.0,True,True,0.4,0.0,0.6,0.0,0.42,0.06,0.58,0.0,0.20675431383769452,0.004826131958294833,0.0007661525790844115,0.7308853842644218,1.0048950395023797,True,0
parameter_mismatch_delta_0.520,parameter_mismatch,10,5,reference_aware,coverage_wait,coverage_wait,True,1.0,1.1,False,False,0.4,0.0,0.6,0.0,0.42,0.06,0.58,0.0,0.20780528391793135,0.004815127923711875,0.0007512701745563399,0.7304335933845352,0.9980687577461053,True,0
parameter_mismatch_delta_0.520,parameter_mismatch,10,5,inferred_failure_aware,coverage_wait,coverage_wait,True,1.0,1.1,False,False,0.4,0.0,0.6,0.0,0.42,0.06,0.58,0.0,0.20780528391793135,0.004815127923711875,0.0007512701745563399,0.7304335933845352,0.9980687577461053,True,0
parameter_mismatch_delta_0.520,parameter_mismatch,10,10,baseline,normal,coverage_wait,False,1.0,1.0,True,True,0.4,0.0,0.6,0.0,0.42,0.06,0.58,0.0,0.20675431383769452,0.004826131958294833,0.0007661525790844115,0.7308853842644218,1.0048950395023797,True,0
parameter_mismatch_delta_0.520,parameter_mismatch,10,10,reference_aware,coverage_wait,coverage_wait,True,1.0,1.1,False,False,0.4,0.0,0.6,0.0,0.42,0.06,0.58,0.0,0.20780528391793135,0.004815127923711875,0.0007512701745563399,0.7304335933845352,0.9980687577461053,True,0
parameter_mismatch_delta_0.520,parameter_mismatch,10,10,inferred_failure_aware,coverage_wait,coverage_wait,True,1.0,1.1,False,False,0.4,0.0,0.6,0.0,0.42,0.06,0.58,0.0,0.20780528391793135,0.004815127923711875,0.0007512701745563399,0.7304335933845352,0.9980687577461053,True,0
parameter_mismatch_delta_0.520,parameter_mismatch,10,20,baseline,normal,coverage_wait,False,1.0,1.0,True,True,0.4,0.05,0.6,0.0,0.42,0.06,0.58,0.0,0.20675431383769452,0.004826131958294833,0.0007661525790844115,0.7308853842644218,1.0048950395023797,True,0
parameter_mismatch_delta_0.520,parameter_mismatch,10,20,reference_aware,coverage_wait,coverage_wait,True,1.0,1.1,False,False,0.4,0.05,0.6,0.0,0.42,0.06,0.58,0.0,0.20780528391793135,0.004815127923711875,0.0007512701745563399,0.7304335933845352,0.9980687577461053,True,0
parameter_mismatch_delta_0.520,parameter_mismatch,10,20,inferred_failure_aware,coverage_wait,coverage_wait,True,1.0,1.1,False,False,0.4,0.05,0.6,0.0,0.42,0.06,0.58,0.0,0.20780528391793135,0.004815127923711875,0.0007512701745563399,0.7304335933845352,0.9980687577461053,True,0
parameter_mismatch_delta_0.520,parameter_mismatch,11,5,baseline,normal,coverage_wait,False,1.0,1.0,True,True,0.2,0.2,0.8,0.0,0.42,0.06,0.58,0.0,0.25183459894482946,0.005591030212378539,0.004447756931985736,0.7449261436097174,0.9693985795103623,True,0
parameter_mismatch_delta_0.520,parameter_mismatch,11,5,reference_aware,coverage_wait,coverage_wait,True,1.0,1.1,False,False,0.2,0.2,0.8,0.0,0.42,0.06,0.58,0.0,0.2535866784239685,0.0055633967136160135,0.004280782340790323,0.7440380217725105,0.95805357496592,True,0
parameter_mismatch_delta_0.520,parameter_mismatch,11,5,inferred_failure_aware,coverage_wait,coverage_wait,True,1.0,1.1,False,False,0.2,0.2,0.8,0.0,0.42,0.06,0.58,0.0,0.2535866784239685,0.0055633967136160135,0.004280782340790323,0.7440380217725105,0.95805357496592,True,0
parameter_mismatch_delta_0.520,parameter_mismatch,11,10,baseline,normal,coverage_wait,False,1.0,1.0,True,True,0.4,0.1,0.6,0.0,0.42,0.06,0.58,0.0,0.25183459894482946,0.005591030212378539,0.004447756931985736,0.7449261436097174,0.9693985795103623,True,0
parameter_mismatch_delta_0.520,parameter_mismatch,11,10,reference_aware,coverage_wait,coverage_wait,True,1.0,1.1,False,False,0.4,0.1,0.6,0.0,0.42,0.06,0.58,0.0,0.2535866784239685,0.0055633967136160135,0.004280782340790323,0.7440380217725105,0.95805357496592,True,0
parameter_mismatch_delta_0.520,parameter_mismatch,11,10,inferred_failure_aware,coverage_wait,coverage_wait,True,1.0,1.1,False,False,0.4,0.1,0.6,0.0,0.42,0.06,0.58,0.0,0.2535866784239685,0.0055633967136160135,0.004280782340790323,0.7440380217725105,0.95805357496592,True,0
parameter_mismatch_delta_0.520,parameter_mismatch,11,20,baseline,normal,coverage_wait,False,1.0,1.0,True,True,0.45,0.1,0.55,0.0,0.42,0.06,0.58,0.0,0.25183459894482946,0.005591030212378539,0.004447756931985736,0.7449261436097174,0.9693985795103623,True,0
parameter_mismatch_delta_0.520,parameter_mismatch,11,20,reference_aware,coverage_wait,coverage_wait,True,1.0,1.1,False,False,0.45,0.1,0.55,0.0,0.42,0.06,0.58,0.0,0.2535866784239685,0.0055633967136160135,0.004280782340790323,0.7440380217725105,0.95805357496592,True,0
parameter_mismatch_delta_0.520,parameter_mismatch,11,20,inferred_failure_aware,coverage_wait,coverage_wait,True,1.0,1.1,False,False,0.45,0.1,0.55,0.0,0.42,0.06,0.58,0.0,0.2535866784239685,0.0055633967136160135,0.004280782340790323,0.7440380217725105,0.95805357496592,True,0
parameter_mismatch_delta_0.520,parameter_mismatch,12,5,baseline,normal,coverage_wait,False,1.0,1.0,True,True,0.6,0.0,0.4,0.0,0.42,0.06,0.58,0.0,0.22542126539514432,0.004378161942737379,0.0013133165361303156,0.7372233900402341,0.8731290842693349,True,0
parameter_mismatch_delta_0.520,parameter_mismatch,12,5,reference_aware,coverage_wait,coverage_wait,True,1.0,1.1,False,False,0.6,0.0,0.4,0.0,0.42,0.06,0.58,0.0,0.22756847905069078,0.004331752320629813,0.0014548353785237556,0.736609817928769,0.8649626691183041,True,0
parameter_mismatch_delta_0.520,parameter_mismatch,12,5,inferred_failure_aware,coverage_wait,coverage_wait,True,1.0,1.1,False,False,0.6,0.0,0.4,0.0,0.42,0.06,0.58,0.0,0.22756847905069078,0.004331752320629813,0.0014548353785237556,0.736609817928769,0.8649626691183041,True,0
parameter_mismatch_delta_0.520,parameter_mismatch,12,10,baseline,normal,coverage_wait,False,1.0,1.0,True,True,0.5,0.0,0.5,0.0,0.42,0.06,0.58,0.0,0.22542126539514432,0.004378161942737379,0.0013133165361303156,0.7372233900402341,0.8731290842693349,True,0
parameter_mismatch_delta_0.520,parameter_mismatch,12,10,reference_aware,coverage_wait,coverage_wait,True,1.0,1.1,False,False,0.5,0.0,0.5,0.0,0.42,0.06,0.58,0.0,0.22756847905069078,0.004331752320629813,0.0014548353785237556,0.736609817928769,0.8649626691183041,True,0
parameter_mismatch_delta_0.520,parameter_mismatch,12,10,inferred_failure_aware,coverage_wait,coverage_wait,True,1.0,1.1,False,False,0.5,0.0,0.5,0.0,0.42,0.06,0.58,0.0,0.22756847905069078,0.004331752320629813,0.0014548353785237556,0.736609817928769,0.8649626691183041,True,0
parameter_mismatch_delta_0.520,parameter_mismatch,12,20,baseline,normal,coverage_wait,False,1.0,1.0,True,True,0.45,0.05,0.55,0.0,0.42,0.06,0.58,0.0,0.22542126539514432,0.004378161942737379,0.0013133165361303156,0.7372233900402341,0.8731290842693349,True,0
parameter_mismatch_delta_0.520,parameter_mismatch,12,20,reference_aware,coverage_wait,coverage_wait,True,1.0,1.1,False,False,0.45,0.05,0.55,0.0,0.42,0.06,0.58,0.0,0.22756847905069078,0.004331752320629813,0.0014548353785237556,0.736609817928769,0.8649626691183041,True,0
parameter_mismatch_delta_0.520,parameter_mismatch,12,20,inferred_failure_aware,coverage_wait,coverage_wait,True,1.0,1.1,False,False,0.45,0.05,0.55,0.0,0.42,0.06,0.58,0.0,0.22756847905069078,0.004331752320629813,0.0014548353785237556,0.736609817928769,0.8649626691183041,True,0
parameter_mismatch_delta_0.520,parameter_mismatch,13,5,baseline,normal,coverage_wait,False,1.0,1.0,True,True,0.8,0.0,0.2,0.0,0.42,0.06,0.58,0.0,0.1568792705276341,0.0038836758644849242,0.004644292504094261,0.7384517069063322,0.8390332433749542,True,0
parameter_mismatch_delta_0.520,parameter_mismatch,13,5,reference_aware,coverage_wait,coverage_wait,True,1.0,1.1,False,False,0.8,0.0,0.2,0.0,0.42,0.06,0.58,0.0,0.1596524342636638,0.0038659394017631936,0.004698248420596629,0.738206551439561,0.8328356885933311,True,0
parameter_mismatch_delta_0.520,parameter_mismatch,13,5,inferred_failure_aware,coverage_wait,coverage_wait,True,1.0,1.1,False,False,0.8,0.0,0.2,0.0,0.42,0.06,0.58,0.0,0.1596524342636638,0.0038659394017631936,0.004698248420596629,0.738206551439561,0.8328356885933311,True,0
parameter_mismatch_delta_0.520,parameter_mismatch,13,10,baseline,normal,coverage_wait,False,1.0,1.0,True,True,0.5,0.1,0.5,0.0,0.42,0.06,0.58,0.0,0.1568792705276341,0.0038836758644849242,0.004644292504094261,0.7384517069063322,0.8390332433749542,True,0
parameter_mismatch_delta_0.520,parameter_mismatch,13,10,reference_aware,coverage_wait,coverage_wait,True,1.0,1.1,False,False,0.5,0.1,0.5,0.0,0.42,0.06,0.58,0.0,0.1596524342636638,0.0038659394017631936,0.004698248420596629,0.738206551439561,0.8328356885933311,True,0
parameter_mismatch_delta_0.520,parameter_mismatch,13,10,inferred_failure_aware,coverage_wait,coverage_wait,True,1.0,1.1,False,False,0.5,0.1,0.5,0.0,0.42,0.06,0.58,0.0,0.1596524342636638,0.0038659394017631936,0.004698248420596629,0.738206551439561,0.8328356885933311,True,0
parameter_mismatch_delta_0.520,parameter_mismatch,13,20,baseline,normal,coverage_wait,False,1.0,1.0,True,True,0.3,0.05,0.7,0.0,0.42,0.06,0.58,0.0,0.1568792705276341,0.0038836758644849242,0.004644292504094261,0.7384517069063322,0.8390332433749542,True,0
parameter_mismatch_delta_0.520,parameter_mismatch,13,20,reference_aware,coverage_wait,coverage_wait,True,1.0,1.1,False,False,0.3,0.05,0.7,0.0,0.42,0.06,0.58,0.0,0.1596524342636638,0.0038659394017631936,0.004698248420596629,0.738206551439561,0.8328356885933311,True,0
parameter_mismatch_delta_0.520,parameter_mismatch,13,20,inferred_failure_aware,coverage_wait,coverage_wait,True,1.0,1.1,False,False,0.3,0.05,0.7,0.0,0.42,0.06,0.58,0.0,0.1596524342636638,0.0038659394017631936,0.004698248420596629,0.738206551439561,0.8328356885933311,True,0
parameter_mismatch_delta_0.520,parameter_mismatch,14,5,baseline,normal,coverage_wait,False,1.0,1.0,True,True,0.6,0.0,0.4,0.0,0.42,0.06,0.58,0.0,0.27102476793619973,0.005050818711789737,0.0010004667210601337,0.7434868879079218,1.0517513250030797,True,0
parameter_mismatch_delta_0.520,parameter_mismatch,14,5,reference_aware,coverage_wait,coverage_wait,True,1.0,1.1,False,False,0.6,0.0,0.4,0.0,0.42,0.06,0.58,0.0,0.2747417349438849,0.005038480148814633,0.0009375050270472585,0.7429030875355606,1.0400016404904353,True,0
parameter_mismatch_delta_0.520,parameter_mismatch,14,5,inferred_failure_aware,coverage_wait,coverage_wait,True,1.0,1.1,False,False,0.6,0.0,0.4,0.0,0.42,0.06,0.58,0.0,0.2747417349438849,0.005038480148814633,0.0009375050270472585,0.7429030875355606,1.0400016404904353,True,0
parameter_mismatch_delta_0.520,parameter_mismatch,14,10,baseline,normal,coverage_wait,False,1.0,1.0,True,True,0.5,0.0,0.5,0.0,0.42,0.06,0.58,0.0,0.27102476793619973,0.005050818711789737,0.0010004667210601337,0.7434868879079218,1.0517513250030797,True,0
parameter_mismatch_delta_0.520,parameter_mismatch,14,10,reference_aware,coverage_wait,coverage_wait,True,1.0,1.1,False,False,0.5,0.0,0.5,0.0,0.42,0.06,0.58,0.0,0.2747417349438849,0.005038480148814633,0.0009375050270472585,0.7429030875355606,1.0400016404904353,True,0
parameter_mismatch_delta_0.520,parameter_mismatch,14,10,inferred_failure_aware,coverage_wait,coverage_wait,True,1.0,1.1,False,False,0.5,0.0,0.5,0.0,0.42,0.06,0.58,0.0,0.2747417349438849,0.005038480148814633,0.0009375050270472585,0.7429030875355606,1.0400016404904353,True,0
parameter_mismatch_delta_0.520,parameter_mismatch,14,20,baseline,normal,coverage_wait,False,1.0,1.0,True,True,0.35,0.05,0.65,0.0,0.42,0.06,0.58,0.0,0.27102476793619973,0.005050818711789737,0.0010004667210601337,0.7434868879079218,1.0517513250030797,True,0
parameter_mismatch_delta_0.520,parameter_mismatch,14,20,reference_aware,coverage_wait,coverage_wait,True,1.0,1.1,False,False,0.35,0.05,0.65,0.0,0.42,0.06,0.58,0.0,0.2747417349438849,0.005038480148814633,0.0009375050270472585,0.7429030875355606,1.0400016404904353,True,0
parameter_mismatch_delta_0.520,parameter_mismatch,14,20,inferred_failure_aware,coverage_wait,coverage_wait,True,1.0,1.1,False,False,0.35,0.05,0.65,0.0,0.42,0.06,0.58,0.0,0.2747417349438849,0.005038480148814633,0.0009375050270472585,0.7429030875355606,1.0400016404904353,True,0
parameter_mismatch_delta_0.520,parameter_mismatch,15,5,baseline,normal,coverage_wait,False,1.0,1.0,True,True,0.6,0.0,0.4,0.0,0.42,0.06,0.58,0.0,0.31737532160798404,0.005398271465420192,0.0033908224051688585,0.6984432322352552,0.6953433936879447,True,0
parameter_mismatch_delta_0.520,parameter_mismatch,15,5,reference_aware,coverage_wait,coverage_wait,True,1.0,1.1,False,False,0.6,0.0,0.4,0.0,0.42,0.06,0.58,0.0,0.3176660101890602,0.005353067886337076,0.0034916645081430886,0.6975226369423776,0.6868414914696934,True,0
parameter_mismatch_delta_0.520,parameter_mismatch,15,5,inferred_failure_aware,coverage_wait,coverage_wait,True,1.0,1.1,False,False,0.6,0.0,0.4,0.0,0.42,0.06,0.58,0.0,0.3176660101890602,0.005353067886337076,0.0034916645081430886,0.6975226369423776,0.6868414914696934,True,0
parameter_mismatch_delta_0.520,parameter_mismatch,15,10,baseline,normal,coverage_wait,False,1.0,1.0,True,True,0.5,0.0,0.5,0.0,0.42,0.06,0.58,0.0,0.31737532160798404,0.005398271465420192,0.0033908224051688585,0.6984432322352552,0.6953433936879447,True,0
parameter_mismatch_delta_0.520,parameter_mismatch,15,10,reference_aware,coverage_wait,coverage_wait,True,1.0,1.1,False,False,0.5,0.0,0.5,0.0,0.42,0.06,0.58,0.0,0.3176660101890602,0.005353067886337076,0.0034916645081430886,0.6975226369423776,0.6868414914696934,True,0
parameter_mismatch_delta_0.520,parameter_mismatch,15,10,inferred_failure_aware,coverage_wait,coverage_wait,True,1.0,1.1,False,False,0.5,0.0,0.5,0.0,0.42,0.06,0.58,0.0,0.3176660101890602,0.005353067886337076,0.0034916645081430886,0.6975226369423776,0.6868414914696934,True,0
parameter_mismatch_delta_0.520,parameter_mismatch,15,20,baseline,normal,coverage_wait,False,1.0,1.0,True,True,0.35,0.05,0.65,0.0,0.42,0.06,0.58,0.0,0.31737532160798404,0.005398271465420192,0.0033908224051688585,0.6984432322352552,0.6953433936879447,True,0
parameter_mismatch_delta_0.520,parameter_mismatch,15,20,reference_aware,coverage_wait,coverage_wait,True,1.0,1.1,False,False,0.35,0.05,0.65,0.0,0.42,0.06,0.58,0.0,0.3176660101890602,0.005353067886337076,0.0034916645081430886,0.6975226369423776,0.6868414914696934,True,0
parameter_mismatch_delta_0.520,parameter_mismatch,15,20,inferred_failure_aware,coverage_wait,coverage_wait,True,1.0,1.1,False,False,0.35,0.05,0.65,0.0,0.42,0.06,0.58,0.0,0.3176660101890602,0.005353067886337076,0.0034916645081430886,0.6975226369423776,0.6868414914696934,True,0
parameter_mismatch_delta_0.520,parameter_mismatch,16,5,baseline,normal,coverage_wait,False,1.0,1.0,True,True,0.6,0.0,0.4,0.0,0.42,0.06,0.58,0.0,0.25667836315863823,0.004817767302525225,0.0013158143961246038,0.7819502479569442,1.143291687983428,True,0
parameter_mismatch_delta_0.520,parameter_mismatch,16,5,reference_aware,coverage_wait,coverage_wait,True,1.0,1.1,False,False,0.6,0.0,0.4,0.0,0.42,0.06,0.58,0.0,0.2600909048617201,0.004808582127586477,0.0013676793028772893,0.7818384465008434,1.1320610730133334,True,0
parameter_mismatch_delta_0.520,parameter_mismatch,16,5,inferred_failure_aware,coverage_wait,coverage_wait,True,1.0,1.1,False,False,0.6,0.0,0.4,0.0,0.42,0.06,0.58,0.0,0.2600909048617201,0.004808582127586477,0.0013676793028772893,0.7818384465008434,1.1320610730133334,True,0
parameter_mismatch_delta_0.520,parameter_mismatch,16,10,baseline,normal,coverage_wait,False,1.0,1.0,True,True,0.4,0.0,0.6,0.0,0.42,0.06,0.58,0.0,0.25667836315863823,0.004817767302525225,0.0013158143961246038,0.7819502479569442,1.143291687983428,True,0
parameter_mismatch_delta_0.520,parameter_mismatch,16,10,reference_aware,coverage_wait,coverage_wait,True,1.0,1.1,False,False,0.4,0.0,0.6,0.0,0.42,0.06,0.58,0.0,0.2600909048617201,0.004808582127586477,0.0013676793028772893,0.7818384465008434,1.1320610730133334,True,0
parameter_mismatch_delta_0.520,parameter_mismatch,16,10,inferred_failure_aware,coverage_wait,coverage_wait,True,1.0,1.1,False,False,0.4,0.0,0.6,0.0,0.42,0.06,0.58,0.0,0.2600909048617201,0.004808582127586477,0.0013676793028772893,0.7818384465008434,1.1320610730133334,True,0
parameter_mismatch_delta_0.520,parameter_mismatch,16,20,baseline,normal,coverage_wait,False,1.0,1.0,True,True,0.35,0.1,0.65,0.0,0.42,0.06,0.58,0.0,0.25667836315863823,0.004817767302525225,0.0013158143961246038,0.7819502479569442,1.143291687983428,True,0
parameter_mismatch_delta_0.520,parameter_mismatch,16,20,reference_aware,coverage_wait,coverage_wait,True,1.0,1.1,False,False,0.35,0.1,0.65,0.0,0.42,0.06,0.58,0.0,0.2600909048617201,0.004808582127586477,0.0013676793028772893,0.7818384465008434,1.1320610730133334,True,0
parameter_mismatch_delta_0.520,parameter_mismatch,16,20,inferred_failure_aware,coverage_wait,coverage_wait,True,1.0,1.1,False,False,0.35,0.1,0.65,0.0,0.42,0.06,0.58,0.0,0.2600909048617201,0.004808582127586477,0.0013676793028772893,0.7818384465008434,1.1320610730133334,True,0
parameter_mismatch_delta_0.520,parameter_mismatch,17,5,baseline,normal,coverage_wait,False,1.0,1.0,True,True,0.8,0.0,0.2,0.0,0.42,0.06,0.58,0.0,0.23005247903447254,0.004261621192633413,0.00105400231552788,0.7237728212485789,0.9920164656520568,True,0
parameter_mismatch_delta_0.520,parameter_mismatch,17,5,reference_aware,coverage_wait,coverage_wait,True,1.0,1.1,False,False,0.8,0.0,0.2,0.0,0.42,0.06,0.58,0.0,0.2322497768483356,0.004274509861512438,0.0008422050157805838,0.7235454748020929,0.9857055040098973,True,0
parameter_mismatch_delta_0.520,parameter_mismatch,17,5,inferred_failure_aware,coverage_wait,coverage_wait,True,1.0,1.1,False,False,0.8,0.0,0.2,0.0,0.42,0.06,0.58,0.0,0.2322497768483356,0.004274509861512438,0.0008422050157805838,0.7235454748020929,0.9857055040098973,True,0
parameter_mismatch_delta_0.520,parameter_mismatch,17,10,baseline,normal,coverage_wait,False,1.0,1.0,True,True,0.6,0.0,0.4,0.0,0.42,0.06,0.58,0.0,0.23005247903447254,0.004261621192633413,0.00105400231552788,0.7237728212485789,0.9920164656520568,True,0
parameter_mismatch_delta_0.520,parameter_mismatch,17,10,reference_aware,coverage_wait,coverage_wait,True,1.0,1.1,False,False,0.6,0.0,0.4,0.0,0.42,0.06,0.58,0.0,0.2322497768483356,0.004274509861512438,0.0008422050157805838,0.7235454748020929,0.9857055040098973,True,0
parameter_mismatch_delta_0.520,parameter_mismatch,17,10,inferred_failure_aware,coverage_wait,coverage_wait,True,1.0,1.1,False,False,0.6,0.0,0.4,0.0,0.42,0.06,0.58,0.0,0.2322497768483356,0.004274509861512438,0.0008422050157805838,0.7235454748020929,0.9857055040098973,True,0
parameter_mismatch_delta_0.520,parameter_mismatch,17,20,baseline,normal,coverage_wait,False,1.0,1.0,True,True,0.5,0.05,0.5,0.0,0.42,0.06,0.58,0.0,0.23005247903447254,0.004261621192633413,0.00105400231552788,0.7237728212485789,0.9920164656520568,True,0
parameter_mismatch_delta_0.520,parameter_mismatch,17,20,reference_aware,coverage_wait,coverage_wait,True,1.0,1.1,False,False,0.5,0.05,0.5,0.0,0.42,0.06,0.58,0.0,0.2322497768483356,0.004274509861512438,0.0008422050157805838,0.7235454748020929,0.9857055040098973,True,0
parameter_mismatch_delta_0.520,parameter_mismatch,17,20,inferred_failure_aware,coverage_wait,coverage_wait,True,1.0,1.1,False,False,0.5,0.05,0.5,0.0,0.42,0.06,0.58,0.0,0.2322497768483356,0.004274509861512438,0.0008422050157805838,0.7235454748020929,0.9857055040098973,True,0
parameter_mismatch_delta_0.520,parameter_mismatch,18,5,baseline,normal,coverage_wait,False,1.0,1.0,True,True,0.8,0.0,0.2,0.0,0.42,0.06,0.58,0.0,0.22377282102959148,0.005326281748073471,0.007739386663029091,0.7357323450521202,1.0681119442921903,True,0
parameter_mismatch_delta_0.520,parameter_mismatch,18,5,reference_aware,coverage_wait,coverage_wait,True,1.0,1.1,False,False,0.8,0.0,0.2,0.0,0.42,0.06,0.58,0.0,0.22430534274625863,0.005326458853403151,0.007702197829293156,0.735246511659723,1.0605548979878239,True,0
parameter_mismatch_delta_0.520,parameter_mismatch,18,5,inferred_failure_aware,coverage_wait,coverage_wait,True,1.0,1.1,False,False,0.8,0.0,0.2,0.0,0.42,0.06,0.58,0.0,0.22430534274625863,0.005326458853403151,0.007702197829293156,0.735246511659723,1.0605548979878239,True,0
parameter_mismatch_delta_0.520,parameter_mismatch,18,10,baseline,normal,coverage_wait,False,1.0,1.0,True,True,0.6,0.0,0.4,0.0,0.42,0.06,0.58,0.0,0.22377282102959148,0.005326281748073471,0.007739386663029091,0.7357323450521202,1.0681119442921903,True,0
parameter_mismatch_delta_0.520,parameter_mismatch,18,10,reference_aware,coverage_wait,coverage_wait,True,1.0,1.1,False,False,0.6,0.0,0.4,0.0,0.42,0.06,0.58,0.0,0.22430534274625863,0.005326458853403151,0.007702197829293156,0.735246511659723,1.0605548979878239,True,0
parameter_mismatch_delta_0.520,parameter_mismatch,18,10,inferred_failure_aware,coverage_wait,coverage_wait,True,1.0,1.1,False,False,0.6,0.0,0.4,0.0,0.42,0.06,0.58,0.0,0.22430534274625863,0.005326458853403151,0.007702197829293156,0.735246511659723,1.0605548979878239,True,0
parameter_mismatch_delta_0.520,parameter_mismatch,18,20,baseline,normal,coverage_wait,False,1.0,1.0,True,True,0.45,0.05,0.55,0.0,0.42,0.06,0.58,0.0,0.22377282102959148,0.005326281748073471,0.007739386663029091,0.7357323450521202,1.0681119442921903,True,0
parameter_mismatch_delta_0.520,parameter_mismatch,18,20,reference_aware,coverage_wait,coverage_wait,True,1.0,1.1,False,False,0.45,0.05,0.55,0.0,0.42,0.06,0.58,0.0,0.22430534274625863,0.005326458853403151,0.007702197829293156,0.735246511659723,1.0605548979878239,True,0
parameter_mismatch_delta_0.520,parameter_mismatch,18,20,inferred_failure_aware,coverage_wait,coverage_wait,True,1.0,1.1,False,False,0.45,0.05,0.55,0.0,0.42,0.06,0.58,0.0,0.22430534274625863,0.005326458853403151,0.007702197829293156,0.735246511659723,1.0605548979878239,True,0
parameter_mismatch_delta_0.520,parameter_mismatch,19,5,baseline,normal,coverage_wait,False,1.0,1.0,True,True,0.4,0.0,0.6,0.0,0.42,0.06,0.58,0.0,0.2566279647192505,0.004364478155448922,0.0010702377558130527,0.7054760699161355,0.6415904771277757,True,0
parameter_mismatch_delta_0.520,parameter_mismatch,19,5,reference_aware,coverage_wait,coverage_wait,True,1.0,1.1,False,False,0.4,0.0,0.6,0.0,0.42,0.06,0.58,0.0,0.2587241284486721,0.00434591237442879,0.001043209033306458,0.7052810099681791,0.6316511071946462,True,0
parameter_mismatch_delta_0.520,parameter_mismatch,19,5,inferred_failure_aware,coverage_wait,coverage_wait,True,1.0,1.1,False,False,0.4,0.0,0.6,0.0,0.42,0.06,0.58,0.0,0.2587241284486721,0.00434591237442879,0.001043209033306458,0.7052810099681791,0.6316511071946462,True,0
parameter_mismatch_delta_0.520,parameter_mismatch,19,10,baseline,normal,coverage_wait,False,1.0,1.0,True,True,0.6,0.0,0.4,0.0,0.42,0.06,0.58,0.0,0.2566279647192505,0.004364478155448922,0.0010702377558130527,0.7054760699161355,0.6415904771277757,True,0
parameter_mismatch_delta_0.520,parameter_mismatch,19,10,reference_aware,coverage_wait,coverage_wait,True,1.0,1.1,False,False,0.6,0.0,0.4,0.0,0.42,0.06,0.58,0.0,0.2587241284486721,0.00434591237442879,0.001043209033306458,0.7052810099681791,0.6316511071946462,True,0
parameter_mismatch_delta_0.520,parameter_mismatch,19,10,inferred_failure_aware,coverage_wait,coverage_wait,True,1.0,1.1,False,False,0.6,0.0,0.4,0.0,0.42,0.06,0.58,0.0,0.2587241284486721,0.00434591237442879,0.001043209033306458,0.7052810099681791,0.6316511071946462,True,0
parameter_mismatch_delta_0.520,parameter_mismatch,19,20,baseline,normal,coverage_wait,False,1.0,1.0,True,True,0.5,0.0,0.5,0.0,0.42,0.06,0.58,0.0,0.2566279647192505,0.004364478155448922,0.0010702377558130527,0.7054760699161355,0.6415904771277757,True,0
parameter_mismatch_delta_0.520,parameter_mismatch,19,20,reference_aware,coverage_wait,coverage_wait,True,1.0,1.1,False,False,0.5,0.0,0.5,0.0,0.42,0.06,0.58,0.0,0.2587241284486721,0.00434591237442879,0.001043209033306458,0.7052810099681791,0.6316511071946462,True,0
parameter_mismatch_delta_0.520,parameter_mismatch,19,20,inferred_failure_aware,coverage_wait,coverage_wait,True,1.0,1.1,False,False,0.5,0.0,0.5,0.0,0.42,0.06,0.58,0.0,0.2587241284486721,0.00434591237442879,0.001043209033306458,0.7052810099681791,0.6316511071946462,True,0
parameter_mismatch_delta_0.520,parameter_mismatch,20,5,baseline,normal,coverage_wait,False,1.0,1.0,True,True,0.4,0.2,0.6,0.0,0.42,0.06,0.58,0.0,0.2205749805200211,0.004561926502568091,0.003605844391088686,0.7570872599207207,0.9919512846829929,True,0
parameter_mismatch_delta_0.520,parameter_mismatch,20,5,reference_aware,coverage_wait,coverage_wait,True,1.0,1.1,False,False,0.4,0.2,0.6,0.0,0.42,0.06,0.58,0.0,0.2250440324614659,0.004545604842565443,0.003572439235284386,0.7569236980230987,0.9808971689196929,True,0
parameter_mismatch_delta_0.520,parameter_mismatch,20,5,inferred_failure_aware,coverage_wait,coverage_wait,True,1.0,1.1,False,False,0.4,0.2,0.6,0.0,0.42,0.06,0.58,0.0,0.2250440324614659,0.004545604842565443,0.003572439235284386,0.7569236980230987,0.9808971689196929,True,0
parameter_mismatch_delta_0.520,parameter_mismatch,20,10,baseline,normal,coverage_wait,False,1.0,1.0,True,True,0.3,0.1,0.7,0.0,0.42,0.06,0.58,0.0,0.2205749805200211,0.004561926502568091,0.003605844391088686,0.7570872599207207,0.9919512846829929,True,0
parameter_mismatch_delta_0.520,parameter_mismatch,20,10,reference_aware,coverage_wait,coverage_wait,True,1.0,1.1,False,False,0.3,0.1,0.7,0.0,0.42,0.06,0.58,0.0,0.2250440324614659,0.004545604842565443,0.003572439235284386,0.7569236980230987,0.9808971689196929,True,0
parameter_mismatch_delta_0.520,parameter_mismatch,20,10,inferred_failure_aware,coverage_wait,coverage_wait,True,1.0,1.1,False,False,0.3,0.1,0.7,0.0,0.42,0.06,0.58,0.0,0.2250440324614659,0.004545604842565443,0.003572439235284386,0.7569236980230987,0.9808971689196929,True,0
parameter_mismatch_delta_0.520,parameter_mismatch,20,20,baseline,normal,coverage_wait,False,1.0,1.0,True,True,0.45,0.05,0.55,0.0,0.42,0.06,0.58,0.0,0.2205749805200211,0.004561926502568091,0.003605844391088686,0.7570872599207207,0.9919512846829929,True,0
parameter_mismatch_delta_0.520,parameter_mismatch,20,20,reference_aware,coverage_wait,coverage_wait,True,1.0,1.1,False,False,0.45,0.05,0.55,0.0,0.42,0.06,0.58,0.0,0.2250440324614659,0.004545604842565443,0.003572439235284386,0.7569236980230987,0.9808971689196929,True,0
parameter_mismatch_delta_0.520,parameter_mismatch,20,20,inferred_failure_aware,coverage_wait,coverage_wait,True,1.0,1.1,False,False,0.45,0.05,0.55,0.0,0.42,0.06,0.58,0.0,0.2250440324614659,0.004545604842565443,0.003572439235284386,0.7569236980230987,0.9808971689196929,True,0
parameter_mismatch_delta_0.520,parameter_mismatch,21,5,baseline,normal,coverage_wait,False,1.0,1.0,True,True,0.4,0.0,0.6,0.0,0.42,0.06,0.58,0.0,0.30437241219502453,0.004919112751709338,0.00023434529858423758,0.759039909914842,1.0219259997498331,True,0
parameter_mismatch_delta_0.520,parameter_mismatch,21,5,reference_aware,coverage_wait,coverage_wait,True,1.0,1.1,False,False,0.4,0.0,0.6,0.0,0.42,0.06,0.58,0.0,0.3053078350708475,0.004897302172243479,0.00020083657345948414,0.7581958356246744,1.010638808276935,True,0
parameter_mismatch_delta_0.520,parameter_mismatch,21,5,inferred_failure_aware,coverage_wait,coverage_wait,True,1.0,1.1,False,False,0.4,0.0,0.6,0.0,0.42,0.06,0.58,0.0,0.3053078350708475,0.004897302172243479,0.00020083657345948414,0.7581958356246744,1.010638808276935,True,0
parameter_mismatch_delta_0.520,parameter_mismatch,21,10,baseline,normal,coverage_wait,False,1.0,1.0,True,True,0.4,0.1,0.6,0.0,0.42,0.06,0.58,0.0,0.30437241219502453,0.004919112751709338,0.00023434529858423758,0.759039909914842,1.0219259997498331,True,0
parameter_mismatch_delta_0.520,parameter_mismatch,21,10,reference_aware,coverage_wait,coverage_wait,True,1.0,1.1,False,False,0.4,0.1,0.6,0.0,0.42,0.06,0.58,0.0,0.3053078350708475,0.004897302172243479,0.00020083657345948414,0.7581958356246744,1.010638808276935,True,0
parameter_mismatch_delta_0.520,parameter_mismatch,21,10,inferred_failure_aware,coverage_wait,coverage_wait,True,1.0,1.1,False,False,0.4,0.1,0.6,0.0,0.42,0.06,0.58,0.0,0.3053078350708475,0.004897302172243479,0.00020083657345948414,0.7581958356246744,1.010638808276935,True,0
parameter_mismatch_delta_0.520,parameter_mismatch,21,20,baseline,normal,coverage_wait,False,1.0,1.0,True,True,0.4,0.15,0.6,0.0,0.42,0.06,0.58,0.0,0.30437241219502453,0.004919112751709338,0.00023434529858423758,0.759039909914842,1.0219259997498331,True,0
parameter_mismatch_delta_0.520,parameter_mismatch,21,20,reference_aware,coverage_wait,coverage_wait,True,1.0,1.1,False,False,0.4,0.15,0.6,0.0,0.42,0.06,0.58,0.0,0.3053078350708475,0.004897302172243479,0.00020083657345948414,0.7581958356246744,1.010638808276935,True,0
parameter_mismatch_delta_0.520,parameter_mismatch,21,20,inferred_failure_aware,coverage_wait,coverage_wait,True,1.0,1.1,False,False,0.4,0.15,0.6,0.0,0.42,0.06,0.58,0.0,0.3053078350708475,0.004897302172243479,0.00020083657345948414,0.7581958356246744,1.010638808276935,True,0
parameter_mismatch_delta_0.520,parameter_mismatch,22,5,baseline,normal,coverage_wait,False,1.0,1.0,True,True,0.2,0.0,0.8,0.0,0.42,0.06,0.58,0.0,0.20674722093061543,0.005264652815275341,0.007778986660792242,0.6947630080545002,0.6986922613992975,True,0
parameter_mismatch_delta_0.520,parameter_mismatch,22,5,reference_aware,coverage_wait,coverage_wait,True,1.0,1.1,False,False,0.2,0.0,0.8,0.0,0.42,0.06,0.58,0.0,0.20670227145119574,0.005230439662734931,0.007739697655384625,0.693383331745176,0.6933080303947544,True,0
parameter_mismatch_delta_0.520,parameter_mismatch,22,5,inferred_failure_aware,coverage_wait,coverage_wait,True,1.0,1.1,False,False,0.2,0.0,0.8,0.0,0.42,0.06,0.58,0.0,0.20670227145119574,0.005230439662734931,0.007739697655384625,0.693383331745176,0.6933080303947544,True,0
parameter_mismatch_delta_0.520,parameter_mismatch,22,10,baseline,normal,coverage_wait,False,1.0,1.0,True,True,0.3,0.1,0.7,0.0,0.42,0.06,0.58,0.0,0.20674722093061543,0.005264652815275341,0.007778986660792242,0.6947630080545002,0.6986922613992975,True,0
parameter_mismatch_delta_0.520,parameter_mismatch,22,10,reference_aware,coverage_wait,coverage_wait,True,1.0,1.1,False,False,0.3,0.1,0.7,0.0,0.42,0.06,0.58,0.0,0.20670227145119574,0.005230439662734931,0.007739697655384625,0.693383331745176,0.6933080303947544,True,0
parameter_mismatch_delta_0.520,parameter_mismatch,22,10,inferred_failure_aware,coverage_wait,coverage_wait,True,1.0,1.1,False,False,0.3,0.1,0.7,0.0,0.42,0.06,0.58,0.0,0.20670227145119574,0.005230439662734931,0.007739697655384625,0.693383331745176,0.6933080303947544,True,0
parameter_mismatch_delta_0.520,parameter_mismatch,22,20,baseline,normal,coverage_wait,False,1.0,1.0,True,True,0.4,0.05,0.6,0.0,0.42,0.06,0.58,0.0,0.20674722093061543,0.005264652815275341,0.007778986660792242,0.6947630080545002,0.6986922613992975,True,0
parameter_mismatch_delta_0.520,parameter_mismatch,22,20,reference_aware,coverage_wait,coverage_wait,True,1.0,1.1,False,False,0.4,0.05,0.6,0.0,0.42,0.06,0.58,0.0,0.20670227145119574,0.005230439662734931,0.007739697655384625,0.693383331745176,0.6933080303947544,True,0
parameter_mismatch_delta_0.520,parameter_mismatch,22,20,inferred_failure_aware,coverage_wait,coverage_wait,True,1.0,1.1,False,False,0.4,0.05,0.6,0.0,0.42,0.06,0.58,0.0,0.20670227145119574,0.005230439662734931,0.007739697655384625,0.693383331745176,0.6933080303947544,True,0
parameter_mismatch_delta_0.520,parameter_mismatch,23,5,baseline,normal,coverage_wait,False,1.0,1.0,True,True,0.4,0.2,0.6,0.0,0.42,0.06,0.58,0.0,0.19151140407007128,0.003621529073745994,0.0008163829199948625,0.767911492439799,0.796918207093455,True,0
parameter_mismatch_delta_0.520,parameter_mismatch,23,5,reference_aware,coverage_wait,coverage_wait,True,1.0,1.1,False,False,0.4,0.2,0.6,0.0,0.42,0.06,0.58,0.0,0.19353390679833296,0.003634700309906941,0.0008124125510200475,0.7678856855676613,0.791975413074304,True,0
parameter_mismatch_delta_0.520,parameter_mismatch,23,5,inferred_failure_aware,coverage_wait,coverage_wait,True,1.0,1.1,False,False,0.4,0.2,0.6,0.0,0.42,0.06,0.58,0.0,0.19353390679833296,0.003634700309906941,0.0008124125510200475,0.7678856855676613,0.791975413074304,True,0
parameter_mismatch_delta_0.520,parameter_mismatch,23,10,baseline,normal,coverage_wait,False,1.0,1.0,True,True,0.5,0.1,0.5,0.0,0.42,0.06,0.58,0.0,0.19151140407007128,0.003621529073745994,0.0008163829199948625,0.767911492439799,0.796918207093455,True,0
parameter_mismatch_delta_0.520,parameter_mismatch,23,10,reference_aware,coverage_wait,coverage_wait,True,1.0,1.1,False,False,0.5,0.1,0.5,0.0,0.42,0.06,0.58,0.0,0.19353390679833296,0.003634700309906941,0.0008124125510200475,0.7678856855676613,0.791975413074304,True,0
parameter_mismatch_delta_0.520,parameter_mismatch,23,10,inferred_failure_aware,coverage_wait,coverage_wait,True,1.0,1.1,False,False,0.5,0.1,0.5,0.0,0.42,0.06,0.58,0.0,0.19353390679833296,0.003634700309906941,0.0008124125510200475,0.7678856855676613,0.791975413074304,True,0
parameter_mismatch_delta_0.520,parameter_mismatch,23,20,baseline,normal,coverage_wait,False,1.0,1.0,True,True,0.45,0.05,0.55,0.0,0.42,0.06,0.58,0.0,0.19151140407007128,0.003621529073745994,0.0008163829199948625,0.767911492439799,0.796918207093455,True,0
parameter_mismatch_delta_0.520,parameter_mismatch,23,20,reference_aware,coverage_wait,coverage_wait,True,1.0,1.1,False,False,0.45,0.05,0.55,0.0,0.42,0.06,0.58,0.0,0.19353390679833296,0.003634700309906941,0.0008124125510200475,0.7678856855676613,0.791975413074304,True,0
parameter_mismatch_delta_0.520,parameter_mismatch,23,20,inferred_failure_aware,coverage_wait,coverage_wait,True,1.0,1.1,False,False,0.45,0.05,0.55,0.0,0.42,0.06,0.58,0.0,0.19353390679833296,0.003634700309906941,0.0008124125510200475,0.7678856855676613,0.791975413074304,True,0
parameter_mismatch_delta_0.520,parameter_mismatch,24,5,baseline,normal,coverage_wait,False,1.0,1.0,True,True,0.0,0.2,1.0,0.0,0.42,0.06,0.58,0.0,0.2196318942340954,0.004514436062520396,0.0040750735407477645,0.7510937763843928,1.2065372002593875,True,0
parameter_mismatch_delta_0.520,parameter_mismatch,24,5,reference_aware,coverage_wait,coverage_wait,True,1.0,1.1,False,False,0.0,0.2,1.0,0.0,0.42,0.06,0.58,0.0,0.22430131420874908,0.004518860322857171,0.0041710883732076764,0.7512545480854164,1.1965009895707344,True,0
parameter_mismatch_delta_0.520,parameter_mismatch,24,5,inferred_failure_aware,coverage_wait,coverage_wait,True,1.0,1.1,False,False,0.0,0.2,1.0,0.0,0.42,0.06,0.58,0.0,0.22430131420874908,0.004518860322857171,0.0041710883732076764,0.7512545480854164,1.1965009895707344,True,0
parameter_mismatch_delta_0.520,parameter_mismatch,24,10,baseline,normal,coverage_wait,False,1.0,1.0,True,True,0.3,0.1,0.7,0.0,0.42,0.06,0.58,0.0,0.2196318942340954,0.004514436062520396,0.0040750735407477645,0.7510937763843928,1.2065372002593875,True,0
parameter_mismatch_delta_0.520,parameter_mismatch,24,10,reference_aware,coverage_wait,coverage_wait,True,1.0,1.1,False,False,0.3,0.1,0.7,0.0,0.42,0.06,0.58,0.0,0.22430131420874908,0.004518860322857171,0.0041710883732076764,0.7512545480854164,1.1965009895707344,True,0
parameter_mismatch_delta_0.520,parameter_mismatch,24,10,inferred_failure_aware,coverage_wait,coverage_wait,True,1.0,1.1,False,False,0.3,0.1,0.7,0.0,0.42,0.06,0.58,0.0,0.22430131420874908,0.004518860322857171,0.0041710883732076764,0.7512545480854164,1.1965009895707344,True,0
parameter_mismatch_delta_0.520,parameter_mismatch,24,20,baseline,normal,coverage_wait,False,1.0,1.0,True,True,0.4,0.15,0.6,0.0,0.42,0.06,0.58,0.0,0.2196318942340954,0.004514436062520396,0.0040750735407477645,0.7510937763843928,1.2065372002593875,True,0
parameter_mismatch_delta_0.520,parameter_mismatch,24,20,reference_aware,coverage_wait,coverage_wait,True,1.0,1.1,False,False,0.4,0.15,0.6,0.0,0.42,0.06,0.58,0.0,0.22430131420874908,0.004518860322857171,0.0041710883732076764,0.7512545480854164,1.1965009895707344,True,0
parameter_mismatch_delta_0.520,parameter_mismatch,24,20,inferred_failure_aware,coverage_wait,coverage_wait,True,1.0,1.1,False,False,0.4,0.15,0.6,0.0,0.42,0.06,0.58,0.0,0.22430131420874908,0.004518860322857171,0.0041710883732076764,0.7512545480854164,1.1965009895707344,True,0
parameter_mismatch_delta_0.520,parameter_mismatch,25,5,baseline,normal,coverage_wait,False,1.0,1.0,True,True,0.2,0.2,0.8,0.0,0.42,0.06,0.58,0.0,0.3026509327776802,0.005230762088224151,0.008783508787338468,0.7222105856868517,0.9940517469067681,True,0
parameter_mismatch_delta_0.520,parameter_mismatch,25,5,reference_aware,coverage_wait,coverage_wait,True,1.0,1.1,False,False,0.2,0.2,0.8,0.0,0.42,0.06,0.58,0.0,0.3040984584001408,0.005206242897525594,0.008717010885595067,0.7213269682277733,0.9821740776286673,True,0
parameter_mismatch_delta_0.520,parameter_mismatch,25,5,inferred_failure_aware,coverage_wait,coverage_wait,True,1.0,1.1,False,False,0.2,0.2,0.8,0.0,0.42,0.06,0.58,0.0,0.3040984584001408,0.005206242897525594,0.008717010885595067,0.7213269682277733,0.9821740776286673,True,0
parameter_mismatch_delta_0.520,parameter_mismatch,25,10,baseline,normal,coverage_wait,False,1.0,1.0,True,True,0.4,0.2,0.6,0.0,0.42,0.06,0.58,0.0,0.3026509327776802,0.005230762088224151,0.008783508787338468,0.7222105856868517,0.9940517469067681,True,0
parameter_mismatch_delta_0.520,parameter_mismatch,25,10,reference_aware,coverage_wait,coverage_wait,True,1.0,1.1,False,False,0.4,0.2,0.6,0.0,0.42,0.06,0.58,0.0,0.3040984584001408,0.005206242897525594,0.008717010885595067,0.7213269682277733,0.9821740776286673,True,0
parameter_mismatch_delta_0.520,parameter_mismatch,25,10,inferred_failure_aware,coverage_wait,coverage_wait,True,1.0,1.1,False,False,0.4,0.2,0.6,0.0,0.42,0.06,0.58,0.0,0.3040984584001408,0.005206242897525594,0.008717010885595067,0.7213269682277733,0.9821740776286673,True,0
parameter_mismatch_delta_0.520,parameter_mismatch,25,20,baseline,normal,coverage_wait,False,1.0,1.0,True,True,0.5,0.1,0.5,0.0,0.42,0.06,0.58,0.0,0.3026509327776802,0.005230762088224151,0.008783508787338468,0.7222105856868517,0.9940517469067681,True,0
parameter_mismatch_delta_0.520,parameter_mismatch,25,20,reference_aware,coverage_wait,coverage_wait,True,1.0,1.1,False,False,0.5,0.1,0.5,0.0,0.42,0.06,0.58,0.0,0.3040984584001408,0.005206242897525594,0.008717010885595067,0.7213269682277733,0.9821740776286673,True,0
parameter_mismatch_delta_0.520,parameter_mismatch,25,20,inferred_failure_aware,coverage_wait,coverage_wait,True,1.0,1.1,False,False,0.5,0.1,0.5,0.0,0.42,0.06,0.58,0.0,0.3040984584001408,0.005206242897525594,0.008717010885595067,0.7213269682277733,0.9821740776286673,True,0
parameter_mismatch_delta_0.520,parameter_mismatch,26,5,baseline,normal,coverage_wait,False,1.0,1.0,True,True,0.2,0.0,0.8,0.0,0.42,0.06,0.58,0.0,0.254456791002261,0.004799637921413471,0.00014986338815281552,0.7767789578210375,1.0084395604704606,True,0
parameter_mismatch_delta_0.520,parameter_mismatch,26,5,reference_aware,coverage_wait,coverage_wait,True,1.0,1.1,False,False,0.2,0.0,0.8,0.0,0.42,0.06,0.58,0.0,0.26012149388602407,0.004803389279920114,0.00014229098479201507,0.7757721385084191,0.9976430710919338,True,0
parameter_mismatch_delta_0.520,parameter_mismatch,26,5,inferred_failure_aware,coverage_wait,coverage_wait,True,1.0,1.1,False,False,0.2,0.0,0.8,0.0,0.42,0.06,0.58,0.0,0.26012149388602407,0.004803389279920114,0.00014229098479201507,0.7757721385084191,0.9976430710919338,True,0
parameter_mismatch_delta_0.520,parameter_mismatch,26,10,baseline,normal,coverage_wait,False,1.0,1.0,True,True,0.3,0.0,0.7,0.0,0.42,0.06,0.58,0.0,0.254456791002261,0.004799637921413471,0.00014986338815281552,0.7767789578210375,1.0084395604704606,True,0
parameter_mismatch_delta_0.520,parameter_mismatch,26,10,reference_aware,coverage_wait,coverage_wait,True,1.0,1.1,False,False,0.3,0.0,0.7,0.0,0.42,0.06,0.58,0.0,0.26012149388602407,0.004803389279920114,0.00014229098479201507,0.7757721385084191,0.9976430710919338,True,0
parameter_mismatch_delta_0.520,parameter_mismatch,26,10,inferred_failure_aware,coverage_wait,coverage_wait,True,1.0,1.1,False,False,0.3,0.0,0.7,0.0,0.42,0.06,0.58,0.0,0.26012149388602407,0.004803389279920114,0.00014229098479201507,0.7757721385084191,0.9976430710919338,True,0
parameter_mismatch_delta_0.520,parameter_mismatch,26,20,baseline,normal,coverage_wait,False,1.0,1.0,True,True,0.45,0.0,0.55,0.0,0.42,0.06,0.58,0.0,0.254456791002261,0.004799637921413471,0.00014986338815281552,0.7767789578210375,1.0084395604704606,True,0
parameter_mismatch_delta_0.520,parameter_mismatch,26,20,reference_aware,coverage_wait,coverage_wait,True,1.0,1.1,False,False,0.45,0.0,0.55,0.0,0.42,0.06,0.58,0.0,0.26012149388602407,0.004803389279920114,0.00014229098479201507,0.7757721385084191,0.9976430710919338,True,0
parameter_mismatch_delta_0.520,parameter_mismatch,26,20,inferred_failure_aware,coverage_wait,coverage_wait,True,1.0,1.1,False,False,0.45,0.0,0.55,0.0,0.42,0.06,0.58,0.0,0.26012149388602407,0.004803389279920114,0.00014229098479201507,0.7757721385084191,0.9976430710919338,True,0
parameter_mismatch_delta_0.520,parameter_mismatch,27,5,baseline,normal,coverage_wait,False,1.0,1.0,True,True,0.8,0.0,0.2,0.0,0.42,0.06,0.58,0.0,0.31412687656078986,0.005623310703698775,0.0026652915973314206,0.7517622489967442,1.0558363719651824,True,0
parameter_mismatch_delta_0.520,parameter_mismatch,27,5,reference_aware,coverage_wait,coverage_wait,True,1.0,1.1,False,False,0.8,0.0,0.2,0.0,0.42,0.06,0.58,0.0,0.3154681783582748,0.005567814549654633,0.002679605092078541,0.7513269134365389,1.0408131165949528,True,0
parameter_mismatch_delta_0.520,parameter_mismatch,27,5,inferred_failure_aware,coverage_wait,coverage_wait,True,1.0,1.1,False,False,0.8,0.0,0.2,0.0,0.42,0.06,0.58,0.0,0.3154681783582748,0.005567814549654633,0.002679605092078541,0.7513269134365389,1.0408131165949528,True,0
parameter_mismatch_delta_0.520,parameter_mismatch,27,10,baseline,normal,coverage_wait,False,1.0,1.0,True,True,0.4,0.1,0.6,0.0,0.42,0.06,0.58,0.0,0.31412687656078986,0.005623310703698775,0.0026652915973314206,0.7517622489967442,1.0558363719651824,True,0
parameter_mismatch_delta_0.520,parameter_mismatch,27,10,reference_aware,coverage_wait,coverage_wait,True,1.0,1.1,False,False,0.4,0.1,0.6,0.0,0.42,0.06,0.58,0.0,0.3154681783582748,0.005567814549654633,0.002679605092078541,0.7513269134365389,1.0408131165949528,True,0
parameter_mismatch_delta_0.520,parameter_mismatch,27,10,inferred_failure_aware,coverage_wait,coverage_wait,True,1.0,1.1,False,False,0.4,0.1,0.6,0.0,0.42,0.06,0.58,0.0,0.3154681783582748,0.005567814549654633,0.002679605092078541,0.7513269134365389,1.0408131165949528,True,0
parameter_mismatch_delta_0.520,parameter_mismatch,27,20,baseline,normal,coverage_wait,False,1.0,1.0,True,True,0.5,0.05,0.5,0.0,0.42,0.06,0.58,0.0,0.31412687656078986,0.005623310703698775,0.0026652915973314206,0.7517622489967442,1.0558363719651824,True,0
parameter_mismatch_delta_0.520,parameter_mismatch,27,20,reference_aware,coverage_wait,coverage_wait,True,1.0,1.1,False,False,0.5,0.05,0.5,0.0,0.42,0.06,0.58,0.0,0.3154681783582748,0.005567814549654633,0.002679605092078541,0.7513269134365389,1.0408131165949528,True,0
parameter_mismatch_delta_0.520,parameter_mismatch,27,20,inferred_failure_aware,coverage_wait,coverage_wait,True,1.0,1.1,False,False,0.5,0.05,0.5,0.0,0.42,0.06,0.58,0.0,0.3154681783582748,0.005567814549654633,0.002679605092078541,0.7513269134365389,1.0408131165949528,True,0
parameter_mismatch_delta_0.520,parameter_mismatch,28,5,baseline,normal,coverage_wait,False,1.0,1.0,True,True,0.4,0.0,0.6,0.0,0.42,0.06,0.58,0.0,0.24934340299924365,0.005826364302768706,0.0034506260003760447,0.7628634376813841,1.1787437703376809,True,0
parameter_mismatch_delta_0.520,parameter_mismatch,28,5,reference_aware,coverage_wait,coverage_wait,True,1.0,1.1,False,False,0.4,0.0,0.6,0.0,0.42,0.06,0.58,0.0,0.2519092731807662,0.005814184107330039,0.0034604212389971467,0.7626918336161387,1.164993973194186,True,0
parameter_mismatch_delta_0.520,parameter_mismatch,28,5,inferred_failure_aware,coverage_wait,coverage_wait,True,1.0,1.1,False,False,0.4,0.0,0.6,0.0,0.42,0.06,0.58,0.0,0.2519092731807662,0.005814184107330039,0.0034604212389971467,0.7626918336161387,1.164993973194186,True,0
parameter_mismatch_delta_0.520,parameter_mismatch,28,10,baseline,normal,coverage_wait,False,1.0,1.0,True,True,0.4,0.0,0.6,0.0,0.42,0.06,0.58,0.0,0.24934340299924365,0.005826364302768706,0.0034506260003760447,0.7628634376813841,1.1787437703376809,True,0
parameter_mismatch_delta_0.520,parameter_mismatch,28,10,reference_aware,coverage_wait,coverage_wait,True,1.0,1.1,False,False,0.4,0.0,0.6,0.0,0.42,0.06,0.58,0.0,0.2519092731807662,0.005814184107330039,0.0034604212389971467,0.7626918336161387,1.164993973194186,True,0
parameter_mismatch_delta_0.520,parameter_mismatch,28,10,inferred_failure_aware,coverage_wait,coverage_wait,True,1.0,1.1,False,False,0.4,0.0,0.6,0.0,0.42,0.06,0.58,0.0,0.2519092731807662,0.005814184107330039,0.0034604212389971467,0.7626918336161387,1.164993973194186,True,0
parameter_mismatch_delta_0.520,parameter_mismatch,28,20,baseline,normal,coverage_wait,False,1.0,1.0,True,True,0.4,0.1,0.6,0.0,0.42,0.06,0.58,0.0,0.24934340299924365,0.005826364302768706,0.0034506260003760447,0.7628634376813841,1.1787437703376809,True,0
parameter_mismatch_delta_0.520,parameter_mismatch,28,20,reference_aware,coverage_wait,coverage_wait,True,1.0,1.1,False,False,0.4,0.1,0.6,0.0,0.42,0.06,0.58,0.0,0.2519092731807662,0.005814184107330039,0.0034604212389971467,0.7626918336161387,1.164993973194186,True,0
parameter_mismatch_delta_0.520,parameter_mismatch,28,20,inferred_failure_aware,coverage_wait,coverage_wait,True,1.0,1.1,False,False,0.4,0.1,0.6,0.0,0.42,0.06,0.58,0.0,0.2519092731807662,0.005814184107330039,0.0034604212389971467,0.7626918336161387,1.164993973194186,True,0
parameter_mismatch_delta_0.520,parameter_mismatch,29,5,baseline,normal,coverage_wait,False,1.0,1.0,True,True,0.6,0.0,0.4,0.0,0.42,0.06,0.58,0.0,0.23542433701563145,0.004068329439442095,0.004063520081486471,0.7107154874527929,0.751222590885513,True,0
parameter_mismatch_delta_0.520,parameter_mismatch,29,5,reference_aware,coverage_wait,coverage_wait,True,1.0,1.1,False,False,0.6,0.0,0.4,0.0,0.42,0.06,0.58,0.0,0.23874400601388945,0.004085444406200244,0.00407028722919156,0.709936236595385,0.7438447011063928,True,0
parameter_mismatch_delta_0.520,parameter_mismatch,29,5,inferred_failure_aware,coverage_wait,coverage_wait,True,1.0,1.1,False,False,0.6,0.0,0.4,0.0,0.42,0.06,0.58,0.0,0.23874400601388945,0.004085444406200244,0.00407028722919156,0.709936236595385,0.7438447011063928,True,0
parameter_mismatch_delta_0.520,parameter_mismatch,29,10,baseline,normal,coverage_wait,False,1.0,1.0,True,True,0.5,0.1,0.5,0.0,0.42,0.06,0.58,0.0,0.23542433701563145,0.004068329439442095,0.004063520081486471,0.7107154874527929,0.751222590885513,True,0
parameter_mismatch_delta_0.520,parameter_mismatch,29,10,reference_aware,coverage_wait,coverage_wait,True,1.0,1.1,False,False,0.5,0.1,0.5,0.0,0.42,0.06,0.58,0.0,0.23874400601388945,0.004085444406200244,0.00407028722919156,0.709936236595385,0.7438447011063928,True,0
parameter_mismatch_delta_0.520,parameter_mismatch,29,10,inferred_failure_aware,coverage_wait,coverage_wait,True,1.0,1.1,False,False,0.5,0.1,0.5,0.0,0.42,0.06,0.58,0.0,0.23874400601388945,0.004085444406200244,0.00407028722919156,0.709936236595385,0.7438447011063928,True,0
parameter_mismatch_delta_0.520,parameter_mismatch,29,20,baseline,normal,coverage_wait,False,1.0,1.0,True,True,0.45,0.1,0.55,0.0,0.42,0.06,0.58,0.0,0.23542433701563145,0.004068329439442095,0.004063520081486471,0.7107154874527929,0.751222590885513,True,0
parameter_mismatch_delta_0.520,parameter_mismatch,29,20,reference_aware,coverage_wait,coverage_wait,True,1.0,1.1,False,False,0.45,0.1,0.55,0.0,0.42,0.06,0.58,0.0,0.23874400601388945,0.004085444406200244,0.00407028722919156,0.709936236595385,0.7438447011063928,True,0
parameter_mismatch_delta_0.520,parameter_mismatch,29,20,inferred_failure_aware,coverage_wait,coverage_wait,True,1.0,1.1,False,False,0.45,0.1,0.55,0.0,0.42,0.06,0.58,0.0,0.23874400601388945,0.004085444406200244,0.00407028722919156,0.709936236595385,0.7438447011063928,True,0
parameter_mismatch_delta_0.520,parameter_mismatch,30,5,baseline,normal,coverage_wait,False,1.0,1.0,True,True,0.6,0.0,0.4,0.0,0.42,0.06,0.58,0.0,0.3612874135318161,0.005836984295265217,0.0024170227604686234,0.7037349117550553,0.9558324093672661,True,0
parameter_mismatch_delta_0.520,parameter_mismatch,30,5,reference_aware,coverage_wait,coverage_wait,True,1.0,1.1,False,False,0.6,0.0,0.4,0.0,0.42,0.06,0.58,0.0,0.36127963647417183,0.005727757615217858,0.002377131669668464,0.7032603314438184,0.9380855790065032,True,0
parameter_mismatch_delta_0.520,parameter_mismatch,30,5,inferred_failure_aware,coverage_wait,coverage_wait,True,1.0,1.1,False,False,0.6,0.0,0.4,0.0,0.42,0.06,0.58,0.0,0.36127963647417183,0.005727757615217858,0.002377131669668464,0.7032603314438184,0.9380855790065032,True,0
parameter_mismatch_delta_0.520,parameter_mismatch,30,10,baseline,normal,coverage_wait,False,1.0,1.0,True,True,0.5,0.0,0.5,0.0,0.42,0.06,0.58,0.0,0.3612874135318161,0.005836984295265217,0.0024170227604686234,0.7037349117550553,0.9558324093672661,True,0
parameter_mismatch_delta_0.520,parameter_mismatch,30,10,reference_aware,coverage_wait,coverage_wait,True,1.0,1.1,False,False,0.5,0.0,0.5,0.0,0.42,0.06,0.58,0.0,0.36127963647417183,0.005727757615217858,0.002377131669668464,0.7032603314438184,0.9380855790065032,True,0
parameter_mismatch_delta_0.520,parameter_mismatch,30,10,inferred_failure_aware,coverage_wait,coverage_wait,True,1.0,1.1,False,False,0.5,0.0,0.5,0.0,0.42,0.06,0.58,0.0,0.36127963647417183,0.005727757615217858,0.002377131669668464,0.7032603314438184,0.9380855790065032,True,0
parameter_mismatch_delta_0.520,parameter_mismatch,30,20,baseline,normal,coverage_wait,False,1.0,1.0,True,True,0.45,0.1,0.55,0.0,0.42,0.06,0.58,0.0,0.3612874135318161,0.005836984295265217,0.0024170227604686234,0.7037349117550553,0.9558324093672661,True,0
parameter_mismatch_delta_0.520,parameter_mismatch,30,20,reference_aware,coverage_wait,coverage_wait,True,1.0,1.1,False,False,0.45,0.1,0.55,0.0,0.42,0.06,0.58,0.0,0.36127963647417183,0.005727757615217858,0.002377131669668464,0.7032603314438184,0.9380855790065032,True,0
parameter_mismatch_delta_0.520,parameter_mismatch,30,20,inferred_failure_aware,coverage_wait,coverage_wait,True,1.0,1.1,False,False,0.45,0.1,0.55,0.0,0.42,0.06,0.58,0.0,0.36127963647417183,0.005727757615217858,0.002377131669668464,0.7032603314438184,0.9380855790065032,True,0
parameter_mismatch_delta_0.520,parameter_mismatch,31,5,baseline,normal,coverage_wait,False,1.0,1.0,True,True,0.4,0.0,0.6,0.0,0.42,0.06,0.58,0.0,0.334567268787201,0.006412582407407675,0.00778591863794309,0.7793867336880971,1.4822129391807024,True,0
parameter_mismatch_delta_0.520,parameter_mismatch,31,5,reference_aware,coverage_wait,coverage_wait,True,1.0,1.1,False,False,0.4,0.0,0.6,0.0,0.42,0.06,0.58,0.0,0.3380197297056457,0.006400868147770103,0.007618957265705606,0.7786283159777588,1.46556235388437,True,0
parameter_mismatch_delta_0.520,parameter_mismatch,31,5,inferred_failure_aware,coverage_wait,coverage_wait,True,1.0,1.1,False,False,0.4,0.0,0.6,0.0,0.42,0.06,0.58,0.0,0.3380197297056457,0.006400868147770103,0.007618957265705606,0.7786283159777588,1.46556235388437,True,0
parameter_mismatch_delta_0.520,parameter_mismatch,31,10,baseline,normal,coverage_wait,False,1.0,1.0,True,True,0.5,0.0,0.5,0.0,0.42,0.06,0.58,0.0,0.334567268787201,0.006412582407407675,0.00778591863794309,0.7793867336880971,1.4822129391807024,True,0
parameter_mismatch_delta_0.520,parameter_mismatch,31,10,reference_aware,coverage_wait,coverage_wait,True,1.0,1.1,False,False,0.5,0.0,0.5,0.0,0.42,0.06,0.58,0.0,0.3380197297056457,0.006400868147770103,0.007618957265705606,0.7786283159777588,1.46556235388437,True,0
parameter_mismatch_delta_0.520,parameter_mismatch,31,10,inferred_failure_aware,coverage_wait,coverage_wait,True,1.0,1.1,False,False,0.5,0.0,0.5,0.0,0.42,0.06,0.58,0.0,0.3380197297056457,0.006400868147770103,0.007618957265705606,0.7786283159777588,1.46556235388437,True,0
parameter_mismatch_delta_0.520,parameter_mismatch,31,20,baseline,normal,coverage_wait,False,1.0,1.0,True,True,0.45,0.05,0.55,0.0,0.42,0.06,0.58,0.0,0.334567268787201,0.006412582407407675,0.00778591863794309,0.7793867336880971,1.4822129391807024,True,0
parameter_mismatch_delta_0.520,parameter_mismatch,31,20,reference_aware,coverage_wait,coverage_wait,True,1.0,1.1,False,False,0.45,0.05,0.55,0.0,0.42,0.06,0.58,0.0,0.3380197297056457,0.006400868147770103,0.007618957265705606,0.7786283159777588,1.46556235388437,True,0
parameter_mismatch_delta_0.520,parameter_mismatch,31,20,inferred_failure_aware,coverage_wait,coverage_wait,True,1.0,1.1,False,False,0.45,0.05,0.55,0.0,0.42,0.06,0.58,0.0,0.3380197297056457,0.006400868147770103,0.007618957265705606,0.7786283159777588,1.46556235388437,True,0
parameter_mismatch_delta_0.520,parameter_mismatch,32,5,baseline,normal,coverage_wait,False,1.0,1.0,True,True,0.6,0.0,0.4,0.0,0.42,0.06,0.58,0.0,0.16596503386403608,0.0041996862205160666,0.0012505339315806996,0.6946816820012768,0.7522345657758889,True,0
parameter_mismatch_delta_0.520,parameter_mismatch,32,5,reference_aware,coverage_wait,coverage_wait,True,1.0,1.1,False,False,0.6,0.0,0.4,0.0,0.42,0.06,0.58,0.0,0.16710388109236127,0.004175683997488071,0.001252221544881582,0.6940778344700527,0.7452963425250921,True,0
parameter_mismatch_delta_0.520,parameter_mismatch,32,5,inferred_failure_aware,coverage_wait,coverage_wait,True,1.0,1.1,False,False,0.6,0.0,0.4,0.0,0.42,0.06,0.58,0.0,0.16710388109236127,0.004175683997488071,0.001252221544881582,0.6940778344700527,0.7452963425250921,True,0
parameter_mismatch_delta_0.520,parameter_mismatch,32,10,baseline,normal,coverage_wait,False,1.0,1.0,True,True,0.5,0.0,0.5,0.0,0.42,0.06,0.58,0.0,0.16596503386403608,0.0041996862205160666,0.0012505339315806996,0.6946816820012768,0.7522345657758889,True,0
parameter_mismatch_delta_0.520,parameter_mismatch,32,10,reference_aware,coverage_wait,coverage_wait,True,1.0,1.1,False,False,0.5,0.0,0.5,0.0,0.42,0.06,0.58,0.0,0.16710388109236127,0.004175683997488071,0.001252221544881582,0.6940778344700527,0.7452963425250921,True,0
parameter_mismatch_delta_0.520,parameter_mismatch,32,10,inferred_failure_aware,coverage_wait,coverage_wait,True,1.0,1.1,False,False,0.5,0.0,0.5,0.0,0.42,0.06,0.58,0.0,0.16710388109236127,0.004175683997488071,0.001252221544881582,0.6940778344700527,0.7452963425250921,True,0
parameter_mismatch_delta_0.520,parameter_mismatch,32,20,baseline,normal,coverage_wait,False,1.0,1.0,True,True,0.55,0.0,0.45,0.0,0.42,0.06,0.58,0.0,0.16596503386403608,0.0041996862205160666,0.0012505339315806996,0.6946816820012768,0.7522345657758889,True,0
parameter_mismatch_delta_0.520,parameter_mismatch,32,20,reference_aware,coverage_wait,coverage_wait,True,1.0,1.1,False,False,0.55,0.0,0.45,0.0,0.42,0.06,0.58,0.0,0.16710388109236127,0.004175683997488071,0.001252221544881582,0.6940778344700527,0.7452963425250921,True,0
parameter_mismatch_delta_0.520,parameter_mismatch,32,20,inferred_failure_aware,coverage_wait,coverage_wait,True,1.0,1.1,False,False,0.55,0.0,0.45,0.0,0.42,0.06,0.58,0.0,0.16710388109236127,0.004175683997488071,0.001252221544881582,0.6940778344700527,0.7452963425250921,True,0
parameter_mismatch_delta_0.520,parameter_mismatch,33,5,baseline,normal,coverage_wait,False,1.0,1.0,True,True,0.8,0.2,0.2,0.0,0.42,0.06,0.58,0.0,0.2780145437233505,0.004528500716483136,0.0025555200353303276,0.7776506490759595,1.100330841505849,True,0
parameter_mismatch_delta_0.520,parameter_mismatch,33,5,reference_aware,coverage_wait,coverage_wait,True,1.0,1.1,False,False,0.8,0.2,0.2,0.0,0.42,0.06,0.58,0.0,0.2813208185841282,0.004485779655723974,0.0025324485678958064,0.7779507858066128,1.0874735375225884,True,0
parameter_mismatch_delta_0.520,parameter_mismatch,33,5,inferred_failure_aware,accuracy_guard,coverage_wait,False,0.9,1.75,False,False,0.8,0.2,0.2,0.0,0.42,0.06,0.58,0.0,0.29538514070169786,0.0038069337756457496,0.0023404231206894943,0.741540698858431,1.0114332440304716,True,0
parameter_mismatch_delta_0.520,parameter_mismatch,33,10,baseline,normal,coverage_wait,False,1.0,1.0,True,True,0.6,0.1,0.4,0.0,0.42,0.06,0.58,0.0,0.2780145437233505,0.004528500716483136,0.0025555200353303276,0.7776506490759595,1.100330841505849,True,0
parameter_mismatch_delta_0.520,parameter_mismatch,33,10,reference_aware,coverage_wait,coverage_wait,True,1.0,1.1,False,False,0.6,0.1,0.4,0.0,0.42,0.06,0.58,0.0,0.2813208185841282,0.004485779655723974,0.0025324485678958064,0.7779507858066128,1.0874735375225884,True,0
parameter_mismatch_delta_0.520,parameter_mismatch,33,10,inferred_failure_aware,coverage_wait,coverage_wait,True,1.0,1.1,False,False,0.6,0.1,0.4,0.0,0.42,0.06,0.58,0.0,0.2813208185841282,0.004485779655723974,0.0025324485678958064,0.7779507858066128,1.0874735375225884,True,0
parameter_mismatch_delta_0.520,parameter_mismatch,33,20,baseline,normal,coverage_wait,False,1.0,1.0,True,True,0.5,0.1,0.5,0.0,0.42,0.06,0.58,0.0,0.2780145437233505,0.004528500716483136,0.0025555200353303276,0.7776506490759595,1.100330841505849,True,0
parameter_mismatch_delta_0.520,parameter_mismatch,33,20,reference_aware,coverage_wait,coverage_wait,True,1.0,1.1,False,False,0.5,0.1,0.5,0.0,0.42,0.06,0.58,0.0,0.2813208185841282,0.004485779655723974,0.0025324485678958064,0.7779507858066128,1.0874735375225884,True,0
parameter_mismatch_delta_0.520,parameter_mismatch,33,20,inferred_failure_aware,coverage_wait,coverage_wait,True,1.0,1.1,False,False,0.5,0.1,0.5,0.0,0.42,0.06,0.58,0.0,0.2813208185841282,0.004485779655723974,0.0025324485678958064,0.7779507858066128,1.0874735375225884,True,0
parameter_mismatch_delta_0.520,parameter_mismatch,34,5,baseline,normal,coverage_wait,False,1.0,1.0,True,True,0.4,0.2,0.6,0.0,0.42,0.06,0.58,0.0,0.2658354310151037,0.00516203479232047,0.005478335144389557,0.7095617824823186,0.8801367802921304,True,0
parameter_mismatch_delta_0.520,parameter_mismatch,34,5,reference_aware,coverage_wait,coverage_wait,True,1.0,1.1,False,False,0.4,0.2,0.6,0.0,0.42,0.06,0.58,0.0,0.2685911908994209,0.005119647094733384,0.005442678268881229,0.7093130656064187,0.8693182159905566,True,0
parameter_mismatch_delta_0.520,parameter_mismatch,34,5,inferred_failure_aware,coverage_wait,coverage_wait,True,1.0,1.1,False,False,0.4,0.2,0.6,0.0,0.42,0.06,0.58,0.0,0.2685911908994209,0.005119647094733384,0.005442678268881229,0.7093130656064187,0.8693182159905566,True,0
parameter_mismatch_delta_0.520,parameter_mismatch,34,10,baseline,normal,coverage_wait,False,1.0,1.0,True,True,0.4,0.2,0.6,0.0,0.42,0.06,0.58,0.0,0.2658354310151037,0.00516203479232047,0.005478335144389557,0.7095617824823186,0.8801367802921304,True,0
parameter_mismatch_delta_0.520,parameter_mismatch,34,10,reference_aware,coverage_wait,coverage_wait,True,1.0,1.1,False,False,0.4,0.2,0.6,0.0,0.42,0.06,0.58,0.0,0.2685911908994209,0.005119647094733384,0.005442678268881229,0.7093130656064187,0.8693182159905566,True,0
parameter_mismatch_delta_0.520,parameter_mismatch,34,10,inferred_failure_aware,coverage_wait,coverage_wait,True,1.0,1.1,False,False,0.4,0.2,0.6,0.0,0.42,0.06,0.58,0.0,0.2685911908994209,0.005119647094733384,0.005442678268881229,0.7093130656064187,0.8693182159905566,True,0
parameter_mismatch_delta_0.520,parameter_mismatch,34,20,baseline,normal,coverage_wait,False,1.0,1.0,True,True,0.35,0.15,0.65,0.0,0.42,0.06,0.58,0.0,0.2658354310151037,0.00516203479232047,0.005478335144389557,0.7095617824823186,0.8801367802921304,True,0
parameter_mismatch_delta_0.520,parameter_mismatch,34,20,reference_aware,coverage_wait,coverage_wait,True,1.0,1.1,False,False,0.35,0.15,0.65,0.0,0.42,0.06,0.58,0.0,0.2685911908994209,0.005119647094733384,0.005442678268881229,0.7093130656064187,0.8693182159905566,True,0
parameter_mismatch_delta_0.520,parameter_mismatch,34,20,inferred_failure_aware,coverage_wait,coverage_wait,True,1.0,1.1,False,False,0.35,0.15,0.65,0.0,0.42,0.06,0.58,0.0,0.2685911908994209,0.005119647094733384,0.005442678268881229,0.7093130656064187,0.8693182159905566,True,0
parameter_mismatch_delta_0.520,parameter_mismatch,35,5,baseline,normal,coverage_wait,False,1.0,1.0,True,True,0.4,0.0,0.6,0.0,0.42,0.06,0.58,0.0,0.2422573532741838,0.0044144099683164255,0.0012947351957030007,0.7014760080676878,0.657306363949572,True,0
parameter_mismatch_delta_0.520,parameter_mismatch,35,5,reference_aware,coverage_wait,coverage_wait,True,1.0,1.1,False,False,0.4,0.0,0.6,0.0,0.42,0.06,0.58,0.0,0.24231976217210993,0.004406915119718508,0.0013336885539800836,0.7008126532656422,0.6515294411312196,True,0
parameter_mismatch_delta_0.520,parameter_mismatch,35,5,inferred_failure_aware,coverage_wait,coverage_wait,True,1.0,1.1,False,False,0.4,0.0,0.6,0.0,0.42,0.06,0.58,0.0,0.24231976217210993,0.004406915119718508,0.0013336885539800836,0.7008126532656422,0.6515294411312196,True,0
parameter_mismatch_delta_0.520,parameter_mismatch,35,10,baseline,normal,coverage_wait,False,1.0,1.0,True,True,0.2,0.2,0.8,0.0,0.42,0.06,0.58,0.0,0.2422573532741838,0.0044144099683164255,0.0012947351957030007,0.7014760080676878,0.657306363949572,True,0
parameter_mismatch_delta_0.520,parameter_mismatch,35,10,reference_aware,coverage_wait,coverage_wait,True,1.0,1.1,False,False,0.2,0.2,0.8,0.0,0.42,0.06,0.58,0.0,0.24231976217210993,0.004406915119718508,0.0013336885539800836,0.7008126532656422,0.6515294411312196,True,0
parameter_mismatch_delta_0.520,parameter_mismatch,35,10,inferred_failure_aware,coverage_wait,coverage_wait,True,1.0,1.1,False,False,0.2,0.2,0.8,0.0,0.42,0.06,0.58,0.0,0.24231976217210993,0.004406915119718508,0.0013336885539800836,0.7008126532656422,0.6515294411312196,True,0
parameter_mismatch_delta_0.520,parameter_mismatch,35,20,baseline,normal,coverage_wait,False,1.0,1.0,True,True,0.25,0.1,0.75,0.0,0.42,0.06,0.58,0.0,0.2422573532741838,0.0044144099683164255,0.0012947351957030007,0.7014760080676878,0.657306363949572,True,0
parameter_mismatch_delta_0.520,parameter_mismatch,35,20,reference_aware,coverage_wait,coverage_wait,True,1.0,1.1,False,False,0.25,0.1,0.75,0.0,0.42,0.06,0.58,0.0,0.24231976217210993,0.004406915119718508,0.0013336885539800836,0.7008126532656422,0.6515294411312196,True,0
parameter_mismatch_delta_0.520,parameter_mismatch,35,20,inferred_failure_aware,coverage_wait,coverage_wait,True,1.0,1.1,False,False,0.25,0.1,0.75,0.0,0.42,0.06,0.58,0.0,0.24231976217210993,0.004406915119718508,0.0013336885539800836,0.7008126532656422,0.6515294411312196,True,0
parameter_mismatch_delta_0.520,parameter_mismatch,36,5,baseline,normal,coverage_wait,False,1.0,1.0,True,True,0.2,0.2,0.8,0.0,0.42,0.06,0.58,0.0,0.2633857445253535,0.005116276941776239,0.0029658801030505444,0.7632110448392515,1.0714385162845945,True,0
parameter_mismatch_delta_0.520,parameter_mismatch,36,5,reference_aware,coverage_wait,coverage_wait,True,1.0,1.1,False,False,0.2,0.2,0.8,0.0,0.42,0.06,0.58,0.0,0.26702090563498854,0.005098478511831192,0.0030433044945998855,0.7626279492595238,1.0608707807681117,True,0
parameter_mismatch_delta_0.520,parameter_mismatch,36,5,inferred_failure_aware,coverage_wait,coverage_wait,True,1.0,1.1,False,False,0.2,0.2,0.8,0.0,0.42,0.06,0.58,0.0,0.26702090563498854,0.005098478511831192,0.0030433044945998855,0.7626279492595238,1.0608707807681117,True,0
parameter_mismatch_delta_0.520,parameter_mismatch,36,10,baseline,normal,coverage_wait,False,1.0,1.0,True,True,0.2,0.2,0.8,0.0,0.42,0.06,0.58,0.0,0.2633857445253535,0.005116276941776239,0.0029658801030505444,0.7632110448392515,1.0714385162845945,True,0
parameter_mismatch_delta_0.520,parameter_mismatch,36,10,reference_aware,coverage_wait,coverage_wait,True,1.0,1.1,False,False,0.2,0.2,0.8,0.0,0.42,0.06,0.58,0.0,0.26702090563498854,0.005098478511831192,0.0030433044945998855,0.7626279492595238,1.0608707807681117,True,0
parameter_mismatch_delta_0.520,parameter_mismatch,36,10,inferred_failure_aware,coverage_wait,coverage_wait,True,1.0,1.1,False,False,0.2,0.2,0.8,0.0,0.42,0.06,0.58,0.0,0.26702090563498854,0.005098478511831192,0.0030433044945998855,0.7626279492595238,1.0608707807681117,True,0
parameter_mismatch_delta_0.520,parameter_mismatch,36,20,baseline,normal,coverage_wait,False,1.0,1.0,True,True,0.4,0.1,0.6,0.0,0.42,0.06,0.58,0.0,0.2633857445253535,0.005116276941776239,0.0029658801030505444,0.7632110448392515,1.0714385162845945,True,0
parameter_mismatch_delta_0.520,parameter_mismatch,36,20,reference_aware,coverage_wait,coverage_wait,True,1.0,1.1,False,False,0.4,0.1,0.6,0.0,0.42,0.06,0.58,0.0,0.26702090563498854,0.005098478511831192,0.0030433044945998855,0.7626279492595238,1.0608707807681117,True,0
parameter_mismatch_delta_0.520,parameter_mismatch,36,20,inferred_failure_aware,coverage_wait,coverage_wait,True,1.0,1.1,False,False,0.4,0.1,0.6,0.0,0.42,0.06,0.58,0.0,0.26702090563498854,0.005098478511831192,0.0030433044945998855,0.7626279492595238,1.0608707807681117,True,0
parameter_mismatch_delta_0.520,parameter_mismatch,37,5,baseline,normal,coverage_wait,False,1.0,1.0,True,True,0.0,0.2,1.0,0.0,0.42,0.06,0.58,0.0,0.23067131318488807,0.00442328379146718,0.003688905300625045,0.7458449180412041,0.9556771035109225,True,0
parameter_mismatch_delta_0.520,parameter_mismatch,37,5,reference_aware,coverage_wait,coverage_wait,True,1.0,1.1,False,False,0.0,0.2,1.0,0.0,0.42,0.06,0.58,0.0,0.23315573130934153,0.004414983009686057,0.0037161434680265115,0.7454586226963836,0.9441199786215347,True,0
parameter_mismatch_delta_0.520,parameter_mismatch,37,5,inferred_failure_aware,coverage_wait,coverage_wait,True,1.0,1.1,False,False,0.0,0.2,1.0,0.0,0.42,0.06,0.58,0.0,0.23315573130934153,0.004414983009686057,0.0037161434680265115,0.7454586226963836,0.9441199786215347,True,0
parameter_mismatch_delta_0.520,parameter_mismatch,37,10,baseline,normal,coverage_wait,False,1.0,1.0,True,True,0.2,0.1,0.8,0.0,0.42,0.06,0.58,0.0,0.23067131318488807,0.00442328379146718,0.003688905300625045,0.7458449180412041,0.9556771035109225,True,0
parameter_mismatch_delta_0.520,parameter_mismatch,37,10,reference_aware,coverage_wait,coverage_wait,True,1.0,1.1,False,False,0.2,0.1,0.8,0.0,0.42,0.06,0.58,0.0,0.23315573130934153,0.004414983009686057,0.0037161434680265115,0.7454586226963836,0.9441199786215347,True,0
parameter_mismatch_delta_0.520,parameter_mismatch,37,10,inferred_failure_aware,coverage_wait,coverage_wait,True,1.0,1.1,False,False,0.2,0.1,0.8,0.0,0.42,0.06,0.58,0.0,0.23315573130934153,0.004414983009686057,0.0037161434680265115,0.7454586226963836,0.9441199786215347,True,0
parameter_mismatch_delta_0.520,parameter_mismatch,37,20,baseline,normal,coverage_wait,False,1.0,1.0,True,True,0.35,0.05,0.65,0.0,0.42,0.06,0.58,0.0,0.23067131318488807,0.00442328379146718,0.003688905300625045,0.7458449180412041,0.9556771035109225,True,0
parameter_mismatch_delta_0.520,parameter_mismatch,37,20,reference_aware,coverage_wait,coverage_wait,True,1.0,1.1,False,False,0.35,0.05,0.65,0.0,0.42,0.06,0.58,0.0,0.23315573130934153,0.004414983009686057,0.0037161434680265115,0.7454586226963836,0.9441199786215347,True,0
parameter_mismatch_delta_0.520,parameter_mismatch,37,20,inferred_failure_aware,coverage_wait,coverage_wait,True,1.0,1.1,False,False,0.35,0.05,0.65,0.0,0.42,0.06,0.58,0.0,0.23315573130934153,0.004414983009686057,0.0037161434680265115,0.7454586226963836,0.9441199786215347,True,0
parameter_mismatch_delta_0.520,parameter_mismatch,38,5,baseline,normal,coverage_wait,False,1.0,1.0,True,True,0.4,0.2,0.6,0.0,0.42,0.06,0.58,0.0,0.30405121049830514,0.00568899391137757,0.0006052769197140151,0.7026204770826927,0.8305408853315199,True,0
parameter_mismatch_delta_0.520,parameter_mismatch,38,5,reference_aware,coverage_wait,coverage_wait,True,1.0,1.1,False,False,0.4,0.2,0.6,0.0,0.42,0.06,0.58,0.0,0.3042432697737041,0.0056504960700548825,0.0006453824697285615,0.7017017730987872,0.8183982196363675,True,0
parameter_mismatch_delta_0.520,parameter_mismatch,38,5,inferred_failure_aware,coverage_wait,coverage_wait,True,1.0,1.1,False,False,0.4,0.2,0.6,0.0,0.42,0.06,0.58,0.0,0.3042432697737041,0.0056504960700548825,0.0006453824697285615,0.7017017730987872,0.8183982196363675,True,0
parameter_mismatch_delta_0.520,parameter_mismatch,38,10,baseline,normal,coverage_wait,False,1.0,1.0,True,True,0.5,0.2,0.5,0.0,0.42,0.06,0.58,0.0,0.30405121049830514,0.00568899391137757,0.0006052769197140151,0.7026204770826927,0.8305408853315199,True,0
parameter_mismatch_delta_0.520,parameter_mismatch,38,10,reference_aware,coverage_wait,coverage_wait,True,1.0,1.1,False,False,0.5,0.2,0.5,0.0,0.42,0.06,0.58,0.0,0.3042432697737041,0.0056504960700548825,0.0006453824697285615,0.7017017730987872,0.8183982196363675,True,0
parameter_mismatch_delta_0.520,parameter_mismatch,38,10,inferred_failure_aware,coverage_wait,coverage_wait,True,1.0,1.1,False,False,0.5,0.2,0.5,0.0,0.42,0.06,0.58,0.0,0.3042432697737041,0.0056504960700548825,0.0006453824697285615,0.7017017730987872,0.8183982196363675,True,0
parameter_mismatch_delta_0.520,parameter_mismatch,38,20,baseline,normal,coverage_wait,False,1.0,1.0,True,True,0.45,0.1,0.55,0.0,0.42,0.06,0.58,0.0,0.30405121049830514,0.00568899391137757,0.0006052769197140151,0.7026204770826927,0.8305408853315199,True,0
parameter_mismatch_delta_0.520,parameter_mismatch,38,20,reference_aware,coverage_wait,coverage_wait,True,1.0,1.1,False,False,0.45,0.1,0.55,0.0,0.42,0.06,0.58,0.0,0.3042432697737041,0.0056504960700548825,0.0006453824697285615,0.7017017730987872,0.8183982196363675,True,0
parameter_mismatch_delta_0.520,parameter_mismatch,38,20,inferred_failure_aware,coverage_wait,coverage_wait,True,1.0,1.1,False,False,0.45,0.1,0.55,0.0,0.42,0.06,0.58,0.0,0.3042432697737041,0.0056504960700548825,0.0006453824697285615,0.7017017730987872,0.8183982196363675,True,0
parameter_mismatch_delta_0.520,parameter_mismatch,39,5,baseline,normal,coverage_wait,False,1.0,1.0,True,True,0.2,0.2,0.8,0.0,0.42,0.06,0.58,0.0,0.18948458866221504,0.00438436852754968,0.0020507571732620855,0.7099211150921987,0.8691629309670958,True,0
parameter_mismatch_delta_0.520,parameter_mismatch,39,5,reference_aware,coverage_wait,coverage_wait,True,1.0,1.1,False,False,0.2,0.2,0.8,0.0,0.42,0.06,0.58,0.0,0.19298838743786204,0.004392584012571307,0.0019602340845781274,0.7094227620225682,0.8618371526341858,True,0
parameter_mismatch_delta_0.520,parameter_mismatch,39,5,inferred_failure_aware,coverage_wait,coverage_wait,True,1.0,1.1,False,False,0.2,0.2,0.8,0.0,0.42,0.06,0.58,0.0,0.19298838743786204,0.004392584012571307,0.0019602340845781274,0.7094227620225682,0.8618371526341858,True,0
parameter_mismatch_delta_0.520,parameter_mismatch,39,10,baseline,normal,coverage_wait,False,1.0,1.0,True,True,0.3,0.2,0.7,0.0,0.42,0.06,0.58,0.0,0.18948458866221504,0.00438436852754968,0.0020507571732620855,0.7099211150921987,0.8691629309670958,True,0
parameter_mismatch_delta_0.520,parameter_mismatch,39,10,reference_aware,coverage_wait,coverage_wait,True,1.0,1.1,False,False,0.3,0.2,0.7,0.0,0.42,0.06,0.58,0.0,0.19298838743786204,0.004392584012571307,0.0019602340845781274,0.7094227620225682,0.8618371526341858,True,0
parameter_mismatch_delta_0.520,parameter_mismatch,39,10,inferred_failure_aware,coverage_wait,coverage_wait,True,1.0,1.1,False,False,0.3,0.2,0.7,0.0,0.42,0.06,0.58,0.0,0.19298838743786204,0.004392584012571307,0.0019602340845781274,0.7094227620225682,0.8618371526341858,True,0
parameter_mismatch_delta_0.520,parameter_mismatch,39,20,baseline,normal,coverage_wait,False,1.0,1.0,True,True,0.35,0.1,0.65,0.0,0.42,0.06,0.58,0.0,0.18948458866221504,0.00438436852754968,0.0020507571732620855,0.7099211150921987,0.8691629309670958,True,0
parameter_mismatch_delta_0.520,parameter_mismatch,39,20,reference_aware,coverage_wait,coverage_wait,True,1.0,1.1,False,False,0.35,0.1,0.65,0.0,0.42,0.06,0.58,0.0,0.19298838743786204,0.004392584012571307,0.0019602340845781274,0.7094227620225682,0.8618371526341858,True,0
parameter_mismatch_delta_0.520,parameter_mismatch,39,20,inferred_failure_aware,coverage_wait,coverage_wait,True,1.0,1.1,False,False,0.35,0.1,0.65,0.0,0.42,0.06,0.58,0.0,0.19298838743786204,0.004392584012571307,0.0019602340845781274,0.7094227620225682,0.8618371526341858,True,0
parameter_mismatch_delta_0.520,parameter_mismatch,40,5,baseline,normal,coverage_wait,False,1.0,1.0,True,True,0.6,0.0,0.4,0.0,0.42,0.06,0.58,0.0,0.18660390655656442,0.0036845090602512943,0.003313395971271005,0.7138359112154632,0.864391448936751,True,0
parameter_mismatch_delta_0.520,parameter_mismatch,40,5,reference_aware,coverage_wait,coverage_wait,True,1.0,1.1,False,False,0.6,0.0,0.4,0.0,0.42,0.06,0.58,0.0,0.18989466568293822,0.0036607867767074016,0.003222373767826081,0.7134592065999622,0.8570301979042598,True,0
parameter_mismatch_delta_0.520,parameter_mismatch,40,5,inferred_failure_aware,coverage_wait,coverage_wait,True,1.0,1.1,False,False,0.6,0.0,0.4,0.0,0.42,0.06,0.58,0.0,0.18989466568293822,0.0036607867767074016,0.003222373767826081,0.7134592065999622,0.8570301979042598,True,0
parameter_mismatch_delta_0.520,parameter_mismatch,40,10,baseline,normal,coverage_wait,False,1.0,1.0,True,True,0.5,0.0,0.5,0.0,0.42,0.06,0.58,0.0,0.18660390655656442,0.0036845090602512943,0.003313395971271005,0.7138359112154632,0.864391448936751,True,0
parameter_mismatch_delta_0.520,parameter_mismatch,40,10,reference_aware,coverage_wait,coverage_wait,True,1.0,1.1,False,False,0.5,0.0,0.5,0.0,0.42,0.06,0.58,0.0,0.18989466568293822,0.0036607867767074016,0.003222373767826081,0.7134592065999622,0.8570301979042598,True,0
parameter_mismatch_delta_0.520,parameter_mismatch,40,10,inferred_failure_aware,coverage_wait,coverage_wait,True,1.0,1.1,False,False,0.5,0.0,0.5,0.0,0.42,0.06,0.58,0.0,0.18989466568293822,0.0036607867767074016,0.003222373767826081,0.7134592065999622,0.8570301979042598,True,0
parameter_mismatch_delta_0.520,parameter_mismatch,40,20,baseline,normal,coverage_wait,False,1.0,1.0,True,True,0.45,0.05,0.55,0.0,0.42,0.06,0.58,0.0,0.18660390655656442,0.0036845090602512943,0.003313395971271005,0.7138359112154632,0.864391448936751,True,0
parameter_mismatch_delta_0.520,parameter_mismatch,40,20,reference_aware,coverage_wait,coverage_wait,True,1.0,1.1,False,False,0.45,0.05,0.55,0.0,0.42,0.06,0.58,0.0,0.18989466568293822,0.0036607867767074016,0.003222373767826081,0.7134592065999622,0.8570301979042598,True,0
parameter_mismatch_delta_0.520,parameter_mismatch,40,20,inferred_failure_aware,coverage_wait,coverage_wait,True,1.0,1.1,False,False,0.45,0.05,0.55,0.0,0.42,0.06,0.58,0.0,0.18989466568293822,0.0036607867767074016,0.003222373767826081,0.7134592065999622,0.8570301979042598,True,0
parameter_mismatch_delta_0.520,parameter_mismatch,41,5,baseline,normal,coverage_wait,False,1.0,1.0,True,True,0.0,0.0,1.0,0.0,0.42,0.06,0.58,0.0,0.2920386014602406,0.005391800966620304,0.0015215556351960702,0.7186797599764534,0.8421969651939704,True,0
parameter_mismatch_delta_0.520,parameter_mismatch,41,5,reference_aware,coverage_wait,coverage_wait,True,1.0,1.1,False,False,0.0,0.0,1.0,0.0,0.42,0.06,0.58,0.0,0.29311328242844614,0.00535486580181182,0.0015779806672862051,0.7176419898364932,0.8310202422463097,True,0
parameter_mismatch_delta_0.520,parameter_mismatch,41,5,inferred_failure_aware,coverage_wait,coverage_wait,True,1.0,1.1,False,False,0.0,0.0,1.0,0.0,0.42,0.06,0.58,0.0,0.29311328242844614,0.00535486580181182,0.0015779806672862051,0.7176419898364932,0.8310202422463097,True,0
parameter_mismatch_delta_0.520,parameter_mismatch,41,10,baseline,normal,coverage_wait,False,1.0,1.0,True,True,0.2,0.0,0.8,0.0,0.42,0.06,0.58,0.0,0.2920386014602406,0.005391800966620304,0.0015215556351960702,0.7186797599764534,0.8421969651939704,True,0
parameter_mismatch_delta_0.520,parameter_mismatch,41,10,reference_aware,coverage_wait,coverage_wait,True,1.0,1.1,False,False,0.2,0.0,0.8,0.0,0.42,0.06,0.58,0.0,0.29311328242844614,0.00535486580181182,0.0015779806672862051,0.7176419898364932,0.8310202422463097,True,0
parameter_mismatch_delta_0.520,parameter_mismatch,41,10,inferred_failure_aware,coverage_wait,coverage_wait,True,1.0,1.1,False,False,0.2,0.0,0.8,0.0,0.42,0.06,0.58,0.0,0.29311328242844614,0.00535486580181182,0.0015779806672862051,0.7176419898364932,0.8310202422463097,True,0
parameter_mismatch_delta_0.520,parameter_mismatch,41,20,baseline,normal,coverage_wait,False,1.0,1.0,True,True,0.35,0.05,0.65,0.0,0.42,0.06,0.58,0.0,0.2920386014602406,0.005391800966620304,0.0015215556351960702,0.7186797599764534,0.8421969651939704,True,0
parameter_mismatch_delta_0.520,parameter_mismatch,41,20,reference_aware,coverage_wait,coverage_wait,True,1.0,1.1,False,False,0.35,0.05,0.65,0.0,0.42,0.06,0.58,0.0,0.29311328242844614,0.00535486580181182,0.0015779806672862051,0.7176419898364932,0.8310202422463097,True,0
parameter_mismatch_delta_0.520,parameter_mismatch,41,20,inferred_failure_aware,coverage_wait,coverage_wait,True,1.0,1.1,False,False,0.35,0.05,0.65,0.0,0.42,0.06,0.58,0.0,0.29311328242844614,0.00535486580181182,0.0015779806672862051,0.7176419898364932,0.8310202422463097,True,0
parameter_mismatch_delta_0.520,parameter_mismatch,42,5,baseline,normal,coverage_wait,False,1.0,1.0,True,True,0.4,0.4,0.6,0.0,0.42,0.06,0.58,0.0,0.22114810188692316,0.00435007516597134,0.009140307638307865,0.7469085975366413,0.8197676066659193,True,0
parameter_mismatch_delta_0.520,parameter_mismatch,42,5,reference_aware,coverage_wait,coverage_wait,True,1.0,1.1,False,False,0.4,0.4,0.6,0.0,0.42,0.06,0.58,0.0,0.22319409356664727,0.0043426798581788035,0.00919520118606898,0.7463972662235563,0.8112111646005795,True,0
parameter_mismatch_delta_0.520,parameter_mismatch,42,5,inferred_failure_aware,coverage_wait,coverage_wait,True,1.0,1.1,False,False,0.4,0.4,0.6,0.0,0.42,0.06,0.58,0.0,0.22319409356664727,0.0043426798581788035,0.00919520118606898,0.7463972662235563,0.8112111646005795,True,0
parameter_mismatch_delta_0.520,parameter_mismatch,42,10,baseline,normal,coverage_wait,False,1.0,1.0,True,True,0.3,0.2,0.7,0.0,0.42,0.06,0.58,0.0,0.22114810188692316,0.00435007516597134,0.009140307638307865,0.7469085975366413,0.8197676066659193,True,0
parameter_mismatch_delta_0.520,parameter_mismatch,42,10,reference_aware,coverage_wait,coverage_wait,True,1.0,1.1,False,False,0.3,0.2,0.7,0.0,0.42,0.06,0.58,0.0,0.22319409356664727,0.0043426798581788035,0.00919520118606898,0.7463972662235563,0.8112111646005795,True,0
parameter_mismatch_delta_0.520,parameter_mismatch,42,10,inferred_failure_aware,coverage_wait,coverage_wait,True,1.0,1.1,False,False,0.3,0.2,0.7,0.0,0.42,0.06,0.58,0.0,0.22319409356664727,0.0043426798581788035,0.00919520118606898,0.7463972662235563,0.8112111646005795,True,0
parameter_mismatch_delta_0.520,parameter_mismatch,42,20,baseline,normal,coverage_wait,False,1.0,1.0,True,True,0.35,0.1,0.65,0.0,0.42,0.06,0.58,0.0,0.22114810188692316,0.00435007516597134,0.009140307638307865,0.7469085975366413,0.8197676066659193,True,0
parameter_mismatch_delta_0.520,parameter_mismatch,42,20,reference_aware,coverage_wait,coverage_wait,True,1.0,1.1,False,False,0.35,0.1,0.65,0.0,0.42,0.06,0.58,0.0,0.22319409356664727,0.0043426798581788035,0.00919520118606898,0.7463972662235563,0.8112111646005795,True,0
parameter_mismatch_delta_0.520,parameter_mismatch,42,20,inferred_failure_aware,coverage_wait,coverage_wait,True,1.0,1.1,False,False,0.35,0.1,0.65,0.0,0.42,0.06,0.58,0.0,0.22319409356664727,0.0043426798581788035,0.00919520118606898,0.7463972662235563,0.8112111646005795,True,0
parameter_mismatch_delta_0.520,parameter_mismatch,43,5,baseline,normal,coverage_wait,False,1.0,1.0,True,True,0.0,0.0,1.0,0.0,0.42,0.06,0.58,0.0,0.266066131952445,0.005535735001364341,0.003451322220760944,0.7540380984374759,1.1010999401484542,True,0
parameter_mismatch_delta_0.520,parameter_mismatch,43,5,reference_aware,coverage_wait,coverage_wait,True,1.0,1.1,False,False,0.0,0.0,1.0,0.0,0.42,0.06,0.58,0.0,0.2694901289967101,0.005524900039522486,0.0033951276051589208,0.7542346625490122,1.0881217421418004,True,0
parameter_mismatch_delta_0.520,parameter_mismatch,43,5,inferred_failure_aware,coverage_wait,coverage_wait,True,1.0,1.1,False,False,0.0,0.0,1.0,0.0,0.42,0.06,0.58,0.0,0.2694901289967101,0.005524900039522486,0.0033951276051589208,0.7542346625490122,1.0881217421418004,True,0
parameter_mismatch_delta_0.520,parameter_mismatch,43,10,baseline,normal,coverage_wait,False,1.0,1.0,True,True,0.1,0.0,0.9,0.0,0.42,0.06,0.58,0.0,0.266066131952445,0.005535735001364341,0.003451322220760944,0.7540380984374759,1.1010999401484542,True,0
parameter_mismatch_delta_0.520,parameter_mismatch,43,10,reference_aware,coverage_wait,coverage_wait,True,1.0,1.1,False,False,0.1,0.0,0.9,0.0,0.42,0.06,0.58,0.0,0.2694901289967101,0.005524900039522486,0.0033951276051589208,0.7542346625490122,1.0881217421418004,True,0
parameter_mismatch_delta_0.520,parameter_mismatch,43,10,inferred_failure_aware,coverage_wait,coverage_wait,True,1.0,1.1,False,False,0.1,0.0,0.9,0.0,0.42,0.06,0.58,0.0,0.2694901289967101,0.005524900039522486,0.0033951276051589208,0.7542346625490122,1.0881217421418004,True,0
parameter_mismatch_delta_0.520,parameter_mismatch,43,20,baseline,normal,coverage_wait,False,1.0,1.0,True,True,0.25,0.05,0.75,0.0,0.42,0.06,0.58,0.0,0.266066131952445,0.005535735001364341,0.003451322220760944,0.7540380984374759,1.1010999401484542,True,0
parameter_mismatch_delta_0.520,parameter_mismatch,43,20,reference_aware,coverage_wait,coverage_wait,True,1.0,1.1,False,False,0.25,0.05,0.75,0.0,0.42,0.06,0.58,0.0,0.2694901289967101,0.005524900039522486,0.0033951276051589208,0.7542346625490122,1.0881217421418004,True,0
parameter_mismatch_delta_0.520,parameter_mismatch,43,20,inferred_failure_aware,coverage_wait,coverage_wait,True,1.0,1.1,False,False,0.25,0.05,0.75,0.0,0.42,0.06,0.58,0.0,0.2694901289967101,0.005524900039522486,0.0033951276051589208,0.7542346625490122,1.0881217421418004,True,0
parameter_mismatch_delta_0.520,parameter_mismatch,44,5,baseline,normal,coverage_wait,False,1.0,1.0,True,True,0.4,0.2,0.6,0.0,0.42,0.06,0.58,0.0,0.27357856422731197,0.004962054196962393,0.0011986497413484232,0.7588362888067125,1.0483643576685129,True,0
parameter_mismatch_delta_0.520,parameter_mismatch,44,5,reference_aware,coverage_wait,coverage_wait,True,1.0,1.1,False,False,0.4,0.2,0.6,0.0,0.42,0.06,0.58,0.0,0.2757538851107262,0.004935246678439924,0.0012343196124671163,0.7590165482504736,1.0367057038548004,True,0
parameter_mismatch_delta_0.520,parameter_mismatch,44,5,inferred_failure_aware,coverage_wait,coverage_wait,True,1.0,1.1,False,False,0.4,0.2,0.6,0.0,0.42,0.06,0.58,0.0,0.2757538851107262,0.004935246678439924,0.0012343196124671163,0.7590165482504736,1.0367057038548004,True,0
parameter_mismatch_delta_0.520,parameter_mismatch,44,10,baseline,normal,coverage_wait,False,1.0,1.0,True,True,0.3,0.2,0.7,0.0,0.42,0.06,0.58,0.0,0.27357856422731197,0.004962054196962393,0.0011986497413484232,0.7588362888067125,1.0483643576685129,True,0
parameter_mismatch_delta_0.520,parameter_mismatch,44,10,reference_aware,coverage_wait,coverage_wait,True,1.0,1.1,False,False,0.3,0.2,0.7,0.0,0.42,0.06,0.58,0.0,0.2757538851107262,0.004935246678439924,0.0012343196124671163,0.7590165482504736,1.0367057038548004,True,0
parameter_mismatch_delta_0.520,parameter_mismatch,44,10,inferred_failure_aware,coverage_wait,coverage_wait,True,1.0,1.1,False,False,0.3,0.2,0.7,0.0,0.42,0.06,0.58,0.0,0.2757538851107262,0.004935246678439924,0.0012343196124671163,0.7590165482504736,1.0367057038548004,True,0
parameter_mismatch_delta_0.520,parameter_mismatch,44,20,baseline,normal,coverage_wait,False,1.0,1.0,True,True,0.35,0.1,0.65,0.0,0.42,0.06,0.58,0.0,0.27357856422731197,0.004962054196962393,0.0011986497413484232,0.7588362888067125,1.0483643576685129,True,0
parameter_mismatch_delta_0.520,parameter_mismatch,44,20,reference_aware,coverage_wait,coverage_wait,True,1.0,1.1,False,False,0.35,0.1,0.65,0.0,0.42,0.06,0.58,0.0,0.2757538851107262,0.004935246678439924,0.0012343196124671163,0.7590165482504736,1.0367057038548004,True,0
parameter_mismatch_delta_0.520,parameter_mismatch,44,20,inferred_failure_aware,coverage_wait,coverage_wait,True,1.0,1.1,False,False,0.35,0.1,0.65,0.0,0.42,0.06,0.58,0.0,0.2757538851107262,0.004935246678439924,0.0012343196124671163,0.7590165482504736,1.0367057038548004,True,0
parameter_mismatch_delta_0.520,parameter_mismatch,45,5,baseline,normal,coverage_wait,False,1.0,1.0,True,True,0.8,0.2,0.2,0.0,0.42,0.06,0.58,0.0,0.29858740959578794,0.004959816900907695,0.002733797005315397,0.7488675665697517,1.0584878145372107,True,0
parameter_mismatch_delta_0.520,parameter_mismatch,45,5,reference_aware,coverage_wait,coverage_wait,True,1.0,1.1,False,False,0.8,0.2,0.2,0.0,0.42,0.06,0.58,0.0,0.30185868883451916,0.004966064612313595,0.0027592531913732676,0.7483822503148364,1.0439162022783857,True,0
parameter_mismatch_delta_0.520,parameter_mismatch,45,5,inferred_failure_aware,accuracy_guard,coverage_wait,False,0.9,1.75,False,False,0.8,0.2,0.2,0.0,0.42,0.06,0.58,0.0,0.317279046876097,0.0046894787273087735,0.0023468583894531436,0.7104188388945004,0.9662913674712459,True,0
parameter_mismatch_delta_0.520,parameter_mismatch,45,10,baseline,normal,coverage_wait,False,1.0,1.0,True,True,0.8,0.1,0.2,0.0,0.42,0.06,0.58,0.0,0.29858740959578794,0.004959816900907695,0.002733797005315397,0.7488675665697517,1.0584878145372107,True,0
parameter_mismatch_delta_0.520,parameter_mismatch,45,10,reference_aware,coverage_wait,coverage_wait,True,1.0,1.1,False,False,0.8,0.1,0.2,0.0,0.42,0.06,0.58,0.0,0.30185868883451916,0.004966064612313595,0.0027592531913732676,0.7483822503148364,1.0439162022783857,True,0
parameter_mismatch_delta_0.520,parameter_mismatch,45,10,inferred_failure_aware,coverage_wait,coverage_wait,True,1.0,1.1,False,False,0.8,0.1,0.2,0.0,0.42,0.06,0.58,0.0,0.30185868883451916,0.004966064612313595,0.0027592531913732676,0.7483822503148364,1.0439162022783857,True,0
parameter_mismatch_delta_0.520,parameter_mismatch,45,20,baseline,normal,coverage_wait,False,1.0,1.0,True,True,0.55,0.15,0.45,0.0,0.42,0.06,0.58,0.0,0.29858740959578794,0.004959816900907695,0.002733797005315397,0.7488675665697517,1.0584878145372107,True,0
parameter_mismatch_delta_0.520,parameter_mismatch,45,20,reference_aware,coverage_wait,coverage_wait,True,1.0,1.1,False,False,0.55,0.15,0.45,0.0,0.42,0.06,0.58,0.0,0.30185868883451916,0.004966064612313595,0.0027592531913732676,0.7483822503148364,1.0439162022783857,True,0
parameter_mismatch_delta_0.520,parameter_mismatch,45,20,inferred_failure_aware,coverage_wait,coverage_wait,True,1.0,1.1,False,False,0.55,0.15,0.45,0.0,0.42,0.06,0.58,0.0,0.30185868883451916,0.004966064612313595,0.0027592531913732676,0.7483822503148364,1.0439162022783857,True,0
parameter_mismatch_delta_0.520,parameter_mismatch,46,5,baseline,normal,coverage_wait,False,1.0,1.0,True,True,0.2,0.2,0.8,0.0,0.42,0.06,0.58,0.0,0.2672465779834195,0.005206636594276833,0.00021130150202774978,0.7196337878909769,0.8413490426069892,True,0
parameter_mismatch_delta_0.520,parameter_mismatch,46,5,reference_aware,coverage_wait,coverage_wait,True,1.0,1.1,False,False,0.2,0.2,0.8,0.0,0.42,0.06,0.58,0.0,0.26889427373199876,0.005187423387540408,0.00032485416874783457,0.7188531434542336,0.8324370754787479,True,0
parameter_mismatch_delta_0.520,parameter_mismatch,46,5,inferred_failure_aware,coverage_wait,coverage_wait,True,1.0,1.1,False,False,0.2,0.2,0.8,0.0,0.42,0.06,0.58,0.0,0.26889427373199876,0.005187423387540408,0.00032485416874783457,0.7188531434542336,0.8324370754787479,True,0
parameter_mismatch_delta_0.520,parameter_mismatch,46,10,baseline,normal,coverage_wait,False,1.0,1.0,True,True,0.2,0.1,0.8,0.0,0.42,0.06,0.58,0.0,0.2672465779834195,0.005206636594276833,0.00021130150202774978,0.7196337878909769,0.8413490426069892,True,0
parameter_mismatch_delta_0.520,parameter_mismatch,46,10,reference_aware,coverage_wait,coverage_wait,True,1.0,1.1,False,False,0.2,0.1,0.8,0.0,0.42,0.06,0.58,0.0,0.26889427373199876,0.005187423387540408,0.00032485416874783457,0.7188531434542336,0.8324370754787479,True,0
parameter_mismatch_delta_0.520,parameter_mismatch,46,10,inferred_failure_aware,coverage_wait,coverage_wait,True,1.0,1.1,False,False,0.2,0.1,0.8,0.0,0.42,0.06,0.58,0.0,0.26889427373199876,0.005187423387540408,0.00032485416874783457,0.7188531434542336,0.8324370754787479,True,0
parameter_mismatch_delta_0.520,parameter_mismatch,46,20,baseline,normal,coverage_wait,False,1.0,1.0,True,True,0.35,0.1,0.65,0.0,0.42,0.06,0.58,0.0,0.2672465779834195,0.005206636594276833,0.00021130150202774978,0.7196337878909769,0.8413490426069892,True,0
parameter_mismatch_delta_0.520,parameter_mismatch,46,20,reference_aware,coverage_wait,coverage_wait,True,1.0,1.1,False,False,0.35,0.1,0.65,0.0,0.42,0.06,0.58,0.0,0.26889427373199876,0.005187423387540408,0.00032485416874783457,0.7188531434542336,0.8324370754787479,True,0
parameter_mismatch_delta_0.520,parameter_mismatch,46,20,inferred_failure_aware,coverage_wait,coverage_wait,True,1.0,1.1,False,False,0.35,0.1,0.65,0.0,0.42,0.06,0.58,0.0,0.26889427373199876,0.005187423387540408,0.00032485416874783457,0.7188531434542336,0.8324370754787479,True,0
parameter_mismatch_delta_0.520,parameter_mismatch,47,5,baseline,normal,coverage_wait,False,1.0,1.0,True,True,0.6,0.0,0.4,0.0,0.42,0.06,0.58,0.0,0.1982075209856273,0.0036531341986524826,0.0056033172626978045,0.693062546624301,0.5705766946275509,True,0
parameter_mismatch_delta_0.520,parameter_mismatch,47,5,reference_aware,coverage_wait,coverage_wait,True,1.0,1.1,False,False,0.6,0.0,0.4,0.0,0.42,0.06,0.58,0.0,0.19900726140475022,0.0036300544255854503,0.005492539263127427,0.6926928403022339,0.5671359584398338,True,0
parameter_mismatch_delta_0.520,parameter_mismatch,47,5,inferred_failure_aware,coverage_wait,coverage_wait,True,1.0,1.1,False,False,0.6,0.0,0.4,0.0,0.42,0.06,0.58,0.0,0.19900726140475022,0.0036300544255854503,0.005492539263127427,0.6926928403022339,0.5671359584398338,True,0
parameter_mismatch_delta_0.520,parameter_mismatch,47,10,baseline,normal,coverage_wait,False,1.0,1.0,True,True,0.5,0.0,0.5,0.0,0.42,0.06,0.58,0.0,0.1982075209856273,0.0036531341986524826,0.0056033172626978045,0.693062546624301,0.5705766946275509,True,0
parameter_mismatch_delta_0.520,parameter_mismatch,47,10,reference_aware,coverage_wait,coverage_wait,True,1.0,1.1,False,False,0.5,0.0,0.5,0.0,0.42,0.06,0.58,0.0,0.19900726140475022,0.0036300544255854503,0.005492539263127427,0.6926928403022339,0.5671359584398338,True,0
parameter_mismatch_delta_0.520,parameter_mismatch,47,10,inferred_failure_aware,coverage_wait,coverage_wait,True,1.0,1.1,False,False,0.5,0.0,0.5,0.0,0.42,0.06,0.58,0.0,0.19900726140475022,0.0036300544255854503,0.005492539263127427,0.6926928403022339,0.5671359584398338,True,0
parameter_mismatch_delta_0.520,parameter_mismatch,47,20,baseline,normal,coverage_wait,False,1.0,1.0,True,True,0.4,0.0,0.6,0.0,0.42,0.06,0.58,0.0,0.1982075209856273,0.0036531341986524826,0.0056033172626978045,0.693062546624301,0.5705766946275509,True,0
parameter_mismatch_delta_0.520,parameter_mismatch,47,20,reference_aware,coverage_wait,coverage_wait,True,1.0,1.1,False,False,0.4,0.0,0.6,0.0,0.42,0.06,0.58,0.0,0.19900726140475022,0.0036300544255854503,0.005492539263127427,0.6926928403022339,0.5671359584398338,True,0
parameter_mismatch_delta_0.520,parameter_mismatch,47,20,inferred_failure_aware,coverage_wait,coverage_wait,True,1.0,1.1,False,False,0.4,0.0,0.6,0.0,0.42,0.06,0.58,0.0,0.19900726140475022,0.0036300544255854503,0.005492539263127427,0.6926928403022339,0.5671359584398338,True,0
parameter_mismatch_delta_0.520,parameter_mismatch,48,5,baseline,normal,coverage_wait,False,1.0,1.0,True,True,0.4,0.0,0.6,0.0,0.42,0.06,0.58,0.0,0.21070265993437545,0.004530306670787274,0.005289074046764042,0.7396536067235691,0.853883936301893,True,0
parameter_mismatch_delta_0.520,parameter_mismatch,48,5,reference_aware,coverage_wait,coverage_wait,True,1.0,1.1,False,False,0.4,0.0,0.6,0.0,0.42,0.06,0.58,0.0,0.21308626284522642,0.00454308071267213,0.005312441302530502,0.739185810010898,0.8451111048424703,True,0
parameter_mismatch_delta_0.520,parameter_mismatch,48,5,inferred_failure_aware,coverage_wait,coverage_wait,True,1.0,1.1,False,False,0.4,0.0,0.6,0.0,0.42,0.06,0.58,0.0,0.21308626284522642,0.00454308071267213,0.005312441302530502,0.739185810010898,0.8451111048424703,True,0
parameter_mismatch_delta_0.520,parameter_mismatch,48,10,baseline,normal,coverage_wait,False,1.0,1.0,True,True,0.4,0.1,0.6,0.0,0.42,0.06,0.58,0.0,0.21070265993437545,0.004530306670787274,0.005289074046764042,0.7396536067235691,0.853883936301893,True,0
parameter_mismatch_delta_0.520,parameter_mismatch,48,10,reference_aware,coverage_wait,coverage_wait,True,1.0,1.1,False,False,0.4,0.1,0.6,0.0,0.42,0.06,0.58,0.0,0.21308626284522642,0.00454308071267213,0.005312441302530502,0.739185810010898,0.8451111048424703,True,0
parameter_mismatch_delta_0.520,parameter_mismatch,48,10,inferred_failure_aware,coverage_wait,coverage_wait,True,1.0,1.1,False,False,0.4,0.1,0.6,0.0,0.42,0.06,0.58,0.0,0.21308626284522642,0.00454308071267213,0.005312441302530502,0.739185810010898,0.8451111048424703,True,0
parameter_mismatch_delta_0.520,parameter_mismatch,48,20,baseline,normal,coverage_wait,False,1.0,1.0,True,True,0.45,0.05,0.55,0.0,0.42,0.06,0.58,0.0,0.21070265993437545,0.004530306670787274,0.005289074046764042,0.7396536067235691,0.853883936301893,True,0
parameter_mismatch_delta_0.520,parameter_mismatch,48,20,reference_aware,coverage_wait,coverage_wait,True,1.0,1.1,False,False,0.45,0.05,0.55,0.0,0.42,0.06,0.58,0.0,0.21308626284522642,0.00454308071267213,0.005312441302530502,0.739185810010898,0.8451111048424703,True,0
parameter_mismatch_delta_0.520,parameter_mismatch,48,20,inferred_failure_aware,coverage_wait,coverage_wait,True,1.0,1.1,False,False,0.45,0.05,0.55,0.0,0.42,0.06,0.58,0.0,0.21308626284522642,0.00454308071267213,0.005312441302530502,0.739185810010898,0.8451111048424703,True,0
parameter_mismatch_delta_0.520,parameter_mismatch,49,5,baseline,normal,coverage_wait,False,1.0,1.0,True,True,0.2,0.2,0.8,0.0,0.42,0.06,0.58,0.0,0.17718077948380814,0.0032130278232408312,0.0003464888952764422,0.7066429806341105,0.6785369803120603,True,0
parameter_mismatch_delta_0.520,parameter_mismatch,49,5,reference_aware,coverage_wait,coverage_wait,True,1.0,1.1,False,False,0.2,0.2,0.8,0.0,0.42,0.06,0.58,0.0,0.17826385588011798,0.0031932315076527006,0.0002972770562329474,0.7059440332979814,0.6735923886551518,True,0
parameter_mismatch_delta_0.520,parameter_mismatch,49,5,inferred_failure_aware,coverage_wait,coverage_wait,True,1.0,1.1,False,False,0.2,0.2,0.8,0.0,0.42,0.06,0.58,0.0,0.17826385588011798,0.0031932315076527006,0.0002972770562329474,0.7059440332979814,0.6735923886551518,True,0
parameter_mismatch_delta_0.520,parameter_mismatch,49,10,baseline,normal,coverage_wait,False,1.0,1.0,True,True,0.2,0.1,0.8,0.0,0.42,0.06,0.58,0.0,0.17718077948380814,0.0032130278232408312,0.0003464888952764422,0.7066429806341105,0.6785369803120603,True,0
parameter_mismatch_delta_0.520,parameter_mismatch,49,10,reference_aware,coverage_wait,coverage_wait,True,1.0,1.1,False,False,0.2,0.1,0.8,0.0,0.42,0.06,0.58,0.0,0.17826385588011798,0.0031932315076527006,0.0002972770562329474,0.7059440332979814,0.6735923886551518,True,0
parameter_mismatch_delta_0.520,parameter_mismatch,49,10,inferred_failure_aware,coverage_wait,coverage_wait,True,1.0,1.1,False,False,0.2,0.1,0.8,0.0,0.42,0.06,0.58,0.0,0.17826385588011798,0.0031932315076527006,0.0002972770562329474,0.7059440332979814,0.6735923886551518,True,0
parameter_mismatch_delta_0.520,parameter_mismatch,49,20,baseline,normal,coverage_wait,False,1.0,1.0,True,True,0.35,0.05,0.65,0.0,0.42,0.06,0.58,0.0,0.17718077948380814,0.0032130278232408312,0.0003464888952764422,0.7066429806341105,0.6785369803120603,True,0
parameter_mismatch_delta_0.520,parameter_mismatch,49,20,reference_aware,coverage_wait,coverage_wait,True,1.0,1.1,False,False,0.35,0.05,0.65,0.0,0.42,0.06,0.58,0.0,0.17826385588011798,0.0031932315076527006,0.0002972770562329474,0.7059440332979814,0.6735923886551518,True,0
parameter_mismatch_delta_0.520,parameter_mismatch,49,20,inferred_failure_aware,coverage_wait,coverage_wait,True,1.0,1.1,False,False,0.35,0.05,0.65,0.0,0.42,0.06,0.58,0.0,0.17826385588011798,0.0031932315076527006,0.0002972770562329474,0.7059440332979814,0.6735923886551518,True,0
parameter_mismatch_delta_0.520,parameter_mismatch,50,5,baseline,normal,coverage_wait,False,1.0,1.0,True,True,1.0,0.0,0.0,0.0,0.42,0.06,0.58,0.0,0.3337654524077115,0.004760281029191373,0.001016825108481223,0.7456606146063202,0.9361600128694664,True,0
parameter_mismatch_delta_0.520,parameter_mismatch,50,5,reference_aware,coverage_wait,coverage_wait,True,1.0,1.1,False,False,1.0,0.0,0.0,0.0,0.42,0.06,0.58,0.0,0.3361415955207406,0.0047360065196475065,0.0010950517578178776,0.7450794446559758,0.9275051821535926,True,0
parameter_mismatch_delta_0.520,parameter_mismatch,50,5,inferred_failure_aware,accuracy_guard,coverage_wait,False,0.9,1.75,False,False,1.0,0.0,0.0,0.0,0.42,0.06,0.58,0.0,0.3451544140141986,0.004245892590676904,0.0009959282766973665,0.7062506208949599,0.8775168374364137,True,0
parameter_mismatch_delta_0.520,parameter_mismatch,50,10,baseline,normal,coverage_wait,False,1.0,1.0,True,True,0.5,0.0,0.5,0.0,0.42,0.06,0.58,0.0,0.3337654524077115,0.004760281029191373,0.001016825108481223,0.7456606146063202,0.9361600128694664,True,0
parameter_mismatch_delta_0.520,parameter_mismatch,50,10,reference_aware,coverage_wait,coverage_wait,True,1.0,1.1,False,False,0.5,0.0,0.5,0.0,0.42,0.06,0.58,0.0,0.3361415955207406,0.0047360065196475065,0.0010950517578178776,0.7450794446559758,0.9275051821535926,True,0
parameter_mismatch_delta_0.520,parameter_mismatch,50,10,inferred_failure_aware,coverage_wait,coverage_wait,True,1.0,1.1,False,False,0.5,0.0,0.5,0.0,0.42,0.06,0.58,0.0,0.3361415955207406,0.0047360065196475065,0.0010950517578178776,0.7450794446559758,0.9275051821535926,True,0
parameter_mismatch_delta_0.520,parameter_mismatch,50,20,baseline,normal,coverage_wait,False,1.0,1.0,True,True,0.4,0.05,0.6,0.0,0.42,0.06,0.58,0.0,0.3337654524077115,0.004760281029191373,0.001016825108481223,0.7456606146063202,0.9361600128694664,True,0
parameter_mismatch_delta_0.520,parameter_mismatch,50,20,reference_aware,coverage_wait,coverage_wait,True,1.0,1.1,False,False,0.4,0.05,0.6,0.0,0.42,0.06,0.58,0.0,0.3361415955207406,0.0047360065196475065,0.0010950517578178776,0.7450794446559758,0.9275051821535926,True,0
parameter_mismatch_delta_0.520,parameter_mismatch,50,20,inferred_failure_aware,coverage_wait,coverage_wait,True,1.0,1.1,False,False,0.4,0.05,0.6,0.0,0.42,0.06,0.58,0.0,0.3361415955207406,0.0047360065196475065,0.0010950517578178776,0.7450794446559758,0.9275051821535926,True,0
parameter_mismatch_delta_0.520,parameter_mismatch,51,5,baseline,normal,coverage_wait,False,1.0,1.0,True,True,0.4,0.0,0.6,0.0,0.42,0.06,0.58,0.0,0.2840004193181646,0.005016192215661305,0.004722965667412149,0.7281380051881584,0.8624719541533787,True,0
parameter_mismatch_delta_0.520,parameter_mismatch,51,5,reference_aware,coverage_wait,coverage_wait,True,1.0,1.1,False,False,0.4,0.0,0.6,0.0,0.42,0.06,0.58,0.0,0.2858134578202765,0.005017524202538075,0.004577624178567774,0.7279439819570994,0.8548175133697615,True,0
parameter_mismatch_delta_0.520,parameter_mismatch,51,5,inferred_failure_aware,coverage_wait,coverage_wait,True,1.0,1.1,False,False,0.4,0.0,0.6,0.0,0.42,0.06,0.58,0.0,0.2858134578202765,0.005017524202538075,0.004577624178567774,0.7279439819570994,0.8548175133697615,True,0
parameter_mismatch_delta_0.520,parameter_mismatch,51,10,baseline,normal,coverage_wait,False,1.0,1.0,True,True,0.6,0.0,0.4,0.0,0.42,0.06,0.58,0.0,0.2840004193181646,0.005016192215661305,0.004722965667412149,0.7281380051881584,0.8624719541533787,True,0
parameter_mismatch_delta_0.520,parameter_mismatch,51,10,reference_aware,coverage_wait,coverage_wait,True,1.0,1.1,False,False,0.6,0.0,0.4,0.0,0.42,0.06,0.58,0.0,0.2858134578202765,0.005017524202538075,0.004577624178567774,0.7279439819570994,0.8548175133697615,True,0
parameter_mismatch_delta_0.520,parameter_mismatch,51,10,inferred_failure_aware,coverage_wait,coverage_wait,True,1.0,1.1,False,False,0.6,0.0,0.4,0.0,0.42,0.06,0.58,0.0,0.2858134578202765,0.005017524202538075,0.004577624178567774,0.7279439819570994,0.8548175133697615,True,0
parameter_mismatch_delta_0.520,parameter_mismatch,51,20,baseline,normal,coverage_wait,False,1.0,1.0,True,True,0.6,0.05,0.4,0.0,0.42,0.06,0.58,0.0,0.2840004193181646,0.005016192215661305,0.004722965667412149,0.7281380051881584,0.8624719541533787,True,0
parameter_mismatch_delta_0.520,parameter_mismatch,51,20,reference_aware,coverage_wait,coverage_wait,True,1.0,1.1,False,False,0.6,0.05,0.4,0.0,0.42,0.06,0.58,0.0,0.2858134578202765,0.005017524202538075,0.004577624178567774,0.7279439819570994,0.8548175133697615,True,0
parameter_mismatch_delta_0.520,parameter_mismatch,51,20,inferred_failure_aware,coverage_wait,coverage_wait,True,1.0,1.1,False,False,0.6,0.05,0.4,0.0,0.42,0.06,0.58,0.0,0.2858134578202765,0.005017524202538075,0.004577624178567774,0.7279439819570994,0.8548175133697615,True,0
parameter_mismatch_delta_0.520,parameter_mismatch,52,5,baseline,normal,coverage_wait,False,1.0,1.0,True,True,0.6,0.0,0.4,0.0,0.42,0.06,0.58,0.0,0.18345015776208295,0.003751350351763592,0.003605085250101947,0.7620404198815957,0.7128240558190148,True,0
parameter_mismatch_delta_0.520,parameter_mismatch,52,5,reference_aware,coverage_wait,coverage_wait,True,1.0,1.1,False,False,0.6,0.0,0.4,0.0,0.42,0.06,0.58,0.0,0.18489575537680894,0.003729638910678744,0.0035347831863103973,0.7609815568015699,0.7056176267234254,True,0
parameter_mismatch_delta_0.520,parameter_mismatch,52,5,inferred_failure_aware,coverage_wait,coverage_wait,True,1.0,1.1,False,False,0.6,0.0,0.4,0.0,0.42,0.06,0.58,0.0,0.18489575537680894,0.003729638910678744,0.0035347831863103973,0.7609815568015699,0.7056176267234254,True,0
parameter_mismatch_delta_0.520,parameter_mismatch,52,10,baseline,normal,coverage_wait,False,1.0,1.0,True,True,0.5,0.0,0.5,0.0,0.42,0.06,0.58,0.0,0.18345015776208295,0.003751350351763592,0.003605085250101947,0.7620404198815957,0.7128240558190148,True,0
parameter_mismatch_delta_0.520,parameter_mismatch,52,10,reference_aware,coverage_wait,coverage_wait,True,1.0,1.1,False,False,0.5,0.0,0.5,0.0,0.42,0.06,0.58,0.0,0.18489575537680894,0.003729638910678744,0.0035347831863103973,0.7609815568015699,0.7056176267234254,True,0
parameter_mismatch_delta_0.520,parameter_mismatch,52,10,inferred_failure_aware,coverage_wait,coverage_wait,True,1.0,1.1,False,False,0.5,0.0,0.5,0.0,0.42,0.06,0.58,0.0,0.18489575537680894,0.003729638910678744,0.0035347831863103973,0.7609815568015699,0.7056176267234254,True,0
parameter_mismatch_delta_0.520,parameter_mismatch,52,20,baseline,normal,coverage_wait,False,1.0,1.0,True,True,0.45,0.05,0.55,0.0,0.42,0.06,0.58,0.0,0.18345015776208295,0.003751350351763592,0.003605085250101947,0.7620404198815957,0.7128240558190148,True,0
parameter_mismatch_delta_0.520,parameter_mismatch,52,20,reference_aware,coverage_wait,coverage_wait,True,1.0,1.1,False,False,0.45,0.05,0.55,0.0,0.42,0.06,0.58,0.0,0.18489575537680894,0.003729638910678744,0.0035347831863103973,0.7609815568015699,0.7056176267234254,True,0
parameter_mismatch_delta_0.520,parameter_mismatch,52,20,inferred_failure_aware,coverage_wait,coverage_wait,True,1.0,1.1,False,False,0.45,0.05,0.55,0.0,0.42,0.06,0.58,0.0,0.18489575537680894,0.003729638910678744,0.0035347831863103973,0.7609815568015699,0.7056176267234254,True,0
parameter_mismatch_delta_0.520,parameter_mismatch,53,5,baseline,normal,coverage_wait,False,1.0,1.0,True,True,0.2,0.2,0.8,0.0,0.42,0.06,0.58,0.0,0.2157003999703384,0.00417371851007952,0.0030337688779316085,0.7491506588479898,0.7159862706561461,True,0
parameter_mismatch_delta_0.520,parameter_mismatch,53,5,reference_aware,coverage_wait,coverage_wait,True,1.0,1.1,False,False,0.2,0.2,0.8,0.0,0.42,0.06,0.58,0.0,0.21650177388987576,0.004130798885254975,0.002891629750522151,0.7483265448395917,0.7088989096986549,True,0
parameter_mismatch_delta_0.520,parameter_mismatch,53,5,inferred_failure_aware,coverage_wait,coverage_wait,True,1.0,1.1,False,False,0.2,0.2,0.8,0.0,0.42,0.06,0.58,0.0,0.21650177388987576,0.004130798885254975,0.002891629750522151,0.7483265448395917,0.7088989096986549,True,0
parameter_mismatch_delta_0.520,parameter_mismatch,53,10,baseline,normal,coverage_wait,False,1.0,1.0,True,True,0.3,0.1,0.7,0.0,0.42,0.06,0.58,0.0,0.2157003999703384,0.00417371851007952,0.0030337688779316085,0.7491506588479898,0.7159862706561461,True,0
parameter_mismatch_delta_0.520,parameter_mismatch,53,10,reference_aware,coverage_wait,coverage_wait,True,1.0,1.1,False,False,0.3,0.1,0.7,0.0,0.42,0.06,0.58,0.0,0.21650177388987576,0.004130798885254975,0.002891629750522151,0.7483265448395917,0.7088989096986549,True,0
parameter_mismatch_delta_0.520,parameter_mismatch,53,10,inferred_failure_aware,coverage_wait,coverage_wait,True,1.0,1.1,False,False,0.3,0.1,0.7,0.0,0.42,0.06,0.58,0.0,0.21650177388987576,0.004130798885254975,0.002891629750522151,0.7483265448395917,0.7088989096986549,True,0
parameter_mismatch_delta_0.520,parameter_mismatch,53,20,baseline,normal,coverage_wait,False,1.0,1.0,True,True,0.5,0.1,0.5,0.0,0.42,0.06,0.58,0.0,0.2157003999703384,0.00417371851007952,0.0030337688779316085,0.7491506588479898,0.7159862706561461,True,0
parameter_mismatch_delta_0.520,parameter_mismatch,53,20,reference_aware,coverage_wait,coverage_wait,True,1.0,1.1,False,False,0.5,0.1,0.5,0.0,0.42,0.06,0.58,0.0,0.21650177388987576,0.004130798885254975,0.002891629750522151,0.7483265448395917,0.7088989096986549,True,0
parameter_mismatch_delta_0.520,parameter_mismatch,53,20,inferred_failure_aware,coverage_wait,coverage_wait,True,1.0,1.1,False,False,0.5,0.1,0.5,0.0,0.42,0.06,0.58,0.0,0.21650177388987576,0.004130798885254975,0.002891629750522151,0.7483265448395917,0.7088989096986549,True,0
parameter_mismatch_delta_0.520,parameter_mismatch,54,5,baseline,normal,coverage_wait,False,1.0,1.0,True,True,0.6,0.0,0.4,0.0,0.42,0.06,0.58,0.0,0.2856890702451217,0.0048979036463934165,0.005426934393826577,0.7218481484551534,0.9270172974956518,True,0
parameter_mismatch_delta_0.520,parameter_mismatch,54,5,reference_aware,coverage_wait,coverage_wait,True,1.0,1.1,False,False,0.6,0.0,0.4,0.0,0.42,0.06,0.58,0.0,0.28766349986651685,0.0048885943326038616,0.0054236970418968244,0.7213959296166151,0.9186446835903757,True,0
parameter_mismatch_delta_0.520,parameter_mismatch,54,5,inferred_failure_aware,coverage_wait,coverage_wait,True,1.0,1.1,False,False,0.6,0.0,0.4,0.0,0.42,0.06,0.58,0.0,0.28766349986651685,0.0048885943326038616,0.0054236970418968244,0.7213959296166151,0.9186446835903757,True,0
parameter_mismatch_delta_0.520,parameter_mismatch,54,10,baseline,normal,coverage_wait,False,1.0,1.0,True,True,0.5,0.1,0.5,0.0,0.42,0.06,0.58,0.0,0.2856890702451217,0.0048979036463934165,0.005426934393826577,0.7218481484551534,0.9270172974956518,True,0
parameter_mismatch_delta_0.520,parameter_mismatch,54,10,reference_aware,coverage_wait,coverage_wait,True,1.0,1.1,False,False,0.5,0.1,0.5,0.0,0.42,0.06,0.58,0.0,0.28766349986651685,0.0048885943326038616,0.0054236970418968244,0.7213959296166151,0.9186446835903757,True,0
parameter_mismatch_delta_0.520,parameter_mismatch,54,10,inferred_failure_aware,coverage_wait,coverage_wait,True,1.0,1.1,False,False,0.5,0.1,0.5,0.0,0.42,0.06,0.58,0.0,0.28766349986651685,0.0048885943326038616,0.0054236970418968244,0.7213959296166151,0.9186446835903757,True,0
parameter_mismatch_delta_0.520,parameter_mismatch,54,20,baseline,normal,coverage_wait,False,1.0,1.0,True,True,0.45,0.1,0.55,0.0,0.42,0.06,0.58,0.0,0.2856890702451217,0.0048979036463934165,0.005426934393826577,0.7218481484551534,0.9270172974956518,True,0
parameter_mismatch_delta_0.520,parameter_mismatch,54,20,reference_aware,coverage_wait,coverage_wait,True,1.0,1.1,False,False,0.45,0.1,0.55,0.0,0.42,0.06,0.58,0.0,0.28766349986651685,0.0048885943326038616,0.0054236970418968244,0.7213959296166151,0.9186446835903757,True,0
parameter_mismatch_delta_0.520,parameter_mismatch,54,20,inferred_failure_aware,coverage_wait,coverage_wait,True,1.0,1.1,False,False,0.45,0.1,0.55,0.0,0.42,0.06,0.58,0.0,0.28766349986651685,0.0048885943326038616,0.0054236970418968244,0.7213959296166151,0.9186446835903757,True,0
parameter_mismatch_delta_0.520,parameter_mismatch,55,5,baseline,normal,coverage_wait,False,1.0,1.0,True,True,0.2,0.0,0.8,0.0,0.42,0.06,0.58,0.0,0.2005479415839064,0.004912439807038209,0.008678185868647548,0.7164208936281249,0.7428993991569224,True,0
parameter_mismatch_delta_0.520,parameter_mismatch,55,5,reference_aware,coverage_wait,coverage_wait,True,1.0,1.1,False,False,0.2,0.0,0.8,0.0,0.42,0.06,0.58,0.0,0.20058670108870788,0.004876349315543611,0.008650256752497643,0.7160765204592989,0.735888695019116,True,0
parameter_mismatch_delta_0.520,parameter_mismatch,55,5,inferred_failure_aware,coverage_wait,coverage_wait,True,1.0,1.1,False,False,0.2,0.0,0.8,0.0,0.42,0.06,0.58,0.0,0.20058670108870788,0.004876349315543611,0.008650256752497643,0.7160765204592989,0.735888695019116,True,0
parameter_mismatch_delta_0.520,parameter_mismatch,55,10,baseline,normal,coverage_wait,False,1.0,1.0,True,True,0.3,0.0,0.7,0.0,0.42,0.06,0.58,0.0,0.2005479415839064,0.004912439807038209,0.008678185868647548,0.7164208936281249,0.7428993991569224,True,0
parameter_mismatch_delta_0.520,parameter_mismatch,55,10,reference_aware,coverage_wait,coverage_wait,True,1.0,1.1,False,False,0.3,0.0,0.7,0.0,0.42,0.06,0.58,0.0,0.20058670108870788,0.004876349315543611,0.008650256752497643,0.7160765204592989,0.735888695019116,True,0
parameter_mismatch_delta_0.520,parameter_mismatch,55,10,inferred_failure_aware,coverage_wait,coverage_wait,True,1.0,1.1,False,False,0.3,0.0,0.7,0.0,0.42,0.06,0.58,0.0,0.20058670108870788,0.004876349315543611,0.008650256752497643,0.7160765204592989,0.735888695019116,True,0
parameter_mismatch_delta_0.520,parameter_mismatch,55,20,baseline,normal,coverage_wait,False,1.0,1.0,True,True,0.35,0.0,0.65,0.0,0.42,0.06,0.58,0.0,0.2005479415839064,0.004912439807038209,0.008678185868647548,0.7164208936281249,0.7428993991569224,True,0
parameter_mismatch_delta_0.520,parameter_mismatch,55,20,reference_aware,coverage_wait,coverage_wait,True,1.0,1.1,False,False,0.35,0.0,0.65,0.0,0.42,0.06,0.58,0.0,0.20058670108870788,0.004876349315543611,0.008650256752497643,0.7160765204592989,0.735888695019116,True,0
parameter_mismatch_delta_0.520,parameter_mismatch,55,20,inferred_failure_aware,coverage_wait,coverage_wait,True,1.0,1.1,False,False,0.35,0.0,0.65,0.0,0.42,0.06,0.58,0.0,0.20058670108870788,0.004876349315543611,0.008650256752497643,0.7160765204592989,0.735888695019116,True,0
parameter_mismatch_delta_0.520,parameter_mismatch,56,5,baseline,normal,coverage_wait,False,1.0,1.0,True,True,0.0,0.0,1.0,0.0,0.42,0.06,0.58,0.0,0.24671874419383222,0.005119816312033707,0.003925408869703162,0.7181134484703127,0.8897813848232236,True,0
parameter_mismatch_delta_0.520,parameter_mismatch,56,5,reference_aware,coverage_wait,coverage_wait,True,1.0,1.1,False,False,0.0,0.0,1.0,0.0,0.42,0.06,0.58,0.0,0.24848555268835723,0.0051137147704040185,0.003940953986477536,0.7172532853731177,0.8806600753925521,True,0
parameter_mismatch_delta_0.520,parameter_mismatch,56,5,inferred_failure_aware,coverage_wait,coverage_wait,True,1.0,1.1,False,False,0.0,0.0,1.0,0.0,0.42,0.06,0.58,0.0,0.24848555268835723,0.0051137147704040185,0.003940953986477536,0.7172532853731177,0.8806600753925521,True,0
parameter_mismatch_delta_0.520,parameter_mismatch,56,10,baseline,normal,coverage_wait,False,1.0,1.0,True,True,0.2,0.1,0.8,0.0,0.42,0.06,0.58,0.0,0.24671874419383222,0.005119816312033707,0.003925408869703162,0.7181134484703127,0.8897813848232236,True,0
parameter_mismatch_delta_0.520,parameter_mismatch,56,10,reference_aware,coverage_wait,coverage_wait,True,1.0,1.1,False,False,0.2,0.1,0.8,0.0,0.42,0.06,0.58,0.0,0.24848555268835723,0.0051137147704040185,0.003940953986477536,0.7172532853731177,0.8806600753925521,True,0
parameter_mismatch_delta_0.520,parameter_mismatch,56,10,inferred_failure_aware,coverage_wait,coverage_wait,True,1.0,1.1,False,False,0.2,0.1,0.8,0.0,0.42,0.06,0.58,0.0,0.24848555268835723,0.0051137147704040185,0.003940953986477536,0.7172532853731177,0.8806600753925521,True,0
parameter_mismatch_delta_0.520,parameter_mismatch,56,20,baseline,normal,coverage_wait,False,1.0,1.0,True,True,0.3,0.1,0.7,0.0,0.42,0.06,0.58,0.0,0.24671874419383222,0.005119816312033707,0.003925408869703162,0.7181134484703127,0.8897813848232236,True,0
parameter_mismatch_delta_0.520,parameter_mismatch,56,20,reference_aware,coverage_wait,coverage_wait,True,1.0,1.1,False,False,0.3,0.1,0.7,0.0,0.42,0.06,0.58,0.0,0.24848555268835723,0.0051137147704040185,0.003940953986477536,0.7172532853731177,0.8806600753925521,True,0
parameter_mismatch_delta_0.520,parameter_mismatch,56,20,inferred_failure_aware,coverage_wait,coverage_wait,True,1.0,1.1,False,False,0.3,0.1,0.7,0.0,0.42,0.06,0.58,0.0,0.24848555268835723,0.0051137147704040185,0.003940953986477536,0.7172532853731177,0.8806600753925521,True,0
parameter_mismatch_delta_0.520,parameter_mismatch,57,5,baseline,normal,coverage_wait,False,1.0,1.0,True,True,0.8,0.0,0.2,0.0,0.42,0.06,0.58,0.0,0.2738479912205561,0.00455031358938025,0.00022247098993788406,0.75202759715811,1.150621878685237,True,0
parameter_mismatch_delta_0.520,parameter_mismatch,57,5,reference_aware,coverage_wait,coverage_wait,True,1.0,1.1,False,False,0.8,0.0,0.2,0.0,0.42,0.06,0.58,0.0,0.2789309710459803,0.004526385393296544,0.0003434354365720038,0.7521168196468717,1.137717494812115,True,0
parameter_mismatch_delta_0.520,parameter_mismatch,57,5,inferred_failure_aware,coverage_wait,coverage_wait,True,1.0,1.1,False,False,0.8,0.0,0.2,0.0,0.42,0.06,0.58,0.0,0.2789309710459803,0.004526385393296544,0.0003434354365720038,0.7521168196468717,1.137717494812115,True,0
parameter_mismatch_delta_0.520,parameter_mismatch,57,10,baseline,normal,coverage_wait,False,1.0,1.0,True,True,0.5,0.0,0.5,0.0,0.42,0.06,0.58,0.0,0.2738479912205561,0.00455031358938025,0.00022247098993788406,0.75202759715811,1.150621878685237,True,0
parameter_mismatch_delta_0.520,parameter_mismatch,57,10,reference_aware,coverage_wait,coverage_wait,True,1.0,1.1,False,False,0.5,0.0,0.5,0.0,0.42,0.06,0.58,0.0,0.2789309710459803,0.004526385393296544,0.0003434354365720038,0.7521168196468717,1.137717494812115,True,0
parameter_mismatch_delta_0.520,parameter_mismatch,57,10,inferred_failure_aware,coverage_wait,coverage_wait,True,1.0,1.1,False,False,0.5,0.0,0.5,0.0,0.42,0.06,0.58,0.0,0.2789309710459803,0.004526385393296544,0.0003434354365720038,0.7521168196468717,1.137717494812115,True,0
parameter_mismatch_delta_0.520,parameter_mismatch,57,20,baseline,normal,coverage_wait,False,1.0,1.0,True,True,0.55,0.0,0.45,0.0,0.42,0.06,0.58,0.0,0.2738479912205561,0.00455031358938025,0.00022247098993788406,0.75202759715811,1.150621878685237,True,0
parameter_mismatch_delta_0.520,parameter_mismatch,57,20,reference_aware,coverage_wait,coverage_wait,True,1.0,1.1,False,False,0.55,0.0,0.45,0.0,0.42,0.06,0.58,0.0,0.2789309710459803,0.004526385393296544,0.0003434354365720038,0.7521168196468717,1.137717494812115,True,0
parameter_mismatch_delta_0.520,parameter_mismatch,57,20,inferred_failure_aware,coverage_wait,coverage_wait,True,1.0,1.1,False,False,0.55,0.0,0.45,0.0,0.42,0.06,0.58,0.0,0.2789309710459803,0.004526385393296544,0.0003434354365720038,0.7521168196468717,1.137717494812115,True,0
parameter_mismatch_delta_0.520,parameter_mismatch,58,5,baseline,normal,coverage_wait,False,1.0,1.0,True,True,0.4,0.0,0.6,0.0,0.42,0.06,0.58,0.0,0.3125632100836652,0.004809618564738512,0.0010847459468368292,0.752176078522547,1.1429290046983305,True,0
parameter_mismatch_delta_0.520,parameter_mismatch,58,5,reference_aware,coverage_wait,coverage_wait,True,1.0,1.1,False,False,0.4,0.0,0.6,0.0,0.42,0.06,0.58,0.0,0.31354566143147344,0.004795666471285335,0.001162966799150067,0.7525091387882223,1.1311732180886602,True,0
parameter_mismatch_delta_0.520,parameter_mismatch,58,5,inferred_failure_aware,coverage_wait,coverage_wait,True,1.0,1.1,False,False,0.4,0.0,0.6,0.0,0.42,0.06,0.58,0.0,0.31354566143147344,0.004795666471285335,0.001162966799150067,0.7525091387882223,1.1311732180886602,True,0
parameter_mismatch_delta_0.520,parameter_mismatch,58,10,baseline,normal,coverage_wait,False,1.0,1.0,True,True,0.5,0.0,0.5,0.0,0.42,0.06,0.58,0.0,0.3125632100836652,0.004809618564738512,0.0010847459468368292,0.752176078522547,1.1429290046983305,True,0
parameter_mismatch_delta_0.520,parameter_mismatch,58,10,reference_aware,coverage_wait,coverage_wait,True,1.0,1.1,False,False,0.5,0.0,0.5,0.0,0.42,0.06,0.58,0.0,0.31354566143147344,0.004795666471285335,0.001162966799150067,0.7525091387882223,1.1311732180886602,True,0
parameter_mismatch_delta_0.520,parameter_mismatch,58,10,inferred_failure_aware,coverage_wait,coverage_wait,True,1.0,1.1,False,False,0.5,0.0,0.5,0.0,0.42,0.06,0.58,0.0,0.31354566143147344,0.004795666471285335,0.001162966799150067,0.7525091387882223,1.1311732180886602,True,0
parameter_mismatch_delta_0.520,parameter_mismatch,58,20,baseline,normal,coverage_wait,False,1.0,1.0,True,True,0.4,0.1,0.6,0.0,0.42,0.06,0.58,0.0,0.3125632100836652,0.004809618564738512,0.0010847459468368292,0.752176078522547,1.1429290046983305,True,0
parameter_mismatch_delta_0.520,parameter_mismatch,58,20,reference_aware,coverage_wait,coverage_wait,True,1.0,1.1,False,False,0.4,0.1,0.6,0.0,0.42,0.06,0.58,0.0,0.31354566143147344,0.004795666471285335,0.001162966799150067,0.7525091387882223,1.1311732180886602,True,0
parameter_mismatch_delta_0.520,parameter_mismatch,58,20,inferred_failure_aware,coverage_wait,coverage_wait,True,1.0,1.1,False,False,0.4,0.1,0.6,0.0,0.42,0.06,0.58,0.0,0.31354566143147344,0.004795666471285335,0.001162966799150067,0.7525091387882223,1.1311732180886602,True,0
parameter_mismatch_delta_0.520,parameter_mismatch,59,5,baseline,normal,coverage_wait,False,1.0,1.0,True,True,0.2,0.4,0.8,0.0,0.42,0.06,0.58,0.0,0.24613916189902688,0.004744035140413884,0.012455067814065912,0.712343777741906,0.698428627822109,True,0
parameter_mismatch_delta_0.520,parameter_mismatch,59,5,reference_aware,coverage_wait,coverage_wait,True,1.0,1.1,False,False,0.2,0.4,0.8,0.0,0.42,0.06,0.58,0.0,0.24736675465431224,0.004735145812469742,0.012419999123056136,0.7119073499602477,0.6923200529498617,True,0
parameter_mismatch_delta_0.520,parameter_mismatch,59,5,inferred_failure_aware,coverage_wait,coverage_wait,True,1.0,1.1,False,False,0.2,0.4,0.8,0.0,0.42,0.06,0.58,0.0,0.24736675465431224,0.004735145812469742,0.012419999123056136,0.7119073499602477,0.6923200529498617,True,0
parameter_mismatch_delta_0.520,parameter_mismatch,59,10,baseline,normal,coverage_wait,False,1.0,1.0,True,True,0.5,0.2,0.5,0.0,0.42,0.06,0.58,0.0,0.24613916189902688,0.004744035140413884,0.012455067814065912,0.712343777741906,0.698428627822109,True,0
parameter_mismatch_delta_0.520,parameter_mismatch,59,10,reference_aware,coverage_wait,coverage_wait,True,1.0,1.1,False,False,0.5,0.2,0.5,0.0,0.42,0.06,0.58,0.0,0.24736675465431224,0.004735145812469742,0.012419999123056136,0.7119073499602477,0.6923200529498617,True,0
parameter_mismatch_delta_0.520,parameter_mismatch,59,10,inferred_failure_aware,coverage_wait,coverage_wait,True,1.0,1.1,False,False,0.5,0.2,0.5,0.0,0.42,0.06,0.58,0.0,0.24736675465431224,0.004735145812469742,0.012419999123056136,0.7119073499602477,0.6923200529498617,True,0
parameter_mismatch_delta_0.520,parameter_mismatch,59,20,baseline,normal,coverage_wait,False,1.0,1.0,True,True,0.65,0.1,0.35,0.0,0.42,0.06,0.58,0.0,0.24613916189902688,0.004744035140413884,0.012455067814065912,0.712343777741906,0.698428627822109,True,0
parameter_mismatch_delta_0.520,parameter_mismatch,59,20,reference_aware,coverage_wait,coverage_wait,True,1.0,1.1,False,False,0.65,0.1,0.35,0.0,0.42,0.06,0.58,0.0,0.24736675465431224,0.004735145812469742,0.012419999123056136,0.7119073499602477,0.6923200529498617,True,0
parameter_mismatch_delta_0.520,parameter_mismatch,59,20,inferred_failure_aware,coverage_wait,coverage_wait,True,1.0,1.1,False,False,0.65,0.1,0.35,0.0,0.42,0.06,0.58,0.0,0.24736675465431224,0.004735145812469742,0.012419999123056136,0.7119073499602477,0.6923200529498617,True,0
parameter_mismatch_delta_0.520,parameter_mismatch,60,5,baseline,normal,coverage_wait,False,1.0,1.0,True,True,0.4,0.0,0.6,0.0,0.42,0.06,0.58,0.0,0.19425879068242038,0.004572213074177375,0.006323792583674215,0.7553325880448944,1.0701181150530423,True,0
parameter_mismatch_delta_0.520,parameter_mismatch,60,5,reference_aware,coverage_wait,coverage_wait,True,1.0,1.1,False,False,0.4,0.0,0.6,0.0,0.42,0.06,0.58,0.0,0.1976743327484627,0.004563823165226801,0.006295303012942455,0.7542700423468512,1.0585863387359296,True,0
parameter_mismatch_delta_0.520,parameter_mismatch,60,5,inferred_failure_aware,coverage_wait,coverage_wait,True,1.0,1.1,False,False,0.4,0.0,0.6,0.0,0.42,0.06,0.58,0.0,0.1976743327484627,0.004563823165226801,0.006295303012942455,0.7542700423468512,1.0585863387359296,True,0
parameter_mismatch_delta_0.520,parameter_mismatch,60,10,baseline,normal,coverage_wait,False,1.0,1.0,True,True,0.4,0.0,0.6,0.0,0.42,0.06,0.58,0.0,0.19425879068242038,0.004572213074177375,0.006323792583674215,0.7553325880448944,1.0701181150530423,True,0
parameter_mismatch_delta_0.520,parameter_mismatch,60,10,reference_aware,coverage_wait,coverage_wait,True,1.0,1.1,False,False,0.4,0.0,0.6,0.0,0.42,0.06,0.58,0.0,0.1976743327484627,0.004563823165226801,0.006295303012942455,0.7542700423468512,1.0585863387359296,True,0
parameter_mismatch_delta_0.520,parameter_mismatch,60,10,inferred_failure_aware,coverage_wait,coverage_wait,True,1.0,1.1,False,False,0.4,0.0,0.6,0.0,0.42,0.06,0.58,0.0,0.1976743327484627,0.004563823165226801,0.006295303012942455,0.7542700423468512,1.0585863387359296,True,0
parameter_mismatch_delta_0.520,parameter_mismatch,60,20,baseline,normal,coverage_wait,False,1.0,1.0,True,True,0.4,0.0,0.6,0.0,0.42,0.06,0.58,0.0,0.19425879068242038,0.004572213074177375,0.006323792583674215,0.7553325880448944,1.0701181150530423,True,0
parameter_mismatch_delta_0.520,parameter_mismatch,60,20,reference_aware,coverage_wait,coverage_wait,True,1.0,1.1,False,False,0.4,0.0,0.6,0.0,0.42,0.06,0.58,0.0,0.1976743327484627,0.004563823165226801,0.006295303012942455,0.7542700423468512,1.0585863387359296,True,0
parameter_mismatch_delta_0.520,parameter_mismatch,60,20,inferred_failure_aware,coverage_wait,coverage_wait,True,1.0,1.1,False,False,0.4,0.0,0.6,0.0,0.42,0.06,0.58,0.0,0.1976743327484627,0.004563823165226801,0.006295303012942455,0.7542700423468512,1.0585863387359296,True,0
parameter_mismatch_delta_0.520,parameter_mismatch,61,5,baseline,normal,coverage_wait,False,1.0,1.0,True,True,0.8,0.0,0.2,0.0,0.42,0.06,0.58,0.0,0.2316872029106781,0.004965773533722106,0.006704773805825237,0.6983093771320832,0.775635533188876,True,0
parameter_mismatch_delta_0.520,parameter_mismatch,61,5,reference_aware,coverage_wait,coverage_wait,True,1.0,1.1,False,False,0.8,0.0,0.2,0.0,0.42,0.06,0.58,0.0,0.232324476601802,0.0049548196257618304,0.006707911838260472,0.6975044572138572,0.7698993392903082,True,0
parameter_mismatch_delta_0.520,parameter_mismatch,61,5,inferred_failure_aware,coverage_wait,coverage_wait,True,1.0,1.1,False,False,0.8,0.0,0.2,0.0,0.42,0.06,0.58,0.0,0.232324476601802,0.0049548196257618304,0.006707911838260472,0.6975044572138572,0.7698993392903082,True,0
parameter_mismatch_delta_0.520,parameter_mismatch,61,10,baseline,normal,coverage_wait,False,1.0,1.0,True,True,0.7,0.0,0.3,0.0,0.42,0.06,0.58,0.0,0.2316872029106781,0.004965773533722106,0.006704773805825237,0.6983093771320832,0.775635533188876,True,0
parameter_mismatch_delta_0.520,parameter_mismatch,61,10,reference_aware,coverage_wait,coverage_wait,True,1.0,1.1,False,False,0.7,0.0,0.3,0.0,0.42,0.06,0.58,0.0,0.232324476601802,0.0049548196257618304,0.006707911838260472,0.6975044572138572,0.7698993392903082,True,0
parameter_mismatch_delta_0.520,parameter_mismatch,61,10,inferred_failure_aware,coverage_wait,coverage_wait,True,1.0,1.1,False,False,0.7,0.0,0.3,0.0,0.42,0.06,0.58,0.0,0.232324476601802,0.0049548196257618304,0.006707911838260472,0.6975044572138572,0.7698993392903082,True,0
parameter_mismatch_delta_0.520,parameter_mismatch,61,20,baseline,normal,coverage_wait,False,1.0,1.0,True,True,0.55,0.0,0.45,0.0,0.42,0.06,0.58,0.0,0.2316872029106781,0.004965773533722106,0.006704773805825237,0.6983093771320832,0.775635533188876,True,0
parameter_mismatch_delta_0.520,parameter_mismatch,61,20,reference_aware,coverage_wait,coverage_wait,True,1.0,1.1,False,False,0.55,0.0,0.45,0.0,0.42,0.06,0.58,0.0,0.232324476601802,0.0049548196257618304,0.006707911838260472,0.6975044572138572,0.7698993392903082,True,0
parameter_mismatch_delta_0.520,parameter_mismatch,61,20,inferred_failure_aware,coverage_wait,coverage_wait,True,1.0,1.1,False,False,0.55,0.0,0.45,0.0,0.42,0.06,0.58,0.0,0.232324476601802,0.0049548196257618304,0.006707911838260472,0.6975044572138572,0.7698993392903082,True,0
parameter_mismatch_delta_0.520,parameter_mismatch,62,5,baseline,normal,coverage_wait,False,1.0,1.0,True,True,0.6,0.0,0.4,0.0,0.42,0.06,0.58,0.0,0.26465118527192383,0.005001793062836338,0.0024952242423328386,0.7654396417524426,1.0027096666827255,True,0
parameter_mismatch_delta_0.520,parameter_mismatch,62,5,reference_aware,coverage_wait,coverage_wait,True,1.0,1.1,False,False,0.6,0.0,0.4,0.0,0.42,0.06,0.58,0.0,0.2677940209944397,0.005020559933245175,0.002455804533734174,0.7655633134158165,0.9923445667169755,True,0
parameter_mismatch_delta_0.520,parameter_mismatch,62,5,inferred_failure_aware,coverage_wait,coverage_wait,True,1.0,1.1,False,False,0.6,0.0,0.4,0.0,0.42,0.06,0.58,0.0,0.2677940209944397,0.005020559933245175,0.002455804533734174,0.7655633134158165,0.9923445667169755,True,0
parameter_mismatch_delta_0.520,parameter_mismatch,62,10,baseline,normal,coverage_wait,False,1.0,1.0,True,True,0.4,0.2,0.6,0.0,0.42,0.06,0.58,0.0,0.26465118527192383,0.005001793062836338,0.0024952242423328386,0.7654396417524426,1.0027096666827255,True,0
parameter_mismatch_delta_0.520,parameter_mismatch,62,10,reference_aware,coverage_wait,coverage_wait,True,1.0,1.1,False,False,0.4,0.2,0.6,0.0,0.42,0.06,0.58,0.0,0.2677940209944397,0.005020559933245175,0.002455804533734174,0.7655633134158165,0.9923445667169755,True,0
parameter_mismatch_delta_0.520,parameter_mismatch,62,10,inferred_failure_aware,coverage_wait,coverage_wait,True,1.0,1.1,False,False,0.4,0.2,0.6,0.0,0.42,0.06,0.58,0.0,0.2677940209944397,0.005020559933245175,0.002455804533734174,0.7655633134158165,0.9923445667169755,True,0
parameter_mismatch_delta_0.520,parameter_mismatch,62,20,baseline,normal,coverage_wait,False,1.0,1.0,True,True,0.45,0.15,0.55,0.0,0.42,0.06,0.58,0.0,0.26465118527192383,0.005001793062836338,0.0024952242423328386,0.7654396417524426,1.0027096666827255,True,0
parameter_mismatch_delta_0.520,parameter_mismatch,62,20,reference_aware,coverage_wait,coverage_wait,True,1.0,1.1,False,False,0.45,0.15,0.55,0.0,0.42,0.06,0.58,0.0,0.2677940209944397,0.005020559933245175,0.002455804533734174,0.7655633134158165,0.9923445667169755,True,0
parameter_mismatch_delta_0.520,parameter_mismatch,62,20,inferred_failure_aware,coverage_wait,coverage_wait,True,1.0,1.1,False,False,0.45,0.15,0.55,0.0,0.42,0.06,0.58,0.0,0.2677940209944397,0.005020559933245175,0.002455804533734174,0.7655633134158165,0.9923445667169755,True,0
parameter_mismatch_delta_0.520,parameter_mismatch,63,5,baseline,normal,coverage_wait,False,1.0,1.0,True,True,0.2,0.0,0.8,0.0,0.42,0.06,0.58,0.0,0.263232581612211,0.005270485174826247,0.001731247025244076,0.738732471547676,0.9938472399517073,True,0
parameter_mismatch_delta_0.520,parameter_mismatch,63,5,reference_aware,coverage_wait,coverage_wait,True,1.0,1.1,False,False,0.2,0.0,0.8,0.0,0.42,0.06,0.58,0.0,0.26560635288317,0.005218346030768258,0.0016996754837146355,0.738520545537804,0.9792512866600593,True,0
parameter_mismatch_delta_0.520,parameter_mismatch,63,5,inferred_failure_aware,coverage_wait,coverage_wait,True,1.0,1.1,False,False,0.2,0.0,0.8,0.0,0.42,0.06,0.58,0.0,0.26560635288317,0.005218346030768258,0.0016996754837146355,0.738520545537804,0.9792512866600593,True,0
parameter_mismatch_delta_0.520,parameter_mismatch,63,10,baseline,normal,coverage_wait,False,1.0,1.0,True,True,0.3,0.0,0.7,0.0,0.42,0.06,0.58,0.0,0.263232581612211,0.005270485174826247,0.001731247025244076,0.738732471547676,0.9938472399517073,True,0
parameter_mismatch_delta_0.520,parameter_mismatch,63,10,reference_aware,coverage_wait,coverage_wait,True,1.0,1.1,False,False,0.3,0.0,0.7,0.0,0.42,0.06,0.58,0.0,0.26560635288317,0.005218346030768258,0.0016996754837146355,0.738520545537804,0.9792512866600593,True,0
parameter_mismatch_delta_0.520,parameter_mismatch,63,10,inferred_failure_aware,coverage_wait,coverage_wait,True,1.0,1.1,False,False,0.3,0.0,0.7,0.0,0.42,0.06,0.58,0.0,0.26560635288317,0.005218346030768258,0.0016996754837146355,0.738520545537804,0.9792512866600593,True,0
parameter_mismatch_delta_0.520,parameter_mismatch,63,20,baseline,normal,coverage_wait,False,1.0,1.0,True,True,0.55,0.0,0.45,0.0,0.42,0.06,0.58,0.0,0.263232581612211,0.005270485174826247,0.001731247025244076,0.738732471547676,0.9938472399517073,True,0
parameter_mismatch_delta_0.520,parameter_mismatch,63,20,reference_aware,coverage_wait,coverage_wait,True,1.0,1.1,False,False,0.55,0.0,0.45,0.0,0.42,0.06,0.58,0.0,0.26560635288317,0.005218346030768258,0.0016996754837146355,0.738520545537804,0.9792512866600593,True,0
parameter_mismatch_delta_0.520,parameter_mismatch,63,20,inferred_failure_aware,coverage_wait,coverage_wait,True,1.0,1.1,False,False,0.55,0.0,0.45,0.0,0.42,0.06,0.58,0.0,0.26560635288317,0.005218346030768258,0.0016996754837146355,0.738520545537804,0.9792512866600593,True,0
parameter_mismatch_delta_0.520,parameter_mismatch,64,5,baseline,normal,coverage_wait,False,1.0,1.0,True,True,0.2,0.0,0.8,0.0,0.42,0.06,0.58,0.0,0.32726759714489295,0.005864666621296791,0.0003394602928583623,0.6712478406521355,0.6067587674010422,True,0
parameter_mismatch_delta_0.520,parameter_mismatch,64,5,reference_aware,coverage_wait,coverage_wait,True,1.0,1.1,False,False,0.2,0.0,0.8,0.0,0.42,0.06,0.58,0.0,0.32660192260151283,0.005829442594807406,0.0004121852837777329,0.6704088735815156,0.6008283832635516,True,0
parameter_mismatch_delta_0.520,parameter_mismatch,64,5,inferred_failure_aware,coverage_wait,coverage_wait,True,1.0,1.1,False,False,0.2,0.0,0.8,0.0,0.42,0.06,0.58,0.0,0.32660192260151283,0.005829442594807406,0.0004121852837777329,0.6704088735815156,0.6008283832635516,True,0
parameter_mismatch_delta_0.520,parameter_mismatch,64,10,baseline,normal,coverage_wait,False,1.0,1.0,True,True,0.4,0.1,0.6,0.0,0.42,0.06,0.58,0.0,0.32726759714489295,0.005864666621296791,0.0003394602928583623,0.6712478406521355,0.6067587674010422,True,0
parameter_mismatch_delta_0.520,parameter_mismatch,64,10,reference_aware,coverage_wait,coverage_wait,True,1.0,1.1,False,False,0.4,0.1,0.6,0.0,0.42,0.06,0.58,0.0,0.32660192260151283,0.005829442594807406,0.0004121852837777329,0.6704088735815156,0.6008283832635516,True,0
parameter_mismatch_delta_0.520,parameter_mismatch,64,10,inferred_failure_aware,coverage_wait,coverage_wait,True,1.0,1.1,False,False,0.4,0.1,0.6,0.0,0.42,0.06,0.58,0.0,0.32660192260151283,0.005829442594807406,0.0004121852837777329,0.6704088735815156,0.6008283832635516,True,0
parameter_mismatch_delta_0.520,parameter_mismatch,64,20,baseline,normal,coverage_wait,False,1.0,1.0,True,True,0.4,0.1,0.6,0.0,0.42,0.06,0.58,0.0,0.32726759714489295,0.005864666621296791,0.0003394602928583623,0.6712478406521355,0.6067587674010422,True,0
parameter_mismatch_delta_0.520,parameter_mismatch,64,20,reference_aware,coverage_wait,coverage_wait,True,1.0,1.1,False,False,0.4,0.1,0.6,0.0,0.42,0.06,0.58,0.0,0.32660192260151283,0.005829442594807406,0.0004121852837777329,0.6704088735815156,0.6008283832635516,True,0
parameter_mismatch_delta_0.520,parameter_mismatch,64,20,inferred_failure_aware,coverage_wait,coverage_wait,True,1.0,1.1,False,False,0.4,0.1,0.6,0.0,0.42,0.06,0.58,0.0,0.32660192260151283,0.005829442594807406,0.0004121852837777329,0.6704088735815156,0.6008283832635516,True,0
parameter_mismatch_delta_0.520,parameter_mismatch,65,5,baseline,normal,coverage_wait,False,1.0,1.0,True,True,0.4,0.0,0.6,0.0,0.42,0.06,0.58,0.0,0.19827140125283665,0.0037043412690069993,0.00453040799099369,0.7613451198395986,1.0047075885587646,True,0
parameter_mismatch_delta_0.520,parameter_mismatch,65,5,reference_aware,coverage_wait,coverage_wait,True,1.0,1.1,False,False,0.4,0.0,0.6,0.0,0.42,0.06,0.58,0.0,0.20261797794638822,0.0036967505188543795,0.004574965722469404,0.7613473630081601,0.9936339779751933,True,0
parameter_mismatch_delta_0.520,parameter_mismatch,65,5,inferred_failure_aware,coverage_wait,coverage_wait,True,1.0,1.1,False,False,0.4,0.0,0.6,0.0,0.42,0.06,0.58,0.0,0.20261797794638822,0.0036967505188543795,0.004574965722469404,0.7613473630081601,0.9936339779751933,True,0
parameter_mismatch_delta_0.520,parameter_mismatch,65,10,baseline,normal,coverage_wait,False,1.0,1.0,True,True,0.3,0.0,0.7,0.0,0.42,0.06,0.58,0.0,0.19827140125283665,0.0037043412690069993,0.00453040799099369,0.7613451198395986,1.0047075885587646,True,0
parameter_mismatch_delta_0.520,parameter_mismatch,65,10,reference_aware,coverage_wait,coverage_wait,True,1.0,1.1,False,False,0.3,0.0,0.7,0.0,0.42,0.06,0.58,0.0,0.20261797794638822,0.0036967505188543795,0.004574965722469404,0.7613473630081601,0.9936339779751933,True,0
parameter_mismatch_delta_0.520,parameter_mismatch,65,10,inferred_failure_aware,coverage_wait,coverage_wait,True,1.0,1.1,False,False,0.3,0.0,0.7,0.0,0.42,0.06,0.58,0.0,0.20261797794638822,0.0036967505188543795,0.004574965722469404,0.7613473630081601,0.9936339779751933,True,0
parameter_mismatch_delta_0.520,parameter_mismatch,65,20,baseline,normal,coverage_wait,False,1.0,1.0,True,True,0.4,0.0,0.6,0.0,0.42,0.06,0.58,0.0,0.19827140125283665,0.0037043412690069993,0.00453040799099369,0.7613451198395986,1.0047075885587646,True,0
parameter_mismatch_delta_0.520,parameter_mismatch,65,20,reference_aware,coverage_wait,coverage_wait,True,1.0,1.1,False,False,0.4,0.0,0.6,0.0,0.42,0.06,0.58,0.0,0.20261797794638822,0.0036967505188543795,0.004574965722469404,0.7613473630081601,0.9936339779751933,True,0
parameter_mismatch_delta_0.520,parameter_mismatch,65,20,inferred_failure_aware,coverage_wait,coverage_wait,True,1.0,1.1,False,False,0.4,0.0,0.6,0.0,0.42,0.06,0.58,0.0,0.20261797794638822,0.0036967505188543795,0.004574965722469404,0.7613473630081601,0.9936339779751933,True,0
parameter_mismatch_delta_0.520,parameter_mismatch,66,5,baseline,normal,coverage_wait,False,1.0,1.0,True,True,0.2,0.0,0.8,0.0,0.42,0.06,0.58,0.0,0.33060509311185865,0.0054809929182160115,0.0009813241762204328,0.7654322618998378,1.0931040924422064,True,0
parameter_mismatch_delta_0.520,parameter_mismatch,66,5,reference_aware,coverage_wait,coverage_wait,True,1.0,1.1,False,False,0.2,0.0,0.8,0.0,0.42,0.06,0.58,0.0,0.3344611116427367,0.005467127971437704,0.0008677044719181959,0.7651679211895662,1.0780470026949895,True,0
parameter_mismatch_delta_0.520,parameter_mismatch,66,5,inferred_failure_aware,coverage_wait,coverage_wait,True,1.0,1.1,False,False,0.2,0.0,0.8,0.0,0.42,0.06,0.58,0.0,0.3344611116427367,0.005467127971437704,0.0008677044719181959,0.7651679211895662,1.0780470026949895,True,0
parameter_mismatch_delta_0.520,parameter_mismatch,66,10,baseline,normal,coverage_wait,False,1.0,1.0,True,True,0.4,0.0,0.6,0.0,0.42,0.06,0.58,0.0,0.33060509311185865,0.0054809929182160115,0.0009813241762204328,0.7654322618998378,1.0931040924422064,True,0
parameter_mismatch_delta_0.520,parameter_mismatch,66,10,reference_aware,coverage_wait,coverage_wait,True,1.0,1.1,False,False,0.4,0.0,0.6,0.0,0.42,0.06,0.58,0.0,0.3344611116427367,0.005467127971437704,0.0008677044719181959,0.7651679211895662,1.0780470026949895,True,0
parameter_mismatch_delta_0.520,parameter_mismatch,66,10,inferred_failure_aware,coverage_wait,coverage_wait,True,1.0,1.1,False,False,0.4,0.0,0.6,0.0,0.42,0.06,0.58,0.0,0.3344611116427367,0.005467127971437704,0.0008677044719181959,0.7651679211895662,1.0780470026949895,True,0
parameter_mismatch_delta_0.520,parameter_mismatch,66,20,baseline,normal,coverage_wait,False,1.0,1.0,True,True,0.4,0.05,0.6,0.0,0.42,0.06,0.58,0.0,0.33060509311185865,0.0054809929182160115,0.0009813241762204328,0.7654322618998378,1.0931040924422064,True,0
parameter_mismatch_delta_0.520,parameter_mismatch,66,20,reference_aware,coverage_wait,coverage_wait,True,1.0,1.1,False,False,0.4,0.05,0.6,0.0,0.42,0.06,0.58,0.0,0.3344611116427367,0.005467127971437704,0.0008677044719181959,0.7651679211895662,1.0780470026949895,True,0
parameter_mismatch_delta_0.520,parameter_mismatch,66,20,inferred_failure_aware,coverage_wait,coverage_wait,True,1.0,1.1,False,False,0.4,0.05,0.6,0.0,0.42,0.06,0.58,0.0,0.3344611116427367,0.005467127971437704,0.0008677044719181959,0.7651679211895662,1.0780470026949895,True,0
parameter_mismatch_delta_0.520,parameter_mismatch,67,5,baseline,normal,coverage_wait,False,1.0,1.0,True,True,0.4,0.2,0.6,0.0,0.42,0.06,0.58,0.0,0.2065111438876453,0.0035960987864740173,0.003801330502407385,0.7370551558786508,0.8450483403454299,True,0
parameter_mismatch_delta_0.520,parameter_mismatch,67,5,reference_aware,coverage_wait,coverage_wait,True,1.0,1.1,False,False,0.4,0.2,0.6,0.0,0.42,0.06,0.58,0.0,0.20902497274800452,0.0035775640145759924,0.0038465534981081406,0.737170822319375,0.8365479302236758,True,0
parameter_mismatch_delta_0.520,parameter_mismatch,67,5,inferred_failure_aware,coverage_wait,coverage_wait,True,1.0,1.1,False,False,0.4,0.2,0.6,0.0,0.42,0.06,0.58,0.0,0.20902497274800452,0.0035775640145759924,0.0038465534981081406,0.737170822319375,0.8365479302236758,True,0
parameter_mismatch_delta_0.520,parameter_mismatch,67,10,baseline,normal,coverage_wait,False,1.0,1.0,True,True,0.4,0.1,0.6,0.0,0.42,0.06,0.58,0.0,0.2065111438876453,0.0035960987864740173,0.003801330502407385,0.7370551558786508,0.8450483403454299,True,0
parameter_mismatch_delta_0.520,parameter_mismatch,67,10,reference_aware,coverage_wait,coverage_wait,True,1.0,1.1,False,False,0.4,0.1,0.6,0.0,0.42,0.06,0.58,0.0,0.20902497274800452,0.0035775640145759924,0.0038465534981081406,0.737170822319375,0.8365479302236758,True,0
parameter_mismatch_delta_0.520,parameter_mismatch,67,10,inferred_failure_aware,coverage_wait,coverage_wait,True,1.0,1.1,False,False,0.4,0.1,0.6,0.0,0.42,0.06,0.58,0.0,0.20902497274800452,0.0035775640145759924,0.0038465534981081406,0.737170822319375,0.8365479302236758,True,0
parameter_mismatch_delta_0.520,parameter_mismatch,67,20,baseline,normal,coverage_wait,False,1.0,1.0,True,True,0.35,0.05,0.65,0.0,0.42,0.06,0.58,0.0,0.2065111438876453,0.0035960987864740173,0.003801330502407385,0.7370551558786508,0.8450483403454299,True,0
parameter_mismatch_delta_0.520,parameter_mismatch,67,20,reference_aware,coverage_wait,coverage_wait,True,1.0,1.1,False,False,0.35,0.05,0.65,0.0,0.42,0.06,0.58,0.0,0.20902497274800452,0.0035775640145759924,0.0038465534981081406,0.737170822319375,0.8365479302236758,True,0
parameter_mismatch_delta_0.520,parameter_mismatch,67,20,inferred_failure_aware,coverage_wait,coverage_wait,True,1.0,1.1,False,False,0.35,0.05,0.65,0.0,0.42,0.06,0.58,0.0,0.20902497274800452,0.0035775640145759924,0.0038465534981081406,0.737170822319375,0.8365479302236758,True,0
parameter_mismatch_delta_0.520,parameter_mismatch,68,5,baseline,normal,coverage_wait,False,1.0,1.0,True,True,0.2,0.2,0.8,0.0,0.42,0.06,0.58,0.0,0.28362167434191793,0.006114825626248649,0.004419003428618451,0.7614091076332177,1.3697159966921428,True,0
parameter_mismatch_delta_0.520,parameter_mismatch,68,5,reference_aware,coverage_wait,coverage_wait,True,1.0,1.1,False,False,0.2,0.2,0.8,0.0,0.42,0.06,0.58,0.0,0.2871288381267556,0.006112866670288914,0.004357943165029576,0.7617991732790319,1.3532507045248428,True,0
parameter_mismatch_delta_0.520,parameter_mismatch,68,5,inferred_failure_aware,coverage_wait,coverage_wait,True,1.0,1.1,False,False,0.2,0.2,0.8,0.0,0.42,0.06,0.58,0.0,0.2871288381267556,0.006112866670288914,0.004357943165029576,0.7617991732790319,1.3532507045248428,True,0
parameter_mismatch_delta_0.520,parameter_mismatch,68,10,baseline,normal,coverage_wait,False,1.0,1.0,True,True,0.2,0.1,0.8,0.0,0.42,0.06,0.58,0.0,0.28362167434191793,0.006114825626248649,0.004419003428618451,0.7614091076332177,1.3697159966921428,True,0
parameter_mismatch_delta_0.520,parameter_mismatch,68,10,reference_aware,coverage_wait,coverage_wait,True,1.0,1.1,False,False,0.2,0.1,0.8,0.0,0.42,0.06,0.58,0.0,0.2871288381267556,0.006112866670288914,0.004357943165029576,0.7617991732790319,1.3532507045248428,True,0
parameter_mismatch_delta_0.520,parameter_mismatch,68,10,inferred_failure_aware,coverage_wait,coverage_wait,True,1.0,1.1,False,False,0.2,0.1,0.8,0.0,0.42,0.06,0.58,0.0,0.2871288381267556,0.006112866670288914,0.004357943165029576,0.7617991732790319,1.3532507045248428,True,0
parameter_mismatch_delta_0.520,parameter_mismatch,68,20,baseline,normal,coverage_wait,False,1.0,1.0,True,True,0.4,0.05,0.6,0.0,0.42,0.06,0.58,0.0,0.28362167434191793,0.006114825626248649,0.004419003428618451,0.7614091076332177,1.3697159966921428,True,0
parameter_mismatch_delta_0.520,parameter_mismatch,68,20,reference_aware,coverage_wait,coverage_wait,True,1.0,1.1,False,False,0.4,0.05,0.6,0.0,0.42,0.06,0.58,0.0,0.2871288381267556,0.006112866670288914,0.004357943165029576,0.7617991732790319,1.3532507045248428,True,0
parameter_mismatch_delta_0.520,parameter_mismatch,68,20,inferred_failure_aware,coverage_wait,coverage_wait,True,1.0,1.1,False,False,0.4,0.05,0.6,0.0,0.42,0.06,0.58,0.0,0.2871288381267556,0.006112866670288914,0.004357943165029576,0.7617991732790319,1.3532507045248428,True,0
parameter_mismatch_delta_0.520,parameter_mismatch,69,5,baseline,normal,coverage_wait,False,1.0,1.0,True,True,0.6,0.2,0.4,0.0,0.42,0.06,0.58,0.0,0.3025517615728778,0.004796754299628865,0.005512148424537733,0.7579116806958917,1.1534016992668197,True,0
parameter_mismatch_delta_0.520,parameter_mismatch,69,5,reference_aware,coverage_wait,coverage_wait,True,1.0,1.1,False,False,0.6,0.2,0.4,0.0,0.42,0.06,0.58,0.0,0.3071106670841322,0.004820923490357395,0.005410837843039862,0.7573520776718508,1.1417285253855256,True,0
parameter_mismatch_delta_0.520,parameter_mismatch,69,5,inferred_failure_aware,coverage_wait,coverage_wait,True,1.0,1.1,False,False,0.6,0.2,0.4,0.0,0.42,0.06,0.58,0.0,0.3071106670841322,0.004820923490357395,0.005410837843039862,0.7573520776718508,1.1417285253855256,True,0
parameter_mismatch_delta_0.520,parameter_mismatch,69,10,baseline,normal,coverage_wait,False,1.0,1.0,True,True,0.7,0.1,0.3,0.0,0.42,0.06,0.58,0.0,0.3025517615728778,0.004796754299628865,0.005512148424537733,0.7579116806958917,1.1534016992668197,True,0
parameter_mismatch_delta_0.520,parameter_mismatch,69,10,reference_aware,coverage_wait,coverage_wait,True,1.0,1.1,False,False,0.7,0.1,0.3,0.0,0.42,0.06,0.58,0.0,0.3071106670841322,0.004820923490357395,0.005410837843039862,0.7573520776718508,1.1417285253855256,True,0
parameter_mismatch_delta_0.520,parameter_mismatch,69,10,inferred_failure_aware,coverage_wait,coverage_wait,True,1.0,1.1,False,False,0.7,0.1,0.3,0.0,0.42,0.06,0.58,0.0,0.3071106670841322,0.004820923490357395,0.005410837843039862,0.7573520776718508,1.1417285253855256,True,0
parameter_mismatch_delta_0.520,parameter_mismatch,69,20,baseline,normal,coverage_wait,False,1.0,1.0,True,True,0.6,0.05,0.4,0.0,0.42,0.06,0.58,0.0,0.3025517615728778,0.004796754299628865,0.005512148424537733,0.7579116806958917,1.1534016992668197,True,0
parameter_mismatch_delta_0.520,parameter_mismatch,69,20,reference_aware,coverage_wait,coverage_wait,True,1.0,1.1,False,False,0.6,0.05,0.4,0.0,0.42,0.06,0.58,0.0,0.3071106670841322,0.004820923490357395,0.005410837843039862,0.7573520776718508,1.1417285253855256,True,0
parameter_mismatch_delta_0.520,parameter_mismatch,69,20,inferred_failure_aware,coverage_wait,coverage_wait,True,1.0,1.1,False,False,0.6,0.05,0.4,0.0,0.42,0.06,0.58,0.0,0.3071106670841322,0.004820923490357395,0.005410837843039862,0.7573520776718508,1.1417285253855256,True,0
parameter_mismatch_delta_0.520,parameter_mismatch,70,5,baseline,normal,coverage_wait,False,1.0,1.0,True,True,0.4,0.0,0.6,0.0,0.42,0.06,0.58,0.0,0.3088886111450371,0.0057507153651582665,0.006544020073713797,0.7292073984429306,1.0334390722397946,True,0
parameter_mismatch_delta_0.520,parameter_mismatch,70,5,reference_aware,coverage_wait,coverage_wait,True,1.0,1.1,False,False,0.4,0.0,0.6,0.0,0.42,0.06,0.58,0.0,0.3086519357620027,0.005722503839042369,0.006634143743321386,0.728323560593414,1.022480083791006,True,0
parameter_mismatch_delta_0.520,parameter_mismatch,70,5,inferred_failure_aware,coverage_wait,coverage_wait,True,1.0,1.1,False,False,0.4,0.0,0.6,0.0,0.42,0.06,0.58,0.0,0.3086519357620027,0.005722503839042369,0.006634143743321386,0.728323560593414,1.022480083791006,True,0
parameter_mismatch_delta_0.520,parameter_mismatch,70,10,baseline,normal,coverage_wait,False,1.0,1.0,True,True,0.3,0.0,0.7,0.0,0.42,0.06,0.58,0.0,0.3088886111450371,0.0057507153651582665,0.006544020073713797,0.7292073984429306,1.0334390722397946,True,0
parameter_mismatch_delta_0.520,parameter_mismatch,70,10,reference_aware,coverage_wait,coverage_wait,True,1.0,1.1,False,False,0.3,0.0,0.7,0.0,0.42,0.06,0.58,0.0,0.3086519357620027,0.005722503839042369,0.006634143743321386,0.728323560593414,1.022480083791006,True,0
parameter_mismatch_delta_0.520,parameter_mismatch,70,10,inferred_failure_aware,coverage_wait,coverage_wait,True,1.0,1.1,False,False,0.3,0.0,0.7,0.0,0.42,0.06,0.58,0.0,0.3086519357620027,0.005722503839042369,0.006634143743321386,0.728323560593414,1.022480083791006,True,0
parameter_mismatch_delta_0.520,parameter_mismatch,70,20,baseline,normal,coverage_wait,False,1.0,1.0,True,True,0.5,0.1,0.5,0.0,0.42,0.06,0.58,0.0,0.3088886111450371,0.0057507153651582665,0.006544020073713797,0.7292073984429306,1.0334390722397946,True,0
parameter_mismatch_delta_0.520,parameter_mismatch,70,20,reference_aware,coverage_wait,coverage_wait,True,1.0,1.1,False,False,0.5,0.1,0.5,0.0,0.42,0.06,0.58,0.0,0.3086519357620027,0.005722503839042369,0.006634143743321386,0.728323560593414,1.022480083791006,True,0
parameter_mismatch_delta_0.520,parameter_mismatch,70,20,inferred_failure_aware,coverage_wait,coverage_wait,True,1.0,1.1,False,False,0.5,0.1,0.5,0.0,0.42,0.06,0.58,0.0,0.3086519357620027,0.005722503839042369,0.006634143743321386,0.728323560593414,1.022480083791006,True,0
parameter_mismatch_delta_0.520,parameter_mismatch,71,5,baseline,normal,coverage_wait,False,1.0,1.0,True,True,0.2,0.2,0.8,0.0,0.42,0.06,0.58,0.0,0.23395274235462357,0.004789137466921329,0.00016325694060037588,0.7048751461980285,0.7506934790800891,True,0
parameter_mismatch_delta_0.520,parameter_mismatch,71,5,reference_aware,coverage_wait,coverage_wait,True,1.0,1.1,False,False,0.2,0.2,0.8,0.0,0.42,0.06,0.58,0.0,0.23491233834930847,0.004768982617284804,0.00019799927914987414,0.7047909760443015,0.7432855716676587,True,0
parameter_mismatch_delta_0.520,parameter_mismatch,71,5,inferred_failure_aware,coverage_wait,coverage_wait,True,1.0,1.1,False,False,0.2,0.2,0.8,0.0,0.42,0.06,0.58,0.0,0.23491233834930847,0.004768982617284804,0.00019799927914987414,0.7047909760443015,0.7432855716676587,True,0
parameter_mismatch_delta_0.520,parameter_mismatch,71,10,baseline,normal,coverage_wait,False,1.0,1.0,True,True,0.3,0.1,0.7,0.0,0.42,0.06,0.58,0.0,0.23395274235462357,0.004789137466921329,0.00016325694060037588,0.7048751461980285,0.7506934790800891,True,0
parameter_mismatch_delta_0.520,parameter_mismatch,71,10,reference_aware,coverage_wait,coverage_wait,True,1.0,1.1,False,False,0.3,0.1,0.7,0.0,0.42,0.06,0.58,0.0,0.23491233834930847,0.004768982617284804,0.00019799927914987414,0.7047909760443015,0.7432855716676587,True,0
parameter_mismatch_delta_0.520,parameter_mismatch,71,10,inferred_failure_aware,coverage_wait,coverage_wait,True,1.0,1.1,False,False,0.3,0.1,0.7,0.0,0.42,0.06,0.58,0.0,0.23491233834930847,0.004768982617284804,0.00019799927914987414,0.7047909760443015,0.7432855716676587,True,0
parameter_mismatch_delta_0.520,parameter_mismatch,71,20,baseline,normal,coverage_wait,False,1.0,1.0,True,True,0.45,0.05,0.55,0.0,0.42,0.06,0.58,0.0,0.23395274235462357,0.004789137466921329,0.00016325694060037588,0.7048751461980285,0.7506934790800891,True,0
parameter_mismatch_delta_0.520,parameter_mismatch,71,20,reference_aware,coverage_wait,coverage_wait,True,1.0,1.1,False,False,0.45,0.05,0.55,0.0,0.42,0.06,0.58,0.0,0.23491233834930847,0.004768982617284804,0.00019799927914987414,0.7047909760443015,0.7432855716676587,True,0
parameter_mismatch_delta_0.520,parameter_mismatch,71,20,inferred_failure_aware,coverage_wait,coverage_wait,True,1.0,1.1,False,False,0.45,0.05,0.55,0.0,0.42,0.06,0.58,0.0,0.23491233834930847,0.004768982617284804,0.00019799927914987414,0.7047909760443015,0.7432855716676587,True,0
parameter_mismatch_delta_0.520,parameter_mismatch,72,5,baseline,normal,coverage_wait,False,1.0,1.0,True,True,0.2,0.0,0.8,0.0,0.42,0.06,0.58,0.0,0.28255738495231064,0.005110537103259277,0.0016900216299245985,0.7686052871171698,1.1679682696520797,True,0
parameter_mismatch_delta_0.520,parameter_mismatch,72,5,reference_aware,coverage_wait,coverage_wait,True,1.0,1.1,False,False,0.2,0.0,0.8,0.0,0.42,0.06,0.58,0.0,0.28660073600707886,0.005077970196027421,0.001807373970352577,0.768309438708449,1.154659729885339,True,0
parameter_mismatch_delta_0.520,parameter_mismatch,72,5,inferred_failure_aware,coverage_wait,coverage_wait,True,1.0,1.1,False,False,0.2,0.0,0.8,0.0,0.42,0.06,0.58,0.0,0.28660073600707886,0.005077970196027421,0.001807373970352577,0.768309438708449,1.154659729885339,True,0
parameter_mismatch_delta_0.520,parameter_mismatch,72,10,baseline,normal,coverage_wait,False,1.0,1.0,True,True,0.2,0.1,0.8,0.0,0.42,0.06,0.58,0.0,0.28255738495231064,0.005110537103259277,0.0016900216299245985,0.7686052871171698,1.1679682696520797,True,0
parameter_mismatch_delta_0.520,parameter_mismatch,72,10,reference_aware,coverage_wait,coverage_wait,True,1.0,1.1,False,False,0.2,0.1,0.8,0.0,0.42,0.06,0.58,0.0,0.28660073600707886,0.005077970196027421,0.001807373970352577,0.768309438708449,1.154659729885339,True,0
parameter_mismatch_delta_0.520,parameter_mismatch,72,10,inferred_failure_aware,coverage_wait,coverage_wait,True,1.0,1.1,False,False,0.2,0.1,0.8,0.0,0.42,0.06,0.58,0.0,0.28660073600707886,0.005077970196027421,0.001807373970352577,0.768309438708449,1.154659729885339,True,0
parameter_mismatch_delta_0.520,parameter_mismatch,72,20,baseline,normal,coverage_wait,False,1.0,1.0,True,True,0.3,0.15,0.7,0.0,0.42,0.06,0.58,0.0,0.28255738495231064,0.005110537103259277,0.0016900216299245985,0.7686052871171698,1.1679682696520797,True,0
parameter_mismatch_delta_0.520,parameter_mismatch,72,20,reference_aware,coverage_wait,coverage_wait,True,1.0,1.1,False,False,0.3,0.15,0.7,0.0,0.42,0.06,0.58,0.0,0.28660073600707886,0.005077970196027421,0.001807373970352577,0.768309438708449,1.154659729885339,True,0
parameter_mismatch_delta_0.520,parameter_mismatch,72,20,inferred_failure_aware,coverage_wait,coverage_wait,True,1.0,1.1,False,False,0.3,0.15,0.7,0.0,0.42,0.06,0.58,0.0,0.28660073600707886,0.005077970196027421,0.001807373970352577,0.768309438708449,1.154659729885339,True,0
parameter_mismatch_delta_0.520,parameter_mismatch,73,5,baseline,normal,coverage_wait,False,1.0,1.0,True,True,0.8,0.0,0.2,0.0,0.42,0.06,0.58,0.0,0.2800418722098152,0.005294283277157693,0.0022656897989069558,0.7236836362976243,0.7111669983920655,True,0
parameter_mismatch_delta_0.520,parameter_mismatch,73,5,reference_aware,coverage_wait,coverage_wait,True,1.0,1.1,False,False,0.8,0.0,0.2,0.0,0.42,0.06,0.58,0.0,0.2810693828831809,0.0052650630143134935,0.0021874261733899614,0.7225469810395835,0.7053278302831584,True,0
parameter_mismatch_delta_0.520,parameter_mismatch,73,5,inferred_failure_aware,coverage_wait,coverage_wait,True,1.0,1.1,False,False,0.8,0.0,0.2,0.0,0.42,0.06,0.58,0.0,0.2810693828831809,0.0052650630143134935,0.0021874261733899614,0.7225469810395835,0.7053278302831584,True,0
parameter_mismatch_delta_0.520,parameter_mismatch,73,10,baseline,normal,coverage_wait,False,1.0,1.0,True,True,0.6,0.0,0.4,0.0,0.42,0.06,0.58,0.0,0.2800418722098152,0.005294283277157693,0.0022656897989069558,0.7236836362976243,0.7111669983920655,True,0
parameter_mismatch_delta_0.520,parameter_mismatch,73,10,reference_aware,coverage_wait,coverage_wait,True,1.0,1.1,False,False,0.6,0.0,0.4,0.0,0.42,0.06,0.58,0.0,0.2810693828831809,0.0052650630143134935,0.0021874261733899614,0.7225469810395835,0.7053278302831584,True,0
parameter_mismatch_delta_0.520,parameter_mismatch,73,10,inferred_failure_aware,coverage_wait,coverage_wait,True,1.0,1.1,False,False,0.6,0.0,0.4,0.0,0.42,0.06,0.58,0.0,0.2810693828831809,0.0052650630143134935,0.0021874261733899614,0.7225469810395835,0.7053278302831584,True,0
parameter_mismatch_delta_0.520,parameter_mismatch,73,20,baseline,normal,coverage_wait,False,1.0,1.0,True,True,0.4,0.1,0.6,0.0,0.42,0.06,0.58,0.0,0.2800418722098152,0.005294283277157693,0.0022656897989069558,0.7236836362976243,0.7111669983920655,True,0
parameter_mismatch_delta_0.520,parameter_mismatch,73,20,reference_aware,coverage_wait,coverage_wait,True,1.0,1.1,False,False,0.4,0.1,0.6,0.0,0.42,0.06,0.58,0.0,0.2810693828831809,0.0052650630143134935,0.0021874261733899614,0.7225469810395835,0.7053278302831584,True,0
parameter_mismatch_delta_0.520,parameter_mismatch,73,20,inferred_failure_aware,coverage_wait,coverage_wait,True,1.0,1.1,False,False,0.4,0.1,0.6,0.0,0.42,0.06,0.58,0.0,0.2810693828831809,0.0052650630143134935,0.0021874261733899614,0.7225469810395835,0.7053278302831584,True,0
parameter_mismatch_delta_0.520,parameter_mismatch,74,5,baseline,normal,coverage_wait,False,1.0,1.0,True,True,0.2,0.0,0.8,0.0,0.42,0.06,0.58,0.0,0.2847184210552828,0.0041189018635335375,0.007808717998133652,0.7849364518113452,1.0783622385903393,True,0
parameter_mismatch_delta_0.520,parameter_mismatch,74,5,reference_aware,coverage_wait,coverage_wait,True,1.0,1.1,False,False,0.2,0.0,0.8,0.0,0.42,0.06,0.58,0.0,0.29056572962047417,0.004127321935088887,0.007852738579442242,0.784373619047889,1.0637094724345895,True,0
parameter_mismatch_delta_0.520,parameter_mismatch,74,5,inferred_failure_aware,coverage_wait,coverage_wait,True,1.0,1.1,False,False,0.2,0.0,0.8,0.0,0.42,0.06,0.58,0.0,0.29056572962047417,0.004127321935088887,0.007852738579442242,0.784373619047889,1.0637094724345895,True,0
parameter_mismatch_delta_0.520,parameter_mismatch,74,10,baseline,normal,coverage_wait,False,1.0,1.0,True,True,0.4,0.0,0.6,0.0,0.42,0.06,0.58,0.0,0.2847184210552828,0.0041189018635335375,0.007808717998133652,0.7849364518113452,1.0783622385903393,True,0
parameter_mismatch_delta_0.520,parameter_mismatch,74,10,reference_aware,coverage_wait,coverage_wait,True,1.0,1.1,False,False,0.4,0.0,0.6,0.0,0.42,0.06,0.58,0.0,0.29056572962047417,0.004127321935088887,0.007852738579442242,0.784373619047889,1.0637094724345895,True,0
parameter_mismatch_delta_0.520,parameter_mismatch,74,10,inferred_failure_aware,coverage_wait,coverage_wait,True,1.0,1.1,False,False,0.4,0.0,0.6,0.0,0.42,0.06,0.58,0.0,0.29056572962047417,0.004127321935088887,0.007852738579442242,0.784373619047889,1.0637094724345895,True,0
parameter_mismatch_delta_0.520,parameter_mismatch,74,20,baseline,normal,coverage_wait,False,1.0,1.0,True,True,0.4,0.05,0.6,0.0,0.42,0.06,0.58,0.0,0.2847184210552828,0.0041189018635335375,0.007808717998133652,0.7849364518113452,1.0783622385903393,True,0
parameter_mismatch_delta_0.520,parameter_mismatch,74,20,reference_aware,coverage_wait,coverage_wait,True,1.0,1.1,False,False,0.4,0.05,0.6,0.0,0.42,0.06,0.58,0.0,0.29056572962047417,0.004127321935088887,0.007852738579442242,0.784373619047889,1.0637094724345895,True,0
parameter_mismatch_delta_0.520,parameter_mismatch,74,20,inferred_failure_aware,coverage_wait,coverage_wait,True,1.0,1.1,False,False,0.4,0.05,0.6,0.0,0.42,0.06,0.58,0.0,0.29056572962047417,0.004127321935088887,0.007852738579442242,0.784373619047889,1.0637094724345895,True,0
parameter_mismatch_delta_0.520,parameter_mismatch,75,5,baseline,normal,coverage_wait,False,1.0,1.0,True,True,0.0,0.0,1.0,0.0,0.42,0.06,0.58,0.0,0.25771747494733105,0.003970686808014155,0.0006579264642674332,0.7361318476620848,0.8936818442985135,True,0
parameter_mismatch_delta_0.520,parameter_mismatch,75,5,reference_aware,coverage_wait,coverage_wait,True,1.0,1.1,False,False,0.0,0.0,1.0,0.0,0.42,0.06,0.58,0.0,0.26050042124452993,0.003935283480194384,0.0007102727458372371,0.7357443908816942,0.8858755297643466,True,0
parameter_mismatch_delta_0.520,parameter_mismatch,75,5,inferred_failure_aware,coverage_wait,coverage_wait,True,1.0,1.1,False,False,0.0,0.0,1.0,0.0,0.42,0.06,0.58,0.0,0.26050042124452993,0.003935283480194384,0.0007102727458372371,0.7357443908816942,0.8858755297643466,True,0
parameter_mismatch_delta_0.520,parameter_mismatch,75,10,baseline,normal,coverage_wait,False,1.0,1.0,True,True,0.4,0.0,0.6,0.0,0.42,0.06,0.58,0.0,0.25771747494733105,0.003970686808014155,0.0006579264642674332,0.7361318476620848,0.8936818442985135,True,0
parameter_mismatch_delta_0.520,parameter_mismatch,75,10,reference_aware,coverage_wait,coverage_wait,True,1.0,1.1,False,False,0.4,0.0,0.6,0.0,0.42,0.06,0.58,0.0,0.26050042124452993,0.003935283480194384,0.0007102727458372371,0.7357443908816942,0.8858755297643466,True,0
parameter_mismatch_delta_0.520,parameter_mismatch,75,10,inferred_failure_aware,coverage_wait,coverage_wait,True,1.0,1.1,False,False,0.4,0.0,0.6,0.0,0.42,0.06,0.58,0.0,0.26050042124452993,0.003935283480194384,0.0007102727458372371,0.7357443908816942,0.8858755297643466,True,0
parameter_mismatch_delta_0.520,parameter_mismatch,75,20,baseline,normal,coverage_wait,False,1.0,1.0,True,True,0.45,0.05,0.55,0.0,0.42,0.06,0.58,0.0,0.25771747494733105,0.003970686808014155,0.0006579264642674332,0.7361318476620848,0.8936818442985135,True,0
parameter_mismatch_delta_0.520,parameter_mismatch,75,20,reference_aware,coverage_wait,coverage_wait,True,1.0,1.1,False,False,0.45,0.05,0.55,0.0,0.42,0.06,0.58,0.0,0.26050042124452993,0.003935283480194384,0.0007102727458372371,0.7357443908816942,0.8858755297643466,True,0
parameter_mismatch_delta_0.520,parameter_mismatch,75,20,inferred_failure_aware,coverage_wait,coverage_wait,True,1.0,1.1,False,False,0.45,0.05,0.55,0.0,0.42,0.06,0.58,0.0,0.26050042124452993,0.003935283480194384,0.0007102727458372371,0.7357443908816942,0.8858755297643466,True,0
parameter_mismatch_delta_0.520,parameter_mismatch,76,5,baseline,normal,coverage_wait,False,1.0,1.0,True,True,0.2,0.0,0.8,0.0,0.42,0.06,0.58,0.0,0.2708664849896955,0.005162217587798065,0.00012942299076945663,0.7939863486234127,1.2526605563702113,True,0
parameter_mismatch_delta_0.520,parameter_mismatch,76,5,reference_aware,coverage_wait,coverage_wait,True,1.0,1.1,False,False,0.2,0.0,0.8,0.0,0.42,0.06,0.58,0.0,0.2732893795987104,0.005140842616605246,0.00016876364763340757,0.7930412677330093,1.2398592848689116,True,0
parameter_mismatch_delta_0.520,parameter_mismatch,76,5,inferred_failure_aware,coverage_wait,coverage_wait,True,1.0,1.1,False,False,0.2,0.0,0.8,0.0,0.42,0.06,0.58,0.0,0.2732893795987104,0.005140842616605246,0.00016876364763340757,0.7930412677330093,1.2398592848689116,True,0
parameter_mismatch_delta_0.520,parameter_mismatch,76,10,baseline,normal,coverage_wait,False,1.0,1.0,True,True,0.4,0.0,0.6,0.0,0.42,0.06,0.58,0.0,0.2708664849896955,0.005162217587798065,0.00012942299076945663,0.7939863486234127,1.2526605563702113,True,0
parameter_mismatch_delta_0.520,parameter_mismatch,76,10,reference_aware,coverage_wait,coverage_wait,True,1.0,1.1,False,False,0.4,0.0,0.6,0.0,0.42,0.06,0.58,0.0,0.2732893795987104,0.005140842616605246,0.00016876364763340757,0.7930412677330093,1.2398592848689116,True,0
parameter_mismatch_delta_0.520,parameter_mismatch,76,10,inferred_failure_aware,coverage_wait,coverage_wait,True,1.0,1.1,False,False,0.4,0.0,0.6,0.0,0.42,0.06,0.58,0.0,0.2732893795987104,0.005140842616605246,0.00016876364763340757,0.7930412677330093,1.2398592848689116,True,0
parameter_mismatch_delta_0.520,parameter_mismatch,76,20,baseline,normal,coverage_wait,False,1.0,1.0,True,True,0.6,0.0,0.4,0.0,0.42,0.06,0.58,0.0,0.2708664849896955,0.005162217587798065,0.00012942299076945663,0.7939863486234127,1.2526605563702113,True,0
parameter_mismatch_delta_0.520,parameter_mismatch,76,20,reference_aware,coverage_wait,coverage_wait,True,1.0,1.1,False,False,0.6,0.0,0.4,0.0,0.42,0.06,0.58,0.0,0.2732893795987104,0.005140842616605246,0.00016876364763340757,0.7930412677330093,1.2398592848689116,True,0
parameter_mismatch_delta_0.520,parameter_mismatch,76,20,inferred_failure_aware,coverage_wait,coverage_wait,True,1.0,1.1,False,False,0.6,0.0,0.4,0.0,0.42,0.06,0.58,0.0,0.2732893795987104,0.005140842616605246,0.00016876364763340757,0.7930412677330093,1.2398592848689116,True,0
parameter_mismatch_delta_0.520,parameter_mismatch,77,5,baseline,normal,coverage_wait,False,1.0,1.0,True,True,0.4,0.0,0.6,0.0,0.42,0.06,0.58,0.0,0.24836937733776643,0.004212768215872783,0.0030016028110436688,0.7371490556083131,1.0044191596241019,True,0
parameter_mismatch_delta_0.520,parameter_mismatch,77,5,reference_aware,coverage_wait,coverage_wait,True,1.0,1.1,False,False,0.4,0.0,0.6,0.0,0.42,0.06,0.58,0.0,0.24944741079455668,0.004167690822346447,0.0030299696205642324,0.7364583757682575,0.9911195315568903,True,0
parameter_mismatch_delta_0.520,parameter_mismatch,77,5,inferred_failure_aware,coverage_wait,coverage_wait,True,1.0,1.1,False,False,0.4,0.0,0.6,0.0,0.42,0.06,0.58,0.0,0.24944741079455668,0.004167690822346447,0.0030299696205642324,0.7364583757682575,0.9911195315568903,True,0
parameter_mismatch_delta_0.520,parameter_mismatch,77,10,baseline,normal,coverage_wait,False,1.0,1.0,True,True,0.6,0.0,0.4,0.0,0.42,0.06,0.58,0.0,0.24836937733776643,0.004212768215872783,0.0030016028110436688,0.7371490556083131,1.0044191596241019,True,0
parameter_mismatch_delta_0.520,parameter_mismatch,77,10,reference_aware,coverage_wait,coverage_wait,True,1.0,1.1,False,False,0.6,0.0,0.4,0.0,0.42,0.06,0.58,0.0,0.24944741079455668,0.004167690822346447,0.0030299696205642324,0.7364583757682575,0.9911195315568903,True,0
parameter_mismatch_delta_0.520,parameter_mismatch,77,10,inferred_failure_aware,coverage_wait,coverage_wait,True,1.0,1.1,False,False,0.6,0.0,0.4,0.0,0.42,0.06,0.58,0.0,0.24944741079455668,0.004167690822346447,0.0030299696205642324,0.7364583757682575,0.9911195315568903,True,0
parameter_mismatch_delta_0.520,parameter_mismatch,77,20,baseline,normal,coverage_wait,False,1.0,1.0,True,True,0.45,0.05,0.55,0.0,0.42,0.06,0.58,0.0,0.24836937733776643,0.004212768215872783,0.0030016028110436688,0.7371490556083131,1.0044191596241019,True,0
parameter_mismatch_delta_0.520,parameter_mismatch,77,20,reference_aware,coverage_wait,coverage_wait,True,1.0,1.1,False,False,0.45,0.05,0.55,0.0,0.42,0.06,0.58,0.0,0.24944741079455668,0.004167690822346447,0.0030299696205642324,0.7364583757682575,0.9911195315568903,True,0
parameter_mismatch_delta_0.520,parameter_mismatch,77,20,inferred_failure_aware,coverage_wait,coverage_wait,True,1.0,1.1,False,False,0.45,0.05,0.55,0.0,0.42,0.06,0.58,0.0,0.24944741079455668,0.004167690822346447,0.0030299696205642324,0.7364583757682575,0.9911195315568903,True,0
parameter_mismatch_delta_0.520,parameter_mismatch,78,5,baseline,normal,coverage_wait,False,1.0,1.0,True,True,0.6,0.0,0.4,0.0,0.42,0.06,0.58,0.0,0.2992058756261174,0.0046640761913214965,5.8281924029679466e-05,0.731460471210543,0.9961093641278438,True,0
parameter_mismatch_delta_0.520,parameter_mismatch,78,5,reference_aware,coverage_wait,coverage_wait,True,1.0,1.1,False,False,0.6,0.0,0.4,0.0,0.42,0.06,0.58,0.0,0.3006506193910673,0.004662266669127562,1.4526170098783098e-05,0.7311982458414529,0.9853209859869426,True,0
parameter_mismatch_delta_0.520,parameter_mismatch,78,5,inferred_failure_aware,coverage_wait,coverage_wait,True,1.0,1.1,False,False,0.6,0.0,0.4,0.0,0.42,0.06,0.58,0.0,0.3006506193910673,0.004662266669127562,1.4526170098783098e-05,0.7311982458414529,0.9853209859869426,True,0
parameter_mismatch_delta_0.520,parameter_mismatch,78,10,baseline,normal,coverage_wait,False,1.0,1.0,True,True,0.5,0.0,0.5,0.0,0.42,0.06,0.58,0.0,0.2992058756261174,0.0046640761913214965,5.8281924029679466e-05,0.731460471210543,0.9961093641278438,True,0
parameter_mismatch_delta_0.520,parameter_mismatch,78,10,reference_aware,coverage_wait,coverage_wait,True,1.0,1.1,False,False,0.5,0.0,0.5,0.0,0.42,0.06,0.58,0.0,0.3006506193910673,0.004662266669127562,1.4526170098783098e-05,0.7311982458414529,0.9853209859869426,True,0
parameter_mismatch_delta_0.520,parameter_mismatch,78,10,inferred_failure_aware,coverage_wait,coverage_wait,True,1.0,1.1,False,False,0.5,0.0,0.5,0.0,0.42,0.06,0.58,0.0,0.3006506193910673,0.004662266669127562,1.4526170098783098e-05,0.7311982458414529,0.9853209859869426,True,0
parameter_mismatch_delta_0.520,parameter_mismatch,78,20,baseline,normal,coverage_wait,False,1.0,1.0,True,True,0.4,0.0,0.6,0.0,0.42,0.06,0.58,0.0,0.2992058756261174,0.0046640761913214965,5.8281924029679466e-05,0.731460471210543,0.9961093641278438,True,0
parameter_mismatch_delta_0.520,parameter_mismatch,78,20,reference_aware,coverage_wait,coverage_wait,True,1.0,1.1,False,False,0.4,0.0,0.6,0.0,0.42,0.06,0.58,0.0,0.3006506193910673,0.004662266669127562,1.4526170098783098e-05,0.7311982458414529,0.9853209859869426,True,0
parameter_mismatch_delta_0.520,parameter_mismatch,78,20,inferred_failure_aware,coverage_wait,coverage_wait,True,1.0,1.1,False,False,0.4,0.0,0.6,0.0,0.42,0.06,0.58,0.0,0.3006506193910673,0.004662266669127562,1.4526170098783098e-05,0.7311982458414529,0.9853209859869426,True,0
parameter_mismatch_delta_0.520,parameter_mismatch,79,5,baseline,normal,coverage_wait,False,1.0,1.0,True,True,0.4,0.0,0.6,0.0,0.42,0.06,0.58,0.0,0.2949165622684166,0.0054101137011447736,0.0039248055001043225,0.7048967838129155,0.8266864321325812,True,0
parameter_mismatch_delta_0.520,parameter_mismatch,79,5,reference_aware,coverage_wait,coverage_wait,True,1.0,1.1,False,False,0.4,0.0,0.6,0.0,0.42,0.06,0.58,0.0,0.296847611723364,0.005370034981923411,0.003951438637082916,0.7043540726106725,0.8186149140660801,True,0
parameter_mismatch_delta_0.520,parameter_mismatch,79,5,inferred_failure_aware,coverage_wait,coverage_wait,True,1.0,1.1,False,False,0.4,0.0,0.6,0.0,0.42,0.06,0.58,0.0,0.296847611723364,0.005370034981923411,0.003951438637082916,0.7043540726106725,0.8186149140660801,True,0
parameter_mismatch_delta_0.520,parameter_mismatch,79,10,baseline,normal,coverage_wait,False,1.0,1.0,True,True,0.5,0.0,0.5,0.0,0.42,0.06,0.58,0.0,0.2949165622684166,0.0054101137011447736,0.0039248055001043225,0.7048967838129155,0.8266864321325812,True,0
parameter_mismatch_delta_0.520,parameter_mismatch,79,10,reference_aware,coverage_wait,coverage_wait,True,1.0,1.1,False,False,0.5,0.0,0.5,0.0,0.42,0.06,0.58,0.0,0.296847611723364,0.005370034981923411,0.003951438637082916,0.7043540726106725,0.8186149140660801,True,0
parameter_mismatch_delta_0.520,parameter_mismatch,79,10,inferred_failure_aware,coverage_wait,coverage_wait,True,1.0,1.1,False,False,0.5,0.0,0.5,0.0,0.42,0.06,0.58,0.0,0.296847611723364,0.005370034981923411,0.003951438637082916,0.7043540726106725,0.8186149140660801,True,0
parameter_mismatch_delta_0.520,parameter_mismatch,79,20,baseline,normal,coverage_wait,False,1.0,1.0,True,True,0.6,0.0,0.4,0.0,0.42,0.06,0.58,0.0,0.2949165622684166,0.0054101137011447736,0.0039248055001043225,0.7048967838129155,0.8266864321325812,True,0
parameter_mismatch_delta_0.520,parameter_mismatch,79,20,reference_aware,coverage_wait,coverage_wait,True,1.0,1.1,False,False,0.6,0.0,0.4,0.0,0.42,0.06,0.58,0.0,0.296847611723364,0.005370034981923411,0.003951438637082916,0.7043540726106725,0.8186149140660801,True,0
parameter_mismatch_delta_0.520,parameter_mismatch,79,20,inferred_failure_aware,coverage_wait,coverage_wait,True,1.0,1.1,False,False,0.6,0.0,0.4,0.0,0.42,0.06,0.58,0.0,0.296847611723364,0.005370034981923411,0.003951438637082916,0.7043540726106725,0.8186149140660801,True,0
parameter_mismatch_delta_0.520,parameter_mismatch,80,5,baseline,normal,coverage_wait,False,1.0,1.0,True,True,0.6,0.0,0.4,0.0,0.42,0.06,0.58,0.0,0.24862613022276703,0.00534935072411193,0.0027704074466917694,0.7552411814362496,1.0201359113943813,True,0
parameter_mismatch_delta_0.520,parameter_mismatch,80,5,reference_aware,coverage_wait,coverage_wait,True,1.0,1.1,False,False,0.6,0.0,0.4,0.0,0.42,0.06,0.58,0.0,0.2502928338973069,0.005320779066320275,0.002738728921020117,0.755857545926722,1.0106942310558988,True,0
parameter_mismatch_delta_0.520,parameter_mismatch,80,5,inferred_failure_aware,coverage_wait,coverage_wait,True,1.0,1.1,False,False,0.6,0.0,0.4,0.0,0.42,0.06,0.58,0.0,0.2502928338973069,0.005320779066320275,0.002738728921020117,0.755857545926722,1.0106942310558988,True,0
parameter_mismatch_delta_0.520,parameter_mismatch,80,10,baseline,normal,coverage_wait,False,1.0,1.0,True,True,0.4,0.0,0.6,0.0,0.42,0.06,0.58,0.0,0.24862613022276703,0.00534935072411193,0.0027704074466917694,0.7552411814362496,1.0201359113943813,True,0
parameter_mismatch_delta_0.520,parameter_mismatch,80,10,reference_aware,coverage_wait,coverage_wait,True,1.0,1.1,False,False,0.4,0.0,0.6,0.0,0.42,0.06,0.58,0.0,0.2502928338973069,0.005320779066320275,0.002738728921020117,0.755857545926722,1.0106942310558988,True,0
parameter_mismatch_delta_0.520,parameter_mismatch,80,10,inferred_failure_aware,coverage_wait,coverage_wait,True,1.0,1.1,False,False,0.4,0.0,0.6,0.0,0.42,0.06,0.58,0.0,0.2502928338973069,0.005320779066320275,0.002738728921020117,0.755857545926722,1.0106942310558988,True,0
parameter_mismatch_delta_0.520,parameter_mismatch,80,20,baseline,normal,coverage_wait,False,1.0,1.0,True,True,0.4,0.05,0.6,0.0,0.42,0.06,0.58,0.0,0.24862613022276703,0.00534935072411193,0.0027704074466917694,0.7552411814362496,1.0201359113943813,True,0
parameter_mismatch_delta_0.520,parameter_mismatch,80,20,reference_aware,coverage_wait,coverage_wait,True,1.0,1.1,False,False,0.4,0.05,0.6,0.0,0.42,0.06,0.58,0.0,0.2502928338973069,0.005320779066320275,0.002738728921020117,0.755857545926722,1.0106942310558988,True,0
parameter_mismatch_delta_0.520,parameter_mismatch,80,20,inferred_failure_aware,coverage_wait,coverage_wait,True,1.0,1.1,False,False,0.4,0.05,0.6,0.0,0.42,0.06,0.58,0.0,0.2502928338973069,0.005320779066320275,0.002738728921020117,0.755857545926722,1.0106942310558988,True,0
parameter_mismatch_delta_0.520,parameter_mismatch,81,5,baseline,normal,coverage_wait,False,1.0,1.0,True,True,0.4,0.2,0.6,0.0,0.42,0.06,0.58,0.0,0.24175724619703823,0.005512888595230918,0.0017131079398052806,0.7182761473208579,0.9145435212836862,True,0
parameter_mismatch_delta_0.520,parameter_mismatch,81,5,reference_aware,coverage_wait,coverage_wait,True,1.0,1.1,False,False,0.4,0.2,0.6,0.0,0.42,0.06,0.58,0.0,0.24476823299387493,0.005489884488980918,0.0016285361790073782,0.7182686512732787,0.9034815253170608,True,0
parameter_mismatch_delta_0.520,parameter_mismatch,81,5,inferred_failure_aware,coverage_wait,coverage_wait,True,1.0,1.1,False,False,0.4,0.2,0.6,0.0,0.42,0.06,0.58,0.0,0.24476823299387493,0.005489884488980918,0.0016285361790073782,0.7182686512732787,0.9034815253170608,True,0
parameter_mismatch_delta_0.520,parameter_mismatch,81,10,baseline,normal,coverage_wait,False,1.0,1.0,True,True,0.3,0.1,0.7,0.0,0.42,0.06,0.58,0.0,0.24175724619703823,0.005512888595230918,0.0017131079398052806,0.7182761473208579,0.9145435212836862,True,0
parameter_mismatch_delta_0.520,parameter_mismatch,81,10,reference_aware,coverage_wait,coverage_wait,True,1.0,1.1,False,False,0.3,0.1,0.7,0.0,0.42,0.06,0.58,0.0,0.24476823299387493,0.005489884488980918,0.0016285361790073782,0.7182686512732787,0.9034815253170608,True,0
parameter_mismatch_delta_0.520,parameter_mismatch,81,10,inferred_failure_aware,coverage_wait,coverage_wait,True,1.0,1.1,False,False,0.3,0.1,0.7,0.0,0.42,0.06,0.58,0.0,0.24476823299387493,0.005489884488980918,0.0016285361790073782,0.7182686512732787,0.9034815253170608,True,0
parameter_mismatch_delta_0.520,parameter_mismatch,81,20,baseline,normal,coverage_wait,False,1.0,1.0,True,True,0.5,0.05,0.5,0.0,0.42,0.06,0.58,0.0,0.24175724619703823,0.005512888595230918,0.0017131079398052806,0.7182761473208579,0.9145435212836862,True,0
parameter_mismatch_delta_0.520,parameter_mismatch,81,20,reference_aware,coverage_wait,coverage_wait,True,1.0,1.1,False,False,0.5,0.05,0.5,0.0,0.42,0.06,0.58,0.0,0.24476823299387493,0.005489884488980918,0.0016285361790073782,0.7182686512732787,0.9034815253170608,True,0
parameter_mismatch_delta_0.520,parameter_mismatch,81,20,inferred_failure_aware,coverage_wait,coverage_wait,True,1.0,1.1,False,False,0.5,0.05,0.5,0.0,0.42,0.06,0.58,0.0,0.24476823299387493,0.005489884488980918,0.0016285361790073782,0.7182686512732787,0.9034815253170608,True,0
parameter_mismatch_delta_0.520,parameter_mismatch,82,5,baseline,normal,coverage_wait,False,1.0,1.0,True,True,0.4,0.0,0.6,0.0,0.42,0.06,0.58,0.0,0.3884070413096317,0.00511366437508845,0.007113242426547983,0.717146736591744,0.9787335822468796,True,0
parameter_mismatch_delta_0.520,parameter_mismatch,82,5,reference_aware,coverage_wait,coverage_wait,True,1.0,1.1,False,False,0.4,0.0,0.6,0.0,0.42,0.06,0.58,0.0,0.3894991044010822,0.005076084760545528,0.007145971972005616,0.7175892420807342,0.9689478312719295,True,0
parameter_mismatch_delta_0.520,parameter_mismatch,82,5,inferred_failure_aware,coverage_wait,coverage_wait,True,1.0,1.1,False,False,0.4,0.0,0.6,0.0,0.42,0.06,0.58,0.0,0.3894991044010822,0.005076084760545528,0.007145971972005616,0.7175892420807342,0.9689478312719295,True,0
parameter_mismatch_delta_0.520,parameter_mismatch,82,10,baseline,normal,coverage_wait,False,1.0,1.0,True,True,0.4,0.0,0.6,0.0,0.42,0.06,0.58,0.0,0.3884070413096317,0.00511366437508845,0.007113242426547983,0.717146736591744,0.9787335822468796,True,0
parameter_mismatch_delta_0.520,parameter_mismatch,82,10,reference_aware,coverage_wait,coverage_wait,True,1.0,1.1,False,False,0.4,0.0,0.6,0.0,0.42,0.06,0.58,0.0,0.3894991044010822,0.005076084760545528,0.007145971972005616,0.7175892420807342,0.9689478312719295,True,0
parameter_mismatch_delta_0.520,parameter_mismatch,82,10,inferred_failure_aware,coverage_wait,coverage_wait,True,1.0,1.1,False,False,0.4,0.0,0.6,0.0,0.42,0.06,0.58,0.0,0.3894991044010822,0.005076084760545528,0.007145971972005616,0.7175892420807342,0.9689478312719295,True,0
parameter_mismatch_delta_0.520,parameter_mismatch,82,20,baseline,normal,coverage_wait,False,1.0,1.0,True,True,0.4,0.1,0.6,0.0,0.42,0.06,0.58,0.0,0.3884070413096317,0.00511366437508845,0.007113242426547983,0.717146736591744,0.9787335822468796,True,0
parameter_mismatch_delta_0.520,parameter_mismatch,82,20,reference_aware,coverage_wait,coverage_wait,True,1.0,1.1,False,False,0.4,0.1,0.6,0.0,0.42,0.06,0.58,0.0,0.3894991044010822,0.005076084760545528,0.007145971972005616,0.7175892420807342,0.9689478312719295,True,0
parameter_mismatch_delta_0.520,parameter_mismatch,82,20,inferred_failure_aware,coverage_wait,coverage_wait,True,1.0,1.1,False,False,0.4,0.1,0.6,0.0,0.42,0.06,0.58,0.0,0.3894991044010822,0.005076084760545528,0.007145971972005616,0.7175892420807342,0.9689478312719295,True,0
parameter_mismatch_delta_0.520,parameter_mismatch,83,5,baseline,normal,coverage_wait,False,1.0,1.0,True,True,0.6,0.2,0.4,0.0,0.42,0.06,0.58,0.0,0.1684870515545524,0.0035355164110346736,0.0024383842071525885,0.7165594562710873,0.9167936303904857,True,0
parameter_mismatch_delta_0.520,parameter_mismatch,83,5,reference_aware,coverage_wait,coverage_wait,True,1.0,1.1,False,False,0.6,0.2,0.4,0.0,0.42,0.06,0.58,0.0,0.17311011181417993,0.003554468195011216,0.0023455781575625334,0.7162243915732178,0.909631542613236,True,0
parameter_mismatch_delta_0.520,parameter_mismatch,83,5,inferred_failure_aware,coverage_wait,coverage_wait,True,1.0,1.1,False,False,0.6,0.2,0.4,0.0,0.42,0.06,0.58,0.0,0.17311011181417993,0.003554468195011216,0.0023455781575625334,0.7162243915732178,0.909631542613236,True,0
parameter_mismatch_delta_0.520,parameter_mismatch,83,10,baseline,normal,coverage_wait,False,1.0,1.0,True,True,0.3,0.1,0.7,0.0,0.42,0.06,0.58,0.0,0.1684870515545524,0.0035355164110346736,0.0024383842071525885,0.7165594562710873,0.9167936303904857,True,0
parameter_mismatch_delta_0.520,parameter_mismatch,83,10,reference_aware,coverage_wait,coverage_wait,True,1.0,1.1,False,False,0.3,0.1,0.7,0.0,0.42,0.06,0.58,0.0,0.17311011181417993,0.003554468195011216,0.0023455781575625334,0.7162243915732178,0.909631542613236,True,0
parameter_mismatch_delta_0.520,parameter_mismatch,83,10,inferred_failure_aware,coverage_wait,coverage_wait,True,1.0,1.1,False,False,0.3,0.1,0.7,0.0,0.42,0.06,0.58,0.0,0.17311011181417993,0.003554468195011216,0.0023455781575625334,0.7162243915732178,0.909631542613236,True,0
parameter_mismatch_delta_0.520,parameter_mismatch,83,20,baseline,normal,coverage_wait,False,1.0,1.0,True,True,0.4,0.05,0.6,0.0,0.42,0.06,0.58,0.0,0.1684870515545524,0.0035355164110346736,0.0024383842071525885,0.7165594562710873,0.9167936303904857,True,0
parameter_mismatch_delta_0.520,parameter_mismatch,83,20,reference_aware,coverage_wait,coverage_wait,True,1.0,1.1,False,False,0.4,0.05,0.6,0.0,0.42,0.06,0.58,0.0,0.17311011181417993,0.003554468195011216,0.0023455781575625334,0.7162243915732178,0.909631542613236,True,0
parameter_mismatch_delta_0.520,parameter_mismatch,83,20,inferred_failure_aware,coverage_wait,coverage_wait,True,1.0,1.1,False,False,0.4,0.05,0.6,0.0,0.42,0.06,0.58,0.0,0.17311011181417993,0.003554468195011216,0.0023455781575625334,0.7162243915732178,0.909631542613236,True,0
parameter_mismatch_delta_0.520,parameter_mismatch,84,5,baseline,normal,coverage_wait,False,1.0,1.0,True,True,0.2,0.0,0.8,0.0,0.42,0.06,0.58,0.0,0.2150180848322054,0.0036961932964571023,0.0011607279819130234,0.7045044968476274,0.8399410192930092,True,0
parameter_mismatch_delta_0.520,parameter_mismatch,84,5,reference_aware,coverage_wait,coverage_wait,True,1.0,1.1,False,False,0.2,0.0,0.8,0.0,0.42,0.06,0.58,0.0,0.21757211779095686,0.003646507139943127,0.0010848130450239468,0.7038780239169288,0.8291747165056027,True,0
parameter_mismatch_delta_0.520,parameter_mismatch,84,5,inferred_failure_aware,coverage_wait,coverage_wait,True,1.0,1.1,False,False,0.2,0.0,0.8,0.0,0.42,0.06,0.58,0.0,0.21757211779095686,0.003646507139943127,0.0010848130450239468,0.7038780239169288,0.8291747165056027,True,0
parameter_mismatch_delta_0.520,parameter_mismatch,84,10,baseline,normal,coverage_wait,False,1.0,1.0,True,True,0.3,0.0,0.7,0.0,0.42,0.06,0.58,0.0,0.2150180848322054,0.0036961932964571023,0.0011607279819130234,0.7045044968476274,0.8399410192930092,True,0
parameter_mismatch_delta_0.520,parameter_mismatch,84,10,reference_aware,coverage_wait,coverage_wait,True,1.0,1.1,False,False,0.3,0.0,0.7,0.0,0.42,0.06,0.58,0.0,0.21757211779095686,0.003646507139943127,0.0010848130450239468,0.7038780239169288,0.8291747165056027,True,0
parameter_mismatch_delta_0.520,parameter_mismatch,84,10,inferred_failure_aware,coverage_wait,coverage_wait,True,1.0,1.1,False,False,0.3,0.0,0.7,0.0,0.42,0.06,0.58,0.0,0.21757211779095686,0.003646507139943127,0.0010848130450239468,0.7038780239169288,0.8291747165056027,True,0
parameter_mismatch_delta_0.520,parameter_mismatch,84,20,baseline,normal,coverage_wait,False,1.0,1.0,True,True,0.35,0.0,0.65,0.0,0.42,0.06,0.58,0.0,0.2150180848322054,0.0036961932964571023,0.0011607279819130234,0.7045044968476274,0.8399410192930092,True,0
parameter_mismatch_delta_0.520,parameter_mismatch,84,20,reference_aware,coverage_wait,coverage_wait,True,1.0,1.1,False,False,0.35,0.0,0.65,0.0,0.42,0.06,0.58,0.0,0.21757211779095686,0.003646507139943127,0.0010848130450239468,0.7038780239169288,0.8291747165056027,True,0
parameter_mismatch_delta_0.520,parameter_mismatch,84,20,inferred_failure_aware,coverage_wait,coverage_wait,True,1.0,1.1,False,False,0.35,0.0,0.65,0.0,0.42,0.06,0.58,0.0,0.21757211779095686,0.003646507139943127,0.0010848130450239468,0.7038780239169288,0.8291747165056027,True,0
parameter_mismatch_delta_0.520,parameter_mismatch,85,5,baseline,normal,coverage_wait,False,1.0,1.0,True,True,0.2,0.2,0.8,0.0,0.42,0.06,0.58,0.0,0.2564294993664258,0.005524693179367264,0.00676472253093674,0.6992962833687357,0.8022372190444106,True,0
parameter_mismatch_delta_0.520,parameter_mismatch,85,5,reference_aware,coverage_wait,coverage_wait,True,1.0,1.1,False,False,0.2,0.2,0.8,0.0,0.42,0.06,0.58,0.0,0.2575020191980773,0.0054740602694289585,0.006595333564031303,0.6982826453959052,0.7941521528527911,True,0
parameter_mismatch_delta_0.520,parameter_mismatch,85,5,inferred_failure_aware,coverage_wait,coverage_wait,True,1.0,1.1,False,False,0.2,0.2,0.8,0.0,0.42,0.06,0.58,0.0,0.2575020191980773,0.0054740602694289585,0.006595333564031303,0.6982826453959052,0.7941521528527911,True,0
parameter_mismatch_delta_0.520,parameter_mismatch,85,10,baseline,normal,coverage_wait,False,1.0,1.0,True,True,0.4,0.1,0.6,0.0,0.42,0.06,0.58,0.0,0.2564294993664258,0.005524693179367264,0.00676472253093674,0.6992962833687357,0.8022372190444106,True,0
parameter_mismatch_delta_0.520,parameter_mismatch,85,10,reference_aware,coverage_wait,coverage_wait,True,1.0,1.1,False,False,0.4,0.1,0.6,0.0,0.42,0.06,0.58,0.0,0.2575020191980773,0.0054740602694289585,0.006595333564031303,0.6982826453959052,0.7941521528527911,True,0
parameter_mismatch_delta_0.520,parameter_mismatch,85,10,inferred_failure_aware,coverage_wait,coverage_wait,True,1.0,1.1,False,False,0.4,0.1,0.6,0.0,0.42,0.06,0.58,0.0,0.2575020191980773,0.0054740602694289585,0.006595333564031303,0.6982826453959052,0.7941521528527911,True,0
parameter_mismatch_delta_0.520,parameter_mismatch,85,20,baseline,normal,coverage_wait,False,1.0,1.0,True,True,0.55,0.05,0.45,0.0,0.42,0.06,0.58,0.0,0.2564294993664258,0.005524693179367264,0.00676472253093674,0.6992962833687357,0.8022372190444106,True,0
parameter_mismatch_delta_0.520,parameter_mismatch,85,20,reference_aware,coverage_wait,coverage_wait,True,1.0,1.1,False,False,0.55,0.05,0.45,0.0,0.42,0.06,0.58,0.0,0.2575020191980773,0.0054740602694289585,0.006595333564031303,0.6982826453959052,0.7941521528527911,True,0
parameter_mismatch_delta_0.520,parameter_mismatch,85,20,inferred_failure_aware,coverage_wait,coverage_wait,True,1.0,1.1,False,False,0.55,0.05,0.45,0.0,0.42,0.06,0.58,0.0,0.2575020191980773,0.0054740602694289585,0.006595333564031303,0.6982826453959052,0.7941521528527911,True,0
parameter_mismatch_delta_0.520,parameter_mismatch,86,5,baseline,normal,coverage_wait,False,1.0,1.0,True,True,0.4,0.2,0.6,0.0,0.42,0.06,0.58,0.0,0.3250741516342053,0.005259834547089249,0.003591184752124943,0.7319698952011539,1.0380577785675924,True,0
parameter_mismatch_delta_0.520,parameter_mismatch,86,5,reference_aware,coverage_wait,coverage_wait,True,1.0,1.1,False,False,0.4,0.2,0.6,0.0,0.42,0.06,0.58,0.0,0.32839290309556907,0.0052423645154062596,0.0035728546314762744,0.7318272995763432,1.0251386525778095,True,0
parameter_mismatch_delta_0.520,parameter_mismatch,86,5,inferred_failure_aware,coverage_wait,coverage_wait,True,1.0,1.1,False,False,0.4,0.2,0.6,0.0,0.42,0.06,0.58,0.0,0.32839290309556907,0.0052423645154062596,0.0035728546314762744,0.7318272995763432,1.0251386525778095,True,0
parameter_mismatch_delta_0.520,parameter_mismatch,86,10,baseline,normal,coverage_wait,False,1.0,1.0,True,True,0.3,0.2,0.7,0.0,0.42,0.06,0.58,0.0,0.3250741516342053,0.005259834547089249,0.003591184752124943,0.7319698952011539,1.0380577785675924,True,0
parameter_mismatch_delta_0.520,parameter_mismatch,86,10,reference_aware,coverage_wait,coverage_wait,True,1.0,1.1,False,False,0.3,0.2,0.7,0.0,0.42,0.06,0.58,0.0,0.32839290309556907,0.0052423645154062596,0.0035728546314762744,0.7318272995763432,1.0251386525778095,True,0
parameter_mismatch_delta_0.520,parameter_mismatch,86,10,inferred_failure_aware,coverage_wait,coverage_wait,True,1.0,1.1,False,False,0.3,0.2,0.7,0.0,0.42,0.06,0.58,0.0,0.32839290309556907,0.0052423645154062596,0.0035728546314762744,0.7318272995763432,1.0251386525778095,True,0
parameter_mismatch_delta_0.520,parameter_mismatch,86,20,baseline,normal,coverage_wait,False,1.0,1.0,True,True,0.35,0.1,0.65,0.0,0.42,0.06,0.58,0.0,0.3250741516342053,0.005259834547089249,0.003591184752124943,0.7319698952011539,1.0380577785675924,True,0
parameter_mismatch_delta_0.520,parameter_mismatch,86,20,reference_aware,coverage_wait,coverage_wait,True,1.0,1.1,False,False,0.35,0.1,0.65,0.0,0.42,0.06,0.58,0.0,0.32839290309556907,0.0052423645154062596,0.0035728546314762744,0.7318272995763432,1.0251386525778095,True,0
parameter_mismatch_delta_0.520,parameter_mismatch,86,20,inferred_failure_aware,coverage_wait,coverage_wait,True,1.0,1.1,False,False,0.35,0.1,0.65,0.0,0.42,0.06,0.58,0.0,0.32839290309556907,0.0052423645154062596,0.0035728546314762744,0.7318272995763432,1.0251386525778095,True,0
parameter_mismatch_delta_0.520,parameter_mismatch,87,5,baseline,normal,coverage_wait,False,1.0,1.0,True,True,0.6,0.0,0.4,0.0,0.42,0.06,0.58,0.0,0.1442613838554501,0.003980531644540758,0.005706688715621966,0.6853692731211994,0.7884026910820233,True,0
parameter_mismatch_delta_0.520,parameter_mismatch,87,5,reference_aware,coverage_wait,coverage_wait,True,1.0,1.1,False,False,0.6,0.0,0.4,0.0,0.42,0.06,0.58,0.0,0.1443492280556875,0.00392233478708295,0.005568992961255348,0.6842876279972683,0.7797140954623507,True,0
parameter_mismatch_delta_0.520,parameter_mismatch,87,5,inferred_failure_aware,coverage_wait,coverage_wait,True,1.0,1.1,False,False,0.6,0.0,0.4,0.0,0.42,0.06,0.58,0.0,0.1443492280556875,0.00392233478708295,0.005568992961255348,0.6842876279972683,0.7797140954623507,True,0
parameter_mismatch_delta_0.520,parameter_mismatch,87,10,baseline,normal,coverage_wait,False,1.0,1.0,True,True,0.5,0.0,0.5,0.0,0.42,0.06,0.58,0.0,0.1442613838554501,0.003980531644540758,0.005706688715621966,0.6853692731211994,0.7884026910820233,True,0
parameter_mismatch_delta_0.520,parameter_mismatch,87,10,reference_aware,coverage_wait,coverage_wait,True,1.0,1.1,False,False,0.5,0.0,0.5,0.0,0.42,0.06,0.58,0.0,0.1443492280556875,0.00392233478708295,0.005568992961255348,0.6842876279972683,0.7797140954623507,True,0
parameter_mismatch_delta_0.520,parameter_mismatch,87,10,inferred_failure_aware,coverage_wait,coverage_wait,True,1.0,1.1,False,False,0.5,0.0,0.5,0.0,0.42,0.06,0.58,0.0,0.1443492280556875,0.00392233478708295,0.005568992961255348,0.6842876279972683,0.7797140954623507,True,0
parameter_mismatch_delta_0.520,parameter_mismatch,87,20,baseline,normal,coverage_wait,False,1.0,1.0,True,True,0.5,0.05,0.5,0.0,0.42,0.06,0.58,0.0,0.1442613838554501,0.003980531644540758,0.005706688715621966,0.6853692731211994,0.7884026910820233,True,0
parameter_mismatch_delta_0.520,parameter_mismatch,87,20,reference_aware,coverage_wait,coverage_wait,True,1.0,1.1,False,False,0.5,0.05,0.5,0.0,0.42,0.06,0.58,0.0,0.1443492280556875,0.00392233478708295,0.005568992961255348,0.6842876279972683,0.7797140954623507,True,0
parameter_mismatch_delta_0.520,parameter_mismatch,87,20,inferred_failure_aware,coverage_wait,coverage_wait,True,1.0,1.1,False,False,0.5,0.05,0.5,0.0,0.42,0.06,0.58,0.0,0.1443492280556875,0.00392233478708295,0.005568992961255348,0.6842876279972683,0.7797140954623507,True,0
parameter_mismatch_delta_0.520,parameter_mismatch,88,5,baseline,normal,coverage_wait,False,1.0,1.0,True,True,0.8,0.0,0.2,0.0,0.42,0.06,0.58,0.0,0.22852182185171013,0.005356216582118338,0.007533105355109648,0.700118930533828,0.7256068963178595,True,0
parameter_mismatch_delta_0.520,parameter_mismatch,88,5,reference_aware,coverage_wait,coverage_wait,True,1.0,1.1,False,False,0.8,0.0,0.2,0.0,0.42,0.06,0.58,0.0,0.23040436017944463,0.0053151063842423645,0.007437901266221902,0.699016743118885,0.717690208823287,True,0
parameter_mismatch_delta_0.520,parameter_mismatch,88,5,inferred_failure_aware,coverage_wait,coverage_wait,True,1.0,1.1,False,False,0.8,0.0,0.2,0.0,0.42,0.06,0.58,0.0,0.23040436017944463,0.0053151063842423645,0.007437901266221902,0.699016743118885,0.717690208823287,True,0
parameter_mismatch_delta_0.520,parameter_mismatch,88,10,baseline,normal,coverage_wait,False,1.0,1.0,True,True,0.7,0.1,0.3,0.0,0.42,0.06,0.58,0.0,0.22852182185171013,0.005356216582118338,0.007533105355109648,0.700118930533828,0.7256068963178595,True,0
parameter_mismatch_delta_0.520,parameter_mismatch,88,10,reference_aware,coverage_wait,coverage_wait,True,1.0,1.1,False,False,0.7,0.1,0.3,0.0,0.42,0.06,0.58,0.0,0.23040436017944463,0.0053151063842423645,0.007437901266221902,0.699016743118885,0.717690208823287,True,0
parameter_mismatch_delta_0.520,parameter_mismatch,88,10,inferred_failure_aware,coverage_wait,coverage_wait,True,1.0,1.1,False,False,0.7,0.1,0.3,0.0,0.42,0.06,0.58,0.0,0.23040436017944463,0.0053151063842423645,0.007437901266221902,0.699016743118885,0.717690208823287,True,0
parameter_mismatch_delta_0.520,parameter_mismatch,88,20,baseline,normal,coverage_wait,False,1.0,1.0,True,True,0.55,0.05,0.45,0.0,0.42,0.06,0.58,0.0,0.22852182185171013,0.005356216582118338,0.007533105355109648,0.700118930533828,0.7256068963178595,True,0
parameter_mismatch_delta_0.520,parameter_mismatch,88,20,reference_aware,coverage_wait,coverage_wait,True,1.0,1.1,False,False,0.55,0.05,0.45,0.0,0.42,0.06,0.58,0.0,0.23040436017944463,0.0053151063842423645,0.007437901266221902,0.699016743118885,0.717690208823287,True,0
parameter_mismatch_delta_0.520,parameter_mismatch,88,20,inferred_failure_aware,coverage_wait,coverage_wait,True,1.0,1.1,False,False,0.55,0.05,0.45,0.0,0.42,0.06,0.58,0.0,0.23040436017944463,0.0053151063842423645,0.007437901266221902,0.699016743118885,0.717690208823287,True,0
parameter_mismatch_delta_0.520,parameter_mismatch,89,5,baseline,normal,coverage_wait,False,1.0,1.0,True,True,0.2,0.0,0.8,0.0,0.42,0.06,0.58,0.0,0.20467140537056286,0.00421069981598866,0.0021782668506691305,0.7196497918993192,0.7502138214912403,True,0
parameter_mismatch_delta_0.520,parameter_mismatch,89,5,reference_aware,coverage_wait,coverage_wait,True,1.0,1.1,False,False,0.2,0.0,0.8,0.0,0.42,0.06,0.58,0.0,0.2063030077070138,0.0041770269390808985,0.002063537709565577,0.7190380022112084,0.742720286341343,True,0
parameter_mismatch_delta_0.520,parameter_mismatch,89,5,inferred_failure_aware,coverage_wait,coverage_wait,True,1.0,1.1,False,False,0.2,0.0,0.8,0.0,0.42,0.06,0.58,0.0,0.2063030077070138,0.0041770269390808985,0.002063537709565577,0.7190380022112084,0.742720286341343,True,0
parameter_mismatch_delta_0.520,parameter_mismatch,89,10,baseline,normal,coverage_wait,False,1.0,1.0,True,True,0.3,0.0,0.7,0.0,0.42,0.06,0.58,0.0,0.20467140537056286,0.00421069981598866,0.0021782668506691305,0.7196497918993192,0.7502138214912403,True,0
parameter_mismatch_delta_0.520,parameter_mismatch,89,10,reference_aware,coverage_wait,coverage_wait,True,1.0,1.1,False,False,0.3,0.0,0.7,0.0,0.42,0.06,0.58,0.0,0.2063030077070138,0.0041770269390808985,0.002063537709565577,0.7190380022112084,0.742720286341343,True,0
parameter_mismatch_delta_0.520,parameter_mismatch,89,10,inferred_failure_aware,coverage_wait,coverage_wait,True,1.0,1.1,False,False,0.3,0.0,0.7,0.0,0.42,0.06,0.58,0.0,0.2063030077070138,0.0041770269390808985,0.002063537709565577,0.7190380022112084,0.742720286341343,True,0
parameter_mismatch_delta_0.520,parameter_mismatch,89,20,baseline,normal,coverage_wait,False,1.0,1.0,True,True,0.25,0.1,0.75,0.0,0.42,0.06,0.58,0.0,0.20467140537056286,0.00421069981598866,0.0021782668506691305,0.7196497918993192,0.7502138214912403,True,0
parameter_mismatch_delta_0.520,parameter_mismatch,89,20,reference_aware,coverage_wait,coverage_wait,True,1.0,1.1,False,False,0.25,0.1,0.75,0.0,0.42,0.06,0.58,0.0,0.2063030077070138,0.0041770269390808985,0.002063537709565577,0.7190380022112084,0.742720286341343,True,0
parameter_mismatch_delta_0.520,parameter_mismatch,89,20,inferred_failure_aware,coverage_wait,coverage_wait,True,1.0,1.1,False,False,0.25,0.1,0.75,0.0,0.42,0.06,0.58,0.0,0.2063030077070138,0.0041770269390808985,0.002063537709565577,0.7190380022112084,0.742720286341343,True,0
parameter_mismatch_delta_0.520,parameter_mismatch,90,5,baseline,normal,coverage_wait,False,1.0,1.0,True,True,0.4,0.0,0.6,0.0,0.42,0.06,0.58,0.0,0.21801279129549445,0.004149190814863845,0.0005941248731620163,0.7219919076776321,0.9129387634849607,True,0
parameter_mismatch_delta_0.520,parameter_mismatch,90,5,reference_aware,coverage_wait,coverage_wait,True,1.0,1.1,False,False,0.4,0.0,0.6,0.0,0.42,0.06,0.58,0.0,0.22068402158773584,0.004132132075977146,0.0005324539618614121,0.7219728400550569,0.9038552635076588,True,0
parameter_mismatch_delta_0.520,parameter_mismatch,90,5,inferred_failure_aware,coverage_wait,coverage_wait,True,1.0,1.1,False,False,0.4,0.0,0.6,0.0,0.42,0.06,0.58,0.0,0.22068402158773584,0.004132132075977146,0.0005324539618614121,0.7219728400550569,0.9038552635076588,True,0
parameter_mismatch_delta_0.520,parameter_mismatch,90,10,baseline,normal,coverage_wait,False,1.0,1.0,True,True,0.5,0.0,0.5,0.0,0.42,0.06,0.58,0.0,0.21801279129549445,0.004149190814863845,0.0005941248731620163,0.7219919076776321,0.9129387634849607,True,0
parameter_mismatch_delta_0.520,parameter_mismatch,90,10,reference_aware,coverage_wait,coverage_wait,True,1.0,1.1,False,False,0.5,0.0,0.5,0.0,0.42,0.06,0.58,0.0,0.22068402158773584,0.004132132075977146,0.0005324539618614121,0.7219728400550569,0.9038552635076588,True,0
parameter_mismatch_delta_0.520,parameter_mismatch,90,10,inferred_failure_aware,coverage_wait,coverage_wait,True,1.0,1.1,False,False,0.5,0.0,0.5,0.0,0.42,0.06,0.58,0.0,0.22068402158773584,0.004132132075977146,0.0005324539618614121,0.7219728400550569,0.9038552635076588,True,0
parameter_mismatch_delta_0.520,parameter_mismatch,90,20,baseline,normal,coverage_wait,False,1.0,1.0,True,True,0.45,0.0,0.55,0.0,0.42,0.06,0.58,0.0,0.21801279129549445,0.004149190814863845,0.0005941248731620163,0.7219919076776321,0.9129387634849607,True,0
parameter_mismatch_delta_0.520,parameter_mismatch,90,20,reference_aware,coverage_wait,coverage_wait,True,1.0,1.1,False,False,0.45,0.0,0.55,0.0,0.42,0.06,0.58,0.0,0.22068402158773584,0.004132132075977146,0.0005324539618614121,0.7219728400550569,0.9038552635076588,True,0
parameter_mismatch_delta_0.520,parameter_mismatch,90,20,inferred_failure_aware,coverage_wait,coverage_wait,True,1.0,1.1,False,False,0.45,0.0,0.55,0.0,0.42,0.06,0.58,0.0,0.22068402158773584,0.004132132075977146,0.0005324539618614121,0.7219728400550569,0.9038552635076588,True,0
parameter_mismatch_delta_0.520,parameter_mismatch,91,5,baseline,normal,coverage_wait,False,1.0,1.0,True,True,0.6,0.0,0.4,0.0,0.42,0.06,0.58,0.0,0.2481240917234739,0.004703755448001765,0.005956967920040412,0.7351663349342202,0.9482263008943568,True,0
parameter_mismatch_delta_0.520,parameter_mismatch,91,5,reference_aware,coverage_wait,coverage_wait,True,1.0,1.1,False,False,0.6,0.0,0.4,0.0,0.42,0.06,0.58,0.0,0.2506359326985627,0.0047117262723713966,0.005945859706409373,0.7344892703085657,0.9399371734608601,True,0
parameter_mismatch_delta_0.520,parameter_mismatch,91,5,inferred_failure_aware,coverage_wait,coverage_wait,True,1.0,1.1,False,False,0.6,0.0,0.4,0.0,0.42,0.06,0.58,0.0,0.2506359326985627,0.0047117262723713966,0.005945859706409373,0.7344892703085657,0.9399371734608601,True,0
parameter_mismatch_delta_0.520,parameter_mismatch,91,10,baseline,normal,coverage_wait,False,1.0,1.0,True,True,0.5,0.0,0.5,0.0,0.42,0.06,0.58,0.0,0.2481240917234739,0.004703755448001765,0.005956967920040412,0.7351663349342202,0.9482263008943568,True,0
parameter_mismatch_delta_0.520,parameter_mismatch,91,10,reference_aware,coverage_wait,coverage_wait,True,1.0,1.1,False,False,0.5,0.0,0.5,0.0,0.42,0.06,0.58,0.0,0.2506359326985627,0.0047117262723713966,0.005945859706409373,0.7344892703085657,0.9399371734608601,True,0
parameter_mismatch_delta_0.520,parameter_mismatch,91,10,inferred_failure_aware,coverage_wait,coverage_wait,True,1.0,1.1,False,False,0.5,0.0,0.5,0.0,0.42,0.06,0.58,0.0,0.2506359326985627,0.0047117262723713966,0.005945859706409373,0.7344892703085657,0.9399371734608601,True,0
parameter_mismatch_delta_0.520,parameter_mismatch,91,20,baseline,normal,coverage_wait,False,1.0,1.0,True,True,0.35,0.0,0.65,0.0,0.42,0.06,0.58,0.0,0.2481240917234739,0.004703755448001765,0.005956967920040412,0.7351663349342202,0.9482263008943568,True,0
parameter_mismatch_delta_0.520,parameter_mismatch,91,20,reference_aware,coverage_wait,coverage_wait,True,1.0,1.1,False,False,0.35,0.0,0.65,0.0,0.42,0.06,0.58,0.0,0.2506359326985627,0.0047117262723713966,0.005945859706409373,0.7344892703085657,0.9399371734608601,True,0
parameter_mismatch_delta_0.520,parameter_mismatch,91,20,inferred_failure_aware,coverage_wait,coverage_wait,True,1.0,1.1,False,False,0.35,0.0,0.65,0.0,0.42,0.06,0.58,0.0,0.2506359326985627,0.0047117262723713966,0.005945859706409373,0.7344892703085657,0.9399371734608601,True,0
parameter_mismatch_delta_0.520,parameter_mismatch,92,5,baseline,normal,coverage_wait,False,1.0,1.0,True,True,0.2,0.2,0.8,0.0,0.42,0.06,0.58,0.0,0.2780767497078137,0.005330287067912003,0.007053447210535135,0.731560542929985,1.0335051097440027,True,0
parameter_mismatch_delta_0.520,parameter_mismatch,92,5,reference_aware,coverage_wait,coverage_wait,True,1.0,1.1,False,False,0.2,0.2,0.8,0.0,0.42,0.06,0.58,0.0,0.27905678979887505,0.005298406757915293,0.006983604172218216,0.7307167690838023,1.0241216698116056,True,0
parameter_mismatch_delta_0.520,parameter_mismatch,92,5,inferred_failure_aware,coverage_wait,coverage_wait,True,1.0,1.1,False,False,0.2,0.2,0.8,0.0,0.42,0.06,0.58,0.0,0.27905678979887505,0.005298406757915293,0.006983604172218216,0.7307167690838023,1.0241216698116056,True,0
parameter_mismatch_delta_0.520,parameter_mismatch,92,10,baseline,normal,coverage_wait,False,1.0,1.0,True,True,0.5,0.1,0.5,0.0,0.42,0.06,0.58,0.0,0.2780767497078137,0.005330287067912003,0.007053447210535135,0.731560542929985,1.0335051097440027,True,0
parameter_mismatch_delta_0.520,parameter_mismatch,92,10,reference_aware,coverage_wait,coverage_wait,True,1.0,1.1,False,False,0.5,0.1,0.5,0.0,0.42,0.06,0.58,0.0,0.27905678979887505,0.005298406757915293,0.006983604172218216,0.7307167690838023,1.0241216698116056,True,0
parameter_mismatch_delta_0.520,parameter_mismatch,92,10,inferred_failure_aware,coverage_wait,coverage_wait,True,1.0,1.1,False,False,0.5,0.1,0.5,0.0,0.42,0.06,0.58,0.0,0.27905678979887505,0.005298406757915293,0.006983604172218216,0.7307167690838023,1.0241216698116056,True,0
parameter_mismatch_delta_0.520,parameter_mismatch,92,20,baseline,normal,coverage_wait,False,1.0,1.0,True,True,0.45,0.1,0.55,0.0,0.42,0.06,0.58,0.0,0.2780767497078137,0.005330287067912003,0.007053447210535135,0.731560542929985,1.0335051097440027,True,0
parameter_mismatch_delta_0.520,parameter_mismatch,92,20,reference_aware,coverage_wait,coverage_wait,True,1.0,1.1,False,False,0.45,0.1,0.55,0.0,0.42,0.06,0.58,0.0,0.27905678979887505,0.005298406757915293,0.006983604172218216,0.7307167690838023,1.0241216698116056,True,0
parameter_mismatch_delta_0.520,parameter_mismatch,92,20,inferred_failure_aware,coverage_wait,coverage_wait,True,1.0,1.1,False,False,0.45,0.1,0.55,0.0,0.42,0.06,0.58,0.0,0.27905678979887505,0.005298406757915293,0.006983604172218216,0.7307167690838023,1.0241216698116056,True,0
parameter_mismatch_delta_0.520,parameter_mismatch,93,5,baseline,normal,coverage_wait,False,1.0,1.0,True,True,0.2,0.2,0.8,0.0,0.42,0.06,0.58,0.0,0.2345593470866028,0.005382342212594778,0.012325574393194594,0.7507167419960348,0.8593190380781064,True,0
parameter_mismatch_delta_0.520,parameter_mismatch,93,5,reference_aware,coverage_wait,coverage_wait,True,1.0,1.1,False,False,0.2,0.2,0.8,0.0,0.42,0.06,0.58,0.0,0.23828000532459542,0.005363905435332071,0.012251138768120451,0.750472120213757,0.8504831521570476,True,0
parameter_mismatch_delta_0.520,parameter_mismatch,93,5,inferred_failure_aware,coverage_wait,coverage_wait,True,1.0,1.1,False,False,0.2,0.2,0.8,0.0,0.42,0.06,0.58,0.0,0.23828000532459542,0.005363905435332071,0.012251138768120451,0.750472120213757,0.8504831521570476,True,0
parameter_mismatch_delta_0.520,parameter_mismatch,93,10,baseline,normal,coverage_wait,False,1.0,1.0,True,True,0.3,0.1,0.7,0.0,0.42,0.06,0.58,0.0,0.2345593470866028,0.005382342212594778,0.012325574393194594,0.7507167419960348,0.8593190380781064,True,0
parameter_mismatch_delta_0.520,parameter_mismatch,93,10,reference_aware,coverage_wait,coverage_wait,True,1.0,1.1,False,False,0.3,0.1,0.7,0.0,0.42,0.06,0.58,0.0,0.23828000532459542,0.005363905435332071,0.012251138768120451,0.750472120213757,0.8504831521570476,True,0
parameter_mismatch_delta_0.520,parameter_mismatch,93,10,inferred_failure_aware,coverage_wait,coverage_wait,True,1.0,1.1,False,False,0.3,0.1,0.7,0.0,0.42,0.06,0.58,0.0,0.23828000532459542,0.005363905435332071,0.012251138768120451,0.750472120213757,0.8504831521570476,True,0
parameter_mismatch_delta_0.520,parameter_mismatch,93,20,baseline,normal,coverage_wait,False,1.0,1.0,True,True,0.45,0.05,0.55,0.0,0.42,0.06,0.58,0.0,0.2345593470866028,0.005382342212594778,0.012325574393194594,0.7507167419960348,0.8593190380781064,True,0
parameter_mismatch_delta_0.520,parameter_mismatch,93,20,reference_aware,coverage_wait,coverage_wait,True,1.0,1.1,False,False,0.45,0.05,0.55,0.0,0.42,0.06,0.58,0.0,0.23828000532459542,0.005363905435332071,0.012251138768120451,0.750472120213757,0.8504831521570476,True,0
parameter_mismatch_delta_0.520,parameter_mismatch,93,20,inferred_failure_aware,coverage_wait,coverage_wait,True,1.0,1.1,False,False,0.45,0.05,0.55,0.0,0.42,0.06,0.58,0.0,0.23828000532459542,0.005363905435332071,0.012251138768120451,0.750472120213757,0.8504831521570476,True,0
parameter_mismatch_delta_0.520,parameter_mismatch,94,5,baseline,normal,coverage_wait,False,1.0,1.0,True,True,0.4,0.0,0.6,0.0,0.42,0.06,0.58,0.0,0.2666316074102317,0.005469480103484834,0.0030649803802942355,0.7322678794247092,0.9377911749386432,True,0
parameter_mismatch_delta_0.520,parameter_mismatch,94,5,reference_aware,coverage_wait,coverage_wait,True,1.0,1.1,False,False,0.4,0.0,0.6,0.0,0.42,0.06,0.58,0.0,0.2668374396707207,0.0054478174810489895,0.003145272522313336,0.7326016300252567,0.9281210079741631,True,0
parameter_mismatch_delta_0.520,parameter_mismatch,94,5,inferred_failure_aware,coverage_wait,coverage_wait,True,1.0,1.1,False,False,0.4,0.0,0.6,0.0,0.42,0.06,0.58,0.0,0.2668374396707207,0.0054478174810489895,0.003145272522313336,0.7326016300252567,0.9281210079741631,True,0
parameter_mismatch_delta_0.520,parameter_mismatch,94,10,baseline,normal,coverage_wait,False,1.0,1.0,True,True,0.5,0.1,0.5,0.0,0.42,0.06,0.58,0.0,0.2666316074102317,0.005469480103484834,0.0030649803802942355,0.7322678794247092,0.9377911749386432,True,0
parameter_mismatch_delta_0.520,parameter_mismatch,94,10,reference_aware,coverage_wait,coverage_wait,True,1.0,1.1,False,False,0.5,0.1,0.5,0.0,0.42,0.06,0.58,0.0,0.2668374396707207,0.0054478174810489895,0.003145272522313336,0.7326016300252567,0.9281210079741631,True,0
parameter_mismatch_delta_0.520,parameter_mismatch,94,10,inferred_failure_aware,coverage_wait,coverage_wait,True,1.0,1.1,False,False,0.5,0.1,0.5,0.0,0.42,0.06,0.58,0.0,0.2668374396707207,0.0054478174810489895,0.003145272522313336,0.7326016300252567,0.9281210079741631,True,0
parameter_mismatch_delta_0.520,parameter_mismatch,94,20,baseline,normal,coverage_wait,False,1.0,1.0,True,True,0.5,0.1,0.5,0.0,0.42,0.06,0.58,0.0,0.2666316074102317,0.005469480103484834,0.0030649803802942355,0.7322678794247092,0.9377911749386432,True,0
parameter_mismatch_delta_0.520,parameter_mismatch,94,20,reference_aware,coverage_wait,coverage_wait,True,1.0,1.1,False,False,0.5,0.1,0.5,0.0,0.42,0.06,0.58,0.0,0.2668374396707207,0.0054478174810489895,0.003145272522313336,0.7326016300252567,0.9281210079741631,True,0
parameter_mismatch_delta_0.520,parameter_mismatch,94,20,inferred_failure_aware,coverage_wait,coverage_wait,True,1.0,1.1,False,False,0.5,0.1,0.5,0.0,0.42,0.06,0.58,0.0,0.2668374396707207,0.0054478174810489895,0.003145272522313336,0.7326016300252567,0.9281210079741631,True,0
parameter_mismatch_delta_0.520,parameter_mismatch,95,5,baseline,normal,coverage_wait,False,1.0,1.0,True,True,0.4,0.0,0.6,0.0,0.42,0.06,0.58,0.0,0.34012239884454654,0.006057573633126648,0.007436166037627423,0.7373382215049562,0.9788574832650174,True,0
parameter_mismatch_delta_0.520,parameter_mismatch,95,5,reference_aware,coverage_wait,coverage_wait,True,1.0,1.1,False,False,0.4,0.0,0.6,0.0,0.42,0.06,0.58,0.0,0.34126177150721604,0.005998416972386114,0.007379608126948489,0.7363335135262882,0.9649550056503844,True,0
parameter_mismatch_delta_0.520,parameter_mismatch,95,5,inferred_failure_aware,coverage_wait,coverage_wait,True,1.0,1.1,False,False,0.4,0.0,0.6,0.0,0.42,0.06,0.58,0.0,0.34126177150721604,0.005998416972386114,0.007379608126948489,0.7363335135262882,0.9649550056503844,True,0
parameter_mismatch_delta_0.520,parameter_mismatch,95,10,baseline,normal,coverage_wait,False,1.0,1.0,True,True,0.4,0.1,0.6,0.0,0.42,0.06,0.58,0.0,0.34012239884454654,0.006057573633126648,0.007436166037627423,0.7373382215049562,0.9788574832650174,True,0
parameter_mismatch_delta_0.520,parameter_mismatch,95,10,reference_aware,coverage_wait,coverage_wait,True,1.0,1.1,False,False,0.4,0.1,0.6,0.0,0.42,0.06,0.58,0.0,0.34126177150721604,0.005998416972386114,0.007379608126948489,0.7363335135262882,0.9649550056503844,True,0
parameter_mismatch_delta_0.520,parameter_mismatch,95,10,inferred_failure_aware,coverage_wait,coverage_wait,True,1.0,1.1,False,False,0.4,0.1,0.6,0.0,0.42,0.06,0.58,0.0,0.34126177150721604,0.005998416972386114,0.007379608126948489,0.7363335135262882,0.9649550056503844,True,0
parameter_mismatch_delta_0.520,parameter_mismatch,95,20,baseline,normal,coverage_wait,False,1.0,1.0,True,True,0.5,0.05,0.5,0.0,0.42,0.06,0.58,0.0,0.34012239884454654,0.006057573633126648,0.007436166037627423,0.7373382215049562,0.9788574832650174,True,0
parameter_mismatch_delta_0.520,parameter_mismatch,95,20,reference_aware,coverage_wait,coverage_wait,True,1.0,1.1,False,False,0.5,0.05,0.5,0.0,0.42,0.06,0.58,0.0,0.34126177150721604,0.005998416972386114,0.007379608126948489,0.7363335135262882,0.9649550056503844,True,0
parameter_mismatch_delta_0.520,parameter_mismatch,95,20,inferred_failure_aware,coverage_wait,coverage_wait,True,1.0,1.1,False,False,0.5,0.05,0.5,0.0,0.42,0.06,0.58,0.0,0.34126177150721604,0.005998416972386114,0.007379608126948489,0.7363335135262882,0.9649550056503844,True,0
parameter_mismatch_delta_0.520,parameter_mismatch,96,5,baseline,normal,coverage_wait,False,1.0,1.0,True,True,0.8,0.0,0.2,0.0,0.42,0.06,0.58,0.0,0.18772131394069547,0.004319379734584213,0.0016150494081821343,0.7149304869057647,0.6735655110178869,True,0
parameter_mismatch_delta_0.520,parameter_mismatch,96,5,reference_aware,coverage_wait,coverage_wait,True,1.0,1.1,False,False,0.8,0.0,0.2,0.0,0.42,0.06,0.58,0.0,0.1874893326881301,0.0043229539769645345,0.0014928282482054023,0.7148490066725742,0.668348853313525,True,0
parameter_mismatch_delta_0.520,parameter_mismatch,96,5,inferred_failure_aware,coverage_wait,coverage_wait,True,1.0,1.1,False,False,0.8,0.0,0.2,0.0,0.42,0.06,0.58,0.0,0.1874893326881301,0.0043229539769645345,0.0014928282482054023,0.7148490066725742,0.668348853313525,True,0
parameter_mismatch_delta_0.520,parameter_mismatch,96,10,baseline,normal,coverage_wait,False,1.0,1.0,True,True,0.6,0.0,0.4,0.0,0.42,0.06,0.58,0.0,0.18772131394069547,0.004319379734584213,0.0016150494081821343,0.7149304869057647,0.6735655110178869,True,0
parameter_mismatch_delta_0.520,parameter_mismatch,96,10,reference_aware,coverage_wait,coverage_wait,True,1.0,1.1,False,False,0.6,0.0,0.4,0.0,0.42,0.06,0.58,0.0,0.1874893326881301,0.0043229539769645345,0.0014928282482054023,0.7148490066725742,0.668348853313525,True,0
parameter_mismatch_delta_0.520,parameter_mismatch,96,10,inferred_failure_aware,coverage_wait,coverage_wait,True,1.0,1.1,False,False,0.6,0.0,0.4,0.0,0.42,0.06,0.58,0.0,0.1874893326881301,0.0043229539769645345,0.0014928282482054023,0.7148490066725742,0.668348853313525,True,0
parameter_mismatch_delta_0.520,parameter_mismatch,96,20,baseline,normal,coverage_wait,False,1.0,1.0,True,True,0.5,0.05,0.5,0.0,0.42,0.06,0.58,0.0,0.18772131394069547,0.004319379734584213,0.0016150494081821343,0.7149304869057647,0.6735655110178869,True,0
parameter_mismatch_delta_0.520,parameter_mismatch,96,20,reference_aware,coverage_wait,coverage_wait,True,1.0,1.1,False,False,0.5,0.05,0.5,0.0,0.42,0.06,0.58,0.0,0.1874893326881301,0.0043229539769645345,0.0014928282482054023,0.7148490066725742,0.668348853313525,True,0
parameter_mismatch_delta_0.520,parameter_mismatch,96,20,inferred_failure_aware,coverage_wait,coverage_wait,True,1.0,1.1,False,False,0.5,0.05,0.5,0.0,0.42,0.06,0.58,0.0,0.1874893326881301,0.0043229539769645345,0.0014928282482054023,0.7148490066725742,0.668348853313525,True,0
parameter_mismatch_delta_0.520,parameter_mismatch,97,5,baseline,normal,coverage_wait,False,1.0,1.0,True,True,0.4,0.0,0.6,0.0,0.42,0.06,0.58,0.0,0.15900900152939676,0.0042461808154634975,0.002659047244178425,0.7458998463191111,0.7899972440570433,True,0
parameter_mismatch_delta_0.520,parameter_mismatch,97,5,reference_aware,coverage_wait,coverage_wait,True,1.0,1.1,False,False,0.4,0.0,0.6,0.0,0.42,0.06,0.58,0.0,0.16136241629273976,0.004210543454869795,0.0027108301338011342,0.7451394484575999,0.7828154642827964,True,0
parameter_mismatch_delta_0.520,parameter_mismatch,97,5,inferred_failure_aware,coverage_wait,coverage_wait,True,1.0,1.1,False,False,0.4,0.0,0.6,0.0,0.42,0.06,0.58,0.0,0.16136241629273976,0.004210543454869795,0.0027108301338011342,0.7451394484575999,0.7828154642827964,True,0
parameter_mismatch_delta_0.520,parameter_mismatch,97,10,baseline,normal,coverage_wait,False,1.0,1.0,True,True,0.5,0.1,0.5,0.0,0.42,0.06,0.58,0.0,0.15900900152939676,0.0042461808154634975,0.002659047244178425,0.7458998463191111,0.7899972440570433,True,0
parameter_mismatch_delta_0.520,parameter_mismatch,97,10,reference_aware,coverage_wait,coverage_wait,True,1.0,1.1,False,False,0.5,0.1,0.5,0.0,0.42,0.06,0.58,0.0,0.16136241629273976,0.004210543454869795,0.0027108301338011342,0.7451394484575999,0.7828154642827964,True,0
parameter_mismatch_delta_0.520,parameter_mismatch,97,10,inferred_failure_aware,coverage_wait,coverage_wait,True,1.0,1.1,False,False,0.5,0.1,0.5,0.0,0.42,0.06,0.58,0.0,0.16136241629273976,0.004210543454869795,0.0027108301338011342,0.7451394484575999,0.7828154642827964,True,0
parameter_mismatch_delta_0.520,parameter_mismatch,97,20,baseline,normal,coverage_wait,False,1.0,1.0,True,True,0.5,0.05,0.5,0.0,0.42,0.06,0.58,0.0,0.15900900152939676,0.0042461808154634975,0.002659047244178425,0.7458998463191111,0.7899972440570433,True,0
parameter_mismatch_delta_0.520,parameter_mismatch,97,20,reference_aware,coverage_wait,coverage_wait,True,1.0,1.1,False,False,0.5,0.05,0.5,0.0,0.42,0.06,0.58,0.0,0.16136241629273976,0.004210543454869795,0.0027108301338011342,0.7451394484575999,0.7828154642827964,True,0
parameter_mismatch_delta_0.520,parameter_mismatch,97,20,inferred_failure_aware,coverage_wait,coverage_wait,True,1.0,1.1,False,False,0.5,0.05,0.5,0.0,0.42,0.06,0.58,0.0,0.16136241629273976,0.004210543454869795,0.0027108301338011342,0.7451394484575999,0.7828154642827964,True,0
parameter_mismatch_delta_0.520,parameter_mismatch,98,5,baseline,normal,coverage_wait,False,1.0,1.0,True,True,0.4,0.0,0.6,0.0,0.42,0.06,0.58,0.0,0.2712265701535821,0.00444870983201062,0.0011513714467784597,0.755594975235665,1.0920147827125017,True,0
parameter_mismatch_delta_0.520,parameter_mismatch,98,5,reference_aware,coverage_wait,coverage_wait,True,1.0,1.1,False,False,0.4,0.0,0.6,0.0,0.42,0.06,0.58,0.0,0.27376096008005263,0.0044199668105945385,0.001122432904920645,0.7548872163341455,1.0788708181128068,True,0
parameter_mismatch_delta_0.520,parameter_mismatch,98,5,inferred_failure_aware,coverage_wait,coverage_wait,True,1.0,1.1,False,False,0.4,0.0,0.6,0.0,0.42,0.06,0.58,0.0,0.27376096008005263,0.0044199668105945385,0.001122432904920645,0.7548872163341455,1.0788708181128068,True,0
parameter_mismatch_delta_0.520,parameter_mismatch,98,10,baseline,normal,coverage_wait,False,1.0,1.0,True,True,0.5,0.0,0.5,0.0,0.42,0.06,0.58,0.0,0.2712265701535821,0.00444870983201062,0.0011513714467784597,0.755594975235665,1.0920147827125017,True,0
parameter_mismatch_delta_0.520,parameter_mismatch,98,10,reference_aware,coverage_wait,coverage_wait,True,1.0,1.1,False,False,0.5,0.0,0.5,0.0,0.42,0.06,0.58,0.0,0.27376096008005263,0.0044199668105945385,0.001122432904920645,0.7548872163341455,1.0788708181128068,True,0
parameter_mismatch_delta_0.520,parameter_mismatch,98,10,inferred_failure_aware,coverage_wait,coverage_wait,True,1.0,1.1,False,False,0.5,0.0,0.5,0.0,0.42,0.06,0.58,0.0,0.27376096008005263,0.0044199668105945385,0.001122432904920645,0.7548872163341455,1.0788708181128068,True,0
parameter_mismatch_delta_0.520,parameter_mismatch,98,20,baseline,normal,coverage_wait,False,1.0,1.0,True,True,0.45,0.05,0.55,0.0,0.42,0.06,0.58,0.0,0.2712265701535821,0.00444870983201062,0.0011513714467784597,0.755594975235665,1.0920147827125017,True,0
parameter_mismatch_delta_0.520,parameter_mismatch,98,20,reference_aware,coverage_wait,coverage_wait,True,1.0,1.1,False,False,0.45,0.05,0.55,0.0,0.42,0.06,0.58,0.0,0.27376096008005263,0.0044199668105945385,0.001122432904920645,0.7548872163341455,1.0788708181128068,True,0
parameter_mismatch_delta_0.520,parameter_mismatch,98,20,inferred_failure_aware,coverage_wait,coverage_wait,True,1.0,1.1,False,False,0.45,0.05,0.55,0.0,0.42,0.06,0.58,0.0,0.27376096008005263,0.0044199668105945385,0.001122432904920645,0.7548872163341455,1.0788708181128068,True,0
parameter_mismatch_delta_0.520,parameter_mismatch,99,5,baseline,normal,coverage_wait,False,1.0,1.0,True,True,1.0,0.0,0.0,0.0,0.42,0.06,0.58,0.0,0.28510576063884707,0.004295879250491822,0.004566823353135296,0.7788036186007165,1.1728156372012595,True,0
parameter_mismatch_delta_0.520,parameter_mismatch,99,5,reference_aware,coverage_wait,coverage_wait,True,1.0,1.1,False,False,1.0,0.0,0.0,0.0,0.42,0.06,0.58,0.0,0.2884372602025437,0.0042697556607715825,0.0045096246636637805,0.7783109196433173,1.160431894867093,True,0
parameter_mismatch_delta_0.520,parameter_mismatch,99,5,inferred_failure_aware,accuracy_guard,coverage_wait,False,0.9,1.75,False,False,1.0,0.0,0.0,0.0,0.42,0.06,0.58,0.0,0.2998921074555182,0.0037533943739413815,0.0039889798768069085,0.7350629735517552,1.091466964504424,True,0
parameter_mismatch_delta_0.520,parameter_mismatch,99,10,baseline,normal,coverage_wait,False,1.0,1.0,True,True,0.8,0.0,0.2,0.0,0.42,0.06,0.58,0.0,0.28510576063884707,0.004295879250491822,0.004566823353135296,0.7788036186007165,1.1728156372012595,True,0
parameter_mismatch_delta_0.520,parameter_mismatch,99,10,reference_aware,coverage_wait,coverage_wait,True,1.0,1.1,False,False,0.8,0.0,0.2,0.0,0.42,0.06,0.58,0.0,0.2884372602025437,0.0042697556607715825,0.0045096246636637805,0.7783109196433173,1.160431894867093,True,0
parameter_mismatch_delta_0.520,parameter_mismatch,99,10,inferred_failure_aware,coverage_wait,coverage_wait,True,1.0,1.1,False,False,0.8,0.0,0.2,0.0,0.42,0.06,0.58,0.0,0.2884372602025437,0.0042697556607715825,0.0045096246636637805,0.7783109196433173,1.160431894867093,True,0
parameter_mismatch_delta_0.520,parameter_mismatch,99,20,baseline,normal,coverage_wait,False,1.0,1.0,True,True,0.55,0.05,0.45,0.0,0.42,0.06,0.58,0.0,0.28510576063884707,0.004295879250491822,0.004566823353135296,0.7788036186007165,1.1728156372012595,True,0
parameter_mismatch_delta_0.520,parameter_mismatch,99,20,reference_aware,coverage_wait,coverage_wait,True,1.0,1.1,False,False,0.55,0.05,0.45,0.0,0.42,0.06,0.58,0.0,0.2884372602025437,0.0042697556607715825,0.0045096246636637805,0.7783109196433173,1.160431894867093,True,0
parameter_mismatch_delta_0.520,parameter_mismatch,99,20,inferred_failure_aware,coverage_wait,coverage_wait,True,1.0,1.1,False,False,0.55,0.05,0.45,0.0,0.42,0.06,0.58,0.0,0.2884372602025437,0.0042697556607715825,0.0045096246636637805,0.7783109196433173,1.160431894867093,True,0
structural_change_delta_0.060,structural_change,0,5,baseline,normal,coverage_wait,False,1.0,1.0,True,True,0.4,0.6,0.2,0.4,0.5,0.28,0.34,0.18,0.38789655726984784,0.016934524274978317,0.001875667020909244,0.7730541045962053,1.2598577730463605,True,2
structural_change_delta_0.060,structural_change,0,5,reference_aware,coverage_wait,coverage_wait,True,1.0,1.1,False,False,0.4,0.6,0.2,0.4,0.5,0.28,0.34,0.18,0.3882941813179393,0.01701724330614704,0.0019359971212191684,0.7735541146205035,1.2427021338312563,True,2
structural_change_delta_0.060,structural_change,0,5,inferred_failure_aware,accuracy_guard,coverage_wait,False,0.9,1.75,False,False,0.4,0.6,0.2,0.4,0.5,0.28,0.34,0.18,0.40315169878938906,0.018244844493668276,0.0019739749198997014,0.7383202385796541,1.161449366536685,True,2
structural_change_delta_0.060,structural_change,0,10,baseline,normal,coverage_wait,False,1.0,1.0,True,True,0.5,0.4,0.2,0.3,0.5,0.28,0.34,0.18,0.38789655726984784,0.016934524274978317,0.001875667020909244,0.7730541045962053,1.2598577730463605,True,2
structural_change_delta_0.060,structural_change,0,10,reference_aware,coverage_wait,coverage_wait,True,1.0,1.1,False,False,0.5,0.4,0.2,0.3,0.5,0.28,0.34,0.18,0.3882941813179393,0.01701724330614704,0.0019359971212191684,0.7735541146205035,1.2427021338312563,True,2
structural_change_delta_0.060,structural_change,0,10,inferred_failure_aware,accuracy_guard,coverage_wait,False,0.9,1.75,False,False,0.5,0.4,0.2,0.3,0.5,0.28,0.34,0.18,0.40315169878938906,0.018244844493668276,0.0019739749198997014,0.7383202385796541,1.161449366536685,True,2
structural_change_delta_0.060,structural_change,0,20,baseline,normal,coverage_wait,False,1.0,1.0,True,True,0.5,0.3,0.25,0.25,0.5,0.28,0.34,0.18,0.38789655726984784,0.016934524274978317,0.001875667020909244,0.7730541045962053,1.2598577730463605,True,2
structural_change_delta_0.060,structural_change,0,20,reference_aware,coverage_wait,coverage_wait,True,1.0,1.1,False,False,0.5,0.3,0.25,0.25,0.5,0.28,0.34,0.18,0.3882941813179393,0.01701724330614704,0.0019359971212191684,0.7735541146205035,1.2427021338312563,True,2
structural_change_delta_0.060,structural_change,0,20,inferred_failure_aware,accuracy_guard,coverage_wait,False,0.9,1.75,False,False,0.5,0.3,0.25,0.25,0.5,0.28,0.34,0.18,0.40315169878938906,0.018244844493668276,0.0019739749198997014,0.7383202385796541,1.161449366536685,True,2
structural_change_delta_0.060,structural_change,1,5,baseline,normal,coverage_wait,False,1.0,1.0,True,True,0.6,0.4,0.0,0.2,0.5,0.28,0.34,0.18,0.2515527824983174,0.014586185648044992,4.417771885067978e-05,0.7711447815752582,0.9950636764377209,True,0
structural_change_delta_0.060,structural_change,1,5,reference_aware,coverage_wait,coverage_wait,True,1.0,1.1,False,False,0.6,0.4,0.0,0.2,0.5,0.28,0.34,0.18,0.2520141104168633,0.01467409911964556,0.00017287563245216298,0.7705771610380846,0.9818626180626746,True,0
structural_change_delta_0.060,structural_change,1,5,inferred_failure_aware,accuracy_guard,coverage_wait,False,0.9,1.75,False,False,0.6,0.4,0.0,0.2,0.5,0.28,0.34,0.18,0.2636587331027603,0.015659720531983744,0.0009531122800013891,0.7259977571854618,0.9311547084158938,True,1
structural_change_delta_0.060,structural_change,1,10,baseline,normal,coverage_wait,False,1.0,1.0,True,True,0.5,0.4,0.3,0.2,0.5,0.28,0.34,0.18,0.2515527824983174,0.014586185648044992,4.417771885067978e-05,0.7711447815752582,0.9950636764377209,True,0
structural_change_delta_0.060,structural_change,1,10,reference_aware,coverage_wait,coverage_wait,True,1.0,1.1,False,False,0.5,0.4,0.3,0.2,0.5,0.28,0.34,0.18,0.2520141104168633,0.01467409911964556,0.00017287563245216298,0.7705771610380846,0.9818626180626746,True,0
structural_change_delta_0.060,structural_change,1,10,inferred_failure_aware,accuracy_guard,coverage_wait,False,0.9,1.75,False,False,0.5,0.4,0.3,0.2,0.5,0.28,0.34,0.18,0.2636587331027603,0.015659720531983744,0.0009531122800013891,0.7259977571854618,0.9311547084158938,True,1
structural_change_delta_0.060,structural_change,1,20,baseline,normal,coverage_wait,False,1.0,1.0,True,True,0.6,0.25,0.3,0.15,0.5,0.28,0.34,0.18,0.2515527824983174,0.014586185648044992,4.417771885067978e-05,0.7711447815752582,0.9950636764377209,True,0
structural_change_delta_0.060,structural_change,1,20,reference_aware,coverage_wait,coverage_wait,True,1.0,1.1,False,False,0.6,0.25,0.3,0.15,0.5,0.28,0.34,0.18,0.2520141104168633,0.01467409911964556,0.00017287563245216298,0.7705771610380846,0.9818626180626746,True,0
structural_change_delta_0.060,structural_change,1,20,inferred_failure_aware,coverage_wait,coverage_wait,True,1.0,1.1,False,False,0.6,0.25,0.3,0.15,0.5,0.28,0.34,0.18,0.2520141104168633,0.01467409911964556,0.00017287563245216298,0.7705771610380846,0.9818626180626746,True,0
structural_change_delta_0.060,structural_change,2,5,baseline,normal,coverage_wait,False,1.0,1.0,True,True,0.6,0.2,0.4,0.2,0.5,0.28,0.34,0.18,0.2841919170331763,0.01710011327322846,0.009353699766866397,0.7658845813863921,1.129610889616978,True,2
structural_change_delta_0.060,structural_change,2,5,reference_aware,coverage_wait,coverage_wait,True,1.0,1.1,False,False,0.6,0.2,0.4,0.2,0.5,0.28,0.34,0.18,0.28336394515113444,0.017169195650827147,0.009093357219996046,0.7649943520184802,1.1123430194944772,True,2
structural_change_delta_0.060,structural_change,2,5,inferred_failure_aware,coverage_wait,coverage_wait,True,1.0,1.1,False,False,0.6,0.2,0.4,0.2,0.5,0.28,0.34,0.18,0.28336394515113444,0.017169195650827147,0.009093357219996046,0.7649943520184802,1.1123430194944772,True,2
structural_change_delta_0.060,structural_change,2,10,baseline,normal,coverage_wait,False,1.0,1.0,True,True,0.5,0.4,0.3,0.3,0.5,0.28,0.34,0.18,0.2841919170331763,0.01710011327322846,0.009353699766866397,0.7658845813863921,1.129610889616978,True,2
structural_change_delta_0.060,structural_change,2,10,reference_aware,coverage_wait,coverage_wait,True,1.0,1.1,False,False,0.5,0.4,0.3,0.3,0.5,0.28,0.34,0.18,0.28336394515113444,0.017169195650827147,0.009093357219996046,0.7649943520184802,1.1123430194944772,True,2
structural_change_delta_0.060,structural_change,2,10,inferred_failure_aware,accuracy_guard,coverage_wait,False,0.9,1.75,False,False,0.5,0.4,0.3,0.3,0.5,0.28,0.34,0.18,0.28624925279951424,0.018315496556373472,0.006272062567823866,0.7195234725610533,1.04665195145494,True,2
structural_change_delta_0.060,structural_change,2,20,baseline,normal,coverage_wait,False,1.0,1.0,True,True,0.55,0.25,0.25,0.25,0.5,0.28,0.34,0.18,0.2841919170331763,0.01710011327322846,0.009353699766866397,0.7658845813863921,1.129610889616978,True,2
structural_change_delta_0.060,structural_change,2,20,reference_aware,coverage_wait,coverage_wait,True,1.0,1.1,False,False,0.55,0.25,0.25,0.25,0.5,0.28,0.34,0.18,0.28336394515113444,0.017169195650827147,0.009093357219996046,0.7649943520184802,1.1123430194944772,True,2
structural_change_delta_0.060,structural_change,2,20,inferred_failure_aware,accuracy_guard,coverage_wait,False,0.9,1.75,False,False,0.55,0.25,0.25,0.25,0.5,0.28,0.34,0.18,0.28624925279951424,0.018315496556373472,0.006272062567823866,0.7195234725610533,1.04665195145494,True,2
structural_change_delta_0.060,structural_change,3,5,baseline,normal,coverage_wait,False,1.0,1.0,True,True,0.4,0.2,0.2,0.4,0.5,0.28,0.34,0.18,0.3530769269722505,0.017521299411476583,0.00824814437546928,0.7932337963442057,1.1499206300327345,True,2
structural_change_delta_0.060,structural_change,3,5,reference_aware,coverage_wait,coverage_wait,True,1.0,1.1,False,False,0.4,0.2,0.2,0.4,0.5,0.28,0.34,0.18,0.352859100711,0.01753539101861437,0.00820815079723003,0.792924833545429,1.131473554890422,True,2
structural_change_delta_0.060,structural_change,3,5,inferred_failure_aware,selective_guard,coverage_wait,False,1.0,1.25,False,False,0.4,0.2,0.2,0.4,0.5,0.28,0.34,0.18,0.35285238728545243,0.017558158726410113,0.008144876328012085,0.7926561381659559,1.1076838575828216,True,2
structural_change_delta_0.060,structural_change,3,10,baseline,normal,coverage_wait,False,1.0,1.0,True,True,0.6,0.2,0.2,0.2,0.5,0.28,0.34,0.18,0.3530769269722505,0.017521299411476583,0.00824814437546928,0.7932337963442057,1.1499206300327345,True,2
structural_change_delta_0.060,structural_change,3,10,reference_aware,coverage_wait,coverage_wait,True,1.0,1.1,False,False,0.6,0.2,0.2,0.2,0.5,0.28,0.34,0.18,0.352859100711,0.01753539101861437,0.00820815079723003,0.792924833545429,1.131473554890422,True,2
structural_change_delta_0.060,structural_change,3,10,inferred_failure_aware,accuracy_guard,coverage_wait,False,0.9,1.75,False,False,0.6,0.2,0.2,0.2,0.5,0.28,0.34,0.18,0.34777771692636184,0.01800604354372025,0.006788200523412891,0.7414479146384808,1.03758744672165,True,2
structural_change_delta_0.060,structural_change,3,20,baseline,normal,coverage_wait,False,1.0,1.0,True,True,0.65,0.2,0.25,0.15,0.5,0.28,0.34,0.18,0.3530769269722505,0.017521299411476583,0.00824814437546928,0.7932337963442057,1.1499206300327345,True,2
structural_change_delta_0.060,structural_change,3,20,reference_aware,coverage_wait,coverage_wait,True,1.0,1.1,False,False,0.65,0.2,0.25,0.15,0.5,0.28,0.34,0.18,0.352859100711,0.01753539101861437,0.00820815079723003,0.792924833545429,1.131473554890422,True,2
structural_change_delta_0.060,structural_change,3,20,inferred_failure_aware,coverage_wait,coverage_wait,True,1.0,1.1,False,False,0.65,0.2,0.25,0.15,0.5,0.28,0.34,0.18,0.352859100711,0.01753539101861437,0.00820815079723003,0.792924833545429,1.131473554890422,True,2
structural_change_delta_0.060,structural_change,4,5,baseline,normal,coverage_wait,False,1.0,1.0,True,True,0.6,0.4,0.4,0.2,0.5,0.28,0.34,0.18,0.2893561737692065,0.017194280711032666,0.01398418013040792,0.7266243149236876,1.0699329375402862,True,2
structural_change_delta_0.060,structural_change,4,5,reference_aware,coverage_wait,coverage_wait,True,1.0,1.1,False,False,0.6,0.4,0.4,0.2,0.5,0.28,0.34,0.18,0.28879977204932894,0.01728765296509913,0.013910169770410596,0.7268110678277132,1.058415033479121,True,2
structural_change_delta_0.060,structural_change,4,5,inferred_failure_aware,accuracy_guard,coverage_wait,False,0.9,1.75,False,False,0.6,0.4,0.4,0.2,0.5,0.28,0.34,0.18,0.2986873011566439,0.018536094765024318,0.012116405804735053,0.6944292578864752,1.0195380049893308,True,3
structural_change_delta_0.060,structural_change,4,10,baseline,normal,coverage_wait,False,1.0,1.0,True,True,0.7,0.3,0.2,0.2,0.5,0.28,0.34,0.18,0.2893561737692065,0.017194280711032666,0.01398418013040792,0.7266243149236876,1.0699329375402862,True,2
structural_change_delta_0.060,structural_change,4,10,reference_aware,coverage_wait,coverage_wait,True,1.0,1.1,False,False,0.7,0.3,0.2,0.2,0.5,0.28,0.34,0.18,0.28879977204932894,0.01728765296509913,0.013910169770410596,0.7268110678277132,1.058415033479121,True,2
structural_change_delta_0.060,structural_change,4,10,inferred_failure_aware,accuracy_guard,coverage_wait,False,0.9,1.75,False,False,0.7,0.3,0.2,0.2,0.5,0.28,0.34,0.18,0.2986873011566439,0.018536094765024318,0.012116405804735053,0.6944292578864752,1.0195380049893308,True,3
structural_change_delta_0.060,structural_change,4,20,baseline,normal,coverage_wait,False,1.0,1.0,True,True,0.5,0.35,0.3,0.2,0.5,0.28,0.34,0.18,0.2893561737692065,0.017194280711032666,0.01398418013040792,0.7266243149236876,1.0699329375402862,True,2
structural_change_delta_0.060,structural_change,4,20,reference_aware,coverage_wait,coverage_wait,True,1.0,1.1,False,False,0.5,0.35,0.3,0.2,0.5,0.28,0.34,0.18,0.28879977204932894,0.01728765296509913,0.013910169770410596,0.7268110678277132,1.058415033479121,True,2
structural_change_delta_0.060,structural_change,4,20,inferred_failure_aware,accuracy_guard,coverage_wait,False,0.9,1.75,False,False,0.5,0.35,0.3,0.2,0.5,0.28,0.34,0.18,0.2986873011566439,0.018536094765024318,0.012116405804735053,0.6944292578864752,1.0195380049893308,True,3
structural_change_delta_0.060,structural_change,5,5,baseline,normal,coverage_wait,False,1.0,1.0,True,True,0.4,0.2,0.6,0.0,0.5,0.28,0.34,0.18,0.18518655908940326,0.012415084073313121,0.0009675897133314404,0.7159189318716853,0.8286592096101809,True,0
structural_change_delta_0.060,structural_change,5,5,reference_aware,coverage_wait,coverage_wait,True,1.0,1.1,False,False,0.4,0.2,0.6,0.0,0.5,0.28,0.34,0.18,0.1836724356084546,0.012499073255997072,0.0008694497740451279,0.7158928993510693,0.8174885104134196,True,0
structural_change_delta_0.060,structural_change,5,5,inferred_failure_aware,coverage_wait,coverage_wait,True,1.0,1.1,False,False,0.4,0.2,0.6,0.0,0.5,0.28,0.34,0.18,0.1836724356084546,0.012499073255997072,0.0008694497740451279,0.7158928993510693,0.8174885104134196,True,0
structural_change_delta_0.060,structural_change,5,10,baseline,normal,coverage_wait,False,1.0,1.0,True,True,0.3,0.3,0.5,0.1,0.5,0.28,0.34,0.18,0.18518655908940326,0.012415084073313121,0.0009675897133314404,0.7159189318716853,0.8286592096101809,True,0
structural_change_delta_0.060,structural_change,5,10,reference_aware,coverage_wait,coverage_wait,True,1.0,1.1,False,False,0.3,0.3,0.5,0.1,0.5,0.28,0.34,0.18,0.1836724356084546,0.012499073255997072,0.0008694497740451279,0.7158928993510693,0.8174885104134196,True,0
structural_change_delta_0.060,structural_change,5,10,inferred_failure_aware,coverage_wait,coverage_wait,True,1.0,1.1,False,False,0.3,0.3,0.5,0.1,0.5,0.28,0.34,0.18,0.1836724356084546,0.012499073255997072,0.0008694497740451279,0.7158928993510693,0.8174885104134196,True,0
structural_change_delta_0.060,structural_change,5,20,baseline,normal,coverage_wait,False,1.0,1.0,True,True,0.35,0.35,0.5,0.15,0.5,0.28,0.34,0.18,0.18518655908940326,0.012415084073313121,0.0009675897133314404,0.7159189318716853,0.8286592096101809,True,0
structural_change_delta_0.060,structural_change,5,20,reference_aware,coverage_wait,coverage_wait,True,1.0,1.1,False,False,0.35,0.35,0.5,0.15,0.5,0.28,0.34,0.18,0.1836724356084546,0.012499073255997072,0.0008694497740451279,0.7158928993510693,0.8174885104134196,True,0
structural_change_delta_0.060,structural_change,5,20,inferred_failure_aware,coverage_wait,coverage_wait,True,1.0,1.1,False,False,0.35,0.35,0.5,0.15,0.5,0.28,0.34,0.18,0.1836724356084546,0.012499073255997072,0.0008694497740451279,0.7158928993510693,0.8174885104134196,True,0
structural_change_delta_0.060,structural_change,6,5,baseline,normal,coverage_wait,False,1.0,1.0,True,True,0.4,0.2,0.4,0.2,0.5,0.28,0.34,0.18,0.42612968048682665,0.017948656834464526,0.0073967324841210935,0.731891054808963,1.2091897028685896,True,1
structural_change_delta_0.060,structural_change,6,5,reference_aware,coverage_wait,coverage_wait,True,1.0,1.1,False,False,0.4,0.2,0.4,0.2,0.5,0.28,0.34,0.18,0.4247254446755344,0.017975597686645313,0.007283452843258931,0.7307124806603551,1.1871795376312915,True,1
structural_change_delta_0.060,structural_change,6,5,inferred_failure_aware,coverage_wait,coverage_wait,True,1.0,1.1,False,False,0.4,0.2,0.4,0.2,0.5,0.28,0.34,0.18,0.4247254446755344,0.017975597686645313,0.007283452843258931,0.7307124806603551,1.1871795376312915,True,1
structural_change_delta_0.060,structural_change,6,10,baseline,normal,coverage_wait,False,1.0,1.0,True,True,0.3,0.3,0.5,0.1,0.5,0.28,0.34,0.18,0.42612968048682665,0.017948656834464526,0.0073967324841210935,0.731891054808963,1.2091897028685896,True,1
structural_change_delta_0.060,structural_change,6,10,reference_aware,coverage_wait,coverage_wait,True,1.0,1.1,False,False,0.3,0.3,0.5,0.1,0.5,0.28,0.34,0.18,0.4247254446755344,0.017975597686645313,0.007283452843258931,0.7307124806603551,1.1871795376312915,True,1
structural_change_delta_0.060,structural_change,6,10,inferred_failure_aware,coverage_wait,coverage_wait,True,1.0,1.1,False,False,0.3,0.3,0.5,0.1,0.5,0.28,0.34,0.18,0.4247254446755344,0.017975597686645313,0.007283452843258931,0.7307124806603551,1.1871795376312915,True,1
structural_change_delta_0.060,structural_change,6,20,baseline,normal,coverage_wait,False,1.0,1.0,True,True,0.4,0.35,0.4,0.1,0.5,0.28,0.34,0.18,0.42612968048682665,0.017948656834464526,0.0073967324841210935,0.731891054808963,1.2091897028685896,True,1
structural_change_delta_0.060,structural_change,6,20,reference_aware,coverage_wait,coverage_wait,True,1.0,1.1,False,False,0.4,0.35,0.4,0.1,0.5,0.28,0.34,0.18,0.4247254446755344,0.017975597686645313,0.007283452843258931,0.7307124806603551,1.1871795376312915,True,1
structural_change_delta_0.060,structural_change,6,20,inferred_failure_aware,coverage_wait,coverage_wait,True,1.0,1.1,False,False,0.4,0.35,0.4,0.1,0.5,0.28,0.34,0.18,0.4247254446755344,0.017975597686645313,0.007283452843258931,0.7307124806603551,1.1871795376312915,True,1
structural_change_delta_0.060,structural_change,7,5,baseline,normal,coverage_wait,False,1.0,1.0,True,True,0.4,0.6,0.4,0.4,0.5,0.28,0.34,0.18,0.2568892146371429,0.01641808771132154,0.00038246060331015297,0.7297163053880269,0.9200826079984422,True,1
structural_change_delta_0.060,structural_change,7,5,reference_aware,coverage_wait,coverage_wait,True,1.0,1.1,False,False,0.4,0.6,0.4,0.4,0.5,0.28,0.34,0.18,0.2574694818173735,0.016501267997426444,0.00041856908195314624,0.7285781170166622,0.9062453110709466,True,1
structural_change_delta_0.060,structural_change,7,5,inferred_failure_aware,accuracy_guard,coverage_wait,False,0.9,1.75,False,False,0.4,0.6,0.4,0.4,0.5,0.28,0.34,0.18,0.26431938138093186,0.017535326079732128,0.00017469376722523133,0.6775469673065782,0.8415831698524014,True,1
structural_change_delta_0.060,structural_change,7,10,baseline,normal,coverage_wait,False,1.0,1.0,True,True,0.3,0.7,0.5,0.4,0.5,0.28,0.34,0.18,0.2568892146371429,0.01641808771132154,0.00038246060331015297,0.7297163053880269,0.9200826079984422,True,1
structural_change_delta_0.060,structural_change,7,10,reference_aware,coverage_wait,coverage_wait,True,1.0,1.1,False,False,0.3,0.7,0.5,0.4,0.5,0.28,0.34,0.18,0.2574694818173735,0.016501267997426444,0.00041856908195314624,0.7285781170166622,0.9062453110709466,True,1
structural_change_delta_0.060,structural_change,7,10,inferred_failure_aware,accuracy_guard,coverage_wait,False,0.9,1.75,False,False,0.3,0.7,0.5,0.4,0.5,0.28,0.34,0.18,0.26431938138093186,0.017535326079732128,0.00017469376722523133,0.6775469673065782,0.8415831698524014,True,1
structural_change_delta_0.060,structural_change,7,20,baseline,normal,coverage_wait,False,1.0,1.0,True,True,0.4,0.5,0.35,0.3,0.5,0.28,0.34,0.18,0.2568892146371429,0.01641808771132154,0.00038246060331015297,0.7297163053880269,0.9200826079984422,True,1
structural_change_delta_0.060,structural_change,7,20,reference_aware,coverage_wait,coverage_wait,True,1.0,1.1,False,False,0.4,0.5,0.35,0.3,0.5,0.28,0.34,0.18,0.2574694818173735,0.016501267997426444,0.00041856908195314624,0.7285781170166622,0.9062453110709466,True,1
structural_change_delta_0.060,structural_change,7,20,inferred_failure_aware,accuracy_guard,coverage_wait,False,0.9,1.75,False,False,0.4,0.5,0.35,0.3,0.5,0.28,0.34,0.18,0.26431938138093186,0.017535326079732128,0.00017469376722523133,0.6775469673065782,0.8415831698524014,True,1
structural_change_delta_0.060,structural_change,8,5,baseline,normal,coverage_wait,False,1.0,1.0,True,True,0.2,0.4,0.8,0.0,0.5,0.28,0.34,0.18,0.32707294220143573,0.016219227883748008,0.003020623233008668,0.6922273974063085,0.9744745908941739,True,1
structural_change_delta_0.060,structural_change,8,5,reference_aware,coverage_wait,coverage_wait,True,1.0,1.1,False,False,0.2,0.4,0.8,0.0,0.5,0.28,0.34,0.18,0.3270178449453627,0.01629071373265767,0.00297073670068837,0.6912202469684743,0.9582455788184606,True,1
structural_change_delta_0.060,structural_change,8,5,inferred_failure_aware,coverage_wait,coverage_wait,True,1.0,1.1,False,False,0.2,0.4,0.8,0.0,0.5,0.28,0.34,0.18,0.3270178449453627,0.01629071373265767,0.00297073670068837,0.6912202469684743,0.9582455788184606,True,1
structural_change_delta_0.060,structural_change,8,10,baseline,normal,coverage_wait,False,1.0,1.0,True,True,0.3,0.5,0.5,0.2,0.5,0.28,0.34,0.18,0.32707294220143573,0.016219227883748008,0.003020623233008668,0.6922273974063085,0.9744745908941739,True,1
structural_change_delta_0.060,structural_change,8,10,reference_aware,coverage_wait,coverage_wait,True,1.0,1.1,False,False,0.3,0.5,0.5,0.2,0.5,0.28,0.34,0.18,0.3270178449453627,0.01629071373265767,0.00297073670068837,0.6912202469684743,0.9582455788184606,True,1
structural_change_delta_0.060,structural_change,8,10,inferred_failure_aware,accuracy_guard,coverage_wait,False,0.9,1.75,False,False,0.3,0.5,0.5,0.2,0.5,0.28,0.34,0.18,0.329297280618344,0.01727558982512673,0.002466504793020241,0.650203410617036,0.8936872698168619,True,1
structural_change_delta_0.060,structural_change,8,20,baseline,normal,coverage_wait,False,1.0,1.0,True,True,0.5,0.35,0.3,0.2,0.5,0.28,0.34,0.18,0.32707294220143573,0.016219227883748008,0.003020623233008668,0.6922273974063085,0.9744745908941739,True,1
structural_change_delta_0.060,structural_change,8,20,reference_aware,coverage_wait,coverage_wait,True,1.0,1.1,False,False,0.5,0.35,0.3,0.2,0.5,0.28,0.34,0.18,0.3270178449453627,0.01629071373265767,0.00297073670068837,0.6912202469684743,0.9582455788184606,True,1
structural_change_delta_0.060,structural_change,8,20,inferred_failure_aware,accuracy_guard,coverage_wait,False,0.9,1.75,False,False,0.5,0.35,0.3,0.2,0.5,0.28,0.34,0.18,0.329297280618344,0.01727558982512673,0.002466504793020241,0.650203410617036,0.8936872698168619,True,1
structural_change_delta_0.060,structural_change,9,5,baseline,normal,coverage_wait,False,1.0,1.0,True,True,0.8,0.0,0.2,0.0,0.5,0.28,0.34,0.18,0.39012685428800464,0.017034536018782537,0.00853915309071096,0.7582718108472342,1.1360341722835674,True,2
structural_change_delta_0.060,structural_change,9,5,reference_aware,coverage_wait,coverage_wait,True,1.0,1.1,False,False,0.8,0.0,0.2,0.0,0.5,0.28,0.34,0.18,0.3889043303348264,0.017162221326221375,0.008570139211013794,0.7563592689632411,1.1170440732013387,True,2
structural_change_delta_0.060,structural_change,9,5,inferred_failure_aware,coverage_wait,coverage_wait,True,1.0,1.1,False,False,0.8,0.0,0.2,0.0,0.5,0.28,0.34,0.18,0.3889043303348264,0.017162221326221375,0.008570139211013794,0.7563592689632411,1.1170440732013387,True,2
structural_change_delta_0.060,structural_change,9,10,baseline,normal,coverage_wait,False,1.0,1.0,True,True,0.5,0.3,0.3,0.1,0.5,0.28,0.34,0.18,0.39012685428800464,0.017034536018782537,0.00853915309071096,0.7582718108472342,1.1360341722835674,True,2
structural_change_delta_0.060,structural_change,9,10,reference_aware,coverage_wait,coverage_wait,True,1.0,1.1,False,False,0.5,0.3,0.3,0.1,0.5,0.28,0.34,0.18,0.3889043303348264,0.017162221326221375,0.008570139211013794,0.7563592689632411,1.1170440732013387,True,2
structural_change_delta_0.060,structural_change,9,10,inferred_failure_aware,accuracy_guard,coverage_wait,False,0.9,1.75,False,False,0.5,0.3,0.3,0.1,0.5,0.28,0.34,0.18,0.3892801755776561,0.019026491557790837,0.008296380128787195,0.7016195961069585,1.0316313184680175,True,2
structural_change_delta_0.060,structural_change,9,20,baseline,normal,coverage_wait,False,1.0,1.0,True,True,0.5,0.3,0.3,0.15,0.5,0.28,0.34,0.18,0.39012685428800464,0.017034536018782537,0.00853915309071096,0.7582718108472342,1.1360341722835674,True,2
structural_change_delta_0.060,structural_change,9,20,reference_aware,coverage_wait,coverage_wait,True,1.0,1.1,False,False,0.5,0.3,0.3,0.15,0.5,0.28,0.34,0.18,0.3889043303348264,0.017162221326221375,0.008570139211013794,0.7563592689632411,1.1170440732013387,True,2
structural_change_delta_0.060,structural_change,9,20,inferred_failure_aware,accuracy_guard,coverage_wait,False,0.9,1.75,False,False,0.5,0.3,0.3,0.15,0.5,0.28,0.34,0.18,0.3892801755776561,0.019026491557790837,0.008296380128787195,0.7016195961069585,1.0316313184680175,True,2
structural_change_delta_0.060,structural_change,10,5,baseline,normal,coverage_wait,False,1.0,1.0,True,True,0.8,0.0,0.2,0.0,0.5,0.28,0.34,0.18,0.29547471162620587,0.015850315311971126,0.01341742855862793,0.7775326563790331,1.0648760600409268,True,1
structural_change_delta_0.060,structural_change,10,5,reference_aware,coverage_wait,coverage_wait,True,1.0,1.1,False,False,0.8,0.0,0.2,0.0,0.5,0.28,0.34,0.18,0.29376894440677864,0.01592659358300289,0.013311825875906291,0.7769041429135509,1.048714330801303,True,1
structural_change_delta_0.060,structural_change,10,5,inferred_failure_aware,coverage_wait,coverage_wait,True,1.0,1.1,False,False,0.8,0.0,0.2,0.0,0.5,0.28,0.34,0.18,0.29376894440677864,0.01592659358300289,0.013311825875906291,0.7769041429135509,1.048714330801303,True,1
structural_change_delta_0.060,structural_change,10,10,baseline,normal,coverage_wait,False,1.0,1.0,True,True,0.9,0.0,0.1,0.0,0.5,0.28,0.34,0.18,0.29547471162620587,0.015850315311971126,0.01341742855862793,0.7775326563790331,1.0648760600409268,True,1
structural_change_delta_0.060,structural_change,10,10,reference_aware,coverage_wait,coverage_wait,True,1.0,1.1,False,False,0.9,0.0,0.1,0.0,0.5,0.28,0.34,0.18,0.29376894440677864,0.01592659358300289,0.013311825875906291,0.7769041429135509,1.048714330801303,True,1
structural_change_delta_0.060,structural_change,10,10,inferred_failure_aware,coverage_wait,coverage_wait,True,1.0,1.1,False,False,0.9,0.0,0.1,0.0,0.5,0.28,0.34,0.18,0.29376894440677864,0.01592659358300289,0.013311825875906291,0.7769041429135509,1.048714330801303,True,1
structural_change_delta_0.060,structural_change,10,20,baseline,normal,coverage_wait,False,1.0,1.0,True,True,0.6,0.1,0.35,0.1,0.5,0.28,0.34,0.18,0.29547471162620587,0.015850315311971126,0.01341742855862793,0.7775326563790331,1.0648760600409268,True,1
structural_change_delta_0.060,structural_change,10,20,reference_aware,coverage_wait,coverage_wait,True,1.0,1.1,False,False,0.6,0.1,0.35,0.1,0.5,0.28,0.34,0.18,0.29376894440677864,0.01592659358300289,0.013311825875906291,0.7769041429135509,1.048714330801303,True,1
structural_change_delta_0.060,structural_change,10,20,inferred_failure_aware,coverage_wait,coverage_wait,True,1.0,1.1,False,False,0.6,0.1,0.35,0.1,0.5,0.28,0.34,0.18,0.29376894440677864,0.01592659358300289,0.013311825875906291,0.7769041429135509,1.048714330801303,True,1
structural_change_delta_0.060,structural_change,11,5,baseline,normal,coverage_wait,False,1.0,1.0,True,True,0.6,0.2,0.2,0.0,0.5,0.28,0.34,0.18,0.29376438412266903,0.016036580243286858,0.006467263425240843,0.7182590427030674,0.9619906586848664,True,1
structural_change_delta_0.060,structural_change,11,5,reference_aware,coverage_wait,coverage_wait,True,1.0,1.1,False,False,0.6,0.2,0.2,0.0,0.5,0.28,0.34,0.18,0.29228606037341803,0.01610960561524124,0.006398392962729482,0.7179142608117768,0.9446753199253394,True,1
structural_change_delta_0.060,structural_change,11,5,inferred_failure_aware,accuracy_guard,coverage_wait,False,0.9,1.75,False,False,0.6,0.2,0.2,0.0,0.5,0.28,0.34,0.18,0.286263455888132,0.017237602455308098,0.004961474150435352,0.6722463689486411,0.8695261629733347,True,1
structural_change_delta_0.060,structural_change,11,10,baseline,normal,coverage_wait,False,1.0,1.0,True,True,0.5,0.4,0.3,0.2,0.5,0.28,0.34,0.18,0.29376438412266903,0.016036580243286858,0.006467263425240843,0.7182590427030674,0.9619906586848664,True,1
structural_change_delta_0.060,structural_change,11,10,reference_aware,coverage_wait,coverage_wait,True,1.0,1.1,False,False,0.5,0.4,0.3,0.2,0.5,0.28,0.34,0.18,0.29228606037341803,0.01610960561524124,0.006398392962729482,0.7179142608117768,0.9446753199253394,True,1
structural_change_delta_0.060,structural_change,11,10,inferred_failure_aware,accuracy_guard,coverage_wait,False,0.9,1.75,False,False,0.5,0.4,0.3,0.2,0.5,0.28,0.34,0.18,0.286263455888132,0.017237602455308098,0.004961474150435352,0.6722463689486411,0.8695261629733347,True,1
structural_change_delta_0.060,structural_change,11,20,baseline,normal,coverage_wait,False,1.0,1.0,True,True,0.5,0.3,0.35,0.15,0.5,0.28,0.34,0.18,0.29376438412266903,0.016036580243286858,0.006467263425240843,0.7182590427030674,0.9619906586848664,True,1
structural_change_delta_0.060,structural_change,11,20,reference_aware,coverage_wait,coverage_wait,True,1.0,1.1,False,False,0.5,0.3,0.35,0.15,0.5,0.28,0.34,0.18,0.29228606037341803,0.01610960561524124,0.006398392962729482,0.7179142608117768,0.9446753199253394,True,1
structural_change_delta_0.060,structural_change,11,20,inferred_failure_aware,coverage_wait,coverage_wait,True,1.0,1.1,False,False,0.5,0.3,0.35,0.15,0.5,0.28,0.34,0.18,0.29228606037341803,0.01610960561524124,0.006398392962729482,0.7179142608117768,0.9446753199253394,True,1
structural_change_delta_0.060,structural_change,12,5,baseline,normal,coverage_wait,False,1.0,1.0,True,True,0.6,0.4,0.4,0.2,0.5,0.28,0.34,0.18,0.2961576086529182,0.016952416627077888,0.002807873923062587,0.7532282643996849,0.997395365808142,True,1
structural_change_delta_0.060,structural_change,12,5,reference_aware,coverage_wait,coverage_wait,True,1.0,1.1,False,False,0.6,0.4,0.4,0.2,0.5,0.28,0.34,0.18,0.29599573374971155,0.01699339096550235,0.002748766958852733,0.7525707093619205,0.9817387894752889,True,1
structural_change_delta_0.060,structural_change,12,5,inferred_failure_aware,accuracy_guard,coverage_wait,False,0.9,1.75,False,False,0.6,0.4,0.4,0.2,0.5,0.28,0.34,0.18,0.30374489772156277,0.017843344631948588,0.0027356462755530053,0.7043866518700114,0.9101474457060933,True,1
structural_change_delta_0.060,structural_change,12,10,baseline,normal,coverage_wait,False,1.0,1.0,True,True,0.6,0.3,0.4,0.2,0.5,0.28,0.34,0.18,0.2961576086529182,0.016952416627077888,0.002807873923062587,0.7532282643996849,0.997395365808142,True,1
structural_change_delta_0.060,structural_change,12,10,reference_aware,coverage_wait,coverage_wait,True,1.0,1.1,False,False,0.6,0.3,0.4,0.2,0.5,0.28,0.34,0.18,0.29599573374971155,0.01699339096550235,0.002748766958852733,0.7525707093619205,0.9817387894752889,True,1
structural_change_delta_0.060,structural_change,12,10,inferred_failure_aware,coverage_wait,coverage_wait,True,1.0,1.1,False,False,0.6,0.3,0.4,0.2,0.5,0.28,0.34,0.18,0.29599573374971155,0.01699339096550235,0.002748766958852733,0.7525707093619205,0.9817387894752889,True,1
structural_change_delta_0.060,structural_change,12,20,baseline,normal,coverage_wait,False,1.0,1.0,True,True,0.65,0.25,0.35,0.1,0.5,0.28,0.34,0.18,0.2961576086529182,0.016952416627077888,0.002807873923062587,0.7532282643996849,0.997395365808142,True,1
structural_change_delta_0.060,structural_change,12,20,reference_aware,coverage_wait,coverage_wait,True,1.0,1.1,False,False,0.65,0.25,0.35,0.1,0.5,0.28,0.34,0.18,0.29599573374971155,0.01699339096550235,0.002748766958852733,0.7525707093619205,0.9817387894752889,True,1
structural_change_delta_0.060,structural_change,12,20,inferred_failure_aware,coverage_wait,coverage_wait,True,1.0,1.1,False,False,0.65,0.25,0.35,0.1,0.5,0.28,0.34,0.18,0.29599573374971155,0.01699339096550235,0.002748766958852733,0.7525707093619205,0.9817387894752889,True,1
structural_change_delta_0.060,structural_change,13,5,baseline,normal,coverage_wait,False,1.0,1.0,True,True,0.6,0.0,0.4,0.0,0.5,0.28,0.34,0.18,0.37085071509054923,0.016609025881219045,0.007595712531406118,0.7103509799426676,1.0568764222750953,True,2
structural_change_delta_0.060,structural_change,13,5,reference_aware,coverage_wait,coverage_wait,True,1.0,1.1,False,False,0.6,0.0,0.4,0.0,0.5,0.28,0.34,0.18,0.37042913990926607,0.016721091582710707,0.0075968733713485115,0.7097279943467701,1.0405183030180327,True,2
structural_change_delta_0.060,structural_change,13,5,inferred_failure_aware,coverage_wait,coverage_wait,True,1.0,1.1,False,False,0.6,0.0,0.4,0.0,0.5,0.28,0.34,0.18,0.37042913990926607,0.016721091582710707,0.0075968733713485115,0.7097279943467701,1.0405183030180327,True,2
structural_change_delta_0.060,structural_change,13,10,baseline,normal,coverage_wait,False,1.0,1.0,True,True,0.4,0.1,0.5,0.1,0.5,0.28,0.34,0.18,0.37085071509054923,0.016609025881219045,0.007595712531406118,0.7103509799426676,1.0568764222750953,True,2
structural_change_delta_0.060,structural_change,13,10,reference_aware,coverage_wait,coverage_wait,True,1.0,1.1,False,False,0.4,0.1,0.5,0.1,0.5,0.28,0.34,0.18,0.37042913990926607,0.016721091582710707,0.0075968733713485115,0.7097279943467701,1.0405183030180327,True,2
structural_change_delta_0.060,structural_change,13,10,inferred_failure_aware,coverage_wait,coverage_wait,True,1.0,1.1,False,False,0.4,0.1,0.5,0.1,0.5,0.28,0.34,0.18,0.37042913990926607,0.016721091582710707,0.0075968733713485115,0.7097279943467701,1.0405183030180327,True,2
structural_change_delta_0.060,structural_change,13,20,baseline,normal,coverage_wait,False,1.0,1.0,True,True,0.35,0.3,0.5,0.2,0.5,0.28,0.34,0.18,0.37085071509054923,0.016609025881219045,0.007595712531406118,0.7103509799426676,1.0568764222750953,True,2
structural_change_delta_0.060,structural_change,13,20,reference_aware,coverage_wait,coverage_wait,True,1.0,1.1,False,False,0.35,0.3,0.5,0.2,0.5,0.28,0.34,0.18,0.37042913990926607,0.016721091582710707,0.0075968733713485115,0.7097279943467701,1.0405183030180327,True,2
structural_change_delta_0.060,structural_change,13,20,inferred_failure_aware,coverage_wait,coverage_wait,True,1.0,1.1,False,False,0.35,0.3,0.5,0.2,0.5,0.28,0.34,0.18,0.37042913990926607,0.016721091582710707,0.0075968733713485115,0.7097279943467701,1.0405183030180327,True,2
structural_change_delta_0.060,structural_change,14,5,baseline,normal,coverage_wait,False,1.0,1.0,True,True,0.0,0.4,0.6,0.4,0.5,0.28,0.34,0.18,0.38681720851337664,0.01745225905315465,0.0006642766642884768,0.733175675800712,1.2125689179459416,True,1
structural_change_delta_0.060,structural_change,14,5,reference_aware,coverage_wait,coverage_wait,True,1.0,1.1,False,False,0.0,0.4,0.6,0.4,0.5,0.28,0.34,0.18,0.386066130523454,0.017486173462344125,0.0004965678477691915,0.7335566990879095,1.1963349413277125,True,1
structural_change_delta_0.060,structural_change,14,5,inferred_failure_aware,coverage_wait,coverage_wait,True,1.0,1.1,False,False,0.0,0.4,0.6,0.4,0.5,0.28,0.34,0.18,0.386066130523454,0.017486173462344125,0.0004965678477691915,0.7335566990879095,1.1963349413277125,True,1
structural_change_delta_0.060,structural_change,14,10,baseline,normal,coverage_wait,False,1.0,1.0,True,True,0.2,0.3,0.6,0.2,0.5,0.28,0.34,0.18,0.38681720851337664,0.01745225905315465,0.0006642766642884768,0.733175675800712,1.2125689179459416,True,1
structural_change_delta_0.060,structural_change,14,10,reference_aware,coverage_wait,coverage_wait,True,1.0,1.1,False,False,0.2,0.3,0.6,0.2,0.5,0.28,0.34,0.18,0.386066130523454,0.017486173462344125,0.0004965678477691915,0.7335566990879095,1.1963349413277125,True,1
structural_change_delta_0.060,structural_change,14,10,inferred_failure_aware,coverage_wait,coverage_wait,True,1.0,1.1,False,False,0.2,0.3,0.6,0.2,0.5,0.28,0.34,0.18,0.386066130523454,0.017486173462344125,0.0004965678477691915,0.7335566990879095,1.1963349413277125,True,1
structural_change_delta_0.060,structural_change,14,20,baseline,normal,coverage_wait,False,1.0,1.0,True,True,0.4,0.35,0.4,0.2,0.5,0.28,0.34,0.18,0.38681720851337664,0.01745225905315465,0.0006642766642884768,0.733175675800712,1.2125689179459416,True,1
structural_change_delta_0.060,structural_change,14,20,reference_aware,coverage_wait,coverage_wait,True,1.0,1.1,False,False,0.4,0.35,0.4,0.2,0.5,0.28,0.34,0.18,0.386066130523454,0.017486173462344125,0.0004965678477691915,0.7335566990879095,1.1963349413277125,True,1
structural_change_delta_0.060,structural_change,14,20,inferred_failure_aware,coverage_wait,coverage_wait,True,1.0,1.1,False,False,0.4,0.35,0.4,0.2,0.5,0.28,0.34,0.18,0.386066130523454,0.017486173462344125,0.0004965678477691915,0.7335566990879095,1.1963349413277125,True,1
structural_change_delta_0.060,structural_change,15,5,baseline,normal,coverage_wait,False,1.0,1.0,True,True,0.2,0.8,0.6,0.4,0.5,0.28,0.34,0.18,0.2956647364467893,0.016176759801036313,0.0006038905613826584,0.7619796738104501,1.2671900032410395,True,1
structural_change_delta_0.060,structural_change,15,5,reference_aware,coverage_wait,coverage_wait,True,1.0,1.1,False,False,0.2,0.8,0.6,0.4,0.5,0.28,0.34,0.18,0.2973256124778022,0.016305650805886685,0.0004825976131556109,0.761914928576551,1.245528405056028,True,1
structural_change_delta_0.060,structural_change,15,5,inferred_failure_aware,accuracy_guard,coverage_wait,False,0.9,1.75,False,False,0.2,0.8,0.6,0.4,0.5,0.28,0.34,0.18,0.3162399484716727,0.01791224113341066,0.00032540939608582953,0.7149211256013285,1.1440820443791844,True,2
structural_change_delta_0.060,structural_change,15,10,baseline,normal,coverage_wait,False,1.0,1.0,True,True,0.4,0.5,0.4,0.4,0.5,0.28,0.34,0.18,0.2956647364467893,0.016176759801036313,0.0006038905613826584,0.7619796738104501,1.2671900032410395,True,1
structural_change_delta_0.060,structural_change,15,10,reference_aware,coverage_wait,coverage_wait,True,1.0,1.1,False,False,0.4,0.5,0.4,0.4,0.5,0.28,0.34,0.18,0.2973256124778022,0.016305650805886685,0.0004825976131556109,0.761914928576551,1.245528405056028,True,1
structural_change_delta_0.060,structural_change,15,10,inferred_failure_aware,accuracy_guard,coverage_wait,False,0.9,1.75,False,False,0.4,0.5,0.4,0.4,0.5,0.28,0.34,0.18,0.3162399484716727,0.01791224113341066,0.00032540939608582953,0.7149211256013285,1.1440820443791844,True,2
structural_change_delta_0.060,structural_change,15,20,baseline,normal,coverage_wait,False,1.0,1.0,True,True,0.55,0.3,0.35,0.25,0.5,0.28,0.34,0.18,0.2956647364467893,0.016176759801036313,0.0006038905613826584,0.7619796738104501,1.2671900032410395,True,1
structural_change_delta_0.060,structural_change,15,20,reference_aware,coverage_wait,coverage_wait,True,1.0,1.1,False,False,0.55,0.3,0.35,0.25,0.5,0.28,0.34,0.18,0.2973256124778022,0.016305650805886685,0.0004825976131556109,0.761914928576551,1.245528405056028,True,1
structural_change_delta_0.060,structural_change,15,20,inferred_failure_aware,coverage_wait,coverage_wait,True,1.0,1.1,False,False,0.55,0.3,0.35,0.25,0.5,0.28,0.34,0.18,0.2973256124778022,0.016305650805886685,0.0004825976131556109,0.761914928576551,1.245528405056028,True,1
structural_change_delta_0.060,structural_change,16,5,baseline,normal,coverage_wait,False,1.0,1.0,True,True,0.6,0.4,0.4,0.4,0.5,0.28,0.34,0.18,0.2873304163844852,0.0161752020640365,0.012334418379982393,0.7542045506292243,1.138493126954739,True,1
structural_change_delta_0.060,structural_change,16,5,reference_aware,coverage_wait,coverage_wait,True,1.0,1.1,False,False,0.6,0.4,0.4,0.4,0.5,0.28,0.34,0.18,0.286589335074047,0.016230279148604528,0.01226657578860102,0.7533307034396155,1.1222514013802878,True,1
structural_change_delta_0.060,structural_change,16,5,inferred_failure_aware,accuracy_guard,coverage_wait,False,0.9,1.75,False,False,0.6,0.4,0.4,0.4,0.5,0.28,0.34,0.18,0.286759202466078,0.016895210443066782,0.011278520872604503,0.7041854058473526,1.0504171662784427,True,1
structural_change_delta_0.060,structural_change,16,10,baseline,normal,coverage_wait,False,1.0,1.0,True,True,0.5,0.3,0.5,0.2,0.5,0.28,0.34,0.18,0.2873304163844852,0.0161752020640365,0.012334418379982393,0.7542045506292243,1.138493126954739,True,1
structural_change_delta_0.060,structural_change,16,10,reference_aware,coverage_wait,coverage_wait,True,1.0,1.1,False,False,0.5,0.3,0.5,0.2,0.5,0.28,0.34,0.18,0.286589335074047,0.016230279148604528,0.01226657578860102,0.7533307034396155,1.1222514013802878,True,1
structural_change_delta_0.060,structural_change,16,10,inferred_failure_aware,coverage_wait,coverage_wait,True,1.0,1.1,False,False,0.5,0.3,0.5,0.2,0.5,0.28,0.34,0.18,0.286589335074047,0.016230279148604528,0.01226657578860102,0.7533307034396155,1.1222514013802878,True,1
structural_change_delta_0.060,structural_change,16,20,baseline,normal,coverage_wait,False,1.0,1.0,True,True,0.5,0.35,0.4,0.15,0.5,0.28,0.34,0.18,0.2873304163844852,0.0161752020640365,0.012334418379982393,0.7542045506292243,1.138493126954739,True,1
structural_change_delta_0.060,structural_change,16,20,reference_aware,coverage_wait,coverage_wait,True,1.0,1.1,False,False,0.5,0.35,0.4,0.15,0.5,0.28,0.34,0.18,0.286589335074047,0.016230279148604528,0.01226657578860102,0.7533307034396155,1.1222514013802878,True,1
structural_change_delta_0.060,structural_change,16,20,inferred_failure_aware,coverage_wait,coverage_wait,True,1.0,1.1,False,False,0.5,0.35,0.4,0.15,0.5,0.28,0.34,0.18,0.286589335074047,0.016230279148604528,0.01226657578860102,0.7533307034396155,1.1222514013802878,True,1
structural_change_delta_0.060,structural_change,17,5,baseline,normal,coverage_wait,False,1.0,1.0,True,True,0.6,0.0,0.4,0.0,0.5,0.28,0.34,0.18,0.43363640050582986,0.020252596291227287,0.0014878107624173298,0.7414284456835024,0.8448837792026165,True,3
structural_change_delta_0.060,structural_change,17,5,reference_aware,coverage_wait,coverage_wait,True,1.0,1.1,False,False,0.6,0.0,0.4,0.0,0.5,0.28,0.34,0.18,0.4329643241253926,0.020447748954703162,0.001340409325309433,0.7416944676891051,0.8349161245793084,True,3
structural_change_delta_0.060,structural_change,17,5,inferred_failure_aware,coverage_wait,coverage_wait,True,1.0,1.1,False,False,0.6,0.0,0.4,0.0,0.5,0.28,0.34,0.18,0.4329643241253926,0.020447748954703162,0.001340409325309433,0.7416944676891051,0.8349161245793084,True,3
structural_change_delta_0.060,structural_change,17,10,baseline,normal,coverage_wait,False,1.0,1.0,True,True,0.5,0.2,0.5,0.2,0.5,0.28,0.34,0.18,0.43363640050582986,0.020252596291227287,0.0014878107624173298,0.7414284456835024,0.8448837792026165,True,3
structural_change_delta_0.060,structural_change,17,10,reference_aware,coverage_wait,coverage_wait,True,1.0,1.1,False,False,0.5,0.2,0.5,0.2,0.5,0.28,0.34,0.18,0.4329643241253926,0.020447748954703162,0.001340409325309433,0.7416944676891051,0.8349161245793084,True,3
structural_change_delta_0.060,structural_change,17,10,inferred_failure_aware,coverage_wait,coverage_wait,True,1.0,1.1,False,False,0.5,0.2,0.5,0.2,0.5,0.28,0.34,0.18,0.4329643241253926,0.020447748954703162,0.001340409325309433,0.7416944676891051,0.8349161245793084,True,3
structural_change_delta_0.060,structural_change,17,20,baseline,normal,coverage_wait,False,1.0,1.0,True,True,0.6,0.15,0.3,0.15,0.5,0.28,0.34,0.18,0.43363640050582986,0.020252596291227287,0.0014878107624173298,0.7414284456835024,0.8448837792026165,True,3
structural_change_delta_0.060,structural_change,17,20,reference_aware,coverage_wait,coverage_wait,True,1.0,1.1,False,False,0.6,0.15,0.3,0.15,0.5,0.28,0.34,0.18,0.4329643241253926,0.020447748954703162,0.001340409325309433,0.7416944676891051,0.8349161245793084,True,3
structural_change_delta_0.060,structural_change,17,20,inferred_failure_aware,coverage_wait,coverage_wait,True,1.0,1.1,False,False,0.6,0.15,0.3,0.15,0.5,0.28,0.34,0.18,0.4329643241253926,0.020447748954703162,0.001340409325309433,0.7416944676891051,0.8349161245793084,True,3
structural_change_delta_0.060,structural_change,18,5,baseline,normal,coverage_wait,False,1.0,1.0,True,True,0.0,0.6,0.4,0.4,0.5,0.28,0.34,0.18,0.3295474097321413,0.015021529199549596,0.009890985502535421,0.7326695714597045,1.0391429765932543,True,0
structural_change_delta_0.060,structural_change,18,5,reference_aware,coverage_wait,coverage_wait,True,1.0,1.1,False,False,0.0,0.6,0.4,0.4,0.5,0.28,0.34,0.18,0.33019033241309764,0.015116845717082347,0.009973239721540406,0.7316922476817354,1.0237001579957072,True,0
structural_change_delta_0.060,structural_change,18,5,inferred_failure_aware,accuracy_guard,coverage_wait,False,0.9,1.75,False,False,0.0,0.6,0.4,0.4,0.5,0.28,0.34,0.18,0.3377181351833162,0.01611633885593165,0.01017292208879017,0.6892246418363304,0.9610729223654891,True,0
structural_change_delta_0.060,structural_change,18,10,baseline,normal,coverage_wait,False,1.0,1.0,True,True,0.3,0.4,0.4,0.3,0.5,0.28,0.34,0.18,0.3295474097321413,0.015021529199549596,0.009890985502535421,0.7326695714597045,1.0391429765932543,True,0
structural_change_delta_0.060,structural_change,18,10,reference_aware,coverage_wait,coverage_wait,True,1.0,1.1,False,False,0.3,0.4,0.4,0.3,0.5,0.28,0.34,0.18,0.33019033241309764,0.015116845717082347,0.009973239721540406,0.7316922476817354,1.0237001579957072,True,0
structural_change_delta_0.060,structural_change,18,10,inferred_failure_aware,accuracy_guard,coverage_wait,False,0.9,1.75,False,False,0.3,0.4,0.4,0.3,0.5,0.28,0.34,0.18,0.3377181351833162,0.01611633885593165,0.01017292208879017,0.6892246418363304,0.9610729223654891,True,0
structural_change_delta_0.060,structural_change,18,20,baseline,normal,coverage_wait,False,1.0,1.0,True,True,0.45,0.25,0.35,0.15,0.5,0.28,0.34,0.18,0.3295474097321413,0.015021529199549596,0.009890985502535421,0.7326695714597045,1.0391429765932543,True,0
structural_change_delta_0.060,structural_change,18,20,reference_aware,coverage_wait,coverage_wait,True,1.0,1.1,False,False,0.45,0.25,0.35,0.15,0.5,0.28,0.34,0.18,0.33019033241309764,0.015116845717082347,0.009973239721540406,0.7316922476817354,1.0237001579957072,True,0
structural_change_delta_0.060,structural_change,18,20,inferred_failure_aware,coverage_wait,coverage_wait,True,1.0,1.1,False,False,0.45,0.25,0.35,0.15,0.5,0.28,0.34,0.18,0.33019033241309764,0.015116845717082347,0.009973239721540406,0.7316922476817354,1.0237001579957072,True,0
structural_change_delta_0.060,structural_change,19,5,baseline,normal,coverage_wait,False,1.0,1.0,True,True,0.4,0.4,0.6,0.2,0.5,0.28,0.34,0.18,0.3531626431683881,0.01621276436835057,0.0030136171404125944,0.7746453635362722,1.1442989465737934,True,2
structural_change_delta_0.060,structural_change,19,5,reference_aware,coverage_wait,coverage_wait,True,1.0,1.1,False,False,0.4,0.4,0.6,0.2,0.5,0.28,0.34,0.18,0.35432288471273143,0.016263522247619875,0.00302834323310619,0.7739945418241381,1.1253293987215698,True,2
structural_change_delta_0.060,structural_change,19,5,inferred_failure_aware,coverage_wait,coverage_wait,True,1.0,1.1,False,False,0.4,0.4,0.6,0.2,0.5,0.28,0.34,0.18,0.35432288471273143,0.016263522247619875,0.00302834323310619,0.7739945418241381,1.1253293987215698,True,2
structural_change_delta_0.060,structural_change,19,10,baseline,normal,coverage_wait,False,1.0,1.0,True,True,0.4,0.4,0.4,0.3,0.5,0.28,0.34,0.18,0.3531626431683881,0.01621276436835057,0.0030136171404125944,0.7746453635362722,1.1442989465737934,True,2
structural_change_delta_0.060,structural_change,19,10,reference_aware,coverage_wait,coverage_wait,True,1.0,1.1,False,False,0.4,0.4,0.4,0.3,0.5,0.28,0.34,0.18,0.35432288471273143,0.016263522247619875,0.00302834323310619,0.7739945418241381,1.1253293987215698,True,2
structural_change_delta_0.060,structural_change,19,10,inferred_failure_aware,accuracy_guard,coverage_wait,False,0.9,1.75,False,False,0.4,0.4,0.4,0.3,0.5,0.28,0.34,0.18,0.36655856143209853,0.01723512434993547,0.002982933287269285,0.7252649061039249,1.0455627825530032,True,2
structural_change_delta_0.060,structural_change,19,20,baseline,normal,coverage_wait,False,1.0,1.0,True,True,0.5,0.25,0.4,0.15,0.5,0.28,0.34,0.18,0.3531626431683881,0.01621276436835057,0.0030136171404125944,0.7746453635362722,1.1442989465737934,True,2
structural_change_delta_0.060,structural_change,19,20,reference_aware,coverage_wait,coverage_wait,True,1.0,1.1,False,False,0.5,0.25,0.4,0.15,0.5,0.28,0.34,0.18,0.35432288471273143,0.016263522247619875,0.00302834323310619,0.7739945418241381,1.1253293987215698,True,2
structural_change_delta_0.060,structural_change,19,20,inferred_failure_aware,coverage_wait,coverage_wait,True,1.0,1.1,False,False,0.5,0.25,0.4,0.15,0.5,0.28,0.34,0.18,0.35432288471273143,0.016263522247619875,0.00302834323310619,0.7739945418241381,1.1253293987215698,True,2
structural_change_delta_0.060,structural_change,20,5,baseline,normal,coverage_wait,False,1.0,1.0,True,True,0.4,0.4,0.2,0.6,0.5,0.28,0.34,0.18,0.37100796671096975,0.01867045663980581,0.009657041340270012,0.741913313905189,1.1994211899724754,True,2
structural_change_delta_0.060,structural_change,20,5,reference_aware,coverage_wait,coverage_wait,True,1.0,1.1,False,False,0.4,0.4,0.2,0.6,0.5,0.28,0.34,0.18,0.36910052421292444,0.0187020476507202,0.009693939862623568,0.740936384209511,1.1780886069463588,True,2
structural_change_delta_0.060,structural_change,20,5,inferred_failure_aware,selective_guard,coverage_wait,False,1.0,1.25,False,False,0.4,0.4,0.2,0.6,0.5,0.28,0.34,0.18,0.3667842075739057,0.01874625223928515,0.009734345225927643,0.7400238467626102,1.1502030748682759,True,2
structural_change_delta_0.060,structural_change,20,10,baseline,normal,coverage_wait,False,1.0,1.0,True,True,0.4,0.5,0.4,0.4,0.5,0.28,0.34,0.18,0.37100796671096975,0.01867045663980581,0.009657041340270012,0.741913313905189,1.1994211899724754,True,2
structural_change_delta_0.060,structural_change,20,10,reference_aware,coverage_wait,coverage_wait,True,1.0,1.1,False,False,0.4,0.5,0.4,0.4,0.5,0.28,0.34,0.18,0.36910052421292444,0.0187020476507202,0.009693939862623568,0.740936384209511,1.1780886069463588,True,2
structural_change_delta_0.060,structural_change,20,10,inferred_failure_aware,accuracy_guard,coverage_wait,False,0.9,1.75,False,False,0.4,0.5,0.4,0.4,0.5,0.28,0.34,0.18,0.35648616712859604,0.019213803348830563,0.00967338280567398,0.6913808702931166,1.0863953160783724,True,2
structural_change_delta_0.060,structural_change,20,20,baseline,normal,coverage_wait,False,1.0,1.0,True,True,0.5,0.4,0.35,0.25,0.5,0.28,0.34,0.18,0.37100796671096975,0.01867045663980581,0.009657041340270012,0.741913313905189,1.1994211899724754,True,2
structural_change_delta_0.060,structural_change,20,20,reference_aware,coverage_wait,coverage_wait,True,1.0,1.1,False,False,0.5,0.4,0.35,0.25,0.5,0.28,0.34,0.18,0.36910052421292444,0.0187020476507202,0.009693939862623568,0.740936384209511,1.1780886069463588,True,2
structural_change_delta_0.060,structural_change,20,20,inferred_failure_aware,accuracy_guard,coverage_wait,False,0.9,1.75,False,False,0.5,0.4,0.35,0.25,0.5,0.28,0.34,0.18,0.35648616712859604,0.019213803348830563,0.00967338280567398,0.6913808702931166,1.0863953160783724,True,2
structural_change_delta_0.060,structural_change,21,5,baseline,normal,coverage_wait,False,1.0,1.0,True,True,0.2,0.6,0.6,0.4,0.5,0.28,0.34,0.18,0.3573686181817401,0.0168869680806286,0.011666136890205236,0.721970429287736,1.0612008223772946,True,1
structural_change_delta_0.060,structural_change,21,5,reference_aware,coverage_wait,coverage_wait,True,1.0,1.1,False,False,0.2,0.6,0.6,0.4,0.5,0.28,0.34,0.18,0.35873893995939776,0.016952927613311578,0.01168825171135246,0.7208926530870452,1.0433046550462457,True,1
structural_change_delta_0.060,structural_change,21,5,inferred_failure_aware,accuracy_guard,coverage_wait,False,0.9,1.75,False,False,0.2,0.6,0.6,0.4,0.5,0.28,0.34,0.18,0.3639079849293997,0.017817269428092863,0.009273007696865787,0.6795172027949312,0.9751478422703566,True,2
structural_change_delta_0.060,structural_change,21,10,baseline,normal,coverage_wait,False,1.0,1.0,True,True,0.4,0.4,0.5,0.2,0.5,0.28,0.34,0.18,0.3573686181817401,0.0168869680806286,0.011666136890205236,0.721970429287736,1.0612008223772946,True,1
structural_change_delta_0.060,structural_change,21,10,reference_aware,coverage_wait,coverage_wait,True,1.0,1.1,False,False,0.4,0.4,0.5,0.2,0.5,0.28,0.34,0.18,0.35873893995939776,0.016952927613311578,0.01168825171135246,0.7208926530870452,1.0433046550462457,True,1
structural_change_delta_0.060,structural_change,21,10,inferred_failure_aware,coverage_wait,coverage_wait,True,1.0,1.1,False,False,0.4,0.4,0.5,0.2,0.5,0.28,0.34,0.18,0.35873893995939776,0.016952927613311578,0.01168825171135246,0.7208926530870452,1.0433046550462457,True,1
structural_change_delta_0.060,structural_change,21,20,baseline,normal,coverage_wait,False,1.0,1.0,True,True,0.45,0.2,0.4,0.2,0.5,0.28,0.34,0.18,0.3573686181817401,0.0168869680806286,0.011666136890205236,0.721970429287736,1.0612008223772946,True,1
structural_change_delta_0.060,structural_change,21,20,reference_aware,coverage_wait,coverage_wait,True,1.0,1.1,False,False,0.45,0.2,0.4,0.2,0.5,0.28,0.34,0.18,0.35873893995939776,0.016952927613311578,0.01168825171135246,0.7208926530870452,1.0433046550462457,True,1
structural_change_delta_0.060,structural_change,21,20,inferred_failure_aware,coverage_wait,coverage_wait,True,1.0,1.1,False,False,0.45,0.2,0.4,0.2,0.5,0.28,0.34,0.18,0.35873893995939776,0.016952927613311578,0.01168825171135246,0.7208926530870452,1.0433046550462457,True,1
structural_change_delta_0.060,structural_change,22,5,baseline,normal,coverage_wait,False,1.0,1.0,True,True,0.4,0.6,0.2,0.2,0.5,0.28,0.34,0.18,0.3474210341293581,0.018122377995023146,0.007301916701605626,0.7528084117603424,1.2228185354200034,True,2
structural_change_delta_0.060,structural_change,22,5,reference_aware,coverage_wait,coverage_wait,True,1.0,1.1,False,False,0.4,0.6,0.2,0.2,0.5,0.28,0.34,0.18,0.3480021841000142,0.018197599207828225,0.007078330299588265,0.7521576908031946,1.205353355219308,True,2
structural_change_delta_0.060,structural_change,22,5,inferred_failure_aware,accuracy_guard,coverage_wait,False,0.9,1.75,False,False,0.4,0.6,0.2,0.2,0.5,0.28,0.34,0.18,0.3581483455529408,0.019027090193499255,0.005241141157361406,0.7053883095295124,1.1282012189947837,True,2
structural_change_delta_0.060,structural_change,22,10,baseline,normal,coverage_wait,False,1.0,1.0,True,True,0.6,0.4,0.1,0.2,0.5,0.28,0.34,0.18,0.3474210341293581,0.018122377995023146,0.007301916701605626,0.7528084117603424,1.2228185354200034,True,2
structural_change_delta_0.060,structural_change,22,10,reference_aware,coverage_wait,coverage_wait,True,1.0,1.1,False,False,0.6,0.4,0.1,0.2,0.5,0.28,0.34,0.18,0.3480021841000142,0.018197599207828225,0.007078330299588265,0.7521576908031946,1.205353355219308,True,2
structural_change_delta_0.060,structural_change,22,10,inferred_failure_aware,accuracy_guard,coverage_wait,False,0.9,1.75,False,False,0.6,0.4,0.1,0.2,0.5,0.28,0.34,0.18,0.3581483455529408,0.019027090193499255,0.005241141157361406,0.7053883095295124,1.1282012189947837,True,2
structural_change_delta_0.060,structural_change,22,20,baseline,normal,coverage_wait,False,1.0,1.0,True,True,0.6,0.25,0.2,0.15,0.5,0.28,0.34,0.18,0.3474210341293581,0.018122377995023146,0.007301916701605626,0.7528084117603424,1.2228185354200034,True,2
structural_change_delta_0.060,structural_change,22,20,reference_aware,coverage_wait,coverage_wait,True,1.0,1.1,False,False,0.6,0.25,0.2,0.15,0.5,0.28,0.34,0.18,0.3480021841000142,0.018197599207828225,0.007078330299588265,0.7521576908031946,1.205353355219308,True,2
structural_change_delta_0.060,structural_change,22,20,inferred_failure_aware,accuracy_guard,coverage_wait,False,0.9,1.75,False,False,0.6,0.25,0.2,0.15,0.5,0.28,0.34,0.18,0.3581483455529408,0.019027090193499255,0.005241141157361406,0.7053883095295124,1.1282012189947837,True,2
structural_change_delta_0.060,structural_change,23,5,baseline,normal,coverage_wait,False,1.0,1.0,True,True,0.4,0.0,0.4,0.2,0.5,0.28,0.34,0.18,0.28373781307461937,0.01719093765850107,0.0012290301304705986,0.7813152904559889,1.1387776194252848,True,2
structural_change_delta_0.060,structural_change,23,5,reference_aware,coverage_wait,coverage_wait,True,1.0,1.1,False,False,0.4,0.0,0.4,0.2,0.5,0.28,0.34,0.18,0.2857334818941742,0.017327329970953896,0.0012949685241311348,0.7808149393614816,1.1192907112373813,True,2
structural_change_delta_0.060,structural_change,23,5,inferred_failure_aware,coverage_wait,coverage_wait,True,1.0,1.1,False,False,0.4,0.0,0.4,0.2,0.5,0.28,0.34,0.18,0.2857334818941742,0.017327329970953896,0.0012949685241311348,0.7808149393614816,1.1192907112373813,True,2
structural_change_delta_0.060,structural_change,23,10,baseline,normal,coverage_wait,False,1.0,1.0,True,True,0.4,0.3,0.4,0.3,0.5,0.28,0.34,0.18,0.28373781307461937,0.01719093765850107,0.0012290301304705986,0.7813152904559889,1.1387776194252848,True,2
structural_change_delta_0.060,structural_change,23,10,reference_aware,coverage_wait,coverage_wait,True,1.0,1.1,False,False,0.4,0.3,0.4,0.3,0.5,0.28,0.34,0.18,0.2857334818941742,0.017327329970953896,0.0012949685241311348,0.7808149393614816,1.1192907112373813,True,2
structural_change_delta_0.060,structural_change,23,10,inferred_failure_aware,coverage_wait,coverage_wait,True,1.0,1.1,False,False,0.4,0.3,0.4,0.3,0.5,0.28,0.34,0.18,0.2857334818941742,0.017327329970953896,0.0012949685241311348,0.7808149393614816,1.1192907112373813,True,2
structural_change_delta_0.060,structural_change,23,20,baseline,normal,coverage_wait,False,1.0,1.0,True,True,0.6,0.25,0.25,0.25,0.5,0.28,0.34,0.18,0.28373781307461937,0.01719093765850107,0.0012290301304705986,0.7813152904559889,1.1387776194252848,True,2
structural_change_delta_0.060,structural_change,23,20,reference_aware,coverage_wait,coverage_wait,True,1.0,1.1,False,False,0.6,0.25,0.25,0.25,0.5,0.28,0.34,0.18,0.2857334818941742,0.017327329970953896,0.0012949685241311348,0.7808149393614816,1.1192907112373813,True,2
structural_change_delta_0.060,structural_change,23,20,inferred_failure_aware,accuracy_guard,coverage_wait,False,0.9,1.75,False,False,0.6,0.25,0.25,0.25,0.5,0.28,0.34,0.18,0.2983007209372463,0.01869996208156061,0.0019060352974762385,0.7345824558340824,1.0319592562928586,True,2
structural_change_delta_0.060,structural_change,24,5,baseline,normal,coverage_wait,False,1.0,1.0,True,True,0.8,0.2,0.2,0.0,0.5,0.28,0.34,0.18,0.38425758408350513,0.01766699557586116,0.0026378932865334104,0.7488578129953846,1.292472453873029,True,2
structural_change_delta_0.060,structural_change,24,5,reference_aware,coverage_wait,coverage_wait,True,1.0,1.1,False,False,0.8,0.2,0.2,0.0,0.5,0.28,0.34,0.18,0.3854533762864489,0.017684068013666836,0.00263314658976721,0.7480891930603567,1.2730919707362278,True,1
structural_change_delta_0.060,structural_change,24,5,inferred_failure_aware,accuracy_guard,coverage_wait,False,0.9,1.75,False,False,0.8,0.2,0.2,0.0,0.5,0.28,0.34,0.18,0.39085548797207914,0.01863652629998638,0.0033620900594401038,0.7008958925073661,1.1749983467987442,True,2
structural_change_delta_0.060,structural_change,24,10,baseline,normal,coverage_wait,False,1.0,1.0,True,True,0.6,0.3,0.4,0.2,0.5,0.28,0.34,0.18,0.38425758408350513,0.01766699557586116,0.0026378932865334104,0.7488578129953846,1.292472453873029,True,2
structural_change_delta_0.060,structural_change,24,10,reference_aware,coverage_wait,coverage_wait,True,1.0,1.1,False,False,0.6,0.3,0.4,0.2,0.5,0.28,0.34,0.18,0.3854533762864489,0.017684068013666836,0.00263314658976721,0.7480891930603567,1.2730919707362278,True,1
structural_change_delta_0.060,structural_change,24,10,inferred_failure_aware,coverage_wait,coverage_wait,True,1.0,1.1,False,False,0.6,0.3,0.4,0.2,0.5,0.28,0.34,0.18,0.3854533762864489,0.017684068013666836,0.00263314658976721,0.7480891930603567,1.2730919707362278,True,1
structural_change_delta_0.060,structural_change,24,20,baseline,normal,coverage_wait,False,1.0,1.0,True,True,0.55,0.2,0.4,0.15,0.5,0.28,0.34,0.18,0.38425758408350513,0.01766699557586116,0.0026378932865334104,0.7488578129953846,1.292472453873029,True,2
structural_change_delta_0.060,structural_change,24,20,reference_aware,coverage_wait,coverage_wait,True,1.0,1.1,False,False,0.55,0.2,0.4,0.15,0.5,0.28,0.34,0.18,0.3854533762864489,0.017684068013666836,0.00263314658976721,0.7480891930603567,1.2730919707362278,True,1
structural_change_delta_0.060,structural_change,24,20,inferred_failure_aware,coverage_wait,coverage_wait,True,1.0,1.1,False,False,0.55,0.2,0.4,0.15,0.5,0.28,0.34,0.18,0.3854533762864489,0.017684068013666836,0.00263314658976721,0.7480891930603567,1.2730919707362278,True,1
structural_change_delta_0.060,structural_change,25,5,baseline,normal,coverage_wait,False,1.0,1.0,True,True,0.6,0.2,0.4,0.0,0.5,0.28,0.34,0.18,0.19684063766193668,0.01404461159060011,0.0076035980108931644,0.6801131176239719,0.8230785791707672,True,0
structural_change_delta_0.060,structural_change,25,5,reference_aware,coverage_wait,coverage_wait,True,1.0,1.1,False,False,0.6,0.2,0.4,0.0,0.5,0.28,0.34,0.18,0.19547835561203797,0.014074222576397627,0.007519082204633376,0.6791262037099707,0.8122136462348571,True,0
structural_change_delta_0.060,structural_change,25,5,inferred_failure_aware,coverage_wait,coverage_wait,True,1.0,1.1,False,False,0.6,0.2,0.4,0.0,0.5,0.28,0.34,0.18,0.19547835561203797,0.014074222576397627,0.007519082204633376,0.6791262037099707,0.8122136462348571,True,0
structural_change_delta_0.060,structural_change,25,10,baseline,normal,coverage_wait,False,1.0,1.0,True,True,0.4,0.3,0.5,0.1,0.5,0.28,0.34,0.18,0.19684063766193668,0.01404461159060011,0.0076035980108931644,0.6801131176239719,0.8230785791707672,True,0
structural_change_delta_0.060,structural_change,25,10,reference_aware,coverage_wait,coverage_wait,True,1.0,1.1,False,False,0.4,0.3,0.5,0.1,0.5,0.28,0.34,0.18,0.19547835561203797,0.014074222576397627,0.007519082204633376,0.6791262037099707,0.8122136462348571,True,0
structural_change_delta_0.060,structural_change,25,10,inferred_failure_aware,coverage_wait,coverage_wait,True,1.0,1.1,False,False,0.4,0.3,0.5,0.1,0.5,0.28,0.34,0.18,0.19547835561203797,0.014074222576397627,0.007519082204633376,0.6791262037099707,0.8122136462348571,True,0
structural_change_delta_0.060,structural_change,25,20,baseline,normal,coverage_wait,False,1.0,1.0,True,True,0.5,0.25,0.45,0.05,0.5,0.28,0.34,0.18,0.19684063766193668,0.01404461159060011,0.0076035980108931644,0.6801131176239719,0.8230785791707672,True,0
structural_change_delta_0.060,structural_change,25,20,reference_aware,coverage_wait,coverage_wait,True,1.0,1.1,False,False,0.5,0.25,0.45,0.05,0.5,0.28,0.34,0.18,0.19547835561203797,0.014074222576397627,0.007519082204633376,0.6791262037099707,0.8122136462348571,True,0
structural_change_delta_0.060,structural_change,25,20,inferred_failure_aware,coverage_wait,coverage_wait,True,1.0,1.1,False,False,0.5,0.25,0.45,0.05,0.5,0.28,0.34,0.18,0.19547835561203797,0.014074222576397627,0.007519082204633376,0.6791262037099707,0.8122136462348571,True,0
structural_change_delta_0.060,structural_change,26,5,baseline,normal,coverage_wait,False,1.0,1.0,True,True,0.8,0.2,0.2,0.0,0.5,0.28,0.34,0.18,0.2842695308373403,0.01965233219356304,0.0140522664089755,0.7892351953814744,1.140453963776383,True,1
structural_change_delta_0.060,structural_change,26,5,reference_aware,coverage_wait,coverage_wait,True,1.0,1.1,False,False,0.8,0.2,0.2,0.0,0.5,0.28,0.34,0.18,0.2847495452877087,0.019715323814869495,0.013972819223134092,0.7883979609238968,1.1198304903347318,True,1
structural_change_delta_0.060,structural_change,26,5,inferred_failure_aware,accuracy_guard,coverage_wait,False,0.9,1.75,False,False,0.8,0.2,0.2,0.0,0.5,0.28,0.34,0.18,0.2901968675535215,0.0206859224321868,0.013273861907706408,0.739038595388349,1.0335060948654513,True,2
structural_change_delta_0.060,structural_change,26,10,baseline,normal,coverage_wait,False,1.0,1.0,True,True,0.5,0.3,0.5,0.1,0.5,0.28,0.34,0.18,0.2842695308373403,0.01965233219356304,0.0140522664089755,0.7892351953814744,1.140453963776383,True,1
structural_change_delta_0.060,structural_change,26,10,reference_aware,coverage_wait,coverage_wait,True,1.0,1.1,False,False,0.5,0.3,0.5,0.1,0.5,0.28,0.34,0.18,0.2847495452877087,0.019715323814869495,0.013972819223134092,0.7883979609238968,1.1198304903347318,True,1
structural_change_delta_0.060,structural_change,26,10,inferred_failure_aware,coverage_wait,coverage_wait,True,1.0,1.1,False,False,0.5,0.3,0.5,0.1,0.5,0.28,0.34,0.18,0.2847495452877087,0.019715323814869495,0.013972819223134092,0.7883979609238968,1.1198304903347318,True,1
structural_change_delta_0.060,structural_change,26,20,baseline,normal,coverage_wait,False,1.0,1.0,True,True,0.55,0.3,0.35,0.2,0.5,0.28,0.34,0.18,0.2842695308373403,0.01965233219356304,0.0140522664089755,0.7892351953814744,1.140453963776383,True,1
structural_change_delta_0.060,structural_change,26,20,reference_aware,coverage_wait,coverage_wait,True,1.0,1.1,False,False,0.55,0.3,0.35,0.2,0.5,0.28,0.34,0.18,0.2847495452877087,0.019715323814869495,0.013972819223134092,0.7883979609238968,1.1198304903347318,True,1
structural_change_delta_0.060,structural_change,26,20,inferred_failure_aware,coverage_wait,coverage_wait,True,1.0,1.1,False,False,0.55,0.3,0.35,0.2,0.5,0.28,0.34,0.18,0.2847495452877087,0.019715323814869495,0.013972819223134092,0.7883979609238968,1.1198304903347318,True,1
structural_change_delta_0.060,structural_change,27,5,baseline,normal,coverage_wait,False,1.0,1.0,True,True,0.6,0.2,0.4,0.0,0.5,0.28,0.34,0.18,0.26491770911273294,0.015565442350066757,0.004673128572999841,0.7157969638319353,0.8581245215881484,True,0
structural_change_delta_0.060,structural_change,27,5,reference_aware,coverage_wait,coverage_wait,True,1.0,1.1,False,False,0.6,0.2,0.4,0.0,0.5,0.28,0.34,0.18,0.2660790081392467,0.015656727279796032,0.004433437841156684,0.715387706049216,0.8453788552179329,True,0
structural_change_delta_0.060,structural_change,27,5,inferred_failure_aware,coverage_wait,coverage_wait,True,1.0,1.1,False,False,0.6,0.2,0.4,0.0,0.5,0.28,0.34,0.18,0.2660790081392467,0.015656727279796032,0.004433437841156684,0.715387706049216,0.8453788552179329,True,0
structural_change_delta_0.060,structural_change,27,10,baseline,normal,coverage_wait,False,1.0,1.0,True,True,0.7,0.1,0.3,0.0,0.5,0.28,0.34,0.18,0.26491770911273294,0.015565442350066757,0.004673128572999841,0.7157969638319353,0.8581245215881484,True,0
structural_change_delta_0.060,structural_change,27,10,reference_aware,coverage_wait,coverage_wait,True,1.0,1.1,False,False,0.7,0.1,0.3,0.0,0.5,0.28,0.34,0.18,0.2660790081392467,0.015656727279796032,0.004433437841156684,0.715387706049216,0.8453788552179329,True,0
structural_change_delta_0.060,structural_change,27,10,inferred_failure_aware,coverage_wait,coverage_wait,True,1.0,1.1,False,False,0.7,0.1,0.3,0.0,0.5,0.28,0.34,0.18,0.2660790081392467,0.015656727279796032,0.004433437841156684,0.715387706049216,0.8453788552179329,True,0
structural_change_delta_0.060,structural_change,27,20,baseline,normal,coverage_wait,False,1.0,1.0,True,True,0.4,0.35,0.5,0.2,0.5,0.28,0.34,0.18,0.26491770911273294,0.015565442350066757,0.004673128572999841,0.7157969638319353,0.8581245215881484,True,0
structural_change_delta_0.060,structural_change,27,20,reference_aware,coverage_wait,coverage_wait,True,1.0,1.1,False,False,0.4,0.35,0.5,0.2,0.5,0.28,0.34,0.18,0.2660790081392467,0.015656727279796032,0.004433437841156684,0.715387706049216,0.8453788552179329,True,0
structural_change_delta_0.060,structural_change,27,20,inferred_failure_aware,coverage_wait,coverage_wait,True,1.0,1.1,False,False,0.4,0.35,0.5,0.2,0.5,0.28,0.34,0.18,0.2660790081392467,0.015656727279796032,0.004433437841156684,0.715387706049216,0.8453788552179329,True,0
structural_change_delta_0.060,structural_change,28,5,baseline,normal,coverage_wait,False,1.0,1.0,True,True,0.4,0.6,0.4,0.4,0.5,0.28,0.34,0.18,0.43396694514702217,0.017838590861816786,0.0013326825789504726,0.8152486787223623,1.365624119073901,True,2
structural_change_delta_0.060,structural_change,28,5,reference_aware,coverage_wait,coverage_wait,True,1.0,1.1,False,False,0.4,0.6,0.4,0.4,0.5,0.28,0.34,0.18,0.4359600617461079,0.017942246358600034,0.0014192749968411356,0.8148157741940766,1.3425763219474534,True,2
structural_change_delta_0.060,structural_change,28,5,inferred_failure_aware,accuracy_guard,coverage_wait,False,0.9,1.75,False,False,0.4,0.6,0.4,0.4,0.5,0.28,0.34,0.18,0.45496534833043056,0.019316404940873236,0.002414063894651486,0.76502334482037,1.248466844117199,True,2
structural_change_delta_0.060,structural_change,28,10,baseline,normal,coverage_wait,False,1.0,1.0,True,True,0.3,0.5,0.5,0.2,0.5,0.28,0.34,0.18,0.43396694514702217,0.017838590861816786,0.0013326825789504726,0.8152486787223623,1.365624119073901,True,2
structural_change_delta_0.060,structural_change,28,10,reference_aware,coverage_wait,coverage_wait,True,1.0,1.1,False,False,0.3,0.5,0.5,0.2,0.5,0.28,0.34,0.18,0.4359600617461079,0.017942246358600034,0.0014192749968411356,0.8148157741940766,1.3425763219474534,True,2
structural_change_delta_0.060,structural_change,28,10,inferred_failure_aware,accuracy_guard,coverage_wait,False,0.9,1.75,False,False,0.3,0.5,0.5,0.2,0.5,0.28,0.34,0.18,0.45496534833043056,0.019316404940873236,0.002414063894651486,0.76502334482037,1.248466844117199,True,2
structural_change_delta_0.060,structural_change,28,20,baseline,normal,coverage_wait,False,1.0,1.0,True,True,0.45,0.35,0.45,0.15,0.5,0.28,0.34,0.18,0.43396694514702217,0.017838590861816786,0.0013326825789504726,0.8152486787223623,1.365624119073901,True,2
structural_change_delta_0.060,structural_change,28,20,reference_aware,coverage_wait,coverage_wait,True,1.0,1.1,False,False,0.45,0.35,0.45,0.15,0.5,0.28,0.34,0.18,0.4359600617461079,0.017942246358600034,0.0014192749968411356,0.8148157741940766,1.3425763219474534,True,2
structural_change_delta_0.060,structural_change,28,20,inferred_failure_aware,coverage_wait,coverage_wait,True,1.0,1.1,False,False,0.45,0.35,0.45,0.15,0.5,0.28,0.34,0.18,0.4359600617461079,0.017942246358600034,0.0014192749968411356,0.8148157741940766,1.3425763219474534,True,2
structural_change_delta_0.060,structural_change,29,5,baseline,normal,coverage_wait,False,1.0,1.0,True,True,0.8,0.2,0.2,0.2,0.5,0.28,0.34,0.18,0.34747164723324553,0.016480848513994895,0.0020256171180468296,0.682175557443473,0.7223026704863649,True,1
structural_change_delta_0.060,structural_change,29,5,reference_aware,coverage_wait,coverage_wait,True,1.0,1.1,False,False,0.8,0.2,0.2,0.2,0.5,0.28,0.34,0.18,0.3462931316096231,0.016590190519082684,0.002067966705265767,0.6820127160451079,0.7133923682603289,True,1
structural_change_delta_0.060,structural_change,29,5,inferred_failure_aware,accuracy_guard,coverage_wait,False,0.9,1.75,False,False,0.8,0.2,0.2,0.2,0.5,0.28,0.34,0.18,0.3532365645521332,0.018262051133945047,0.001903691807983554,0.6482533989136025,0.6898935500389902,True,2
structural_change_delta_0.060,structural_change,29,10,baseline,normal,coverage_wait,False,1.0,1.0,True,True,0.8,0.2,0.2,0.1,0.5,0.28,0.34,0.18,0.34747164723324553,0.016480848513994895,0.0020256171180468296,0.682175557443473,0.7223026704863649,True,1
structural_change_delta_0.060,structural_change,29,10,reference_aware,coverage_wait,coverage_wait,True,1.0,1.1,False,False,0.8,0.2,0.2,0.1,0.5,0.28,0.34,0.18,0.3462931316096231,0.016590190519082684,0.002067966705265767,0.6820127160451079,0.7133923682603289,True,1
structural_change_delta_0.060,structural_change,29,10,inferred_failure_aware,accuracy_guard,coverage_wait,False,0.9,1.75,False,False,0.8,0.2,0.2,0.1,0.5,0.28,0.34,0.18,0.3532365645521332,0.018262051133945047,0.001903691807983554,0.6482533989136025,0.6898935500389902,True,2
structural_change_delta_0.060,structural_change,29,20,baseline,normal,coverage_wait,False,1.0,1.0,True,True,0.7,0.15,0.3,0.05,0.5,0.28,0.34,0.18,0.34747164723324553,0.016480848513994895,0.0020256171180468296,0.682175557443473,0.7223026704863649,True,1
structural_change_delta_0.060,structural_change,29,20,reference_aware,coverage_wait,coverage_wait,True,1.0,1.1,False,False,0.7,0.15,0.3,0.05,0.5,0.28,0.34,0.18,0.3462931316096231,0.016590190519082684,0.002067966705265767,0.6820127160451079,0.7133923682603289,True,1
structural_change_delta_0.060,structural_change,29,20,inferred_failure_aware,coverage_wait,coverage_wait,True,1.0,1.1,False,False,0.7,0.15,0.3,0.05,0.5,0.28,0.34,0.18,0.3462931316096231,0.016590190519082684,0.002067966705265767,0.6820127160451079,0.7133923682603289,True,1
structural_change_delta_0.060,structural_change,30,5,baseline,normal,coverage_wait,False,1.0,1.0,True,True,0.6,0.2,0.2,0.2,0.5,0.28,0.34,0.18,0.2757077057519718,0.01618375077699556,0.009201129376060324,0.8201419321000437,1.2205496805233473,True,2
structural_change_delta_0.060,structural_change,30,5,reference_aware,coverage_wait,coverage_wait,True,1.0,1.1,False,False,0.6,0.2,0.2,0.2,0.5,0.28,0.34,0.18,0.2763283049823481,0.016272008515185347,0.009329112345148105,0.8199727116694387,1.2027180732608176,True,2
structural_change_delta_0.060,structural_change,30,5,inferred_failure_aware,accuracy_guard,coverage_wait,False,0.9,1.75,False,False,0.6,0.2,0.2,0.2,0.5,0.28,0.34,0.18,0.2901729424843296,0.017402941913230992,0.009333603615973796,0.7697892268496738,1.1211124976025364,True,2
structural_change_delta_0.060,structural_change,30,10,baseline,normal,coverage_wait,False,1.0,1.0,True,True,0.6,0.2,0.3,0.1,0.5,0.28,0.34,0.18,0.2757077057519718,0.01618375077699556,0.009201129376060324,0.8201419321000437,1.2205496805233473,True,2
structural_change_delta_0.060,structural_change,30,10,reference_aware,coverage_wait,coverage_wait,True,1.0,1.1,False,False,0.6,0.2,0.3,0.1,0.5,0.28,0.34,0.18,0.2763283049823481,0.016272008515185347,0.009329112345148105,0.8199727116694387,1.2027180732608176,True,2
structural_change_delta_0.060,structural_change,30,10,inferred_failure_aware,coverage_wait,coverage_wait,True,1.0,1.1,False,False,0.6,0.2,0.3,0.1,0.5,0.28,0.34,0.18,0.2763283049823481,0.016272008515185347,0.009329112345148105,0.8199727116694387,1.2027180732608176,True,2
structural_change_delta_0.060,structural_change,30,20,baseline,normal,coverage_wait,False,1.0,1.0,True,True,0.55,0.25,0.35,0.15,0.5,0.28,0.34,0.18,0.2757077057519718,0.01618375077699556,0.009201129376060324,0.8201419321000437,1.2205496805233473,True,2
structural_change_delta_0.060,structural_change,30,20,reference_aware,coverage_wait,coverage_wait,True,1.0,1.1,False,False,0.55,0.25,0.35,0.15,0.5,0.28,0.34,0.18,0.2763283049823481,0.016272008515185347,0.009329112345148105,0.8199727116694387,1.2027180732608176,True,2
structural_change_delta_0.060,structural_change,30,20,inferred_failure_aware,coverage_wait,coverage_wait,True,1.0,1.1,False,False,0.55,0.25,0.35,0.15,0.5,0.28,0.34,0.18,0.2763283049823481,0.016272008515185347,0.009329112345148105,0.8199727116694387,1.2027180732608176,True,2
structural_change_delta_0.060,structural_change,31,5,baseline,normal,coverage_wait,False,1.0,1.0,True,True,0.8,0.2,0.2,0.0,0.5,0.28,0.34,0.18,0.22518658896010374,0.01699233759978129,0.004837429029668883,0.7284632322866684,1.1185056986656976,True,2
structural_change_delta_0.060,structural_change,31,5,reference_aware,coverage_wait,coverage_wait,True,1.0,1.1,False,False,0.8,0.2,0.2,0.0,0.5,0.28,0.34,0.18,0.2251464372865575,0.017123824425075283,0.00476910443340095,0.7281087849815212,1.102761440549539,True,2
structural_change_delta_0.060,structural_change,31,5,inferred_failure_aware,accuracy_guard,coverage_wait,False,0.9,1.75,False,False,0.8,0.2,0.2,0.0,0.5,0.28,0.34,0.18,0.23854635441923766,0.018650238543262136,0.00427950849546177,0.6896725230859371,1.036410754935003,True,2
structural_change_delta_0.060,structural_change,31,10,baseline,normal,coverage_wait,False,1.0,1.0,True,True,0.7,0.1,0.2,0.1,0.5,0.28,0.34,0.18,0.22518658896010374,0.01699233759978129,0.004837429029668883,0.7284632322866684,1.1185056986656976,True,2
structural_change_delta_0.060,structural_change,31,10,reference_aware,coverage_wait,coverage_wait,True,1.0,1.1,False,False,0.7,0.1,0.2,0.1,0.5,0.28,0.34,0.18,0.2251464372865575,0.017123824425075283,0.00476910443340095,0.7281087849815212,1.102761440549539,True,2
structural_change_delta_0.060,structural_change,31,10,inferred_failure_aware,coverage_wait,coverage_wait,True,1.0,1.1,False,False,0.7,0.1,0.2,0.1,0.5,0.28,0.34,0.18,0.2251464372865575,0.017123824425075283,0.00476910443340095,0.7281087849815212,1.102761440549539,True,2
structural_change_delta_0.060,structural_change,31,20,baseline,normal,coverage_wait,False,1.0,1.0,True,True,0.6,0.2,0.2,0.2,0.5,0.28,0.34,0.18,0.22518658896010374,0.01699233759978129,0.004837429029668883,0.7284632322866684,1.1185056986656976,True,2
structural_change_delta_0.060,structural_change,31,20,reference_aware,coverage_wait,coverage_wait,True,1.0,1.1,False,False,0.6,0.2,0.2,0.2,0.5,0.28,0.34,0.18,0.2251464372865575,0.017123824425075283,0.00476910443340095,0.7281087849815212,1.102761440549539,True,2
structural_change_delta_0.060,structural_change,31,20,inferred_failure_aware,accuracy_guard,coverage_wait,False,0.9,1.75,False,False,0.6,0.2,0.2,0.2,0.5,0.28,0.34,0.18,0.23854635441923766,0.018650238543262136,0.00427950849546177,0.6896725230859371,1.036410754935003,True,2
structural_change_delta_0.060,structural_change,32,5,baseline,normal,coverage_wait,False,1.0,1.0,True,True,0.6,0.4,0.0,0.4,0.5,0.28,0.34,0.18,0.3664444166693057,0.017248204222657357,0.008844330692280522,0.7929344575090658,1.290963688411531,True,1
structural_change_delta_0.060,structural_change,32,5,reference_aware,coverage_wait,coverage_wait,True,1.0,1.1,False,False,0.6,0.4,0.0,0.4,0.5,0.28,0.34,0.18,0.3678290328227035,0.01730951879824944,0.008648936806703755,0.7926888551977797,1.2717384365160467,True,1
structural_change_delta_0.060,structural_change,32,5,inferred_failure_aware,accuracy_guard,coverage_wait,False,0.9,1.75,False,False,0.6,0.4,0.0,0.4,0.5,0.28,0.34,0.18,0.3773439483754694,0.0184252732750288,0.008160877403236011,0.7441989913980126,1.1729328166149233,True,2
structural_change_delta_0.060,structural_change,32,10,baseline,normal,coverage_wait,False,1.0,1.0,True,True,0.6,0.4,0.1,0.3,0.5,0.28,0.34,0.18,0.3664444166693057,0.017248204222657357,0.008844330692280522,0.7929344575090658,1.290963688411531,True,1
structural_change_delta_0.060,structural_change,32,10,reference_aware,coverage_wait,coverage_wait,True,1.0,1.1,False,False,0.6,0.4,0.1,0.3,0.5,0.28,0.34,0.18,0.3678290328227035,0.01730951879824944,0.008648936806703755,0.7926888551977797,1.2717384365160467,True,1
structural_change_delta_0.060,structural_change,32,10,inferred_failure_aware,accuracy_guard,coverage_wait,False,0.9,1.75,False,False,0.6,0.4,0.1,0.3,0.5,0.28,0.34,0.18,0.3773439483754694,0.0184252732750288,0.008160877403236011,0.7441989913980126,1.1729328166149233,True,2
structural_change_delta_0.060,structural_change,32,20,baseline,normal,coverage_wait,False,1.0,1.0,True,True,0.55,0.4,0.2,0.2,0.5,0.28,0.34,0.18,0.3664444166693057,0.017248204222657357,0.008844330692280522,0.7929344575090658,1.290963688411531,True,1
structural_change_delta_0.060,structural_change,32,20,reference_aware,coverage_wait,coverage_wait,True,1.0,1.1,False,False,0.55,0.4,0.2,0.2,0.5,0.28,0.34,0.18,0.3678290328227035,0.01730951879824944,0.008648936806703755,0.7926888551977797,1.2717384365160467,True,1
structural_change_delta_0.060,structural_change,32,20,inferred_failure_aware,accuracy_guard,coverage_wait,False,0.9,1.75,False,False,0.55,0.4,0.2,0.2,0.5,0.28,0.34,0.18,0.3773439483754694,0.0184252732750288,0.008160877403236011,0.7441989913980126,1.1729328166149233,True,2
structural_change_delta_0.060,structural_change,33,5,baseline,normal,coverage_wait,False,1.0,1.0,True,True,0.4,0.2,0.6,0.0,0.5,0.28,0.34,0.18,0.4177592683503467,0.019274752540712467,0.005026221735825898,0.7472074814430381,1.2213700796616698,True,3
structural_change_delta_0.060,structural_change,33,5,reference_aware,coverage_wait,coverage_wait,True,1.0,1.1,False,False,0.4,0.2,0.6,0.0,0.5,0.28,0.34,0.18,0.4169575260684323,0.019323218872912638,0.005230871641924151,0.7463371762741465,1.2001941074874063,True,3
structural_change_delta_0.060,structural_change,33,5,inferred_failure_aware,coverage_wait,coverage_wait,True,1.0,1.1,False,False,0.4,0.2,0.6,0.0,0.5,0.28,0.34,0.18,0.4169575260684323,0.019323218872912638,0.005230871641924151,0.7463371762741465,1.2001941074874063,True,3
structural_change_delta_0.060,structural_change,33,10,baseline,normal,coverage_wait,False,1.0,1.0,True,True,0.4,0.3,0.5,0.0,0.5,0.28,0.34,0.18,0.4177592683503467,0.019274752540712467,0.005026221735825898,0.7472074814430381,1.2213700796616698,True,3
structural_change_delta_0.060,structural_change,33,10,reference_aware,coverage_wait,coverage_wait,True,1.0,1.1,False,False,0.4,0.3,0.5,0.0,0.5,0.28,0.34,0.18,0.4169575260684323,0.019323218872912638,0.005230871641924151,0.7463371762741465,1.2001941074874063,True,3
structural_change_delta_0.060,structural_change,33,10,inferred_failure_aware,coverage_wait,coverage_wait,True,1.0,1.1,False,False,0.4,0.3,0.5,0.0,0.5,0.28,0.34,0.18,0.4169575260684323,0.019323218872912638,0.005230871641924151,0.7463371762741465,1.2001941074874063,True,3
structural_change_delta_0.060,structural_change,33,20,baseline,normal,coverage_wait,False,1.0,1.0,True,True,0.4,0.25,0.4,0.2,0.5,0.28,0.34,0.18,0.4177592683503467,0.019274752540712467,0.005026221735825898,0.7472074814430381,1.2213700796616698,True,3
structural_change_delta_0.060,structural_change,33,20,reference_aware,coverage_wait,coverage_wait,True,1.0,1.1,False,False,0.4,0.25,0.4,0.2,0.5,0.28,0.34,0.18,0.4169575260684323,0.019323218872912638,0.005230871641924151,0.7463371762741465,1.2001941074874063,True,3
structural_change_delta_0.060,structural_change,33,20,inferred_failure_aware,coverage_wait,coverage_wait,True,1.0,1.1,False,False,0.4,0.25,0.4,0.2,0.5,0.28,0.34,0.18,0.4169575260684323,0.019323218872912638,0.005230871641924151,0.7463371762741465,1.2001941074874063,True,3
structural_change_delta_0.060,structural_change,34,5,baseline,normal,coverage_wait,False,1.0,1.0,True,True,0.0,0.6,0.8,0.4,0.5,0.28,0.34,0.18,0.2978012236363067,0.016723947129678535,0.004834335845242177,0.7423724702704383,1.2190974175925386,True,1
structural_change_delta_0.060,structural_change,34,5,reference_aware,coverage_wait,coverage_wait,True,1.0,1.1,False,False,0.0,0.6,0.8,0.4,0.5,0.28,0.34,0.18,0.299434478655575,0.01681962426644527,0.004950786822780273,0.7423615201708055,1.2044839717545508,True,1
structural_change_delta_0.060,structural_change,34,5,inferred_failure_aware,coverage_wait,coverage_wait,True,1.0,1.1,False,False,0.0,0.6,0.8,0.4,0.5,0.28,0.34,0.18,0.299434478655575,0.01681962426644527,0.004950786822780273,0.7423615201708055,1.2044839717545508,True,1
structural_change_delta_0.060,structural_change,34,10,baseline,normal,coverage_wait,False,1.0,1.0,True,True,0.2,0.6,0.4,0.5,0.5,0.28,0.34,0.18,0.2978012236363067,0.016723947129678535,0.004834335845242177,0.7423724702704383,1.2190974175925386,True,1
structural_change_delta_0.060,structural_change,34,10,reference_aware,coverage_wait,coverage_wait,True,1.0,1.1,False,False,0.2,0.6,0.4,0.5,0.5,0.28,0.34,0.18,0.299434478655575,0.01681962426644527,0.004950786822780273,0.7423615201708055,1.2044839717545508,True,1
structural_change_delta_0.060,structural_change,34,10,inferred_failure_aware,accuracy_guard,coverage_wait,False,0.9,1.75,False,False,0.2,0.6,0.4,0.5,0.5,0.28,0.34,0.18,0.30960798231832026,0.018034011847007016,0.0051250054668927625,0.6979272898493359,1.1343435433096907,True,2
structural_change_delta_0.060,structural_change,34,20,baseline,normal,coverage_wait,False,1.0,1.0,True,True,0.45,0.35,0.25,0.35,0.5,0.28,0.34,0.18,0.2978012236363067,0.016723947129678535,0.004834335845242177,0.7423724702704383,1.2190974175925386,True,1
structural_change_delta_0.060,structural_change,34,20,reference_aware,coverage_wait,coverage_wait,True,1.0,1.1,False,False,0.45,0.35,0.25,0.35,0.5,0.28,0.34,0.18,0.299434478655575,0.01681962426644527,0.004950786822780273,0.7423615201708055,1.2044839717545508,True,1
structural_change_delta_0.060,structural_change,34,20,inferred_failure_aware,accuracy_guard,coverage_wait,False,0.9,1.75,False,False,0.45,0.35,0.25,0.35,0.5,0.28,0.34,0.18,0.30960798231832026,0.018034011847007016,0.0051250054668927625,0.6979272898493359,1.1343435433096907,True,2
structural_change_delta_0.060,structural_change,35,5,baseline,normal,coverage_wait,False,1.0,1.0,True,True,0.8,0.0,0.2,0.0,0.5,0.28,0.34,0.18,0.3312408620711346,0.015975514624649273,0.0018436845084577325,0.8289321239018131,1.4708749532650185,True,1
structural_change_delta_0.060,structural_change,35,5,reference_aware,coverage_wait,coverage_wait,True,1.0,1.1,False,False,0.8,0.0,0.2,0.0,0.5,0.28,0.34,0.18,0.3346816965783698,0.016046099213170014,0.001791078417738401,0.8287754932015043,1.446138004071862,True,1
structural_change_delta_0.060,structural_change,35,5,inferred_failure_aware,coverage_wait,coverage_wait,True,1.0,1.1,False,False,0.8,0.0,0.2,0.0,0.5,0.28,0.34,0.18,0.3346816965783698,0.016046099213170014,0.001791078417738401,0.8287754932015043,1.446138004071862,True,1
structural_change_delta_0.060,structural_change,35,10,baseline,normal,coverage_wait,False,1.0,1.0,True,True,0.6,0.2,0.4,0.1,0.5,0.28,0.34,0.18,0.3312408620711346,0.015975514624649273,0.0018436845084577325,0.8289321239018131,1.4708749532650185,True,1
structural_change_delta_0.060,structural_change,35,10,reference_aware,coverage_wait,coverage_wait,True,1.0,1.1,False,False,0.6,0.2,0.4,0.1,0.5,0.28,0.34,0.18,0.3346816965783698,0.016046099213170014,0.001791078417738401,0.8287754932015043,1.446138004071862,True,1
structural_change_delta_0.060,structural_change,35,10,inferred_failure_aware,coverage_wait,coverage_wait,True,1.0,1.1,False,False,0.6,0.2,0.4,0.1,0.5,0.28,0.34,0.18,0.3346816965783698,0.016046099213170014,0.001791078417738401,0.8287754932015043,1.446138004071862,True,1
structural_change_delta_0.060,structural_change,35,20,baseline,normal,coverage_wait,False,1.0,1.0,True,True,0.4,0.35,0.4,0.25,0.5,0.28,0.34,0.18,0.3312408620711346,0.015975514624649273,0.0018436845084577325,0.8289321239018131,1.4708749532650185,True,1
structural_change_delta_0.060,structural_change,35,20,reference_aware,coverage_wait,coverage_wait,True,1.0,1.1,False,False,0.4,0.35,0.4,0.25,0.5,0.28,0.34,0.18,0.3346816965783698,0.016046099213170014,0.001791078417738401,0.8287754932015043,1.446138004071862,True,1
structural_change_delta_0.060,structural_change,35,20,inferred_failure_aware,coverage_wait,coverage_wait,True,1.0,1.1,False,False,0.4,0.35,0.4,0.25,0.5,0.28,0.34,0.18,0.3346816965783698,0.016046099213170014,0.001791078417738401,0.8287754932015043,1.446138004071862,True,1
structural_change_delta_0.060,structural_change,36,5,baseline,normal,coverage_wait,False,1.0,1.0,True,True,0.4,0.4,0.4,0.4,0.5,0.28,0.34,0.18,0.40097455506247887,0.016747638766703987,0.00525066798089957,0.6936274496877166,1.0125528985430698,True,2
structural_change_delta_0.060,structural_change,36,5,reference_aware,coverage_wait,coverage_wait,True,1.0,1.1,False,False,0.4,0.4,0.4,0.4,0.5,0.28,0.34,0.18,0.39806322491786694,0.016736595759058833,0.005249205748365515,0.6924221366929048,0.9981078060438001,True,2
structural_change_delta_0.060,structural_change,36,5,inferred_failure_aware,accuracy_guard,coverage_wait,False,0.9,1.75,False,False,0.4,0.4,0.4,0.4,0.5,0.28,0.34,0.18,0.3887070501411825,0.017298819652997705,0.004177361509298039,0.6532905682841282,0.9399397500973269,True,2
structural_change_delta_0.060,structural_change,36,10,baseline,normal,coverage_wait,False,1.0,1.0,True,True,0.6,0.3,0.3,0.2,0.5,0.28,0.34,0.18,0.40097455506247887,0.016747638766703987,0.00525066798089957,0.6936274496877166,1.0125528985430698,True,2
structural_change_delta_0.060,structural_change,36,10,reference_aware,coverage_wait,coverage_wait,True,1.0,1.1,False,False,0.6,0.3,0.3,0.2,0.5,0.28,0.34,0.18,0.39806322491786694,0.016736595759058833,0.005249205748365515,0.6924221366929048,0.9981078060438001,True,2
structural_change_delta_0.060,structural_change,36,10,inferred_failure_aware,accuracy_guard,coverage_wait,False,0.9,1.75,False,False,0.6,0.3,0.3,0.2,0.5,0.28,0.34,0.18,0.3887070501411825,0.017298819652997705,0.004177361509298039,0.6532905682841282,0.9399397500973269,True,2
structural_change_delta_0.060,structural_change,36,20,baseline,normal,coverage_wait,False,1.0,1.0,True,True,0.5,0.3,0.35,0.25,0.5,0.28,0.34,0.18,0.40097455506247887,0.016747638766703987,0.00525066798089957,0.6936274496877166,1.0125528985430698,True,2
structural_change_delta_0.060,structural_change,36,20,reference_aware,coverage_wait,coverage_wait,True,1.0,1.1,False,False,0.5,0.3,0.35,0.25,0.5,0.28,0.34,0.18,0.39806322491786694,0.016736595759058833,0.005249205748365515,0.6924221366929048,0.9981078060438001,True,2
structural_change_delta_0.060,structural_change,36,20,inferred_failure_aware,coverage_wait,coverage_wait,True,1.0,1.1,False,False,0.5,0.3,0.35,0.25,0.5,0.28,0.34,0.18,0.39806322491786694,0.016736595759058833,0.005249205748365515,0.6924221366929048,0.9981078060438001,True,2
structural_change_delta_0.060,structural_change,37,5,baseline,normal,coverage_wait,False,1.0,1.0,True,True,0.0,0.4,0.8,0.2,0.5,0.28,0.34,0.18,0.40814655661176014,0.018522951538527427,0.0020643213918611902,0.7440444697666048,1.1110872927044526,True,1
structural_change_delta_0.060,structural_change,37,5,reference_aware,coverage_wait,coverage_wait,True,1.0,1.1,False,False,0.0,0.4,0.8,0.2,0.5,0.28,0.34,0.18,0.40616293476733206,0.01856173515935537,0.001726897243846448,0.7428911386713546,1.0973647244747078,True,1
structural_change_delta_0.060,structural_change,37,5,inferred_failure_aware,coverage_wait,coverage_wait,True,1.0,1.1,False,False,0.0,0.4,0.8,0.2,0.5,0.28,0.34,0.18,0.40616293476733206,0.01856173515935537,0.001726897243846448,0.7428911386713546,1.0973647244747078,True,1
structural_change_delta_0.060,structural_change,37,10,baseline,normal,coverage_wait,False,1.0,1.0,True,True,0.4,0.3,0.4,0.2,0.5,0.28,0.34,0.18,0.40814655661176014,0.018522951538527427,0.0020643213918611902,0.7440444697666048,1.1110872927044526,True,1
structural_change_delta_0.060,structural_change,37,10,reference_aware,coverage_wait,coverage_wait,True,1.0,1.1,False,False,0.4,0.3,0.4,0.2,0.5,0.28,0.34,0.18,0.40616293476733206,0.01856173515935537,0.001726897243846448,0.7428911386713546,1.0973647244747078,True,1
structural_change_delta_0.060,structural_change,37,10,inferred_failure_aware,coverage_wait,coverage_wait,True,1.0,1.1,False,False,0.4,0.3,0.4,0.2,0.5,0.28,0.34,0.18,0.40616293476733206,0.01856173515935537,0.001726897243846448,0.7428911386713546,1.0973647244747078,True,1
structural_change_delta_0.060,structural_change,37,20,baseline,normal,coverage_wait,False,1.0,1.0,True,True,0.55,0.2,0.35,0.15,0.5,0.28,0.34,0.18,0.40814655661176014,0.018522951538527427,0.0020643213918611902,0.7440444697666048,1.1110872927044526,True,1
structural_change_delta_0.060,structural_change,37,20,reference_aware,coverage_wait,coverage_wait,True,1.0,1.1,False,False,0.55,0.2,0.35,0.15,0.5,0.28,0.34,0.18,0.40616293476733206,0.01856173515935537,0.001726897243846448,0.7428911386713546,1.0973647244747078,True,1
structural_change_delta_0.060,structural_change,37,20,inferred_failure_aware,coverage_wait,coverage_wait,True,1.0,1.1,False,False,0.55,0.2,0.35,0.15,0.5,0.28,0.34,0.18,0.40616293476733206,0.01856173515935537,0.001726897243846448,0.7428911386713546,1.0973647244747078,True,1
structural_change_delta_0.060,structural_change,38,5,baseline,normal,coverage_wait,False,1.0,1.0,True,True,0.2,0.6,0.4,0.4,0.5,0.28,0.34,0.18,0.24116680038350494,0.015756270906848766,0.005245484678078949,0.693016089841772,0.8884175826513011,True,1
structural_change_delta_0.060,structural_change,38,5,reference_aware,coverage_wait,coverage_wait,True,1.0,1.1,False,False,0.2,0.6,0.4,0.4,0.5,0.28,0.34,0.18,0.23946539061326946,0.015815844607239546,0.005188718317592267,0.6926242904182693,0.8736192391189,True,1
structural_change_delta_0.060,structural_change,38,5,inferred_failure_aware,accuracy_guard,coverage_wait,False,0.9,1.75,False,False,0.2,0.6,0.4,0.4,0.5,0.28,0.34,0.18,0.22706131226124243,0.016660937298808704,0.004057236329658709,0.6531613675902247,0.8094450902176392,True,1
structural_change_delta_0.060,structural_change,38,10,baseline,normal,coverage_wait,False,1.0,1.0,True,True,0.4,0.4,0.4,0.3,0.5,0.28,0.34,0.18,0.24116680038350494,0.015756270906848766,0.005245484678078949,0.693016089841772,0.8884175826513011,True,1
structural_change_delta_0.060,structural_change,38,10,reference_aware,coverage_wait,coverage_wait,True,1.0,1.1,False,False,0.4,0.4,0.4,0.3,0.5,0.28,0.34,0.18,0.23946539061326946,0.015815844607239546,0.005188718317592267,0.6926242904182693,0.8736192391189,True,1
structural_change_delta_0.060,structural_change,38,10,inferred_failure_aware,accuracy_guard,coverage_wait,False,0.9,1.75,False,False,0.4,0.4,0.4,0.3,0.5,0.28,0.34,0.18,0.22706131226124243,0.016660937298808704,0.004057236329658709,0.6531613675902247,0.8094450902176392,True,1
structural_change_delta_0.060,structural_change,38,20,baseline,normal,coverage_wait,False,1.0,1.0,True,True,0.5,0.35,0.4,0.2,0.5,0.28,0.34,0.18,0.24116680038350494,0.015756270906848766,0.005245484678078949,0.693016089841772,0.8884175826513011,True,1
structural_change_delta_0.060,structural_change,38,20,reference_aware,coverage_wait,coverage_wait,True,1.0,1.1,False,False,0.5,0.35,0.4,0.2,0.5,0.28,0.34,0.18,0.23946539061326946,0.015815844607239546,0.005188718317592267,0.6926242904182693,0.8736192391189,True,1
structural_change_delta_0.060,structural_change,38,20,inferred_failure_aware,coverage_wait,coverage_wait,True,1.0,1.1,False,False,0.5,0.35,0.4,0.2,0.5,0.28,0.34,0.18,0.23946539061326946,0.015815844607239546,0.005188718317592267,0.6926242904182693,0.8736192391189,True,1
structural_change_delta_0.060,structural_change,39,5,baseline,normal,coverage_wait,False,1.0,1.0,True,True,0.2,0.4,0.4,0.4,0.5,0.28,0.34,0.18,0.3996579423704491,0.02003462584908236,0.0037952737211831566,0.7725263930326978,1.2688056162261838,True,4
structural_change_delta_0.060,structural_change,39,5,reference_aware,coverage_wait,coverage_wait,True,1.0,1.1,False,False,0.2,0.4,0.4,0.4,0.5,0.28,0.34,0.18,0.3999245214719339,0.020138828169617932,0.0037946504709605033,0.7721727266247975,1.2508312121415166,True,4
structural_change_delta_0.060,structural_change,39,5,inferred_failure_aware,accuracy_guard,coverage_wait,False,0.9,1.75,False,False,0.2,0.4,0.4,0.4,0.5,0.28,0.34,0.18,0.4069544745825704,0.021288761121096476,0.0033874787590236766,0.7245868287044656,1.1683407058867388,True,4
structural_change_delta_0.060,structural_change,39,10,baseline,normal,coverage_wait,False,1.0,1.0,True,True,0.3,0.2,0.4,0.3,0.5,0.28,0.34,0.18,0.3996579423704491,0.02003462584908236,0.0037952737211831566,0.7725263930326978,1.2688056162261838,True,4
structural_change_delta_0.060,structural_change,39,10,reference_aware,coverage_wait,coverage_wait,True,1.0,1.1,False,False,0.3,0.2,0.4,0.3,0.5,0.28,0.34,0.18,0.3999245214719339,0.020138828169617932,0.0037946504709605033,0.7721727266247975,1.2508312121415166,True,4
structural_change_delta_0.060,structural_change,39,10,inferred_failure_aware,coverage_wait,coverage_wait,True,1.0,1.1,False,False,0.3,0.2,0.4,0.3,0.5,0.28,0.34,0.18,0.3999245214719339,0.020138828169617932,0.0037946504709605033,0.7721727266247975,1.2508312121415166,True,4
structural_change_delta_0.060,structural_change,39,20,baseline,normal,coverage_wait,False,1.0,1.0,True,True,0.5,0.2,0.35,0.15,0.5,0.28,0.34,0.18,0.3996579423704491,0.02003462584908236,0.0037952737211831566,0.7725263930326978,1.2688056162261838,True,4
structural_change_delta_0.060,structural_change,39,20,reference_aware,coverage_wait,coverage_wait,True,1.0,1.1,False,False,0.5,0.2,0.35,0.15,0.5,0.28,0.34,0.18,0.3999245214719339,0.020138828169617932,0.0037946504709605033,0.7721727266247975,1.2508312121415166,True,4
structural_change_delta_0.060,structural_change,39,20,inferred_failure_aware,coverage_wait,coverage_wait,True,1.0,1.1,False,False,0.5,0.2,0.35,0.15,0.5,0.28,0.34,0.18,0.3999245214719339,0.020138828169617932,0.0037946504709605033,0.7721727266247975,1.2508312121415166,True,4
structural_change_delta_0.060,structural_change,40,5,baseline,normal,coverage_wait,False,1.0,1.0,True,True,0.4,0.4,0.4,0.2,0.5,0.28,0.34,0.18,0.28403224844696534,0.013940110387091389,0.0028479010450327413,0.722221825892021,1.0756631555901686,True,0
structural_change_delta_0.060,structural_change,40,5,reference_aware,coverage_wait,coverage_wait,True,1.0,1.1,False,False,0.4,0.4,0.4,0.2,0.5,0.28,0.34,0.18,0.283885678098628,0.014032359378647304,0.0027148003151462596,0.7212637906971074,1.0579205678082317,True,0
structural_change_delta_0.060,structural_change,40,5,inferred_failure_aware,accuracy_guard,coverage_wait,False,0.9,1.75,False,False,0.4,0.4,0.4,0.2,0.5,0.28,0.34,0.18,0.29529332518821994,0.01567584822545347,0.001709381555611622,0.6743153282348235,0.9869748372098904,True,1
structural_change_delta_0.060,structural_change,40,10,baseline,normal,coverage_wait,False,1.0,1.0,True,True,0.4,0.3,0.5,0.1,0.5,0.28,0.34,0.18,0.28403224844696534,0.013940110387091389,0.0028479010450327413,0.722221825892021,1.0756631555901686,True,0
structural_change_delta_0.060,structural_change,40,10,reference_aware,coverage_wait,coverage_wait,True,1.0,1.1,False,False,0.4,0.3,0.5,0.1,0.5,0.28,0.34,0.18,0.283885678098628,0.014032359378647304,0.0027148003151462596,0.7212637906971074,1.0579205678082317,True,0
structural_change_delta_0.060,structural_change,40,10,inferred_failure_aware,coverage_wait,coverage_wait,True,1.0,1.1,False,False,0.4,0.3,0.5,0.1,0.5,0.28,0.34,0.18,0.283885678098628,0.014032359378647304,0.0027148003151462596,0.7212637906971074,1.0579205678082317,True,0
structural_change_delta_0.060,structural_change,40,20,baseline,normal,coverage_wait,False,1.0,1.0,True,True,0.45,0.35,0.35,0.2,0.5,0.28,0.34,0.18,0.28403224844696534,0.013940110387091389,0.0028479010450327413,0.722221825892021,1.0756631555901686,True,0
structural_change_delta_0.060,structural_change,40,20,reference_aware,coverage_wait,coverage_wait,True,1.0,1.1,False,False,0.45,0.35,0.35,0.2,0.5,0.28,0.34,0.18,0.283885678098628,0.014032359378647304,0.0027148003151462596,0.7212637906971074,1.0579205678082317,True,0
structural_change_delta_0.060,structural_change,40,20,inferred_failure_aware,accuracy_guard,coverage_wait,False,0.9,1.75,False,False,0.45,0.35,0.35,0.2,0.5,0.28,0.34,0.18,0.29529332518821994,0.01567584822545347,0.001709381555611622,0.6743153282348235,0.9869748372098904,True,1
structural_change_delta_0.060,structural_change,41,5,baseline,normal,coverage_wait,False,1.0,1.0,True,True,0.4,0.2,0.4,0.2,0.5,0.28,0.34,0.18,0.32107646250382604,0.01637388669516938,0.00598688155994842,0.6915734800989844,1.0219934203349998,True,1
structural_change_delta_0.060,structural_change,41,5,reference_aware,coverage_wait,coverage_wait,True,1.0,1.1,False,False,0.4,0.2,0.4,0.2,0.5,0.28,0.34,0.18,0.3196759063713455,0.016405299272761145,0.005936003802277767,0.6910544218932017,1.0090284924588409,True,1
structural_change_delta_0.060,structural_change,41,5,inferred_failure_aware,coverage_wait,coverage_wait,True,1.0,1.1,False,False,0.4,0.2,0.4,0.2,0.5,0.28,0.34,0.18,0.3196759063713455,0.016405299272761145,0.005936003802277767,0.6910544218932017,1.0090284924588409,True,1
structural_change_delta_0.060,structural_change,41,10,baseline,normal,coverage_wait,False,1.0,1.0,True,True,0.5,0.3,0.3,0.1,0.5,0.28,0.34,0.18,0.32107646250382604,0.01637388669516938,0.00598688155994842,0.6915734800989844,1.0219934203349998,True,1
structural_change_delta_0.060,structural_change,41,10,reference_aware,coverage_wait,coverage_wait,True,1.0,1.1,False,False,0.5,0.3,0.3,0.1,0.5,0.28,0.34,0.18,0.3196759063713455,0.016405299272761145,0.005936003802277767,0.6910544218932017,1.0090284924588409,True,1
structural_change_delta_0.060,structural_change,41,10,inferred_failure_aware,accuracy_guard,coverage_wait,False,0.9,1.75,False,False,0.5,0.3,0.3,0.1,0.5,0.28,0.34,0.18,0.3141957194911041,0.017326324186975748,0.005774150907700282,0.649789794619036,0.9499337229891532,True,1
structural_change_delta_0.060,structural_change,41,20,baseline,normal,coverage_wait,False,1.0,1.0,True,True,0.55,0.2,0.3,0.05,0.5,0.28,0.34,0.18,0.32107646250382604,0.01637388669516938,0.00598688155994842,0.6915734800989844,1.0219934203349998,True,1
structural_change_delta_0.060,structural_change,41,20,reference_aware,coverage_wait,coverage_wait,True,1.0,1.1,False,False,0.55,0.2,0.3,0.05,0.5,0.28,0.34,0.18,0.3196759063713455,0.016405299272761145,0.005936003802277767,0.6910544218932017,1.0090284924588409,True,1
structural_change_delta_0.060,structural_change,41,20,inferred_failure_aware,coverage_wait,coverage_wait,True,1.0,1.1,False,False,0.55,0.2,0.3,0.05,0.5,0.28,0.34,0.18,0.3196759063713455,0.016405299272761145,0.005936003802277767,0.6910544218932017,1.0090284924588409,True,1
structural_change_delta_0.060,structural_change,42,5,baseline,normal,coverage_wait,False,1.0,1.0,True,True,0.4,0.2,0.6,0.0,0.5,0.28,0.34,0.18,0.25403721253312417,0.016971066238476763,0.010927985832996923,0.7437112131525433,1.0317640361582883,True,1
structural_change_delta_0.060,structural_change,42,5,reference_aware,coverage_wait,coverage_wait,True,1.0,1.1,False,False,0.4,0.2,0.6,0.0,0.5,0.28,0.34,0.18,0.25425207048335496,0.01707694010788223,0.010889658504594002,0.7422317722234028,1.0128646516106676,True,1
structural_change_delta_0.060,structural_change,42,5,inferred_failure_aware,coverage_wait,coverage_wait,True,1.0,1.1,False,False,0.4,0.2,0.6,0.0,0.5,0.28,0.34,0.18,0.25425207048335496,0.01707694010788223,0.010889658504594002,0.7422317722234028,1.0128646516106676,True,1
structural_change_delta_0.060,structural_change,42,10,baseline,normal,coverage_wait,False,1.0,1.0,True,True,0.6,0.2,0.4,0.0,0.5,0.28,0.34,0.18,0.25403721253312417,0.016971066238476763,0.010927985832996923,0.7437112131525433,1.0317640361582883,True,1
structural_change_delta_0.060,structural_change,42,10,reference_aware,coverage_wait,coverage_wait,True,1.0,1.1,False,False,0.6,0.2,0.4,0.0,0.5,0.28,0.34,0.18,0.25425207048335496,0.01707694010788223,0.010889658504594002,0.7422317722234028,1.0128646516106676,True,1
structural_change_delta_0.060,structural_change,42,10,inferred_failure_aware,coverage_wait,coverage_wait,True,1.0,1.1,False,False,0.6,0.2,0.4,0.0,0.5,0.28,0.34,0.18,0.25425207048335496,0.01707694010788223,0.010889658504594002,0.7422317722234028,1.0128646516106676,True,1
structural_change_delta_0.060,structural_change,42,20,baseline,normal,coverage_wait,False,1.0,1.0,True,True,0.65,0.25,0.25,0.1,0.5,0.28,0.34,0.18,0.25403721253312417,0.016971066238476763,0.010927985832996923,0.7437112131525433,1.0317640361582883,True,1
structural_change_delta_0.060,structural_change,42,20,reference_aware,coverage_wait,coverage_wait,True,1.0,1.1,False,False,0.65,0.25,0.25,0.1,0.5,0.28,0.34,0.18,0.25425207048335496,0.01707694010788223,0.010889658504594002,0.7422317722234028,1.0128646516106676,True,1
structural_change_delta_0.060,structural_change,42,20,inferred_failure_aware,accuracy_guard,coverage_wait,False,0.9,1.75,False,False,0.65,0.25,0.25,0.1,0.5,0.28,0.34,0.18,0.25853678520109913,0.018341532472941333,0.009156366551462902,0.6935218839248078,0.9250777581851524,True,2
structural_change_delta_0.060,structural_change,43,5,baseline,normal,coverage_wait,False,1.0,1.0,True,True,0.6,0.4,0.2,0.0,0.5,0.28,0.34,0.18,0.3702430093187131,0.016601173183413295,0.009737663933335305,0.6934317877838093,0.9059441489194648,True,1
structural_change_delta_0.060,structural_change,43,5,reference_aware,coverage_wait,coverage_wait,True,1.0,1.1,False,False,0.6,0.4,0.2,0.0,0.5,0.28,0.34,0.18,0.3698475579015923,0.016643402161156715,0.009609560801094985,0.6919999415781002,0.8884055049857411,True,1
structural_change_delta_0.060,structural_change,43,5,inferred_failure_aware,accuracy_guard,coverage_wait,False,0.9,1.75,False,False,0.6,0.4,0.2,0.0,0.5,0.28,0.34,0.18,0.3732207448453272,0.01754281553430865,0.008565402395840027,0.6532348996398655,0.8172291307097723,True,1
structural_change_delta_0.060,structural_change,43,10,baseline,normal,coverage_wait,False,1.0,1.0,True,True,0.5,0.5,0.3,0.3,0.5,0.28,0.34,0.18,0.3702430093187131,0.016601173183413295,0.009737663933335305,0.6934317877838093,0.9059441489194648,True,1
structural_change_delta_0.060,structural_change,43,10,reference_aware,coverage_wait,coverage_wait,True,1.0,1.1,False,False,0.5,0.5,0.3,0.3,0.5,0.28,0.34,0.18,0.3698475579015923,0.016643402161156715,0.009609560801094985,0.6919999415781002,0.8884055049857411,True,1
structural_change_delta_0.060,structural_change,43,10,inferred_failure_aware,accuracy_guard,coverage_wait,False,0.9,1.75,False,False,0.5,0.5,0.3,0.3,0.5,0.28,0.34,0.18,0.3732207448453272,0.01754281553430865,0.008565402395840027,0.6532348996398655,0.8172291307097723,True,1
structural_change_delta_0.060,structural_change,43,20,baseline,normal,coverage_wait,False,1.0,1.0,True,True,0.45,0.35,0.35,0.25,0.5,0.28,0.34,0.18,0.3702430093187131,0.016601173183413295,0.009737663933335305,0.6934317877838093,0.9059441489194648,True,1
structural_change_delta_0.060,structural_change,43,20,reference_aware,coverage_wait,coverage_wait,True,1.0,1.1,False,False,0.45,0.35,0.35,0.25,0.5,0.28,0.34,0.18,0.3698475579015923,0.016643402161156715,0.009609560801094985,0.6919999415781002,0.8884055049857411,True,1
structural_change_delta_0.060,structural_change,43,20,inferred_failure_aware,accuracy_guard,coverage_wait,False,0.9,1.75,False,False,0.45,0.35,0.35,0.25,0.5,0.28,0.34,0.18,0.3732207448453272,0.01754281553430865,0.008565402395840027,0.6532348996398655,0.8172291307097723,True,1
structural_change_delta_0.060,structural_change,44,5,baseline,normal,coverage_wait,False,1.0,1.0,True,True,0.4,0.6,0.2,0.4,0.5,0.28,0.34,0.18,0.2852355684260555,0.014952786588259905,0.004349484003162152,0.7190092229475974,1.0299713217756161,True,1
structural_change_delta_0.060,structural_change,44,5,reference_aware,coverage_wait,coverage_wait,True,1.0,1.1,False,False,0.4,0.6,0.2,0.4,0.5,0.28,0.34,0.18,0.28759633574889065,0.015028924562411014,0.0041792593866097905,0.7192749141284216,1.0140346611052375,True,1
structural_change_delta_0.060,structural_change,44,5,inferred_failure_aware,accuracy_guard,coverage_wait,False,0.9,1.75,False,False,0.4,0.6,0.2,0.4,0.5,0.28,0.34,0.18,0.3073827932860841,0.01616777207947285,0.00321104663814209,0.683974321021965,0.9434012475767946,True,1
structural_change_delta_0.060,structural_change,44,10,baseline,normal,coverage_wait,False,1.0,1.0,True,True,0.6,0.3,0.2,0.2,0.5,0.28,0.34,0.18,0.2852355684260555,0.014952786588259905,0.004349484003162152,0.7190092229475974,1.0299713217756161,True,1
structural_change_delta_0.060,structural_change,44,10,reference_aware,coverage_wait,coverage_wait,True,1.0,1.1,False,False,0.6,0.3,0.2,0.2,0.5,0.28,0.34,0.18,0.28759633574889065,0.015028924562411014,0.0041792593866097905,0.7192749141284216,1.0140346611052375,True,1
structural_change_delta_0.060,structural_change,44,10,inferred_failure_aware,accuracy_guard,coverage_wait,False,0.9,1.75,False,False,0.6,0.3,0.2,0.2,0.5,0.28,0.34,0.18,0.3073827932860841,0.01616777207947285,0.00321104663814209,0.683974321021965,0.9434012475767946,True,1
structural_change_delta_0.060,structural_change,44,20,baseline,normal,coverage_wait,False,1.0,1.0,True,True,0.45,0.3,0.4,0.25,0.5,0.28,0.34,0.18,0.2852355684260555,0.014952786588259905,0.004349484003162152,0.7190092229475974,1.0299713217756161,True,1
structural_change_delta_0.060,structural_change,44,20,reference_aware,coverage_wait,coverage_wait,True,1.0,1.1,False,False,0.45,0.3,0.4,0.25,0.5,0.28,0.34,0.18,0.28759633574889065,0.015028924562411014,0.0041792593866097905,0.7192749141284216,1.0140346611052375,True,1
structural_change_delta_0.060,structural_change,44,20,inferred_failure_aware,coverage_wait,coverage_wait,True,1.0,1.1,False,False,0.45,0.3,0.4,0.25,0.5,0.28,0.34,0.18,0.28759633574889065,0.015028924562411014,0.0041792593866097905,0.7192749141284216,1.0140346611052375,True,1
structural_change_delta_0.060,structural_change,45,5,baseline,normal,coverage_wait,False,1.0,1.0,True,True,0.6,0.2,0.4,0.0,0.5,0.28,0.34,0.18,0.2891722807145794,0.017687025922684355,0.006327305443388775,0.7248940315325192,1.1444357407174752,True,2
structural_change_delta_0.060,structural_change,45,5,reference_aware,coverage_wait,coverage_wait,True,1.0,1.1,False,False,0.6,0.2,0.4,0.0,0.5,0.28,0.34,0.18,0.2886723519461129,0.017686226229884992,0.0066302008851978345,0.7240578722025592,1.1295368091396185,True,2
structural_change_delta_0.060,structural_change,45,5,inferred_failure_aware,coverage_wait,coverage_wait,True,1.0,1.1,False,False,0.6,0.2,0.4,0.0,0.5,0.28,0.34,0.18,0.2886723519461129,0.017686226229884992,0.0066302008851978345,0.7240578722025592,1.1295368091396185,True,2
structural_change_delta_0.060,structural_change,45,10,baseline,normal,coverage_wait,False,1.0,1.0,True,True,0.6,0.3,0.4,0.0,0.5,0.28,0.34,0.18,0.2891722807145794,0.017687025922684355,0.006327305443388775,0.7248940315325192,1.1444357407174752,True,2
structural_change_delta_0.060,structural_change,45,10,reference_aware,coverage_wait,coverage_wait,True,1.0,1.1,False,False,0.6,0.3,0.4,0.0,0.5,0.28,0.34,0.18,0.2886723519461129,0.017686226229884992,0.0066302008851978345,0.7240578722025592,1.1295368091396185,True,2
structural_change_delta_0.060,structural_change,45,10,inferred_failure_aware,coverage_wait,coverage_wait,True,1.0,1.1,False,False,0.6,0.3,0.4,0.0,0.5,0.28,0.34,0.18,0.2886723519461129,0.017686226229884992,0.0066302008851978345,0.7240578722025592,1.1295368091396185,True,2
structural_change_delta_0.060,structural_change,45,20,baseline,normal,coverage_wait,False,1.0,1.0,True,True,0.5,0.3,0.45,0.0,0.5,0.28,0.34,0.18,0.2891722807145794,0.017687025922684355,0.006327305443388775,0.7248940315325192,1.1444357407174752,True,2
structural_change_delta_0.060,structural_change,45,20,reference_aware,coverage_wait,coverage_wait,True,1.0,1.1,False,False,0.5,0.3,0.45,0.0,0.5,0.28,0.34,0.18,0.2886723519461129,0.017686226229884992,0.0066302008851978345,0.7240578722025592,1.1295368091396185,True,2
structural_change_delta_0.060,structural_change,45,20,inferred_failure_aware,coverage_wait,coverage_wait,True,1.0,1.1,False,False,0.5,0.3,0.45,0.0,0.5,0.28,0.34,0.18,0.2886723519461129,0.017686226229884992,0.0066302008851978345,0.7240578722025592,1.1295368091396185,True,2
structural_change_delta_0.060,structural_change,46,5,baseline,normal,coverage_wait,False,1.0,1.0,True,True,1.0,0.0,0.0,0.0,0.5,0.28,0.34,0.18,0.2946687584397141,0.016812487771690948,0.001500536976326683,0.8000976620513933,1.1473792925354211,True,1
structural_change_delta_0.060,structural_change,46,5,reference_aware,coverage_wait,coverage_wait,True,1.0,1.1,False,False,1.0,0.0,0.0,0.0,0.5,0.28,0.34,0.18,0.2950814913740048,0.01685027164067316,0.0015557848518864548,0.7995144974747769,1.1285688507020293,True,1
structural_change_delta_0.060,structural_change,46,5,inferred_failure_aware,accuracy_guard,coverage_wait,False,0.9,1.75,False,False,1.0,0.0,0.0,0.0,0.5,0.28,0.34,0.18,0.29846557155836084,0.01741337513004422,0.0019680923420100083,0.7437926031685176,1.0393980385464532,True,1
structural_change_delta_0.060,structural_change,46,10,baseline,normal,coverage_wait,False,1.0,1.0,True,True,0.9,0.0,0.0,0.1,0.5,0.28,0.34,0.18,0.2946687584397141,0.016812487771690948,0.001500536976326683,0.8000976620513933,1.1473792925354211,True,1
structural_change_delta_0.060,structural_change,46,10,reference_aware,coverage_wait,coverage_wait,True,1.0,1.1,False,False,0.9,0.0,0.0,0.1,0.5,0.28,0.34,0.18,0.2950814913740048,0.01685027164067316,0.0015557848518864548,0.7995144974747769,1.1285688507020293,True,1
structural_change_delta_0.060,structural_change,46,10,inferred_failure_aware,selective_guard,coverage_wait,False,1.0,1.25,False,False,0.9,0.0,0.0,0.1,0.5,0.28,0.34,0.18,0.29595292866232437,0.016903245841476146,0.0016358507919173038,0.7992557225118304,1.1037756599669333,True,1
structural_change_delta_0.060,structural_change,46,20,baseline,normal,coverage_wait,False,1.0,1.0,True,True,0.6,0.15,0.3,0.15,0.5,0.28,0.34,0.18,0.2946687584397141,0.016812487771690948,0.001500536976326683,0.8000976620513933,1.1473792925354211,True,1
structural_change_delta_0.060,structural_change,46,20,reference_aware,coverage_wait,coverage_wait,True,1.0,1.1,False,False,0.6,0.15,0.3,0.15,0.5,0.28,0.34,0.18,0.2950814913740048,0.01685027164067316,0.0015557848518864548,0.7995144974747769,1.1285688507020293,True,1
structural_change_delta_0.060,structural_change,46,20,inferred_failure_aware,coverage_wait,coverage_wait,True,1.0,1.1,False,False,0.6,0.15,0.3,0.15,0.5,0.28,0.34,0.18,0.2950814913740048,0.01685027164067316,0.0015557848518864548,0.7995144974747769,1.1285688507020293,True,1
structural_change_delta_0.060,structural_change,47,5,baseline,normal,coverage_wait,False,1.0,1.0,True,True,0.6,0.4,0.4,0.2,0.5,0.28,0.34,0.18,0.2802318386700246,0.014338366596619499,0.013559166169406445,0.7133268609574742,0.8763331944812467,True,0
structural_change_delta_0.060,structural_change,47,5,reference_aware,coverage_wait,coverage_wait,True,1.0,1.1,False,False,0.6,0.4,0.4,0.2,0.5,0.28,0.34,0.18,0.27791489063343633,0.014373813382834312,0.013327929318793896,0.7119401606622793,0.8668086307905483,True,0
structural_change_delta_0.060,structural_change,47,5,inferred_failure_aware,accuracy_guard,coverage_wait,False,0.9,1.75,False,False,0.6,0.4,0.4,0.2,0.5,0.28,0.34,0.18,0.26828205950643563,0.014934385353612089,0.011387943916953525,0.6652518129741253,0.8234309952835316,True,0
structural_change_delta_0.060,structural_change,47,10,baseline,normal,coverage_wait,False,1.0,1.0,True,True,0.8,0.2,0.2,0.1,0.5,0.28,0.34,0.18,0.2802318386700246,0.014338366596619499,0.013559166169406445,0.7133268609574742,0.8763331944812467,True,0
structural_change_delta_0.060,structural_change,47,10,reference_aware,coverage_wait,coverage_wait,True,1.0,1.1,False,False,0.8,0.2,0.2,0.1,0.5,0.28,0.34,0.18,0.27791489063343633,0.014373813382834312,0.013327929318793896,0.7119401606622793,0.8668086307905483,True,0
structural_change_delta_0.060,structural_change,47,10,inferred_failure_aware,accuracy_guard,coverage_wait,False,0.9,1.75,False,False,0.8,0.2,0.2,0.1,0.5,0.28,0.34,0.18,0.26828205950643563,0.014934385353612089,0.011387943916953525,0.6652518129741253,0.8234309952835316,True,0
structural_change_delta_0.060,structural_change,47,20,baseline,normal,coverage_wait,False,1.0,1.0,True,True,0.65,0.25,0.25,0.15,0.5,0.28,0.34,0.18,0.2802318386700246,0.014338366596619499,0.013559166169406445,0.7133268609574742,0.8763331944812467,True,0
structural_change_delta_0.060,structural_change,47,20,reference_aware,coverage_wait,coverage_wait,True,1.0,1.1,False,False,0.65,0.25,0.25,0.15,0.5,0.28,0.34,0.18,0.27791489063343633,0.014373813382834312,0.013327929318793896,0.7119401606622793,0.8668086307905483,True,0
structural_change_delta_0.060,structural_change,47,20,inferred_failure_aware,accuracy_guard,coverage_wait,False,0.9,1.75,False,False,0.65,0.25,0.25,0.15,0.5,0.28,0.34,0.18,0.26828205950643563,0.014934385353612089,0.011387943916953525,0.6652518129741253,0.8234309952835316,True,0
structural_change_delta_0.060,structural_change,48,5,baseline,normal,coverage_wait,False,1.0,1.0,True,True,0.6,0.0,0.4,0.0,0.5,0.28,0.34,0.18,0.32094030715812477,0.016434440258264182,0.0012439082694024606,0.7258086290791986,1.1505673480404368,True,1
structural_change_delta_0.060,structural_change,48,5,reference_aware,coverage_wait,coverage_wait,True,1.0,1.1,False,False,0.6,0.0,0.4,0.0,0.5,0.28,0.34,0.18,0.32022282572561983,0.01649767433718831,0.0010612165250815098,0.7246385235821866,1.1354870135871376,True,1
structural_change_delta_0.060,structural_change,48,5,inferred_failure_aware,coverage_wait,coverage_wait,True,1.0,1.1,False,False,0.6,0.0,0.4,0.0,0.5,0.28,0.34,0.18,0.32022282572561983,0.01649767433718831,0.0010612165250815098,0.7246385235821866,1.1354870135871376,True,1
structural_change_delta_0.060,structural_change,48,10,baseline,normal,coverage_wait,False,1.0,1.0,True,True,0.6,0.2,0.4,0.1,0.5,0.28,0.34,0.18,0.32094030715812477,0.016434440258264182,0.0012439082694024606,0.7258086290791986,1.1505673480404368,True,1
structural_change_delta_0.060,structural_change,48,10,reference_aware,coverage_wait,coverage_wait,True,1.0,1.1,False,False,0.6,0.2,0.4,0.1,0.5,0.28,0.34,0.18,0.32022282572561983,0.01649767433718831,0.0010612165250815098,0.7246385235821866,1.1354870135871376,True,1
structural_change_delta_0.060,structural_change,48,10,inferred_failure_aware,coverage_wait,coverage_wait,True,1.0,1.1,False,False,0.6,0.2,0.4,0.1,0.5,0.28,0.34,0.18,0.32022282572561983,0.01649767433718831,0.0010612165250815098,0.7246385235821866,1.1354870135871376,True,1
structural_change_delta_0.060,structural_change,48,20,baseline,normal,coverage_wait,False,1.0,1.0,True,True,0.45,0.35,0.3,0.2,0.5,0.28,0.34,0.18,0.32094030715812477,0.016434440258264182,0.0012439082694024606,0.7258086290791986,1.1505673480404368,True,1
structural_change_delta_0.060,structural_change,48,20,reference_aware,coverage_wait,coverage_wait,True,1.0,1.1,False,False,0.45,0.35,0.3,0.2,0.5,0.28,0.34,0.18,0.32022282572561983,0.01649767433718831,0.0010612165250815098,0.7246385235821866,1.1354870135871376,True,1
structural_change_delta_0.060,structural_change,48,20,inferred_failure_aware,accuracy_guard,coverage_wait,False,0.9,1.75,False,False,0.45,0.35,0.3,0.2,0.5,0.28,0.34,0.18,0.3220792109880389,0.0175181383283613,0.00025339538645652304,0.6838797999193873,1.0807415681429722,True,1
structural_change_delta_0.060,structural_change,49,5,baseline,normal,coverage_wait,False,1.0,1.0,True,True,0.4,0.2,0.4,0.2,0.5,0.28,0.34,0.18,0.3567917733861001,0.018329339940192858,0.00709806368989252,0.7407687190305011,0.9848206071801683,True,2
structural_change_delta_0.060,structural_change,49,5,reference_aware,coverage_wait,coverage_wait,True,1.0,1.1,False,False,0.4,0.2,0.4,0.2,0.5,0.28,0.34,0.18,0.35505579922525604,0.018310335841022728,0.007124655787837386,0.7386163229826479,0.967921595586479,True,2
structural_change_delta_0.060,structural_change,49,5,inferred_failure_aware,coverage_wait,coverage_wait,True,1.0,1.1,False,False,0.4,0.2,0.4,0.2,0.5,0.28,0.34,0.18,0.35505579922525604,0.018310335841022728,0.007124655787837386,0.7386163229826479,0.967921595586479,True,2
structural_change_delta_0.060,structural_change,49,10,baseline,normal,coverage_wait,False,1.0,1.0,True,True,0.4,0.4,0.3,0.4,0.5,0.28,0.34,0.18,0.3567917733861001,0.018329339940192858,0.00709806368989252,0.7407687190305011,0.9848206071801683,True,2
structural_change_delta_0.060,structural_change,49,10,reference_aware,coverage_wait,coverage_wait,True,1.0,1.1,False,False,0.4,0.4,0.3,0.4,0.5,0.28,0.34,0.18,0.35505579922525604,0.018310335841022728,0.007124655787837386,0.7386163229826479,0.967921595586479,True,2
structural_change_delta_0.060,structural_change,49,10,inferred_failure_aware,accuracy_guard,coverage_wait,False,0.9,1.75,False,False,0.4,0.4,0.3,0.4,0.5,0.28,0.34,0.18,0.34794978927926273,0.018791837184826278,0.006864692124777139,0.686458286886718,0.8990832809725998,True,2
structural_change_delta_0.060,structural_change,49,20,baseline,normal,coverage_wait,False,1.0,1.0,True,True,0.3,0.4,0.45,0.3,0.5,0.28,0.34,0.18,0.3567917733861001,0.018329339940192858,0.00709806368989252,0.7407687190305011,0.9848206071801683,True,2
structural_change_delta_0.060,structural_change,49,20,reference_aware,coverage_wait,coverage_wait,True,1.0,1.1,False,False,0.3,0.4,0.45,0.3,0.5,0.28,0.34,0.18,0.35505579922525604,0.018310335841022728,0.007124655787837386,0.7386163229826479,0.967921595586479,True,2
structural_change_delta_0.060,structural_change,49,20,inferred_failure_aware,coverage_wait,coverage_wait,True,1.0,1.1,False,False,0.3,0.4,0.45,0.3,0.5,0.28,0.34,0.18,0.35505579922525604,0.018310335841022728,0.007124655787837386,0.7386163229826479,0.967921595586479,True,2
structural_change_delta_0.060,structural_change,50,5,baseline,normal,coverage_wait,False,1.0,1.0,True,True,0.8,0.2,0.2,0.0,0.5,0.28,0.34,0.18,0.29188043178244943,0.016779931608463947,0.005356406398112412,0.7047698730702417,0.9103599648129294,True,1
structural_change_delta_0.060,structural_change,50,5,reference_aware,coverage_wait,coverage_wait,True,1.0,1.1,False,False,0.8,0.2,0.2,0.0,0.5,0.28,0.34,0.18,0.2909294786679025,0.016776775036034607,0.0053688552892647845,0.7037848841420061,0.8986965523283803,True,1
structural_change_delta_0.060,structural_change,50,5,inferred_failure_aware,accuracy_guard,coverage_wait,False,0.9,1.75,False,False,0.8,0.2,0.2,0.0,0.5,0.28,0.34,0.18,0.28671371857431394,0.017125882547636778,0.005844906681821138,0.6638891531797523,0.8498448377784575,True,1
structural_change_delta_0.060,structural_change,50,10,baseline,normal,coverage_wait,False,1.0,1.0,True,True,0.4,0.4,0.4,0.2,0.5,0.28,0.34,0.18,0.29188043178244943,0.016779931608463947,0.005356406398112412,0.7047698730702417,0.9103599648129294,True,1
structural_change_delta_0.060,structural_change,50,10,reference_aware,coverage_wait,coverage_wait,True,1.0,1.1,False,False,0.4,0.4,0.4,0.2,0.5,0.28,0.34,0.18,0.2909294786679025,0.016776775036034607,0.0053688552892647845,0.7037848841420061,0.8986965523283803,True,1
structural_change_delta_0.060,structural_change,50,10,inferred_failure_aware,accuracy_guard,coverage_wait,False,0.9,1.75,False,False,0.4,0.4,0.4,0.2,0.5,0.28,0.34,0.18,0.28671371857431394,0.017125882547636778,0.005844906681821138,0.6638891531797523,0.8498448377784575,True,1
structural_change_delta_0.060,structural_change,50,20,baseline,normal,coverage_wait,False,1.0,1.0,True,True,0.45,0.35,0.35,0.25,0.5,0.28,0.34,0.18,0.29188043178244943,0.016779931608463947,0.005356406398112412,0.7047698730702417,0.9103599648129294,True,1
structural_change_delta_0.060,structural_change,50,20,reference_aware,coverage_wait,coverage_wait,True,1.0,1.1,False,False,0.45,0.35,0.35,0.25,0.5,0.28,0.34,0.18,0.2909294786679025,0.016776775036034607,0.0053688552892647845,0.7037848841420061,0.8986965523283803,True,1
structural_change_delta_0.060,structural_change,50,20,inferred_failure_aware,accuracy_guard,coverage_wait,False,0.9,1.75,False,False,0.45,0.35,0.35,0.25,0.5,0.28,0.34,0.18,0.28671371857431394,0.017125882547636778,0.005844906681821138,0.6638891531797523,0.8498448377784575,True,1
structural_change_delta_0.060,structural_change,51,5,baseline,normal,coverage_wait,False,1.0,1.0,True,True,0.8,0.2,0.2,0.2,0.5,0.28,0.34,0.18,0.2774400308526257,0.014568385884353177,0.02033049783423535,0.7489974393830886,1.1223241956990584,True,1
structural_change_delta_0.060,structural_change,51,5,reference_aware,coverage_wait,coverage_wait,True,1.0,1.1,False,False,0.8,0.2,0.2,0.2,0.5,0.28,0.34,0.18,0.2796148959431723,0.014653617047663192,0.02034514672470089,0.7481377031507496,1.1054760426769255,True,1
structural_change_delta_0.060,structural_change,51,5,inferred_failure_aware,accuracy_guard,coverage_wait,False,0.9,1.75,False,False,0.8,0.2,0.2,0.2,0.5,0.28,0.34,0.18,0.2891460250410781,0.015684550637317794,0.01877942810561639,0.6999945949714941,1.0393550259669342,True,1
structural_change_delta_0.060,structural_change,51,10,baseline,normal,coverage_wait,False,1.0,1.0,True,True,0.8,0.2,0.1,0.2,0.5,0.28,0.34,0.18,0.2774400308526257,0.014568385884353177,0.02033049783423535,0.7489974393830886,1.1223241956990584,True,1
structural_change_delta_0.060,structural_change,51,10,reference_aware,coverage_wait,coverage_wait,True,1.0,1.1,False,False,0.8,0.2,0.1,0.2,0.5,0.28,0.34,0.18,0.2796148959431723,0.014653617047663192,0.02034514672470089,0.7481377031507496,1.1054760426769255,True,1
structural_change_delta_0.060,structural_change,51,10,inferred_failure_aware,accuracy_guard,coverage_wait,False,0.9,1.75,False,False,0.8,0.2,0.1,0.2,0.5,0.28,0.34,0.18,0.2891460250410781,0.015684550637317794,0.01877942810561639,0.6999945949714941,1.0393550259669342,True,1
structural_change_delta_0.060,structural_change,51,20,baseline,normal,coverage_wait,False,1.0,1.0,True,True,0.6,0.3,0.35,0.2,0.5,0.28,0.34,0.18,0.2774400308526257,0.014568385884353177,0.02033049783423535,0.7489974393830886,1.1223241956990584,True,1
structural_change_delta_0.060,structural_change,51,20,reference_aware,coverage_wait,coverage_wait,True,1.0,1.1,False,False,0.6,0.3,0.35,0.2,0.5,0.28,0.34,0.18,0.2796148959431723,0.014653617047663192,0.02034514672470089,0.7481377031507496,1.1054760426769255,True,1
structural_change_delta_0.060,structural_change,51,20,inferred_failure_aware,coverage_wait,coverage_wait,True,1.0,1.1,False,False,0.6,0.3,0.35,0.2,0.5,0.28,0.34,0.18,0.2796148959431723,0.014653617047663192,0.02034514672470089,0.7481377031507496,1.1054760426769255,True,1
structural_change_delta_0.060,structural_change,52,5,baseline,normal,coverage_wait,False,1.0,1.0,True,True,0.4,0.2,0.6,0.0,0.5,0.28,0.34,0.18,0.254280021330432,0.016488158571872014,0.004143690101376274,0.7775565886126677,1.1658061581896615,True,1
structural_change_delta_0.060,structural_change,52,5,reference_aware,coverage_wait,coverage_wait,True,1.0,1.1,False,False,0.4,0.2,0.6,0.0,0.5,0.28,0.34,0.18,0.2539878372602574,0.016583934892260916,0.004034764821733594,0.7773725743018144,1.150205699994871,True,1
structural_change_delta_0.060,structural_change,52,5,inferred_failure_aware,coverage_wait,coverage_wait,True,1.0,1.1,False,False,0.4,0.2,0.6,0.0,0.5,0.28,0.34,0.18,0.2539878372602574,0.016583934892260916,0.004034764821733594,0.7773725743018144,1.150205699994871,True,1
structural_change_delta_0.060,structural_change,52,10,baseline,normal,coverage_wait,False,1.0,1.0,True,True,0.4,0.2,0.4,0.2,0.5,0.28,0.34,0.18,0.254280021330432,0.016488158571872014,0.004143690101376274,0.7775565886126677,1.1658061581896615,True,1
structural_change_delta_0.060,structural_change,52,10,reference_aware,coverage_wait,coverage_wait,True,1.0,1.1,False,False,0.4,0.2,0.4,0.2,0.5,0.28,0.34,0.18,0.2539878372602574,0.016583934892260916,0.004034764821733594,0.7773725743018144,1.150205699994871,True,1
structural_change_delta_0.060,structural_change,52,10,inferred_failure_aware,coverage_wait,coverage_wait,True,1.0,1.1,False,False,0.4,0.2,0.4,0.2,0.5,0.28,0.34,0.18,0.2539878372602574,0.016583934892260916,0.004034764821733594,0.7773725743018144,1.150205699994871,True,1
structural_change_delta_0.060,structural_change,52,20,baseline,normal,coverage_wait,False,1.0,1.0,True,True,0.5,0.2,0.35,0.2,0.5,0.28,0.34,0.18,0.254280021330432,0.016488158571872014,0.004143690101376274,0.7775565886126677,1.1658061581896615,True,1
structural_change_delta_0.060,structural_change,52,20,reference_aware,coverage_wait,coverage_wait,True,1.0,1.1,False,False,0.5,0.2,0.35,0.2,0.5,0.28,0.34,0.18,0.2539878372602574,0.016583934892260916,0.004034764821733594,0.7773725743018144,1.150205699994871,True,1
structural_change_delta_0.060,structural_change,52,20,inferred_failure_aware,coverage_wait,coverage_wait,True,1.0,1.1,False,False,0.5,0.2,0.35,0.2,0.5,0.28,0.34,0.18,0.2539878372602574,0.016583934892260916,0.004034764821733594,0.7773725743018144,1.150205699994871,True,1
structural_change_delta_0.060,structural_change,53,5,baseline,normal,coverage_wait,False,1.0,1.0,True,True,0.0,0.4,0.8,0.2,0.5,0.28,0.34,0.18,0.27784558069681503,0.014266396946251661,0.008463572519220697,0.7142487214997855,1.0259620263479696,True,1
structural_change_delta_0.060,structural_change,53,5,reference_aware,coverage_wait,coverage_wait,True,1.0,1.1,False,False,0.0,0.4,0.8,0.2,0.5,0.28,0.34,0.18,0.27681075063068955,0.014339658527468314,0.008353271841108123,0.7141611488345869,1.0155798428550056,True,1
structural_change_delta_0.060,structural_change,53,5,inferred_failure_aware,coverage_wait,coverage_wait,True,1.0,1.1,False,False,0.0,0.4,0.8,0.2,0.5,0.28,0.34,0.18,0.27681075063068955,0.014339658527468314,0.008353271841108123,0.7141611488345869,1.0155798428550056,True,1
structural_change_delta_0.060,structural_change,53,10,baseline,normal,coverage_wait,False,1.0,1.0,True,True,0.3,0.3,0.5,0.2,0.5,0.28,0.34,0.18,0.27784558069681503,0.014266396946251661,0.008463572519220697,0.7142487214997855,1.0259620263479696,True,1
structural_change_delta_0.060,structural_change,53,10,reference_aware,coverage_wait,coverage_wait,True,1.0,1.1,False,False,0.3,0.3,0.5,0.2,0.5,0.28,0.34,0.18,0.27681075063068955,0.014339658527468314,0.008353271841108123,0.7141611488345869,1.0155798428550056,True,1
structural_change_delta_0.060,structural_change,53,10,inferred_failure_aware,coverage_wait,coverage_wait,True,1.0,1.1,False,False,0.3,0.3,0.5,0.2,0.5,0.28,0.34,0.18,0.27681075063068955,0.014339658527468314,0.008353271841108123,0.7141611488345869,1.0155798428550056,True,1
structural_change_delta_0.060,structural_change,53,20,baseline,normal,coverage_wait,False,1.0,1.0,True,True,0.45,0.35,0.3,0.2,0.5,0.28,0.34,0.18,0.27784558069681503,0.014266396946251661,0.008463572519220697,0.7142487214997855,1.0259620263479696,True,1
structural_change_delta_0.060,structural_change,53,20,reference_aware,coverage_wait,coverage_wait,True,1.0,1.1,False,False,0.45,0.35,0.3,0.2,0.5,0.28,0.34,0.18,0.27681075063068955,0.014339658527468314,0.008353271841108123,0.7141611488345869,1.0155798428550056,True,1
structural_change_delta_0.060,structural_change,53,20,inferred_failure_aware,accuracy_guard,coverage_wait,False,0.9,1.75,False,False,0.45,0.35,0.3,0.2,0.5,0.28,0.34,0.18,0.27958963696143285,0.015396789752366144,0.0074185460720156415,0.6783888229803463,0.9677720207358276,True,1
structural_change_delta_0.060,structural_change,54,5,baseline,normal,coverage_wait,False,1.0,1.0,True,True,0.6,0.4,0.4,0.2,0.5,0.28,0.34,0.18,0.28129856882600385,0.013880112025948915,0.019807308253487865,0.7578603082331072,0.8676384224775542,True,0
structural_change_delta_0.060,structural_change,54,5,reference_aware,coverage_wait,coverage_wait,True,1.0,1.1,False,False,0.6,0.4,0.4,0.2,0.5,0.28,0.34,0.18,0.2836114509672672,0.013983226531133845,0.01979603799777163,0.7575022145025861,0.8570361966959295,True,0
structural_change_delta_0.060,structural_change,54,5,inferred_failure_aware,accuracy_guard,coverage_wait,False,0.9,1.75,False,False,0.6,0.4,0.4,0.2,0.5,0.28,0.34,0.18,0.3038160384493869,0.015449197148803058,0.017832696908487544,0.7075249910978003,0.8136290546443274,True,0
structural_change_delta_0.060,structural_change,54,10,baseline,normal,coverage_wait,False,1.0,1.0,True,True,0.6,0.3,0.3,0.2,0.5,0.28,0.34,0.18,0.28129856882600385,0.013880112025948915,0.019807308253487865,0.7578603082331072,0.8676384224775542,True,0
structural_change_delta_0.060,structural_change,54,10,reference_aware,coverage_wait,coverage_wait,True,1.0,1.1,False,False,0.6,0.3,0.3,0.2,0.5,0.28,0.34,0.18,0.2836114509672672,0.013983226531133845,0.01979603799777163,0.7575022145025861,0.8570361966959295,True,0
structural_change_delta_0.060,structural_change,54,10,inferred_failure_aware,accuracy_guard,coverage_wait,False,0.9,1.75,False,False,0.6,0.3,0.3,0.2,0.5,0.28,0.34,0.18,0.3038160384493869,0.015449197148803058,0.017832696908487544,0.7075249910978003,0.8136290546443274,True,0
structural_change_delta_0.060,structural_change,54,20,baseline,normal,coverage_wait,False,1.0,1.0,True,True,0.65,0.25,0.25,0.15,0.5,0.28,0.34,0.18,0.28129856882600385,0.013880112025948915,0.019807308253487865,0.7578603082331072,0.8676384224775542,True,0
structural_change_delta_0.060,structural_change,54,20,reference_aware,coverage_wait,coverage_wait,True,1.0,1.1,False,False,0.65,0.25,0.25,0.15,0.5,0.28,0.34,0.18,0.2836114509672672,0.013983226531133845,0.01979603799777163,0.7575022145025861,0.8570361966959295,True,0
structural_change_delta_0.060,structural_change,54,20,inferred_failure_aware,accuracy_guard,coverage_wait,False,0.9,1.75,False,False,0.65,0.25,0.25,0.15,0.5,0.28,0.34,0.18,0.3038160384493869,0.015449197148803058,0.017832696908487544,0.7075249910978003,0.8136290546443274,True,0
structural_change_delta_0.060,structural_change,55,5,baseline,normal,coverage_wait,False,1.0,1.0,True,True,0.2,0.4,0.8,0.2,0.5,0.28,0.34,0.18,0.23942913436682056,0.014981574481446037,0.012366413575186752,0.7805059261570904,1.0944622617447122,True,1
structural_change_delta_0.060,structural_change,55,5,reference_aware,coverage_wait,coverage_wait,True,1.0,1.1,False,False,0.2,0.4,0.8,0.2,0.5,0.28,0.34,0.18,0.24010831883695327,0.01505644642593693,0.012182279280118169,0.7799727696475307,1.078299757605991,True,1
structural_change_delta_0.060,structural_change,55,5,inferred_failure_aware,coverage_wait,coverage_wait,True,1.0,1.1,False,False,0.2,0.4,0.8,0.2,0.5,0.28,0.34,0.18,0.24010831883695327,0.01505644642593693,0.012182279280118169,0.7799727696475307,1.078299757605991,True,1
structural_change_delta_0.060,structural_change,55,10,baseline,normal,coverage_wait,False,1.0,1.0,True,True,0.6,0.2,0.4,0.1,0.5,0.28,0.34,0.18,0.23942913436682056,0.014981574481446037,0.012366413575186752,0.7805059261570904,1.0944622617447122,True,1
structural_change_delta_0.060,structural_change,55,10,reference_aware,coverage_wait,coverage_wait,True,1.0,1.1,False,False,0.6,0.2,0.4,0.1,0.5,0.28,0.34,0.18,0.24010831883695327,0.01505644642593693,0.012182279280118169,0.7799727696475307,1.078299757605991,True,1
structural_change_delta_0.060,structural_change,55,10,inferred_failure_aware,coverage_wait,coverage_wait,True,1.0,1.1,False,False,0.6,0.2,0.4,0.1,0.5,0.28,0.34,0.18,0.24010831883695327,0.01505644642593693,0.012182279280118169,0.7799727696475307,1.078299757605991,True,1
structural_change_delta_0.060,structural_change,55,20,baseline,normal,coverage_wait,False,1.0,1.0,True,True,0.65,0.2,0.25,0.15,0.5,0.28,0.34,0.18,0.23942913436682056,0.014981574481446037,0.012366413575186752,0.7805059261570904,1.0944622617447122,True,1
structural_change_delta_0.060,structural_change,55,20,reference_aware,coverage_wait,coverage_wait,True,1.0,1.1,False,False,0.65,0.2,0.25,0.15,0.5,0.28,0.34,0.18,0.24010831883695327,0.01505644642593693,0.012182279280118169,0.7799727696475307,1.078299757605991,True,1
structural_change_delta_0.060,structural_change,55,20,inferred_failure_aware,coverage_wait,coverage_wait,True,1.0,1.1,False,False,0.65,0.2,0.25,0.15,0.5,0.28,0.34,0.18,0.24010831883695327,0.01505644642593693,0.012182279280118169,0.7799727696475307,1.078299757605991,True,1
structural_change_delta_0.060,structural_change,56,5,baseline,normal,coverage_wait,False,1.0,1.0,True,True,0.8,0.2,0.2,0.0,0.5,0.28,0.34,0.18,0.2309997486764943,0.014048612381587096,0.0052714201453081255,0.7106063753032378,0.985719615744275,True,0
structural_change_delta_0.060,structural_change,56,5,reference_aware,coverage_wait,coverage_wait,True,1.0,1.1,False,False,0.8,0.2,0.2,0.0,0.5,0.28,0.34,0.18,0.2318902164643474,0.014082127114250801,0.005165682504298497,0.7099315115971785,0.9753793791828683,True,0
structural_change_delta_0.060,structural_change,56,5,inferred_failure_aware,accuracy_guard,coverage_wait,False,0.9,1.75,False,False,0.8,0.2,0.2,0.0,0.5,0.28,0.34,0.18,0.2315393109210397,0.014790833050051584,0.004244847651401096,0.6663641273950314,0.9308544352792668,True,0
structural_change_delta_0.060,structural_change,56,10,baseline,normal,coverage_wait,False,1.0,1.0,True,True,0.7,0.3,0.3,0.1,0.5,0.28,0.34,0.18,0.2309997486764943,0.014048612381587096,0.0052714201453081255,0.7106063753032378,0.985719615744275,True,0
structural_change_delta_0.060,structural_change,56,10,reference_aware,coverage_wait,coverage_wait,True,1.0,1.1,False,False,0.7,0.3,0.3,0.1,0.5,0.28,0.34,0.18,0.2318902164643474,0.014082127114250801,0.005165682504298497,0.7099315115971785,0.9753793791828683,True,0
structural_change_delta_0.060,structural_change,56,10,inferred_failure_aware,accuracy_guard,coverage_wait,False,0.9,1.75,False,False,0.7,0.3,0.3,0.1,0.5,0.28,0.34,0.18,0.2315393109210397,0.014790833050051584,0.004244847651401096,0.6663641273950314,0.9308544352792668,True,0
structural_change_delta_0.060,structural_change,56,20,baseline,normal,coverage_wait,False,1.0,1.0,True,True,0.65,0.3,0.3,0.15,0.5,0.28,0.34,0.18,0.2309997486764943,0.014048612381587096,0.0052714201453081255,0.7106063753032378,0.985719615744275,True,0
structural_change_delta_0.060,structural_change,56,20,reference_aware,coverage_wait,coverage_wait,True,1.0,1.1,False,False,0.65,0.3,0.3,0.15,0.5,0.28,0.34,0.18,0.2318902164643474,0.014082127114250801,0.005165682504298497,0.7099315115971785,0.9753793791828683,True,0
structural_change_delta_0.060,structural_change,56,20,inferred_failure_aware,accuracy_guard,coverage_wait,False,0.9,1.75,False,False,0.65,0.3,0.3,0.15,0.5,0.28,0.34,0.18,0.2315393109210397,0.014790833050051584,0.004244847651401096,0.6663641273950314,0.9308544352792668,True,0
structural_change_delta_0.060,structural_change,57,5,baseline,normal,coverage_wait,False,1.0,1.0,True,True,0.2,0.6,0.6,0.4,0.5,0.28,0.34,0.18,0.31434886431979125,0.016259348063714464,0.010355768405445387,0.8161339046666533,1.3155847457210939,True,1
structural_change_delta_0.060,structural_change,57,5,reference_aware,coverage_wait,coverage_wait,True,1.0,1.1,False,False,0.2,0.6,0.6,0.4,0.5,0.28,0.34,0.18,0.31696067270374273,0.016364092022962847,0.010404228972796914,0.8159716973002238,1.2968878192969968,True,1
structural_change_delta_0.060,structural_change,57,5,inferred_failure_aware,accuracy_guard,coverage_wait,False,0.9,1.75,False,False,0.2,0.6,0.6,0.4,0.5,0.28,0.34,0.18,0.3316234348528489,0.017438377898311947,0.009412928098880835,0.7665182266479698,1.2118838722379452,True,1
structural_change_delta_0.060,structural_change,57,10,baseline,normal,coverage_wait,False,1.0,1.0,True,True,0.6,0.3,0.3,0.2,0.5,0.28,0.34,0.18,0.31434886431979125,0.016259348063714464,0.010355768405445387,0.8161339046666533,1.3155847457210939,True,1
structural_change_delta_0.060,structural_change,57,10,reference_aware,coverage_wait,coverage_wait,True,1.0,1.1,False,False,0.6,0.3,0.3,0.2,0.5,0.28,0.34,0.18,0.31696067270374273,0.016364092022962847,0.010404228972796914,0.8159716973002238,1.2968878192969968,True,1
structural_change_delta_0.060,structural_change,57,10,inferred_failure_aware,accuracy_guard,coverage_wait,False,0.9,1.75,False,False,0.6,0.3,0.3,0.2,0.5,0.28,0.34,0.18,0.3316234348528489,0.017438377898311947,0.009412928098880835,0.7665182266479698,1.2118838722379452,True,1
structural_change_delta_0.060,structural_change,57,20,baseline,normal,coverage_wait,False,1.0,1.0,True,True,0.65,0.2,0.3,0.1,0.5,0.28,0.34,0.18,0.31434886431979125,0.016259348063714464,0.010355768405445387,0.8161339046666533,1.3155847457210939,True,1
structural_change_delta_0.060,structural_change,57,20,reference_aware,coverage_wait,coverage_wait,True,1.0,1.1,False,False,0.65,0.2,0.3,0.1,0.5,0.28,0.34,0.18,0.31696067270374273,0.016364092022962847,0.010404228972796914,0.8159716973002238,1.2968878192969968,True,1
structural_change_delta_0.060,structural_change,57,20,inferred_failure_aware,coverage_wait,coverage_wait,True,1.0,1.1,False,False,0.65,0.2,0.3,0.1,0.5,0.28,0.34,0.18,0.31696067270374273,0.016364092022962847,0.010404228972796914,0.8159716973002238,1.2968878192969968,True,1
structural_change_delta_0.060,structural_change,58,5,baseline,normal,coverage_wait,False,1.0,1.0,True,True,0.4,0.2,0.4,0.2,0.5,0.28,0.34,0.18,0.2972372761597473,0.01633123848082619,0.004916758531281928,0.7160747415723202,1.1778998247325454,True,1
structural_change_delta_0.060,structural_change,58,5,reference_aware,coverage_wait,coverage_wait,True,1.0,1.1,False,False,0.4,0.2,0.4,0.2,0.5,0.28,0.34,0.18,0.29889055003030707,0.016408271701882058,0.0048210357013792615,0.7150269430266379,1.1622064382233346,True,1
structural_change_delta_0.060,structural_change,58,5,inferred_failure_aware,coverage_wait,coverage_wait,True,1.0,1.1,False,False,0.4,0.2,0.4,0.2,0.5,0.28,0.34,0.18,0.29889055003030707,0.016408271701882058,0.0048210357013792615,0.7150269430266379,1.1622064382233346,True,1
structural_change_delta_0.060,structural_change,58,10,baseline,normal,coverage_wait,False,1.0,1.0,True,True,0.5,0.2,0.4,0.1,0.5,0.28,0.34,0.18,0.2972372761597473,0.01633123848082619,0.004916758531281928,0.7160747415723202,1.1778998247325454,True,1
structural_change_delta_0.060,structural_change,58,10,reference_aware,coverage_wait,coverage_wait,True,1.0,1.1,False,False,0.5,0.2,0.4,0.1,0.5,0.28,0.34,0.18,0.29889055003030707,0.016408271701882058,0.0048210357013792615,0.7150269430266379,1.1622064382233346,True,1
structural_change_delta_0.060,structural_change,58,10,inferred_failure_aware,coverage_wait,coverage_wait,True,1.0,1.1,False,False,0.5,0.2,0.4,0.1,0.5,0.28,0.34,0.18,0.29889055003030707,0.016408271701882058,0.0048210357013792615,0.7150269430266379,1.1622064382233346,True,1
structural_change_delta_0.060,structural_change,58,20,baseline,normal,coverage_wait,False,1.0,1.0,True,True,0.55,0.25,0.4,0.1,0.5,0.28,0.34,0.18,0.2972372761597473,0.01633123848082619,0.004916758531281928,0.7160747415723202,1.1778998247325454,True,1
structural_change_delta_0.060,structural_change,58,20,reference_aware,coverage_wait,coverage_wait,True,1.0,1.1,False,False,0.55,0.25,0.4,0.1,0.5,0.28,0.34,0.18,0.29889055003030707,0.016408271701882058,0.0048210357013792615,0.7150269430266379,1.1622064382233346,True,1
structural_change_delta_0.060,structural_change,58,20,inferred_failure_aware,coverage_wait,coverage_wait,True,1.0,1.1,False,False,0.55,0.25,0.4,0.1,0.5,0.28,0.34,0.18,0.29889055003030707,0.016408271701882058,0.0048210357013792615,0.7150269430266379,1.1622064382233346,True,1
structural_change_delta_0.060,structural_change,59,5,baseline,normal,coverage_wait,False,1.0,1.0,True,True,0.2,0.8,0.6,0.4,0.5,0.28,0.34,0.18,0.2932090282350899,0.019348938568895132,0.011950233748124317,0.7696209934791275,1.0850085610881743,True,2
structural_change_delta_0.060,structural_change,59,5,reference_aware,coverage_wait,coverage_wait,True,1.0,1.1,False,False,0.2,0.8,0.6,0.4,0.5,0.28,0.34,0.18,0.29417368561183743,0.019455862915506706,0.011911461269993207,0.7694002035818148,1.0676714478113276,True,2
structural_change_delta_0.060,structural_change,59,5,inferred_failure_aware,accuracy_guard,coverage_wait,False,0.9,1.75,False,False,0.2,0.8,0.6,0.4,0.5,0.28,0.34,0.18,0.3067275131028649,0.020470825486234412,0.01094995881794647,0.720208765592776,0.9932441853312545,True,2
structural_change_delta_0.060,structural_change,59,10,baseline,normal,coverage_wait,False,1.0,1.0,True,True,0.5,0.4,0.4,0.2,0.5,0.28,0.34,0.18,0.2932090282350899,0.019348938568895132,0.011950233748124317,0.7696209934791275,1.0850085610881743,True,2
structural_change_delta_0.060,structural_change,59,10,reference_aware,coverage_wait,coverage_wait,True,1.0,1.1,False,False,0.5,0.4,0.4,0.2,0.5,0.28,0.34,0.18,0.29417368561183743,0.019455862915506706,0.011911461269993207,0.7694002035818148,1.0676714478113276,True,2
structural_change_delta_0.060,structural_change,59,10,inferred_failure_aware,accuracy_guard,coverage_wait,False,0.9,1.75,False,False,0.5,0.4,0.4,0.2,0.5,0.28,0.34,0.18,0.3067275131028649,0.020470825486234412,0.01094995881794647,0.720208765592776,0.9932441853312545,True,2
structural_change_delta_0.060,structural_change,59,20,baseline,normal,coverage_wait,False,1.0,1.0,True,True,0.4,0.45,0.4,0.35,0.5,0.28,0.34,0.18,0.2932090282350899,0.019348938568895132,0.011950233748124317,0.7696209934791275,1.0850085610881743,True,2
structural_change_delta_0.060,structural_change,59,20,reference_aware,coverage_wait,coverage_wait,True,1.0,1.1,False,False,0.4,0.45,0.4,0.35,0.5,0.28,0.34,0.18,0.29417368561183743,0.019455862915506706,0.011911461269993207,0.7694002035818148,1.0676714478113276,True,2
structural_change_delta_0.060,structural_change,59,20,inferred_failure_aware,accuracy_guard,coverage_wait,False,0.9,1.75,False,False,0.4,0.45,0.4,0.35,0.5,0.28,0.34,0.18,0.3067275131028649,0.020470825486234412,0.01094995881794647,0.720208765592776,0.9932441853312545,True,2
structural_change_delta_0.060,structural_change,60,5,baseline,normal,coverage_wait,False,1.0,1.0,True,True,0.6,0.2,0.0,0.4,0.5,0.28,0.34,0.18,0.31391778578051965,0.014803641195757248,0.010818071292298503,0.7415979612917114,1.1121702985604207,True,0
structural_change_delta_0.060,structural_change,60,5,reference_aware,coverage_wait,coverage_wait,True,1.0,1.1,False,False,0.6,0.2,0.0,0.4,0.5,0.28,0.34,0.18,0.316688965972263,0.014900393119284266,0.01079112696916118,0.7413925410314288,1.0974511149601587,True,0
structural_change_delta_0.060,structural_change,60,5,inferred_failure_aware,selective_guard,coverage_wait,False,1.0,1.25,False,False,0.6,0.2,0.0,0.4,0.5,0.28,0.34,0.18,0.3203883445785224,0.01503149792115675,0.010750605783870437,0.7410886827493566,1.078433635604539,True,0
structural_change_delta_0.060,structural_change,60,10,baseline,normal,coverage_wait,False,1.0,1.0,True,True,0.6,0.2,0.2,0.2,0.5,0.28,0.34,0.18,0.31391778578051965,0.014803641195757248,0.010818071292298503,0.7415979612917114,1.1121702985604207,True,0
structural_change_delta_0.060,structural_change,60,10,reference_aware,coverage_wait,coverage_wait,True,1.0,1.1,False,False,0.6,0.2,0.2,0.2,0.5,0.28,0.34,0.18,0.316688965972263,0.014900393119284266,0.01079112696916118,0.7413925410314288,1.0974511149601587,True,0
structural_change_delta_0.060,structural_change,60,10,inferred_failure_aware,accuracy_guard,coverage_wait,False,0.9,1.75,False,False,0.6,0.2,0.2,0.2,0.5,0.28,0.34,0.18,0.33709771578597336,0.01628663943072933,0.00958796625855629,0.7018794326033501,1.04179447205204,True,1
structural_change_delta_0.060,structural_change,60,20,baseline,normal,coverage_wait,False,1.0,1.0,True,True,0.55,0.25,0.3,0.1,0.5,0.28,0.34,0.18,0.31391778578051965,0.014803641195757248,0.010818071292298503,0.7415979612917114,1.1121702985604207,True,0
structural_change_delta_0.060,structural_change,60,20,reference_aware,coverage_wait,coverage_wait,True,1.0,1.1,False,False,0.55,0.25,0.3,0.1,0.5,0.28,0.34,0.18,0.316688965972263,0.014900393119284266,0.01079112696916118,0.7413925410314288,1.0974511149601587,True,0
structural_change_delta_0.060,structural_change,60,20,inferred_failure_aware,coverage_wait,coverage_wait,True,1.0,1.1,False,False,0.55,0.25,0.3,0.1,0.5,0.28,0.34,0.18,0.316688965972263,0.014900393119284266,0.01079112696916118,0.7413925410314288,1.0974511149601587,True,0
structural_change_delta_0.060,structural_change,61,5,baseline,normal,coverage_wait,False,1.0,1.0,True,True,0.0,1.0,0.6,0.4,0.5,0.28,0.34,0.18,0.2598743682797671,0.016789051147413695,0.013435540965103687,0.7748938710433795,1.0918513032152837,True,1
structural_change_delta_0.060,structural_change,61,5,reference_aware,coverage_wait,coverage_wait,True,1.0,1.1,False,False,0.0,1.0,0.6,0.4,0.5,0.28,0.34,0.18,0.26149979049464067,0.016833156552123668,0.013384095044581823,0.7745225871824907,1.074552182125983,True,1
structural_change_delta_0.060,structural_change,61,5,inferred_failure_aware,accuracy_guard,coverage_wait,False,0.9,1.75,False,False,0.0,1.0,0.6,0.4,0.5,0.28,0.34,0.18,0.27180598526766836,0.017329700617940598,0.011388887577322815,0.7237537270612925,1.000055318205263,True,1
structural_change_delta_0.060,structural_change,61,10,baseline,normal,coverage_wait,False,1.0,1.0,True,True,0.3,0.5,0.4,0.3,0.5,0.28,0.34,0.18,0.2598743682797671,0.016789051147413695,0.013435540965103687,0.7748938710433795,1.0918513032152837,True,1
structural_change_delta_0.060,structural_change,61,10,reference_aware,coverage_wait,coverage_wait,True,1.0,1.1,False,False,0.3,0.5,0.4,0.3,0.5,0.28,0.34,0.18,0.26149979049464067,0.016833156552123668,0.013384095044581823,0.7745225871824907,1.074552182125983,True,1
structural_change_delta_0.060,structural_change,61,10,inferred_failure_aware,accuracy_guard,coverage_wait,False,0.9,1.75,False,False,0.3,0.5,0.4,0.3,0.5,0.28,0.34,0.18,0.27180598526766836,0.017329700617940598,0.011388887577322815,0.7237537270612925,1.000055318205263,True,1
structural_change_delta_0.060,structural_change,61,20,baseline,normal,coverage_wait,False,1.0,1.0,True,True,0.4,0.35,0.4,0.15,0.5,0.28,0.34,0.18,0.2598743682797671,0.016789051147413695,0.013435540965103687,0.7748938710433795,1.0918513032152837,True,1
structural_change_delta_0.060,structural_change,61,20,reference_aware,coverage_wait,coverage_wait,True,1.0,1.1,False,False,0.4,0.35,0.4,0.15,0.5,0.28,0.34,0.18,0.26149979049464067,0.016833156552123668,0.013384095044581823,0.7745225871824907,1.074552182125983,True,1
structural_change_delta_0.060,structural_change,61,20,inferred_failure_aware,coverage_wait,coverage_wait,True,1.0,1.1,False,False,0.4,0.35,0.4,0.15,0.5,0.28,0.34,0.18,0.26149979049464067,0.016833156552123668,0.013384095044581823,0.7745225871824907,1.074552182125983,True,1
structural_change_delta_0.060,structural_change,62,5,baseline,normal,coverage_wait,False,1.0,1.0,True,True,0.4,0.4,0.2,0.2,0.5,0.28,0.34,0.18,0.46013331649803774,0.018184098932850987,0.014483868760721497,0.7030022231863026,0.8967945434178118,True,1
structural_change_delta_0.060,structural_change,62,5,reference_aware,coverage_wait,coverage_wait,True,1.0,1.1,False,False,0.4,0.4,0.2,0.2,0.5,0.28,0.34,0.18,0.45990212498196914,0.018184545926554725,0.014266688863876609,0.700694929243058,0.8811309588024496,True,1
structural_change_delta_0.060,structural_change,62,5,inferred_failure_aware,accuracy_guard,coverage_wait,False,0.9,1.75,False,False,0.4,0.4,0.2,0.2,0.5,0.28,0.34,0.18,0.46886472135674595,0.018677403057500208,0.011774038965693068,0.6598308492483477,0.8348531349647333,True,2
structural_change_delta_0.060,structural_change,62,10,baseline,normal,coverage_wait,False,1.0,1.0,True,True,0.3,0.6,0.3,0.5,0.5,0.28,0.34,0.18,0.46013331649803774,0.018184098932850987,0.014483868760721497,0.7030022231863026,0.8967945434178118,True,1
structural_change_delta_0.060,structural_change,62,10,reference_aware,coverage_wait,coverage_wait,True,1.0,1.1,False,False,0.3,0.6,0.3,0.5,0.5,0.28,0.34,0.18,0.45990212498196914,0.018184545926554725,0.014266688863876609,0.700694929243058,0.8811309588024496,True,1
structural_change_delta_0.060,structural_change,62,10,inferred_failure_aware,accuracy_guard,coverage_wait,False,0.9,1.75,False,False,0.3,0.6,0.3,0.5,0.5,0.28,0.34,0.18,0.46886472135674595,0.018677403057500208,0.011774038965693068,0.6598308492483477,0.8348531349647333,True,2
structural_change_delta_0.060,structural_change,62,20,baseline,normal,coverage_wait,False,1.0,1.0,True,True,0.3,0.45,0.35,0.35,0.5,0.28,0.34,0.18,0.46013331649803774,0.018184098932850987,0.014483868760721497,0.7030022231863026,0.8967945434178118,True,1
structural_change_delta_0.060,structural_change,62,20,reference_aware,coverage_wait,coverage_wait,True,1.0,1.1,False,False,0.3,0.45,0.35,0.35,0.5,0.28,0.34,0.18,0.45990212498196914,0.018184545926554725,0.014266688863876609,0.700694929243058,0.8811309588024496,True,1
structural_change_delta_0.060,structural_change,62,20,inferred_failure_aware,accuracy_guard,coverage_wait,False,0.9,1.75,False,False,0.3,0.45,0.35,0.35,0.5,0.28,0.34,0.18,0.46886472135674595,0.018677403057500208,0.011774038965693068,0.6598308492483477,0.8348531349647333,True,2
structural_change_delta_0.060,structural_change,63,5,baseline,normal,coverage_wait,False,1.0,1.0,True,True,0.6,0.0,0.4,0.0,0.5,0.28,0.34,0.18,0.29455065499646316,0.01391040860771849,0.004635904027012194,0.7658949832063107,1.0755873364986404,True,0
structural_change_delta_0.060,structural_change,63,5,reference_aware,coverage_wait,coverage_wait,True,1.0,1.1,False,False,0.6,0.0,0.4,0.0,0.5,0.28,0.34,0.18,0.2955206790618155,0.013989388000654543,0.00470642561804302,0.7661257158371275,1.0604673120494859,True,0
structural_change_delta_0.060,structural_change,63,5,inferred_failure_aware,coverage_wait,coverage_wait,True,1.0,1.1,False,False,0.6,0.0,0.4,0.0,0.5,0.28,0.34,0.18,0.2955206790618155,0.013989388000654543,0.00470642561804302,0.7661257158371275,1.0604673120494859,True,0
structural_change_delta_0.060,structural_change,63,10,baseline,normal,coverage_wait,False,1.0,1.0,True,True,0.5,0.3,0.3,0.1,0.5,0.28,0.34,0.18,0.29455065499646316,0.01391040860771849,0.004635904027012194,0.7658949832063107,1.0755873364986404,True,0
structural_change_delta_0.060,structural_change,63,10,reference_aware,coverage_wait,coverage_wait,True,1.0,1.1,False,False,0.5,0.3,0.3,0.1,0.5,0.28,0.34,0.18,0.2955206790618155,0.013989388000654543,0.00470642561804302,0.7661257158371275,1.0604673120494859,True,0
structural_change_delta_0.060,structural_change,63,10,inferred_failure_aware,accuracy_guard,coverage_wait,False,0.9,1.75,False,False,0.5,0.3,0.3,0.1,0.5,0.28,0.34,0.18,0.30892499924229583,0.015029885548060735,0.0043758703998160176,0.7220183894147446,0.9897722706896681,True,0
structural_change_delta_0.060,structural_change,63,20,baseline,normal,coverage_wait,False,1.0,1.0,True,True,0.45,0.3,0.4,0.1,0.5,0.28,0.34,0.18,0.29455065499646316,0.01391040860771849,0.004635904027012194,0.7658949832063107,1.0755873364986404,True,0
structural_change_delta_0.060,structural_change,63,20,reference_aware,coverage_wait,coverage_wait,True,1.0,1.1,False,False,0.45,0.3,0.4,0.1,0.5,0.28,0.34,0.18,0.2955206790618155,0.013989388000654543,0.00470642561804302,0.7661257158371275,1.0604673120494859,True,0
structural_change_delta_0.060,structural_change,63,20,inferred_failure_aware,coverage_wait,coverage_wait,True,1.0,1.1,False,False,0.45,0.3,0.4,0.1,0.5,0.28,0.34,0.18,0.2955206790618155,0.013989388000654543,0.00470642561804302,0.7661257158371275,1.0604673120494859,True,0
structural_change_delta_0.060,structural_change,64,5,baseline,normal,coverage_wait,False,1.0,1.0,True,True,0.6,0.2,0.4,0.2,0.5,0.28,0.34,0.18,0.22393492305058232,0.014506166903811004,0.008475605285571342,0.7194013283812002,0.9905068351620213,True,0
structural_change_delta_0.060,structural_change,64,5,reference_aware,coverage_wait,coverage_wait,True,1.0,1.1,False,False,0.6,0.2,0.4,0.2,0.5,0.28,0.34,0.18,0.22550519690798054,0.0146117375905112,0.008502850042986676,0.7185605260553862,0.9774492278209482,True,0
structural_change_delta_0.060,structural_change,64,5,inferred_failure_aware,coverage_wait,coverage_wait,True,1.0,1.1,False,False,0.6,0.2,0.4,0.2,0.5,0.28,0.34,0.18,0.22550519690798054,0.0146117375905112,0.008502850042986676,0.7185605260553862,0.9774492278209482,True,0
structural_change_delta_0.060,structural_change,64,10,baseline,normal,coverage_wait,False,1.0,1.0,True,True,0.7,0.1,0.2,0.2,0.5,0.28,0.34,0.18,0.22393492305058232,0.014506166903811004,0.008475605285571342,0.7194013283812002,0.9905068351620213,True,0
structural_change_delta_0.060,structural_change,64,10,reference_aware,coverage_wait,coverage_wait,True,1.0,1.1,False,False,0.7,0.1,0.2,0.2,0.5,0.28,0.34,0.18,0.22550519690798054,0.0146117375905112,0.008502850042986676,0.7185605260553862,0.9774492278209482,True,0
structural_change_delta_0.060,structural_change,64,10,inferred_failure_aware,coverage_wait,coverage_wait,True,1.0,1.1,False,False,0.7,0.1,0.2,0.2,0.5,0.28,0.34,0.18,0.22550519690798054,0.0146117375905112,0.008502850042986676,0.7185605260553862,0.9774492278209482,True,0
structural_change_delta_0.060,structural_change,64,20,baseline,normal,coverage_wait,False,1.0,1.0,True,True,0.6,0.3,0.25,0.15,0.5,0.28,0.34,0.18,0.22393492305058232,0.014506166903811004,0.008475605285571342,0.7194013283812002,0.9905068351620213,True,0
structural_change_delta_0.060,structural_change,64,20,reference_aware,coverage_wait,coverage_wait,True,1.0,1.1,False,False,0.6,0.3,0.25,0.15,0.5,0.28,0.34,0.18,0.22550519690798054,0.0146117375905112,0.008502850042986676,0.7185605260553862,0.9774492278209482,True,0
structural_change_delta_0.060,structural_change,64,20,inferred_failure_aware,accuracy_guard,coverage_wait,False,0.9,1.75,False,False,0.6,0.3,0.25,0.15,0.5,0.28,0.34,0.18,0.23735107456721008,0.0159401018267944,0.00827204127139547,0.6783740511025271,0.9211298096298686,True,1
structural_change_delta_0.060,structural_change,65,5,baseline,normal,coverage_wait,False,1.0,1.0,True,True,0.6,0.4,0.2,0.2,0.5,0.28,0.34,0.18,0.3274600826470796,0.01457704476036315,0.005484568951939717,0.8058417166371,1.1334090767391793,True,0
structural_change_delta_0.060,structural_change,65,5,reference_aware,coverage_wait,coverage_wait,True,1.0,1.1,False,False,0.6,0.4,0.2,0.2,0.5,0.28,0.34,0.18,0.33047445418519145,0.014677267529458976,0.005284431395806144,0.8055270297053787,1.1164622589655946,True,0
structural_change_delta_0.060,structural_change,65,5,inferred_failure_aware,accuracy_guard,coverage_wait,False,0.9,1.75,False,False,0.6,0.4,0.2,0.2,0.5,0.28,0.34,0.18,0.354520502781372,0.016117722601292767,0.0038573155349111987,0.7564603027644761,1.0444238244429562,True,0
structural_change_delta_0.060,structural_change,65,10,baseline,normal,coverage_wait,False,1.0,1.0,True,True,0.5,0.4,0.3,0.3,0.5,0.28,0.34,0.18,0.3274600826470796,0.01457704476036315,0.005484568951939717,0.8058417166371,1.1334090767391793,True,0
structural_change_delta_0.060,structural_change,65,10,reference_aware,coverage_wait,coverage_wait,True,1.0,1.1,False,False,0.5,0.4,0.3,0.3,0.5,0.28,0.34,0.18,0.33047445418519145,0.014677267529458976,0.005284431395806144,0.8055270297053787,1.1164622589655946,True,0
structural_change_delta_0.060,structural_change,65,10,inferred_failure_aware,accuracy_guard,coverage_wait,False,0.9,1.75,False,False,0.5,0.4,0.3,0.3,0.5,0.28,0.34,0.18,0.354520502781372,0.016117722601292767,0.0038573155349111987,0.7564603027644761,1.0444238244429562,True,0
structural_change_delta_0.060,structural_change,65,20,baseline,normal,coverage_wait,False,1.0,1.0,True,True,0.5,0.2,0.35,0.2,0.5,0.28,0.34,0.18,0.3274600826470796,0.01457704476036315,0.005484568951939717,0.8058417166371,1.1334090767391793,True,0
structural_change_delta_0.060,structural_change,65,20,reference_aware,coverage_wait,coverage_wait,True,1.0,1.1,False,False,0.5,0.2,0.35,0.2,0.5,0.28,0.34,0.18,0.33047445418519145,0.014677267529458976,0.005284431395806144,0.8055270297053787,1.1164622589655946,True,0
structural_change_delta_0.060,structural_change,65,20,inferred_failure_aware,coverage_wait,coverage_wait,True,1.0,1.1,False,False,0.5,0.2,0.35,0.2,0.5,0.28,0.34,0.18,0.33047445418519145,0.014677267529458976,0.005284431395806144,0.8055270297053787,1.1164622589655946,True,0
structural_change_delta_0.060,structural_change,66,5,baseline,normal,coverage_wait,False,1.0,1.0,True,True,0.4,0.6,0.4,0.2,0.5,0.28,0.34,0.18,0.2372456750276378,0.014625759296669998,0.008416448652793784,0.7163434081792724,1.0446625592882437,True,1
structural_change_delta_0.060,structural_change,66,5,reference_aware,coverage_wait,coverage_wait,True,1.0,1.1,False,False,0.4,0.6,0.4,0.2,0.5,0.28,0.34,0.18,0.23980974728237323,0.01470217929035383,0.008426611073288681,0.7151687434152711,1.0312634779472682,True,1
structural_change_delta_0.060,structural_change,66,5,inferred_failure_aware,accuracy_guard,coverage_wait,False,0.9,1.75,False,False,0.4,0.6,0.4,0.2,0.5,0.28,0.34,0.18,0.25519287572859306,0.015463492345043958,0.0075925184149107094,0.6765603285252345,0.978281753927759,True,1
structural_change_delta_0.060,structural_change,66,10,baseline,normal,coverage_wait,False,1.0,1.0,True,True,0.6,0.4,0.3,0.1,0.5,0.28,0.34,0.18,0.2372456750276378,0.014625759296669998,0.008416448652793784,0.7163434081792724,1.0446625592882437,True,1
structural_change_delta_0.060,structural_change,66,10,reference_aware,coverage_wait,coverage_wait,True,1.0,1.1,False,False,0.6,0.4,0.3,0.1,0.5,0.28,0.34,0.18,0.23980974728237323,0.01470217929035383,0.008426611073288681,0.7151687434152711,1.0312634779472682,True,1
structural_change_delta_0.060,structural_change,66,10,inferred_failure_aware,accuracy_guard,coverage_wait,False,0.9,1.75,False,False,0.6,0.4,0.3,0.1,0.5,0.28,0.34,0.18,0.25519287572859306,0.015463492345043958,0.0075925184149107094,0.6765603285252345,0.978281753927759,True,1
structural_change_delta_0.060,structural_change,66,20,baseline,normal,coverage_wait,False,1.0,1.0,True,True,0.45,0.3,0.45,0.15,0.5,0.28,0.34,0.18,0.2372456750276378,0.014625759296669998,0.008416448652793784,0.7163434081792724,1.0446625592882437,True,1
structural_change_delta_0.060,structural_change,66,20,reference_aware,coverage_wait,coverage_wait,True,1.0,1.1,False,False,0.45,0.3,0.45,0.15,0.5,0.28,0.34,0.18,0.23980974728237323,0.01470217929035383,0.008426611073288681,0.7151687434152711,1.0312634779472682,True,1
structural_change_delta_0.060,structural_change,66,20,inferred_failure_aware,coverage_wait,coverage_wait,True,1.0,1.1,False,False,0.45,0.3,0.45,0.15,0.5,0.28,0.34,0.18,0.23980974728237323,0.01470217929035383,0.008426611073288681,0.7151687434152711,1.0312634779472682,True,1
structural_change_delta_0.060,structural_change,67,5,baseline,normal,coverage_wait,False,1.0,1.0,True,True,0.8,0.2,0.0,0.0,0.5,0.28,0.34,0.18,0.32182234692780765,0.016981391087647624,0.002500068513732523,0.7736495240260244,1.176417850165734,True,1
structural_change_delta_0.060,structural_change,67,5,reference_aware,coverage_wait,coverage_wait,True,1.0,1.1,False,False,0.8,0.2,0.0,0.0,0.5,0.28,0.34,0.18,0.321745819282053,0.017004596530485448,0.0024645855380124315,0.7733771734366631,1.1588650049218148,True,1
structural_change_delta_0.060,structural_change,67,5,inferred_failure_aware,accuracy_guard,coverage_wait,False,0.9,1.75,False,False,0.8,0.2,0.0,0.0,0.5,0.28,0.34,0.18,0.33160265648757026,0.01830316305767463,0.001972632606929259,0.7273209265834804,1.0856121622188644,True,3
structural_change_delta_0.060,structural_change,67,10,baseline,normal,coverage_wait,False,1.0,1.0,True,True,0.6,0.2,0.3,0.1,0.5,0.28,0.34,0.18,0.32182234692780765,0.016981391087647624,0.002500068513732523,0.7736495240260244,1.176417850165734,True,1
structural_change_delta_0.060,structural_change,67,10,reference_aware,coverage_wait,coverage_wait,True,1.0,1.1,False,False,0.6,0.2,0.3,0.1,0.5,0.28,0.34,0.18,0.321745819282053,0.017004596530485448,0.0024645855380124315,0.7733771734366631,1.1588650049218148,True,1
structural_change_delta_0.060,structural_change,67,10,inferred_failure_aware,coverage_wait,coverage_wait,True,1.0,1.1,False,False,0.6,0.2,0.3,0.1,0.5,0.28,0.34,0.18,0.321745819282053,0.017004596530485448,0.0024645855380124315,0.7733771734366631,1.1588650049218148,True,1
structural_change_delta_0.060,structural_change,67,20,baseline,normal,coverage_wait,False,1.0,1.0,True,True,0.5,0.25,0.35,0.15,0.5,0.28,0.34,0.18,0.32182234692780765,0.016981391087647624,0.002500068513732523,0.7736495240260244,1.176417850165734,True,1
structural_change_delta_0.060,structural_change,67,20,reference_aware,coverage_wait,coverage_wait,True,1.0,1.1,False,False,0.5,0.25,0.35,0.15,0.5,0.28,0.34,0.18,0.321745819282053,0.017004596530485448,0.0024645855380124315,0.7733771734366631,1.1588650049218148,True,1
structural_change_delta_0.060,structural_change,67,20,inferred_failure_aware,coverage_wait,coverage_wait,True,1.0,1.1,False,False,0.5,0.25,0.35,0.15,0.5,0.28,0.34,0.18,0.321745819282053,0.017004596530485448,0.0024645855380124315,0.7733771734366631,1.1588650049218148,True,1
structural_change_delta_0.060,structural_change,68,5,baseline,normal,coverage_wait,False,1.0,1.0,True,True,0.8,0.2,0.2,0.2,0.5,0.28,0.34,0.18,0.35018600048053294,0.01694998151632537,0.020750623699476667,0.7408154557461492,1.1524843231395758,True,1
structural_change_delta_0.060,structural_change,68,5,reference_aware,coverage_wait,coverage_wait,True,1.0,1.1,False,False,0.8,0.2,0.2,0.2,0.5,0.28,0.34,0.18,0.35170877741752005,0.01700521463960698,0.0205378460118103,0.7398461170927985,1.1332716571751777,True,1
structural_change_delta_0.060,structural_change,68,5,inferred_failure_aware,accuracy_guard,coverage_wait,False,0.9,1.75,False,False,0.8,0.2,0.2,0.2,0.5,0.28,0.34,0.18,0.36183067200412317,0.017929553582044202,0.017644979805161998,0.7027699382475796,1.059608986555822,True,1
structural_change_delta_0.060,structural_change,68,10,baseline,normal,coverage_wait,False,1.0,1.0,True,True,0.7,0.2,0.3,0.2,0.5,0.28,0.34,0.18,0.35018600048053294,0.01694998151632537,0.020750623699476667,0.7408154557461492,1.1524843231395758,True,1
structural_change_delta_0.060,structural_change,68,10,reference_aware,coverage_wait,coverage_wait,True,1.0,1.1,False,False,0.7,0.2,0.3,0.2,0.5,0.28,0.34,0.18,0.35170877741752005,0.01700521463960698,0.0205378460118103,0.7398461170927985,1.1332716571751777,True,1
structural_change_delta_0.060,structural_change,68,10,inferred_failure_aware,coverage_wait,coverage_wait,True,1.0,1.1,False,False,0.7,0.2,0.3,0.2,0.5,0.28,0.34,0.18,0.35170877741752005,0.01700521463960698,0.0205378460118103,0.7398461170927985,1.1332716571751777,True,1
structural_change_delta_0.060,structural_change,68,20,baseline,normal,coverage_wait,False,1.0,1.0,True,True,0.55,0.25,0.35,0.25,0.5,0.28,0.34,0.18,0.35018600048053294,0.01694998151632537,0.020750623699476667,0.7408154557461492,1.1524843231395758,True,1
structural_change_delta_0.060,structural_change,68,20,reference_aware,coverage_wait,coverage_wait,True,1.0,1.1,False,False,0.55,0.25,0.35,0.25,0.5,0.28,0.34,0.18,0.35170877741752005,0.01700521463960698,0.0205378460118103,0.7398461170927985,1.1332716571751777,True,1
structural_change_delta_0.060,structural_change,68,20,inferred_failure_aware,coverage_wait,coverage_wait,True,1.0,1.1,False,False,0.55,0.25,0.35,0.25,0.5,0.28,0.34,0.18,0.35170877741752005,0.01700521463960698,0.0205378460118103,0.7398461170927985,1.1332716571751777,True,1
structural_change_delta_0.060,structural_change,69,5,baseline,normal,coverage_wait,False,1.0,1.0,True,True,0.4,0.2,0.6,0.2,0.5,0.28,0.34,0.18,0.4076535259568365,0.018789779436664045,0.011748800592862763,0.7795962693617119,1.3326329461934128,True,2
structural_change_delta_0.060,structural_change,69,5,reference_aware,coverage_wait,coverage_wait,True,1.0,1.1,False,False,0.4,0.2,0.6,0.2,0.5,0.28,0.34,0.18,0.40754401777058064,0.01886168914032643,0.011875511455617604,0.778630633509171,1.3127197209109305,True,2
structural_change_delta_0.060,structural_change,69,5,inferred_failure_aware,coverage_wait,coverage_wait,True,1.0,1.1,False,False,0.4,0.2,0.6,0.2,0.5,0.28,0.34,0.18,0.40754401777058064,0.01886168914032643,0.011875511455617604,0.778630633509171,1.3127197209109305,True,2
structural_change_delta_0.060,structural_change,69,10,baseline,normal,coverage_wait,False,1.0,1.0,True,True,0.4,0.2,0.5,0.2,0.5,0.28,0.34,0.18,0.4076535259568365,0.018789779436664045,0.011748800592862763,0.7795962693617119,1.3326329461934128,True,2
structural_change_delta_0.060,structural_change,69,10,reference_aware,coverage_wait,coverage_wait,True,1.0,1.1,False,False,0.4,0.2,0.5,0.2,0.5,0.28,0.34,0.18,0.40754401777058064,0.01886168914032643,0.011875511455617604,0.778630633509171,1.3127197209109305,True,2
structural_change_delta_0.060,structural_change,69,10,inferred_failure_aware,coverage_wait,coverage_wait,True,1.0,1.1,False,False,0.4,0.2,0.5,0.2,0.5,0.28,0.34,0.18,0.40754401777058064,0.01886168914032643,0.011875511455617604,0.778630633509171,1.3127197209109305,True,2
structural_change_delta_0.060,structural_change,69,20,baseline,normal,coverage_wait,False,1.0,1.0,True,True,0.45,0.3,0.5,0.15,0.5,0.28,0.34,0.18,0.4076535259568365,0.018789779436664045,0.011748800592862763,0.7795962693617119,1.3326329461934128,True,2
structural_change_delta_0.060,structural_change,69,20,reference_aware,coverage_wait,coverage_wait,True,1.0,1.1,False,False,0.45,0.3,0.5,0.15,0.5,0.28,0.34,0.18,0.40754401777058064,0.01886168914032643,0.011875511455617604,0.778630633509171,1.3127197209109305,True,2
structural_change_delta_0.060,structural_change,69,20,inferred_failure_aware,coverage_wait,coverage_wait,True,1.0,1.1,False,False,0.45,0.3,0.5,0.15,0.5,0.28,0.34,0.18,0.40754401777058064,0.01886168914032643,0.011875511455617604,0.778630633509171,1.3127197209109305,True,2
structural_change_delta_0.060,structural_change,70,5,baseline,normal,coverage_wait,False,1.0,1.0,True,True,0.6,0.4,0.2,0.2,0.5,0.28,0.34,0.18,0.3678528385813062,0.016732865528857655,0.005426997152941593,0.7421539057216872,1.1204212171373589,True,1
structural_change_delta_0.060,structural_change,70,5,reference_aware,coverage_wait,coverage_wait,True,1.0,1.1,False,False,0.6,0.4,0.2,0.2,0.5,0.28,0.34,0.18,0.3707660428189078,0.01681290444856701,0.005216735977746967,0.7418861191470565,1.1043218719474504,True,1
structural_change_delta_0.060,structural_change,70,5,inferred_failure_aware,accuracy_guard,coverage_wait,False,0.9,1.75,False,False,0.6,0.4,0.2,0.2,0.5,0.28,0.34,0.18,0.395174666211205,0.017963869248605383,0.0036626596437113745,0.6963263211933617,1.04362342476983,True,1
structural_change_delta_0.060,structural_change,70,10,baseline,normal,coverage_wait,False,1.0,1.0,True,True,0.5,0.2,0.3,0.2,0.5,0.28,0.34,0.18,0.3678528385813062,0.016732865528857655,0.005426997152941593,0.7421539057216872,1.1204212171373589,True,1
structural_change_delta_0.060,structural_change,70,10,reference_aware,coverage_wait,coverage_wait,True,1.0,1.1,False,False,0.5,0.2,0.3,0.2,0.5,0.28,0.34,0.18,0.3707660428189078,0.01681290444856701,0.005216735977746967,0.7418861191470565,1.1043218719474504,True,1
structural_change_delta_0.060,structural_change,70,10,inferred_failure_aware,coverage_wait,coverage_wait,True,1.0,1.1,False,False,0.5,0.2,0.3,0.2,0.5,0.28,0.34,0.18,0.3707660428189078,0.01681290444856701,0.005216735977746967,0.7418861191470565,1.1043218719474504,True,1
structural_change_delta_0.060,structural_change,70,20,baseline,normal,coverage_wait,False,1.0,1.0,True,True,0.5,0.3,0.25,0.3,0.5,0.28,0.34,0.18,0.3678528385813062,0.016732865528857655,0.005426997152941593,0.7421539057216872,1.1204212171373589,True,1
structural_change_delta_0.060,structural_change,70,20,reference_aware,coverage_wait,coverage_wait,True,1.0,1.1,False,False,0.5,0.3,0.25,0.3,0.5,0.28,0.34,0.18,0.3707660428189078,0.01681290444856701,0.005216735977746967,0.7418861191470565,1.1043218719474504,True,1
structural_change_delta_0.060,structural_change,70,20,inferred_failure_aware,accuracy_guard,coverage_wait,False,0.9,1.75,False,False,0.5,0.3,0.25,0.3,0.5,0.28,0.34,0.18,0.395174666211205,0.017963869248605383,0.0036626596437113745,0.6963263211933617,1.04362342476983,True,1
structural_change_delta_0.060,structural_change,71,5,baseline,normal,coverage_wait,False,1.0,1.0,True,True,0.6,0.4,0.2,0.2,0.5,0.28,0.34,0.18,0.28004602110071924,0.01629432648356984,0.002658568341799228,0.7720841150313147,1.0828579165705012,True,1
structural_change_delta_0.060,structural_change,71,5,reference_aware,coverage_wait,coverage_wait,True,1.0,1.1,False,False,0.6,0.4,0.2,0.2,0.5,0.28,0.34,0.18,0.2796997917466296,0.016363875528799424,0.0027787883398499025,0.7705642664395371,1.0657517095640197,True,1
structural_change_delta_0.060,structural_change,71,5,inferred_failure_aware,accuracy_guard,coverage_wait,False,0.9,1.75,False,False,0.6,0.4,0.2,0.2,0.5,0.28,0.34,0.18,0.28282013626675917,0.017182935041328555,0.0036842448575304942,0.7190164273513123,0.9829978345912777,True,1
structural_change_delta_0.060,structural_change,71,10,baseline,normal,coverage_wait,False,1.0,1.0,True,True,0.6,0.4,0.2,0.2,0.5,0.28,0.34,0.18,0.28004602110071924,0.01629432648356984,0.002658568341799228,0.7720841150313147,1.0828579165705012,True,1
structural_change_delta_0.060,structural_change,71,10,reference_aware,coverage_wait,coverage_wait,True,1.0,1.1,False,False,0.6,0.4,0.2,0.2,0.5,0.28,0.34,0.18,0.2796997917466296,0.016363875528799424,0.0027787883398499025,0.7705642664395371,1.0657517095640197,True,1
structural_change_delta_0.060,structural_change,71,10,inferred_failure_aware,accuracy_guard,coverage_wait,False,0.9,1.75,False,False,0.6,0.4,0.2,0.2,0.5,0.28,0.34,0.18,0.28282013626675917,0.017182935041328555,0.0036842448575304942,0.7190164273513123,0.9829978345912777,True,1
structural_change_delta_0.060,structural_change,71,20,baseline,normal,coverage_wait,False,1.0,1.0,True,True,0.45,0.4,0.4,0.15,0.5,0.28,0.34,0.18,0.28004602110071924,0.01629432648356984,0.002658568341799228,0.7720841150313147,1.0828579165705012,True,1
structural_change_delta_0.060,structural_change,71,20,reference_aware,coverage_wait,coverage_wait,True,1.0,1.1,False,False,0.45,0.4,0.4,0.15,0.5,0.28,0.34,0.18,0.2796997917466296,0.016363875528799424,0.0027787883398499025,0.7705642664395371,1.0657517095640197,True,1
structural_change_delta_0.060,structural_change,71,20,inferred_failure_aware,accuracy_guard,coverage_wait,False,0.9,1.75,False,False,0.45,0.4,0.4,0.15,0.5,0.28,0.34,0.18,0.28282013626675917,0.017182935041328555,0.0036842448575304942,0.7190164273513123,0.9829978345912777,True,1
structural_change_delta_0.060,structural_change,72,5,baseline,normal,coverage_wait,False,1.0,1.0,True,True,0.8,0.0,0.2,0.0,0.5,0.28,0.34,0.18,0.27366259071456905,0.01673641137307172,0.006380494971308215,0.7485439202723889,1.1268944813377504,True,2
structural_change_delta_0.060,structural_change,72,5,reference_aware,coverage_wait,coverage_wait,True,1.0,1.1,False,False,0.8,0.0,0.2,0.0,0.5,0.28,0.34,0.18,0.272694220167309,0.01682318670636623,0.006174674167716554,0.7482784114860652,1.1117759876785467,True,2
structural_change_delta_0.060,structural_change,72,5,inferred_failure_aware,coverage_wait,coverage_wait,True,1.0,1.1,False,False,0.8,0.0,0.2,0.0,0.5,0.28,0.34,0.18,0.272694220167309,0.01682318670636623,0.006174674167716554,0.7482784114860652,1.1117759876785467,True,2
structural_change_delta_0.060,structural_change,72,10,baseline,normal,coverage_wait,False,1.0,1.0,True,True,0.7,0.1,0.3,0.0,0.5,0.28,0.34,0.18,0.27366259071456905,0.01673641137307172,0.006380494971308215,0.7485439202723889,1.1268944813377504,True,2
structural_change_delta_0.060,structural_change,72,10,reference_aware,coverage_wait,coverage_wait,True,1.0,1.1,False,False,0.7,0.1,0.3,0.0,0.5,0.28,0.34,0.18,0.272694220167309,0.01682318670636623,0.006174674167716554,0.7482784114860652,1.1117759876785467,True,2
structural_change_delta_0.060,structural_change,72,10,inferred_failure_aware,coverage_wait,coverage_wait,True,1.0,1.1,False,False,0.7,0.1,0.3,0.0,0.5,0.28,0.34,0.18,0.272694220167309,0.01682318670636623,0.006174674167716554,0.7482784114860652,1.1117759876785467,True,2
structural_change_delta_0.060,structural_change,72,20,baseline,normal,coverage_wait,False,1.0,1.0,True,True,0.6,0.2,0.25,0.1,0.5,0.28,0.34,0.18,0.27366259071456905,0.01673641137307172,0.006380494971308215,0.7485439202723889,1.1268944813377504,True,2
structural_change_delta_0.060,structural_change,72,20,reference_aware,coverage_wait,coverage_wait,True,1.0,1.1,False,False,0.6,0.2,0.25,0.1,0.5,0.28,0.34,0.18,0.272694220167309,0.01682318670636623,0.006174674167716554,0.7482784114860652,1.1117759876785467,True,2
structural_change_delta_0.060,structural_change,72,20,inferred_failure_aware,coverage_wait,coverage_wait,True,1.0,1.1,False,False,0.6,0.2,0.25,0.1,0.5,0.28,0.34,0.18,0.272694220167309,0.01682318670636623,0.006174674167716554,0.7482784114860652,1.1117759876785467,True,2
structural_change_delta_0.060,structural_change,73,5,baseline,normal,coverage_wait,False,1.0,1.0,True,True,0.6,0.4,0.0,0.2,0.5,0.28,0.34,0.18,0.31328683661964846,0.015891731347965964,0.009658256800832543,0.6865711867355812,0.9961048562937747,True,2
structural_change_delta_0.060,structural_change,73,5,reference_aware,coverage_wait,coverage_wait,True,1.0,1.1,False,False,0.6,0.4,0.0,0.2,0.5,0.28,0.34,0.18,0.31074986231748586,0.015903530680170634,0.00976482015668434,0.685047524851974,0.980000789910834,True,2
structural_change_delta_0.060,structural_change,73,5,inferred_failure_aware,accuracy_guard,coverage_wait,False,0.9,1.75,False,False,0.6,0.4,0.0,0.2,0.5,0.28,0.34,0.18,0.3083283542885651,0.016863644319825226,0.00945769725079193,0.6473665949574317,0.9134464897117776,True,2
structural_change_delta_0.060,structural_change,73,10,baseline,normal,coverage_wait,False,1.0,1.0,True,True,0.4,0.5,0.3,0.2,0.5,0.28,0.34,0.18,0.31328683661964846,0.015891731347965964,0.009658256800832543,0.6865711867355812,0.9961048562937747,True,2
structural_change_delta_0.060,structural_change,73,10,reference_aware,coverage_wait,coverage_wait,True,1.0,1.1,False,False,0.4,0.5,0.3,0.2,0.5,0.28,0.34,0.18,0.31074986231748586,0.015903530680170634,0.00976482015668434,0.685047524851974,0.980000789910834,True,2
structural_change_delta_0.060,structural_change,73,10,inferred_failure_aware,accuracy_guard,coverage_wait,False,0.9,1.75,False,False,0.4,0.5,0.3,0.2,0.5,0.28,0.34,0.18,0.3083283542885651,0.016863644319825226,0.00945769725079193,0.6473665949574317,0.9134464897117776,True,2
structural_change_delta_0.060,structural_change,73,20,baseline,normal,coverage_wait,False,1.0,1.0,True,True,0.4,0.4,0.4,0.3,0.5,0.28,0.34,0.18,0.31328683661964846,0.015891731347965964,0.009658256800832543,0.6865711867355812,0.9961048562937747,True,2
structural_change_delta_0.060,structural_change,73,20,reference_aware,coverage_wait,coverage_wait,True,1.0,1.1,False,False,0.4,0.4,0.4,0.3,0.5,0.28,0.34,0.18,0.31074986231748586,0.015903530680170634,0.00976482015668434,0.685047524851974,0.980000789910834,True,2
structural_change_delta_0.060,structural_change,73,20,inferred_failure_aware,accuracy_guard,coverage_wait,False,0.9,1.75,False,False,0.4,0.4,0.4,0.3,0.5,0.28,0.34,0.18,0.3083283542885651,0.016863644319825226,0.00945769725079193,0.6473665949574317,0.9134464897117776,True,2
structural_change_delta_0.060,structural_change,74,5,baseline,normal,coverage_wait,False,1.0,1.0,True,True,0.6,0.4,0.2,0.2,0.5,0.28,0.34,0.18,0.32482401778007153,0.015639624178052338,0.0035938187402919652,0.7964832498625118,1.2818521535291512,True,1
structural_change_delta_0.060,structural_change,74,5,reference_aware,coverage_wait,coverage_wait,True,1.0,1.1,False,False,0.6,0.4,0.2,0.2,0.5,0.28,0.34,0.18,0.3254552594816659,0.015727576824322638,0.0037779487711513404,0.7972843014797383,1.2616600860728084,True,1
structural_change_delta_0.060,structural_change,74,5,inferred_failure_aware,accuracy_guard,coverage_wait,False,0.9,1.75,False,False,0.6,0.4,0.2,0.2,0.5,0.28,0.34,0.18,0.3388397299640599,0.01682668732144997,0.005023866062100479,0.7529736493593692,1.178299037551763,True,1
structural_change_delta_0.060,structural_change,74,10,baseline,normal,coverage_wait,False,1.0,1.0,True,True,0.6,0.3,0.2,0.2,0.5,0.28,0.34,0.18,0.32482401778007153,0.015639624178052338,0.0035938187402919652,0.7964832498625118,1.2818521535291512,True,1
structural_change_delta_0.060,structural_change,74,10,reference_aware,coverage_wait,coverage_wait,True,1.0,1.1,False,False,0.6,0.3,0.2,0.2,0.5,0.28,0.34,0.18,0.3254552594816659,0.015727576824322638,0.0037779487711513404,0.7972843014797383,1.2616600860728084,True,1
structural_change_delta_0.060,structural_change,74,10,inferred_failure_aware,accuracy_guard,coverage_wait,False,0.9,1.75,False,False,0.6,0.3,0.2,0.2,0.5,0.28,0.34,0.18,0.3388397299640599,0.01682668732144997,0.005023866062100479,0.7529736493593692,1.178299037551763,True,1
structural_change_delta_0.060,structural_change,74,20,baseline,normal,coverage_wait,False,1.0,1.0,True,True,0.65,0.2,0.25,0.15,0.5,0.28,0.34,0.18,0.32482401778007153,0.015639624178052338,0.0035938187402919652,0.7964832498625118,1.2818521535291512,True,1
structural_change_delta_0.060,structural_change,74,20,reference_aware,coverage_wait,coverage_wait,True,1.0,1.1,False,False,0.65,0.2,0.25,0.15,0.5,0.28,0.34,0.18,0.3254552594816659,0.015727576824322638,0.0037779487711513404,0.7972843014797383,1.2616600860728084,True,1
structural_change_delta_0.060,structural_change,74,20,inferred_failure_aware,coverage_wait,coverage_wait,True,1.0,1.1,False,False,0.65,0.2,0.25,0.15,0.5,0.28,0.34,0.18,0.3254552594816659,0.015727576824322638,0.0037779487711513404,0.7972843014797383,1.2616600860728084,True,1
structural_change_delta_0.060,structural_change,75,5,baseline,normal,coverage_wait,False,1.0,1.0,True,True,0.2,0.6,0.2,0.4,0.5,0.28,0.34,0.18,0.32904197274793723,0.015625347215424586,0.000970176889131591,0.7734052796048976,1.2466461700106115,True,0
structural_change_delta_0.060,structural_change,75,5,reference_aware,coverage_wait,coverage_wait,True,1.0,1.1,False,False,0.2,0.6,0.2,0.4,0.5,0.28,0.34,0.18,0.33148003680777616,0.015707164899824304,0.0009642572867369914,0.7726984543641633,1.2259366655986919,True,0
structural_change_delta_0.060,structural_change,75,5,inferred_failure_aware,accuracy_guard,coverage_wait,False,0.9,1.75,False,False,0.2,0.6,0.2,0.4,0.5,0.28,0.34,0.18,0.34579440355114444,0.016563712832190266,0.0006746775804890026,0.7235145619649508,1.1378813918373762,True,0
structural_change_delta_0.060,structural_change,75,10,baseline,normal,coverage_wait,False,1.0,1.0,True,True,0.5,0.3,0.2,0.2,0.5,0.28,0.34,0.18,0.32904197274793723,0.015625347215424586,0.000970176889131591,0.7734052796048976,1.2466461700106115,True,0
structural_change_delta_0.060,structural_change,75,10,reference_aware,coverage_wait,coverage_wait,True,1.0,1.1,False,False,0.5,0.3,0.2,0.2,0.5,0.28,0.34,0.18,0.33148003680777616,0.015707164899824304,0.0009642572867369914,0.7726984543641633,1.2259366655986919,True,0
structural_change_delta_0.060,structural_change,75,10,inferred_failure_aware,accuracy_guard,coverage_wait,False,0.9,1.75,False,False,0.5,0.3,0.2,0.2,0.5,0.28,0.34,0.18,0.34579440355114444,0.016563712832190266,0.0006746775804890026,0.7235145619649508,1.1378813918373762,True,0
structural_change_delta_0.060,structural_change,75,20,baseline,normal,coverage_wait,False,1.0,1.0,True,True,0.55,0.25,0.25,0.2,0.5,0.28,0.34,0.18,0.32904197274793723,0.015625347215424586,0.000970176889131591,0.7734052796048976,1.2466461700106115,True,0
structural_change_delta_0.060,structural_change,75,20,reference_aware,coverage_wait,coverage_wait,True,1.0,1.1,False,False,0.55,0.25,0.25,0.2,0.5,0.28,0.34,0.18,0.33148003680777616,0.015707164899824304,0.0009642572867369914,0.7726984543641633,1.2259366655986919,True,0
structural_change_delta_0.060,structural_change,75,20,inferred_failure_aware,accuracy_guard,coverage_wait,False,0.9,1.75,False,False,0.55,0.25,0.25,0.2,0.5,0.28,0.34,0.18,0.34579440355114444,0.016563712832190266,0.0006746775804890026,0.7235145619649508,1.1378813918373762,True,0
structural_change_delta_0.060,structural_change,76,5,baseline,normal,coverage_wait,False,1.0,1.0,True,True,0.4,0.6,0.4,0.2,0.5,0.28,0.34,0.18,0.4284380057121166,0.02088894543769571,0.02559964394785985,0.7493507015190997,1.2839093185763562,True,2
structural_change_delta_0.060,structural_change,76,5,reference_aware,coverage_wait,coverage_wait,True,1.0,1.1,False,False,0.4,0.6,0.4,0.2,0.5,0.28,0.34,0.18,0.4275140139886709,0.020922550785128842,0.02551045957800624,0.7496689364413993,1.266429189443316,True,2
structural_change_delta_0.060,structural_change,76,5,inferred_failure_aware,accuracy_guard,coverage_wait,False,0.9,1.75,False,False,0.4,0.6,0.4,0.2,0.5,0.28,0.34,0.18,0.428849789263638,0.021578469751779985,0.023936774950598094,0.7081022692324666,1.2065466232953124,True,4
structural_change_delta_0.060,structural_change,76,10,baseline,normal,coverage_wait,False,1.0,1.0,True,True,0.5,0.3,0.4,0.1,0.5,0.28,0.34,0.18,0.4284380057121166,0.02088894543769571,0.02559964394785985,0.7493507015190997,1.2839093185763562,True,2
structural_change_delta_0.060,structural_change,76,10,reference_aware,coverage_wait,coverage_wait,True,1.0,1.1,False,False,0.5,0.3,0.4,0.1,0.5,0.28,0.34,0.18,0.4275140139886709,0.020922550785128842,0.02551045957800624,0.7496689364413993,1.266429189443316,True,2
structural_change_delta_0.060,structural_change,76,10,inferred_failure_aware,coverage_wait,coverage_wait,True,1.0,1.1,False,False,0.5,0.3,0.4,0.1,0.5,0.28,0.34,0.18,0.4275140139886709,0.020922550785128842,0.02551045957800624,0.7496689364413993,1.266429189443316,True,2
structural_change_delta_0.060,structural_change,76,20,baseline,normal,coverage_wait,False,1.0,1.0,True,True,0.45,0.25,0.3,0.2,0.5,0.28,0.34,0.18,0.4284380057121166,0.02088894543769571,0.02559964394785985,0.7493507015190997,1.2839093185763562,True,2
structural_change_delta_0.060,structural_change,76,20,reference_aware,coverage_wait,coverage_wait,True,1.0,1.1,False,False,0.45,0.25,0.3,0.2,0.5,0.28,0.34,0.18,0.4275140139886709,0.020922550785128842,0.02551045957800624,0.7496689364413993,1.266429189443316,True,2
structural_change_delta_0.060,structural_change,76,20,inferred_failure_aware,coverage_wait,coverage_wait,True,1.0,1.1,False,False,0.45,0.25,0.3,0.2,0.5,0.28,0.34,0.18,0.4275140139886709,0.020922550785128842,0.02551045957800624,0.7496689364413993,1.266429189443316,True,2
structural_change_delta_0.060,structural_change,77,5,baseline,normal,coverage_wait,False,1.0,1.0,True,True,0.2,0.6,0.4,0.0,0.5,0.28,0.34,0.18,0.25954042137574707,0.01750477012705771,0.00507712913378755,0.7725013650969753,1.3543036080326851,True,2
structural_change_delta_0.060,structural_change,77,5,reference_aware,coverage_wait,coverage_wait,True,1.0,1.1,False,False,0.2,0.6,0.4,0.0,0.5,0.28,0.34,0.18,0.2618332397106684,0.017584404595902648,0.004945790084670998,0.7728473914062056,1.3323196748780568,True,2
structural_change_delta_0.060,structural_change,77,5,inferred_failure_aware,accuracy_guard,coverage_wait,False,0.9,1.75,False,False,0.2,0.6,0.4,0.0,0.5,0.28,0.34,0.18,0.27246486732366926,0.018854279843731492,0.004022005502310133,0.7285787653299666,1.2348427000430682,True,2
structural_change_delta_0.060,structural_change,77,10,baseline,normal,coverage_wait,False,1.0,1.0,True,True,0.4,0.4,0.4,0.0,0.5,0.28,0.34,0.18,0.25954042137574707,0.01750477012705771,0.00507712913378755,0.7725013650969753,1.3543036080326851,True,2
structural_change_delta_0.060,structural_change,77,10,reference_aware,coverage_wait,coverage_wait,True,1.0,1.1,False,False,0.4,0.4,0.4,0.0,0.5,0.28,0.34,0.18,0.2618332397106684,0.017584404595902648,0.004945790084670998,0.7728473914062056,1.3323196748780568,True,2
structural_change_delta_0.060,structural_change,77,10,inferred_failure_aware,accuracy_guard,coverage_wait,False,0.9,1.75,False,False,0.4,0.4,0.4,0.0,0.5,0.28,0.34,0.18,0.27246486732366926,0.018854279843731492,0.004022005502310133,0.7285787653299666,1.2348427000430682,True,2
structural_change_delta_0.060,structural_change,77,20,baseline,normal,coverage_wait,False,1.0,1.0,True,True,0.5,0.35,0.25,0.15,0.5,0.28,0.34,0.18,0.25954042137574707,0.01750477012705771,0.00507712913378755,0.7725013650969753,1.3543036080326851,True,2
structural_change_delta_0.060,structural_change,77,20,reference_aware,coverage_wait,coverage_wait,True,1.0,1.1,False,False,0.5,0.35,0.25,0.15,0.5,0.28,0.34,0.18,0.2618332397106684,0.017584404595902648,0.004945790084670998,0.7728473914062056,1.3323196748780568,True,2
structural_change_delta_0.060,structural_change,77,20,inferred_failure_aware,accuracy_guard,coverage_wait,False,0.9,1.75,False,False,0.5,0.35,0.25,0.15,0.5,0.28,0.34,0.18,0.27246486732366926,0.018854279843731492,0.004022005502310133,0.7285787653299666,1.2348427000430682,True,2
structural_change_delta_0.060,structural_change,78,5,baseline,normal,coverage_wait,False,1.0,1.0,True,True,0.8,0.2,0.2,0.0,0.5,0.28,0.34,0.18,0.3999022510313527,0.019940327872711303,0.022062228906726822,0.7387821214516521,1.0955875621733904,True,2
structural_change_delta_0.060,structural_change,78,5,reference_aware,coverage_wait,coverage_wait,True,1.0,1.1,False,False,0.8,0.2,0.2,0.0,0.5,0.28,0.34,0.18,0.3987359295497142,0.019988386153243342,0.02184115449965951,0.7379831197503623,1.0775321421096364,True,2
structural_change_delta_0.060,structural_change,78,5,inferred_failure_aware,accuracy_guard,coverage_wait,False,0.9,1.75,False,False,0.8,0.2,0.2,0.0,0.5,0.28,0.34,0.18,0.40618911360362936,0.021099611411979746,0.018782656635531803,0.6987712012370694,1.0099425455093272,True,2
structural_change_delta_0.060,structural_change,78,10,baseline,normal,coverage_wait,False,1.0,1.0,True,True,0.7,0.1,0.3,0.0,0.5,0.28,0.34,0.18,0.3999022510313527,0.019940327872711303,0.022062228906726822,0.7387821214516521,1.0955875621733904,True,2
structural_change_delta_0.060,structural_change,78,10,reference_aware,coverage_wait,coverage_wait,True,1.0,1.1,False,False,0.7,0.1,0.3,0.0,0.5,0.28,0.34,0.18,0.3987359295497142,0.019988386153243342,0.02184115449965951,0.7379831197503623,1.0775321421096364,True,2
structural_change_delta_0.060,structural_change,78,10,inferred_failure_aware,coverage_wait,coverage_wait,True,1.0,1.1,False,False,0.7,0.1,0.3,0.0,0.5,0.28,0.34,0.18,0.3987359295497142,0.019988386153243342,0.02184115449965951,0.7379831197503623,1.0775321421096364,True,2
structural_change_delta_0.060,structural_change,78,20,baseline,normal,coverage_wait,False,1.0,1.0,True,True,0.65,0.15,0.3,0.1,0.5,0.28,0.34,0.18,0.3999022510313527,0.019940327872711303,0.022062228906726822,0.7387821214516521,1.0955875621733904,True,2
structural_change_delta_0.060,structural_change,78,20,reference_aware,coverage_wait,coverage_wait,True,1.0,1.1,False,False,0.65,0.15,0.3,0.1,0.5,0.28,0.34,0.18,0.3987359295497142,0.019988386153243342,0.02184115449965951,0.7379831197503623,1.0775321421096364,True,2
structural_change_delta_0.060,structural_change,78,20,inferred_failure_aware,coverage_wait,coverage_wait,True,1.0,1.1,False,False,0.65,0.15,0.3,0.1,0.5,0.28,0.34,0.18,0.3987359295497142,0.019988386153243342,0.02184115449965951,0.7379831197503623,1.0775321421096364,True,2
structural_change_delta_0.060,structural_change,79,5,baseline,normal,coverage_wait,False,1.0,1.0,True,True,0.6,0.2,0.4,0.0,0.5,0.28,0.34,0.18,0.3886520511394311,0.01704433307234093,0.007763642339025378,0.7608561169390362,1.272468106092791,True,1
structural_change_delta_0.060,structural_change,79,5,reference_aware,coverage_wait,coverage_wait,True,1.0,1.1,False,False,0.6,0.2,0.4,0.0,0.5,0.28,0.34,0.18,0.38895185687273165,0.017115613366132116,0.007671707051202792,0.7594781098414485,1.2538059078472368,True,1
structural_change_delta_0.060,structural_change,79,5,inferred_failure_aware,coverage_wait,coverage_wait,True,1.0,1.1,False,False,0.6,0.2,0.4,0.0,0.5,0.28,0.34,0.18,0.38895185687273165,0.017115613366132116,0.007671707051202792,0.7594781098414485,1.2538059078472368,True,1
structural_change_delta_0.060,structural_change,79,10,baseline,normal,coverage_wait,False,1.0,1.0,True,True,0.6,0.3,0.4,0.1,0.5,0.28,0.34,0.18,0.3886520511394311,0.01704433307234093,0.007763642339025378,0.7608561169390362,1.272468106092791,True,1
structural_change_delta_0.060,structural_change,79,10,reference_aware,coverage_wait,coverage_wait,True,1.0,1.1,False,False,0.6,0.3,0.4,0.1,0.5,0.28,0.34,0.18,0.38895185687273165,0.017115613366132116,0.007671707051202792,0.7594781098414485,1.2538059078472368,True,1
structural_change_delta_0.060,structural_change,79,10,inferred_failure_aware,coverage_wait,coverage_wait,True,1.0,1.1,False,False,0.6,0.3,0.4,0.1,0.5,0.28,0.34,0.18,0.38895185687273165,0.017115613366132116,0.007671707051202792,0.7594781098414485,1.2538059078472368,True,1
structural_change_delta_0.060,structural_change,79,20,baseline,normal,coverage_wait,False,1.0,1.0,True,True,0.5,0.25,0.5,0.1,0.5,0.28,0.34,0.18,0.3886520511394311,0.01704433307234093,0.007763642339025378,0.7608561169390362,1.272468106092791,True,1
structural_change_delta_0.060,structural_change,79,20,reference_aware,coverage_wait,coverage_wait,True,1.0,1.1,False,False,0.5,0.25,0.5,0.1,0.5,0.28,0.34,0.18,0.38895185687273165,0.017115613366132116,0.007671707051202792,0.7594781098414485,1.2538059078472368,True,1
structural_change_delta_0.060,structural_change,79,20,inferred_failure_aware,coverage_wait,coverage_wait,True,1.0,1.1,False,False,0.5,0.25,0.5,0.1,0.5,0.28,0.34,0.18,0.38895185687273165,0.017115613366132116,0.007671707051202792,0.7594781098414485,1.2538059078472368,True,1
structural_change_delta_0.060,structural_change,80,5,baseline,normal,coverage_wait,False,1.0,1.0,True,True,0.2,0.4,0.6,0.2,0.5,0.28,0.34,0.18,0.333496457305917,0.015911367195302426,0.0020687862698282045,0.7633218488896156,1.0583105391379881,True,0
structural_change_delta_0.060,structural_change,80,5,reference_aware,coverage_wait,coverage_wait,True,1.0,1.1,False,False,0.2,0.4,0.6,0.2,0.5,0.28,0.34,0.18,0.3329661130936996,0.016017967690551877,0.00225743311203519,0.7627741525107713,1.0446755593352521,True,0
structural_change_delta_0.060,structural_change,80,5,inferred_failure_aware,coverage_wait,coverage_wait,True,1.0,1.1,False,False,0.2,0.4,0.6,0.2,0.5,0.28,0.34,0.18,0.3329661130936996,0.016017967690551877,0.00225743311203519,0.7627741525107713,1.0446755593352521,True,0
structural_change_delta_0.060,structural_change,80,10,baseline,normal,coverage_wait,False,1.0,1.0,True,True,0.4,0.3,0.4,0.1,0.5,0.28,0.34,0.18,0.333496457305917,0.015911367195302426,0.0020687862698282045,0.7633218488896156,1.0583105391379881,True,0
structural_change_delta_0.060,structural_change,80,10,reference_aware,coverage_wait,coverage_wait,True,1.0,1.1,False,False,0.4,0.3,0.4,0.1,0.5,0.28,0.34,0.18,0.3329661130936996,0.016017967690551877,0.00225743311203519,0.7627741525107713,1.0446755593352521,True,0
structural_change_delta_0.060,structural_change,80,10,inferred_failure_aware,coverage_wait,coverage_wait,True,1.0,1.1,False,False,0.4,0.3,0.4,0.1,0.5,0.28,0.34,0.18,0.3329661130936996,0.016017967690551877,0.00225743311203519,0.7627741525107713,1.0446755593352521,True,0
structural_change_delta_0.060,structural_change,80,20,baseline,normal,coverage_wait,False,1.0,1.0,True,True,0.35,0.3,0.5,0.15,0.5,0.28,0.34,0.18,0.333496457305917,0.015911367195302426,0.0020687862698282045,0.7633218488896156,1.0583105391379881,True,0
structural_change_delta_0.060,structural_change,80,20,reference_aware,coverage_wait,coverage_wait,True,1.0,1.1,False,False,0.35,0.3,0.5,0.15,0.5,0.28,0.34,0.18,0.3329661130936996,0.016017967690551877,0.00225743311203519,0.7627741525107713,1.0446755593352521,True,0
structural_change_delta_0.060,structural_change,80,20,inferred_failure_aware,coverage_wait,coverage_wait,True,1.0,1.1,False,False,0.35,0.3,0.5,0.15,0.5,0.28,0.34,0.18,0.3329661130936996,0.016017967690551877,0.00225743311203519,0.7627741525107713,1.0446755593352521,True,0
structural_change_delta_0.060,structural_change,81,5,baseline,normal,coverage_wait,False,1.0,1.0,True,True,0.2,0.0,0.6,0.2,0.5,0.28,0.34,0.18,0.27632154178585155,0.015354619490348598,0.0019328334247360468,0.7601409829645055,1.1106859739698605,True,1
structural_change_delta_0.060,structural_change,81,5,reference_aware,coverage_wait,coverage_wait,True,1.0,1.1,False,False,0.2,0.0,0.6,0.2,0.5,0.28,0.34,0.18,0.27754588504708644,0.015383910683330374,0.0018998556017242318,0.759874126254915,1.0913504441053252,True,1
structural_change_delta_0.060,structural_change,81,5,inferred_failure_aware,coverage_wait,coverage_wait,True,1.0,1.1,False,False,0.2,0.0,0.6,0.2,0.5,0.28,0.34,0.18,0.27754588504708644,0.015383910683330374,0.0018998556017242318,0.759874126254915,1.0913504441053252,True,1
structural_change_delta_0.060,structural_change,81,10,baseline,normal,coverage_wait,False,1.0,1.0,True,True,0.4,0.2,0.5,0.2,0.5,0.28,0.34,0.18,0.27632154178585155,0.015354619490348598,0.0019328334247360468,0.7601409829645055,1.1106859739698605,True,1
structural_change_delta_0.060,structural_change,81,10,reference_aware,coverage_wait,coverage_wait,True,1.0,1.1,False,False,0.4,0.2,0.5,0.2,0.5,0.28,0.34,0.18,0.27754588504708644,0.015383910683330374,0.0018998556017242318,0.759874126254915,1.0913504441053252,True,1
structural_change_delta_0.060,structural_change,81,10,inferred_failure_aware,coverage_wait,coverage_wait,True,1.0,1.1,False,False,0.4,0.2,0.5,0.2,0.5,0.28,0.34,0.18,0.27754588504708644,0.015383910683330374,0.0018998556017242318,0.759874126254915,1.0913504441053252,True,1
structural_change_delta_0.060,structural_change,81,20,baseline,normal,coverage_wait,False,1.0,1.0,True,True,0.5,0.25,0.4,0.15,0.5,0.28,0.34,0.18,0.27632154178585155,0.015354619490348598,0.0019328334247360468,0.7601409829645055,1.1106859739698605,True,1
structural_change_delta_0.060,structural_change,81,20,reference_aware,coverage_wait,coverage_wait,True,1.0,1.1,False,False,0.5,0.25,0.4,0.15,0.5,0.28,0.34,0.18,0.27754588504708644,0.015383910683330374,0.0018998556017242318,0.759874126254915,1.0913504441053252,True,1
structural_change_delta_0.060,structural_change,81,20,inferred_failure_aware,coverage_wait,coverage_wait,True,1.0,1.1,False,False,0.5,0.25,0.4,0.15,0.5,0.28,0.34,0.18,0.27754588504708644,0.015383910683330374,0.0018998556017242318,0.759874126254915,1.0913504441053252,True,1
structural_change_delta_0.060,structural_change,82,5,baseline,normal,coverage_wait,False,1.0,1.0,True,True,0.4,0.2,0.2,0.4,0.5,0.28,0.34,0.18,0.3132956721729607,0.018138607138873945,0.00636746160813817,0.7741192379247961,1.1440002451951345,True,2
structural_change_delta_0.060,structural_change,82,5,reference_aware,coverage_wait,coverage_wait,True,1.0,1.1,False,False,0.4,0.2,0.2,0.4,0.5,0.28,0.34,0.18,0.313379807870321,0.01821465578957377,0.0062866783489695655,0.772559780828128,1.1262110587835106,True,2
structural_change_delta_0.060,structural_change,82,5,inferred_failure_aware,selective_guard,coverage_wait,False,1.0,1.25,False,False,0.4,0.2,0.2,0.4,0.5,0.28,0.34,0.18,0.3137580948309606,0.01832386812039067,0.006178252932257933,0.770410656751602,1.1023458564874358,True,2
structural_change_delta_0.060,structural_change,82,10,baseline,normal,coverage_wait,False,1.0,1.0,True,True,0.5,0.2,0.3,0.2,0.5,0.28,0.34,0.18,0.3132956721729607,0.018138607138873945,0.00636746160813817,0.7741192379247961,1.1440002451951345,True,2
structural_change_delta_0.060,structural_change,82,10,reference_aware,coverage_wait,coverage_wait,True,1.0,1.1,False,False,0.5,0.2,0.3,0.2,0.5,0.28,0.34,0.18,0.313379807870321,0.01821465578957377,0.0062866783489695655,0.772559780828128,1.1262110587835106,True,2
structural_change_delta_0.060,structural_change,82,10,inferred_failure_aware,coverage_wait,coverage_wait,True,1.0,1.1,False,False,0.5,0.2,0.3,0.2,0.5,0.28,0.34,0.18,0.313379807870321,0.01821465578957377,0.0062866783489695655,0.772559780828128,1.1262110587835106,True,2
structural_change_delta_0.060,structural_change,82,20,baseline,normal,coverage_wait,False,1.0,1.0,True,True,0.45,0.25,0.3,0.2,0.5,0.28,0.34,0.18,0.3132956721729607,0.018138607138873945,0.00636746160813817,0.7741192379247961,1.1440002451951345,True,2
structural_change_delta_0.060,structural_change,82,20,reference_aware,coverage_wait,coverage_wait,True,1.0,1.1,False,False,0.45,0.25,0.3,0.2,0.5,0.28,0.34,0.18,0.313379807870321,0.01821465578957377,0.0062866783489695655,0.772559780828128,1.1262110587835106,True,2
structural_change_delta_0.060,structural_change,82,20,inferred_failure_aware,coverage_wait,coverage_wait,True,1.0,1.1,False,False,0.45,0.25,0.3,0.2,0.5,0.28,0.34,0.18,0.313379807870321,0.01821465578957377,0.0062866783489695655,0.772559780828128,1.1262110587835106,True,2
structural_change_delta_0.060,structural_change,83,5,baseline,normal,coverage_wait,False,1.0,1.0,True,True,0.6,0.4,0.2,0.2,0.5,0.28,0.34,0.18,0.26972419673542725,0.015052741273672707,0.006399616986649814,0.7503957173359219,1.1594654337036074,True,0
structural_change_delta_0.060,structural_change,83,5,reference_aware,coverage_wait,coverage_wait,True,1.0,1.1,False,False,0.6,0.4,0.2,0.2,0.5,0.28,0.34,0.18,0.2710737408559536,0.01514748129782523,0.006437934079613461,0.7499793306087094,1.1491278578965873,True,0
structural_change_delta_0.060,structural_change,83,5,inferred_failure_aware,accuracy_guard,coverage_wait,False,0.9,1.75,False,False,0.6,0.4,0.2,0.2,0.5,0.28,0.34,0.18,0.28482493996062375,0.016412432013190405,0.006140890222708917,0.7052454340544377,1.1176043099585828,True,2
structural_change_delta_0.060,structural_change,83,10,baseline,normal,coverage_wait,False,1.0,1.0,True,True,0.8,0.2,0.1,0.1,0.5,0.28,0.34,0.18,0.26972419673542725,0.015052741273672707,0.006399616986649814,0.7503957173359219,1.1594654337036074,True,0
structural_change_delta_0.060,structural_change,83,10,reference_aware,coverage_wait,coverage_wait,True,1.0,1.1,False,False,0.8,0.2,0.1,0.1,0.5,0.28,0.34,0.18,0.2710737408559536,0.01514748129782523,0.006437934079613461,0.7499793306087094,1.1491278578965873,True,0
structural_change_delta_0.060,structural_change,83,10,inferred_failure_aware,accuracy_guard,coverage_wait,False,0.9,1.75,False,False,0.8,0.2,0.1,0.1,0.5,0.28,0.34,0.18,0.28482493996062375,0.016412432013190405,0.006140890222708917,0.7052454340544377,1.1176043099585828,True,2
structural_change_delta_0.060,structural_change,83,20,baseline,normal,coverage_wait,False,1.0,1.0,True,True,0.6,0.1,0.35,0.05,0.5,0.28,0.34,0.18,0.26972419673542725,0.015052741273672707,0.006399616986649814,0.7503957173359219,1.1594654337036074,True,0
structural_change_delta_0.060,structural_change,83,20,reference_aware,coverage_wait,coverage_wait,True,1.0,1.1,False,False,0.6,0.1,0.35,0.05,0.5,0.28,0.34,0.18,0.2710737408559536,0.01514748129782523,0.006437934079613461,0.7499793306087094,1.1491278578965873,True,0
structural_change_delta_0.060,structural_change,83,20,inferred_failure_aware,coverage_wait,coverage_wait,True,1.0,1.1,False,False,0.6,0.1,0.35,0.05,0.5,0.28,0.34,0.18,0.2710737408559536,0.01514748129782523,0.006437934079613461,0.7499793306087094,1.1491278578965873,True,0
structural_change_delta_0.060,structural_change,84,5,baseline,normal,coverage_wait,False,1.0,1.0,True,True,0.2,0.6,0.6,0.2,0.5,0.28,0.34,0.18,0.2439629308766347,0.015955534358929633,0.015395145879579353,0.7420949802947169,1.1001766229922845,True,1
structural_change_delta_0.060,structural_change,84,5,reference_aware,coverage_wait,coverage_wait,True,1.0,1.1,False,False,0.2,0.6,0.6,0.2,0.5,0.28,0.34,0.18,0.24428073551124405,0.01605502420100761,0.015342941821080203,0.7429383996459095,1.0877585131578187,True,1
structural_change_delta_0.060,structural_change,84,5,inferred_failure_aware,accuracy_guard,coverage_wait,False,0.9,1.75,False,False,0.2,0.6,0.6,0.2,0.5,0.28,0.34,0.18,0.2528737132594777,0.017378718018231838,0.013680155737015198,0.7080869550345475,1.0449884661379867,True,1
structural_change_delta_0.060,structural_change,84,10,baseline,normal,coverage_wait,False,1.0,1.0,True,True,0.5,0.3,0.3,0.2,0.5,0.28,0.34,0.18,0.2439629308766347,0.015955534358929633,0.015395145879579353,0.7420949802947169,1.1001766229922845,True,1
structural_change_delta_0.060,structural_change,84,10,reference_aware,coverage_wait,coverage_wait,True,1.0,1.1,False,False,0.5,0.3,0.3,0.2,0.5,0.28,0.34,0.18,0.24428073551124405,0.01605502420100761,0.015342941821080203,0.7429383996459095,1.0877585131578187,True,1
structural_change_delta_0.060,structural_change,84,10,inferred_failure_aware,accuracy_guard,coverage_wait,False,0.9,1.75,False,False,0.5,0.3,0.3,0.2,0.5,0.28,0.34,0.18,0.2528737132594777,0.017378718018231838,0.013680155737015198,0.7080869550345475,1.0449884661379867,True,1
structural_change_delta_0.060,structural_change,84,20,baseline,normal,coverage_wait,False,1.0,1.0,True,True,0.5,0.2,0.4,0.15,0.5,0.28,0.34,0.18,0.2439629308766347,0.015955534358929633,0.015395145879579353,0.7420949802947169,1.1001766229922845,True,1
structural_change_delta_0.060,structural_change,84,20,reference_aware,coverage_wait,coverage_wait,True,1.0,1.1,False,False,0.5,0.2,0.4,0.15,0.5,0.28,0.34,0.18,0.24428073551124405,0.01605502420100761,0.015342941821080203,0.7429383996459095,1.0877585131578187,True,1
structural_change_delta_0.060,structural_change,84,20,inferred_failure_aware,coverage_wait,coverage_wait,True,1.0,1.1,False,False,0.5,0.2,0.4,0.15,0.5,0.28,0.34,0.18,0.24428073551124405,0.01605502420100761,0.015342941821080203,0.7429383996459095,1.0877585131578187,True,1
structural_change_delta_0.060,structural_change,85,5,baseline,normal,coverage_wait,False,1.0,1.0,True,True,0.6,0.4,0.0,0.4,0.5,0.28,0.34,0.18,0.27051000553951904,0.01577186433957688,0.008572386931021914,0.7642579047407742,1.361504410735045,True,1
structural_change_delta_0.060,structural_change,85,5,reference_aware,coverage_wait,coverage_wait,True,1.0,1.1,False,False,0.6,0.4,0.0,0.4,0.5,0.28,0.34,0.18,0.2728452230247935,0.015850566382209393,0.008462347003149406,0.765051842902345,1.3449888904760936,True,1
structural_change_delta_0.060,structural_change,85,5,inferred_failure_aware,accuracy_guard,coverage_wait,False,0.9,1.75,False,False,0.6,0.4,0.0,0.4,0.5,0.28,0.34,0.18,0.288546376281805,0.017062546671471432,0.007344940521890608,0.7303352313778173,1.2660719721597002,True,1
structural_change_delta_0.060,structural_change,85,10,baseline,normal,coverage_wait,False,1.0,1.0,True,True,0.8,0.2,0.0,0.2,0.5,0.28,0.34,0.18,0.27051000553951904,0.01577186433957688,0.008572386931021914,0.7642579047407742,1.361504410735045,True,1
structural_change_delta_0.060,structural_change,85,10,reference_aware,coverage_wait,coverage_wait,True,1.0,1.1,False,False,0.8,0.2,0.0,0.2,0.5,0.28,0.34,0.18,0.2728452230247935,0.015850566382209393,0.008462347003149406,0.765051842902345,1.3449888904760936,True,1
structural_change_delta_0.060,structural_change,85,10,inferred_failure_aware,accuracy_guard,coverage_wait,False,0.9,1.75,False,False,0.8,0.2,0.0,0.2,0.5,0.28,0.34,0.18,0.288546376281805,0.017062546671471432,0.007344940521890608,0.7303352313778173,1.2660719721597002,True,1
structural_change_delta_0.060,structural_change,85,20,baseline,normal,coverage_wait,False,1.0,1.0,True,True,0.5,0.45,0.3,0.25,0.5,0.28,0.34,0.18,0.27051000553951904,0.01577186433957688,0.008572386931021914,0.7642579047407742,1.361504410735045,True,1
structural_change_delta_0.060,structural_change,85,20,reference_aware,coverage_wait,coverage_wait,True,1.0,1.1,False,False,0.5,0.45,0.3,0.25,0.5,0.28,0.34,0.18,0.2728452230247935,0.015850566382209393,0.008462347003149406,0.765051842902345,1.3449888904760936,True,1
structural_change_delta_0.060,structural_change,85,20,inferred_failure_aware,accuracy_guard,coverage_wait,False,0.9,1.75,False,False,0.5,0.45,0.3,0.25,0.5,0.28,0.34,0.18,0.288546376281805,0.017062546671471432,0.007344940521890608,0.7303352313778173,1.2660719721597002,True,1
structural_change_delta_0.060,structural_change,86,5,baseline,normal,coverage_wait,False,1.0,1.0,True,True,0.4,0.0,0.4,0.2,0.5,0.28,0.34,0.18,0.31428809235861344,0.017107635586030293,0.0036383060390330346,0.749520264591861,0.9713889322150177,True,2
structural_change_delta_0.060,structural_change,86,5,reference_aware,coverage_wait,coverage_wait,True,1.0,1.1,False,False,0.4,0.0,0.4,0.2,0.5,0.28,0.34,0.18,0.31214540098645366,0.017132369244233257,0.0036312653445244036,0.7489081655807255,0.9581093019441512,True,2
structural_change_delta_0.060,structural_change,86,5,inferred_failure_aware,coverage_wait,coverage_wait,True,1.0,1.1,False,False,0.4,0.0,0.4,0.2,0.5,0.28,0.34,0.18,0.31214540098645366,0.017132369244233257,0.0036312653445244036,0.7489081655807255,0.9581093019441512,True,2
structural_change_delta_0.060,structural_change,86,10,baseline,normal,coverage_wait,False,1.0,1.0,True,True,0.5,0.2,0.3,0.3,0.5,0.28,0.34,0.18,0.31428809235861344,0.017107635586030293,0.0036383060390330346,0.749520264591861,0.9713889322150177,True,2
structural_change_delta_0.060,structural_change,86,10,reference_aware,coverage_wait,coverage_wait,True,1.0,1.1,False,False,0.5,0.2,0.3,0.3,0.5,0.28,0.34,0.18,0.31214540098645366,0.017132369244233257,0.0036312653445244036,0.7489081655807255,0.9581093019441512,True,2
structural_change_delta_0.060,structural_change,86,10,inferred_failure_aware,coverage_wait,coverage_wait,True,1.0,1.1,False,False,0.5,0.2,0.3,0.3,0.5,0.28,0.34,0.18,0.31214540098645366,0.017132369244233257,0.0036312653445244036,0.7489081655807255,0.9581093019441512,True,2
structural_change_delta_0.060,structural_change,86,20,baseline,normal,coverage_wait,False,1.0,1.0,True,True,0.4,0.35,0.45,0.25,0.5,0.28,0.34,0.18,0.31428809235861344,0.017107635586030293,0.0036383060390330346,0.749520264591861,0.9713889322150177,True,2
structural_change_delta_0.060,structural_change,86,20,reference_aware,coverage_wait,coverage_wait,True,1.0,1.1,False,False,0.4,0.35,0.45,0.25,0.5,0.28,0.34,0.18,0.31214540098645366,0.017132369244233257,0.0036312653445244036,0.7489081655807255,0.9581093019441512,True,2
structural_change_delta_0.060,structural_change,86,20,inferred_failure_aware,coverage_wait,coverage_wait,True,1.0,1.1,False,False,0.4,0.35,0.45,0.25,0.5,0.28,0.34,0.18,0.31214540098645366,0.017132369244233257,0.0036312653445244036,0.7489081655807255,0.9581093019441512,True,2
structural_change_delta_0.060,structural_change,87,5,baseline,normal,coverage_wait,False,1.0,1.0,True,True,0.4,0.4,0.2,0.4,0.5,0.28,0.34,0.18,0.37222149568041385,0.01645917531423587,0.0043394990910212705,0.7068846710686384,1.0223886317374808,True,1
structural_change_delta_0.060,structural_change,87,5,reference_aware,coverage_wait,coverage_wait,True,1.0,1.1,False,False,0.4,0.4,0.2,0.4,0.5,0.28,0.34,0.18,0.3722272515363235,0.016503643767266443,0.004315296383876399,0.7062261390730659,1.0070329716799167,True,1
structural_change_delta_0.060,structural_change,87,5,inferred_failure_aware,accuracy_guard,coverage_wait,False,0.9,1.75,False,False,0.4,0.4,0.2,0.4,0.5,0.28,0.34,0.18,0.37520026076223056,0.017295101163858802,0.003371559208707131,0.6735996021326964,0.9479022460784117,True,1
structural_change_delta_0.060,structural_change,87,10,baseline,normal,coverage_wait,False,1.0,1.0,True,True,0.6,0.3,0.2,0.2,0.5,0.28,0.34,0.18,0.37222149568041385,0.01645917531423587,0.0043394990910212705,0.7068846710686384,1.0223886317374808,True,1
structural_change_delta_0.060,structural_change,87,10,reference_aware,coverage_wait,coverage_wait,True,1.0,1.1,False,False,0.6,0.3,0.2,0.2,0.5,0.28,0.34,0.18,0.3722272515363235,0.016503643767266443,0.004315296383876399,0.7062261390730659,1.0070329716799167,True,1
structural_change_delta_0.060,structural_change,87,10,inferred_failure_aware,accuracy_guard,coverage_wait,False,0.9,1.75,False,False,0.6,0.3,0.2,0.2,0.5,0.28,0.34,0.18,0.37520026076223056,0.017295101163858802,0.003371559208707131,0.6735996021326964,0.9479022460784117,True,1
structural_change_delta_0.060,structural_change,87,20,baseline,normal,coverage_wait,False,1.0,1.0,True,True,0.5,0.25,0.3,0.15,0.5,0.28,0.34,0.18,0.37222149568041385,0.01645917531423587,0.0043394990910212705,0.7068846710686384,1.0223886317374808,True,1
structural_change_delta_0.060,structural_change,87,20,reference_aware,coverage_wait,coverage_wait,True,1.0,1.1,False,False,0.5,0.25,0.3,0.15,0.5,0.28,0.34,0.18,0.3722272515363235,0.016503643767266443,0.004315296383876399,0.7062261390730659,1.0070329716799167,True,1
structural_change_delta_0.060,structural_change,87,20,inferred_failure_aware,coverage_wait,coverage_wait,True,1.0,1.1,False,False,0.5,0.25,0.3,0.15,0.5,0.28,0.34,0.18,0.3722272515363235,0.016503643767266443,0.004315296383876399,0.7062261390730659,1.0070329716799167,True,1
structural_change_delta_0.060,structural_change,88,5,baseline,normal,coverage_wait,False,1.0,1.0,True,True,0.4,0.0,0.6,0.0,0.5,0.28,0.34,0.18,0.3822913214845595,0.017945716745746017,0.004244770917625096,0.7163807278651614,1.0461290687764364,True,2
structural_change_delta_0.060,structural_change,88,5,reference_aware,coverage_wait,coverage_wait,True,1.0,1.1,False,False,0.4,0.0,0.6,0.0,0.5,0.28,0.34,0.18,0.3807842625818928,0.01802062478446374,0.004288663594925413,0.7151246615620569,1.028551593765169,True,2
structural_change_delta_0.060,structural_change,88,5,inferred_failure_aware,coverage_wait,coverage_wait,True,1.0,1.1,False,False,0.4,0.0,0.6,0.0,0.5,0.28,0.34,0.18,0.3807842625818928,0.01802062478446374,0.004288663594925413,0.7151246615620569,1.028551593765169,True,2
structural_change_delta_0.060,structural_change,88,10,baseline,normal,coverage_wait,False,1.0,1.0,True,True,0.4,0.2,0.5,0.0,0.5,0.28,0.34,0.18,0.3822913214845595,0.017945716745746017,0.004244770917625096,0.7163807278651614,1.0461290687764364,True,2
structural_change_delta_0.060,structural_change,88,10,reference_aware,coverage_wait,coverage_wait,True,1.0,1.1,False,False,0.4,0.2,0.5,0.0,0.5,0.28,0.34,0.18,0.3807842625818928,0.01802062478446374,0.004288663594925413,0.7151246615620569,1.028551593765169,True,2
structural_change_delta_0.060,structural_change,88,10,inferred_failure_aware,coverage_wait,coverage_wait,True,1.0,1.1,False,False,0.4,0.2,0.5,0.0,0.5,0.28,0.34,0.18,0.3807842625818928,0.01802062478446374,0.004288663594925413,0.7151246615620569,1.028551593765169,True,2
structural_change_delta_0.060,structural_change,88,20,baseline,normal,coverage_wait,False,1.0,1.0,True,True,0.5,0.2,0.35,0.15,0.5,0.28,0.34,0.18,0.3822913214845595,0.017945716745746017,0.004244770917625096,0.7163807278651614,1.0461290687764364,True,2
structural_change_delta_0.060,structural_change,88,20,reference_aware,coverage_wait,coverage_wait,True,1.0,1.1,False,False,0.5,0.2,0.35,0.15,0.5,0.28,0.34,0.18,0.3807842625818928,0.01802062478446374,0.004288663594925413,0.7151246615620569,1.028551593765169,True,2
structural_change_delta_0.060,structural_change,88,20,inferred_failure_aware,coverage_wait,coverage_wait,True,1.0,1.1,False,False,0.5,0.2,0.35,0.15,0.5,0.28,0.34,0.18,0.3807842625818928,0.01802062478446374,0.004288663594925413,0.7151246615620569,1.028551593765169,True,2
structural_change_delta_0.060,structural_change,89,5,baseline,normal,coverage_wait,False,1.0,1.0,True,True,0.4,0.2,0.2,0.2,0.5,0.28,0.34,0.18,0.3121296292768285,0.015978543023320364,0.002440124322503734,0.7115316838562725,1.1739932496311547,True,1
structural_change_delta_0.060,structural_change,89,5,reference_aware,coverage_wait,coverage_wait,True,1.0,1.1,False,False,0.4,0.2,0.2,0.2,0.5,0.28,0.34,0.18,0.3107470741597871,0.01603400790474681,0.0023025620389605095,0.7108305700377162,1.1592330644148898,True,2
structural_change_delta_0.060,structural_change,89,5,inferred_failure_aware,accuracy_guard,coverage_wait,False,0.9,1.75,False,False,0.4,0.2,0.2,0.2,0.5,0.28,0.34,0.18,0.3087750611745191,0.017065572208465274,0.0014749045959535634,0.6713590965203488,1.0832164800137596,True,2
structural_change_delta_0.060,structural_change,89,10,baseline,normal,coverage_wait,False,1.0,1.0,True,True,0.5,0.2,0.3,0.1,0.5,0.28,0.34,0.18,0.3121296292768285,0.015978543023320364,0.002440124322503734,0.7115316838562725,1.1739932496311547,True,1
structural_change_delta_0.060,structural_change,89,10,reference_aware,coverage_wait,coverage_wait,True,1.0,1.1,False,False,0.5,0.2,0.3,0.1,0.5,0.28,0.34,0.18,0.3107470741597871,0.01603400790474681,0.0023025620389605095,0.7108305700377162,1.1592330644148898,True,2
structural_change_delta_0.060,structural_change,89,10,inferred_failure_aware,coverage_wait,coverage_wait,True,1.0,1.1,False,False,0.5,0.2,0.3,0.1,0.5,0.28,0.34,0.18,0.3107470741597871,0.01603400790474681,0.0023025620389605095,0.7108305700377162,1.1592330644148898,True,2
structural_change_delta_0.060,structural_change,89,20,baseline,normal,coverage_wait,False,1.0,1.0,True,True,0.55,0.2,0.3,0.15,0.5,0.28,0.34,0.18,0.3121296292768285,0.015978543023320364,0.002440124322503734,0.7115316838562725,1.1739932496311547,True,1
structural_change_delta_0.060,structural_change,89,20,reference_aware,coverage_wait,coverage_wait,True,1.0,1.1,False,False,0.55,0.2,0.3,0.15,0.5,0.28,0.34,0.18,0.3107470741597871,0.01603400790474681,0.0023025620389605095,0.7108305700377162,1.1592330644148898,True,2
structural_change_delta_0.060,structural_change,89,20,inferred_failure_aware,coverage_wait,coverage_wait,True,1.0,1.1,False,False,0.55,0.2,0.3,0.15,0.5,0.28,0.34,0.18,0.3107470741597871,0.01603400790474681,0.0023025620389605095,0.7108305700377162,1.1592330644148898,True,2
structural_change_delta_0.060,structural_change,90,5,baseline,normal,coverage_wait,False,1.0,1.0,True,True,0.8,0.2,0.2,0.2,0.5,0.28,0.34,0.18,0.32996371021804566,0.01638090323429904,0.00999230043488819,0.7858605716686361,1.1221256205414707,True,1
structural_change_delta_0.060,structural_change,90,5,reference_aware,coverage_wait,coverage_wait,True,1.0,1.1,False,False,0.8,0.2,0.2,0.2,0.5,0.28,0.34,0.18,0.32967077988446497,0.016401994420459497,0.00982250764223247,0.785573341881555,1.1070403734225946,True,1
structural_change_delta_0.060,structural_change,90,5,inferred_failure_aware,accuracy_guard,coverage_wait,False,0.9,1.75,False,False,0.8,0.2,0.2,0.2,0.5,0.28,0.34,0.18,0.32887552511580737,0.017163589771823452,0.00819746310726921,0.7328950467547986,1.0475240635092504,True,2
structural_change_delta_0.060,structural_change,90,10,baseline,normal,coverage_wait,False,1.0,1.0,True,True,0.7,0.2,0.3,0.2,0.5,0.28,0.34,0.18,0.32996371021804566,0.01638090323429904,0.00999230043488819,0.7858605716686361,1.1221256205414707,True,1
structural_change_delta_0.060,structural_change,90,10,reference_aware,coverage_wait,coverage_wait,True,1.0,1.1,False,False,0.7,0.2,0.3,0.2,0.5,0.28,0.34,0.18,0.32967077988446497,0.016401994420459497,0.00982250764223247,0.785573341881555,1.1070403734225946,True,1
structural_change_delta_0.060,structural_change,90,10,inferred_failure_aware,coverage_wait,coverage_wait,True,1.0,1.1,False,False,0.7,0.2,0.3,0.2,0.5,0.28,0.34,0.18,0.32967077988446497,0.016401994420459497,0.00982250764223247,0.785573341881555,1.1070403734225946,True,1
structural_change_delta_0.060,structural_change,90,20,baseline,normal,coverage_wait,False,1.0,1.0,True,True,0.55,0.25,0.25,0.25,0.5,0.28,0.34,0.18,0.32996371021804566,0.01638090323429904,0.00999230043488819,0.7858605716686361,1.1221256205414707,True,1
structural_change_delta_0.060,structural_change,90,20,reference_aware,coverage_wait,coverage_wait,True,1.0,1.1,False,False,0.55,0.25,0.25,0.25,0.5,0.28,0.34,0.18,0.32967077988446497,0.016401994420459497,0.00982250764223247,0.785573341881555,1.1070403734225946,True,1
structural_change_delta_0.060,structural_change,90,20,inferred_failure_aware,accuracy_guard,coverage_wait,False,0.9,1.75,False,False,0.55,0.25,0.25,0.25,0.5,0.28,0.34,0.18,0.32887552511580737,0.017163589771823452,0.00819746310726921,0.7328950467547986,1.0475240635092504,True,2
structural_change_delta_0.060,structural_change,91,5,baseline,normal,coverage_wait,False,1.0,1.0,True,True,0.6,0.4,0.2,0.2,0.5,0.28,0.34,0.18,0.38790704291323885,0.017841747469689934,0.009270329603643601,0.7365025235924324,1.0641185194271097,True,2
structural_change_delta_0.060,structural_change,91,5,reference_aware,coverage_wait,coverage_wait,True,1.0,1.1,False,False,0.6,0.4,0.2,0.2,0.5,0.28,0.34,0.18,0.38789666394770383,0.017831423124679974,0.009395921143641406,0.7363299831588465,1.0424916938967865,True,2
structural_change_delta_0.060,structural_change,91,5,inferred_failure_aware,accuracy_guard,coverage_wait,False,0.9,1.75,False,False,0.6,0.4,0.2,0.2,0.5,0.28,0.34,0.18,0.38676028249888356,0.01835046285518479,0.009761808001218397,0.6998237284238986,0.9547436777373409,True,2
structural_change_delta_0.060,structural_change,91,10,baseline,normal,coverage_wait,False,1.0,1.0,True,True,0.7,0.2,0.2,0.1,0.5,0.28,0.34,0.18,0.38790704291323885,0.017841747469689934,0.009270329603643601,0.7365025235924324,1.0641185194271097,True,2
structural_change_delta_0.060,structural_change,91,10,reference_aware,coverage_wait,coverage_wait,True,1.0,1.1,False,False,0.7,0.2,0.2,0.1,0.5,0.28,0.34,0.18,0.38789666394770383,0.017831423124679974,0.009395921143641406,0.7363299831588465,1.0424916938967865,True,2
structural_change_delta_0.060,structural_change,91,10,inferred_failure_aware,accuracy_guard,coverage_wait,False,0.9,1.75,False,False,0.7,0.2,0.2,0.1,0.5,0.28,0.34,0.18,0.38676028249888356,0.01835046285518479,0.009761808001218397,0.6998237284238986,0.9547436777373409,True,2
structural_change_delta_0.060,structural_change,91,20,baseline,normal,coverage_wait,False,1.0,1.0,True,True,0.6,0.25,0.35,0.15,0.5,0.28,0.34,0.18,0.38790704291323885,0.017841747469689934,0.009270329603643601,0.7365025235924324,1.0641185194271097,True,2
structural_change_delta_0.060,structural_change,91,20,reference_aware,coverage_wait,coverage_wait,True,1.0,1.1,False,False,0.6,0.25,0.35,0.15,0.5,0.28,0.34,0.18,0.38789666394770383,0.017831423124679974,0.009395921143641406,0.7363299831588465,1.0424916938967865,True,2
structural_change_delta_0.060,structural_change,91,20,inferred_failure_aware,coverage_wait,coverage_wait,True,1.0,1.1,False,False,0.6,0.25,0.35,0.15,0.5,0.28,0.34,0.18,0.38789666394770383,0.017831423124679974,0.009395921143641406,0.7363299831588465,1.0424916938967865,True,2
structural_change_delta_0.060,structural_change,92,5,baseline,normal,coverage_wait,False,1.0,1.0,True,True,0.6,0.2,0.2,0.2,0.5,0.28,0.34,0.18,0.19343508817959998,0.013895003087699514,0.005153717946596248,0.7238015578065766,1.058999653795976,True,0
structural_change_delta_0.060,structural_change,92,5,reference_aware,coverage_wait,coverage_wait,True,1.0,1.1,False,False,0.6,0.2,0.2,0.2,0.5,0.28,0.34,0.18,0.19729342670505598,0.014018607407725876,0.0050040612733928125,0.7236070982113103,1.0452122061707638,True,0
structural_change_delta_0.060,structural_change,92,5,inferred_failure_aware,accuracy_guard,coverage_wait,False,0.9,1.75,False,False,0.6,0.2,0.2,0.2,0.5,0.28,0.34,0.18,0.22543761564195125,0.015692777388028937,0.003447416198051778,0.6821501499874745,0.9872847574038699,True,0
structural_change_delta_0.060,structural_change,92,10,baseline,normal,coverage_wait,False,1.0,1.0,True,True,0.6,0.2,0.2,0.1,0.5,0.28,0.34,0.18,0.19343508817959998,0.013895003087699514,0.005153717946596248,0.7238015578065766,1.058999653795976,True,0
structural_change_delta_0.060,structural_change,92,10,reference_aware,coverage_wait,coverage_wait,True,1.0,1.1,False,False,0.6,0.2,0.2,0.1,0.5,0.28,0.34,0.18,0.19729342670505598,0.014018607407725876,0.0050040612733928125,0.7236070982113103,1.0452122061707638,True,0
structural_change_delta_0.060,structural_change,92,10,inferred_failure_aware,accuracy_guard,coverage_wait,False,0.9,1.75,False,False,0.6,0.2,0.2,0.1,0.5,0.28,0.34,0.18,0.22543761564195125,0.015692777388028937,0.003447416198051778,0.6821501499874745,0.9872847574038699,True,0
structural_change_delta_0.060,structural_change,92,20,baseline,normal,coverage_wait,False,1.0,1.0,True,True,0.55,0.35,0.3,0.2,0.5,0.28,0.34,0.18,0.19343508817959998,0.013895003087699514,0.005153717946596248,0.7238015578065766,1.058999653795976,True,0
structural_change_delta_0.060,structural_change,92,20,reference_aware,coverage_wait,coverage_wait,True,1.0,1.1,False,False,0.55,0.35,0.3,0.2,0.5,0.28,0.34,0.18,0.19729342670505598,0.014018607407725876,0.0050040612733928125,0.7236070982113103,1.0452122061707638,True,0
structural_change_delta_0.060,structural_change,92,20,inferred_failure_aware,accuracy_guard,coverage_wait,False,0.9,1.75,False,False,0.55,0.35,0.3,0.2,0.5,0.28,0.34,0.18,0.22543761564195125,0.015692777388028937,0.003447416198051778,0.6821501499874745,0.9872847574038699,True,0
structural_change_delta_0.060,structural_change,93,5,baseline,normal,coverage_wait,False,1.0,1.0,True,True,0.2,0.2,0.6,0.2,0.5,0.28,0.34,0.18,0.2461207350369747,0.012902659979778517,0.008983400641864203,0.772634553461175,0.9483456403031234,True,0
structural_change_delta_0.060,structural_change,93,5,reference_aware,coverage_wait,coverage_wait,True,1.0,1.1,False,False,0.2,0.2,0.6,0.2,0.5,0.28,0.34,0.18,0.2467788816737758,0.012965165001989494,0.008878026524601124,0.7724473074445465,0.9357217191378273,True,0
structural_change_delta_0.060,structural_change,93,5,inferred_failure_aware,coverage_wait,coverage_wait,True,1.0,1.1,False,False,0.2,0.2,0.6,0.2,0.5,0.28,0.34,0.18,0.2467788816737758,0.012965165001989494,0.008878026524601124,0.7724473074445465,0.9357217191378273,True,0
structural_change_delta_0.060,structural_change,93,10,baseline,normal,coverage_wait,False,1.0,1.0,True,True,0.3,0.4,0.4,0.3,0.5,0.28,0.34,0.18,0.2461207350369747,0.012902659979778517,0.008983400641864203,0.772634553461175,0.9483456403031234,True,0
structural_change_delta_0.060,structural_change,93,10,reference_aware,coverage_wait,coverage_wait,True,1.0,1.1,False,False,0.3,0.4,0.4,0.3,0.5,0.28,0.34,0.18,0.2467788816737758,0.012965165001989494,0.008878026524601124,0.7724473074445465,0.9357217191378273,True,0
structural_change_delta_0.060,structural_change,93,10,inferred_failure_aware,accuracy_guard,coverage_wait,False,0.9,1.75,False,False,0.3,0.4,0.4,0.3,0.5,0.28,0.34,0.18,0.25259355088721597,0.014129882775363551,0.007662408819247957,0.7236079896058671,0.8870193023883719,True,0
structural_change_delta_0.060,structural_change,93,20,baseline,normal,coverage_wait,False,1.0,1.0,True,True,0.25,0.4,0.45,0.4,0.5,0.28,0.34,0.18,0.2461207350369747,0.012902659979778517,0.008983400641864203,0.772634553461175,0.9483456403031234,True,0
structural_change_delta_0.060,structural_change,93,20,reference_aware,coverage_wait,coverage_wait,True,1.0,1.1,False,False,0.25,0.4,0.45,0.4,0.5,0.28,0.34,0.18,0.2467788816737758,0.012965165001989494,0.008878026524601124,0.7724473074445465,0.9357217191378273,True,0
structural_change_delta_0.060,structural_change,93,20,inferred_failure_aware,coverage_wait,coverage_wait,True,1.0,1.1,False,False,0.25,0.4,0.45,0.4,0.5,0.28,0.34,0.18,0.2467788816737758,0.012965165001989494,0.008878026524601124,0.7724473074445465,0.9357217191378273,True,0
structural_change_delta_0.060,structural_change,94,5,baseline,normal,coverage_wait,False,1.0,1.0,True,True,0.6,0.2,0.2,0.2,0.5,0.28,0.34,0.18,0.3584998262649949,0.015432775822134507,0.016400643926208325,0.7778852104353993,1.3276153187540154,True,1
structural_change_delta_0.060,structural_change,94,5,reference_aware,coverage_wait,coverage_wait,True,1.0,1.1,False,False,0.6,0.2,0.2,0.2,0.5,0.28,0.34,0.18,0.36121995289417713,0.015540064040339922,0.016299887377770328,0.7780444045751174,1.3075291737807269,True,1
structural_change_delta_0.060,structural_change,94,5,inferred_failure_aware,accuracy_guard,coverage_wait,False,0.9,1.75,False,False,0.6,0.2,0.2,0.2,0.5,0.28,0.34,0.18,0.3810516735285022,0.016746885570334203,0.013632745854310957,0.7307065030487457,1.228272690483651,True,2
structural_change_delta_0.060,structural_change,94,10,baseline,normal,coverage_wait,False,1.0,1.0,True,True,0.6,0.2,0.3,0.1,0.5,0.28,0.34,0.18,0.3584998262649949,0.015432775822134507,0.016400643926208325,0.7778852104353993,1.3276153187540154,True,1
structural_change_delta_0.060,structural_change,94,10,reference_aware,coverage_wait,coverage_wait,True,1.0,1.1,False,False,0.6,0.2,0.3,0.1,0.5,0.28,0.34,0.18,0.36121995289417713,0.015540064040339922,0.016299887377770328,0.7780444045751174,1.3075291737807269,True,1
structural_change_delta_0.060,structural_change,94,10,inferred_failure_aware,coverage_wait,coverage_wait,True,1.0,1.1,False,False,0.6,0.2,0.3,0.1,0.5,0.28,0.34,0.18,0.36121995289417713,0.015540064040339922,0.016299887377770328,0.7780444045751174,1.3075291737807269,True,1
structural_change_delta_0.060,structural_change,94,20,baseline,normal,coverage_wait,False,1.0,1.0,True,True,0.55,0.35,0.3,0.2,0.5,0.28,0.34,0.18,0.3584998262649949,0.015432775822134507,0.016400643926208325,0.7778852104353993,1.3276153187540154,True,1
structural_change_delta_0.060,structural_change,94,20,reference_aware,coverage_wait,coverage_wait,True,1.0,1.1,False,False,0.55,0.35,0.3,0.2,0.5,0.28,0.34,0.18,0.36121995289417713,0.015540064040339922,0.016299887377770328,0.7780444045751174,1.3075291737807269,True,1
structural_change_delta_0.060,structural_change,94,20,inferred_failure_aware,accuracy_guard,coverage_wait,False,0.9,1.75,False,False,0.55,0.35,0.3,0.2,0.5,0.28,0.34,0.18,0.3810516735285022,0.016746885570334203,0.013632745854310957,0.7307065030487457,1.228272690483651,True,2
structural_change_delta_0.060,structural_change,95,5,baseline,normal,coverage_wait,False,1.0,1.0,True,True,0.2,0.2,0.8,0.0,0.5,0.28,0.34,0.18,0.25478481992558566,0.01607560961120642,6.671257212764736e-05,0.7363297618251605,0.9644172955110295,True,0
structural_change_delta_0.060,structural_change,95,5,reference_aware,coverage_wait,coverage_wait,True,1.0,1.1,False,False,0.2,0.2,0.8,0.0,0.5,0.28,0.34,0.18,0.25494280986314766,0.016139672409418146,0.00010331422071618857,0.7354200867920693,0.9504509888289702,True,0
structural_change_delta_0.060,structural_change,95,5,inferred_failure_aware,coverage_wait,coverage_wait,True,1.0,1.1,False,False,0.2,0.2,0.8,0.0,0.5,0.28,0.34,0.18,0.25494280986314766,0.016139672409418146,0.00010331422071618857,0.7354200867920693,0.9504509888289702,True,0
structural_change_delta_0.060,structural_change,95,10,baseline,normal,coverage_wait,False,1.0,1.0,True,True,0.5,0.2,0.4,0.1,0.5,0.28,0.34,0.18,0.25478481992558566,0.01607560961120642,6.671257212764736e-05,0.7363297618251605,0.9644172955110295,True,0
structural_change_delta_0.060,structural_change,95,10,reference_aware,coverage_wait,coverage_wait,True,1.0,1.1,False,False,0.5,0.2,0.4,0.1,0.5,0.28,0.34,0.18,0.25494280986314766,0.016139672409418146,0.00010331422071618857,0.7354200867920693,0.9504509888289702,True,0
structural_change_delta_0.060,structural_change,95,10,inferred_failure_aware,coverage_wait,coverage_wait,True,1.0,1.1,False,False,0.5,0.2,0.4,0.1,0.5,0.28,0.34,0.18,0.25494280986314766,0.016139672409418146,0.00010331422071618857,0.7354200867920693,0.9504509888289702,True,0
structural_change_delta_0.060,structural_change,95,20,baseline,normal,coverage_wait,False,1.0,1.0,True,True,0.55,0.2,0.35,0.15,0.5,0.28,0.34,0.18,0.25478481992558566,0.01607560961120642,6.671257212764736e-05,0.7363297618251605,0.9644172955110295,True,0
structural_change_delta_0.060,structural_change,95,20,reference_aware,coverage_wait,coverage_wait,True,1.0,1.1,False,False,0.55,0.2,0.35,0.15,0.5,0.28,0.34,0.18,0.25494280986314766,0.016139672409418146,0.00010331422071618857,0.7354200867920693,0.9504509888289702,True,0
structural_change_delta_0.060,structural_change,95,20,inferred_failure_aware,coverage_wait,coverage_wait,True,1.0,1.1,False,False,0.55,0.2,0.35,0.15,0.5,0.28,0.34,0.18,0.25494280986314766,0.016139672409418146,0.00010331422071618857,0.7354200867920693,0.9504509888289702,True,0
structural_change_delta_0.060,structural_change,96,5,baseline,normal,coverage_wait,False,1.0,1.0,True,True,1.0,0.0,0.0,0.0,0.5,0.28,0.34,0.18,0.3935145527446379,0.018404169533502004,0.007375044390215302,0.7802165264993872,1.3296947552376939,True,2
structural_change_delta_0.060,structural_change,96,5,reference_aware,coverage_wait,coverage_wait,True,1.0,1.1,False,False,1.0,0.0,0.0,0.0,0.5,0.28,0.34,0.18,0.3938419722190006,0.01842721350342907,0.007461215873835969,0.7797455314382007,1.3071725999235444,True,2
structural_change_delta_0.060,structural_change,96,5,inferred_failure_aware,accuracy_guard,coverage_wait,False,0.9,1.75,False,False,1.0,0.0,0.0,0.0,0.5,0.28,0.34,0.18,0.39289951294257347,0.018636266870618878,0.008019391429875289,0.7268525938199517,1.2057835501412852,True,2
structural_change_delta_0.060,structural_change,96,10,baseline,normal,coverage_wait,False,1.0,1.0,True,True,0.7,0.3,0.2,0.2,0.5,0.28,0.34,0.18,0.3935145527446379,0.018404169533502004,0.007375044390215302,0.7802165264993872,1.3296947552376939,True,2
structural_change_delta_0.060,structural_change,96,10,reference_aware,coverage_wait,coverage_wait,True,1.0,1.1,False,False,0.7,0.3,0.2,0.2,0.5,0.28,0.34,0.18,0.3938419722190006,0.01842721350342907,0.007461215873835969,0.7797455314382007,1.3071725999235444,True,2
structural_change_delta_0.060,structural_change,96,10,inferred_failure_aware,accuracy_guard,coverage_wait,False,0.9,1.75,False,False,0.7,0.3,0.2,0.2,0.5,0.28,0.34,0.18,0.39289951294257347,0.018636266870618878,0.008019391429875289,0.7268525938199517,1.2057835501412852,True,2
structural_change_delta_0.060,structural_change,96,20,baseline,normal,coverage_wait,False,1.0,1.0,True,True,0.45,0.4,0.35,0.2,0.5,0.28,0.34,0.18,0.3935145527446379,0.018404169533502004,0.007375044390215302,0.7802165264993872,1.3296947552376939,True,2
structural_change_delta_0.060,structural_change,96,20,reference_aware,coverage_wait,coverage_wait,True,1.0,1.1,False,False,0.45,0.4,0.35,0.2,0.5,0.28,0.34,0.18,0.3938419722190006,0.01842721350342907,0.007461215873835969,0.7797455314382007,1.3071725999235444,True,2
structural_change_delta_0.060,structural_change,96,20,inferred_failure_aware,accuracy_guard,coverage_wait,False,0.9,1.75,False,False,0.45,0.4,0.35,0.2,0.5,0.28,0.34,0.18,0.39289951294257347,0.018636266870618878,0.008019391429875289,0.7268525938199517,1.2057835501412852,True,2
structural_change_delta_0.060,structural_change,97,5,baseline,normal,coverage_wait,False,1.0,1.0,True,True,0.6,0.2,0.4,0.2,0.5,0.28,0.34,0.18,0.32205241590968836,0.016132279425583998,0.00786576508743797,0.7896223146680137,1.1179155148484814,True,1
structural_change_delta_0.060,structural_change,97,5,reference_aware,coverage_wait,coverage_wait,True,1.0,1.1,False,False,0.6,0.2,0.4,0.2,0.5,0.28,0.34,0.18,0.32411033857100646,0.01618675561704112,0.00767795041967223,0.7886195396532096,1.0993502248026736,True,1
structural_change_delta_0.060,structural_change,97,5,inferred_failure_aware,coverage_wait,coverage_wait,True,1.0,1.1,False,False,0.6,0.2,0.4,0.2,0.5,0.28,0.34,0.18,0.32411033857100646,0.01618675561704112,0.00767795041967223,0.7886195396532096,1.0993502248026736,True,1
structural_change_delta_0.060,structural_change,97,10,baseline,normal,coverage_wait,False,1.0,1.0,True,True,0.6,0.2,0.3,0.1,0.5,0.28,0.34,0.18,0.32205241590968836,0.016132279425583998,0.00786576508743797,0.7896223146680137,1.1179155148484814,True,1
structural_change_delta_0.060,structural_change,97,10,reference_aware,coverage_wait,coverage_wait,True,1.0,1.1,False,False,0.6,0.2,0.3,0.1,0.5,0.28,0.34,0.18,0.32411033857100646,0.01618675561704112,0.00767795041967223,0.7886195396532096,1.0993502248026736,True,1
structural_change_delta_0.060,structural_change,97,10,inferred_failure_aware,coverage_wait,coverage_wait,True,1.0,1.1,False,False,0.6,0.2,0.3,0.1,0.5,0.28,0.34,0.18,0.32411033857100646,0.01618675561704112,0.00767795041967223,0.7886195396532096,1.0993502248026736,True,1
structural_change_delta_0.060,structural_change,97,20,baseline,normal,coverage_wait,False,1.0,1.0,True,True,0.55,0.3,0.35,0.2,0.5,0.28,0.34,0.18,0.32205241590968836,0.016132279425583998,0.00786576508743797,0.7896223146680137,1.1179155148484814,True,1
structural_change_delta_0.060,structural_change,97,20,reference_aware,coverage_wait,coverage_wait,True,1.0,1.1,False,False,0.55,0.3,0.35,0.2,0.5,0.28,0.34,0.18,0.32411033857100646,0.01618675561704112,0.00767795041967223,0.7886195396532096,1.0993502248026736,True,1
structural_change_delta_0.060,structural_change,97,20,inferred_failure_aware,coverage_wait,coverage_wait,True,1.0,1.1,False,False,0.55,0.3,0.35,0.2,0.5,0.28,0.34,0.18,0.32411033857100646,0.01618675561704112,0.00767795041967223,0.7886195396532096,1.0993502248026736,True,1
structural_change_delta_0.060,structural_change,98,5,baseline,normal,coverage_wait,False,1.0,1.0,True,True,0.6,0.2,0.2,0.2,0.5,0.28,0.34,0.18,0.3291443059170133,0.018892865690214086,0.0031829434496237763,0.7328281929597957,1.1708064549271744,True,2
structural_change_delta_0.060,structural_change,98,5,reference_aware,coverage_wait,coverage_wait,True,1.0,1.1,False,False,0.6,0.2,0.2,0.2,0.5,0.28,0.34,0.18,0.32920690767693145,0.0189792685868859,0.003144138816060349,0.7321594429640588,1.1548666606947142,True,2
structural_change_delta_0.060,structural_change,98,5,inferred_failure_aware,accuracy_guard,coverage_wait,False,0.9,1.75,False,False,0.6,0.2,0.2,0.2,0.5,0.28,0.34,0.18,0.33764497728417,0.020277060627645345,0.0031167694662049827,0.6909903545993092,1.0889770267687535,True,2
structural_change_delta_0.060,structural_change,98,10,baseline,normal,coverage_wait,False,1.0,1.0,True,True,0.5,0.2,0.4,0.1,0.5,0.28,0.34,0.18,0.3291443059170133,0.018892865690214086,0.0031829434496237763,0.7328281929597957,1.1708064549271744,True,2
structural_change_delta_0.060,structural_change,98,10,reference_aware,coverage_wait,coverage_wait,True,1.0,1.1,False,False,0.5,0.2,0.4,0.1,0.5,0.28,0.34,0.18,0.32920690767693145,0.0189792685868859,0.003144138816060349,0.7321594429640588,1.1548666606947142,True,2
structural_change_delta_0.060,structural_change,98,10,inferred_failure_aware,coverage_wait,coverage_wait,True,1.0,1.1,False,False,0.5,0.2,0.4,0.1,0.5,0.28,0.34,0.18,0.32920690767693145,0.0189792685868859,0.003144138816060349,0.7321594429640588,1.1548666606947142,True,2
structural_change_delta_0.060,structural_change,98,20,baseline,normal,coverage_wait,False,1.0,1.0,True,True,0.5,0.25,0.35,0.05,0.5,0.28,0.34,0.18,0.3291443059170133,0.018892865690214086,0.0031829434496237763,0.7328281929597957,1.1708064549271744,True,2
structural_change_delta_0.060,structural_change,98,20,reference_aware,coverage_wait,coverage_wait,True,1.0,1.1,False,False,0.5,0.25,0.35,0.05,0.5,0.28,0.34,0.18,0.32920690767693145,0.0189792685868859,0.003144138816060349,0.7321594429640588,1.1548666606947142,True,2
structural_change_delta_0.060,structural_change,98,20,inferred_failure_aware,coverage_wait,coverage_wait,True,1.0,1.1,False,False,0.5,0.25,0.35,0.05,0.5,0.28,0.34,0.18,0.32920690767693145,0.0189792685868859,0.003144138816060349,0.7321594429640588,1.1548666606947142,True,2
structural_change_delta_0.060,structural_change,99,5,baseline,normal,coverage_wait,False,1.0,1.0,True,True,0.2,0.4,0.4,0.2,0.5,0.28,0.34,0.18,0.36730711047156955,0.015259175952271472,0.0009144613204018492,0.7303364691254302,1.0937907797108566,True,0
structural_change_delta_0.060,structural_change,99,5,reference_aware,coverage_wait,coverage_wait,True,1.0,1.1,False,False,0.2,0.4,0.4,0.2,0.5,0.28,0.34,0.18,0.3681476179127633,0.015343946723464405,0.0007980007598469285,0.7309148596978924,1.075926001616904,True,1
structural_change_delta_0.060,structural_change,99,5,inferred_failure_aware,accuracy_guard,coverage_wait,False,0.9,1.75,False,False,0.2,0.4,0.4,0.2,0.5,0.28,0.34,0.18,0.375191860251144,0.01647774781405009,0.0003766028659023535,0.6896613757041348,1.0006824421007652,True,1
structural_change_delta_0.060,structural_change,99,10,baseline,normal,coverage_wait,False,1.0,1.0,True,True,0.4,0.2,0.4,0.1,0.5,0.28,0.34,0.18,0.36730711047156955,0.015259175952271472,0.0009144613204018492,0.7303364691254302,1.0937907797108566,True,0
structural_change_delta_0.060,structural_change,99,10,reference_aware,coverage_wait,coverage_wait,True,1.0,1.1,False,False,0.4,0.2,0.4,0.1,0.5,0.28,0.34,0.18,0.3681476179127633,0.015343946723464405,0.0007980007598469285,0.7309148596978924,1.075926001616904,True,1
structural_change_delta_0.060,structural_change,99,10,inferred_failure_aware,coverage_wait,coverage_wait,True,1.0,1.1,False,False,0.4,0.2,0.4,0.1,0.5,0.28,0.34,0.18,0.3681476179127633,0.015343946723464405,0.0007980007598469285,0.7309148596978924,1.075926001616904,True,1
structural_change_delta_0.060,structural_change,99,20,baseline,normal,coverage_wait,False,1.0,1.0,True,True,0.35,0.25,0.45,0.2,0.5,0.28,0.34,0.18,0.36730711047156955,0.015259175952271472,0.0009144613204018492,0.7303364691254302,1.0937907797108566,True,0
structural_change_delta_0.060,structural_change,99,20,reference_aware,coverage_wait,coverage_wait,True,1.0,1.1,False,False,0.35,0.25,0.45,0.2,0.5,0.28,0.34,0.18,0.3681476179127633,0.015343946723464405,0.0007980007598469285,0.7309148596978924,1.075926001616904,True,1
structural_change_delta_0.060,structural_change,99,20,inferred_failure_aware,coverage_wait,coverage_wait,True,1.0,1.1,False,False,0.35,0.25,0.45,0.2,0.5,0.28,0.34,0.18,0.3681476179127633,0.015343946723464405,0.0007980007598469285,0.7309148596978924,1.075926001616904,True,1
